tree
version=v4
num_class=1
num_tree_per_iteration=1
label_index=0
max_feature_idx=29
objective=regression
feature_names=casos_dengue_lag_1 roll_mean_3 roll_max_7 roll_min_3 temp_max_x_casos_lag1 casos_lag_1 casos_dengue_lag_2 roll_max_3 temp_min_x_casos_lag1 roll_mean_5 temp_x_casos_lag1 casos_lag_2 roll_max_5 es_pico_lag1 roll_min_5 casos_dengue_lag_3 casos_lag_3 roll_max_13 roll_min_7 roll_mean_7 roll_min_26 casos_lag_4 roll_min_13 tendencia_lag2 roll_mean_13 temp_x_tendencia temp_max_x_tendencia casos_dengue_lag_4 temp_min_x_tendencia tendencia
feature_infos=[4:106] [5:102.66666666666667] [10:106] [3:99] [114.85714285714288:3346.4200000000001] [4:106] [3:106] [8:106] [93.30857142857144:2511.8971428571431] [5.7999999999999998:96] [102.95999999999999:2852.7628571428568] [3:106] [8:106] [0:1] [3:82] [3:106] [3:106] [13:106] [3:71] [5.8571428571428568:91.857142857142861] [2:48] [3:106] [2:66] [6:85.07692307692308] [6:85.07692307692308] [161.91428571428574:2354.3215384615382] [187.5637362637363:2783.8719780219781] [3:106] [145.27714285714285:2076.8492307692309] [6:85.07692307692308]
tree_sizes=1303 1444 1152 1446 1340 1352 1444 1445 1443 1345 1449 1446 1547 1553 1549 1351 1455 1451 1451 1256 1346 1553 1456 1551 1255 1547 1548 1543 1547 1447 1546 1550 1557 1536 1530 1538 1546 1555 1555 1558 1454 1558 1554 1557 1544 1545 1543 1560 1557 1550 1563 1555 1564 1558 1553 1557 1551 1551 1540 1555 1559 1549 1563 1547 1569 1569 1578 1548 1573 1573 1553 1569 1572 1574 1572 1573 1557 1557 1549 1578 1567 1567 1575 1584 1281 1363 1582 1279 1342 1573 1360 1252 1483 1174 1376 1458 1574 1560 1549 1571 1582 1577 1179 1579 1588 1485 1583 1482 1582 1587 1483 1576 1577 1590 1577 1570 1584 1579 1580 1569 1581 1576 1556 1575 1467 1586 1572 1594 1589 1587 1456 1589 1487 1568 1573 1378 1260 1584 1160 1458 1588 1592 1596 1388 1581 1598 1585 1601 1287 1277 1289 1479 1565 1166 1377 1377 1184 1375 1554 1364 1182 1185 1370 1187 1281 1293 1297 1476 1486 1480 1575 1474 1577 1478 1587 1566 1578 1386 1582 1560 1589 1567 1394 1588 1552 1386 1581 1380 1385 1377 1183 1179 1579 1548 1376 1386 1160 1386 1377 1380 1366 1486 1374 1586 1491 1274 1555 1487 1288 1185 1576 1383 1285 1367 1592 1188 1196 1195 1194 1185 1293 1199 1193 1196 1397 1374 1577 1581 1393 1400 1291 1393 1546 1582 1550 1584 1588 1583 1564 1276 1496 1601 1189 1165 1176 1593

Tree=0
num_leaves=12
num_cat=0
split_feature=3 8 12 0 2 21 22 8 6 0 22
split_gain=156842 17820.2 16721.2 4474.43 2052.31 3013.73 795.213 464.192 210.801 163.316 52.7343
threshold=37.500000000000007 544.54000000000008 87.500000000000014 64.500000000000014 37.500000000000007 23.500000000000004 8.5000000000000018 1210.9100000000001 34.500000000000007 26.500000000000004 11.000000000000002
decision_type=2 2 2 2 2 2 2 2 2 2 2
left_child=1 6 3 7 9 -6 -1 -2 -7 -3 -8
right_child=2 4 -4 -5 5 8 10 -9 -10 -11 -12
leaf_value=41.918546582563692 43.672707256500203 42.609048395150744 44.635371320699029 44.215843210235242 43.365508862722088 42.632991697784476 42.325283900623496 43.424467841781428 42.838573555268916 42.369631282521866 42.117350073726399
leaf_weight=59.299999475479126 20.429268479347229 13.099999666213991 51.523720264434814 18.912247180938721 14.709512233734129 15.140244007110597 9.7199997901916522 23.668292760848999 14.883414745330809 8.5999999046325666 12.599999904632567
leaf_count=56 7 10 14 6 7 14 8 12 11 8 12
internal_value=43.1367 42.354 44.1483 43.7469 42.7986 42.9414 41.9936 43.5418 42.7321 42.5085 42.2009
internal_weight=262.587 148.053 114.534 63.0098 66.4332 44.7332 81.62 44.0976 30.0237 21.7 22.32
internal_count=165 126 39 25 50 32 76 19 25 18 20
is_linear=0
shrinkage=1


Tree=1
num_leaves=13
num_cat=0
split_feature=3 8 12 0 4 21 22 20 8 20 22 0
split_gain=145690 16546.4 15521 4155.37 1891.35 2525.02 733.911 484.281 430.414 149.307 47.2577 4.33739
threshold=37.500000000000007 544.54000000000008 87.500000000000014 64.500000000000014 906.33000000000004 23.500000000000004 8.5000000000000018 13.000000000000002 1210.9100000000001 17.000000000000004 11.000000000000002 15.500000000000002
decision_type=2 2 2 2 2 2 2 2 2 2 2 2
left_child=1 6 3 8 7 -6 11 -3 -2 -7 -8 -1
right_child=2 4 -4 -5 5 9 10 -9 -10 -11 -12 -13
leaf_value=-1.1376799391154118 0.57707818504260089 -0.59743738237548449 1.5046771538448533 1.1005906378896047 0.28102108948443616 -0.43227536972135827 -0.72181416455973357 -0.29613141117194941 0.33780608570916137 -0.21475661924462569 -0.92216830067705235 -0.94995830305164441
leaf_weight=50.699999570846558 20.429268479347229 17.839999675750736 51.523720264434814 18.912247180938721 14.709512233734129 11.573170781135561 9.7199997901916522 13.597073078155516 23.668292760848999 8.713414788246153 12.599999904632567 8.5999999046325666
leaf_count=48 7 15 14 6 7 11 8 10 12 7 12 8
internal_value=0.0603739 -0.693972 1.03543 0.648593 -0.265521 -0.079498 -1.04118 -0.470183 0.450974 -0.342743 -0.841708 -1.11343
internal_weight=262.587 148.053 114.534 63.0098 66.4332 34.9961 81.62 31.4371 44.0976 20.2866 22.32 59.3
internal_count=165 126 39 25 50 25 76 25 19 18 20 56
is_linear=0
shrinkage=0.0364312


Tree=2
num_leaves=10
num_cat=0
split_feature=3 8 14 3 0 23 1 23 8
split_gain=135337 15367.7 14454.1 4204.05 1775.72 1087.28 675.873 667.914 689.96
threshold=37.500000000000007 544.54000000000008 60.500000000000007 48.500000000000007 34.500000000000007 26.538461538461544 13.833333333333334 26.038461538461544 658.54000000000008
decision_type=2 2 2 2 2 2 2 2 2
left_child=1 6 3 -2 7 -6 -1 -3 -9
right_child=2 4 -4 -5 5 -7 -8 8 -10
leaf_value=-1.0972384666851596 0.41968220996646632 -0.58517084442130318 1.6103761565868973 0.95902951246659351 0.24764460408213371 -0.24144065823719796 -0.85965629972060942 -0.08563307827152665 -0.46065247935721776
leaf_weight=48.699999570846558 35.141463756561279 15.939999818801878 35.383304119110107 44.008760809898376 11.570487737655641 12.286585569381712 32.919999599456787 13.036097526550295 13.599999904632567
leaf_count=46 15 14 9 15 6 10 30 7 13
internal_value=0.0581254 -0.668919 0.997907 0.721216 -0.255986 -0.00272986 -1.00354 -0.39659 -0.279872
internal_weight=262.587 148.053 114.534 79.1502 66.4332 23.8571 81.62 42.5761 26.6361
internal_count=165 126 39 30 50 16 76 34 20
is_linear=0
shrinkage=0.0364312


Tree=3
num_leaves=13
num_cat=0
split_feature=3 8 12 0 1 26 22 8 6 15 22 6
split_gain=125704 14267.7 13472.7 3671.63 1657.71 645.577 641.922 430.712 270.603 66.9021 49.0857 7.30409
threshold=37.500000000000007 544.54000000000008 87.500000000000014 64.500000000000014 35.333333333333336 1005.6954395604396 8.5000000000000018 1210.9100000000001 28.500000000000004 23.500000000000004 11.000000000000002 12.500000000000002
decision_type=2 2 2 2 2 2 2 2 2 2 2 2
left_child=1 6 3 7 5 8 11 -2 9 -3 -8 -1
right_child=2 4 -4 -5 -6 -7 10 -9 -10 -11 -12 -13
leaf_value=-1.0699061170099669 0.54102212817182804 -0.45440276285557296 1.3989245881420904 1.0261298129322691 0.054064190088951927 -0.1787676583475481 -0.66505013018076298 0.30298896128080621 -0.26786956667693401 -0.63051346318247925 -0.85799631504049223 -0.92776781827833854
leaf_weight=43.399999618530273 20.429268479347229 13.539999723434454 51.523720264434814 18.912247180938721 17.624146461486816 18.179268360137939 9.7199997901916522 23.668292760848999 8.4897561073303205 8.5999999046325666 12.599999904632567 15.899999856948851
leaf_count=41 7 11 14 6 12 13 8 12 6 8 12 15
internal_value=0.0559916 -0.644694 0.961713 0.601249 -0.246788 -0.355966 -0.967123 0.415466 -0.458665 -0.528042 -0.780373 -1.03475
internal_weight=262.587 148.053 114.534 63.0098 66.4332 48.809 81.62 44.0976 30.6298 22.14 22.32 59.3
internal_count=165 126 39 25 50 38 76 19 25 19 20 56
is_linear=0
shrinkage=0.0364312


Tree=4
num_leaves=12
num_cat=0
split_feature=3 8 14 3 0 23 22 22 8 22 0
split_gain=116774 13250.4 12709.7 3594.24 1574.86 1016.09 832.966 592.858 417.739 44.064 7.53186
threshold=37.500000000000007 544.54000000000008 60.500000000000007 48.500000000000007 34.500000000000007 26.538461538461544 13.500000000000002 8.5000000000000018 666.55071428571443 11.000000000000002 15.500000000000002
decision_type=2 2 2 2 2 2 2 2 2 2 2
left_child=1 7 3 -2 6 -6 -3 10 -8 -9 -1
right_child=2 4 -4 -5 5 -7 8 9 -10 -11 -12
leaf_value=-1.0196282049108436 0.38844263381056754 -0.57660708353729206 1.5011932960907142 0.8873254957577732 0.24259429542825559 -0.23024381706691172 -0.098619049416135945 -0.64117938737323221 -0.39422170537782758 -0.8270957895443275 -0.84655606789353111
leaf_weight=50.699999570846558 35.141463756561279 16.239999771118164 35.383304119110107 44.008760809898376 11.570487737655641 12.286585569381712 14.036097526550295 9.7199997901916522 12.299999952316282 12.599999904632567 8.5999999046325666
leaf_count=48 15 14 9 15 6 10 8 8 12 12 8
internal_value=0.0538976 -0.621438 0.926861 0.667387 -0.237953 0 -0.37036 -0.932164 -0.239396 -0.752359 -0.997248
internal_weight=262.587 148.053 114.534 79.1502 66.4332 23.8571 42.5761 81.62 26.3361 22.32 59.3
internal_count=165 126 39 30 50 16 34 76 20 20 56
is_linear=0
shrinkage=0.0364312


Tree=5
num_leaves=12
num_cat=0
split_feature=3 8 14 3 4 21 22 4 20 22 6
split_gain=108473 12306.5 11802.5 3336.57 1489.43 2159.49 547.429 369.383 130.932 39.4577 10.5779
threshold=37.500000000000007 544.54000000000008 60.500000000000007 48.500000000000007 906.33000000000004 23.500000000000004 8.5000000000000018 798.04000000000019 17.000000000000004 11.000000000000002 12.500000000000002
decision_type=2 2 2 2 2 2 2 2 2 2 2
left_child=1 6 3 -2 7 -6 10 -3 -7 -8 -1
right_child=2 4 -4 -5 5 8 9 -9 -10 -11 -12
leaf_value=-0.99461573149681637 0.37434963117290598 -0.31441724654697639 1.446727228343363 0.85510584415127011 0.26905361069368416 -0.39148404789753449 -0.61816538424424694 -0.59086709292446415 -0.18813308020095981 -0.79730808609415194 -0.85927360353768723
leaf_weight=43.399999618530273 35.141463756561279 20.837072849273685 35.383304119110107 44.008760809898376 14.709512233734129 11.573170781135561 9.7199997901916522 10.599999904632567 8.713414788246153 12.599999904632567 15.899999856948851
leaf_count=41 15 15 9 15 7 11 8 10 7 12 15
internal_value=0.0518773 -0.599006 0.893245 0.643175 -0.229406 -0.0642424 -0.898467 -0.411025 -0.307803 -0.725353 -0.961105
internal_weight=262.587 148.053 114.534 79.1502 66.4332 34.9961 81.62 31.4371 20.2866 22.32 59.3
internal_count=165 126 39 30 50 25 76 25 18 20 56
is_linear=0
shrinkage=0.0364312


Tree=6
num_leaves=13
num_cat=0
split_feature=3 8 14 3 2 21 22 2 0 6 22 0
split_gain=100764 11429.5 10959.9 3097.32 1392.07 2207.28 505.424 197.259 139.599 93.0022 35.2351 9.65631
threshold=37.500000000000007 544.54000000000008 60.500000000000007 48.500000000000007 37.500000000000007 23.500000000000004 8.5000000000000018 44.500000000000007 26.500000000000004 34.500000000000007 11.000000000000002 15.500000000000002
decision_type=2 2 2 2 2 2 2 2 2 2 2 2
left_child=1 6 3 -2 8 -6 11 -7 -3 -9 -8 -1
right_child=2 4 -4 -5 5 7 10 9 -10 -11 -12 -13
leaf_value=-0.94755292709700334 0.36076793581860012 -0.36928724395238471 1.3942373864823894 0.8240560854391864 0.25934777964166283 -0.15223850391250757 -0.5959774507543445 -0.44871206758120513 -0.58607959773341034 -0.26247445686529525 -0.76859322389203188 -0.78319078509413531
leaf_weight=50.699999570846558 35.141463756561279 13.099999666213991 35.383304119110107 44.008760809898376 14.709512233734129 11.110488057136537 9.7199997901916522 9.0000000000000018 8.5999999046325666 9.9131706953048688 12.599999904632567 8.5999999046325666
leaf_count=48 15 10 9 15 7 8 8 9 8 8 12 8
internal_value=0.0499268 -0.577396 0.860849 0.619842 -0.221183 -0.103381 -0.865994 -0.282637 -0.460128 -0.35567 -0.699318 -0.926278
internal_weight=262.587 148.053 114.534 79.1502 66.4332 44.7332 81.62 30.0237 21.7 18.9132 22.32 59.3
internal_count=165 126 39 30 50 32 76 25 18 17 20 56
is_linear=0
shrinkage=0.0364312


Tree=7
num_leaves=13
num_cat=0
split_feature=3 8 12 0 0 19 22 8 22 8 22 6
split_gain=93605.2 10613 10225.7 2949.4 1304.12 821.702 736.451 485.158 466.535 342.959 31.3665 12.9534
threshold=37.500000000000007 544.54000000000008 87.500000000000014 64.500000000000014 34.500000000000007 32.785714285714292 13.500000000000002 1210.9100000000001 8.5000000000000018 666.55071428571443 11.000000000000002 12.500000000000002
decision_type=2 2 2 2 2 2 2 2 2 2 2 2
left_child=1 8 3 7 6 -6 -3 -2 11 -8 -10 -1
right_child=2 4 -4 -5 5 -7 9 -9 10 -11 -12 -13
leaf_value=-0.92464700981050219 0.4808088123722582 -0.52763540555809085 1.2105674911537394 0.89624700584861694 0.17049415823680106 -0.26626214928571762 -0.082995534873730861 0.23156611875078517 -0.5745858923607815 -0.35100137125518138 -0.74091253057277429 -0.79576303545236282
leaf_weight=43.399999618530273 20.429268479347229 16.239999771118164 51.523720264434814 18.912247180938721 14.710731744766237 9.1463415622711164 14.036097526550295 23.668292760848999 9.7199997901916522 12.299999952316282 12.599999904632567 15.899999856948851
leaf_count=41 7 14 14 6 8 8 8 12 8 12 12 15
internal_value=0.0480371 -0.556587 0.829628 0.515507 -0.213306 0.0010054 -0.3338 0.349021 -0.834692 -0.210717 -0.67422 -0.892708
internal_weight=262.587 148.053 114.534 63.0098 66.4332 23.8571 42.5761 44.0976 81.62 26.3361 22.32 59.3
internal_count=165 126 39 25 50 16 34 19 76 20 20 56
is_linear=0
shrinkage=0.0364312


Tree=8
num_leaves=13
num_cat=0
split_feature=3 10 8 4 6 23 4 6 12 22 12 7
split_gain=79848 10982.6 5140.67 2504.81 1634.48 498.787 492.009 450.594 792.4 299.508 129.85 13.6393
threshold=28.500000000000004 1652.0842857142859 544.54000000000008 2558.9735714285716 53.000000000000007 39.53846153846154 380.36857142857144 34.500000000000007 26.500000000000004 15.000000000000002 17.500000000000004 26.500000000000004
decision_type=2 2 2 2 2 2 2 2 2 2 2 2
left_child=2 4 6 -3 5 -2 -1 8 -4 -10 -8 -12
right_child=1 3 7 -5 -6 -7 10 -9 9 -11 11 -13
leaf_value=-0.87479140773845676 0.28345857876514607 0.78927691584579085 -0.14641791396370155 1.2801943936886702 0.52838719162639736 0.012253363255121353 -0.82998511092887006 -0.12848534763459707 -0.64063806216216246 -0.37049160792462443 -0.60662095406915528 -0.74639210326394556
leaf_weight=46.959999561309814 17.381219625473022 35.458523631095886 12.679024219512938 24.823609828948975 24.782692551612854 19.107317209243774 10.599999904632567 12.402926802635191 12.299999952316286 13.159999847412108 26.959999561309814 7.9999999999999991
leaf_count=44 8 12 8 7 9 13 10 8 12 12 24 8
internal_value=-0.0402945 0.645706 -0.623464 0.994605 0.300329 0.143002 -0.785115 -0.325463 -0.387882 -0.505259 -0.68943 -0.642558
internal_weight=264.615 121.553 143.062 60.2821 61.2712 36.4885 92.52 50.542 38.139 25.46 45.56 34.96
internal_count=175 49 126 19 30 21 86 40 32 24 42 32
is_linear=0
shrinkage=0.0364312


Tree=9
num_leaves=12
num_cat=0
split_feature=1 10 8 4 6 16 8 4 7 22 2
split_gain=74313.7 10514 4448.13 2325.38 1364.17 1165.53 515.358 425.583 384.217 135.776 76.6744
threshold=35.333333333333336 1652.0842857142859 544.54000000000008 2558.9735714285716 56.000000000000007 51.500000000000007 630.32214285714304 380.36857142857144 35.500000000000007 15.000000000000002 17.500000000000004
decision_type=2 2 2 2 2 2 2 2 2 2 2
left_child=2 4 7 -3 5 -2 -4 -1 9 -8 -9
right_child=1 3 6 -5 -6 -7 8 10 -10 -11 -12
leaf_value=-0.84302031126599331 0.30736688324453859 0.76064026470574375 -0.16332590731570973 1.2338275522880684 0.56262083341456126 -0.080085492184648818 -0.63057433720934253 -0.80516043228244039 -0.25600327195770195 -0.40161926095180001 -0.63131805173647315
leaf_weight=46.959999561309814 30.67146360874176 35.458523631095886 17.336097478866577 24.823609828948975 16.953424334526062 15.219512224197386 9.5999999046325701 8.5999999046325666 13.432682752609251 9.5999999046325666 35.959999561309814
leaf_count=44 14 12 11 7 6 11 9 8 11 9 33
internal_value=-0.0388651 0.615071 -0.608226 0.958573 0.283568 0.17827 -0.329143 -0.759458 -0.415058 -0.521776 -0.66816
internal_weight=264.615 123.127 141.489 60.2821 62.8444 45.891 49.9688 91.52 32.6327 19.2 44.56
internal_count=175 50 125 19 31 25 40 85 29 18 41
is_linear=0
shrinkage=0.0364312


Tree=10
num_leaves=13
num_cat=0
split_feature=1 0 7 8 15 15 8 4 7 22 12 19
split_gain=69036.8 9747.58 4561.36 4127.37 1829.44 880.928 478.847 393.11 356.701 125.262 104.504 26.7811
threshold=35.333333333333336 91.000000000000014 63.500000000000007 544.54000000000008 69.000000000000014 42.500000000000007 630.32214285714304 380.36857142857144 35.500000000000007 15.000000000000002 17.500000000000004 16.571428571428573
decision_type=2 2 2 2 2 2 2 2 2 2 2 2
left_child=3 2 5 7 -4 -2 -5 -1 9 -8 -9 -12
right_child=1 -3 4 6 -6 -7 8 10 -10 -11 11 -13
leaf_value=-0.81240303018962456 0.31164926958769035 1.3438531357658474 0.82535573676111784 -0.15742533199231618 0.4190260041470143 -0.021333440600135742 -0.60794518557037991 -0.77240121129817607 -0.24677683564478811 -0.3872065076069609 -0.51597654758996581 -0.64320911590697172
leaf_weight=46.959999561309814 22.222683072090149 19.268813133239746 34.89348316192627 17.336097478866577 27.170822501182556 19.57073175907135 9.5999999046325701 10.599999904632567 13.432682752609251 9.5999999046325666 12.499999761581419 21.459999799728394
leaf_count=44 10 5 11 11 11 13 9 10 11 9 11 20
internal_value=-0.0374825 0.592803 0.45144 -0.586261 0.649426 0.155363 -0.317381 -0.73195 -0.400222 -0.503116 -0.644017 -0.599798
internal_weight=264.615 123.127 103.858 141.489 62.0643 41.7934 49.9688 91.52 32.6327 19.2 44.56 33.96
internal_count=175 50 45 125 22 23 40 85 29 18 41 31
is_linear=0
shrinkage=0.0364312


Tree=11
num_leaves=13
num_cat=0
split_feature=3 0 8 7 15 26 4 0 6 7 12 7
split_gain=64214.6 8883.97 4094.49 4021.62 1697.75 650.096 381.062 369.191 469.243 121.536 101.348 26.8187
threshold=28.500000000000004 91.000000000000014 544.54000000000008 63.500000000000007 69.000000000000014 1156.3715934065938 380.36857142857144 24.500000000000004 32.500000000000007 29.500000000000004 17.500000000000004 26.500000000000004
decision_type=2 2 2 2 2 2 2 2 2 2 2 2
left_child=2 3 6 5 -5 -2 -1 -4 9 -9 -8 -12
right_child=1 -3 7 4 -6 -7 10 8 -10 -11 11 -13
leaf_value=-0.78289775491107272 0.32616049082316179 1.2952623125608527 -0.13421295141915865 0.79541206291652133 0.40384180321243779 0.028488773990807886 -0.74464323523085219 -0.56743836069445852 -0.18100488293432324 -0.36679984996941717 -0.54059439480923255 -0.68106392880355149
leaf_weight=46.959999561309814 17.066585421562195 19.268813133239746 14.776097536087034 34.89348316192627 27.170822501182556 23.153658628463745 10.599999904632567 9.8999998569488543 13.565853476524351 12.299999952316282 26.959999561309814 7.9999999999999991
leaf_count=44 7 5 9 11 11 15 10 9 10 12 24 8
internal_value=-0.0361614 0.579014 -0.559148 0.442095 0.625893 0.15638 -0.703449 -0.29305 -0.356894 -0.460942 -0.618566 -0.57642
internal_weight=264.615 121.553 143.062 102.285 62.0643 40.2202 92.52 50.542 35.7659 22.2 45.56 34.96
internal_count=175 49 126 44 22 22 86 40 31 21 42 32
is_linear=0
shrinkage=0.0364312


Tree=12
num_leaves=14
num_cat=0
split_feature=1 10 8 4 2 23 8 4 7 20 12 19 23
split_gain=59680.3 8482.57 3538.69 1834.56 1140.56 1328.57 416.549 333.431 308.708 118.791 87.9772 24.724 0.579181
threshold=35.333333333333336 1652.0842857142859 544.54000000000008 2558.9735714285716 75.500000000000014 39.53846153846154 630.32214285714304 380.36857142857144 35.500000000000007 11.000000000000002 17.500000000000004 16.571428571428573 9.9230769230769251
decision_type=2 2 2 2 2 2 2 2 2 2 2 2 2
left_child=2 4 7 -3 5 -2 -4 12 9 -8 -9 -12 -1
right_child=1 3 6 -5 -6 -7 8 10 -10 -11 11 -13 -14
leaf_value=-0.66466249189982851 0.29270867615526314 0.68349474792396114 -0.14663951872923706 1.104534060879323 0.51371188350210029 -0.12245753264986985 -0.58590834043379325 -0.71788280712418451 -0.2302277231341141 -0.37066335913493853 -0.47792786800010317 -0.59871453869702307 -0.78448597699838729
leaf_weight=12.899999856948851 31.514390468597412 35.458523631095886 17.336097478866577 24.823609828948975 16.454400062561035 14.875609636306761 8.299999952316286 10.599999904632567 13.432682752609251 10.899999856948851 12.499999761581419 21.459999799728394 34.059999704360962
leaf_count=12 14 12 11 7 6 11 8 10 11 10 11 20 32
internal_value=-0.0348766 0.551134 -0.545122 0.859694 0.2533 0.158868 -0.296049 -0.680049 -0.37336 -0.469217 -0.598646 -0.557504 -0.754464
internal_weight=264.615 123.127 141.489 60.2821 62.8444 46.39 49.9688 91.52 32.6327 19.2 44.56 33.96 46.96
internal_count=175 50 125 19 31 25 40 85 29 18 41 31 44
is_linear=0
shrinkage=0.0364312


Tree=13
num_leaves=14
num_cat=0
split_feature=3 0 10 7 15 23 20 3 14 6 10 20 12
split_gain=55489.2 7780.24 3494.03 3484.91 1549.67 598.919 631.652 349.097 480.393 456.402 275.949 72.5377 71.5702
threshold=28.500000000000004 91.000000000000014 586.70357142857165 63.500000000000007 69.000000000000014 38.807692307692314 36.000000000000007 18.500000000000004 15.000000000000002 32.500000000000007 337.65500000000009 13.000000000000002 17.500000000000004
decision_type=2 2 2 2 2 2 2 2 2 2 2 2 2
left_child=2 3 10 5 -5 -2 -7 -4 -9 11 -1 -10 -12
right_child=1 -3 7 4 -6 6 -8 8 9 -11 12 -13 -14
leaf_value=-0.72716816474776058 0.33407837696784659 1.2084909253651899 -0.48349174713150966 0.74301081867668628 0.36909864788482594 -0.14508939990928513 0.21112579872815998 -0.008578842417559256 -0.52421872561563243 -0.16323576581125901 -0.69208404760994913 -0.33499262219205955 -0.54079898116610547
leaf_weight=46.959999561309814 14.126585483551024 19.268813133239746 9.8999998569488508 34.89348316192627 27.170822501182556 12.56195116043091 13.531707406044005 9.7790243625640851 8.5999999046325701 16.962926745414734 10.599999904632567 8.2999999523162824 31.959999561309814
leaf_count=44 6 5 9 11 11 9 7 6 8 12 10 8 29
internal_value=-0.0336721 0.538174 -0.519839 0.410019 0.581123 0.143982 0.0384622 -0.284749 -0.237415 -0.302159 -0.659369 -0.436978 -0.581523
internal_weight=264.615 121.553 143.062 102.285 62.0643 40.2202 26.0937 53.542 43.642 33.8629 89.52 16.9 42.56
internal_count=175 49 126 44 22 22 16 43 34 28 83 16 39
is_linear=0
shrinkage=0.0364312


Tree=14
num_leaves=14
num_cat=0
split_feature=0 3 21 8 23 8 8 22 25 12 19 19 23
split_gain=51638.1 8000.64 2672.71 2618.62 1341.06 494.457 295.225 268.51 132.373 76.7388 22.5093 39.7926 4.09485
threshold=34.500000000000007 48.500000000000007 82.500000000000014 544.54000000000008 38.807692307692314 630.32214285714304 311.4057142857144 15.000000000000002 1519.0584065934065 17.500000000000004 16.571428571428573 23.357142857142858 9.9230769230769251
decision_type=2 2 2 2 2 2 2 2 2 2 2 2 2
left_child=3 4 -3 6 -2 -5 12 -7 -6 -8 -11 -12 -1
right_child=1 2 -4 5 8 7 9 -9 -10 10 11 -13 -14
leaf_value=-0.61452271496486655 0.34067966645669157 0.59844407753493456 1.0893567657838277 -0.13241009873243251 -0.099914019547941782 -0.52385728655241981 -0.6672124579174018 -0.28286713784704448 0.065633310976352444 -0.4414071141164026 -0.61227653809818761 -0.4544244516987222 -0.72966074745344356
leaf_weight=12.899999856948851 33.82073187828064 43.417060256004333 23.441424369812012 17.336097478866577 11.452195167541506 11.59999990463257 10.599999904632567 16.93999981880188 14.087804794311522 12.499999761581419 13.59999990463257 8.8599998950958234 34.059999704360962
leaf_count=12 15 15 6 11 8 11 10 15 8 11 13 8 32
internal_value=-0.0324748 0.499989 0.773076 -0.518355 0.190686 -0.290518 -0.630319 -0.384189 -0.00739383 -0.554946 -0.51729 -0.554872 -0.700767
internal_weight=264.615 126.219 66.8585 138.396 59.3607 45.8761 92.52 28.54 25.54 45.56 34.96 22.46 46.96
internal_count=175 52 21 123 31 37 86 26 16 42 32 21 44
is_linear=0
shrinkage=0.0364312


Tree=15
num_leaves=12
num_cat=0
split_feature=1 0 7 10 15 15 6 12 6 22 10
split_gain=48056.6 6996.53 3138.8 2778.32 1504.96 758.298 302.975 475.125 246.956 229.111 9.07057
threshold=35.333333333333336 91.000000000000014 63.500000000000007 586.70357142857165 69.000000000000014 42.500000000000007 34.500000000000007 26.500000000000004 15.500000000000002 15.000000000000002 386.66714285714289
decision_type=2 2 2 2 2 2 2 2 2 2 2
left_child=3 2 5 8 -4 -2 7 -5 -1 -9 -10
right_child=1 -3 4 6 -6 -7 -8 9 10 -11 -12
leaf_value=-0.66245452757211309 0.27395499850692162 1.1308661325134091 0.69824686493011723 -0.14470614631739542 0.33040704589183534 -0.034940874714398593 -0.086353800074039547 -0.52997575582917555 -0.5828736015351027 -0.3021550658896231 -0.47546053099449054
leaf_weight=57.59999942779541 22.222683072090149 19.268813133239746 34.89348316192627 14.679024219512938 27.170822501182556 19.57073175907135 9.829756021499632 12.299999952316286 11.859999895095827 15.159999847412108 20.059999704360962
leaf_count=54 10 5 11 10 11 13 6 12 11 14 18
internal_value=-0.031365 0.494476 0.374654 -0.489246 0.538921 0.128861 -0.274997 -0.317732 -0.612587 -0.407716 -0.518919
internal_weight=264.615 123.127 103.858 141.489 62.0643 41.7934 51.9688 42.139 89.52 27.46 31.92
internal_count=175 50 45 125 22 23 42 36 83 26 29
is_linear=0
shrinkage=0.0364312


Tree=16
num_leaves=13
num_cat=0
split_feature=1 14 17 3 15 15 21 20 4 3 1 3
split_gain=57894.2 6445.42 3248.71 1741.63 1025.94 939.471 495.029 450.817 233.381 193.699 67.8463 7.15168
threshold=42.000000000000007 60.500000000000007 37.500000000000007 48.500000000000007 64.500000000000014 46.500000000000007 23.500000000000004 13.000000000000002 668.82857142857154 26.500000000000004 11.333333333333334 10.500000000000002
decision_type=2 2 2 2 2 2 2 2 2 2 2 2
left_child=2 3 8 5 -5 -2 -4 -8 10 -9 -1 -12
right_child=1 -3 6 4 -6 -7 7 9 -10 -11 11 -13
leaf_value=-0.65836090717102369 0.48120476074607305 1.0326963175007575 -0.057053648454162387 0.77159128571940017 0.42319991170471022 0.12582130898228722 -0.46182641270196195 -0.093144089767654786 -0.42504520999981987 -0.30668047094582179 -0.50904831464672806 -0.60174130929361036
leaf_weight=35.399999618530273 17.006341576576233 35.383304119110107 16.857316970825195 23.85006844997406 23.822692394256592 24.468292832374573 14.159999847412108 12.670487999916078 14.199999809265135 11.33999991416931 20.359999656677246 23.299999952316284
leaf_count=33 6 9 11 7 9 13 13 9 13 10 18 23
internal_value=0.0374473 0.616302 -0.448564 0.449228 0.600041 0.273551 -0.224693 -0.297324 -0.579731 -0.196673 -0.606243 -0.561144
internal_weight=272.819 124.531 148.288 89.1474 47.6728 41.4746 55.0278 38.1705 93.26 24.0105 79.06 43.66
internal_count=174 44 130 35 16 19 43 32 87 19 74 41
is_linear=0
shrinkage=0.0364312


Tree=17
num_leaves=13
num_cat=0
split_feature=7 14 17 3 15 19 10 19 17 4 4 12
split_gain=53298.9 5473.44 3870.7 1318.29 951.892 740.109 606.297 392.127 500.7 215.574 44.2187 42.7853
threshold=54.500000000000007 60.500000000000007 37.500000000000007 48.500000000000007 64.500000000000014 50.500000000000007 1075.4285714285718 26.714285714285719 57.000000000000007 668.82857142857154 380.36857142857144 17.500000000000004
decision_type=2 2 2 2 2 2 2 2 2 2 2 2
left_child=2 3 9 5 -5 -2 7 -4 -9 10 -1 -12
right_child=1 -3 6 4 -6 -7 -8 8 -10 -11 11 -13
leaf_value=-0.61862316490313851 0.43465156935487931 0.99522823011285722 -0.098821430561162743 0.74365197227766944 0.40787595551270694 0.099107371041351491 0.064242040102796036 -0.46239146333447828 -0.16593297908306429 -0.4097175682401975 -0.61835688308149273 -0.48165456753518632
leaf_weight=46.959999561309814 19.311219692230225 35.383304119110107 18.428780317306519 23.85006844997406 23.822692394256592 16.597561001777649 10.564634323120115 15.559999942779543 16.040243864059448 14.199999809265135 10.599999904632567 21.499999761581421
leaf_count=44 7 9 12 7 9 9 6 15 13 13 10 20
internal_value=0.0360591 0.614851 -0.411415 0.451956 0.57834 0.281547 -0.183244 -0.236232 -0.314454 -0.558776 -0.584307 -0.530462
internal_weight=272.819 118.965 153.854 83.5815 47.6728 35.9088 60.5937 50.029 31.6002 93.26 79.06 32.1
internal_count=174 41 133 32 16 16 46 40 28 87 74 30
is_linear=0
shrinkage=0.0364312


Tree=18
num_leaves=13
num_cat=0
split_feature=1 14 17 3 15 15 21 20 4 3 1 3
split_gain=50007.8 5548.35 2792.42 1494.6 883.148 840.095 440.654 401.676 199.089 176.819 58.794 11.5281
threshold=42.000000000000007 60.500000000000007 37.500000000000007 48.500000000000007 64.500000000000014 46.500000000000007 23.500000000000004 13.000000000000002 668.82857142857154 26.500000000000004 11.333333333333334 10.500000000000002
decision_type=2 2 2 2 2 2 2 2 2 2 2 2
left_child=2 3 8 5 -5 -2 -4 -8 10 -9 -1 -12
right_child=1 -3 6 4 -6 -7 7 9 -10 -11 11 -13
leaf_value=-0.61203096070268026 0.45116271582494649 0.95911952815529555 -0.051062451445141037 0.71672434679143826 0.39310687247117448 0.11504000874046386 -0.4331732338290008 -0.083804854405573517 -0.39494265572609927 -0.28780034224805628 -0.46976807530735509 -0.56081535383493653
leaf_weight=35.399999618530273 17.006341576576233 35.383304119110107 16.857316970825195 23.85006844997406 23.822692394256592 24.468292832374573 14.159999847412108 12.670487999916078 14.199999809265135 11.33999991416931 20.359999656677246 23.299999952316284
leaf_count=33 6 9 11 7 9 13 13 9 13 10 18 23
internal_value=0.034734 0.572729 -0.416954 0.417664 0.557424 0.254795 -0.209317 -0.277842 -0.53858 -0.182741 -0.563167 -0.520853
internal_weight=272.819 124.531 148.288 89.1474 47.6728 41.4746 55.0278 38.1705 93.26 24.0105 79.06 43.66
internal_count=174 44 130 35 16 19 43 32 87 19 74 41
is_linear=0
shrinkage=0.0364312


Tree=19
num_leaves=11
num_cat=0
split_feature=1 6 3 23 19 21 23 7 25 4
split_gain=46461.3 5166.22 2484.48 1772.43 848.987 370.453 351.521 279.585 39.6857 17.2423
threshold=42.000000000000007 73.500000000000014 19.500000000000004 57.65384615384616 60.071428571428577 23.500000000000004 40.923076923076927 17.500000000000004 676.54450549450564 668.82857142857154
decision_type=2 2 2 2 2 2 2 2 2 2
left_child=2 3 7 -2 -5 -4 -7 -1 9 -9
right_child=1 -3 5 4 -6 6 -8 8 -10 -11
leaf_value=-0.56567001033825637 0.53552325685424063 0.83258466842047307 -0.039494516149748388 0.34159384027534018 -0.0045063716376899125 -0.3772050845585187 -0.13365541969005684 -0.48643082195685311 -0.34718725134314077 -0.37140768855064288
leaf_weight=54.859999418258667 36.081971049308777 51.321378707885742 15.857316970825194 19.229788780212402 17.897560834884644 16.397073268890381 16.613414645195007 24.199999809265137 11.759999752044676 8.5999999046325666
leaf_count=51 13 14 10 8 9 15 13 23 10 8
internal_value=0.0334451 0.552016 -0.401927 0.353595 0.174457 -0.187323 -0.256804 -0.506634 -0.431569 -0.459101
internal_weight=272.819 124.531 148.288 73.2093 37.1273 48.8678 33.0105 99.42 44.56 32.8
internal_count=174 44 130 30 17 38 28 92 41 31
is_linear=0
shrinkage=0.0364312


Tree=20
num_leaves=12
num_cat=0
split_feature=1 14 17 3 15 15 21 20 6 3 18
split_gain=43158.1 4946.57 2432.79 1345 832.916 749.229 392.99 355.8 170.628 168.649 60.094
threshold=42.000000000000007 60.500000000000007 37.500000000000007 48.500000000000007 64.500000000000014 46.500000000000007 23.500000000000004 13.000000000000002 21.500000000000004 26.500000000000004 9.5000000000000018
decision_type=2 2 2 2 2 2 2 2 2 2 2
left_child=2 3 8 5 -5 -2 -4 -8 10 -9 -1
right_child=1 -3 6 4 -6 -7 7 9 -10 -11 -12
leaf_value=-0.54866276434691674 0.41648032054018863 0.8968214097725522 -0.044047804553779255 0.672607758856404 0.35887267569709275 0.09911628438972607 -0.40449818497377898 -0.072236110835534564 -0.36726362351239494 -0.27109594406956006 -0.44756588772105754
leaf_weight=58.59999942779541 17.006341576576233 35.383304119110107 16.857316970825195 23.85006844997406 23.822692394256592 24.468292832374573 14.159999847412108 12.670487999916078 14.199999809265135 11.33999991416931 20.459999799728394
leaf_count=55 6 9 11 7 9 13 13 9 13 10 19
internal_value=0.0321869 0.531988 -0.387418 0.385568 0.518127 0.231085 -0.193556 -0.258259 -0.500954 -0.168661 -0.523809
internal_weight=272.819 124.531 148.288 89.1474 47.6728 41.4746 55.0278 38.1705 93.26 24.0105 79.06
internal_count=174 44 130 35 16 19 43 32 87 19 74
is_linear=0
shrinkage=0.0364312


Tree=21
num_leaves=14
num_cat=0
split_feature=1 6 17 23 19 21 20 4 3 12 19 19 23
split_gain=40095.5 4596.1 2257.4 1612.11 767.198 365.082 329.928 158.978 156.435 89.1558 48.8567 24.1335 9.20129
threshold=42.000000000000007 73.500000000000014 37.500000000000007 57.65384615384616 60.071428571428577 23.500000000000004 13.000000000000002 380.36857142857144 26.500000000000004 17.500000000000004 16.571428571428573 19.285714285714288 10.269230769230772
decision_type=2 2 2 2 2 2 2 2 2 2 2 2 2
left_child=2 3 7 -2 -5 -4 -7 12 -8 -9 -11 -12 -1
right_child=1 -3 5 4 -6 6 8 9 -10 10 11 -13 -14
leaf_value=-0.46242182263358139 0.49906105862407235 0.77738684121883772 -0.042456837902625673 0.31372342475286608 -0.015231392043769309 -0.38991191348086018 -0.069634379365923316 -0.5363756985073711 -0.26134487014613722 -0.31786879816631741 -0.51217949596758239 -0.38076869509599987 -0.56055569810189854
leaf_weight=12.899999856948851 36.081971049308777 51.321378707885742 16.857316970825195 19.229788780212402 17.897560834884644 14.159999847412108 12.670487999916078 10.599999904632567 11.33999991416931 13.799999713897703 8.0000000000000018 13.899999856948851 34.059999704360962
leaf_count=12 13 14 11 8 9 13 9 10 10 12 8 13 32
internal_value=0.031006 0.512752 -0.373432 0.325588 0.154778 -0.186649 -0.24902 -0.482809 -0.162644 -0.426754 -0.39119 -0.433413 -0.535848
internal_weight=272.819 124.531 148.288 73.2093 37.1273 55.0278 38.1705 93.26 24.0105 46.3 35.7 21.9 46.96
internal_count=174 44 130 30 17 43 32 87 19 43 33 21 44
is_linear=0
shrinkage=0.0364312


Tree=22
num_leaves=13
num_cat=0
split_feature=1 14 17 3 15 15 21 17 26 6 1 3
split_gain=37251.8 4410.14 2096.45 1210.71 784.742 667.851 339.152 317.176 173.961 150.324 45.8465 32.8655
threshold=42.000000000000007 60.500000000000007 37.500000000000007 48.500000000000007 64.500000000000014 46.500000000000007 23.500000000000004 57.000000000000007 889.94241758241765 21.500000000000004 11.333333333333334 10.500000000000002
decision_type=2 2 2 2 2 2 2 2 2 2 2 2
left_child=2 3 9 5 -5 -2 -4 8 -8 10 -1 -12
right_child=1 -3 6 4 -6 -7 7 -9 -10 -11 11 -13
leaf_value=-0.53035833708469604 0.38432537072904338 0.83863198820748175 -0.040923334878052602 0.63138560444718672 0.32733763800535365 0.084744789407505253 -0.2256415183987065 -0.11577501824470073 -0.44846252416993138 -0.33970282067367197 -0.39730381718665297 -0.49459747341510435
leaf_weight=35.399999618530273 17.006341576576233 35.383304119110107 16.857316970825195 23.85006844997406 23.822692394256592 24.468292832374573 11.557073116302492 16.613414645195007 9.9999999999999982 14.199999809265135 21.359999656677246 22.299999952316284
leaf_count=33 6 9 11 7 9 13 9 13 10 13 19 22
internal_value=0.0297966 0.494149 -0.360031 0.355887 0.481634 0.209334 -0.179991 -0.240114 -0.33292 -0.465444 -0.486925 -0.449269
internal_weight=272.819 124.531 148.288 89.1474 47.6728 41.4746 55.0278 38.1705 21.5571 93.26 79.06 43.66
internal_count=174 44 130 35 16 19 43 32 19 87 74 41
is_linear=0
shrinkage=0.0364312


Tree=23
num_leaves=14
num_cat=0
split_feature=7 14 3 4 8 0 0 7 17 23 17 15 18
split_gain=34298.1 3757.15 2501.66 960.399 907.626 392.473 356.524 193.275 182.02 191.245 28.7706 30.4946 1.52746
threshold=54.500000000000007 60.500000000000007 19.500000000000004 1865.5028571428577 1266.2457142857143 40.500000000000007 24.500000000000004 17.500000000000004 57.000000000000007 26.538461538461544 37.500000000000007 18.500000000000004 9.5000000000000018
decision_type=2 2 2 2 2 2 2 2 2 2 2 2 2
left_child=2 3 7 4 -2 6 -4 12 9 -8 11 -9 -1
right_child=1 -3 5 -5 -6 -7 8 10 -10 -11 -12 -13 -14
leaf_value=-0.50255787988084422 0.37685321136992483 0.80820488766489906 0.024545464839802838 0.4917390164249959 0.04138280089950102 0.06591522731729306 -0.19948922866479082 -0.35390683819486402 -0.13436093020028159 -0.44721228627810017 -0.30533753003697989 -0.46248939734272215 -0.40581991268047124
leaf_weight=45.999999523162842 26.407082915306091 35.383304119110107 8.8360977172851545 38.754946351051331 18.419512271881104 10.564634323120115 10.992682695388796 18.799999713897709 16.040243864059448 7.9999999999999991 12.759999752044676 12.999999999999998 8.8599998950958234
leaf_count=43 9 9 5 13 10 6 9 17 13 8 11 13 8
internal_value=0.0286863 0.493008 -0.330245 0.357985 0.240358 -0.130327 -0.178436 -0.439003 -0.230508 -0.308256 -0.375673 -0.401288 -0.488681
internal_weight=272.819 118.965 153.854 83.5815 44.8266 54.4337 43.869 99.42 35.0329 18.9927 44.56 31.8 54.86
internal_count=174 41 133 32 19 41 35 92 30 17 41 30 51
is_linear=0
shrinkage=0.0364312


Tree=24
num_leaves=11
num_cat=0
split_feature=3 12 10 3 15 21 6 7 17 7
split_gain=31973.1 5723.49 2040.3 1837.86 820.936 412.266 209.178 54.9451 34.6218 26.3127
threshold=28.500000000000004 87.500000000000014 1652.0842857142859 19.500000000000004 51.500000000000007 29.500000000000004 12.500000000000002 17.500000000000004 24.500000000000004 24.500000000000004
decision_type=2 2 2 2 2 2 2 2 2 2
left_child=3 2 4 6 -2 -5 8 -8 -1 -9
right_child=1 -3 -4 5 -6 -7 7 9 -10 -11
leaf_value=-0.45027133158162053 0.24633497974957075 0.74334707250952536 0.51148147262046084 -0.019501879709847566 -0.024483956088277293 -0.26547582510989992 -0.44330359431405569 -0.30246521115454233 -0.55446350115443155 -0.39152077866571883
leaf_weight=36.999999523162842 35.107073545455933 49.584695816040039 27.668930172920227 21.529024362564087 25.260975480079651 15.913170695304869 14.859999895095823 24.259999513626099 14.299999952316282 15.299999952316282
leaf_count=34 15 13 9 14 15 14 14 21 14 15
internal_value=0.0339764 0.430365 0.252755 -0.346879 0.132652 -0.125589 -0.424644 -0.369291 -0.481477 -0.339092
internal_weight=280.784 137.622 88.037 143.162 60.368 37.4422 105.72 54.42 51.3 39.56
internal_count=178 52 39 126 30 28 98 50 48 36
is_linear=0
shrinkage=0.0364312


Tree=25
num_leaves=14
num_cat=0
split_feature=3 14 3 3 25 15 9 21 6 7 17 4 7
split_gain=29702.5 5591.29 1706.72 1475.91 1400.23 744.767 485.973 382.814 193.291 50.3727 31.4653 33.0319 23.8809
threshold=28.500000000000004 60.500000000000007 19.500000000000004 48.500000000000007 947.76692307692326 64.500000000000014 50.70000000000001 29.500000000000004 12.500000000000002 17.500000000000004 24.500000000000004 233.50285714285718 24.500000000000004
decision_type=2 2 2 2 2 2 2 2 2 2 2 2 2
left_child=2 3 8 4 -2 -5 -6 -4 10 -10 11 -1 -11
right_child=1 -3 7 5 6 -7 -8 -9 9 12 -12 -13 -14
leaf_value=-0.51315110664280195 0.45855710421959844 0.82434198393150071 -0.018796176769474832 0.57696722109751208 -0.12499027528559335 0.28171121702508395 0.13524477731189466 -0.25589196605261311 -0.42731031450440943 -0.29151182101120132 -0.53446746839513382 -0.39817561836792409 -0.3773917505894101
leaf_weight=10.599999904632567 14.70707321166992 33.444279670715332 21.529024362564087 23.85006844997406 14.281463503837584 23.822692394256592 27.516097784042358 15.913170695304869 14.859999895095823 24.259999513626099 14.299999952316282 26.399999618530273 15.299999952316282
leaf_count=10 5 8 14 7 10 9 13 14 14 21 14 24 15
internal_value=0.0326937 0.414752 -0.334385 0.281961 0.154433 0.431457 0.045375 -0.121087 -0.409329 -0.355994 -0.464065 -0.433932 -0.326863
internal_weight=280.784 137.622 143.162 104.177 56.5046 47.6728 41.7976 37.4422 105.72 54.42 51.3 37 39.56
internal_count=178 52 126 44 28 16 23 28 98 50 48 34 36
is_linear=0
shrinkage=0.0364312


Tree=26
num_leaves=14
num_cat=0
split_feature=8 14 7 3 15 4 19 17 6 7 7 17 4
split_gain=27613.8 5400.47 1555.34 1307.88 862.146 629.771 482.903 243.348 166.741 41.1623 31.9643 28.3857 30.0763
threshold=879.04285714285709 60.500000000000007 63.500000000000007 19.500000000000004 69.000000000000014 1529.1207142857145 26.714285714285719 69.000000000000014 12.500000000000002 17.500000000000004 24.500000000000004 24.500000000000004 233.50285714285718
decision_type=2 2 2 2 2 2 2 2 2 2 2 2 2
left_child=3 2 5 8 -4 -2 -5 -8 11 -10 -11 12 -1
right_child=1 -3 4 6 -6 -7 7 -9 9 10 -12 -13 -14
leaf_value=-0.49470986310616394 0.20621890552646741 0.79444050313967007 0.49243197066242489 0.019351171352999196 0.20969242514739023 -0.07070402939656821 -0.38003974067640311 -0.11688643315558081 -0.4118940350067064 -0.28095509363255877 -0.37426189275834609 -0.51519255783652007 -0.38374921807300755
leaf_weight=10.599999904632567 28.471463799476624 33.444279670715332 37.680800199508667 14.828780412673948 24.466594815254211 17.27195131778717 10.000000000000002 9.8999998569488508 14.859999895095823 24.259999513626099 14.299999952316282 14.299999952316282 26.399999618530273
leaf_count=10 14 8 12 9 10 10 10 8 14 21 14 14 24
internal_value=0.0314676 0.390247 0.263731 -0.331945 0.382429 0.101009 -0.135922 -0.252656 -0.396343 -0.345622 -0.317733 -0.447357 -0.418287
internal_weight=280.784 141.335 107.891 139.449 62.1474 45.7434 34.7288 19.9 104.72 53.42 38.56 51.3 37
internal_count=178 54 46 124 22 24 27 18 97 49 35 48 34
is_linear=0
shrinkage=0.0364312


Tree=27
num_leaves=14
num_cat=0
split_feature=3 14 3 3 25 4 9 21 6 7 17 4 7
split_gain=25726 4805.81 1455.07 1316.29 1292.87 707.28 439.675 337.563 164.368 41.6191 25.5532 27.3464 21.725
threshold=28.500000000000004 60.500000000000007 19.500000000000004 48.500000000000007 947.76692307692326 2132.7871428571434 50.70000000000001 29.500000000000004 12.500000000000002 17.500000000000004 24.500000000000004 233.50285714285718 28.500000000000004
decision_type=2 2 2 2 2 2 2 2 2 2 2 2 2
left_child=2 3 8 4 -2 -5 -6 -4 10 -10 11 -1 -11
right_child=1 -3 7 5 6 -7 -8 -9 9 12 -12 -13 -14
leaf_value=-0.47693134839199763 0.43443210289733308 0.76562360745647928 -0.018102749694741977 0.52756637762971992 -0.12457449564231997 0.23758820301900396 0.12299259541124544 -0.24087459843864284 -0.39703393036206597 -0.28192612223788893 -0.49661276781727143 -0.36984550536515887 -0.38071428082318287
leaf_weight=10.599999904632567 14.70707321166992 33.444279670715332 21.529024362564087 27.037964224815369 14.281463503837584 20.634796619415283 27.516097784042358 15.913170695304869 14.859999895095823 31.559999465942383 14.299999952316282 26.399999618530273 7.9999999999999991
leaf_count=10 5 8 14 8 10 8 13 14 14 28 14 24 8
internal_value=0.030274 0.385847 -0.311341 0.262696 0.142231 0.403883 0.0374376 -0.114272 -0.380555 -0.331105 -0.431252 -0.403208 -0.304101
internal_weight=280.784 137.622 143.162 104.177 56.5046 47.6728 41.7976 37.4422 105.72 54.42 51.3 37 39.56
internal_count=178 52 126 44 28 16 23 28 98 50 48 34 36
is_linear=0
shrinkage=0.0364312


Tree=28
num_leaves=14
num_cat=0
split_feature=3 14 3 3 25 15 9 27 6 24 26 10 23
split_gain=23904.5 4461.97 1351.57 1222.33 1201.3 657.466 408.528 313.427 152.037 23.9176 39.7706 56.8996 11.896
threshold=28.500000000000004 60.500000000000007 19.500000000000004 48.500000000000007 947.76692307692326 64.500000000000014 50.70000000000001 29.500000000000004 12.500000000000002 25.500000000000004 595.32961538461552 410.72000000000008 13.384615384615387
decision_type=2 2 2 2 2 2 2 2 2 2 2 2 2
left_child=2 3 8 4 -2 -5 -6 -4 12 10 11 -10 -1
right_child=1 -3 7 5 6 -7 -8 -9 9 -11 -12 -13 -14
leaf_value=-0.39207082404753585 0.41876045554082458 0.73785199966418846 -0.017447675809549576 0.5259055211054674 -0.12008192966680419 0.24868615092229435 0.11853543176188203 -0.23217886623951514 -0.37216678811709397 -0.25056114060636758 -0.42362863108176796 -0.257091559395488 -0.47576143171976221
leaf_weight=37.999999523162842 14.70707321166992 33.444279670715332 21.529024362564087 23.85006844997406 14.281463503837584 23.822692394256592 27.516097784042358 15.913170695304869 14.859999895095823 11.759999752044676 8.9999999999999982 18.799999713897705 13.299999952316282
leaf_count=35 5 8 14 7 10 9 13 14 14 10 9 17 13
internal_value=0.0291354 0.371894 -0.300159 0.25321 0.13709 0.389281 0.0360434 -0.110179 -0.366871 -0.319192 -0.336384 -0.310305 -0.415728
internal_weight=280.784 137.622 143.162 104.177 56.5046 47.6728 41.7976 37.4422 105.72 54.42 42.66 33.66 51.3
internal_count=178 52 126 44 28 16 23 28 98 50 40 31 48
is_linear=0
shrinkage=0.0364312


Tree=29
num_leaves=13
num_cat=0
split_feature=1 12 10 3 15 21 4 6 7 15 17 4
split_gain=22225 4221.52 1562.31 1151.23 708.724 354.549 161.617 140.163 34.6584 42.0674 21.2973 26.8914
threshold=35.333333333333336 87.500000000000014 1652.0842857142859 19.500000000000004 51.500000000000007 29.500000000000004 1441.5278571428576 12.500000000000002 17.500000000000004 21.500000000000004 24.500000000000004 233.50285714285718
decision_type=2 2 2 2 2 2 2 2 2 2 2 2
left_child=3 2 4 7 6 -5 -2 10 -9 -10 11 -1
right_child=1 -3 -4 5 -6 -7 -8 8 9 -11 -12 -13
leaf_value=-0.44570178883061795 0.28320255709886294 0.62453024671071178 0.43178103490916259 -0.017060328866568202 -0.045627827088624007 -0.25222096183219106 0.12386623887408395 -0.36890827930706377 -0.25344793847208857 -0.36066358833617024 -0.46175633946600392 -0.34224032255748693
leaf_weight=10.599999904632567 17.989756226539612 49.584695816040039 27.668930172920227 21.529024362564087 25.260975480079651 14.33999991416931 18.69048810005188 14.859999895095823 29.559999465942383 9.9999999999999982 14.299999952316282 26.399999618530273
leaf_count=10 8 13 9 14 15 13 8 14 26 10 14 24
internal_value=0.0280422 0.354866 0.204493 -0.293045 0.10163 -0.112678 0.203766 -0.353674 -0.30776 -0.282647 -0.400697 -0.374446
internal_weight=280.784 139.195 89.6101 141.589 61.9412 35.869 36.6802 105.72 54.42 39.56 51.3 37
internal_count=178 53 40 125 31 27 16 98 50 36 48 34
is_linear=0
shrinkage=0.0364312


Tree=30
num_leaves=14
num_cat=0
split_feature=8 14 7 3 15 4 8 6 18 7 7 17 4
split_gain=20691.4 4068.22 1241.52 947.079 756.8 628.873 335.214 120.82 85.3857 28.0446 26.3784 19.048 24.4404
threshold=879.04285714285709 60.500000000000007 63.500000000000007 19.500000000000004 69.000000000000014 1529.1207142857145 658.54000000000008 12.500000000000002 23.500000000000004 17.500000000000004 24.500000000000004 24.500000000000004 233.50285714285718
decision_type=2 2 2 2 2 2 2 2 2 2 2 2 2
left_child=3 2 5 7 -4 -2 -5 11 -8 -9 -11 12 -1
right_child=1 -3 4 6 -6 -7 8 9 -10 10 -12 -13 -14
leaf_value=-0.42968448324506475 0.18750115334713288 0.68843404040020872 0.43669267211213803 0.0069471731492248513 0.17212036322734947 -0.089356070116398512 -0.13201575214135947 -0.35559900047496262 -0.2965818886346297 -0.24129501676730922 -0.32587097315900576 -0.4451036631406094 -0.32984052363841188
leaf_weight=10.599999904632567 28.471463799476624 33.444279670715332 37.680800199508667 15.036097526550291 24.466594815254211 17.27195131778717 9.6926827430725115 14.859999895095823 9.9999999999999982 24.259999513626099 14.299999952316282 14.299999952316282 26.399999618530273
leaf_count=10 14 8 12 9 10 10 8 14 10 21 14 14 24
internal_value=0.0269731 0.337559 0.227691 -0.287589 0.333737 0.0822568 -0.1205 -0.342426 -0.218896 -0.298732 -0.274665 -0.386277 -0.360951
internal_weight=280.784 141.335 107.891 139.449 62.1474 45.7434 34.7288 104.72 19.6927 53.42 38.56 51.3 37
internal_count=178 54 46 124 22 24 27 97 18 49 35 48 34
is_linear=0
shrinkage=0.0364312


Tree=31
num_leaves=14
num_cat=0
split_feature=3 14 3 7 4 4 9 11 11 17 24 10 17
split_gain=19297.6 3617.01 1053.59 1037.96 756.124 665.692 293.745 205.698 118.932 31.79 27.5397 42.0099 16.9835
threshold=28.500000000000004 60.500000000000007 19.500000000000004 63.500000000000007 2132.7871428571434 1529.1207142857145 23.700000000000006 32.500000000000007 12.500000000000002 37.500000000000007 19.653846153846157 410.72000000000008 24.500000000000004
decision_type=2 2 2 2 2 2 2 2 2 2 2 2 2
left_child=2 3 8 5 -5 -2 -4 -8 12 10 11 -10 -1
right_child=1 -3 6 4 -6 -7 7 -9 9 -11 -12 -13 -14
leaf_value=-0.34794396613256801 0.20666428141880192 0.66346236906882161 0.10560007744170491 0.41676001824324016 0.147450601048003 -0.086127950104721657 -0.25116274134966282 -0.05761569800145435 -0.33665572757281248 -0.21873128756075069 -0.37632233083220595 -0.23182640701096976 -0.42905154558248881
leaf_weight=36.999999523162842 24.758049011230469 33.444279670715332 7.0390243530273429 39.939427614212036 22.207967400550842 17.27195131778717 14.440243959426882 15.962926745414732 13.859999895095827 12.759999752044676 9.9999999999999982 17.799999713897705 14.299999952316282
leaf_count=34 12 8 4 13 9 10 13 11 13 11 10 16 14
internal_value=0.0259462 0.333922 -0.269907 0.227018 0.321651 0.085639 -0.10197 -0.151437 -0.328835 -0.286267 -0.305289 -0.280141 -0.372378
internal_weight=280.784 137.622 143.162 104.177 62.1474 42.03 37.4422 30.4032 105.72 54.42 41.66 31.66 51.3
internal_count=178 52 126 44 22 22 28 24 98 50 39 29 48
is_linear=0
shrinkage=0.0364312


Tree=32
num_leaves=14
num_cat=0
split_feature=15 10 23 3 15 14 23 14 11 18 19 18 28
split_gain=13520.1 2922.39 1156.22 933.706 930.389 450.702 273.23 159.629 140.622 56.4466 75.5128 92.7683 28.3704
threshold=37.500000000000007 1652.0842857142859 68.807692307692321 18.500000000000004 51.500000000000007 15.000000000000002 40.923076923076927 19.500000000000004 19.500000000000004 9.5000000000000018 11.500000000000002 4.5000000000000009 272.38961538461541
decision_type=2 2 2 2 2 2 2 2 2 2 2 2 2
left_child=3 4 -3 8 -2 -5 7 -7 9 10 11 -1 -13
right_child=1 2 -4 5 -6 6 -8 -9 -10 -11 -12 12 -14
leaf_value=-0.39999865234312015 0.20078960010723126 0.58726914127921503 0.25368157039557088 0.095896570052181745 -0.10379316633030106 -0.15968961512043467 -0.063068291012998406 -0.38013252993887403 -0.19602709287177855 -0.28546767887618929 -0.42454606219184637 -0.21659888555657561 -0.32804513534979601
leaf_weight=14.899999856948851 33.335366129875183 34.267030954360962 24.421983480453491 9.7790243625640851 21.812195062637329 9.9926826953887957 15.613414645195006 9.5731707811355573 12.459999799728392 28.359999656677246 22.299999952316284 12.799999713897707 8.8999998569488508
leaf_count=14 15 9 8 6 14 8 12 9 11 26 22 11 8
internal_value=-0.0254038 0.271272 0.450016 -0.259113 0.0797364 -0.119508 -0.180516 -0.27132 -0.32144 -0.338595 -0.36282 -0.322733 -0.265778
internal_weight=258.515 113.837 58.689 144.678 55.1476 44.9583 35.1793 19.5659 99.72 87.26 58.9 36.6 21.7
internal_count=173 46 17 127 29 35 29 17 92 81 55 33 19
is_linear=0
shrinkage=0.0364312


Tree=33
num_leaves=14
num_cat=0
split_feature=15 0 20 6 15 18 21 24 25 0 12 20 20
split_gain=12562.9 2346.67 935.809 728.822 710.8 315.042 296.682 263.802 224.926 69.4745 41.0155 70.7336 37.0746
threshold=37.500000000000007 64.500000000000014 8.5000000000000018 73.500000000000014 53.000000000000007 37.500000000000007 16.500000000000004 38.807692307692314 748.33802197802208 12.500000000000002 11.500000000000002 3.5000000000000004 4.5000000000000009
decision_type=2 2 2 2 2 2 2 2 2 2 2 2 2
left_child=2 4 9 -3 5 -2 -4 8 -8 10 -1 -12 -11
right_child=1 3 6 -5 -6 -7 7 -9 -10 12 11 -13 -14
leaf_value=-0.28316534357781031 0.10157666313229942 0.29151413686514238 0 0.56374232875899222 -0.075799673662133332 0.31609833462068287 -0.15076855378116547 -0.060791879703055531 -0.36047747701220439 -0.3360068870319084 -0.28769078881861276 -0.4302294944336183 -0.24512378523841327
leaf_weight=11.499999761581419 23.136341452598572 26.912734985351562 15.239024162292479 28.112279415130615 19.812195062637329 15.863024711608885 15.852682590484621 15.613414645195006 13.573170781135557 16.899999856948853 9.8999998569488508 23.299999952316284 22.799999713897705
leaf_count=10 13 9 10 7 12 5 13 12 13 16 9 23 21
internal_value=-0.0245319 0.261444 -0.249821 0.432346 0.100283 0.190571 -0.138685 -0.185566 -0.249973 -0.328408 -0.364452 -0.390208 -0.28577
internal_weight=258.515 113.837 144.678 55.025 58.8116 38.9994 60.2783 45.0393 29.4259 84.4 44.7 33.2 39.7
internal_count=173 46 127 16 30 18 48 38 26 79 42 32 37
is_linear=0
shrinkage=0.0364312


Tree=34
num_leaves=14
num_cat=0
split_feature=15 10 20 15 6 21 24 25 20 20 28 18 3
split_gain=11674.5 2530.41 869.073 814.003 653.275 275.874 244.904 208.568 66.6239 63.4192 47.0593 83.3404 35.74
threshold=37.500000000000007 1652.0842857142859 8.5000000000000018 51.500000000000007 73.500000000000014 16.500000000000004 38.807692307692314 748.33802197802208 5.5000000000000009 4.5000000000000009 291.32054945054949 4.5000000000000009 10.500000000000002
decision_type=2 2 2 2 2 2 2 2 2 2 2 2 2
left_child=2 3 8 -2 -3 -4 7 -7 9 10 11 -1 -11
right_child=1 4 5 -5 -6 6 -8 -9 -10 12 -12 -13 -14
leaf_value=-0.37367089392344061 0.18697442623444718 0.28095109019193015 0 -0.09788236981762552 0.53178351621254194 -0.1453258941163009 -0.058597630696787008 -0.34748431849903622 -0.426026750432002 -0.17486648950532027 -0.40241407188211503 -0.24558766582599359 -0.2842767269385274
leaf_weight=14.899999856948851 33.335366129875183 26.912734985351562 15.239024162292479 21.812195062637329 31.776279449462891 15.852682590484621 15.613414645195006 13.573170781135557 8.9999999999999982 9.4999997615814227 13.299999952316282 21.099999666213989 16.599999904632568
leaf_count=14 15 9 10 14 8 13 12 13 9 8 13 19 16
internal_value=-0.0236767 0.251997 -0.240858 0.0737183 0.418331 -0.133722 -0.178929 -0.241 -0.316603 -0.302286 -0.330057 -0.300852 -0.246966
internal_weight=258.515 113.837 144.678 55.1476 58.689 60.2783 45.0393 29.4259 84.4 75.4 49.3 36 26.1
internal_count=173 46 127 29 17 48 38 26 79 70 46 33 24
is_linear=0
shrinkage=0.0364312


Tree=35
num_leaves=14
num_cat=0
split_feature=15 10 23 20 15 21 23 25 20 20 23 23 23
split_gain=10849.1 2350.48 1078.6 807.449 756.201 256.532 227.352 193.384 61.3675 58.3509 47.8234 49.1901 35.8797
threshold=37.500000000000007 1652.0842857142859 68.807692307692321 8.5000000000000018 51.500000000000007 16.500000000000004 40.923076923076927 748.33802197802208 5.5000000000000009 4.5000000000000009 10.269230769230772 8.2692307692307718 11.500000000000002
decision_type=2 2 2 2 2 2 2 2 2 2 2 2 2
left_child=3 4 -3 8 -2 -5 7 -7 9 10 11 -1 -12
right_child=1 2 -4 5 -6 6 -8 -9 -10 -11 12 -13 -14
leaf_value=-0.32031301580474092 0.1801923706200414 0.53558338043793852 0.21392785872808745 0 -0.094340065961654285 -0.14007971302997341 -0.056482586233659808 -0.33495948396858916 -0.41075332352305116 -0.23811007666319825 -0.43095709235423313 -0.18266128311252355 -0.3131061738990506
leaf_weight=10.59999990463257 33.335366129875183 34.267030954360962 24.421983480453491 15.239024162292479 21.812195062637329 15.852682590484621 15.613414645195006 13.573170781135557 8.9999999999999982 26.099999666213989 9.299999952316286 8.8999998569488508 20.499999761581421
leaf_count=10 15 9 8 10 14 13 12 13 9 24 9 8 19
internal_value=-0.0228747 0.242869 0.403185 -0.232242 0.0710184 -0.128937 -0.172531 -0.232352 -0.305263 -0.291444 -0.318194 -0.261073 -0.352961
internal_weight=258.515 113.837 58.689 144.678 55.1476 60.2783 45.0393 29.4259 84.4 75.4 49.3 19.5 29.8
internal_count=173 46 17 127 29 48 38 26 79 70 46 18 28
is_linear=0
shrinkage=0.0364312


Tree=36
num_leaves=14
num_cat=0
split_feature=0 6 3 3 8 24 23 17 23 22 26 19 12
split_gain=10130.2 1938.53 813.48 1574.82 679.545 596.05 295.83 240.886 147.618 108.275 188.607 94.8958 103.724
threshold=34.500000000000007 73.500000000000014 51.500000000000007 46.500000000000007 1210.9100000000001 26.34615384615385 30.07692307692308 59.500000000000007 44.846153846153854 8.5000000000000018 595.32961538461552 16.571428571428573 17.500000000000004
decision_type=2 2 2 2 2 2 2 2 2 2 2 2 2
left_child=5 2 3 4 7 9 -7 -2 -8 11 -11 12 -1
right_child=1 -3 -4 -5 -6 6 8 -9 -10 10 -12 -13 -14
leaf_value=-0.31531690046682104 0.23569627715980332 0.44475763534750745 -0.09290633882183176 0.42955949702416657 -0.16064827679991789 0.051044863198560941 -0.2756306709116218 0.029830392794308071 -0.071785845864350328 -0.10911610467493467 -0.28891145020873932 -0.42121179259219665 -0.19548178550609369
leaf_weight=44.999999523162842 17.99365866184235 35.910425662994385 17.731544613838196 22.637288093566895 13.219512343406675 11.33902430534363 10.299999952316286 13.72341465950012 9.8999998569488508 13.799999713897703 21.159999847412109 9.9999999999999982 15.799999713897703
leaf_count=42 8 10 8 7 9 8 10 8 8 11 20 10 14
internal_value=-0.0221026 0.220322 0.12484 0.182567 0.0563858 -0.236389 -0.0951265 0.148254 -0.178661 -0.277999 -0.219675 -0.305799 -0.285286
internal_weight=258.515 121.216 85.3054 67.5739 44.9366 137.299 31.539 31.7171 20.2 105.76 34.96 70.8 60.8
internal_count=173 50 40 32 25 123 26 16 18 97 31 66 56
is_linear=0
shrinkage=0.0364312


Tree=37
num_leaves=14
num_cat=0
split_feature=15 10 23 24 15 6 22 23 19 12 4 21 5
split_gain=9424.23 2083.71 1001.4 710.325 695.11 231.839 134.781 216.026 87.8026 95.7185 82.1868 55.643 50.1984
threshold=37.500000000000007 1652.0842857142859 68.807692307692321 26.34615384615385 51.500000000000007 26.500000000000004 8.5000000000000018 19.038461538461544 16.571428571428573 17.500000000000004 608.56500000000017 10.500000000000002 28.500000000000004
decision_type=2 2 2 2 2 2 2 2 2 2 2 2 2
left_child=3 4 -3 6 -2 -5 8 -8 9 11 -9 -1 -7
right_child=1 2 -4 5 -6 12 7 10 -10 -11 -12 -13 -14
leaf_value=-0.26104154728689871 0.16920991062363056 0.50481755588430666 0.19500425148808906 0.034856267023075607 -0.093997179012322254 -0.082748769568420352 -0.085057293164499018 -0.20326858638299292 -0.40608689749991067 -0.18842521212955438 -0.35951718695196688 -0.36029906773036924 -0.20221876918602835
leaf_weight=26.399999618530273 33.335366129875183 34.267030954360962 24.421983480453491 14.479268312454222 21.812195062637329 10.199999809265138 14.03268265724182 13.419999837875368 9.9999999999999982 15.799999713897703 9.5999999046325666 18.599999904632568 12.146341562271116
leaf_count=24 15 9 8 10 14 8 11 12 10 14 9 18 11
internal_value=-0.0213272 0.226342 0.377288 -0.216471 0.0645045 -0.0766 -0.26374 -0.202605 -0.294764 -0.274958 -0.271777 -0.303867 -0.150118
internal_weight=258.515 113.837 58.689 144.678 55.1476 36.8256 107.853 37.0527 70.8 60.8 23.02 45 22.3463
internal_count=173 46 17 127 29 29 98 32 66 56 21 42 19
is_linear=0
shrinkage=0.0364312


Tree=38
num_leaves=14
num_cat=0
split_feature=0 11 23 15 1 24 24 0 18 21 28 17 21
split_gain=8798.62 1729.51 801.06 1099.12 663.228 506.201 272.654 149.678 94.7572 196.857 82.6471 101.774 128.71
threshold=34.500000000000007 73.500000000000014 38.807692307692314 56.000000000000007 49.666666666666679 26.34615384615385 28.153846153846157 28.500000000000004 9.5000000000000018 15.500000000000002 279.48109890109896 17.500000000000004 10.500000000000002
decision_type=2 2 2 2 2 2 2 2 2 2 2 2 2
left_child=5 2 -2 4 -4 8 -7 -8 10 -10 11 12 -1
right_child=1 -3 3 -5 -6 6 7 -9 9 -11 -12 -13 -14
leaf_value=-0.21069817886200171 0.25472189930108607 0.41731675422673015 -0.026543131723581442 -0.19846416892109853 0.29595563619778553 0.047433269000304631 -0.084073477535511434 -0.29426780974331102 -0.069689575632984335 -0.25626530349633442 -0.34719254742228184 -0.1340713213006767 -0.38499587758245962
leaf_weight=15.799999713897707 33.183678388595581 35.910425662994385 15.181707382202147 18.524227499961853 18.415805101394653 11.639024257659914 11.899999856948854 7.9999999999999991 10.499999761581419 34.059999704360962 24.899999856948853 9.1999998092651349 11.299999952316282
leaf_count=14 14 10 10 10 6 8 10 8 8 32 24 8 11
internal_value=-0.0206021 0.205319 0.11511 0.0250991 0.149715 -0.220317 -0.0899724 -0.171829 -0.258683 -0.213447 -0.290469 -0.249375 -0.286319
internal_weight=258.515 121.216 85.3054 52.1217 33.5975 137.299 31.539 19.9 105.76 44.56 61.2 36.3 27.1
internal_count=173 50 40 26 16 123 26 18 97 40 57 33 25
is_linear=0
shrinkage=0.0364312


Tree=39
num_leaves=14
num_cat=0
split_feature=15 10 15 29 25 6 22 18 19 12 4 21 0
split_gain=8203.91 1869.8 630.844 607.487 553.15 205.917 112.654 192.044 83.1304 82.2816 52.2873 47.4973 45.6708
threshold=37.500000000000007 1652.0842857142859 51.500000000000007 26.34615384615385 1694.0519780219781 26.500000000000004 8.5000000000000018 10.500000000000002 16.571428571428573 17.500000000000004 724.6185714285715 10.500000000000002 28.500000000000004
decision_type=2 2 2 2 2 2 2 2 2 2 2 2 2
left_child=3 2 -2 6 -3 -5 8 -8 9 11 -9 -1 -7
right_child=1 4 -4 5 -6 12 7 10 -10 -11 -12 -13 -14
leaf_value=-0.24196418781696516 0.15763008545452126 0.47605416525251343 -0.093112223103857916 0.032421438834194981 0.24591961343672009 -0.077358834333158821 -0.066759480929701312 -0.2013845841612539 -0.38201052598639806 -0.17438506053593816 -0.33191945793803196 -0.3344853215179488 -0.19154672964327224
leaf_weight=26.399999618530273 33.335366129875183 27.219583988189697 21.812195062637329 14.479268312454222 31.469430446624756 10.199999809265138 12.292682647705076 16.459999799728397 9.9999999999999982 15.799999713897703 8.2999999523162824 18.599999904632568 12.146341562271116
leaf_count=24 15 7 14 10 10 8 9 15 10 14 8 18 11
internal_value=-0.0198963 0.211172 0.0578441 -0.201976 0.354159 -0.0725067 -0.245704 -0.189448 -0.274206 -0.255036 -0.248221 -0.281931 -0.141806
internal_weight=258.515 113.837 55.1476 144.678 58.689 36.8256 107.853 37.0527 70.8 60.8 24.76 45 22.3463
internal_count=173 46 29 127 17 29 98 32 66 56 23 42 19
is_linear=0
shrinkage=0.0364312


Tree=40
num_leaves=13
num_cat=0
split_feature=0 4 23 23 22 23 4 6 27 9 19 27
split_gain=9268.53 2540.2 951.576 632.059 442.249 426.457 422.487 80.2845 74.9433 58.7112 53.8249 27.647
threshold=34.500000000000007 2558.9735714285716 38.807692307692314 62.692307692307701 13.500000000000002 27.230769230769234 1328.3378571428575 21.500000000000004 14.500000000000002 10.900000000000002 11.785714285714286 31.000000000000004
decision_type=2 2 2 2 2 2 2 2 2 2 2 2
left_child=4 2 -2 6 7 -6 -4 8 9 -1 -11 -7
right_child=1 -3 3 -5 5 11 -8 -9 -10 10 -12 -13
leaf_value=-0.28139417176928261 0.30375523576678415 0.54053034073257744 0.052150464192341664 0.16157014386404109 0.05939963985984828 -0.15357733319810118 -0.23165416000770581 -0.16955195750565424 -0.32202410561770267 -0.10624481920806082 -0.23236308711019177 -0.27096007362626684
leaf_weight=25.499999761581421 31.543190360069275 27.330276250839233 15.694878220558168 34.520709037780762 13.436097621917726 8.5599999427795428 12.109755992889403 15.759999752044676 28.899999856948853 8.4999997615814227 16.159999847412109 7.9999999999999991
leaf_count=24 13 7 9 12 9 8 8 14 28 7 15 8
internal_value=0.00493597 0.231858 0.14092 0.0574366 -0.215146 -0.0908175 -0.0707773 -0.253912 -0.269948 -0.238409 -0.191169 -0.214229
internal_weight=246.015 121.199 93.8685 62.3253 124.816 29.9961 27.8046 94.82 79.06 50.16 24.66 16.56
internal_count=162 49 42 29 113 25 17 88 74 46 22 16
is_linear=0
shrinkage=0.0364312


Tree=41
num_leaves=14
num_cat=0
split_feature=7 24 23 21 6 3 6 4 8 8 21 19 19
split_gain=8639.78 2051.68 1928.7 795.446 722.773 264.853 143.36 107.045 55.1519 65.0134 64.2035 25.1288 43.8941
threshold=63.500000000000007 26.34615384615385 73.884615384615401 23.500000000000004 42.500000000000007 26.500000000000004 21.500000000000004 812.71500000000015 478.09428571428572 397.22285714285721 14.500000000000002 9.3571428571428594 11.500000000000002
decision_type=2 2 2 2 2 2 2 2 2 2 2 2 2
left_child=1 6 -2 -3 5 -5 8 -8 9 10 11 -1 -13
right_child=2 3 -4 4 -6 -7 7 -9 -10 -11 -12 12 -14
leaf_value=-0.29088990590688296 0.46158066812281018 0.27314244725985237 0.052960092371272104 -0.059025974366634579 0.096459935523421816 -0.28234228388198163 -0.079055128092997529 -0.23433346860456708 -0.3529117321302131 -0.14847851168077045 -0.33621685122440775 -0.16051292095961847 -0.26130378735928322
leaf_weight=12.599999904632567 50.552279591560364 13.091219425201414 22.325066566467285 15.573414683341982 26.354634404182434 13.682926774024962 13.15707302093506 12.518292665481566 10.299999952316282 9.8999998569488508 14.999999999999998 16.099999666213993 14.859999895095823
leaf_count=12 15 7 8 13 12 13 10 10 10 9 15 14 14
internal_value=0.00472159 -0.135206 0.337235 0.0189528 -0.0408206 -0.16553 -0.236836 -0.157001 -0.262084 -0.247193 -0.26288 -0.235796 -0.211002
internal_weight=246.015 173.138 72.8773 68.7022 55.611 29.2563 104.435 25.6754 78.76 68.46 58.56 43.56 30.96
internal_count=162 139 23 45 38 26 94 20 74 64 55 40 28
is_linear=0
shrinkage=0.0364312


Tree=42
num_leaves=14
num_cat=0
split_feature=0 4 23 23 4 22 23 16 6 27 6 22 4
split_gain=8063.59 2253.69 857.553 564.689 403.919 387.596 385.258 73.8337 149.372 34.052 32.6666 45.0393 26.5315
threshold=34.500000000000007 2558.9735714285716 38.807692307692314 62.692307692307701 1328.3378571428575 13.500000000000002 27.230769230769234 25.500000000000004 21.500000000000004 14.500000000000002 7.5000000000000009 4.5000000000000009 316.73714285714294
decision_type=2 2 2 2 2 2 2 2 2 2 2 2 2
left_child=5 2 -2 4 -4 7 -7 8 9 10 -1 -12 -13
right_child=1 -3 3 -5 -6 6 -8 -9 -10 -11 11 12 -14
leaf_value=-0.2912570315504972 0.28504999662804914 0.506911636610337 0.05021409588356391 0.14966770021240913 -0.22724650979867742 0.058395023075149856 -0.20162674485242363 -0.3464230268002344 -0.097351692600917472 -0.28783767166640623 -0.25896917354272375 -0.10966113886168297 -0.20058775195175232
leaf_weight=10.299999952316282 31.543190360069275 27.330276250839233 15.694878220558168 34.520709037780762 12.109755992889403 13.436097621917726 16.559999942779541 8.9999999999999982 11.759999752044676 23.899999856948853 14.599999904632567 10.059999704360964 15.199999809265135
leaf_count=10 13 7 9 12 8 9 16 9 10 23 14 8 14
internal_value=0.00448516 0.216153 0.130474 0.0512054 -0.0699421 -0.200784 -0.0842857 -0.237086 -0.224649 -0.244164 -0.221892 -0.202106 -0.166577
internal_weight=246.015 121.199 93.8685 62.3253 27.8046 124.816 29.9961 94.82 85.82 74.06 50.16 39.86 25.26
internal_count=162 49 42 29 17 113 25 88 79 69 46 36 22
is_linear=0
shrinkage=0.0364312


Tree=43
num_leaves=14
num_cat=0
split_feature=7 24 23 21 6 3 21 7 2 6 2 19 28
split_gain=7517.86 1827.52 1762.17 725.455 634.405 240.388 125.516 301.89 39.4575 86.5879 14.338 47.7224 17.5829
threshold=63.500000000000007 26.34615384615385 73.884615384615401 23.500000000000004 42.500000000000007 26.500000000000004 26.500000000000004 31.000000000000004 29.500000000000004 21.500000000000004 14.000000000000002 11.500000000000002 338.35543956043961
decision_type=2 2 2 2 2 2 2 2 2 2 2 2 2
left_child=1 6 -2 -3 5 -5 7 8 9 10 -1 -12 -13
right_child=2 3 -4 4 -6 -7 -8 -9 -10 -11 11 12 -14
leaf_value=-0.28672009491861733 0.43330201473526486 0.26197899914569023 0.042744153451272311 -0.05316886091074171 0.09073040890846798 -0.26597483357980045 -0.34746632521405613 -0.0015108819370312045 -0.31196383614454465 -0.1028354869731305 -0.17134991041956321 -0.27537257458869979 -0.19141086966914922
leaf_weight=11.299999952316282 50.552279591560364 13.091219425201414 22.325066566467285 15.573414683341982 26.354634404182434 13.682926774024962 10.559999942779539 8.9153659343719465 9.2999999523162824 9.1999998092651349 22.699999570846558 22.299999952316284 10.159999847412108
leaf_count=11 15 7 8 13 12 13 10 5 9 8 20 22 9
internal_value=0.00427516 -0.126242 0.314458 0.0192259 -0.0378331 -0.154701 -0.222163 -0.207182 -0.228317 -0.216998 -0.232021 -0.219462 -0.251129
internal_weight=246.015 173.138 72.8773 68.7022 55.611 29.2563 104.435 93.8754 84.96 75.66 66.46 55.16 32.46
internal_count=162 139 23 45 38 26 94 84 79 70 62 51 31
is_linear=0
shrinkage=0.0364312


Tree=44
num_leaves=14
num_cat=0
split_feature=0 6 3 0 22 23 16 16 6 23 22 2 2
split_gain=6995.31 2132.36 1009.72 1415.86 339.792 345.749 322.93 66.6295 129.526 26.284 9.62322 40.2053 18.9908
threshold=34.500000000000007 75.500000000000014 51.500000000000007 64.500000000000014 13.500000000000002 27.230769230769234 40.500000000000007 25.500000000000004 21.500000000000004 42.65384615384616 8.5000000000000018 23.500000000000004 14.000000000000002
decision_type=2 2 2 2 2 2 2 2 2 2 2 2 2
left_child=4 2 3 6 7 -6 -2 8 10 -7 11 12 -1
right_child=1 -3 -4 -5 5 9 -8 -9 -10 -11 -12 -13 -14
leaf_value=-0.27640749724988206 -0.04036336346623888 0.44397747725502124 -0.13909633325750193 0.44683901290426387 0.057123339307652329 -0.24342674666189518 0.14431338807321836 -0.32508278356312126 -0.090406493400755211 -0.13121364745163425 -0.17853195755910498 -0.32067215810671812 -0.20355728221534827
leaf_weight=11.299999952316282 20.754634261131287 34.33778190612793 17.731544613838196 17.749482989311218 13.436097621917726 8.0000000000000018 30.62536609172821 8.9999999999999982 11.759999752044676 8.5599999427795392 12.759999752044676 8.9999999999999982 40.999999523162842
leaf_count=11 13 9 8 5 9 8 14 9 10 8 11 9 38
internal_value=0.00405806 0.201217 0.104268 0.167352 -0.187121 -0.0779432 0.069138 -0.221121 -0.209283 -0.189149 -0.227477 -0.236653 -0.220683
internal_weight=246.015 121.199 86.861 69.1295 124.816 29.9961 51.38 94.82 85.82 16.56 74.06 61.3 52.3
internal_count=162 49 40 32 113 25 27 88 79 16 69 58 49
is_linear=0
shrinkage=0.0364312


Tree=45
num_leaves=14
num_cat=0
split_feature=0 6 23 15 22 23 1 15 6 21 22 19 2
split_gain=6500.84 1980.15 946.606 1089.8 315.551 321.744 315.001 61.5332 120.031 25.7209 8.5402 38.4016 53.5052
threshold=34.500000000000007 75.500000000000014 38.807692307692314 56.000000000000007 13.500000000000002 27.230769230769234 49.666666666666679 25.500000000000004 21.500000000000004 31.000000000000004 8.5000000000000018 11.500000000000002 14.000000000000002
decision_type=2 2 2 2 2 2 2 2 2 2 2 2 2
left_child=4 2 -2 6 7 -6 -4 8 10 -7 11 12 -1
right_child=1 -3 3 -5 5 9 -8 -9 -10 -11 -12 -13 -14
leaf_value=-0.26646582095258065 0.25928790589079964 0.42787118402011498 0.015018948348744789 -0.2173487889138862 0.055064596697355667 -0.12538347024141469 0.23009235768849276 -0.31342829003814443 -0.08715317852642418 -0.23592462712009987 -0.17210125360668854 -0.26578010954908365 -0.15777869341656861
leaf_weight=11.299999952316282 31.543190360069275 34.33778190612793 18.37780499458313 18.524227499961853 13.436097621917726 8.5599999427795428 18.415805101394653 8.9999999999999982 11.759999752044676 7.9999999999999991 12.759999752044676 27.299999952316284 22.699999570846558
leaf_count=11 13 9 11 10 9 8 6 9 10 8 11 27 20
internal_value=0.00385582 0.193924 0.10048 0.00885587 -0.180437 -0.0751595 0.124089 -0.21321 -0.201783 -0.182453 -0.219311 -0.228142 -0.1959
internal_weight=246.015 121.199 86.861 55.3178 124.816 29.9961 36.7936 94.82 85.82 16.56 74.06 61.3 34
internal_count=162 49 40 27 113 25 17 88 79 16 69 58 31
is_linear=0
shrinkage=0.0364312


Tree=46
num_leaves=14
num_cat=0
split_feature=7 23 29 21 6 3 21 7 2 6 3 1 6
split_gain=6107.62 1634.5 1534.92 658.923 528.963 226.232 120.826 230.912 40.0375 65.8243 13.2222 75.0951 31.1328
threshold=63.500000000000007 73.884615384615401 26.34615384615385 23.500000000000004 42.500000000000007 26.500000000000004 26.500000000000004 31.000000000000004 29.500000000000004 21.500000000000004 10.500000000000002 11.833333333333334 9.5000000000000018
decision_type=2 2 2 2 2 2 2 2 2 2 2 2 2
left_child=2 -2 6 -4 5 -5 7 8 9 10 11 12 -1
right_child=1 -3 3 4 -6 -7 -8 -9 -10 -11 -12 -13 -14
leaf_value=-0.17916302831828165 0.39768550578389733 0.021734575023253593 0.25068079274781946 -0.043385180994549584 0.082288952778306695 -0.24962731630609813 -0.32420606748163527 -0.0066813469207309076 -0.28819278621565264 -0.093909090804667278 -0.24658982580997518 -0.1089404421762927 -0.26289313932977348
leaf_weight=19.099999666213989 50.552279591560364 22.325066566467285 13.091219425201414 15.573414683341982 26.354634404182434 13.682926774024962 10.559999942779539 8.9153659343719465 9.2999999523162824 9.1999998092651349 17.599999904632568 12.759999752044676 17
leaf_count=17 15 8 7 13 12 13 10 5 9 8 17 11 17
internal_value=0.00367127 0.283266 -0.113955 0.0193218 -0.0350325 -0.141781 -0.201867 -0.187255 -0.205752 -0.194627 -0.207813 -0.192445 -0.220448
internal_weight=246.015 72.8773 173.138 68.7022 55.611 29.2563 104.435 93.8754 84.96 75.66 66.46 48.86 36.1
internal_count=162 23 139 45 38 26 94 84 79 70 62 45 34
is_linear=0
shrinkage=0.0364312


Tree=47
num_leaves=14
num_cat=0
split_feature=18 9 23 15 6 23 0 24 21 6 21 2 26
split_gain=5702.47 1878.74 1911 1147.68 748.619 270.849 220.21 169.917 112.499 151.958 15.568 30.6761 67.8398
threshold=21.500000000000004 79.40000000000002 38.807692307692314 56.000000000000007 42.500000000000007 25.84615384615385 24.500000000000004 42.65384615384616 24.500000000000004 23.500000000000004 14.500000000000002 14.000000000000002 303.54115384615392
decision_type=2 2 2 2 2 2 2 2 2 2 2 2 2
left_child=5 2 -2 4 7 8 -7 -4 9 10 11 -1 -13
right_child=1 -3 3 -5 -6 6 -8 -9 -10 -11 -12 12 -14
leaf_value=-0.24889051079925217 0.36410835934090158 0.41733486667091119 -0.0028431365695180664 -0.26135495775316347 0.18739277559153264 0.041682489179340511 -0.1798116391178626 -0.22590057605945413 -0.31386201882136561 -0.054836539544297472 -0.23670107084845357 -0.079277016996386312 -0.19724645556089673
leaf_weight=11.299999952316282 25.024897694587708 31.795570611953735 10.956341505050661 17.402438759803772 32.06126856803894 12.436097621917726 10.899999856948851 7.9999999999999991 11.559999942779539 11.118292570114134 24.899999856948853 10.199999809265135 28.359999656677246
leaf_count=11 9 8 8 10 12 8 10 8 11 8 24 9 26
internal_value=0.00347892 0.175759 0.0926677 -0.00666958 0.0800242 -0.174881 -0.0607713 -0.0997991 -0.201723 -0.185719 -0.204576 -0.187197 -0.167353
internal_weight=246.015 125.241 93.4449 68.42 51.0176 120.774 23.3361 18.9563 97.4383 85.8783 74.76 49.86 38.56
internal_count=162 55 47 38 28 107 18 16 89 78 70 46 35
is_linear=0
shrinkage=0.0364312


Tree=48
num_leaves=14
num_cat=0
split_feature=24 21 25 21 25 3 2 15 6 8 4 19 19
split_gain=5386.86 1115.13 916.748 844.161 800.285 392.178 377.617 165.129 95.1433 19.9021 48.5538 34.4125 54.49
threshold=27.230769230769234 91.000000000000014 864.31747252747266 42.500000000000007 1694.0519780219781 43.500000000000007 53.000000000000007 25.500000000000004 21.500000000000004 311.4057142857144 428.10785714285726 11.500000000000002 9.7857142857142865
decision_type=2 2 2 2 2 2 2 2 2 2 2 2 2
left_child=7 2 -2 6 5 -5 -4 8 9 11 -11 12 -1
right_child=1 -3 3 4 -6 -7 -8 -9 -10 10 -12 -13 -14
leaf_value=-0.21437453695340936 0.37730458129053013 0.39170277002137638 0.042881080160332978 0.066170243361277803 -0.043013473216414869 0.27390592061514057 -0.21802623146516739 -0.31156624071526279 -0.092334530246073424 -0.077896236712645325 -0.18418032227205236 -0.25423669148719513 -0.10145681833347972
leaf_weight=20.19999980926514 14.010731697082518 20.434224605560303 12.909512400627138 18.969268321990967 25.191967606544495 36.199564456939697 16.314634084701538 13.299999952316282 19.152682542800903 8.8999998569488508 31.399999618530273 17.559999942779541 10.499999761581419
leaf_count=19 6 5 9 10 10 11 12 13 16 8 29 17 9
internal_value=-0.00765238 0.142694 0.100833 0.0647148 0.12583 0.203467 -0.101951 -0.186839 -0.170716 -0.187097 -0.161931 -0.206845 -0.177541
internal_weight=265.043 144.03 123.596 109.585 80.3608 55.1688 29.2241 121.013 107.713 88.56 40.3 48.26 30.7
internal_count=174 63 58 52 31 21 21 111 98 82 37 45 28
is_linear=0
shrinkage=0.0364312


Tree=49
num_leaves=14
num_cat=0
split_feature=20 21 24 21 20 6 14 2 8 7 0 2 19
split_gain=5009.2 974.561 658.033 704.666 322.468 337.902 231.506 320.816 23.9666 52.1844 27.5335 39.4555 21.5665
threshold=13.000000000000002 91.000000000000014 42.65384615384616 40.500000000000007 36.000000000000007 64.500000000000014 19.500000000000004 39.000000000000007 311.4057142857144 26.500000000000004 14.500000000000002 21.500000000000004 11.500000000000002
decision_type=2 2 2 2 2 2 2 2 2 2 2 2 2
left_child=6 2 3 -2 5 -4 7 8 12 10 -10 -12 -1
right_child=1 -3 4 -5 -6 -7 -8 -9 9 -11 11 -13 -14
leaf_value=-0.17116782985276938 0.079600794137544867 0.37753356771775909 -0.14882184017245131 0.36941753969190916 0.12662916092272655 0.05944780894887694 -0.35186451311156869 0.029586548359477022 -0.06850620355404731 -0.22545479439840624 -0.19608598283477749 -0.10945666844900218 -0.23335564512893767
leaf_weight=30.699999570846558 25.064146399497986 20.434224605560303 18.096097350120544 20.620507597923279 29.200520396232605 23.475382328033447 8.9999999999999982 10.791707277297972 9.1999998092651349 12.599999904632567 15.599999904632567 19.699999570846558 20.559999942779541
leaf_count=28 15 5 13 6 11 8 9 7 8 12 15 17 20
internal_value=-0.0073948 0.145635 0.104226 0.21193 0.03392 -0.0305838 -0.17111 -0.156754 -0.175646 -0.155079 -0.133705 -0.149368 -0.197376
internal_weight=265.043 136.891 116.457 45.6847 70.772 41.5715 128.152 119.152 108.36 57.1 44.5 35.3 51.26
internal_count=174 58 53 21 32 21 116 107 100 52 40 32 48
is_linear=0
shrinkage=0.0364312


Tree=50
num_leaves=14
num_cat=0
split_feature=29 21 25 21 25 3 2 15 6 18 21 19 3
split_gain=4694.71 956.495 850.516 752.695 724.951 351.262 340.797 153.422 84.3105 35.6071 63.3438 24.7031 61.1227
threshold=27.230769230769234 91.000000000000014 864.31747252747266 42.500000000000007 1694.0519780219781 43.500000000000007 53.000000000000007 25.500000000000004 21.500000000000004 9.5000000000000018 14.500000000000002 11.500000000000002 6.5000000000000009
decision_type=2 2 2 2 2 2 2 2 2 2 2 2 2
left_child=7 2 -2 6 5 -5 -4 8 9 10 11 12 -1
right_child=1 -3 3 4 -6 -7 -8 -9 -10 -11 -12 -13 -14
leaf_value=-0.20421564568214484 0.36069526187106066 0.36387694581097113 0.039743559924555152 0.061200819161735462 -0.043312909739511012 0.25791251393534081 -0.20801392225546156 -0.29458363150694256 -0.084961378995993653 -0.13178232389201058 -0.27237790730079908 -0.21592087358442355 -0.10097181476019457
leaf_weight=15.899999856948851 14.010731697082518 20.434224605560303 12.909512400627138 18.969268321990967 25.191967606544495 36.199564456939697 16.314634084701538 13.299999952316282 19.152682542800903 25.65999960899353 11.999999999999998 15.299999952316282 19.699999570846558
leaf_count=15 6 5 9 10 10 11 12 13 16 23 12 15 17
internal_value=-0.00713942 0.133207 0.0944068 0.0596113 0.117336 0.191241 -0.097734 -0.174427 -0.158891 -0.174322 -0.190782 -0.170143 -0.148698
internal_weight=265.043 144.03 123.596 109.585 80.3608 55.1688 29.2241 121.013 107.713 88.56 62.9 50.9 35.6
internal_count=174 63 58 52 31 21 21 111 98 82 59 47 32
is_linear=0
shrinkage=0.0364312


Tree=51
num_leaves=14
num_cat=0
split_feature=20 21 23 15 1 14 2 4 0 7 23 0 2
split_gain=4370.49 834.79 803.885 324.281 446.616 210.748 279.966 110.448 20.5631 47.2067 23.7528 17.7955 34.4767
threshold=13.000000000000002 91.000000000000014 38.807692307692314 56.000000000000007 52.166666666666679 19.500000000000004 39.000000000000007 1080.6642857142861 12.500000000000002 26.500000000000004 9.9230769230769251 14.500000000000002 21.500000000000004
decision_type=2 2 2 2 2 2 2 2 2 2 2 2 2
left_child=5 2 -2 4 7 6 8 -4 10 11 -1 -10 -13
right_child=1 -3 3 -5 -6 -7 -8 -9 9 -11 -12 12 -14
leaf_value=-0.1329878107877257 0.24338019770465893 0.35071431753967053 -0.07875395945270755 -0.060767382518447328 0.22695147554847303 -0.33232042999529682 0.027771567756042052 0.059038788632539412 -0.072897139196101551 -0.21201753097400475 -0.20264035626361304 -0.18233230686713051 -0.10099926214850739
leaf_weight=13.899999856948851 35.03123927116394 20.434224605560303 12.33999991416931 29.7253657579422 19.416390419006348 8.9999999999999982 10.791707277297972 19.943658709526062 10.199999809265135 12.599999904632567 36.359999656677246 15.599999904632567 19.699999570846558
leaf_count=13 14 5 11 12 6 9 7 10 9 12 34 15 17
internal_value=-0.00690308 0.136029 0.0976702 0.0342343 0.0895425 -0.159834 -0.146124 0.00518262 -0.163777 -0.144833 -0.184505 -0.124851 -0.138523
internal_weight=265.043 136.891 116.457 81.4254 51.7 128.152 119.152 32.2837 108.36 58.1 50.26 45.5 35.3
internal_count=174 58 53 39 27 116 107 21 100 53 47 41 32
is_linear=0
shrinkage=0.0364312


Tree=52
num_leaves=14
num_cat=0
split_feature=24 21 26 21 1 3 19 15 6 18 21 14 19
split_gain=4102.93 819.041 750.094 652.652 661.958 469.971 203.946 145.898 74.0799 30.6052 57.7659 26.0432 23.2861
threshold=27.230769230769234 91.000000000000014 1066.5657692307693 42.500000000000007 72.500000000000014 48.500000000000007 36.142857142857146 25.500000000000004 21.500000000000004 9.5000000000000018 14.500000000000002 12.500000000000002 11.500000000000002
decision_type=2 2 2 2 2 2 2 2 2 2 2 2 2
left_child=7 2 -2 6 5 -5 -4 8 9 10 12 -11 -1
right_child=1 -3 3 4 -6 -7 -8 -9 -10 11 -12 -13 -14
leaf_value=-0.13734508617096433 0.30736750413364572 0.33802782640472973 -0.0037002109613051824 0.059289653907851687 -0.080353691131536301 0.26869400938454868 -0.19870903111969618 -0.28009664074301815 -0.078459786760664785 -0.075301729436759973 -0.25570445729811292 -0.15901502990877173 -0.2022572216708112
leaf_weight=35.59999942779541 17.720487833023071 20.434224605560303 15.909512400627138 28.234146475791931 18.566829442977905 29.850068330764771 13.314634084701536 13.299999952316282 19.152682542800903 11.75999975204468 11.999999999999998 13.899999856948851 15.299999952316282
leaf_count=32 7 5 12 14 7 9 9 13 16 10 12 13 15
internal_value=-0.00667525 0.124519 0.0885831 0.0512656 0.107279 0.167903 -0.0942729 -0.163072 -0.147942 -0.162424 -0.177785 -0.122635 -0.158058
internal_weight=265.043 144.03 123.596 105.875 76.651 58.0842 29.2241 121.013 107.713 88.56 62.9 25.66 50.9
internal_count=174 63 58 51 30 23 21 111 98 82 59 23 47
is_linear=0
shrinkage=0.0364312


Tree=53
num_leaves=14
num_cat=0
split_feature=20 27 23 15 1 14 2 8 27 12 19 19 27
split_gain=3820.96 714.154 737.495 290.363 380.451 198.892 245.451 118.447 20.4789 51.9448 29.0782 40.6966 22.0658
threshold=13.000000000000002 91.000000000000014 38.807692307692314 56.000000000000007 52.166666666666679 19.500000000000004 39.000000000000007 898.65071428571446 19.500000000000004 17.500000000000004 16.571428571428573 13.000000000000002 10.500000000000002
decision_type=2 2 2 2 2 2 2 2 2 2 2 2 2
left_child=5 2 -2 4 7 6 8 -4 9 12 11 -11 -1
right_child=1 -3 3 -5 -6 -7 -8 -9 -10 10 -12 -13 -14
leaf_value=-0.14120492730467943 0.23121549396881733 0.32580023337479741 -0.076214686308289856 -0.058984282255176775 0.21007338689080585 -0.31692390424455447 0.026499439261220673 0.064647678555356566 -0.19106446247290954 -0.12154185479502422 -0.1416832055378982 -0.01066757319256551 -0.20195453592257362
leaf_weight=28.399999618530273 35.03123927116394 20.434224605560303 13.33999991416931 29.7253657579422 19.416390419006348 8.9999999999999982 10.791707277297972 18.943658709526062 21.599999904632568 9.8999998569488543 18.099999666213989 9.1999998092651349 21.159999847412109
leaf_count=26 14 5 12 12 6 9 7 9 21 9 16 8 20
internal_value=-0.00646585 0.12717 0.0916558 0.0308827 0.0832421 -0.149467 -0.136156 0.0052912 -0.152689 -0.142431 -0.106442 -0.0704237 -0.168356
internal_weight=265.043 136.891 116.457 81.4254 51.7 128.152 119.152 32.2837 108.36 86.76 37.2 19.1 49.56
internal_count=174 58 53 39 27 116 107 21 100 79 33 17 46
is_linear=0
shrinkage=0.0364312


Tree=54
num_leaves=14
num_cat=0
split_feature=24 0 4 10 8 10 18 17 8 0 19 19 6
split_gain=3588.27 502.797 859.675 1123.56 268.682 226.417 139.453 74.6954 40.2988 75.0704 23.8938 51.4917 18.7674
threshold=27.230769230769234 34.500000000000007 2132.7871428571434 1652.0842857142859 1266.2457142857143 751.10785714285737 17.000000000000004 69.000000000000014 311.4057142857144 14.500000000000002 11.500000000000002 9.7857142857142865 14.500000000000002
decision_type=2 2 2 2 2 2 2 2 2 2 2 2 2
left_child=6 5 3 4 7 -2 8 -3 10 -10 11 -1 -12
right_child=1 2 -4 -5 -6 -7 -8 -9 9 -11 12 -13 -14
leaf_value=-0.17725252836767075 0.06247219732794259 0.23336281435933409 0.0093224746118782086 0.43648450285789275 0.0040109166504055339 -0.17058185367646034 -0.30302393020658563 0.12848294300624608 -0.019752846690775868 -0.13594180085394342 -0.24365526293930143 -0.069572113941155839 -0.14768487408127923
leaf_weight=20.19999980926514 11.779024362564089 19.609512448310852 41.433138489723206 21.975779056549072 16.712195158004761 9.9999999999999982 7.9999999999999991 22.520253658294678 9.4599997997283918 53.29268217086792 11.000000000000002 10.499999761581419 8.5599999427795392
leaf_count=19 8 7 15 5 8 10 8 10 8 48 11 9 8
internal_value=-0.00625263 0.116429 0.1452 0.21429 0.129846 -0.0433768 -0.15252 0.178756 -0.141183 -0.119064 -0.167688 -0.142051 -0.204818
internal_weight=265.043 144.03 122.251 80.8177 58.842 21.779 121.013 42.1298 113.013 62.7527 50.26 30.7 19.56
internal_count=174 63 45 30 25 18 111 17 103 56 47 28 19
is_linear=0
shrinkage=0.0364312


Tree=55
num_leaves=14
num_cat=0
split_feature=24 21 26 21 1 0 2 15 20 6 18 21 14
split_gain=3336.01 691.849 660.03 577.903 560.53 354.704 290.917 134.553 100.89 63.3457 27.8565 52.1154 23.4224
threshold=27.230769230769234 91.000000000000014 1066.5657692307693 42.500000000000007 72.500000000000014 61.500000000000007 53.000000000000007 25.500000000000004 36.000000000000007 21.500000000000004 9.5000000000000018 14.500000000000002 12.500000000000002
decision_type=2 2 2 2 2 2 2 2 2 2 2 2 2
left_child=7 2 -2 6 5 8 -4 9 -5 10 11 -1 -12
right_child=1 -3 3 4 -6 -7 -8 -9 -10 -11 12 -13 -14
leaf_value=-0.14182788825991116 0.28441187718522881 0.30850643605032879 0.034092901357769587 0.0062462750778225383 -0.075653946891892823 0.25883573731982074 -0.1946410596207411 -0.25926564584518186 0.13457287787425021 -0.068214149401455357 -0.063497515850365754 -0.23436039586433621 -0.14248167414443741
leaf_weight=50.899999380111694 17.720487833023071 20.434224605560303 12.909512400627138 16.204878091812134 18.566829442977905 24.369580507278442 16.314634084701538 13.299999952316282 17.509756207466125 19.152682542800903 11.75999975204468 11.999999999999998 13.899999856948851
leaf_count=47 7 5 9 9 7 7 12 13 7 16 10 12 13
internal_value=-0.00603748 0.112249 0.0791957 0.0441776 0.0969118 0.15272 -0.092751 -0.147074 0.0742095 -0.132568 -0.14596 -0.160532 -0.10819
internal_weight=265.043 144.03 123.596 105.875 76.651 58.0842 29.2241 121.013 33.7146 107.713 88.56 62.9 25.66
internal_count=174 63 58 51 30 23 21 111 16 98 82 59 23
is_linear=0
shrinkage=0.0364312


Tree=56
num_leaves=14
num_cat=0
split_feature=7 6 6 2 6 17 12 8 0 17 9 28 12
split_gain=4575.92 697.195 625.784 465.668 473.42 196.008 116.87 531.616 59.5324 76.9555 37.3516 86.7932 38.6704
threshold=66.500000000000014 31.000000000000004 73.500000000000014 44.500000000000007 53.000000000000007 73.500000000000014 26.500000000000004 571.68142857142868 18.500000000000004 51.000000000000007 10.900000000000002 279.48109890109896 11.500000000000002
decision_type=2 2 2 2 2 2 2 2 2 2 2 2 2
left_child=1 6 -2 -3 5 -5 7 10 -8 -10 12 -12 -1
right_child=2 3 -4 4 -6 -7 8 -9 9 -11 11 -13 -14
leaf_value=-0.1207610786073052 0.12462515750538165 0.16917158740672839 0.32964377415114959 -0.25962244941752072 0.098563230141398034 -0.046752553572462538 -0.11273751079199827 0.12608197111026961 -0.2811776268432733 -0.14558767331345338 -0.025381730004881101 -0.145402692017258 -0.2211651796839178
leaf_weight=12.499999761581423 34.714653730392456 19.296829342842102 48.870159149169922 11.512195110321047 16.943447232246399 12.405853629112242 14.159999847412108 11.379024267196653 13.000000000000002 13.599999904632567 11.499999761581419 34.059999704360962 14.299999952316282
leaf_count=11 13 9 13 10 6 8 13 7 13 13 10 32 14
internal_value=0.0217613 -0.0793374 0.245274 0.0219775 -0.0470431 -0.151604 -0.12854 -0.102611 -0.180406 -0.214321 -0.139234 -0.116044 -0.176528
internal_weight=268.242 184.657 83.5848 60.1583 40.8615 23.918 124.499 83.739 40.76 26.6 72.36 45.56 26.8
internal_count=172 146 26 33 24 18 113 74 39 26 67 42 25
is_linear=0
shrinkage=0.0364312


Tree=57
num_leaves=14
num_cat=0
split_feature=7 6 6 4 23 12 1 0 17 9 3 1 8
split_gain=4251.49 648.053 580.667 402.51 352.815 108.507 606.111 55.0576 71.1248 29.8475 72.4761 65.864 21.9423
threshold=66.500000000000014 31.000000000000004 73.500000000000014 1529.1207142857145 40.923076923076927 26.500000000000004 20.166666666666668 18.500000000000004 51.000000000000007 10.900000000000002 10.500000000000002 9.1666666666666696 344.35000000000002
decision_type=2 2 2 2 2 2 2 2 2 2 2 2 2
left_child=1 5 -2 4 -3 6 9 -7 -9 11 12 -1 -11
right_child=2 3 -4 -5 -6 7 -8 8 -10 10 -12 -13 -14
leaf_value=-0.1202323997951705 0.12010389121146373 0.1818931282174541 0.31767015258754644 -0.12191088333793737 -0.027372648381227504 -0.10867217958586184 0.15853059759275781 -0.2710475165120787 -0.14033995454149767 -0.098525890145281209 -0.17058580915756605 -0.24782511863460219 -0.023825298977501571
leaf_weight=16.799999713897709 34.714653730392456 22.38585376739502 48.870159149169922 17.957837343215942 19.814634203910828 14.159999847412108 10.379024267196653 13.000000000000002 13.599999904632567 17.759999752044681 19.299999952316284 9.9999999999999982 9.4999997615814191
leaf_count=15 13 9 13 10 14 13 6 13 13 16 19 10 8
internal_value=0.0209348 -0.0765089 0.236382 0.0211525 0.0830602 -0.123947 -0.0989273 -0.173965 -0.206645 -0.136066 -0.1152 -0.170211 -0.0740237
internal_weight=268.242 184.657 83.5848 60.1583 42.2005 124.499 83.739 40.76 26.6 73.36 46.56 26.8 27.26
internal_count=172 146 26 33 23 113 74 39 26 68 43 25 24
is_linear=0
shrinkage=0.0364312


Tree=58
num_leaves=14
num_cat=0
split_feature=7 6 18 6 2 21 6 3 23 22 23 17 22
split_gain=3958.01 685.973 813.042 460.849 524.217 338.764 101.988 206.576 29.3751 58.1144 38.1286 40.1027 20.4378
threshold=63.500000000000007 73.500000000000014 43.500000000000007 31.000000000000004 44.500000000000007 42.500000000000007 26.500000000000004 18.500000000000004 9.9230769230769251 3.5000000000000004 11.653846153846155 24.500000000000004 8.5000000000000018
decision_type=2 2 2 2 2 2 2 2 2 2 2 2 2
left_child=3 2 -2 6 -5 -6 7 8 9 -1 -10 -12 -13
right_child=1 -3 -4 4 5 -7 -8 -9 10 -11 11 12 -14
leaf_value=-0.14492482043884491 0.24769629535647936 0.30613144500464795 -0.063591937112765645 0.15947923532047528 -0.2498467862464841 0.0022958384437380733 -0.22665069294368315 0 -0.193196602038198 -0.01551552109219799 -0.070031469962544321 -0.18586556968890511 -0.12045443439794144
leaf_weight=10.299999952316286 24.323596954345703 48.870159149169922 20.093040585517883 19.296829342842102 10.365853548049929 20.79365861415863 11.299999952316282 19.079024314880371 17.599999904632568 9.4999997615814191 15.799999713897703 14.299999952316282 26.619999647140503
leaf_count=10 8 13 8 9 9 12 11 15 17 8 14 14 24
internal_value=0.0201283 0.211695 0.106351 -0.081909 0.0103252 -0.081249 -0.119536 -0.10826 -0.130387 -0.0851403 -0.141786 -0.124769 -0.144736
internal_weight=268.242 93.2868 44.4166 174.955 50.4563 31.1595 124.499 113.199 94.12 19.8 74.32 56.72 40.92
internal_count=172 29 16 143 30 21 113 102 87 18 69 52 38
is_linear=0
shrinkage=0.0364312


Tree=59
num_leaves=14
num_cat=0
split_feature=7 11 22 2 11 17 12 1 5 17 3 1 1
split_gain=3677.83 557.808 527.498 388.023 418.068 180.737 100.032 549.646 53.339 67.3541 21.9932 70.4988 44.6379
threshold=66.500000000000014 31.000000000000004 43.500000000000007 44.500000000000007 53.000000000000007 73.500000000000014 26.500000000000004 20.166666666666668 18.500000000000004 51.000000000000007 10.500000000000002 11.333333333333334 9.1666666666666696
decision_type=2 2 2 2 2 2 2 2 2 2 2 2 2
left_child=1 6 -2 -3 5 -5 7 10 -8 -10 11 12 -1
right_child=2 3 -4 4 -6 -7 8 -9 9 -11 -12 -13 -14
leaf_value=-0.09999603054002755 0.31733992382838921 0.1537127541565666 0.13142178442139327 -0.24562600141339905 0.093117680579789378 -0.041219974560287989 -0.099306501910492631 0.15386389207920101 -0.25788143002492181 -0.13089622449712252 -0.16363971795915122 -0.053268309785936725 -0.19289539149410329
leaf_weight=18.099999666213989 39.345079779624939 19.296829342842102 44.239733099937439 11.512195110321047 16.943447232246399 12.405853629112242 14.159999847412108 10.379024267196653 13.000000000000002 13.599999904632567 20.299999952316284 19.65999960899353 15.299999952316282
leaf_count=16 11 9 15 10 6 8 13 6 13 13 20 17 15
internal_value=0.0193585 -0.071263 0.219751 0.0193076 -0.04364 -0.141937 -0.115277 -0.0912519 -0.163285 -0.19532 -0.126639 -0.111422 -0.144239
internal_weight=268.242 184.657 83.5848 60.1583 40.8615 23.918 124.499 83.739 40.76 26.6 73.36 53.06 33.4
internal_count=172 146 26 33 24 18 113 74 39 26 68 48 31
is_linear=0
shrinkage=0.0364312


Tree=60
num_leaves=14
num_cat=0
split_feature=7 6 15 6 7 6 12 1 4 17 9 3 1
split_gain=3422.47 638.359 770.125 396.708 425.769 195.551 92.8677 511.119 49.5976 63.6588 26.2511 62.1252 58.6614
threshold=63.500000000000007 73.500000000000014 69.000000000000014 31.000000000000004 44.500000000000007 48.500000000000007 26.500000000000004 20.166666666666668 547.84714285714301 51.000000000000007 10.900000000000002 10.500000000000002 9.1666666666666696
decision_type=2 2 2 2 2 2 2 2 2 2 2 2 2
left_child=3 2 -2 6 -5 -6 7 10 -8 -10 12 -12 -1
right_child=1 -3 -4 4 5 -7 8 -9 9 -11 11 -13 -14
leaf_value=-0.10693337276536985 0.22139750105094941 0.28783906022787931 -0.08521348615030154 0.1178839466937732 -0.20768484074533103 -0.0033705925486171144 -0.088468818453703274 0.14833603576072796 -0.24357640102399736 -0.12461219998257096 -0.064341251371704405 -0.15380769138158418 -0.22726284215283071
leaf_weight=16.799999713897709 26.224117279052734 48.870159149169922 18.192520260810852 24.636829257011414 11.085365772247316 14.734146475791929 12.159999847412108 10.379024267196653 14.000000000000002 14.599999904632567 27.259999513626099 19.299999952316284 9.9999999999999982
leaf_count=15 8 13 8 13 9 8 11 6 14 14 24 19 10
internal_value=0.0186211 0.196765 0.095167 -0.0762523 0.00927667 -0.0930999 -0.111164 -0.0879801 -0.157462 -0.184992 -0.122114 -0.102533 -0.154106
internal_weight=268.242 93.2868 44.4166 174.955 50.4563 25.8195 124.499 83.739 40.76 28.6 73.36 46.56 26.8
internal_count=172 29 16 143 30 17 113 74 39 28 68 43 25
is_linear=0
shrinkage=0.0364312


Tree=61
num_leaves=14
num_cat=0
split_feature=7 4 0 6 2 6 17 21 23 4 12 9 21
split_gain=3197.35 506.639 849.348 474.963 345.939 369.883 172.213 88.9249 486.478 61.6512 47.0853 30.9175 29.0862
threshold=66.500000000000014 2558.9735714285716 69.000000000000014 31.000000000000004 44.500000000000007 53.000000000000007 73.500000000000014 14.500000000000002 18.61538461538462 798.04000000000019 31.000000000000004 27.700000000000006 19.500000000000004
decision_type=2 2 2 2 2 2 2 2 2 2 2 2 2
left_child=3 2 -2 7 -5 6 -6 8 -1 10 12 -11 -9
right_child=1 -3 -4 4 5 -7 -8 9 -10 11 -12 -13 -14
leaf_value=-0.11812604778848226 0.2522367534475865 0.3236175308520029 -0.044342652840503684 0.14389229498633771 -0.23609978900065959 0.086103605565968244 -0.036641066278363055 -0.10266385948940079 0.1693548736540621 -0.13107796110503958 -0.029332654027997555 -0.245283501126484 -0.17801240414078878
leaf_weight=49.899999380111694 32.146731734275818 30.543609619140625 20.894471526145935 19.296829342842102 11.512195110321047 16.943447232246399 12.405853629112242 25.399999618530273 9.039024353027342 8.299999952316286 8.5599999427795392 9.9999999999999982 13.299999952316282
leaf_count=46 10 8 8 9 10 6 8 23 5 8 8 10 13
internal_value=0.0178993 0.204752 0.134952 -0.0665861 0.0169484 -0.0424533 -0.134934 -0.107201 -0.0731414 -0.137063 -0.112663 -0.19681 -0.130022
internal_weight=268.242 83.5848 53.0412 184.657 60.1583 40.8615 23.918 124.499 58.939 65.56 47.26 18.3 38.7
internal_count=172 26 18 146 33 24 18 113 51 62 44 18 36
is_linear=0
shrinkage=0.0364312


Tree=62
num_leaves=14
num_cat=0
split_feature=7 22 6 4 23 6 3 23 22 23 17 18 0
split_gain=2970.49 487.466 441.425 334.301 271.917 85.7805 177.455 27.75 48.253 33.5631 37.0498 17.668 2.88816
threshold=66.500000000000014 43.500000000000007 31.000000000000004 1529.1207142857145 40.923076923076927 26.500000000000004 18.500000000000004 9.9230769230769251 3.5000000000000004 11.653846153846155 24.500000000000004 13.500000000000002 11.500000000000002
decision_type=2 2 2 2 2 2 2 2 2 2 2 2 2
left_child=2 -2 5 4 -4 6 7 8 -1 -9 -11 12 -12
right_child=1 -3 3 -5 -6 -7 -8 9 -10 10 11 -13 -14
leaf_value=-0.12437813921611449 0.29105970894640409 0.11249964288113261 0.15957858171623754 -0.11402536836721801 -0.02397717898478632 -0.20158333414704585 0.0065644130443597015 -0.1725587200131336 -0.0066379325543324576 -0.056319178980570074 -0.11458694979891308 -0.081905778477911806 -0.16352811657628455
leaf_weight=10.299999952316286 39.345079779624939 44.239733099937439 22.38585376739502 17.957837343215942 19.814634203910828 11.299999952316282 19.079024314880371 17.599999904632568 9.4999997615814191 15.799999713897703 11.859999895095827 12.159999847412108 16.899999856948853
leaf_count=10 11 15 9 10 14 11 15 17 8 14 11 11 16
internal_value=0.0172208 0.197326 -0.0642071 0.0163062 0.0727876 -0.103363 -0.093006 -0.113537 -0.0700867 -0.124487 -0.108557 -0.127611 -0.145225
internal_weight=268.242 83.5848 184.657 60.1583 42.2005 124.499 113.199 94.12 19.8 74.32 56.72 40.92 28.76
internal_count=172 26 146 33 23 113 102 87 18 69 52 38 27
is_linear=0
shrinkage=0.0364312


Tree=63
num_leaves=14
num_cat=0
split_feature=7 4 0 20 21 6 21 15 22 26 12 9 19
split_gain=2760.52 468.815 785.393 422.092 320.422 307.875 112.977 291.813 70.3158 60.2698 69.8338 36.3345 56.1127
threshold=66.500000000000014 2558.9735714285716 69.000000000000014 13.000000000000002 29.500000000000004 53.000000000000007 19.500000000000004 21.500000000000004 26.500000000000004 889.94241758241765 31.000000000000004 10.900000000000002 11.500000000000002
decision_type=2 2 2 2 2 2 2 2 2 2 2 2 2
left_child=3 2 -2 6 -5 8 7 11 -6 10 -8 -1 -13
right_child=1 -3 -4 4 5 -7 9 -9 -10 -11 -12 12 -14
leaf_value=-0.14016848591239472 0.23586656760232377 0.30448667220032383 -0.049310579778642942 0.15804544966733253 -0.1650854565518127 0.095814158766520233 -0.17139701315725536 0.093215590504467913 -0.048985068254067232 -0.22761571298899771 -0.033913566954547752 0 -0.10049817270474465
leaf_weight=26.799999713897705 32.146731734275818 30.543609619140625 20.894471526145935 15.505365848541258 13.085365891456606 15.943447232246397 13.299999952316286 11.171707153320311 17.405853629112244 11.999999999999998 8.9856097698211652 8.4999997615814191 41.959999561309814
leaf_count=25 10 8 8 8 11 5 13 6 13 12 7 7 39
internal_value=0.0165508 0.190178 0.123048 -0.0619415 0.0150831 -0.032255 -0.101073 -0.0782962 -0.10049 -0.158232 -0.11809 -0.103673 -0.0832574
internal_weight=268.242 83.5848 53.0412 184.657 61.94 46.4347 122.717 88.4317 30.4912 34.2856 22.2856 77.26 50.46
internal_count=172 26 18 146 37 29 109 77 24 32 20 71 46
is_linear=0
shrinkage=0.0364312


Tree=64
num_leaves=14
num_cat=0
split_feature=4 20 23 5 1 15 14 3 23 21 4 21 17
split_gain=2837.89 895.796 805.288 547.385 349.287 350.605 134.728 239.155 115.556 66.2449 35.0287 33.1418 24.9785
threshold=2558.9735714285716 13.000000000000002 38.807692307692314 73.500000000000014 65.500000000000014 51.500000000000007 18.500000000000004 18.500000000000004 54.576923076923087 32.500000000000007 227.7414285714286 7.5000000000000009 17.500000000000004
decision_type=2 2 2 2 2 2 2 2 2 2 2 2 2
left_child=1 6 -3 4 5 8 7 10 9 -4 -1 -12 -13
right_child=-2 2 3 -5 -6 -7 -8 -9 -10 -11 11 12 -14
leaf_value=-0.16380486874124889 0.38212331592617194 0.18346150123833585 0.042477742204802757 -0.22776670764899629 0.16114237866405937 -0.1651924961391919 -0.23457239308254704 0.050128117944680264 0.1149615641607221 -0.08668206960670459 -0.034044880394057592 -0.1530639810347923 -0.093171141451678721
leaf_weight=14.299999952316282 24.482796430587769 36.855141758918762 10.89634156227112 13.939024448394774 17.540930032730103 16.348780393600464 9.0926828384399396 14.379024267196653 14.830243945121763 9.6829267740249616 11.499999761581419 14.599999904632567 57.459999322891235
leaf_count=14 6 15 7 6 5 11 8 10 6 9 10 14 53
internal_value=0.00949191 -0.0283605 0.0419517 -0.0204993 0.0210819 -0.0260355 -0.0982075 -0.086562 0.0376522 -0.0168029 -0.107045 -0.0966489 -0.106071
internal_weight=265.908 241.425 120.093 83.2382 69.2992 51.7583 121.332 112.239 35.4095 20.5793 97.86 83.56 72.06
internal_count=174 168 59 44 38 33 109 101 22 16 91 77 67
is_linear=0
shrinkage=0.0364312


Tree=65
num_leaves=14
num_cat=0
split_feature=4 20 23 0 1 15 15 3 23 21 4 21 17
split_gain=2636.31 832.502 747.922 508.651 324.461 325.784 126.806 169.546 107.346 61.603 34.8262 28.379 26.4731
threshold=2558.9735714285716 13.000000000000002 38.807692307692314 73.500000000000014 65.500000000000014 51.500000000000007 26.500000000000004 18.500000000000004 54.576923076923087 32.500000000000007 227.7414285714286 7.5000000000000009 17.500000000000004
decision_type=2 2 2 2 2 2 2 2 2 2 2 2 2
left_child=1 6 -3 4 5 8 7 10 9 -4 -1 -12 -13
right_child=-2 2 3 -5 -6 -7 -8 -9 -10 -11 11 12 -14
leaf_value=-0.15789744659966734 0.36828445202591242 0.17680410126423565 0.040950640856471245 -0.21955472159885947 0.15532012983255186 -0.15922749446357742 -0.21410842165884889 0.020128240349972439 0.11081412161007861 -0.083570947955702482 -0.03282010151631834 -0.14754277390995843 -0.08607237241752784
leaf_weight=14.299999952316282 24.482796430587769 36.855141758918762 10.89634156227112 13.939024448394774 17.540930032730103 16.348780393600464 10.999999999999998 17.471707105636597 14.830243945121763 9.6829267740249616 11.499999761581419 14.599999904632567 52.459999322891235
leaf_count=14 6 15 7 6 5 11 11 12 6 9 10 14 48
internal_value=0.00912739 -0.0273511 0.0404243 -0.0197476 0.020319 -0.0250723 -0.0946884 -0.0822017 0.0362911 -0.0161411 -0.101829 -0.0909095 -0.100262
internal_weight=265.908 241.425 120.093 83.2382 69.2992 51.7583 121.332 110.332 35.4095 20.5793 92.86 78.56 67.06
internal_count=174 168 59 44 38 33 109 98 22 16 86 72 62
is_linear=0
shrinkage=0.0364312


Tree=66
num_leaves=14
num_cat=0
split_feature=3 24 24 5 21 21 4 4 19 19 20 17 20
split_gain=2484.6 846.764 794.818 874.215 314.884 310.78 99.6283 80.7303 70.7548 54.5151 51.5191 118.012 54.1318
threshold=72.000000000000014 27.230769230769234 78.923076923076934 64.500000000000014 28.500000000000004 42.500000000000007 957.03500000000008 363.59357142857147 56.357142857142868 11.142857142857144 4.5000000000000009 28.000000000000004 11.000000000000002
decision_type=2 2 2 2 2 2 2 2 2 2 2 2 2
left_child=1 6 3 4 -3 -6 7 9 -7 -1 -9 -12 -13
right_child=-2 2 -4 -5 5 8 -8 10 -10 -11 11 12 -14
leaf_value=-0.089960973102217207 0.39644160853565957 0.13929854379390269 -0.20926130666197418 0.24417636258658335 -0.13593009759441596 0.076124278646784227 -0.21900096662016658 -0.11150967596211923 -0.017543169597588892 -0.18218769777800281 0.057234584980070037 -0.096894577086607189 0.00021962312489313908
leaf_weight=27.399999618530273 20.134666442871094 20.087561130523682 14.636520147323607 29.591096162796021 22.041463255882263 22.587805032730103 8.0926828384399396 17.899999856948853 19.23902440071106 14.999999999999998 12.539999723434446 27.059999704360962 9.5970730781555158
leaf_count=25 5 11 6 8 18 10 7 17 10 15 10 25 7
internal_value=0.00877606 -0.023058 0.0415031 0.0743591 0.0137736 -0.0253913 -0.0936942 -0.083838 0.0323025 -0.123916 -0.0577827 -0.0372601 -0.0706268
internal_weight=265.908 245.773 128.183 113.547 83.9559 63.8683 117.59 109.497 41.8268 42.4 67.0971 49.1971 36.6571
internal_count=174 169 63 57 49 38 106 99 20 40 59 42 32
is_linear=0
shrinkage=0.0364312


Tree=67
num_leaves=14
num_cat=0
split_feature=3 24 18 5 27 27 20 4 18 28 23 27 4
split_gain=2308.31 786.772 738.702 1097.23 306.182 269.121 122.798 92.4907 79.0517 76.3842 65.8048 46.8216 34.9428
threshold=72.000000000000014 27.230769230769234 51.500000000000007 64.500000000000014 28.500000000000004 42.500000000000007 26.500000000000004 957.03500000000008 9.5000000000000018 450.29395604395614 25.84615384615385 10.500000000000002 286.84285714285716
decision_type=2 2 2 2 2 2 2 2 2 2 2 2 2
left_child=1 7 3 4 -3 -6 -7 8 11 -10 -11 -1 -13
right_child=-2 2 -4 -5 5 6 -8 -9 9 10 -12 12 -14
leaf_value=-0.075496418096666712 0.38210253399968086 0.13426027179937719 -0.17595856204881821 0.27973751263706564 -0.13101051994697815 -0.046422311653311003 0.07892759486360916 -0.21116359080390518 0.037826993201079163 -0.10859606241217892 0 -0.19030726396578582 -0.10111731555361225
leaf_weight=34.999999523162842 20.134666442871094 20.087561130523682 17.849853515625 26.377762794494629 22.041463255882263 17.574634313583374 24.252195119857788 8.0926828384399396 11.239999771118162 21.159999847412109 12.197072982788084 13.000000000000002 16.899999856948853
leaf_count=32 5 11 7 7 18 9 11 7 9 20 9 13 16
internal_value=0.00843912 -0.02224 0.0399852 0.0754207 0.0104414 -0.0281767 0.0254539 -0.0903312 -0.0808157 -0.0419754 -0.0699485 -0.106818 -0.141785
internal_weight=265.908 245.773 128.183 110.334 83.9559 63.8683 41.8268 117.59 109.497 44.5971 33.3571 64.9 29.9
internal_count=174 169 63 56 49 38 20 106 99 38 29 61 29
is_linear=0
shrinkage=0.0364312


Tree=68
num_leaves=14
num_cat=0
split_feature=4 20 4 0 15 15 15 3 9 18 4 21 17
split_gain=2189.15 666.169 710.466 1635.69 341.697 258.975 119.669 148.559 93.5628 207.134 29.3445 26.2311 22.0424
threshold=2558.9735714285716 13.000000000000002 2132.7871428571434 64.500000000000014 56.000000000000007 32.500000000000007 26.500000000000004 18.500000000000004 37.100000000000009 37.500000000000007 227.7414285714286 7.5000000000000009 17.500000000000004
decision_type=2 2 2 2 2 2 2 2 2 2 2 2 2
left_child=1 6 3 4 5 -3 7 10 -7 -10 -1 -12 -13
right_child=-2 2 -4 -5 -6 8 -8 -9 9 -11 11 12 -14
leaf_value=-0.14327886483451335 0.33539886172334377 -0.090529556938135483 -0.16118307065391049 0.43301092142637626 -0.12674484150988202 0.164287998624075 -0.20121971804925687 0.022469149873872767 -0.029886002546148857 0.13592800446990039 -0.025909450428327627 -0.13387832148407075 -0.077434784307537474
leaf_weight=14.299999952316282 24.482796430587769 13.257073163986204 20.045691013336182 14.377112388610838 17.753658294677734 15.388536691665648 10.999999999999998 17.471707105636597 18.827804803848267 20.443512558937073 11.499999761581419 14.599999904632567 52.459999322891235
leaf_count=14 6 11 8 3 10 9 11 12 11 7 10 14 48
internal_value=0.00810606 -0.0251232 0.0354822 0.0754096 0.0143601 0.0519472 -0.0853663 -0.0732517 0.0872849 0.0557354 -0.0916416 -0.0815537 -0.0905031
internal_weight=265.908 241.425 120.093 100.048 85.6706 67.9169 121.332 110.332 54.6599 39.2713 92.86 78.56 67.06
internal_count=174 168 59 51 48 38 109 98 27 18 86 72 62
is_linear=0
shrinkage=0.0364312


Tree=69
num_leaves=14
num_cat=0
split_feature=3 20 18 0 21 21 15 3 20 4 21 7 1
split_gain=2052.73 674.788 701.824 934.539 232.451 217.976 111.053 138.238 110.441 27.0787 24.2248 22.9047 51.9966
threshold=72.000000000000014 13.000000000000002 51.500000000000007 64.500000000000014 29.500000000000004 42.500000000000007 26.500000000000004 18.500000000000004 26.500000000000004 227.7414285714286 7.5000000000000009 14.500000000000002 15.500000000000002
decision_type=2 2 2 2 2 2 2 2 2 2 2 2 2
left_child=1 6 3 4 -3 -6 7 9 -7 -1 -11 -12 -13
right_child=-2 2 -4 -5 5 8 -8 -9 -10 10 11 12 -14
leaf_value=-0.13811168778548921 0.36016509766840932 0.12392389350519711 -0.17168865829307217 0.26146191792805146 -0.12183809516210709 -0.043889724234923683 -0.19398486718014216 0.021657335313154037 0.074947504964049574 -0.024977345414156492 -0.042336881597844309 -0.14384980204572698 -0.065990597607584869
leaf_weight=14.299999952316282 20.134666442871094 18.645609855651855 17.849853515625 26.377762794494629 19.741463303565979 17.574634313583374 10.999999999999998 17.471707105636597 24.252195119857788 11.499999761581419 14.799999713897703 21.599999904632568 30.65999960899353
leaf_count=14 5 10 7 7 16 9 11 12 11 10 13 21 28
internal_value=0.00778902 -0.0211342 0.0382628 0.0739326 0.0114711 -0.0222347 -0.0823119 -0.0706231 0.0242096 -0.0883654 -0.0786307 -0.0872415 -0.0991435
internal_weight=265.908 245.773 124.442 106.592 80.2139 61.5683 121.332 110.332 41.8268 92.86 78.56 67.06 52.26
internal_count=174 169 60 53 46 36 109 98 20 86 72 62 49
is_linear=0
shrinkage=0.0364312


Tree=70
num_leaves=14
num_cat=0
split_feature=4 24 0 0 21 23 15 7 4 18 28 23 21
split_gain=1933.31 574.379 788.114 927.741 366.609 213.58 169.266 118.214 93.2463 69.211 70.6004 55.3845 41.0219
threshold=2558.9735714285716 27.230769230769234 73.500000000000014 64.500000000000014 26.500000000000004 62.692307692307701 51.500000000000007 35.500000000000007 957.03500000000008 9.5000000000000018 450.29395604395614 25.84615384615385 10.500000000000002
decision_type=2 2 2 2 2 2 2 2 2 2 2 2 2
left_child=1 8 3 4 -3 6 7 -6 9 12 -11 -12 -1
right_child=-2 2 -4 -5 5 -7 -8 -9 -10 10 11 -13 -14
leaf_value=-0.066882955774464667 0.31505951031757334 0.1875578380678975 -0.22530014815488406 0.28415955371402862 -0.10339491311790293 0.082810755658218591 -0.15240826014721812 0.030181425533314307 -0.20235881373583103 0.041176934449213769 -0.097975629990107657 0 -0.12896730219013483
leaf_weight=34.999999523162842 24.482796430587769 13.387317180633543 13.939024448394774 20.483778953552246 12.859999895095823 20.083512306213379 16.546341419219971 26.53536593914032 8.0926828384399396 11.239999771118162 21.159999847412109 12.197072982788084 29.899999856948853
leaf_count=32 6 6 6 5 12 8 11 14 7 9 20 9 29
internal_value=0.00747942 -0.0237397 0.030801 0.0638548 0.0126171 -0.0180328 -0.0549759 -0.0127656 -0.0814389 -0.0719287 -0.0355706 -0.0625334 -0.0962438
internal_weight=265.908 241.425 123.835 109.896 89.4125 76.0252 55.9417 39.3954 117.59 109.497 44.5971 33.3571 64.9
internal_count=174 168 62 56 51 45 37 26 106 99 38 29 61
is_linear=0
shrinkage=0.0364312


Tree=71
num_leaves=14
num_cat=0
split_feature=3 20 18 5 15 15 2 18 14 3 4 12 12
split_gain=1832.18 579.544 663.155 822.682 210.153 209.877 129.201 140.554 111.283 163.384 22.9614 24.0899 47.9689
threshold=72.000000000000014 13.000000000000002 51.500000000000007 64.500000000000014 56.000000000000007 32.500000000000007 54.500000000000007 37.500000000000007 18.500000000000004 18.500000000000004 227.7414285714286 14.500000000000002 17.500000000000004
decision_type=2 2 2 2 2 2 2 2 2 2 2 2 2
left_child=1 8 3 4 5 -3 -7 -8 9 10 -1 -12 -13
right_child=-2 2 -4 -5 -6 6 7 -9 -10 -11 11 12 -14
leaf_value=-0.12962279609785959 0.34011068981083514 -0.086512603794328916 -0.16917368929599028 0.24554746957779475 -0.10616565774099122 0.16733152884955776 -0.027428660053455841 0.11435271664320772 -0.2005044708709732 0.046511787191149581 -0.032301382065388712 -0.13625642126644139 -0.063903183329371963
leaf_weight=14.299999952316282 20.134666442871094 13.257073163986204 17.849853515625 26.377762794494629 15.960975408554075 14.388536691665648 19.827804803848267 16.779512524604797 9.0926828384399396 14.379024267196653 17.099999666213989 18.599999904632568 47.859999418258667
leaf_count=14 5 11 7 7 9 8 12 6 8 10 15 18 44
internal_value=0.00719567 -0.0201223 0.0349087 0.0695935 0.0109605 0.0407686 0.0746874 0.0368109 -0.0768234 -0.0662482 -0.083215 -0.0746468 -0.084927
internal_weight=265.908 245.773 124.442 106.592 80.2139 64.2529 50.9959 36.6073 121.332 112.239 97.86 83.56 66.46
internal_count=174 169 60 53 46 37 26 18 109 101 91 77 62
is_linear=0
shrinkage=0.0364312


Tree=72
num_leaves=14
num_cat=0
split_feature=6 3 3 22 14 4 6 26 14 4 6 7 0
split_gain=1162.25 437.022 803.211 338.824 376.797 132.29 196.341 120.531 79.4179 77.6853 32.6276 28.7981 46.4267
threshold=73.500000000000014 51.500000000000007 48.500000000000007 15.000000000000002 25.500000000000004 1529.1207142857145 53.000000000000007 889.94241758241765 26.500000000000004 757.37571428571448 8.5000000000000018 26.500000000000004 12.500000000000002
decision_type=2 2 2 2 2 2 2 2 2 2 2 2 2
left_child=1 2 3 7 -5 6 8 9 -6 10 -1 12 -12
right_child=-2 -3 -4 4 5 -7 -8 -9 -10 -11 11 -13 -14
leaf_value=-0.13081757021276655 0.17092222962468132 -0.22407473180920984 0.22701425445054552 0.15785807520411946 0.0020010076754216561 -0.13104757566056063 0.094041413557660769 -0.21127390456776421 -0.12434475061048496 0.0098264016159691422 -0.096798288409600863 -0.13481084335430324 -0.031952476012118487
leaf_weight=16.899999856948853 43.416045188903809 15.024227499961851 15.795824527740477 18.868780374526978 11.89634156227112 12.939024567604063 17.657561063766479 8.9999999999999982 13.33999991416931 13.158292531967161 27.759999752044678 8.9999999999999982 36.159999370574951
leaf_count=16 12 7 4 11 8 8 6 9 12 9 26 9 32
internal_value=-0.000714533 -0.0352265 -0.0208912 -0.0422139 0.01748 -0.0296287 0.000498711 -0.0823166 -0.0637496 -0.0704272 -0.0825664 -0.0706705 -0.060812
internal_weight=260.916 217.5 202.476 186.68 74.7017 55.8329 42.8939 111.978 25.2363 102.978 89.82 72.92 63.92
internal_count=169 157 150 146 45 34 26 101 20 92 83 67 58
is_linear=0
shrinkage=0.0364312


Tree=73
num_leaves=14
num_cat=0
split_feature=6 20 3 4 20 6 26 23 18 18 2 1 21
split_gain=1079.62 416.509 755.868 430.957 253.718 142.606 109.279 78.1106 59.9179 104.768 93.6843 36.8208 24.9398
threshold=73.500000000000014 13.000000000000002 51.500000000000007 1996.0914285714289 15.000000000000002 53.000000000000007 889.94241758241765 44.846153846153854 9.5000000000000018 10.500000000000002 24.500000000000004 33.166666666666679 7.5000000000000009
decision_type=2 2 2 2 2 2 2 2 2 2 2 2 2
left_child=1 6 3 4 -3 7 8 -6 12 10 -10 -9 -1
right_child=-2 2 -4 -5 5 -7 -8 11 9 -11 -12 -13 -14
leaf_value=-0.047535562169483417 0.16471614326285927 0.16135381042833949 -0.21598982928211927 0.24834288029668872 -0.12850394916037741 0.065991980185025778 -0.20369955848325313 0.03357523907106922 0.10368018640552257 -0.083129600941350773 -0.047646123434414836 -0.056246787854427008 -0.11051987258213609
leaf_weight=13.499999761581419 43.416045188903809 14.490731716156004 15.024227499961851 13.814816355705259 12.025365948677061 20.984910726547241 8.9999999999999982 11.04024386405945 9.7999997138977069 30.959999561309814 11.518292665481566 12.541463494300841 42.799999713897705
leaf_count=12 12 7 7 4 9 7 9 8 7 28 9 9 41
internal_value=-0.000701954 -0.0339692 0.0204309 0.0629762 0.0260293 -0.00833548 -0.0804629 -0.0532006 -0.0696696 -0.0402559 0.0205341 -0.0127851 -0.0961932
internal_weight=260.916 217.5 99.9218 84.8975 71.0827 56.592 117.578 35.6071 108.578 52.2783 21.3183 23.5817 56.3
internal_count=169 157 51 44 40 33 106 26 97 44 16 17 53
is_linear=0
shrinkage=0.0364312


Tree=74
num_leaves=14
num_cat=0
split_feature=6 20 3 4 20 6 26 23 18 18 2 21 21
split_gain=1002.79 387.217 702.412 400.346 235.744 132.51 101.453 72.5671 55.5786 97.2898 87.1117 28.639 22.9736
threshold=73.500000000000014 13.000000000000002 51.500000000000007 1996.0914285714289 15.000000000000002 53.000000000000007 889.94241758241765 44.846153846153854 9.5000000000000018 10.500000000000002 24.500000000000004 46.500000000000007 7.5000000000000009
decision_type=2 2 2 2 2 2 2 2 2 2 2 2 2
left_child=1 6 3 4 -3 7 8 -6 12 10 -10 -9 -1
right_child=-2 2 -4 -5 5 -7 -8 11 9 -11 -12 -13 -14
leaf_value=-0.045822278490018159 0.15873539851473731 0.15553401661179841 -0.20819662598815056 0.23938987328978645 -0.12387844007143856 0.063604388823301869 -0.19639675926181072 -0.053390186724408144 0.099958319700361883 -0.080115275859724333 -0.04593199909499715 0.025493177201424647 -0.10650716040787167
leaf_weight=13.499999761581419 43.416045188903809 14.490731716156004 15.024227499961851 13.814816355705259 12.025365948677061 20.984910726547241 8.9999999999999982 11.700243949890138 9.7999997138977069 30.959999561309814 11.518292665481566 11.881463408470152 42.799999713897705
leaf_count=12 12 7 7 4 9 7 9 10 7 28 9 7 41
internal_value=-0.000683572 -0.0327501 0.0196923 0.060717 0.0250867 -0.0080175 -0.0775813 -0.0512849 -0.0671637 -0.0387921 0.019741 -0.0122711 -0.092726
internal_weight=260.916 217.5 99.9218 84.8975 71.0827 56.592 117.578 35.6071 108.578 52.2783 21.3183 23.5817 56.3
internal_count=169 157 51 44 40 33 106 26 97 44 16 17 53
is_linear=0
shrinkage=0.0364312


Tree=75
num_leaves=14
num_cat=0
split_feature=11 20 3 4 21 21 25 18 18 2 1 7 12
split_gain=931.441 359.994 652.739 371.907 232.074 183.918 70.3929 46.1031 98.6512 81.0014 45.903 29.5131 35.0451
threshold=73.500000000000014 13.000000000000002 51.500000000000007 1996.0914285714289 29.500000000000004 42.500000000000007 748.33802197802208 9.5000000000000018 10.500000000000002 24.500000000000004 52.166666666666679 26.500000000000004 24.500000000000004
decision_type=2 2 2 2 2 2 2 2 2 2 2 2 2
left_child=1 6 3 4 -3 -6 7 -1 9 -9 -7 12 -10
right_child=-2 2 -4 -5 5 10 -8 8 11 -11 -12 -13 -14
leaf_value=-0.089384613232154644 0.15297182139263699 0.13832210503482475 -0.20068461408100888 0.2307596293697344 -0.11930663212194004 -0.0099024632494395925 -0.17455044725581648 0.096370063384190699 -0.10975705989560894 -0.044279543392721096 0.068551953788051512 -0.13291520500200701 -0.009214911114729234
leaf_weight=56.299999475479126 43.416045188903809 17.645609855651855 15.024227499961851 13.814816355705259 15.37560975551605 18.737560868263245 8.9999999999999982 9.7999997138977069 8.2999999523162895 11.518292665481566 19.323935270309448 10.599999904632567 12.05999970436096
leaf_count=53 12 9 7 4 13 11 9 7 8 9 7 10 10
internal_value=-0.000665898 -0.0315754 0.0189801 0.058539 0.0241777 -0.0131405 -0.074804 -0.0659942 -0.0399644 0.0189763 0.0291308 -0.0815633 -0.0523822
internal_weight=260.916 217.5 99.9218 84.8975 71.0827 53.4371 117.578 108.578 52.2783 21.3183 38.0615 30.96 20.36
internal_count=169 157 51 44 40 31 106 97 44 16 18 28 18
is_linear=0
shrinkage=0.0364312


Tree=76
num_leaves=14
num_cat=0
split_feature=6 20 24 15 1 3 26 20 22 8 4 2 19
split_gain=865.305 334.721 608.375 465.501 325.112 118.785 88.5533 49.7854 156.784 28.1425 83.5083 32.6022 19.7494
threshold=73.500000000000014 13.000000000000002 42.65384615384616 56.000000000000007 35.333333333333336 46.500000000000007 889.94241758241765 8.5000000000000018 11.000000000000002 478.09428571428572 380.36857142857144 20.500000000000004 11.500000000000002
decision_type=2 2 2 2 2 2 2 2 2 2 2 2 2
left_child=1 6 4 5 -3 -4 7 9 -9 10 12 -12 -1
right_child=-2 2 3 -5 -6 -7 -8 8 -10 -11 11 -13 -14
leaf_value=-0.070637654524869434 0.14741751645992429 -0.022424074824782182 -0.046339937722489365 -0.21287331451231267 0.17911585636788585 0.089850194143392667 -0.18326382803005997 0.07084684348807517 -0.095262663142841472 -0.13076992788900449 -0.055034876223419398 0.030977997236817309 -0.12720277334204491
leaf_weight=24.099999666213989 43.416045188903809 15.3973171710968 19.064390182495117 18.524227499961853 31.988312482833862 14.947512269020079 8.9999999999999982 13.278292417526247 16.799999713897705 12.599999904632567 10.899999856948854 11.899999856948851 19
leaf_count=22 12 12 14 10 10 5 9 8 15 12 10 11 19
internal_value=-0.000660285 -0.0304569 0.0182818 -0.0665959 0.11303 0.0126253 -0.0721426 -0.0623796 -0.0207967 -0.0778035 -0.0668851 -0.00871896 -0.0967201
internal_weight=260.916 217.5 99.9218 52.5361 47.3856 34.0119 117.578 108.578 30.0783 78.5 65.9 22.8 43.1
internal_count=169 157 51 29 22 19 106 97 23 74 62 21 41
is_linear=0
shrinkage=0.0364312


Tree=77
num_leaves=14
num_cat=0
split_feature=6 4 0 15 21 22 6 25 18 21 9 23 24
split_gain=803.925 280.064 967.506 189.854 296.808 232.719 104.147 50.3241 46.1106 80.6913 32.5241 24.0326 22.5878
threshold=73.500000000000014 2221.5292857142863 64.500000000000014 29.500000000000004 26.500000000000004 24.500000000000004 48.500000000000007 824.20780219780238 9.5000000000000018 15.500000000000002 24.900000000000002 20.115384615384617 12.461538461538462
decision_type=2 2 2 2 2 2 2 2 2 2 2 2 2
left_child=1 2 3 7 -5 -6 -7 8 12 -10 11 -11 -1
right_child=-2 -3 -4 4 5 6 -8 -9 9 10 -12 -13 -14
leaf_value=-0.06927773848590385 0.14206487543603344 -0.17363134324312174 0.28600009048164632 0.15762110276239363 -0.14377457059139503 -0.04282913399609007 0.074338777752678289 -0.15388463466598151 0.048012154688275445 -0.036546688227813012 0 -0.10381777426472917 -0.13283900462782544
leaf_weight=43.999999523162842 43.416045188903809 16.415121912956238 12.882978916168211 14.070975780487059 16.363414645195007 18.71195125579834 21.042927026748657 8.5599999427795392 11.799999713897703 15.199999809265135 8.9526827335357648 18.199999809265137 11.299999952316282
leaf_count=41 12 7 3 6 12 14 8 8 9 14 7 17 11
internal_value=-0.000659406 -0.0293846 -0.0173197 -0.0384722 0.00853135 -0.028546 0.0183655 -0.0666976 -0.059367 -0.0342259 -0.0580407 -0.074529 -0.0832063
internal_weight=260.916 217.5 201.085 188.202 70.1893 56.1183 39.7549 118.013 109.453 54.1527 42.3527 33.4 55.3
internal_count=169 157 150 147 40 34 22 107 99 47 38 31 52
is_linear=0
shrinkage=0.0364312


Tree=78
num_leaves=14
num_cat=0
split_feature=6 20 24 15 15 3 10 4 25 6 20 19 9
split_gain=746.745 295.808 542.429 413.736 299.842 104.406 61.173 87.0904 67.095 26.8433 26.142 39.946 36.1638
threshold=73.500000000000014 13.000000000000002 42.65384615384616 56.000000000000007 40.500000000000007 46.500000000000007 656.89571428571446 668.82857142857154 721.88505494505512 8.5000000000000018 3.5000000000000004 16.071428571428573 18.900000000000002
decision_type=2 2 2 2 2 2 2 2 2 2 2 2 2
left_child=1 6 4 5 -3 -4 7 9 -8 -1 -11 -12 -13
right_child=-2 2 3 -5 -6 -7 8 -9 -10 10 11 12 -14
leaf_value=-0.11064534129543672 0.13690658426866273 0.013476351732543339 -0.043226262048434584 -0.20056419835117112 0.1982622800007835 0.084425341763278011 -0.067303542783625464 0.037181636155325749 -0.20703893930199038 -0.097155710772150003 0 -0.11638187769086064 -0.033038575987417405
leaf_weight=16.899999856948853 43.416045188903809 23.686097741127014 19.064390182495117 18.524227499961853 23.69953191280365 14.947512269020079 12.818292617797853 11.539999723434446 8.2999999523162824 16.599999904632568 19.359999656677246 12.299999952316282 19.759999752044678
leaf_count=16 12 15 14 10 7 5 10 9 8 16 17 12 18
internal_value=-0.00064341 -0.0283329 0.0174695 -0.0626525 0.10695 0.0119793 -0.0675253 -0.0544365 -0.124896 -0.0673368 -0.0558542 -0.0416113 -0.0664725
internal_weight=260.916 217.5 99.9218 52.5361 47.3856 34.0119 117.578 96.46 21.1183 84.92 68.02 51.42 32.06
internal_count=169 157 51 29 22 19 106 88 18 79 63 47 30
is_linear=0
shrinkage=0.0364312


Tree=79
num_leaves=14
num_cat=0
split_feature=21 20 23 21 23 15 14 26 20 22 8 0 12
split_gain=708.088 349.647 485.365 220.422 306.649 288.868 160.42 77.1582 43.883 136.437 28.4569 74.1744 50.6183
threshold=82.500000000000014 13.000000000000002 27.230769230769234 42.500000000000007 40.923076923076927 56.000000000000007 26.500000000000004 889.94241758241765 8.5000000000000018 11.000000000000002 478.09428571428572 12.500000000000002 17.500000000000004
decision_type=2 2 2 2 2 2 2 2 2 2 2 2 2
left_child=1 7 -3 6 -5 -6 -4 8 10 -10 11 -1 -13
right_child=-2 2 3 4 5 -7 -8 -9 9 -11 -12 12 -14
leaf_value=-0.088648163845612429 0.1800091014218603 0.22983144967237226 0.0033347210126772409 0.14845120228229716 0.072530403346735051 -0.090941209449784149 -0.17358883433550024 -0.16890041729103114 0.068479315329940157 -0.086503819040171875 -0.12329676785151454 -0.071759615822220138 0.035439029670480564
leaf_weight=42.099999666213989 25.757573843002319 13.268780469894407 11.89634156227112 20.504084825515747 26.443544745445251 30.835772037506104 14.631707310676573 8.9999999999999982 13.278292417526247 16.799999713897705 12.599999904632567 9.5999999046325701 14.199999809265135
leaf_count=40 7 6 8 6 12 13 11 9 8 15 12 9 13
internal_value=-0.000638573 -0.020672 0.0235228 -0.00267234 0.0279295 -0.0148764 -0.0933634 -0.0651366 -0.0560018 -0.0169375 -0.0704697 -0.0595944 -0.00652582
internal_weight=260.916 235.159 117.58 104.311 77.7834 57.2793 26.528 117.578 108.578 30.0783 78.5 65.9 23.8
internal_count=169 162 56 50 31 25 19 106 97 23 74 62 22
is_linear=0
shrinkage=0.0364312


Tree=80
num_leaves=14
num_cat=0
split_feature=24 24 14 24 23 23 21 16 14 20 18 20 8
split_gain=614.563 490.223 981.849 582.61 211.774 194.511 186.488 79.6915 75.5617 59.5583 57.3202 26.086 35.3106
threshold=27.230769230769234 78.923076923076934 60.500000000000007 42.65384615384616 62.692307692307701 32.807692307692314 40.500000000000007 51.500000000000007 19.500000000000004 8.5000000000000018 10.500000000000002 5.5000000000000009 478.09428571428572
decision_type=2 2 2 2 2 2 2 2 2 2 2 2 2
left_child=8 2 3 5 7 -2 -7 -5 9 11 -11 12 -1
right_child=1 -3 -4 4 -6 6 -8 -9 -10 10 -12 -13 -14
leaf_value=-0.042638987137457389 0.23976443100656769 -0.099572668889612817 0.30037969458174768 -0.045543100020534667 0.036407540500752726 -0.0089695835957037673 0.16131467990606524 -0.16645426833437615 -0.16048570762931746 0.061244741504539769 -0.043738570661065693 -0.12668977249455168 -0.11784639914233333
leaf_weight=65.499999284744263 14.710731744766234 22.325066566467285 22.798133134841919 15.690894365310671 23.654178857803345 16.152439117431641 17.100995421409607 15.426829218864439 8.3970732688903791 11.718292474746706 16.359999656677246 7.9999999999999991 10.299999952316282
leaf_count=61 7 8 5 11 9 11 5 10 7 7 14 8 10
internal_value=0.00672337 0.0565578 0.0846833 0.0361235 -0.0445552 0.12883 0.0778844 -0.107091 -0.0542463 -0.0457645 0 -0.0611276 -0.0535216
internal_weight=268.135 147.859 125.534 102.736 54.7719 47.9642 33.2534 31.1177 120.275 111.878 28.0783 83.8 75.8
internal_count=173 66 58 53 30 23 16 21 107 100 21 79 71
is_linear=0
shrinkage=0.0364312


Tree=81
num_leaves=14
num_cat=0
split_feature=7 23 24 21 25 25 26 9 0 1 15 3 21
split_gain=602.372 855.307 138.962 529.712 165.03 108.416 79.891 73.3813 68.4468 153.804 40.7872 16.1523 41.8375
threshold=66.500000000000014 73.884615384615401 27.230769230769234 26.500000000000004 1609.6701098901101 1185.2631868131868 1134.3699450549452 68.90000000000002 23.500000000000004 20.166666666666668 23.500000000000004 5.5000000000000009 9.5000000000000018
decision_type=2 2 2 2 2 2 2 2 2 2 2 2 2
left_child=2 7 8 -4 5 6 -5 -2 9 11 -10 -1 -13
right_child=1 -3 3 4 -6 -7 -8 -9 10 -11 -12 12 -14
leaf_value=-0.088816592630662911 0.122962042694422 -0.087729097841464154 0.23790957380905794 -0.08673289307808825 0.088145623969184947 -0.1380234434663376 0.032651009248696114 0.21396944244675936 -0.060935890166685061 0.08825173526597048 -0.16228243822950308 0.0044332152190358345 -0.061265452503458252
leaf_weight=16.899999856948853 26.327011346817017 24.227505564689636 11.387317180633543 13.221951246261598 11.654178977012633 16.641463398933411 16.150488018989563 28.249352693557739 13.992682695388796 11.037073135375975 10.725609779357908 15.799999713897703 51.81999945640564
leaf_count=16 9 9 4 9 4 14 10 7 12 8 9 14 48
internal_value=0.00645463 0.0911034 -0.0286381 0.0121323 -0.0323376 -0.0637863 -0.0200773 0.171147 -0.0523205 -0.0376726 -0.107 -0.0546497 -0.045426
internal_weight=268.135 78.8039 189.331 69.0554 57.6681 46.0139 29.3724 54.5764 120.275 95.5571 24.7183 84.52 67.62
internal_count=173 25 148 41 37 33 19 16 107 86 21 78 62
is_linear=0
shrinkage=0.0364312


Tree=82
num_leaves=14
num_cat=0
split_feature=7 23 24 21 17 25 24 14 9 20 15 20 20
split_gain=559.495 794.765 129.21 492.209 153.412 100.684 74.1756 70.4461 67.8428 56.5575 56.4676 23.8528 31.6736
threshold=66.500000000000014 73.884615384615401 27.230769230769234 26.500000000000004 75.500000000000014 1185.2631868131868 38.807692307692314 19.500000000000004 68.90000000000002 8.5000000000000018 19.500000000000004 5.5000000000000009 4.5000000000000009
decision_type=2 2 2 2 2 2 2 2 2 2 2 2 2
left_child=2 8 7 -4 5 6 -5 9 -2 11 -11 12 -1
right_child=1 -3 3 4 -6 -7 -8 -9 -10 10 -12 -13 -14
leaf_value=-0.065506948375735299 0.11850703949506018 -0.084552135232032949 0.22935173776780357 -0.07942885225458643 0.08497402481161237 -0.13303872154253313 0.035070520432658847 -0.15298911143941368 0.20621426659065023 -0.049842191692256975 0.052882455559236111 -0.11996481015997716 -0.012024077667665348
leaf_weight=52.999999523162842 26.327011346817017 24.227505564689636 11.387317180633543 14.221951246261598 11.654178977012633 16.641463398933411 15.150488018989561 8.3970732688903791 28.249352693557739 13.75999975204468 14.318292379379271 7.9999999999999991 22.799999713897705
leaf_count=50 9 9 4 10 4 14 9 7 7 12 9 8 21
internal_value=0.00621679 0.0878011 -0.0275988 0.0117006 -0.0311472 -0.0614846 -0.0193127 -0.0504373 0.164967 -0.0422416 0.00131507 -0.057226 -0.0499304
internal_weight=268.135 78.8039 189.331 69.0554 57.6681 46.0139 29.3724 120.275 54.5764 111.878 28.0783 83.8 75.8
internal_count=173 25 148 41 37 33 19 107 16 100 21 79 71
is_linear=0
shrinkage=0.0364312


Tree=83
num_leaves=14
num_cat=0
split_feature=21 24 14 24 24 25 15 0 1 15 3 21 17
split_gain=538.758 257.215 555.569 190.675 288.748 192.366 79.5415 66.2402 142.157 36.7298 15.1583 38.7774 28.4041
threshold=82.500000000000014 27.230769230769234 23.500000000000004 42.65384615384616 38.807692307692314 1609.6701098901101 51.500000000000007 23.500000000000004 20.166666666666668 23.500000000000004 5.5000000000000009 9.5000000000000018 19.500000000000004
decision_type=2 2 2 2 2 2 2 2 2 2 2 2 2
left_child=1 7 -3 4 -4 6 -5 8 10 -9 -1 -12 -13
right_child=-2 2 3 5 -6 -7 -8 9 -10 -11 11 12 -14
leaf_value=-0.083619669386556281 0.16398424716948326 0.25283559625834789 -0.040617173246167038 -0.041067797884207564 0.16641300113625795 0.015737972102971239 -0.16162902287117645 -0.058434730561084787 0.086802618638635115 -0.15497641961060593 0.0063201755691802671 -0.1096739055322087 -0.041031187175131212
leaf_weight=16.899999856948853 25.757573843002319 12.710731744766234 16.418048858642578 15.690894365310671 18.835385680198669 43.019804716110229 15.426829218864439 13.992682695388796 11.037073135375975 10.725609779357908 15.799999713897703 11.299999952316282 40.519999504089355
leaf_count=16 7 5 10 11 8 15 10 12 8 9 14 11 37
internal_value=0.00597677 -0.0107602 0.0262893 -1.90067e-05 0.0692458 -0.0334935 -0.102421 -0.0486466 -0.0342491 -0.102383 -0.0505886 -0.0416594 -0.0569326
internal_weight=268.135 242.377 122.102 109.391 35.2534 74.1375 31.1177 120.275 95.5571 24.7183 84.52 67.62 51.82
internal_count=173 166 59 54 18 36 21 107 86 21 78 62 48
is_linear=0
shrinkage=0.0364312


Tree=84
num_leaves=11
num_cat=0
split_feature=21 0 10 23 15 15 3 20 21 8
split_gain=500.511 247.868 558.007 145.193 146.199 213.312 102.412 102.481 264.725 39.6021
threshold=82.500000000000014 82.500000000000014 1652.0842857142859 62.692307692307701 51.500000000000007 37.500000000000007 26.500000000000004 8.5000000000000018 15.500000000000002 478.09428571428572
decision_type=2 2 2 2 2 2 2 2 2 2
left_child=1 2 3 4 5 6 7 9 -9 -1
right_child=-2 -3 -4 -5 -6 -7 -8 8 -10 -11
leaf_value=-0.045341972893776249 0.15804370340831994 -0.15576986169984294 0.13413261863003048 0.096408084698179783 -0.14216019779038724 0.068999906273092895 -0.15408350559124745 0.18302440027734729 -0.033533940097875123 -0.12112024325189034
leaf_weight=73.499999284744263 25.757573843002319 14.482276439666746 34.266978740692139 11.963414669036863 14.999999999999998 27.402195334434509 9.9999999999999982 9.3390243053436262 35.123170495033264 11.299999952316282
leaf_count=69 7 5 10 5 11 12 10 5 28 11
internal_value=0.00574492 -0.0103822 -0.000897361 -0.025056 -0.0333165 -0.0231969 -0.0416402 -0.0325096 0.0116245 -0.0560385
internal_weight=268.135 242.377 227.895 193.628 181.664 166.664 139.262 129.262 44.4622 84.8
internal_count=173 166 161 151 146 135 123 113 33 80
is_linear=0
shrinkage=0.0364312


Tree=85
num_leaves=12
num_cat=0
split_feature=21 0 10 23 15 15 6 1 10 0 18
split_gain=464.953 230.292 518.303 134.989 135.772 198.237 65.5553 152.657 108.034 64.555 18.8336
threshold=82.500000000000014 82.500000000000014 1652.0842857142859 62.692307692307701 51.500000000000007 37.500000000000007 26.500000000000004 20.166666666666668 751.10785714285737 28.500000000000004 13.500000000000002
decision_type=2 2 2 2 2 2 2 2 2 2 2
left_child=1 2 3 4 5 6 7 10 -9 -8 -1
right_child=-2 -3 -4 -5 -6 -7 9 8 -10 -11 -12
leaf_value=-0.055741830614617301 0.1523183611183099 -0.15015149763586857 0.12926669606098767 0.092938076958096777 -0.13703094451371078 0.066499451019179243 -0.028400369821231085 0.12187007234306088 -0.028000790970229759 -0.14341010868604559 0
leaf_weight=78.059999227523804 25.757573843002319 14.482276439666746 34.266978740692139 11.963414669036863 14.999999999999998 27.402195334434509 13.257073163986208 13.379024267196657 11.440243959426878 14.665853619575499 8.4599997997283918
leaf_count=73 7 5 10 5 11 12 11 9 10 13 7
internal_value=0.00552598 -0.0100129 -0.000864987 -0.0241537 -0.0321238 -0.0223627 -0.0401478 -0.0271138 0.0516387 -0.090473 -0.0501539
internal_weight=268.135 242.377 227.895 193.628 181.664 166.664 139.262 111.339 24.8193 27.9229 86.52
internal_count=173 166 161 151 146 135 123 99 19 24 80
is_linear=0
shrinkage=0.0364312


Tree=86
num_leaves=14
num_cat=0
split_feature=27 24 14 24 24 23 17 15 14 20 15 8 4
split_gain=431.909 216.459 493.673 176.693 262.486 165.466 190.77 80.7391 65.2367 46.0211 51.1364 21.9762 40.5826
threshold=82.500000000000014 27.230769230769234 23.500000000000004 42.65384615384616 38.807692307692314 60.730769230769234 95.500000000000014 51.500000000000007 19.500000000000004 8.5000000000000018 19.500000000000004 478.09428571428572 380.36857142857144
decision_type=2 2 2 2 2 2 2 2 2 2 2 2 2
left_child=1 8 -3 4 -4 7 -7 -5 9 11 -11 12 -1
right_child=-2 2 3 5 -6 6 -8 -9 -10 10 -12 -13 -14
leaf_value=-0.06282171994406445 0.14680044222390559 0.23787811070794276 -0.03846991116178327 -0.035230645320487933 0.15885652392860322 0.088982744193358859 -0.063535918842460168 -0.15649322311251879 -0.14298234212783653 -0.045925878200604731 0.051753595769286218 -0.10215411680602869 -0.0052213970816881242
leaf_weight=46.399999618530273 25.757573843002319 12.710731744766234 16.418048858642578 15.690894365310671 18.835385680198669 21.788292407989502 21.310861825942993 15.347479701042174 8.3970732688903791 13.75999975204468 14.318292379379271 10.299999952316282 27.099999666213989
leaf_count=44 7 5 10 11 8 8 8 9 7 12 9 10 25
internal_value=0.00531736 -0.00965428 0.024319 -0.000462377 0.0661988 -0.0326953 0.0128061 -0.0967543 -0.0444191 -0.0365355 0.00266609 -0.0500655 -0.0421074
internal_weight=268.135 242.377 122.102 109.391 35.2534 74.1375 43.0992 31.0384 120.275 111.878 28.0783 83.8 73.5
internal_count=173 166 59 54 18 36 16 20 107 100 21 79 69
is_linear=0
shrinkage=0.0364312


Tree=87
num_leaves=11
num_cat=0
split_feature=6 23 4 23 15 15 3 17 15 0
split_gain=407.803 321.072 492.807 105.974 126.057 175.961 89.5609 88.3738 72.7404 48.6509
threshold=73.500000000000014 78.923076923076934 1996.0914285714289 62.692307692307701 51.500000000000007 37.500000000000007 26.500000000000004 40.500000000000007 25.500000000000004 23.500000000000004
decision_type=2 2 2 2 2 2 2 2 2 2
left_child=1 2 3 4 5 6 7 9 -9 -1
right_child=-2 -3 -4 -5 -6 -7 -8 8 -10 -11
leaf_value=-0.033142103912242968 0.10321529255598602 -0.21690670055294575 0.16360918241498773 0.0912909847162581 -0.13151759495216381 0.062678043139593034 -0.14295314474456253 -0.037162347876330652 0.088187523874721993 -0.10610651355590428
leaf_weight=90.397072315216064 46.416045188903809 9.8780486583709699 20.424409866333008 9.7517399787902814 14.999999999999998 27.402195334434509 9.9999999999999982 10.459999799728395 13.712439179420469 14.692682743072508
leaf_count=82 13 5 6 3 11 12 10 9 9 13
internal_value=0.00510072 -0.0153372 -0.00563186 -0.0239819 -0.0304287 -0.0210158 -0.037781 -0.0292249 0.0326216 -0.0438057
internal_weight=268.135 221.719 211.841 191.416 181.664 166.664 139.262 129.262 24.1724 105.09
internal_count=173 160 155 149 146 135 123 113 18 95
is_linear=0
shrinkage=0.0364312


Tree=88
num_leaves=12
num_cat=0
split_feature=27 0 19 11 7 4 1 8 15 2 15
split_gain=669.892 246.604 375.16 167.597 615.946 123.478 187.147 111.698 104.296 89.8799 51.4197
threshold=82.500000000000014 82.500000000000014 73.142857142857153 69.000000000000014 66.500000000000014 1676.3742857142861 35.333333333333336 630.32214285714304 42.500000000000007 37.500000000000007 23.500000000000004
decision_type=2 2 2 2 2 2 2 2 2 2 2
left_child=1 2 3 4 5 6 7 9 -8 -1 -9
right_child=-2 -3 -4 -5 -6 -7 8 10 -10 -11 -12
leaf_value=-0.036548848037452342 0.16277119020423242 -0.18164417239358568 0.19481927831172915 -0.14182821977057816 0.22985751924636386 -0.14567216394165622 0.11430464299908584 -0.034917990487241257 0 0.076483118703211297 -0.14503681817688188
leaf_weight=91.119998931884766 30.662907361984253 11.482276439666746 11.176682710647581 13.960975527763365 12.936117172241209 11.202959418296812 16.858048796653748 9.6926827430725115 27.145366072654724 10.096097707748411 18
leaf_count=84 8 4 3 6 4 6 7 8 15 6 18
internal_value=0.00297636 -0.0179323 -0.00920255 -0.0203002 -0.0114157 -0.0287244 -0.0208306 -0.0431008 0.0435514 -0.0248382 -0.108125
internal_weight=264.334 233.671 222.189 211.012 197.051 184.115 172.912 128.909 44.0034 101.216 27.6927
internal_count=169 161 157 154 148 144 138 116 22 90 26
is_linear=0
shrinkage=0.0364312


Tree=89
num_leaves=14
num_cat=0
split_feature=6 8 0 10 1 26 20 8 2 15 26 17 22
split_gain=633.507 314.678 586.369 120.721 171.692 109.591 130.896 103.877 83.5589 47.5644 50.8311 28.051 41.1442
threshold=73.500000000000014 1808.941428571429 64.500000000000014 1495.1314285714286 35.333333333333336 1094.2830219780221 36.000000000000007 630.32214285714304 37.500000000000007 23.500000000000004 1081.0656043956046 24.500000000000004 4.5000000000000009
decision_type=2 2 2 2 2 2 2 2 2 2 2 2 2
left_child=1 2 3 4 7 -6 -7 8 11 -9 -11 12 -1
right_child=-2 -3 -4 -5 5 6 -8 9 -10 10 -12 -13 -14
leaf_value=-0.049911329049155469 0.12201348313357609 -0.17644414456503568 0.22518061047620452 -0.14286414660146105 0.12603042118093363 -0.067502019274624875 0.077108336731095545 -0.033664723921217624 0.073736384668945082 -0.19598543873580085 -0.063050709690414736 -0.057898305986662985 0.015221308069933303
leaf_weight=24.499999761581421 48.321378707885742 16.415121912956238 12.882978916168211 11.25609767436981 13.640975594520567 16.740487813949585 16.168292880058289 9.6926827430725115 10.096097707748411 10.000000000000002 7.9999999999999991 40.919999599456787 25.699999570846558
leaf_count=23 13 7 3 7 5 11 7 8 6 10 8 38 23
internal_value=0.00285736 -0.0237013 -0.0108464 -0.0274803 -0.0197683 0.039739 0.00252337 -0.0415461 -0.0239188 -0.104265 -0.139795 -0.0352195 -0.0159301
internal_weight=264.334 216.013 199.598 186.715 175.459 46.5498 32.9088 128.909 101.216 27.6927 18 91.12 50.2
internal_count=169 156 149 146 139 23 18 116 90 26 18 84 46
is_linear=0
shrinkage=0.0364312


Tree=90
num_leaves=12
num_cat=0
split_feature=21 0 26 11 4 4 1 8 15 2 15
split_gain=602.918 227.181 340.588 148.82 678.002 74.5265 155.226 96.772 91.4782 77.689 44.0883
threshold=82.500000000000014 82.500000000000014 1895.8149450549454 69.000000000000014 1996.0914285714289 1529.1207142857145 35.333333333333336 630.32214285714304 42.500000000000007 37.500000000000007 23.500000000000004
decision_type=2 2 2 2 2 2 2 2 2 2 2
left_child=1 2 3 4 5 6 7 9 -8 -1 -9
right_child=-2 -3 -4 -5 -6 -7 8 10 -10 -11 -12
leaf_value=-0.033941753090127806 0.15433890668270994 -0.17422994345261583 0.13844072362397827 -0.13707580308262929 0.27628467027241843 -0.099802404756143118 0.10734947948414754 -0.032456439568138644 -0.014032820558361605 0.07108829166445424 -0.13484786632614787
leaf_weight=91.119998931884766 30.662907361984253 11.482276439666746 18.881560921669006 13.960975527763365 9.9483122825622541 18.556617856025696 16.858048796653751 9.6926827430725115 15.074634313583372 10.096097707748411 18
leaf_count=84 8 4 6 6 3 10 7 8 9 6 18
internal_value=0.00273596 -0.0170932 -0.00870783 -0.0226336 -0.0139136 -0.0304105 -0.0221061 -0.0400649 0.0491632 -0.0230359 -0.100613
internal_weight=264.334 233.671 222.189 203.307 189.346 179.398 160.841 128.909 31.9327 101.216 27.6927
internal_count=169 161 157 151 145 142 132 116 16 90 26
is_linear=0
shrinkage=0.0364312


Tree=91
num_leaves=11
num_cat=0
split_feature=4 4 21 10 4 20 25 2 12 4
split_gain=567.194 1071.01 647.313 282.705 83.287 123.676 248.711 183.581 128.992 87.7003
threshold=2558.9735714285716 2221.5292857142863 91.000000000000014 1652.0842857142859 1676.3742857142861 36.000000000000007 1185.2631868131868 40.500000000000007 42.000000000000007 812.71500000000015
decision_type=2 2 2 2 2 2 2 2 2 2
left_child=1 2 3 4 5 6 7 9 -9 -1
right_child=-2 -3 -4 -5 -6 -7 -8 8 -10 -11
leaf_value=-0.031132154608999197 0.14999383028182439 -0.37426445129754143 0.27788861164620698 0.1064951733690003 -0.12915694736925404 0.066089015135295387 -0.19524672910437943 0.14009707058048843 0 -0.1324151491693415
leaf_weight=98.117072105407715 30.543609619140625 10.460325121879576 10.483200073242186 22.998198509216309 10.25609767436981 18.509756207466125 11.475609660148619 13.191219568252562 25.206341505050659 13.09268283843994
leaf_count=89 8 5 2 7 6 8 10 8 14 12
internal_value=0.00262438 -0.0165619 0.000270026 -0.0134212 -0.0282009 -0.0221426 -0.0325468 -0.0196575 0.0484735 -0.0435253
internal_weight=264.334 233.791 223.33 212.847 189.849 179.593 161.083 149.607 38.3976 111.21
internal_count=169 161 156 154 147 141 133 123 22 101
is_linear=0
shrinkage=0.0364312


Tree=92
num_leaves=13
num_cat=0
split_feature=21 0 19 6 7 4 1 26 20 21 20 4
split_gain=536.81 227.346 312.219 143.881 513.341 111.577 142.777 94.5796 118.601 90.8581 75.2848 46.0759
threshold=82.500000000000014 82.500000000000014 73.142857142857153 69.000000000000014 66.500000000000014 1676.3742857142861 35.333333333333336 1134.3699450549452 36.000000000000007 14.500000000000002 5.5000000000000009 724.6185714285715
decision_type=2 2 2 2 2 2 2 2 2 2 2 2
left_child=1 2 3 4 5 6 9 -8 -9 10 -1 -11
right_child=-2 -3 -4 -5 -6 -7 7 8 -10 11 -12 -13
leaf_value=-0.021624760721399638 0.14557856239601979 -0.17335806236050583 0.17831079418661125 -0.13053159038969728 0.21055576473280557 -0.13665028084962691 0.11735979717183213 -0.074183153357034834 0.069382103140955748 -0.038443338308991153 0.090777222500781893 -0.099933207154457762
leaf_weight=47.899999380111694 30.662907361984253 11.482276439666746 11.176682710647581 13.960975527763365 12.936117172241209 11.202959418296812 13.640975594520567 14.194146394729616 16.168292880058289 41.757072925567627 9.2990243434905988 29.952682733535767
leaf_count=44 8 4 3 6 4 6 5 10 7 38 6 28
internal_value=0.00252153 -0.0161814 -0.00779459 -0.0179325 -0.0096885 -0.0255056 -0.0179951 0.0381916 0.00109609 -0.0374648 -0.00256217 -0.0647605
internal_weight=264.334 233.671 222.189 211.012 197.051 184.115 172.912 44.0034 30.3624 128.909 57.199 71.7098
internal_count=169 161 157 154 148 144 138 22 17 116 50 66
is_linear=0
shrinkage=0.0364312


Tree=93
num_leaves=10
num_cat=0
split_feature=4 4 21 10 4 20 15 15 21
split_gain=519.03 1007.22 577.728 252.704 78.4062 108.847 233.064 184.567 62.8184
threshold=2558.9735714285716 2221.5292857142863 91.000000000000014 1652.0842857142859 1676.3742857142861 36.000000000000007 48.500000000000007 40.500000000000007 14.500000000000002
decision_type=2 2 2 2 2 2 2 2 2
left_child=1 2 3 4 5 6 7 8 -1
right_child=-2 -3 -4 -5 -6 -7 -8 -9 -10
leaf_value=-0.0024403958873253475 0.14340193417452782 -0.36281401603489793 0.26267267317917731 0.10082714471629925 -0.12445829311232093 0.062106290981538713 -0.19130530440869931 0.10024811032906325 -0.053426731344879637
leaf_weight=57.199023723602295 30.543609619140625 10.460325121879576 10.483200073242186 22.998198509216309 10.25609767436981 18.509756207466125 11.02195107936859 15.382926821708677 77.479024052619934
leaf_count=50 8 5 2 7 6 8 8 6 69
internal_value=0.00242287 -0.0159249 0.000393357 -0.0125325 -0.0265142 -0.0206315 -0.0304014 -0.018178 -0.0320557
internal_weight=264.334 233.791 223.33 212.847 189.849 179.593 161.083 150.061 134.678
internal_count=169 161 156 154 147 141 133 125 119
is_linear=0
shrinkage=0.0364312


Tree=94
num_leaves=12
num_cat=0
split_feature=4 4 27 4 15 15 3 2 17 25 15
split_gain=482.091 936.161 536.943 237.268 74.3603 142.806 136.77 43.9661 33.5259 29.489 126.847
threshold=2558.9735714285716 2221.5292857142863 91.000000000000014 1996.0914285714289 56.000000000000007 37.500000000000007 26.500000000000004 40.500000000000007 24.500000000000004 1568.9887362637364 42.500000000000007
decision_type=2 2 2 2 2 2 2 2 2 2 2
left_child=1 2 3 4 5 6 7 8 -1 10 -7
right_child=-2 -3 -4 -5 -6 9 -8 -9 -10 -11 -12
leaf_value=-0.011732800762119782 0.13820243392101197 -0.34977782715542305 0.2532343608262605 0.12462867696997483 -0.10144915709440144 0.088871829034495795 -0.17341728970153686 0.032355092820399986 -0.053653626018783707 0.068696806144579528 -0.055926848526301094
leaf_weight=50.199999332427979 30.543609619140625 10.460325121879576 10.483200073242186 15.399531841278074 14.851219296455382 14.897073268890383 8.9999999999999982 14.27219521999359 57.009755611419678 20.308422923088074 16.908780574798584
leaf_count=46 8 5 2 5 8 6 9 11 51 7 11
internal_value=0.00232851 -0.0153495 0.000377036 -0.0120786 -0.0230004 -0.0163543 -0.0368338 -0.0262342 -0.0343902 0.0342175 0.0109037
internal_weight=264.334 233.791 223.33 212.847 197.447 182.596 130.482 121.482 107.21 52.1143 31.8059
internal_count=169 161 156 154 149 141 117 108 97 24 17
is_linear=0
shrinkage=0.0364312


Tree=95
num_leaves=13
num_cat=0
split_feature=21 0 19 6 0 4 1 26 20 8 2 15
split_gain=457.637 242.309 276.696 123.329 440.38 95.4849 118.998 81.0847 98.132 76.721 66.9154 38.691
threshold=82.500000000000014 82.500000000000014 73.142857142857153 69.000000000000014 64.500000000000014 1676.3742857142861 35.333333333333336 1134.3699450549452 36.000000000000007 630.32214285714304 37.500000000000007 23.500000000000004
decision_type=2 2 2 2 2 2 2 2 2 2 2 2
left_child=1 2 3 4 5 6 9 -8 -9 10 -1 -11
right_child=-2 -3 -4 -5 -6 -7 7 8 -10 11 -12 -13
leaf_value=-0.028677885434356502 0.13433431592612421 -0.1772521970530162 0.16882720312567476 -0.12017069771374823 0.19614598329222688 -0.12548781240504439 0.10863681567192127 -0.067470218998373882 0.06311676066725587 -0.023862646859215589 0.068838601833335719 -0.1195979165920333
leaf_weight=91.119998931884766 30.662907361984253 11.482276439666746 11.176682710647581 13.960975527763365 12.882978916168211 11.25609767436981 13.640975594520567 14.194146394729616 16.168292880058289 9.6926827430725115 10.096097707748411 18
leaf_count=84 8 4 3 6 3 7 5 10 7 8 6 18
internal_value=0.0022381 -0.0150204 -0.00636998 -0.015924 -0.00827895 -0.0229108 -0.0159329 0.0353328 0.000901055 -0.0337216 -0.0185237 -0.0876359
internal_weight=264.334 233.671 222.189 211.012 197.051 184.168 172.912 44.0034 30.3624 128.909 101.216 27.6927
internal_count=169 161 157 154 148 145 138 22 17 116 90 26
is_linear=0
shrinkage=0.0364312


Tree=96
num_leaves=14
num_cat=0
split_feature=4 15 9 4 2 12 20 26 4 0 12 18 12
split_gain=419.526 585.411 444.339 132.948 133.736 143.045 112.098 141.222 32.675 53.1627 20.1774 34.1472 23.0783
threshold=2558.9735714285716 73.500000000000014 68.90000000000002 1785.5164285714293 40.500000000000007 44.500000000000007 26.500000000000004 1207.7006593406597 812.71500000000015 21.500000000000004 14.500000000000002 4.5000000000000009 17.500000000000004
decision_type=2 2 2 2 2 2 2 2 2 2 2 2 2
left_child=1 2 3 4 8 -6 7 -7 9 10 11 -1 -12
right_child=-2 -3 -4 -5 5 6 -8 -9 -10 -11 12 -13 -14
leaf_value=-0.052937336710198443 0.13614086661163755 -0.24555093634708677 0.20523749974574915 -0.12793789338372497 0.10688419674110256 0.0025540200981077083 0.052392407555699294 -0.15365250810308154 -0.094841479508837409 0.020903837845255294 -0.08562456986089928 0.03650734711769895 -0.036595396046070393
leaf_weight=12.899999856948854 22.900130033493042 15.033495783805845 11.718400001525877 15.044422864913939 19.38609778881073 21.632195115089417 23.849756121635437 11.414634108543394 13.392682790756224 19.097072839736938 23.599999904632568 9.4999997615814191 37.399999618530273
leaf_count=12 6 7 3 7 10 12 12 9 12 14 23 8 35
internal_value=-0.0119324 -0.0266492 -0.0113064 -0.0238551 -0.0154358 0.0217047 -0.00690898 -0.0507936 -0.0401784 -0.0325735 -0.0452491 -0.013474 -0.0562901
internal_weight=256.869 233.969 218.935 207.217 192.172 76.2827 56.8966 33.0468 115.89 102.497 83.4 22.4 61
internal_count=170 164 157 154 147 43 33 21 104 92 78 20 58
is_linear=0
shrinkage=0.0364312


Tree=97
num_leaves=14
num_cat=0
split_feature=4 15 2 4 2 7 20 26 21 21 23 14 21
split_gain=389.734 543.912 412.949 123.498 124.354 163.001 138.138 156.567 61.842 31.0261 60.4772 43.8279 39.3713
threshold=2558.9735714285716 73.500000000000014 87.500000000000014 1785.5164285714293 40.500000000000007 44.500000000000007 36.000000000000007 1207.7006593406597 26.500000000000004 10.500000000000002 11.653846153846155 7.5000000000000009 25.500000000000004
decision_type=2 2 2 2 2 2 2 2 2 2 2 2 2
left_child=1 2 3 4 9 8 7 -7 -6 11 -11 -1 -12
right_child=-2 -3 -4 -5 5 6 -8 -9 -10 10 12 -13 -14
leaf_value=-0.033319787138697793 0.1312124473321637 -0.23669107955747384 0.19785228022614235 -0.12332166777410984 0.14109956322518427 0 0.05566070433629175 -0.17479140303956445 0.031214903372625471 -0.12413649760236035 -0.017765499458788275 0.058543005488626371 -0.080886384594927585
leaf_weight=27.099999666213989 22.900130033493042 15.033495783805845 11.718400001525877 15.044422864913939 14.812927007675173 17.072195172309879 18.509756207466125 11.414634108543394 14.47317063808441 12.999999999999998 47.592682123184204 8.9399998188018781 19.257073163986206
leaf_count=25 6 7 3 7 6 8 8 9 12 13 42 7 17
internal_value=-0.0114977 -0.0256868 -0.0108918 -0.0229945 -0.0148725 0.020931 -0.0205178 -0.0712587 0.0883964 -0.0387352 -0.0514872 -0.00943004 -0.0366025
internal_weight=256.869 233.969 218.935 207.217 192.172 76.2827 46.9966 28.4868 29.2861 115.89 79.8498 36.04 66.8498
internal_count=170 164 157 154 147 43 25 17 18 104 72 32 59
is_linear=0
shrinkage=0.0364312


Tree=98
num_leaves=14
num_cat=0
split_feature=4 4 14 4 2 7 20 26 9 4 0 7 3
split_gain=362.095 507.045 270.627 81.8972 112.873 154.938 123.179 145.433 59.4791 29.896 48.6709 23.0649 26.3673
threshold=2558.9735714285716 2221.5292857142863 51.500000000000007 1785.5164285714293 40.500000000000007 44.500000000000007 36.000000000000007 1207.7006593406597 33.600000000000001 812.71500000000015 21.500000000000004 14.500000000000002 6.5000000000000009
decision_type=2 2 2 2 2 2 2 2 2 2 2 2 2
left_child=1 2 3 4 9 8 7 -7 -6 10 11 12 -1
right_child=-2 -3 -4 -5 5 6 -8 -9 -10 -11 -12 -13 -14
leaf_value=-0.056423898489654539 0.12646244678804486 -0.24073454715691311 0.14966754775283792 -0.10088854798803944 0.027862543790795467 0 0.051931485469499633 -0.1685037971976826 0.13567314196591557 -0.089647702533235896 0.021074142751938956 -0.058522985479840618 0.0072124991710951613
leaf_weight=13.899999856948851 22.900130033493042 13.460325121879576 12.852546215057371 15.9224716424942 14.12463426589966 17.072195172309879 18.07073187828064 11.414634108543394 15.161463379859923 13.392682790756224 19.097072839736938 49.099999666213989 20.399999618530273
leaf_count=13 6 6 4 7 10 8 8 9 8 12 14 47 18
internal_value=-0.0110852 -0.0247664 -0.0112758 -0.021502 -0.014657 0.0195743 -0.0211321 -0.0687201 0.0852501 -0.0373549 -0.0300666 -0.0422084 -0.0176987
internal_weight=256.869 233.969 220.508 207.656 191.733 75.8437 46.5576 28.4868 29.2861 115.89 102.497 83.4 34.3
internal_count=170 164 158 154 147 43 25 17 18 104 92 78 31
is_linear=0
shrinkage=0.0364312


Tree=99
num_leaves=14
num_cat=0
split_feature=4 15 2 4 2 7 20 26 21 0 4 3 28
split_gain=336.369 485.892 374.65 106.732 107.118 143.376 87.996 174.188 29.0701 81.6898 27.184 42.8955 42.8721
threshold=2558.9735714285716 73.500000000000014 87.500000000000014 1785.5164285714293 40.500000000000007 42.000000000000007 36.000000000000007 1207.7006593406597 14.500000000000002 18.500000000000004 302.01428571428573 6.5000000000000009 284.9501098901099
decision_type=2 2 2 2 2 2 2 2 2 2 2 2 2
left_child=1 2 3 4 8 -6 7 -7 9 10 11 -1 -12
right_child=-2 -3 -4 -5 5 6 -8 -9 -10 -11 12 -13 -14
leaf_value=-0.060123049630530404 0.12188438915446252 -0.22330361335612706 0.18894362240559348 -0.11470412203473583 0.097435866204621052 0.0081415279902260166 0.051324705146001209 -0.16244236543254184 -0.054147281610309586 0.07889987162979642 -0.022324623559887569 0.044719468442973115 -0.12071778200945739
leaf_weight=9.5999999046325701 22.900130033493042 15.033495783805845 11.718400001525877 15.044422864913939 22.091219425201416 24.267073392868042 18.509756207466125 11.414634108543394 59.049755573272705 9.5399997234344465 16.899999856948856 10.799999713897703 9.9999999999999982
leaf_count=9 6 7 3 7 15 11 8 9 53 7 16 9 10
internal_value=-0.0106783 -0.0238691 -0.00987691 -0.0214126 -0.0138475 0.0193608 -0.0120042 -0.0458991 -0.0360021 -0.0164525 -0.0365986 -0.00300651 -0.0606377
internal_weight=256.869 233.969 218.935 207.217 192.172 76.2827 54.1915 35.6817 115.89 56.84 47.3 20.4 26.9
internal_count=170 164 157 154 147 43 28 20 104 51 44 18 26
is_linear=0
shrinkage=0.0364312


Tree=100
num_leaves=14
num_cat=0
split_feature=4 4 14 12 24 24 14 21 20 4 20 4 20
split_gain=312.481 455.837 237.172 80.7609 101.804 152.174 112.037 99.449 43.6347 57.1515 38.7263 36.2761 34.2804
threshold=2558.9735714285716 2221.5292857142863 51.500000000000007 75.500000000000014 26.34615384615385 28.153846153846157 19.500000000000004 42.500000000000007 4.5000000000000009 417.14000000000004 22.500000000000004 757.37571428571448 26.500000000000004
decision_type=2 2 2 2 2 2 2 2 2 2 2 2 2
left_child=1 2 3 4 6 -6 8 10 9 -1 -7 -10 -9
right_child=-2 -3 -4 -5 5 7 -8 12 11 -11 -12 -13 -14
leaf_value=-0.032497083934661455 0.11747206243370624 -0.22777902444445383 0.14044428183446908 -0.11697831613444255 0.12128193023352161 -0.017869564943664155 -0.16518125949458939 -0.0069514883770631867 -0.020879444399589997 -0.14087237329712485 -0.10176799847088383 0.048473129209052973 0.059375350862101953
leaf_weight=40.699999570846558 22.900130033493042 13.460325121879576 12.852546215057371 10.712195158004759 14.691219329833983 18.558536529541016 8.3970732688903791 16.781951427459717 39.559999465942383 7.9999999999999991 13.512195110321043 13.158292531967161 23.584422826766968
leaf_count=38 6 6 4 5 8 13 7 9 36 8 12 9 9
internal_value=-0.0102878 -0.023006 -0.0102069 -0.0197901 -0.0142452 0.0148638 -0.037645 -0.00644154 -0.0265222 -0.0513772 -0.054595 -0.00282731 0.0310186
internal_weight=256.869 233.969 220.508 207.656 196.944 87.1283 109.815 72.4371 101.418 48.7 32.0707 52.7183 40.3664
internal_count=170 164 158 154 149 51 98 43 91 46 25 45 18
is_linear=0
shrinkage=0.0364312


Tree=101
num_leaves=14
num_cat=0
split_feature=4 16 9 4 2 7 8 16 21 23 3 6 3
split_gain=290.4 429.784 340.429 99.6974 95.7954 129.61 76.3268 123.8 28.2988 53.5924 39.3861 34.3029 41.8744
threshold=2558.9735714285716 73.500000000000014 68.90000000000002 1785.5164285714293 40.500000000000007 42.000000000000007 1178.4685714285715 42.500000000000007 10.500000000000002 11.653846153846155 6.5000000000000009 26.500000000000004 23.500000000000004
decision_type=2 2 2 2 2 2 2 2 2 2 2 2 2
left_child=1 2 3 4 8 -6 7 -7 10 -10 -1 -11 -13
right_child=-2 -3 -4 -5 5 6 -8 -9 9 11 -12 12 -14
leaf_value=-0.061319252401446721 0.11321947247387783 -0.20976992575235198 0.1804831051288239 -0.11019352371159852 0.092909573884383423 0.017921146966813181 0.034393857683048444 -0.13049969588273905 -0.11418054757811445 -0.014129402058957867 0.019448036978634998 -0.015418138315194837 -0.1271647091828591
leaf_weight=11.599999904632567 22.900130033493042 15.033495783805845 11.718400001525877 15.044422864913939 22.091219425201416 15.231463551521303 25.162439227104187 13.797560930252073 12.999999999999998 47.499999284744263 24.439999580383301 9.7897560596466082 9.5599999427795392
leaf_count=11 6 7 3 7 15 7 11 10 13 43 21 7 9
internal_value=-0.00993487 -0.0221999 -0.00903093 -0.0200348 -0.0127181 0.0186729 -0.0111195 -0.0517342 -0.0336771 -0.0458232 -0.0057318 -0.0317929 -0.0729448
internal_weight=256.869 233.969 218.935 207.217 192.172 76.2827 54.1915 29.029 115.89 79.8498 36.04 66.8498 19.3498
internal_count=170 164 157 154 147 43 28 17 104 72 32 59 16
is_linear=0
shrinkage=0.0364312


Tree=102
num_leaves=10
num_cat=0
split_feature=4 4 14 20 19 15 1 2 11
split_gain=269.839 409.771 208.017 73.9743 205.757 82.9358 73.2945 84.7722 58.8946
threshold=2558.9735714285716 2221.5292857142863 51.500000000000007 26.500000000000004 50.500000000000007 37.500000000000007 30.666666666666668 37.500000000000007 26.500000000000004
decision_type=2 2 2 2 2 2 2 2 2
left_child=1 2 3 4 5 6 7 8 -1
right_child=-2 -3 -4 -5 -6 -7 -8 -9 -10
leaf_value=-0.023837559042250933 0.10912082186272266 -0.21556352001061641 0.13180310624165706 0.031133639611455297 -0.18855529078190891 0.034636887182101353 -0.11405514899908178 0.058187030145347048 -0.11817197554448131
leaf_weight=95.539998769760132 22.900130033493042 13.460325121879576 12.852546215057371 33.052715539932251 9.8658536672592145 31.575366020202637 12.665853619575499 15.096097707748411 9.8599998950958234
leaf_count=87 6 6 4 15 6 15 11 11 9
internal_value=-0.00958454 -0.0214119 -0.00926874 -0.0182534 -0.0278191 -0.0178244 -0.0305484 -0.021356 -0.0331419
internal_weight=256.869 233.969 220.508 207.656 174.603 164.737 133.162 120.496 105.4
internal_count=170 164 158 154 139 133 118 107 96
is_linear=0
shrinkage=0.0364312


Tree=103
num_leaves=14
num_cat=0
split_feature=3 4 1 4 2 7 8 9 21 23 14 21 4
split_gain=253.635 219.213 234.388 62.0779 85.2379 117.35 109.307 57.787 25.7899 50.4356 36.6786 31.1195 18.8217
threshold=72.000000000000014 2221.5292857142863 65.500000000000014 1785.5164285714293 40.500000000000007 44.500000000000007 1178.4685714285715 33.600000000000001 10.500000000000002 11.653846153846155 7.5000000000000009 25.500000000000004 309.84214285714285
decision_type=2 2 2 2 2 2 2 2 2 2 2 2 2
left_child=1 2 3 4 8 7 -7 -6 10 -10 12 -11 -1
right_child=-2 -3 -4 -5 5 6 -8 -9 9 11 -12 -13 -14
leaf_value=0.0036760843405865863 0.13449447290962935 -0.12344240799093194 0.13601586930450432 -0.09627712485290503 0.019001424435255158 -0.076852647127716181 0.034203543848663517 0.12480644807284651 -0.10920810807463974 -0.012507379434487853 0.057594671406069026 -0.068620391079684734 -0.05470453562958142
leaf_weight=12.499999761581423 15.125333309173582 23.686341404914856 14.059863328933714 12.263934969902037 14.12463426589966 21.83414626121521 24.723414897918701 15.161463379859923 12.999999999999998 47.592682123184204 8.9399998188018781 19.257073163986206 14.599999904632567
leaf_count=11 4 9 4 6 10 14 11 8 13 42 7 17 14
internal_value=-0.00923655 -0.0184484 -0.00680977 -0.0169135 -0.0115871 0.0181298 -0.0172132 0.075302 -0.0313326 -0.0429211 -0.00462927 -0.0293034 -0.0266275
internal_weight=256.869 241.744 218.057 203.997 191.733 75.8437 46.5576 29.2861 115.89 79.8498 36.04 66.8498 27.1
internal_count=170 166 157 153 147 43 25 18 104 72 32 59 25
is_linear=0
shrinkage=0.0364312


Tree=104
num_leaves=14
num_cat=0
split_feature=16 12 21 24 16 7 16 12 1 8 14 1 20
split_gain=432.538 824.105 132.007 312.305 183.169 160.653 65.7561 84.2705 181.641 54.0295 42.2104 22.3185 39.8777
threshold=82.500000000000014 95.500000000000014 40.500000000000007 42.65384615384616 56.000000000000007 44.500000000000007 29.500000000000004 26.500000000000004 20.166666666666668 705.0921428571429 15.000000000000002 9.1666666666666696 4.5000000000000009
decision_type=2 2 2 2 2 2 2 2 2 2 2 2 2
left_child=1 2 5 -4 -5 6 7 8 11 10 -9 -1 -13
right_child=-2 -3 3 4 -6 -7 -8 9 -10 -11 -12 12 -14
leaf_value=0.010470616307675606 -0.18002124674081166 0.2977518073217561 0.14490015677895754 0.040823308764328235 -0.086442770223558646 -0.14835320156023932 0.050152135235976822 -0.053385994507022631 0.13834053294435697 -0.0054651216116225147 -0.15549859151046347 -0.064492965606388827 -0.0020022463355582479
leaf_weight=18.099999666213989 16.829073429107666 12.405196428298948 23.18050754070282 36.046634316444397 25.359512090682983 12.802438974380491 18.159024715423584 13.899999856948854 10.379024267196653 12.965853571891783 10.859999895095823 28.899999856948853 27.65999960899353
leaf_count=16 6 3 8 15 12 10 12 13 6 11 10 28 25
internal_value=-0.00193638 0.00997664 -0.00503059 0.0313071 -0.0112517 -0.0252612 -0.0136912 -0.0234652 -0.00290186 -0.0687122 -0.100214 -0.0232318 -0.0346279
internal_weight=267.547 250.718 238.313 84.5867 61.4061 153.726 140.924 122.765 85.039 37.7259 24.76 74.66 56.56
internal_count=175 169 166 35 27 131 121 109 75 34 23 69 53
is_linear=0
shrinkage=0.0364312


Tree=105
num_leaves=13
num_cat=0
split_feature=15 12 21 24 15 7 15 19 4 17 0 4
split_gain=401.818 765.874 122.711 290.086 170.153 149.227 61.1479 80.1099 119.693 25.2232 25.5757 9.24715
threshold=82.500000000000014 95.500000000000014 40.500000000000007 42.65384615384616 56.000000000000007 44.500000000000007 29.500000000000004 25.642857142857146 757.37571428571448 24.500000000000004 12.500000000000002 309.84214285714285
decision_type=2 2 2 2 2 2 2 2 2 2 2 2
left_child=1 2 5 -4 -5 6 7 8 9 10 -1 -11
right_child=-2 -3 3 4 -6 -7 -8 -9 -10 11 -12 -13
leaf_value=-0.031655653205609986 -0.17351915274199212 0.28703025949979222 0.13965424103382257 0.039342052774216735 -0.083311545480773477 -0.14300933037251481 0.048339575805908662 -0.10407970398675989 0.081213059983227837 -0.011895936282498484 0.018571362042916192 -0.060009468359062158
leaf_weight=32.099999666213989 16.829073429107666 12.405196428298948 23.18050754070282 36.046634316444397 25.359512090682983 12.802438974380491 18.159024715423584 14.133170723915098 15.471707105636595 8.8599998950958234 22.099999666213989 30.099999666213989
leaf_count=30 6 3 8 15 12 10 12 13 10 8 20 28
internal_value=-0.00187082 0.00960663 -0.00485553 0.0301727 -0.0108252 -0.0243653 -0.0132044 -0.0226366 -0.0115966 -0.0274846 -0.0105425 -0.0500399
internal_weight=267.547 250.718 238.313 84.5867 61.4061 153.726 140.924 122.765 108.632 93.16 54.2 38.96
internal_count=175 169 166 35 27 131 121 109 96 86 50 36
is_linear=0
shrinkage=0.0364312


Tree=106
num_leaves=14
num_cat=0
split_feature=15 12 27 24 15 7 15 12 1 0 9 27 1
split_gain=373.302 711.73 114.034 269.446 158.062 138.633 56.846 76.6699 165.211 42.5328 35.5089 21.9012 32.5836
threshold=82.500000000000014 95.500000000000014 40.500000000000007 42.65384615384616 56.000000000000007 44.500000000000007 29.500000000000004 26.500000000000004 20.166666666666668 29.500000000000004 20.700000000000006 18.500000000000004 9.1666666666666696
decision_type=2 2 2 2 2 2 2 2 2 2 2 2 2
left_child=1 2 5 -4 -5 6 7 8 11 10 -9 12 -1
right_child=-2 -3 3 4 -6 -7 -8 9 -10 -11 -12 -13 -14
leaf_value=0.011066594192549515 -0.16725188711874303 0.27669478846124834 0.13459824460940908 0.03791454606111884 -0.080293745167225733 -0.13785795372278031 0.046592524956529338 -0.038962132073878608 0.13249436196822303 -0.0049841178426102591 -0.13096029213691174 0.03079230231966543 -0.044837723609306698
leaf_weight=18.099999666213989 16.829073429107666 12.405196428298948 23.18050754070282 36.046634316444397 25.359512090682983 12.802438974380491 18.159024715423584 11.59999990463257 10.379024267196653 11.965853571891783 14.159999847412108 8.5999999046325666 47.959999561309814
leaf_count=16 6 3 8 15 12 10 12 11 6 10 13 8 45
internal_value=-0.00180253 0.00925542 -0.00468102 0.0290795 -0.0104141 -0.0234928 -0.0127256 -0.0218268 -0.00219774 -0.0649788 -0.0913235 -0.0216075 -0.0290058
internal_weight=267.547 250.718 238.313 84.5867 61.4061 153.726 140.924 122.765 85.039 37.7259 25.76 74.66 66.06
internal_count=175 169 166 35 27 131 121 109 75 34 24 69 61
is_linear=0
shrinkage=0.0364312


Tree=107
num_leaves=13
num_cat=0
split_feature=15 12 21 24 15 12 26 21 4 1 2 21
split_gain=346.834 661.383 105.929 250.275 146.832 99.7833 54.9441 100.382 38.6297 12.337 30.1946 20.1385
threshold=82.500000000000014 95.500000000000014 40.500000000000007 42.65384615384616 56.000000000000007 44.500000000000007 964.88142857142873 26.500000000000004 757.37571428571448 9.1666666666666696 16.500000000000004 8.5000000000000018
decision_type=2 2 2 2 2 2 2 2 2 2 2 2
left_child=1 2 5 -4 -5 6 7 8 9 11 -11 -1
right_child=-2 -3 3 4 -6 -7 -8 -9 -10 10 -12 -13
leaf_value=-0.03523136743714024 -0.1612110120471259 0.2667314839483112 0.12972529307753722 0.036538833476300069 -0.077385256083152804 -0.10920652301465061 0.041722413059474384 -0.13645871725916364 0.041852782055737989 -0.080126302671882685 -0.016410561050086526 0.038937310295979848
leaf_weight=8.5999999046325701 16.829073429107666 12.405196428298948 23.18050754070282 36.046634316444397 25.359512090682983 15.802438974380491 20.608536839485168 9.2999999523162824 14.75829243659973 12.299999952316282 61.857072591781616 10.499999761581419
leaf_count=8 6 3 8 15 12 13 14 9 10 12 56 9
internal_value=-0.00173086 0.00892315 -0.00450617 0.0280259 -0.0100178 -0.0226417 -0.0123676 -0.0222048 -0.0118764 -0.0208026 -0.0275819 0.0037259
internal_weight=267.547 250.718 238.313 84.5867 61.4061 153.726 137.924 117.315 108.015 93.2571 74.1571 19.1
internal_count=175 169 166 35 27 131 118 104 95 85 68 17
is_linear=0
shrinkage=0.0364312


Tree=108
num_leaves=14
num_cat=0
split_feature=15 12 27 24 15 7 15 27 25 15 23 6 9
split_gain=322.213 614.635 98.4509 232.467 136.4 121.605 51.5726 74.0848 170.578 38.5587 31.987 34.6114 26.5577
threshold=82.500000000000014 95.500000000000014 40.500000000000007 42.65384615384616 56.000000000000007 44.500000000000007 29.500000000000004 14.500000000000002 505.87214285714293 12.500000000000002 26.538461538461544 23.500000000000004 11.300000000000002
decision_type=2 2 2 2 2 2 2 2 2 2 2 2 2
left_child=1 2 5 -4 -5 6 7 8 9 12 11 -9 -1
right_child=-2 -3 3 4 -6 -7 -8 10 -10 -11 -12 -13 -14
leaf_value=-0.018741720107268257 -0.15538830256765085 0.25712694643800699 0.12502876130882012 0.035213038384090255 -0.074582121683196057 -0.12895837569965923 0.044748527676082735 -0.052175661330358974 0.13913885079332008 -0.073867515292096217 -0.094906846565427014 0.0176811808635461 0.050799817346143007
leaf_weight=29.399999618530273 16.829073429107666 12.405196428298948 23.18050754070282 36.046634316444397 25.359512090682983 12.802438974380491 18.159024715423584 32.199999809265137 10.63902425765991 12.999999999999998 15.733170628547667 12.292682647705076 9.4999997615814191
leaf_count=27 6 3 8 15 12 10 12 31 6 13 14 10 8
internal_value=-0.001669 0.00859516 -0.0043457 0.0270104 -0.00963588 -0.0218338 -0.0117329 -0.0204128 0.00687745 -0.0198821 -0.049274 -0.0321035 -0.000744086
internal_weight=267.547 250.718 238.313 84.5867 61.4061 153.726 140.924 122.765 62.539 51.9 60.2259 44.4927 38.9
internal_count=175 169 166 35 27 131 121 109 54 48 55 41 35
is_linear=0
shrinkage=0.0364312


Tree=109
num_leaves=14
num_cat=0
split_feature=15 12 10 15 23 21 25 15 9 21 26 6 21
split_gain=299.369 571.154 93.7557 62.018 91.3064 61.5077 158.539 35.8345 24.682 19.1244 77.0834 25.5189 19.8262
threshold=82.500000000000014 95.500000000000014 1712.0250000000003 56.000000000000007 42.65384615384616 14.500000000000002 505.87214285714293 12.500000000000002 11.300000000000002 26.500000000000004 964.88142857142873 23.500000000000004 18.500000000000004
decision_type=2 2 2 2 2 2 2 2 2 2 2 2 2
left_child=1 2 3 4 5 6 7 8 -1 11 -11 12 -7
right_child=-2 -3 -4 -5 -6 9 -8 -9 -10 10 -12 -13 -14
leaf_value=-0.018062303841486844 -0.14977590214006614 0.24786823731441138 0.053262852000909598 -0.08352566995948893 0.041248085431507868 -0.077262678090506187 0.13413833527213093 -0.071206257441253654 0.048977074152068728 -0.13703543311699026 -0.018378341892804843 0.00065490851343903429 -0.01593186126908952
leaf_weight=29.399999618530273 16.829073429107666 12.405196428298948 32.210914015769958 15.412194967269896 39.807203412055969 15.59999990463257 10.63902425765991 12.999999999999998 9.4999997615814191 11.859999895095823 20.672195315361023 24.311463356018066 15.899999856948851
leaf_count=27 6 3 11 9 22 15 6 13 8 11 12 17 15
internal_value=-0.00160206 0.00828682 -0.00418277 -0.0133602 -0.00744798 -0.0205525 0.00661498 -0.019162 -0.000680259 -0.0401556 -0.0631157 -0.026023 -0.0476171
internal_weight=267.547 250.718 238.313 206.102 190.69 150.883 62.539 51.9 38.9 88.3437 32.5322 55.8115 31.5
internal_count=175 169 166 155 146 124 54 48 35 70 23 47 30
is_linear=0
shrinkage=0.0364312


Tree=110
num_leaves=13
num_cat=0
split_feature=15 12 21 25 15 9 15 19 4 17 9 4
split_gain=278.099 530.806 87.4688 219.109 122.941 86.7926 37.5402 77.3656 92.5952 22.9476 26.6774 7.18216
threshold=82.500000000000014 95.500000000000014 40.500000000000007 1133.6181868131873 56.000000000000007 37.100000000000009 29.500000000000004 25.642857142857146 757.37571428571448 24.500000000000004 14.500000000000002 309.84214285714285
decision_type=2 2 2 2 2 2 2 2 2 2 2 2
left_child=1 2 5 -4 -5 6 7 8 9 10 -1 -11
right_child=-2 -3 3 4 -6 -7 -8 -9 -10 11 -12 -13
leaf_value=-0.01884746470277926 -0.14436622746838818 0.23894291208717641 0.12067885186357932 0.032482487353035647 -0.071724960074021168 -0.12502501421177298 0.033576876522857464 -0.094822316827649092 0.072530112594363996 -0.010289820064481621 0.049180043605361767 -0.05334852203695948
leaf_weight=45.299999475479126 16.829073429107666 12.405196428298948 23.18050754070282 36.046634316444397 25.359512090682983 9.8024389743804914 19.159024715423584 16.1331707239151 15.471707105636595 8.8599998950958234 8.8999998569488508 30.099999666213989
leaf_count=42 6 3 8 15 12 7 13 15 10 8 8 28
internal_value=-0.00154931 0.00797707 -0.00403887 0.0255066 -0.0100575 -0.0205302 -0.0130532 -0.0205223 -0.00905672 -0.0230702 -0.00693678 -0.0445182
internal_weight=267.547 250.718 238.313 84.5867 61.4061 153.726 143.924 124.765 108.632 93.16 54.2 38.96
internal_count=175 169 166 35 27 131 124 111 96 86 50 36
is_linear=0
shrinkage=0.0364312


Tree=111
num_leaves=14
num_cat=0
split_feature=24 21 9 15 23 23 24 20 5 2 1 12 15
split_gain=264.062 687.813 86.3909 225.602 57.763 63.9561 189.76 46.1753 119.103 42.3811 74.5263 27.5652 14.5431
threshold=78.923076923076934 82.500000000000014 64.100000000000009 61.500000000000007 44.846153846153854 26.538461538461544 26.34615384615385 17.000000000000004 32.500000000000007 24.500000000000004 17.500000000000004 57.000000000000007 23.500000000000004
decision_type=2 2 2 2 2 2 2 2 2 2 2 2 2
left_child=1 2 3 4 5 6 9 8 -7 10 -1 -6 -11
right_child=-2 -3 -4 -5 11 7 -8 -9 -10 12 -12 -13 -14
leaf_value=-0.017412109416425774 -0.12113615242624601 0.262290642340548 -0.097804560168795462 0.12873643589763298 0.065467220309567434 -0.022997055704829815 0.14303146615779183 -0.01821669116090896 -0.19386540481290049 -0.033404085919185506 0.094426339438238263 0.0010644379406787139 -0.086951560078094209
leaf_weight=60.059999227523804 22.325066566467285 13.341333389282225 12.506016254425047 16.572702527046204 16.179268360137939 14.297073125839235 10.25853657722473 24.222601771354675 9.1951220035552961 26.552682638168335 8.9399998188018781 21.671252131462097 11.425609827041624
leaf_count=55 8 3 5 6 11 12 5 12 7 24 7 10 10
internal_value=-0.0014923 0.0093242 -0.00523637 0 -0.0104946 -0.0199348 -0.00511341 -0.0555005 -0.0921269 -0.0198185 -0.0022517 0.0296518 -0.0506941
internal_weight=267.547 245.222 231.881 219.375 202.802 164.952 117.237 47.7148 23.4922 106.978 69 37.8505 37.9783
internal_count=175 167 164 159 153 132 101 31 19 96 62 21 34
is_linear=0
shrinkage=0.0364312


Tree=112
num_leaves=14
num_cat=0
split_feature=21 14 29 23 25 25 14 15 6 23 23 23 6
split_gain=346.438 371.852 140.275 295.789 162.396 132.873 67.6872 55.9983 34.0632 30.845 28.4857 50.6546 22.6566
threshold=82.500000000000014 53.500000000000007 27.230769230769234 27.230769230769234 994.68098901098915 1133.6181868131873 19.500000000000004 56.000000000000007 7.5000000000000009 54.576923076923087 20.26923076923077 18.61538461538462 9.5000000000000018
decision_type=2 2 2 2 2 2 2 2 2 2 2 2 2
left_child=1 2 6 -4 -5 -6 8 9 -1 -7 11 12 -10
right_child=-2 -3 3 4 5 7 -8 -9 10 -11 -12 -13 -14
leaf_value=-0.076766679862913689 0.11906350039172184 -0.20681369039375436 0.20095514725742111 -0.090860997158458759 0.096807479597317336 -0.023210513064496782 -0.12202469500875132 -0.054794123670015016 0.03310889966206481 0.044924640012317045 -0.045460538253088698 0.072875989538012984 -0.024034769611143807
leaf_weight=12.299999952316282 30.662907361984253 12.030406475067137 11.710731744766234 17.795122027397156 26.577824711799622 12.23235774040222 9.3970732688903791 17.878048658370972 10.799999713897703 26.879609942436218 24.359999656677246 10.625609636306761 48.492682456970215
leaf_count=12 8 5 4 13 12 9 8 9 9 12 22 7 45
internal_value=0.00393221 -0.0106306 -5.01992e-05 0.0286528 0.00814466 0.0297629 -0.0283345 -0.00106403 -0.0195935 0.0227247 -0.0116602 0 -0.012987
internal_weight=271.742 241.079 229.049 113.074 101.363 83.5678 115.975 56.99 106.578 39.112 94.2783 69.9183 59.2927
internal_count=175 167 162 59 55 42 103 30 95 21 83 61 54
is_linear=0
shrinkage=0.0364312


Tree=113
num_leaves=14
num_cat=0
split_feature=21 14 20 23 14 14 4 6 21 20 23 10 20
split_gain=321.843 345.527 130.824 127.936 111.337 99.7946 67.0195 34.4552 51.0018 116.114 35.3192 31.7716 28.2628
threshold=82.500000000000014 53.500000000000007 13.000000000000002 27.230769230769234 43.500000000000007 19.500000000000004 1328.3378571428575 7.5000000000000009 14.500000000000002 8.5000000000000018 20.115384615384617 425.45142857142872 22.500000000000004
decision_type=2 2 2 2 2 2 2 2 2 2 2 2 2
left_child=1 2 5 -4 6 7 12 -1 9 -9 -10 -12 -5
right_child=-2 -3 3 4 -6 -7 -8 8 10 -11 11 -13 -14
leaf_value=-0.074002716318226219 0.11474639716532163 -0.19936936549587556 0.13012783201308958 0.043792249441339165 0.059467367445225322 -0.14254845999714688 -0.078148290116340891 -0.012363714353535114 -0.00569391853317271 0.12372237746239181 -0.006142837780244827 -0.098815333881876577 -0.019876747382720761
leaf_weight=12.299999952316282 30.662907361984253 12.030406475067137 14.268780469894407 16.015853762626648 39.671499490737915 8.9999999999999982 17.840487957000732 34.999999523162842 30.018292427062988 10.63902425765991 8.5599999427795428 14.899999856948851 20.835121870040894
leaf_count=12 8 5 7 10 14 9 10 32 26 6 8 14 14
internal_value=0.00377353 -0.0102581 -5.36154e-05 0.0287622 0.0128906 -0.0263402 -0.0203305 -0.0164684 -0.00888109 0.0188948 -0.0332191 -0.0667173 0.00692051
internal_weight=271.742 241.079 229.049 108.632 94.363 120.417 54.6915 111.417 99.1173 45.639 53.4783 23.46 36.851
internal_count=175 167 162 55 48 107 34 98 86 38 48 22 24
is_linear=0
shrinkage=0.0364312


Tree=114
num_leaves=14
num_cat=0
split_feature=21 15 14 24 23 14 24 7 24 6 23 23 6
split_gain=299.059 330.943 136.135 49.7795 308.505 86.235 77.3661 48.8914 51.249 29.2241 30.7937 45.3184 21.1428
threshold=82.500000000000014 73.500000000000014 43.500000000000007 26.34615384615385 26.538461538461544 19.500000000000004 36.230769230769234 39.000000000000007 42.65384615384616 7.5000000000000009 20.26923076923077 18.61538461538462 9.5000000000000018
decision_type=2 2 2 2 2 2 2 2 2 2 2 2 2
left_child=1 2 3 5 -5 9 -6 -8 -9 -1 11 12 -11
right_child=-2 -3 -4 4 6 -7 7 8 -10 10 -12 -13 -14
leaf_value=-0.071338268478345138 0.11058580890774869 -0.18644883290813863 0.06268726785132249 0.15574522402578891 -0.10002226013858732 -0.14022005017006403 0.056304085799386998 0.010524048669604661 -0.073442920117078966 0.032363185433046761 -0.052763314742185562 0.069069428744923347 -0.022834063111071223
leaf_weight=12.299999952316282 30.662907361984253 13.170731663703917 38.531174302101135 15.310731649398802 14.173170685768126 8.3970732688903791 13.040243864059446 21.670731902122498 16.407317042350769 10.799999713897703 18.159999847412109 10.625609636306761 48.492682456970215
leaf_count=12 8 6 13 7 13 7 10 9 12 9 17 7 45
internal_value=0.00360959 -0.0099115 0.000251006 -0.0123078 0.00905754 -0.0284489 -0.0250806 -0.00340031 -0.0248908 -0.018564 -0.0106954 0 -0.0121418
internal_weight=271.742 241.079 227.909 189.378 80.6022 108.775 65.2915 51.1183 38.078 100.378 88.0783 69.9183 59.2927
internal_count=175 167 161 148 51 97 44 31 21 90 78 61 54
is_linear=0
shrinkage=0.0364312


Tree=115
num_leaves=14
num_cat=0
split_feature=21 14 24 23 25 24 14 15 23 6 21 8 3
split_gain=277.79 313.271 120.018 249.559 138.202 122.383 60.0286 48.576 27.8272 27.0454 25.6105 26.8757 20.591
threshold=82.500000000000014 53.500000000000007 27.230769230769234 27.230769230769234 994.68098901098915 42.65384615384616 19.500000000000004 56.000000000000007 54.576923076923087 7.5000000000000009 10.500000000000002 344.35000000000002 8.5000000000000018
decision_type=2 2 2 2 2 2 2 2 2 2 2 2 2
left_child=1 2 6 -4 -5 -6 9 8 -7 -1 11 -11 -12
right_child=-2 -3 3 4 5 7 -8 -9 -10 10 12 -13 -14
leaf_value=-0.068769753090126298 0.10657609334959871 -0.18962239771818801 0.18498851416303708 -0.083453175337657559 0.092158751054187291 -0.02323562747946854 -0.11425094267063139 -0.051818973680015167 0.041480926879822549 -0.012445214987227957 -0.067539009948131459 0.06222776036239485 -0.0125954946107045
leaf_weight=12.299999952316282 30.662907361984253 12.030406475067137 11.710731744766234 17.795122027397156 26.577824711799622 12.23235774040222 9.3970732688903791 17.878048658370972 26.879609942436218 13.199999809265138 11.299999952316282 11.239999771118162 58.538291931152344
leaf_count=12 8 5 4 13 12 9 8 9 12 12 11 9 51
internal_value=0.00347052 -0.00955614 0 0.0267062 0.00783845 0.027804 -0.0260072 -0.00175983 0.0203461 -0.0177563 -0.0106377 0.0206515 -0.0221032
internal_weight=271.742 241.079 229.049 113.074 101.363 83.5678 115.975 56.99 39.112 106.578 94.2783 24.44 69.8383
internal_count=175 167 162 59 55 42 103 30 21 95 83 21 62
is_linear=0
shrinkage=0.0364312


Tree=116
num_leaves=14
num_cat=0
split_feature=21 4 0 24 24 14 23 0 20 26 3 21 9
split_gain=258.129 302.423 203.703 61.4838 108.084 75.4345 59.9441 39.6285 39.4909 30.062 23.7868 32.3063 22.3169
threshold=82.500000000000014 2221.5292857142863 64.500000000000014 26.34615384615385 28.153846153846157 19.500000000000004 62.692307692307701 28.500000000000004 24.500000000000004 1156.3715934065938 7.5000000000000009 10.500000000000002 9.3000000000000025
decision_type=2 2 2 2 2 2 2 2 2 2 2 2 2
left_child=1 2 3 5 -5 10 7 -6 9 -9 12 -12 -1
right_child=-2 -3 -4 4 6 -7 -8 8 -10 -11 11 -13 -14
leaf_value=-0.014555127734856364 0.10271174580341261 -0.15184643230852557 0.12264789317990414 0.10486665724689377 0.033538655202178594 -0.13110747274545037 0.054959042596841694 0.022757736235368586 -0.079900639148832747 -0.045394702801855438 0.037124605895725173 -0.019646730883335274 -0.087327596660915843
leaf_weight=14.199999809265138 30.662907361984253 18.104227662086487 17.106848955154419 14.391219377517698 13.899999856948851 8.3970732688903791 18.290829420089722 16.677805066108704 17.078048706054688 16.755122065544128 16.839999675750732 58.338292121887207 10.999999999999998
leaf_count=13 8 7 5 8 12 7 7 7 13 11 14 52 11
internal_value=0.00331819 -0.0092343 0.00228107 -0.00763224 0.0131935 -0.0265325 -0.00249657 -0.0194368 -0.0347542 -0.0104131 -0.017262 -0.00642223 -0.0480087
internal_weight=271.742 241.079 222.975 205.868 97.093 108.775 82.7018 64.411 50.511 33.4329 100.378 75.1783 25.2
internal_count=175 167 160 155 58 97 50 43 31 18 90 66 24
is_linear=0
shrinkage=0.0364312


Tree=117
num_leaves=14
num_cat=0
split_feature=24 21 20 4 7 14 8 20 6 6 21 20 23
split_gain=242.901 606.741 80.9249 138.302 184.063 80.9652 68.234 92.7445 41.5001 25.6909 41.9566 98.7308 32.7689
threshold=78.923076923076934 82.500000000000014 13.000000000000002 2132.7871428571434 66.500000000000014 19.500000000000004 940.69714285714292 24.500000000000004 48.500000000000007 7.5000000000000009 14.500000000000002 8.5000000000000018 20.115384615384617
decision_type=2 2 2 2 2 2 2 2 2 2 2 2 2
left_child=1 2 5 4 6 9 7 -4 -8 -1 11 -11 -12
right_child=-2 -3 3 -5 -6 -7 8 -9 -10 10 12 -13 -14
leaf_value=-0.064491540474791012 -0.11666423626454545 0.21162722748402171 0.10738140270161813 -0.063375231081664346 0.13731000658135303 -0.12837865653757988 -0.063609086352366201 -0.017080793127689377 0.010515936088589041 -0.011731753363806835 -0.0037034391320055686 0.11371998008016376 -0.062444192833965871
leaf_weight=12.299999952316282 20.532383680343628 18.770133495330811 17.449512243270878 21.28715455532074 19.72636091709137 8.9999999999999982 16.683902502059937 13.666829109191893 23.208780884742737 34.999999523162842 30.018292427062988 10.63902425765991 23.459999799728394
leaf_count=12 7 4 11 8 7 9 11 11 9 32 26 6 22
internal_value=0.00319165 0.0131879 -0.00281002 0.0192941 0.039141 -0.0236593 0.0111569 0.0517812 -0.019737 -0.0147329 -0.00812303 0.0170239 -0.0302184
internal_weight=271.742 251.21 232.44 112.023 90.7354 120.417 71.009 31.1163 39.8927 111.417 99.1173 45.639 53.4783
internal_count=175 168 164 57 49 107 42 22 20 98 86 38 48
is_linear=0
shrinkage=0.0364312


Tree=118
num_leaves=14
num_cat=0
split_feature=24 21 24 28 25 24 15 21 6 21 8 1 9
split_gain=225.578 563.779 77.1727 163.675 122.985 138.876 59.039 51.3033 22.8649 20.6587 23.608 20.6433 24.9508
threshold=78.923076923076934 82.500000000000014 27.230769230769234 777.52961538461545 994.68098901098915 42.65384615384616 56.000000000000007 26.500000000000004 7.5000000000000009 10.500000000000002 344.35000000000002 27.166666666666668 20.700000000000006
decision_type=2 2 2 2 2 2 2 2 2 2 2 2 2
left_child=1 2 7 -4 -5 -6 -7 8 -1 10 -10 12 -11
right_child=-2 -3 3 4 5 6 -8 -9 9 11 -12 -13 -14
leaf_value=-0.062169540378141444 -0.11244395812356257 0.2039767871994026 0.12685433933468218 -0.09953450025991184 0.08631731114285271 0.016367500012012478 -0.056191413277350472 -0.096786123505148688 -0.011583354794112908 -0.014032688506221394 0.058302538253352638 0.026488746941890792 -0.073028168826696327
leaf_weight=12.299999952316282 20.532383680343628 18.770133495330811 15.710731744766234 13.795122027397154 26.577824711799622 35.447967648506165 24.9328453540802 11.559999942779539 13.199999809265138 44.559999465942383 11.239999771118162 10.215365886688231 12.899999856948851
leaf_count=12 7 4 8 9 12 20 12 11 12 41 9 6 12
internal_value=0.0030531 0.0126908 -0.00272499 0.0180426 0.000572913 0.0169921 -0.0130841 -0.0238753 -0.0153479 -0.00863166 0.0193016 -0.0192505 -0.0280307
internal_weight=271.742 251.21 232.44 116.464 100.754 86.9586 60.3808 115.975 104.415 92.1154 24.44 67.6754 57.46
internal_count=175 168 164 61 53 44 32 103 92 80 21 59 53
is_linear=0
shrinkage=0.0364312


Tree=119
num_leaves=14
num_cat=0
split_feature=21 15 14 15 15 3 21 3 14 0 0 0 3
split_gain=211.868 275.281 125.902 46.3359 71.9309 171.195 53.868 63.8601 61.6419 46.9814 38.0693 42.489 21.3377
threshold=82.500000000000014 73.500000000000014 43.500000000000007 48.500000000000007 29.500000000000004 33.500000000000007 19.500000000000004 15.000000000000002 15.000000000000002 34.500000000000007 18.500000000000004 29.500000000000004 10.500000000000002
decision_type=2 2 2 2 2 2 2 2 2 2 2 2 2
left_child=1 2 3 4 6 9 7 12 -9 -6 -8 -12 -1
right_child=-2 -3 -4 -5 5 -7 10 8 -10 -11 11 -13 -14
leaf_value=-0.012960078987447934 0.092984908650665513 -0.16945000169421345 0.060865018667971782 -0.074281459489486154 0.047422810892155255 -0.039059388209670406 0 0.10217070310556545 -0.01341438511669794 0.14747996259353635 -0.13597546597123869 -0.034707261428717065 -0.065865092277874071
leaf_weight=49.459999322891235 30.662907361984253 13.170731663703917 38.531174302101135 14.253658533096312 16.737073183059696 25.250000238418579 10.559999942779539 12.079024314880373 11.292682647705076 11.711951255798338 11.559999942779543 12.873170733451841 13.599999904632567
leaf_count=45 8 6 13 10 14 11 10 8 9 5 11 12 13
internal_value=0.00292778 -0.00843204 0.000823322 -0.0112473 -0.00586144 0.0289249 -0.0215469 -0.0056293 0.0451106 0.090369 -0.0596893 -0.0845532 -0.0250443
internal_weight=271.742 241.079 227.909 189.378 175.124 53.699 121.425 86.4317 23.3717 28.449 34.9932 24.4332 63.06
internal_count=175 167 161 148 138 30 108 75 17 19 33 23 58
is_linear=0
shrinkage=0.0364312


Tree=120
num_leaves=14
num_cat=0
split_feature=24 1 24 8 0 28 10 22 15 1 6 23 0
split_gain=295.614 798.378 120.444 137.267 194.629 108.259 51.4468 39.8176 38.7319 32.1354 36.9972 20.5036 31.3468
threshold=78.923076923076934 83.166666666666686 26.538461538461544 1808.941428571429 64.500000000000014 699.26076923076948 656.89571428571446 24.500000000000004 25.500000000000004 33.166666666666679 48.500000000000007 9.9230769230769251 12.500000000000002
decision_type=2 2 2 2 2 2 2 2 2 2 2 2 2
left_child=1 2 6 4 5 -4 11 -7 -8 -9 -11 -1 -13
right_child=-2 -3 3 -5 -6 7 8 9 -10 10 -12 12 -14
leaf_value=0.020539076746320932 -0.11442259265694905 0.25549832984964527 0.12911845213632517 -0.064588418128229991 0.1554271742175026 -0.043675396830479232 -0.02489940390588084 0.070304011512605596 -0.13438792643259612 -0.038105398741695704 0.035191786410969685 -0.045730087862082838 0.00075907461234432823
leaf_weight=21.799999713897705 22.325066566467285 18.085886001586914 10.79121947288513 16.262601733207703 18.311779022216797 16.363414645195007 10.692682743072512 13.040243864059446 8.4256098270416242 15.757073163986204 21.109756231307983 32.759999752044678 42.957072734832764
leaf_count=20 8 4 5 6 4 12 9 10 7 10 8 31 38
internal_value=0.0118232 0.0234652 0.00477824 0.0319299 0.0488242 0.022798 -0.0209201 0.00471774 -0.0756039 0.0213587 0.00290041 -0.00974731 -0.0189471
internal_weight=268.682 246.357 228.271 111.636 95.3735 77.0617 116.635 66.2705 19.1183 49.9071 36.8668 97.5171 75.7171
internal_count=172 164 160 55 49 45 105 40 16 28 18 89 69
is_linear=0
shrinkage=0.0364312


Tree=121
num_leaves=14
num_cat=0
split_feature=25 1 29 4 0 28 14 22 1 6 23 18 28
split_gain=274.629 741.705 111.924 127.626 180.713 100.609 68.3068 37.0028 29.8583 34.3767 21.9258 33.2626 27.3266
threshold=2133.133186813187 83.166666666666686 26.538461538461544 2132.7871428571434 64.500000000000014 699.26076923076948 19.500000000000004 24.500000000000004 33.166666666666679 48.500000000000007 9.9230769230769251 9.5000000000000018 206.53835164835166
decision_type=2 2 2 2 2 2 2 2 2 2 2 2 2
left_child=1 2 6 4 5 -4 10 -7 -9 -10 12 -12 -1
right_child=-2 -3 3 -5 -6 7 -8 8 9 -11 11 -13 -14
leaf_value=-0.016071249559753698 -0.1102810660017385 0.24626461347524756 0.12447717300982181 -0.062256277502697965 0.14980947874493558 -0.042098290758648682 -0.11981413631802468 0.067771053351371818 -0.036729891056167155 0.033918494105223219 -0.043710063228604289 0.00073327150534417533 0.063590181530100431
leaf_weight=11.59999990463257 22.325066566467285 18.085886001586914 10.79121947288513 16.262601733207703 18.311779022216797 16.363414645195007 8.3970732688903791 13.040243864059446 15.757073163986204 21.109756231307983 41.799999713897705 44.638292074203491 10.199999809265135
leaf_count=11 8 4 5 6 4 12 7 10 10 8 40 38 9
internal_value=0.0113917 0.0226172 0.00460002 0.0307782 0.0470759 0.021978 -0.0201663 0.00452873 0.0205877 0.00276019 -0.011965 -0.0203955 0.0197958
internal_weight=268.682 246.357 228.271 111.636 95.3735 77.0617 116.635 66.2705 49.9071 36.8668 108.238 86.4383 21.8
internal_count=172 164 160 55 49 45 105 40 28 18 98 78 20
is_linear=0
shrinkage=0.0364312


Tree=122
num_leaves=14
num_cat=0
split_feature=24 1 22 4 7 8 17 21 7 15 3 23 18
split_gain=255.139 689.047 105.291 112.112 180.215 93.2829 81.9604 45.1011 37.2051 56.027 30.159 23.507 25.5452
threshold=78.923076923076934 83.166666666666686 13.500000000000002 2132.7871428571434 66.500000000000014 940.69714285714292 51.000000000000007 25.500000000000004 39.000000000000007 32.500000000000007 46.500000000000007 9.9230769230769251 9.5000000000000018
decision_type=2 2 2 2 2 2 2 2 2 2 2 2 2
left_child=1 2 7 4 5 6 -4 11 9 -8 -7 -1 -13
right_child=-2 -3 3 -5 -6 10 8 -9 -10 -11 -12 12 -14
leaf_value=0.019028514741317656 -0.10628944700136468 0.23736458878403346 0.13439654932494563 -0.060008348603632217 0.12667072125260531 -0.056194901148804509 -0.0036832083487190353 -0.092143850014673803 -0.043998018154981854 0.11078781534831551 0.0071973074836259015 -0.04307887378778686 0
leaf_weight=21.799999713897705 22.325066566467285 18.085886001586914 11.588292837142943 16.262601733207703 25.155161023139954 20.559512376785278 12.459999799728399 10.859999895095823 8.3268291950225812 9.4802439212799055 17.500520467758179 39.799999713897705 34.478292226791382
leaf_count=20 8 4 5 6 8 12 11 10 7 7 7 38 29
internal_value=0.0109771 0.0218011 0.00442969 0.0277684 0.0417483 0.0144019 0.052131 -0.0217285 0.0190007 0.0446131 -0.0262222 -0.0132814 -0.0232487
internal_weight=268.682 246.357 228.271 121.333 105.071 79.9154 41.8554 106.938 30.2671 21.9402 38.06 96.0783 74.2783
internal_count=172 164 160 63 57 49 30 97 25 18 19 87 67
is_linear=0
shrinkage=0.0364312


Tree=123
num_leaves=14
num_cat=0
split_feature=24 1 20 4 0 8 14 23 6 26 4 23 23
split_gain=237.007 640.169 98.4804 116.301 152.951 81.2275 71.6287 53.7747 51.2404 35.7253 27.8747 24.5806 30.0126
threshold=78.923076923076934 83.166666666666686 13.000000000000002 2132.7871428571434 64.500000000000014 940.69714285714292 19.500000000000004 62.692307692307701 32.500000000000007 1207.7006593406597 906.33000000000004 9.9230769230769251 10.80769230769231
decision_type=2 2 2 2 2 2 2 2 2 2 2 2 2
left_child=1 2 6 4 5 8 10 9 -4 -7 11 -1 -13
right_child=-2 -3 3 -5 -6 7 -8 -9 -10 -11 -12 12 -14
leaf_value=0.018339883200020821 -0.10244230823012387 0.22878620999104432 0.12610978368885564 -0.057841582588837141 0.14074433411991602 -0.00022205090154324024 -0.11602742259934523 0.048002972065994215 0.02032672110748044 -0.083545248420253848 0.048553629753700436 -0.087485618848541891 -0.016025208384840402
leaf_weight=21.799999713897705 22.325066566467285 18.085886001586914 12.492439031600954 16.262601733207703 18.311779022216797 16.903414726257328 8.9999999999999982 14.626829385757445 13.623902320861815 12.373170733451841 9.6573171615600568 8.9999999999999982 74.219999074935913
leaf_count=20 8 4 8 6 4 8 9 6 9 8 5 9 68
internal_value=0.010571 0.0210076 0.00425804 0.0303784 0.047081 0.0218502 -0.0175617 -0.0077312 0.0726664 -0.0368551 -0.0093945 -0.0151129 -0.0243089
internal_weight=268.682 246.357 228.271 104.594 88.3315 70.0198 123.677 43.9034 26.1163 29.2766 114.677 105.02 83.22
internal_count=172 164 160 49 43 39 111 22 17 16 102 97 77
is_linear=0
shrinkage=0.0364312


Tree=124
num_leaves=13
num_cat=0
split_feature=24 15 6 10 10 26 27 22 0 3 20 3
split_gain=220.183 591.008 72.4489 201.163 52.3891 52.2791 56.025 37.9967 23.1191 17.9557 26.6365 16.9412
threshold=78.923076923076934 75.500000000000014 69.000000000000014 1712.0250000000003 1495.1314285714286 761.88 23.500000000000004 24.500000000000004 23.500000000000004 5.5000000000000009 5.5000000000000009 28.500000000000004
decision_type=2 2 2 2 2 2 2 2 2 2 2 2
left_child=1 2 3 4 5 8 -7 -8 9 -1 -11 -9
right_child=-2 -3 -4 -5 -6 6 7 11 -10 10 -12 -13
leaf_value=-0.044340443464047426 -0.098734398138581578 0.18609635472751884 -0.086472506332877397 0.11746073872333639 -0.077320764267883799 0.082048187638062237 -0.041639466234458522 0.055834714130196639 -0.057491517608118971 0.012291141034021248 -0.037671356013806279 0.0057669726591607533
leaf_weight=15.599999904632567 22.325066566467285 25.417125105857849 11.723089337348936 19.375629425048828 12.361495971679686 16.516829252243042 15.842926621437071 14.613414645195006 15.992682695388792 51.899999380111694 19.257073163986206 27.757073402404785
leaf_count=15 8 6 5 6 6 9 14 11 14 48 17 13
internal_value=0.0101845 0.020248 0.000901779 0.00602007 -0.0052526 0 0.0229852 0.00547005 -0.017026 -0.0090837 -0.000793001 0.0239831
internal_weight=268.682 246.357 220.94 209.217 189.841 177.48 74.7302 58.2134 102.75 86.7571 71.1571 42.3705
internal_count=172 164 158 153 147 141 47 38 94 80 65 24
is_linear=0
shrinkage=0.0364312


Tree=125
num_leaves=14
num_cat=0
split_feature=24 1 22 4 7 21 4 22 15 3 26 21 22
split_gain=204.524 559.712 86.8414 97.8041 154.154 77.5971 48.8145 62.1788 41.7854 14.8598 23.1372 32.1275 24.3677
threshold=78.923076923076934 83.166666666666686 13.500000000000002 2132.7871428571434 66.500000000000014 24.500000000000004 798.04000000000019 24.500000000000004 23.500000000000004 5.5000000000000009 303.54115384615392 11.500000000000002 3.5000000000000004
decision_type=2 2 2 2 2 2 2 2 2 2 2 2 2
left_child=1 2 8 4 5 -4 -7 -8 9 -1 12 -12 -11
right_child=-2 -3 3 -5 -6 6 7 -9 -10 10 11 -13 -14
leaf_value=-0.042740013987965744 -0.095160712563703745 0.21379232540523255 0.094565525155059296 -0.056899335645276029 0.11666729620389525 0.055557960508471539 -0.093175891961896962 0.0010604953306202923 -0.076952617505112383 -0.0095555279211132355 -0.058646962437380074 0.0010368016772748787 0.072331640729939181
leaf_weight=15.599999904632567 22.325066566467285 18.085886001586914 12.79121947288513 16.262601733207703 25.155161023139954 14.597073078155516 11.621951222419737 40.905154824256897 14.725609779357908 8.299999952316286 15.899999856948851 42.912682294845581 9.4999997615814191
leaf_count=15 8 4 7 6 8 11 10 21 13 8 15 38 8
internal_value=0.00980438 0.0195077 0.00383621 0.0250445 0.0381185 0.012793 -0.00244507 -0.0193315 -0.0199044 -0.0103117 -0.00318816 -0.0146155 0.032448
internal_weight=268.682 246.357 228.271 121.333 105.071 79.9154 67.1242 52.5271 106.938 92.2127 76.6127 58.8127 17.8
internal_count=172 164 160 63 57 49 42 31 97 84 69 53 16
is_linear=0
shrinkage=0.0364312


Tree=126
num_leaves=14
num_cat=0
split_feature=24 1 20 17 7 1 8 6 19 23 23 28 1
split_gain=190.005 519.986 81.9047 102.859 48.2364 33.3665 51.5369 41.2838 19.694 23.0929 25.9691 24.3649 14.263
threshold=78.923076923076934 83.166666666666686 13.000000000000002 69.000000000000014 42.000000000000007 47.666666666666679 1539.8357142857146 56.000000000000007 23.642857142857149 9.9230769230769251 10.80769230769231 206.53835164835166 40.333333333333343
decision_type=2 2 2 2 2 2 2 2 2 2 2 2 2
left_child=1 2 4 12 8 -5 7 -7 9 11 -11 -1 -4
right_child=-2 -3 3 5 -6 6 -8 -9 -10 10 -12 -13 -14
leaf_value=-0.01640578451513279 -0.091716360599042923 0.20606586050370457 0.055502233362063239 0.049738087427592496 -0.10002378627271619 -0.024230569627796662 -0.0566506536593544 0.052657898411191222 0.033999679337865289 -0.082846961300800825 -0.016104344805429265 0.058822843270572772 0.11176918556514291
leaf_weight=11.59999990463257 22.325066566467285 18.085886001586914 18.462683081626892 15.746341228485106 8.4256098270416242 17.095122098922729 20.19726836681366 19.075141549110413 11.69902443885803 8.9999999999999982 72.752681970596313 10.199999809265135 14.017580628395079
leaf_count=11 8 4 12 10 7 9 7 7 9 9 66 9 4
internal_value=0.0094449 0.0188017 0.00369099 0.0275242 -0.0161934 0.00273579 -0.009875 0.0154117 -0.00964572 -0.0149519 -0.0240097 0.0173693 0.0812392
internal_weight=268.682 246.357 228.271 104.594 123.677 72.1139 56.3675 36.1703 115.252 103.553 81.7527 21.8 32.4803
internal_count=172 164 160 49 111 33 23 16 104 95 75 20 16
is_linear=0
shrinkage=0.0364312


Tree=127
num_leaves=14
num_cat=0
split_feature=24 24 4 7 4 24 2 24 4 12 21 4 15
split_gain=176.521 490.177 84.9018 232.069 78.5185 50.2235 50.6476 65.643 23.2767 19.4148 26.0338 12.6009 7.14619
threshold=78.923076923076934 68.807692307692321 2132.7871428571434 66.500000000000014 1676.3742857142861 26.538461538461544 51.000000000000007 49.192307692307701 697.51071428571447 17.500000000000004 10.500000000000002 363.59357142857147 23.500000000000004
decision_type=2 2 2 2 2 2 2 2 2 2 2 2 2
left_child=1 2 3 4 5 8 -7 -8 9 10 -1 -11 -10
right_child=-2 -3 -4 -5 -6 6 7 -9 12 11 -12 -13 -14
leaf_value=-0.00071344188478126658 -0.088396694086057159 0.18124013038285794 -0.072001318990711299 0.11678871530194951 -0.10684348056962002 0.071280364749970238 -0.041789100067019518 0.058599404534001767 -0.019729389428878055 -0.021117317791101629 -0.060070201928552669 0.0216057797690942 -0.067545362221976796
leaf_weight=29.399999618530273 22.325066566467285 22.102959156036377 18.713821291923523 23.252722024917603 9.3736910820007306 22.260731816291809 20.075609683990479 14.942439079284666 10.692682743072512 11.299999952316282 15.559999942779539 36.957072734832764 11.725609779357908
leaf_count=27 8 6 7 7 5 12 16 7 9 11 15 32 10
internal_value=0.00909968 0.0181226 0.00178361 0.00871636 -0.00496154 0.000446371 0.0284942 0.000126299 -0.0131656 -0.00470504 -0.0221526 0.0108516 -0.0465507
internal_weight=268.682 246.357 224.254 205.541 182.288 172.914 57.2788 35.018 115.635 93.2171 44.96 48.2571 22.4183
internal_count=172 164 158 151 144 139 35 23 104 85 42 43 19
is_linear=0
shrinkage=0.0364312


Tree=128
num_leaves=14
num_cat=0
split_feature=6 4 4 4 15 1 14 3 12 3 3 19 7
split_gain=249.476 139.728 251.748 43.7377 44.2729 71.3991 45.5863 28.312 44.9989 29.1635 13.9878 11.3291 8.9047
threshold=73.500000000000014 2221.5292857142863 1996.0914285714289 1676.3742857142861 29.500000000000004 36.833333333333336 19.500000000000004 15.000000000000002 26.500000000000004 10.500000000000002 6.5000000000000009 17.928571428571434 54.500000000000007
decision_type=2 2 2 2 2 2 2 2 2 2 2 2 2
left_child=1 2 3 4 6 -6 7 9 -9 10 -1 -11 -7
right_child=-2 -3 -4 -5 5 12 -8 8 -10 11 -12 -13 -14
leaf_value=-0.032661113113853175 0.085967216411395694 -0.11306617544854802 0.16633800335835458 -0.072878276311697729 0.077655195679527098 -0.029511198184147266 -0.081274403648169624 0.06112718385133558 -0.018148653493553702 -0.088369722426845196 0.0065263450660259072 -0.028576270625500853 0.0070591819756751842
leaf_weight=16.899999856948853 48.870159149169922 14.622439026832579 11.655629396438597 12.361495971679686 20.92951226234436 13.761951327323912 12.133170723915098 17.679024219512939 19.292682647705078 9.0000000000000018 38.859999418258667 12.899999856948851 21.677073121070862
leaf_count=16 13 6 3 6 14 9 11 13 17 9 35 12 10
internal_value=0.0115489 -0.00473934 0.00281405 -0.00687475 -0.00217589 0.0244225 -0.0142911 -0.00680496 0.0189159 -0.0195082 -0.00478453 -0.0551438 -0.00623009
internal_weight=270.643 221.773 207.151 195.495 183.133 56.3685 126.765 114.632 36.9717 77.66 55.76 21.9 35.439
internal_count=174 161 155 152 146 33 113 102 30 72 51 21 19
is_linear=0
shrinkage=0.0364312


Tree=129
num_leaves=14
num_cat=0
split_feature=6 4 4 4 15 1 14 3 14 3 2 3 19
split_gain=231.778 129.793 234.004 40.6201 41.1826 66.3173 42.3215 26.2978 42.1819 27.1631 16.1739 13.0035 10.4341
threshold=73.500000000000014 2221.5292857142863 1996.0914285714289 1676.3742857142861 29.500000000000004 36.833333333333336 19.500000000000004 15.000000000000002 15.000000000000002 10.500000000000002 31.000000000000004 6.5000000000000009 17.928571428571434
decision_type=2 2 2 2 2 2 2 2 2 2 2 2 2
left_child=1 2 3 4 6 -6 7 9 -9 11 -10 -1 -11
right_child=-2 -3 -4 -5 5 -7 -8 8 10 12 -12 -13 -14
leaf_value=-0.031481399913133888 0.082844641247638851 -0.10898767680433165 0.16035292202317794 -0.07025415912874837 0.074845679433315937 -0.0059709595348586804 -0.078348614140595782 0.065173511633104503 -0.038356169836816278 -0.085201595083291115 0.024201801771975607 0.0062894706249668831 -0.027546828108131138
leaf_weight=16.899999856948853 48.870159149169922 14.622439026832579 11.655629396438597 12.361495971679686 20.92951226234436 35.439024448394775 12.133170723915098 15.079024314880369 13.499999761581423 9.0000000000000018 8.3926827907562238 38.859999418258667 12.899999856948851
leaf_count=16 13 6 3 6 14 19 11 11 12 9 7 35 12
internal_value=0.011113 -0.00458156 0.00269241 -0.00664262 -0.00210717 0.0235379 -0.013798 -0.00657269 0.0181989 -0.0188235 -0.012799 -0.0045901 -0.0532203
internal_weight=270.643 221.773 207.151 195.495 183.133 56.3685 126.765 114.632 36.9717 77.66 21.8927 55.76 21.9
internal_count=174 161 155 152 146 33 113 102 30 72 19 51 21
is_linear=0
shrinkage=0.0364312


Tree=130
num_leaves=13
num_cat=0
split_feature=6 23 15 6 15 8 8 8 4 17 8 20
split_gain=215.335 125.699 87.7168 26.8867 66.8154 40.5552 70.9952 64.818 39.1609 21.9226 14.5919 20.2621
threshold=73.500000000000014 73.884615384615401 61.500000000000007 51.500000000000007 29.500000000000004 630.32214285714304 571.68142857142868 705.0921428571429 1116.6114285714286 51.000000000000007 478.09428571428572 5.5000000000000009
decision_type=2 2 2 2 2 2 2 2 2 2 2 2
left_child=1 2 3 4 5 6 10 -7 9 -6 11 -1
right_child=-2 -3 -4 -5 8 7 -8 -9 -10 -11 -12 -13
leaf_value=0.0022541231205422357 0.079835479154125338 -0.12514377035556146 0.076257550497800461 -0.039296867404134753 0.12037686778015524 -0.12641738012175971 0.08101547130271583 -0.0023886141689671006 0 0.040263122662927593 -0.053766579878120557 -0.039467679622179862
leaf_weight=59.199999332427979 48.870159149169922 10.748780488967894 18.938393592834473 26.853853702545166 8.4492683410644549 9.8999998569488543 11.63902425765991 13.965853571891783 16.537561058998108 14.480243921279905 10.899999856948851 20.159999847412109
leaf_count=55 13 5 7 12 4 9 7 12 9 12 10 19
internal_value=0.0106935 -0.00442879 0.00163782 -0.00559098 0 -0.0130659 -0.00266654 -0.0557374 0.0411829 0.0718609 -0.0139542 -0.00796121
internal_weight=270.643 221.773 211.024 192.086 165.232 125.765 101.899 23.8659 39.4671 22.9295 90.26 79.36
internal_count=174 161 156 149 137 112 91 21 25 16 84 74
is_linear=0
shrinkage=0.0364312


Tree=131
num_leaves=14
num_cat=0
split_feature=3 22 18 27 9 9 8 8 17 14 27 19 19
split_gain=202.9 176.44 81.2513 30.1804 78.6439 81.1705 27.7313 63.3429 38.8314 37.3755 9.92806 30.6045 20.8821
threshold=48.500000000000007 43.500000000000007 41.000000000000007 40.500000000000007 37.100000000000009 33.600000000000001 630.32214285714304 571.68142857142868 54.500000000000007 19.500000000000004 11.500000000000002 11.500000000000002 16.071428571428573
decision_type=2 2 2 2 2 2 2 2 2 2 2 2 2
left_child=2 -2 3 4 5 6 7 10 9 -8 11 -1 -12
right_child=1 -3 -4 -5 -6 -7 8 -9 -10 -11 12 -13 -14
leaf_value=-0.0062746473292836355 0.12679566973743164 0.014460294933909323 -0.10646438702567219 0.034110503736338484 -0.10397632294351516 0.092599550760698021 -0.027169401429534359 0.078100471127008339 0.023797208081757493 -0.12969620460419917 0.025805987761202406 -0.084247162487087163 -0.01972474694734578
leaf_weight=29.399999618530273 31.193860173225403 47.618302345275879 10.760975599288939 23.717073202133179 10.802438974380491 10.821463465690611 14.292682647705083 11.63902425765991 8.1402440071105939 7.9999999999999991 22.059999704360962 8.9999999999999982 33.197072982788086
leaf_count=27 8 15 6 12 8 5 12 7 7 8 20 9 30
internal_value=0.0102959 0.0595138 -0.00977398 -0.00375531 -0.00970914 -0.00242777 -0.0103506 -0.00113933 -0.0409294 -0.0661114 -0.0114625 -0.0256986 -0.000901642
internal_weight=270.643 78.8122 191.831 181.07 157.353 146.55 135.729 105.296 30.4329 22.2927 93.6571 38.4 55.2571
internal_count=174 23 151 145 133 125 120 93 27 20 86 36 50
is_linear=0
shrinkage=0.0364312


Tree=132
num_leaves=13
num_cat=0
split_feature=11 4 4 4 15 1 8 8 8 1 4 22
split_gain=191.503 123.576 206.928 38.7884 37.8528 77.8903 42.1222 53.6844 50.0345 9.78087 17.8323 9.10106
threshold=73.500000000000014 2221.5292857142863 1996.0914285714289 1676.3742857142861 32.500000000000007 36.833333333333336 630.32214285714304 705.0921428571429 571.68142857142868 20.166666666666668 476.77714285714291 36.000000000000007
decision_type=2 2 2 2 2 2 2 2 2 2 2 2
left_child=1 2 3 4 6 -6 8 -8 9 10 -1 -7
right_child=-2 -3 -4 -5 5 11 7 -9 -10 -11 -12 -13
leaf_value=-0.0042279693160891477 0.075121871856794573 -0.10621732653372913 0.15101719176233705 -0.068155140948354093 0.092547752399248853 -0.021003368598172974 -0.1199725512227804 -0.0096409279914866641 0.065695078829403411 0.020159654385142851 -0.042473932247627702 0.015596179666836098
leaf_weight=59.459999322891235 48.870159149169922 14.622439026832579 11.655629396438597 12.361495971679686 15.532438993453978 20.046341419219971 9.8999998569488543 15.965853571891783 12.63902425765991 10.697073221206663 23.499999761581421 15.392683029174803
leaf_count=55 13 6 3 6 10 12 9 14 8 9 22 7
internal_value=0.00991457 -0.00433818 0.00275559 -0.00601252 -0.00157781 0.0248295 -0.0120407 -0.0536386 -0.00153298 -0.0110631 -0.0155347 -0.00413315
internal_weight=270.643 221.773 207.151 195.495 183.133 50.9715 132.162 25.8659 106.296 93.6571 82.96 35.439
internal_count=174 161 155 152 146 29 117 23 94 86 77 19
is_linear=0
shrinkage=0.0364312


Tree=133
num_leaves=14
num_cat=0
split_feature=6 4 4 4 15 1 8 8 8 28 28 19 20
split_gain=177.889 114.805 192.324 36.0351 35.1922 72.3603 39.2274 49.8036 46.4941 9.34635 40.4909 18.2745 8.46267
threshold=73.500000000000014 2221.5292857142863 1996.0914285714289 1676.3742857142861 32.500000000000007 36.833333333333336 630.32214285714304 705.0921428571429 571.68142857142868 244.47131868131871 279.48109890109896 8.2857142857142865 36.000000000000007
decision_type=2 2 2 2 2 2 2 2 2 2 2 2 2
left_child=1 2 3 4 6 -6 8 -8 9 11 -11 -1 -7
right_child=-2 -3 -4 -5 5 12 7 -9 -10 10 -12 -13 -14
leaf_value=0 0.072393227465698179 -0.10238587379853717 0.14558338407927585 -0.06570108852302288 0.089207454980660461 -0.020243711525457394 -0.11566519757985791 -0.0092928729795424287 0.06332900675050035 0.047404943016371541 -0.018397871043087058 -0.070832178721654052 0.015033321168400445
leaf_weight=9.5999999046325701 48.870159149169922 14.622439026832579 11.655629396438597 12.361495971679686 15.532438993453978 20.046341419219971 9.8999998569488543 15.965853571891783 12.63902425765991 15.399999618530272 59.657072782516479 8.9999999999999982 15.392683029174803
leaf_count=9 13 6 3 6 10 12 9 14 8 13 55 9 7
internal_value=0.00954499 -0.00418646 0.00264505 -0.00580188 -0.00152043 0.023934 -0.0116152 -0.0517595 -0.0014633 -0.0106616 -0.00436974 -0.0339696 -0.00394787
internal_weight=270.643 221.773 207.151 195.495 183.133 50.9715 132.162 25.8659 106.296 93.6571 75.0571 18.6 35.439
internal_count=174 161 155 152 146 29 117 23 94 86 68 18 19
is_linear=0
shrinkage=0.0364312


Tree=134
num_leaves=14
num_cat=0
split_feature=3 22 3 9 20 0 8 17 19 21 19 19 8
split_gain=173.052 161.787 73.6214 111.933 37.1017 24.0642 60.4674 31.3063 32.123 9.43991 28.325 18.7802 22.6506
threshold=48.500000000000007 43.500000000000007 33.500000000000007 33.600000000000001 36.000000000000007 24.500000000000004 571.68142857142868 54.500000000000007 25.642857142857146 11.500000000000002 11.500000000000002 16.071428571428573 237.11428571428573
decision_type=2 2 2 2 2 2 2 2 2 2 2 2 2
left_child=2 -2 3 5 -4 6 9 8 -7 10 -1 12 -11
right_child=1 -3 4 -5 -6 7 -8 -9 -10 11 -12 -13 -14
leaf_value=-0.0053979118025701467 0.11905901355064616 0.011497670034605266 -0.084150190694768368 0.085396465509990915 -0.005566274140485764 -0.022461120087375518 0.082989459986066716 0.015242336689935103 -0.11430944843736303 -0.013782669056752569 -0.080426347520174246 -0.017887397170202764 0.058043200218895655
leaf_weight=29.399999618530273 31.193860173225403 47.618302345275879 22.863414764404297 18.484877943992615 13.753658533096312 14.29268264770508 10.079024314880369 9.7002439498901349 8.9999999999999982 9.5999999046325701 8.9999999999999982 33.197072982788086 12.459999799728392
leaf_count=27 8 15 12 11 7 12 6 8 9 9 9 30 11
internal_value=0.00919 0.0546509 -0.00933385 0.00142706 -0.055716 -0.00975047 -0.000772441 -0.036805 -0.0599199 -0.0102712 -0.02412 0 0.0253389
internal_weight=270.643 78.8122 191.831 155.214 36.6171 136.729 103.736 32.9929 23.2927 93.6571 38.4 55.2571 22.06
internal_count=174 23 151 132 19 121 92 29 21 86 36 50 20
is_linear=0
shrinkage=0.0364312


Tree=135
num_leaves=12
num_cat=0
split_feature=3 8 3 18 15 3 19 25 19 9 25
split_gain=163.9 109.445 181.96 80.4818 38.8044 52.0563 34.2821 26.3108 20.1975 16.9746 23.6139
threshold=72.000000000000014 1808.941428571429 48.500000000000007 41.000000000000007 29.500000000000004 33.500000000000007 25.642857142857146 911.33076923076953 23.357142857142858 22.100000000000005 505.87214285714293
decision_type=2 2 2 2 2 2 2 2 2 2 2
left_child=1 2 3 4 6 7 8 -6 9 10 -1
right_child=-2 -3 -4 -5 5 -7 -8 -9 -10 -11 -12
leaf_value=-0.013572532171082119 0.10798386704461248 -0.07756402566409297 0.080194103870154174 -0.10244109546866301 0.095466241584371989 -0.012273064423398589 -0.060934760197535923 0.021331527394514507 0.048963610170431861 -0.057458904384326458 0.030749599027082252
leaf_weight=73.499999284744263 20.317593336105347 21.494309067726135 38.573430895805359 10.760975599288939 13.968780517578127 24.282926917076111 16.1331707239151 14.480243921279905 8.531707286834715 8.5999999046325666 19.999999523162842
leaf_count=69 5 8 11 6 7 12 15 12 5 8 16
internal_value=0.00884175 0.000598308 0.00813632 -0.00634091 -0.000308149 0.0257129 -0.0114228 0.0592464 -0.00381886 -0.00863219 -0.00368839
internal_weight=270.643 250.326 228.831 190.258 179.497 52.732 126.765 28.449 110.632 102.1 93.5
internal_count=174 169 161 150 144 31 113 19 98 93 85
is_linear=0
shrinkage=0.0364312


Tree=136
num_leaves=11
num_cat=0
split_feature=3 4 3 15 1 0 25 25 1 1
split_gain=211.086 155.362 194.15 68.2835 55.5282 71.7165 59.127 23.9029 43.9429 30.8522
threshold=72.000000000000014 2221.5292857142863 48.500000000000007 56.000000000000007 35.333333333333336 28.500000000000004 947.76692307692326 824.20780219780238 23.666666666666668 20.166666666666668
decision_type=2 2 2 2 2 2 2 2 2 2
left_child=1 2 3 4 5 7 -6 8 9 -1
right_child=-2 -3 -4 -5 6 -7 -8 -9 -10 -11
leaf_value=-0.012324289052019219 0.12414307207365842 -0.099658944278130587 0.079801117078191833 -0.10520579467835968 0.090386739331739643 -0.08794124565455097 0 0.036208329686532995 -0.089385088027298026 0.051810906031281467
leaf_weight=89.819998979568481 18.268812894821167 20.39300811290741 38.174081444740295 9.3902438879013044 14.70707321166992 16.092682838439941 25.586341619491577 15.039024353027342 8.8999998569488508 10.939999818801878
leaf_count=83 4 8 11 6 5 15 15 11 8 9
internal_value=0.00506508 -0.00359832 0.00487564 -0.0100081 -0.00479959 -0.0157599 0.0325587 -0.00607519 -0.0122303 -0.00495234
internal_weight=267.311 249.042 228.649 190.475 181.085 140.792 40.2934 124.699 109.66 100.76
internal_count=175 171 163 152 146 126 20 111 100 92
is_linear=0
shrinkage=0.0364312


Tree=137
num_leaves=14
num_cat=0
split_feature=24 1 15 23 24 23 23 17 7 7 24 0 8
split_gain=171.58 580.485 77.6212 34.7876 152.186 79.1329 23.6768 21.261 17.6631 44.0755 16.419 13.9473 49.4082
threshold=78.923076923076934 83.166666666666686 61.500000000000007 26.538461538461544 27.230769230769234 37.423076923076927 54.576923076923087 59.500000000000007 24.500000000000004 22.500000000000004 25.038461538461544 12.500000000000002 359.45142857142861
decision_type=2 2 2 2 2 2 2 2 2 2 2 2 2
left_child=1 2 3 4 8 -5 7 -7 9 11 -10 -1 -13
right_child=-2 -3 -4 5 -6 6 -8 -9 10 -11 -12 12 -14
leaf_value=-0.0257866599454116 -0.091279407797838247 0.22756046054266479 0.05046907523283338 -0.097329912367006347 0.1322213517232104 0.0034761487538882471 0.018154491648295152 -0.057737758619714002 -0.01069013650586562 0.065893771538522355 -0.071840857685904258 0.067529274429146913 -0.02536249520405846
leaf_weight=43.65999960899353 22.325066566467285 15.634666442871092 33.229307532310486 17.412195086479187 10.710731744766234 12.161951303482057 24.486861824989319 16.072195053100586 16.518292665481571 10.799999713897703 10.599999904632567 11.199999809265135 22.499999761581421
leaf_count=41 8 3 11 15 3 6 11 14 14 8 10 10 21
internal_value=0.00487207 0.0138247 -0.000729556 -0.00961197 0.00158107 -0.0301745 -0.00713192 -0.030265 -0.0104081 -0.00205933 -0.0361211 -0.0120996 0.00464256
internal_weight=267.311 244.986 229.352 196.122 125.989 70.1332 52.721 28.2341 115.278 88.16 27.1183 77.36 33.7
internal_count=175 167 164 153 107 46 31 20 104 80 24 72 31
is_linear=0
shrinkage=0.0364312


Tree=138
num_leaves=10
num_cat=0
split_feature=3 4 9 4 15 21 20 1 21
split_gain=174.914 142.413 182.69 111.197 50.7054 31.7122 55.935 29.8023 39.4112
threshold=72.000000000000014 2221.5292857142863 68.90000000000002 1996.0914285714289 56.000000000000007 46.500000000000007 24.500000000000004 35.333333333333336 19.500000000000004
decision_type=2 2 2 2 2 2 2 2 2
left_child=1 2 3 4 5 6 7 8 -1
right_child=-2 -3 -4 -5 -6 -7 -8 -9 -10
leaf_value=0 0.11309305691762007 -0.095159095809187424 0.1311025605757393 0.089471197123732221 -0.07463802427988396 0.032088242208803672 -0.099255866175133337 0.033196232142422989 -0.045569655020165328
leaf_weight=92.731706142425537 18.268812894821167 20.39300811290741 14.147200107574461 15.655629396438597 15.207316875457762 25.278569102287292 8.9999999999999982 21.469024538993835 35.159999847412109
leaf_count=81 4 8 3 5 9 12 9 10 34
internal_value=0.00469352 -0.00318054 0.00492671 -0.0033168 -0.0108567 -0.00533117 -0.0115471 -0.00593851 -0.0128092
internal_weight=267.311 249.042 228.649 214.502 198.847 183.639 158.361 149.361 127.892
internal_count=175 171 163 160 155 146 134 125 115
is_linear=0
shrinkage=0.0364312


Tree=139
num_leaves=13
num_cat=0
split_feature=3 8 3 15 9 8 8 15 6 0 23 4
split_gain=162.505 132.69 163.701 61.0603 47.2336 47.4162 38.5525 37.9329 23.4524 17.5796 14.6144 17.4221
threshold=72.000000000000014 1808.941428571429 48.500000000000007 56.000000000000007 33.600000000000001 630.32214285714304 571.68142857142868 42.500000000000007 34.500000000000007 28.500000000000004 9.5000000000000018 286.84285714285716
decision_type=2 2 2 2 2 2 2 2 2 2 2 2
left_child=1 2 3 4 5 6 10 -6 9 -7 -1 -12
right_child=-2 -3 -4 -5 7 8 -8 -9 -10 -11 11 -13
leaf_value=0.02030231520486897 0.10900554160646578 -0.09280351686904538 0.073062023816274135 -0.099056877645808103 0.055842175223761718 -0.036155780889343972 0.055993444844681009 -0.012781203933493007 0 -0.10874286289425641 -0.048823836356961171 -0.0076012587982282392
leaf_weight=15.199999809265135 18.268812894821167 19.993658661842346 38.573430895805359 9.3902438879013044 26.656585335731506 10.899999856948858 12.63902425765991 16.551219582557678 8.5182926654815656 10.999999999999998 18.599999904632568 61.019999265670776
leaf_count=14 4 8 11 6 12 10 8 11 6 11 18 56
internal_value=0.00451996 -0.00306477 0.0046712 -0.00904202 -0.004107 -0.0146903 -0.00295596 0.0288006 -0.054798 -0.074666 -0.0112527 -0.0177377
internal_weight=267.311 249.042 229.049 190.475 181.085 137.877 107.459 43.2078 30.4183 21.9 94.82 79.62
internal_count=175 171 163 152 146 123 96 23 27 21 88 74
is_linear=0
shrinkage=0.0364312


Tree=140
num_leaves=14
num_cat=0
split_feature=24 1 16 23 24 23 21 7 7 24 0 8 4
split_gain=162.865 499.52 72.29 32.7742 132.925 70.1583 21.9161 15.0009 38.5836 14.6949 12.5942 45.6494 27.5294
threshold=78.923076923076934 83.166666666666686 61.500000000000007 26.538461538461544 27.230769230769234 37.423076923076927 51.500000000000007 24.500000000000004 22.500000000000004 25.038461538461544 12.500000000000002 359.45142857142861 309.84214285714285
decision_type=2 2 2 2 2 2 2 2 2 2 2 2 2
left_child=1 2 3 4 7 -5 -7 8 10 -9 12 -12 -1
right_child=-2 -3 -4 5 -6 6 -8 9 -10 -11 11 -13 -14
leaf_value=-0.0039149223152569468 -0.089343060711357891 0.2113300901199727 0.048979470267101706 -0.092226488458364592 0.12395221226812823 -0.022344913606597298 0.029352528732035265 -0.0088877422472682377 0.06194919538295722 -0.066781546068404196 0.065314310210070753 -0.02394385881205871 -0.068352461769719736
leaf_weight=30.65999960899353 22.325066566467285 15.634666442871092 33.229307532310486 17.412195086479187 10.710731744766234 38.015154600143433 14.705853581428526 16.518292665481571 10.799999713897703 10.599999904632567 11.199999809265135 22.499999761581421 12.999999999999998
leaf_count=28 8 3 11 15 3 23 8 14 8 10 10 21 13
internal_value=0.00433537 0.0130616 -0.000428604 -0.00900676 0.00185239 -0.0289713 -0.00722735 -0.00933378 -0.00161094 -0.0330254 -0.0110317 0.00484926 -0.0240568
internal_weight=267.311 244.986 229.352 196.122 125.989 70.1332 52.721 115.278 88.16 27.1183 77.36 33.7 43.66
internal_count=175 167 164 153 107 46 31 104 80 24 72 31 41
is_linear=0
shrinkage=0.0364312


Tree=141
num_leaves=14
num_cat=0
split_feature=24 3 15 23 24 23 21 15 3 8 0 17 3
split_gain=151.272 464.416 51.5584 30.4062 123.581 65.1724 20.3724 14.5512 32.0506 23.1677 31.1122 9.76591 10.2155
threshold=78.923076923076934 67.000000000000014 61.500000000000007 26.538461538461544 27.230769230769234 37.423076923076927 51.500000000000007 23.500000000000004 18.500000000000004 478.09428571428572 12.500000000000002 59.500000000000007 48.500000000000007
decision_type=2 2 2 2 2 2 2 2 2 2 2 2 2
left_child=1 2 3 4 7 -5 11 8 9 10 -1 -7 -13
right_child=-2 -3 -4 5 -6 6 -8 -9 -10 -11 -12 12 -14
leaf_value=-0.021606810204090728 -0.086109285017213752 0.18668572482798945 0.042267141444861857 -0.088894443388882041 0.11949708096347592 0.0028355224477102678 0.028293672819566358 -0.041626839211383208 0.057275497979037499 -0.05208344792154472 0.02619380511385775 -0.054907958241225192 -0.0050447894534285716
leaf_weight=44.65999960899353 22.325066566467285 18.634666442871094 30.229307532310486 17.412195086479187 10.710731744766234 12.161951303482054 14.705853581428526 15.725609779357908 10.03268265724182 14.899999856948851 29.959999561309814 14.389268279075624 11.463935017585753
leaf_count=42 8 4 10 15 3 6 8 14 7 14 27 13 4
internal_value=0.00416654 0.012581 -0.00171016 -0.00869167 0.00175819 -0.0279223 -0.00693944 -0.00901769 -0.00346546 -0.0107416 -0.00193727 -0.021534 -0.0342837
internal_weight=267.311 244.986 226.352 196.122 125.989 70.1332 52.721 115.278 99.5527 89.52 74.62 38.0152 25.8532
internal_count=175 167 163 153 107 46 31 104 90 83 69 23 17
is_linear=0
shrinkage=0.0364312


Tree=142
num_leaves=14
num_cat=0
split_feature=24 1 15 23 24 23 23 17 1 3 8 15 6
split_gain=140.531 434.128 61.7086 28.2524 114.855 60.5347 19.0729 17.3325 14.3896 30.5933 21.7435 21.271 18.8082
threshold=78.923076923076934 83.166666666666686 61.500000000000007 26.538461538461544 27.230769230769234 37.423076923076927 54.576923076923087 59.500000000000007 22.666666666666668 15.000000000000002 705.0921428571429 12.500000000000002 15.500000000000002
decision_type=2 2 2 2 2 2 2 2 2 2 2 2 2
left_child=1 2 3 4 8 -5 7 -7 9 11 -10 -1 -13
right_child=-2 -3 -4 5 -6 6 -8 -9 10 -11 -12 12 -14
leaf_value=0.0016723115792468047 -0.08299255942541589 0.19696376525749945 0.045196825466820606 -0.085682788103964583 0.11520208643516991 0.0027334436055116672 0.015931641727077835 -0.052277923027263452 -0.071309912243291057 0.040476114418249179 0.00036905382734440625 -0.063521385328028243 -0.0018688036159645867
leaf_weight=48.199999332427979 22.325066566467285 15.634666442871092 33.229307532310486 17.412195086479187 10.710731744766234 12.161951303482057 24.486861824989319 16.072195053100586 10.899999856948854 17.539999723434448 9.5182926654815656 16.000000000000004 13.11999988555908
leaf_count=44 8 3 11 15 3 6 11 14 10 15 7 16 12
internal_value=0.00401226 0.0121269 -0.000439127 -0.00837583 0.00168781 -0.0269139 -0.00666562 -0.0274671 -0.00869063 -0.00230519 -0.0364432 -0.0125157 -0.0370766
internal_weight=267.311 244.986 229.352 196.122 125.989 70.1332 52.721 28.2341 115.278 94.86 20.4183 77.32 29.12
internal_count=175 167 164 153 107 46 31 20 104 87 17 72 28
is_linear=0
shrinkage=0.0364312


Tree=143
num_leaves=12
num_cat=0
split_feature=14 9 3 16 21 23 24 23 24 20 17
split_gain=133.112 273.657 59.0566 55.6698 32.8149 54.7924 108.712 33.2782 23.8005 15.8736 12.038
threshold=68.500000000000014 79.40000000000002 48.500000000000007 56.000000000000007 48.500000000000007 26.538461538461544 27.230769230769234 37.423076923076927 25.500000000000004 8.5000000000000018 59.500000000000007
decision_type=2 2 2 2 2 2 2 2 2 2 2
left_child=1 2 3 4 5 6 8 -7 9 -1 -9
right_child=-2 -3 -4 -5 -6 7 -8 10 -10 -11 -12
leaf_value=-0.011402433715285766 -0.11038838373260994 0.13119993233399757 0.038026805736350866 -0.09643729618393436 0.040111568321027524 -0.092637360759015269 0.11106146019415949 0.0026350402943063887 -0.06426945455805344 0.02413100057646279 -0.04486635587838575
leaf_weight=83.799999237060547 12.689170598983763 22.319733381271362 40.253827691078186 9.3902438879013044 18.204877972602844 14.47317063808441 10.710731744766234 12.161951303482057 9.5999999046325666 20.318292379379272 13.389268279075621
leaf_count=79 4 5 13 6 10 13 3 6 9 15 12
internal_value=0.00387202 0.00976223 -0.00183127 -0.0103886 -0.00570185 -0.0110151 0.000652836 -0.048023 -0.00957036 -0.00411153 -0.02102
internal_weight=267.311 254.622 232.302 192.049 182.658 164.453 124.429 40.0244 113.718 104.118 25.5512
internal_count=175 171 166 153 147 137 106 31 103 94 18
is_linear=0
shrinkage=0.0364312


Tree=144
num_leaves=14
num_cat=0
split_feature=15 9 4 7 10 20 1 12 12 21 3 6 15
split_gain=128.503 359.473 64.6366 93.3001 62.7945 28.727 25.8052 20.0037 41.4585 34.8938 28.9888 18.6481 13.0573
threshold=91.000000000000014 81.90000000000002 2221.5292857142863 66.500000000000014 1495.1314285714286 24.500000000000004 47.666666666666679 17.500000000000004 15.500000000000002 14.500000000000002 6.5000000000000009 31.000000000000004 18.500000000000004
decision_type=2 2 2 2 2 2 2 2 2 2 2 2 2
left_child=1 2 3 4 5 7 -7 8 10 12 -1 -11 -9
right_child=-2 -3 -4 -5 -6 6 -8 9 -10 11 -12 -13 -14
leaf_value=-0.025762339909366588 -0.10060308791444053 0.17817884453981561 -0.080610461280788664 0.058250504159588552 -0.101698323725503 -0.081607380183712705 -0.0022755288726597216 0.0198896949854456 -0.06831780929348108 -0.014479426200909085 0.049101629040303803 0.018719393411686113 0.081233568563704381
leaf_weight=15.59999990463257 15.851056814193724 14.969066619873045 13.969430804252623 31.0069659948349 9.2639349699020368 11.326829195022585 12.163414835929869 12.199999809265138 15.299999952316282 55.559999465942383 11.799999713897703 37.310487866401672 10.079024314880369
leaf_count=15 5 3 6 10 5 10 6 11 15 52 10 20 6
internal_value=-0.000370804 0.00588684 -0.00501703 -4.56959e-05 -0.00974827 -0.00478192 -0.0422635 0.00061017 -0.020406 0.0087202 0.00530837 -0.000760568 0.0495358
internal_weight=266.4 250.549 235.58 221.611 190.604 181.34 23.4902 157.85 42.7 115.15 27.4 92.8705 22.279
internal_count=174 169 166 160 150 145 16 129 40 89 25 72 17
is_linear=0
shrinkage=0.0364312


Tree=145
num_leaves=14
num_cat=0
split_feature=15 9 4 7 10 21 15 6 4 21 20 17 23
split_gain=119.368 334.038 60.048 86.6793 58.3557 27.0615 37.9296 19.492 32.9803 18.1435 45.6181 18.0954 12.0926
threshold=91.000000000000014 81.90000000000002 2221.5292857142863 66.500000000000014 1495.1314285714286 26.500000000000004 28.500000000000004 48.500000000000007 798.04000000000019 14.500000000000002 8.5000000000000018 57.000000000000007 19.038461538461544
decision_type=2 2 2 2 2 2 2 2 2 2 2 2 2
left_child=1 2 3 4 5 6 9 8 -7 10 -1 -10 -11
right_child=-2 -3 -4 -5 -6 7 -8 -9 11 12 -12 -13 -14
leaf_value=-0.0023154110754385437 -0.096971375620101968 0.17175014143368714 -0.077704040554163314 0.056138292108636099 -0.09805070033866066 0.0026792461256581893 0.058986442119964268 0.00045710434910848751 -0.10639306531733482 -0.0011672756891519891 0.085430882698586563 -0.035960818551517067 -0.039406677476366787
leaf_weight=48.899999380111694 15.851056814193724 14.969066619873045 13.969430804252623 31.0069659948349 9.2639349699020368 13.419999837875364 15.070975780487059 22.918536782264709 9.6829267740249652 26.292682647705078 9.0790243148803693 14.475609779357908 21.499999761581421
leaf_count=45 5 3 6 10 5 12 7 10 9 24 5 13 20
internal_value=-0.00036343 0.00566295 -0.00484294 -4.56338e-05 -0.00940323 -0.00460839 0.00511518 -0.0245688 -0.0406939 -0.00230383 0.0110079 -0.0660862 -0.0191606
internal_weight=266.4 250.549 235.58 221.611 190.604 181.34 120.843 60.4971 37.5785 105.772 57.979 24.1585 47.7927
internal_count=174 169 166 160 150 145 101 44 34 94 50 22 44
is_linear=0
shrinkage=0.0364312


Tree=146
num_leaves=14
num_cat=0
split_feature=14 9 0 7 10 20 1 12 12 2 3 6 21
split_gain=115.457 250.889 63.6016 108.794 54.2296 25.8215 23.3834 18.5337 38.4238 32.3766 26.9554 17.817 17.4149
threshold=68.500000000000014 79.40000000000002 69.000000000000014 66.500000000000014 1495.1314285714286 24.500000000000004 47.666666666666679 17.500000000000004 15.500000000000002 24.500000000000004 6.5000000000000009 31.000000000000004 12.500000000000002
decision_type=2 2 2 2 2 2 2 2 2 2 2 2 2
left_child=1 2 3 4 5 7 -7 8 10 12 -1 -11 -9
right_child=-2 -3 -4 -5 -6 6 -8 9 -10 11 -12 -13 -14
leaf_value=-0.024754211170317706 -0.10708110165615443 0.13216839075851894 -0.069064971493591795 0.071121334744091116 -0.094533901483563443 -0.077427800899505142 -0.0017894367658259768 0.081709294945742375 -0.065692173625715708 -0.014721102879751478 0.047417938520003762 0.017890033067691134 0.014802859253489925
leaf_weight=15.59999990463257 12.689170598983763 18.893066644668579 18.914634108543396 25.299648880958557 9.2639349699020368 11.326829195022585 12.163414835929869 10.53999972343445 15.299999952316282 54.099024057388306 11.799999713897703 37.310487866401672 13.199999809265135
leaf_count=15 4 4 8 8 5 10 6 8 15 49 10 20 12
internal_value=-0.000356573 0.00490294 -0.00526462 0.000207002 -0.00907106 -0.0044416 -0.0399816 0.000659715 -0.0195584 0.00847311 0.00515447 -0.00102414 0.046277
internal_weight=266.4 253.711 234.818 215.903 190.604 181.34 23.4902 157.85 42.7 115.15 27.4 91.4095 23.74
internal_count=174 170 166 158 150 145 16 129 40 89 25 69 20
is_linear=0
shrinkage=0.0364312


Tree=147
num_leaves=14
num_cat=0
split_feature=15 9 4 7 10 21 15 6 4 21 20 8 17
split_gain=109.619 303.262 54.6331 75.5991 50.3951 24.4231 34.6629 17.8547 37.3754 16.1559 42.0673 22.3633 5.34812
threshold=91.000000000000014 81.90000000000002 2221.5292857142863 66.500000000000014 1495.1314285714286 26.500000000000004 28.500000000000004 40.500000000000007 798.04000000000019 14.500000000000002 8.5000000000000018 478.09428571428572 59.500000000000007
decision_type=2 2 2 2 2 2 2 2 2 2 2 2 2
left_child=1 2 3 4 5 6 9 8 -7 10 -1 -11 -10
right_child=-2 -3 -4 -5 -6 7 -8 -9 12 11 -12 -13 -14
leaf_value=-0.0023592028274368433 -0.092934071867896484 0.16367345753661719 -0.074081214422311567 0.05245940667822143 -0.091143240663090749 0.0031450119575194353 0.056446785190647844 -0.00026039134838715892 -0.097015140047385276 0.0052995591730392146 0.081887781598942319 -0.043357173103628507 -0.046111668177668402
leaf_weight=48.899999380111694 15.851056814193724 14.969066619873045 13.969430804252623 31.0069659948349 9.2639349699020368 13.419999837875364 15.070975780487059 27.503902554512024 9.5731707811355609 24.199999809265137 9.0790243148803693 23.592682600021362 9.9999999999999982
leaf_count=45 5 3 6 10 5 12 7 13 9 23 5 21 10
internal_value=-0.000350114 0.00541949 -0.00458398 -9.62962e-07 -0.00875048 -0.00428045 0.00494599 -0.0232498 -0.0412823 -0.00213223 0.0104086 -0.0180549 -0.0733002
internal_weight=266.4 250.549 235.58 221.611 190.604 181.34 120.843 60.4971 32.9932 105.772 57.979 47.7927 19.5732
internal_count=174 169 166 160 150 145 101 44 31 94 50 44 19
is_linear=0
shrinkage=0.0364312


Tree=148
num_leaves=11
num_cat=0
split_feature=14 9 0 7 10 19 20 12 12 21
split_gain=107.911 226.811 56.7323 95.3857 46.8304 24.4803 17.5472 20.9512 35.7632 23.1286
threshold=68.500000000000014 79.40000000000002 69.000000000000014 66.500000000000014 1495.1314285714286 56.357142857142868 24.500000000000004 17.500000000000004 15.500000000000002 14.500000000000002
decision_type=2 2 2 2 2 2 2 2 2 2
left_child=1 2 3 4 5 6 7 8 -1 -9
right_child=-2 -3 -4 -5 -6 -7 -8 9 -10 -11
leaf_value=0.0049904190131717782 -0.10352567175211737 0.12574356832140626 -0.065181914161576801 0.066644916316090222 -0.087874192919809968 -0.062184787612916882 -0.037818744452232815 0.044229468590873247 -0.063326686965210405 0.0024563920273067263
leaf_weight=27.399999618530273 12.689170598983763 18.893066644668579 18.914634108543396 25.299648880958557 9.2639349699020368 9.0243903398513776 15.465853691101072 22.279024124145508 15.299999952316282 91.870487332344055
leaf_count=25 4 4 8 8 5 5 12 17 15 71
internal_value=-0.00034378 0.00473661 -0.00492373 0.000235166 -0.00844202 -0.00412575 -0.000834039 0.00262355 -0.0188111 0.0109589
internal_weight=266.4 253.711 234.818 215.903 190.604 181.34 172.315 156.85 42.7 114.15
internal_count=174 170 166 158 150 145 140 128 40 88
is_linear=0
shrinkage=0.0364312


Tree=149
num_leaves=11
num_cat=0
split_feature=15 9 4 7 10 15 20 9 0 14
split_gain=100.622 275.401 49.7308 65.9259 43.5229 23.2255 32.5079 28.372 21.3678 19.83
threshold=91.000000000000014 81.90000000000002 2221.5292857142863 66.500000000000014 1495.1314285714286 48.500000000000007 24.500000000000004 28.900000000000002 24.500000000000004 25.500000000000004
decision_type=2 2 2 2 2 2 2 2 2 2
left_child=1 2 3 4 5 6 7 8 -1 -9
right_child=-2 -3 -4 -5 -6 -7 -8 9 -10 -11
leaf_value=0.0023234411291274859 -0.089042702626422526 0.1559994828763514 -0.070643522818851251 0.049020448561516591 -0.084722401297564032 -0.053044050231401893 -0.047521062717959021 0.064519990815861197 -0.042639093536619023 0.0077280326304795012
leaf_weight=100.07902336120605 15.851056814193724 14.969066619873045 13.969430804252623 31.0069659948349 9.2639349699020368 11.821951270103453 17.351219534873962 15.434878110885618 15.992682695388792 20.660000085830688
leaf_count=90 5 3 6 10 5 9 12 9 14 11
internal_value=-0.000334758 0.00518751 -0.00433864 0 -0.00814002 -0.00397174 -0.000302465 0.00489435 -0.00361886 0.0331322
internal_weight=266.4 250.549 235.58 221.611 190.604 181.34 169.518 152.167 116.072 36.0949
internal_count=174 169 166 160 150 145 136 124 104 20
is_linear=0
shrinkage=0.0364312


Tree=150
num_leaves=11
num_cat=0
split_feature=14 9 4 7 10 15 20 9 5 23
split_gain=100.842 205.027 50.573 83.622 40.4501 21.5899 30.2111 26.406 19.8589 19.1665
threshold=68.500000000000014 79.40000000000002 2132.7871428571434 66.500000000000014 1495.1314285714286 48.500000000000007 24.500000000000004 28.900000000000002 24.500000000000004 37.423076923076927
decision_type=2 2 2 2 2 2 2 2 2 2
left_child=1 2 3 4 5 6 7 8 -1 -9
right_child=-2 -3 -4 -5 -6 -7 -8 9 -10 -11
leaf_value=0.0022389185892283756 -0.1000740279711988 0.11963354544406342 -0.061490636239353642 0.062455217958540546 -0.081683651918205299 -0.051135119636298736 -0.045804228219471499 0.056567482618752864 -0.041099724375176783 0.0011755756815837375
leaf_weight=100.07902336120605 12.689170598983763 18.893066644668579 18.914634108543396 25.299648880958557 9.2639349699020368 11.821951270103453 17.351219534873962 19.372926950454712 15.992682695388792 16.721951246261597
leaf_count=90 4 4 8 8 5 9 12 10 14 10
internal_value=-0.000324713 0.00458212 -0.00459556 0.000266414 -0.00784774 -0.00382209 -0.000277038 0.00472546 -0.00347799 0.0319706
internal_weight=266.4 253.711 234.818 215.903 190.604 181.34 169.518 152.167 116.072 36.0949
internal_count=174 170 166 158 150 145 136 124 104 20
is_linear=0
shrinkage=0.0364312


Tree=151
num_leaves=13
num_cat=0
split_feature=14 24 0 0 4 20 12 12 3 27 6 17
split_gain=93.6951 194.684 86.977 75.1011 33.6926 16.9973 16.7771 33.2693 25.0692 24.8164 15.0253 11.5237
threshold=68.500000000000014 68.807692307692321 69.000000000000014 64.500000000000014 1676.3742857142861 24.500000000000004 17.500000000000004 15.500000000000002 6.5000000000000009 14.500000000000002 31.000000000000004 28.000000000000004
decision_type=2 2 2 2 2 2 2 2 2 2 2 2
left_child=1 2 3 4 5 6 7 8 -1 11 -11 -8
right_child=-2 -3 -4 -5 -6 -7 9 -9 -10 10 -12 -13
leaf_value=-0.024155815693655183 -0.096469579816422374 0.091494274651953769 -0.08362408289521267 0.07826212365522453 -0.073721778859733342 -0.033395458397281905 0.066222321067286247 -0.061206026837925295 0.045452640160502732 -0.012031464194199913 0.017231896907863708 0.0085859784533942867
leaf_weight=15.59999990463257 12.689170598983763 29.94617223739624 17.993821263313293 14.792266845703123 9.3170732259750348 21.265853643417358 12.53999972343445 15.299999952316282 11.799999713897703 55.559999465942383 39.856829285621643 9.7390244007110578
leaf_count=15 4 9 7 3 6 15 10 15 10 52 21 7
internal_value=-0.000315655 0.00440939 -0.00714212 -0.000231218 -0.00654742 -0.00285509 0.00100465 -0.0182692 0.00464424 0.00830546 0 0.0427934
internal_weight=266.4 253.711 223.765 205.771 190.979 181.662 160.396 42.7 27.4 117.696 95.4168 22.279
internal_count=174 170 161 154 151 145 130 40 25 90 73 17
is_linear=0
shrinkage=0.0364312


Tree=152
num_leaves=14
num_cat=0
split_feature=6 9 9 9 4 4 7 27 26 8 4 23 19
split_gain=138.297 328.217 58.2323 73.3213 37.1053 56.2316 16.6153 34.9085 54.355 14.4332 36.2691 19.0112 18.5606
threshold=91.000000000000014 79.40000000000002 64.100000000000009 54.400000000000006 798.04000000000019 757.37571428571448 54.500000000000007 25.500000000000004 1081.0656043956046 359.45142857142861 402.64428571428573 25.84615384615385 11.500000000000002
decision_type=2 2 2 2 2 2 2 2 2 2 2 2 2
left_child=1 2 3 4 5 9 7 -6 -9 10 12 -11 -1
right_child=-2 -3 -4 -5 6 -7 -8 8 -10 11 -12 -13 -14
leaf_value=0.01790233112672102 -0.11818735131889373 0.15250326292783342 -0.061101621953406668 0.055630064454098259 0 0.09300081721764554 -0.0064070989488896795 -0.1415740670990415 -0.024191587092586515 -0.032431362727154626 0.079277450684416786 0.021817904621213944 -0.024919821739774521
leaf_weight=29.699999570846558 11.954146385192869 19.106400012969971 21.312312126159668 28.953840851783752 16.118292570114136 8.9799997806549055 32.658081412315369 9.0000000000000018 14.573170781135557 31.499999761581421 8.4599997997283918 10.857073068618773 24.159999847412109
leaf_count=27 4 4 8 11 13 6 13 9 14 30 7 8 23
internal_value=0.00198713 0.00781234 -0.00382827 0.0017264 -0.0065149 0.00622109 -0.0269732 -0.0429389 -0.0710637 -0.00101157 0.00977899 -0.0176829 -0.000679589
internal_weight=267.333 255.379 236.273 214.96 186.007 113.657 72.3495 39.6915 23.5732 104.677 62.32 42.3571 53.86
internal_count=177 173 169 161 150 101 49 36 23 95 57 38 50
is_linear=0
shrinkage=0.0364312


Tree=153
num_leaves=10
num_cat=0
split_feature=6 19 6 10 10 1 15 6 6
split_gain=128.505 268.355 57.319 81.7947 29.2274 38.4857 49.9895 18.7504 34.7958
threshold=91.000000000000014 80.214285714285737 69.000000000000014 1712.0250000000003 1495.1314285714286 52.166666666666679 46.500000000000007 34.500000000000007 29.500000000000004
decision_type=2 2 2 2 2 2 2 2 2
left_child=1 2 3 4 5 6 7 8 -1
right_child=-2 -3 -4 -5 -6 -7 -8 -9 -10
leaf_value=0 -0.11393348019838245 0.14250828796332674 -0.057860719411353859 0.070827650644219101 -0.058431388505910696 0.058607611013002658 -0.073487835575931013 0.029554221021296446 -0.07142059040545895
leaf_weight=120.9599986076355 11.954146385192869 18.021196603775024 22.504995226860046 21.168312311172485 12.251739859580992 13.340487957000731 13.024390339851378 24.548048734664917 9.5599999427795392
leaf_count=111 4 4 8 7 6 5 9 14 9
internal_value=0.00190211 0.00752191 -0.00266191 0.00299392 -0.00428854 -0.000397431 -0.00533317 0.000231386 -0.00504498
internal_weight=267.333 255.379 237.358 214.853 193.685 181.433 168.092 155.068 130.52
internal_count=177 173 169 161 154 148 143 134 120
is_linear=0
shrinkage=0.0364312


Tree=154
num_leaves=12
num_cat=0
split_feature=6 9 4 0 15 21 2 19 19 9 6
split_gain=119.419 285.934 52.7821 86.7568 47.8478 53.924 40.6872 30.913 27.4772 14.6567 21.5792
threshold=91.000000000000014 79.40000000000002 2132.7871428571434 64.500000000000014 56.000000000000007 46.500000000000007 24.500000000000004 13.000000000000002 11.500000000000002 34.300000000000004 37.500000000000007
decision_type=2 2 2 2 2 2 2 2 2 2 2
left_child=1 2 3 4 5 6 7 8 -1 10 -8
right_child=-2 -3 -4 -5 -6 -7 9 -9 -10 -11 -12
leaf_value=0.014749219592105801 -0.10983272497957232 0.14230177521557971 -0.061297207443491805 0.077057834514518822 -0.066819226717586805 0.043691713607142239 -0.027224101313798422 0.055074714726239732 -0.041566647039785874 -0.062704577149504087 0.031281150374642887
leaf_weight=37.59999942779541 11.954146385192869 19.106400012969971 19.207967400550842 18.311779022216797 15.412194967269896 30.670341610908508 60.38560938835144 16.099999666213989 16.299999952316284 13.221951246261595 9.0629268884658796
leaf_count=34 4 4 8 4 9 14 56 13 16 9 6
internal_value=0.00182653 0.00724861 -0.00360683 0.00137617 -0.00547358 -7.86894e-05 -0.00913207 0.0109466 -0.00170575 -0.0265415 -0.0190414
internal_weight=267.333 255.379 236.273 217.065 198.753 183.341 152.67 70 53.9 82.6705 69.4485
internal_count=177 173 169 161 157 148 134 63 50 71 62
is_linear=0
shrinkage=0.0364312


Tree=155
num_leaves=12
num_cat=0
split_feature=6 9 9 15 21 15 3 15 0 8 4
split_gain=110.979 265.624 52.1173 70.2021 24.1644 41.515 67.9361 25.4634 32.887 35.8395 23.9474
threshold=91.000000000000014 79.40000000000002 64.100000000000009 61.500000000000007 51.500000000000007 34.500000000000007 41.000000000000007 29.500000000000004 23.500000000000004 705.0921428571429 668.82857142857154
decision_type=2 2 2 2 2 2 2 2 2 2 2
left_child=1 2 3 4 5 7 -7 8 10 -10 -1
right_child=-2 -3 -4 -5 -6 6 -8 -9 9 -11 -12
leaf_value=-0.00022086772328597451 -0.10587957813377709 0.13715678941697187 -0.057660309159101801 0.073582398767185753 0.029786773446683498 -0.11002402421294881 -0.0029491767146039246 0.048287695383457063 -0.082300711605279922 -0.00077377827863042248 0.063831332660092624
leaf_weight=88.519999027252197 11.954146385192869 19.106400012969971 21.312312126159668 16.572702527046204 23.937235713005066 12.998780608177183 21.349300980567932 12.916585445404051 13.459999799728395 16.965853571891785 8.2399997711181623
leaf_count=82 4 4 8 6 12 11 8 9 12 15 6
internal_value=0.00175516 0.00698671 -0.00347093 0.00177586 -0.00409753 -0.0089666 -0.04477 0 -0.00512046 -0.0381951 0.00496361
internal_weight=267.333 255.379 236.273 214.96 198.388 174.451 34.3481 140.102 127.186 30.4259 96.76
internal_count=177 173 169 161 155 143 19 124 115 27 88
is_linear=0
shrinkage=0.0364312


Tree=156
num_leaves=10
num_cat=0
split_feature=6 9 6 4 4 1 15 6 6
split_gain=103.115 246.795 48.8667 54.7484 26.8027 33.7963 46.1481 17.3325 31.3277
threshold=91.000000000000014 79.40000000000002 69.000000000000014 1996.0914285714289 1676.3742857142861 52.166666666666679 46.500000000000007 34.500000000000007 29.500000000000004
decision_type=2 2 2 2 2 2 2 2 2
left_child=1 2 3 4 5 6 7 8 -1
right_child=-2 -3 -4 -5 -6 -7 -8 -9 -10
leaf_value=0.00023669463337190849 -0.10206870208342227 0.13219781792856783 -0.054286979560133015 0.059022368858026288 -0.055741731739172337 0.055119228163338911 -0.070303140563447483 0.028718061013906875 -0.067525365828978293
leaf_weight=120.9599986076355 11.954146385192869 19.106400012969971 22.504995226860046 20.083108901977539 12.251739859580992 13.340487957000731 13.024390339851378 24.548048734664917 9.5599999427795392
leaf_count=111 4 4 8 7 6 5 9 14 9
internal_value=0.0016769 0.00672434 -0.00335069 0.00188295 -0.00390279 -0.000169296 -0.00480731 0.000531145 -0.00453088
internal_weight=267.333 255.379 236.273 213.768 193.685 181.433 168.092 155.068 130.52
internal_count=177 173 169 161 154 148 143 134 120
is_linear=0
shrinkage=0.0364312


Tree=157
num_leaves=12
num_cat=0
split_feature=6 9 4 0 15 21 2 19 19 7 28
split_gain=95.8249 229.271 48.6175 78.9818 44.2911 48.9549 35.7846 27.7843 25.3564 16.4648 18.7395
threshold=91.000000000000014 79.40000000000002 2132.7871428571434 64.500000000000014 56.000000000000007 46.500000000000007 24.500000000000004 13.000000000000002 11.500000000000002 44.500000000000007 497.07554945054954
decision_type=2 2 2 2 2 2 2 2 2 2 2
left_child=1 2 3 4 5 6 7 8 -1 10 -8
right_child=-2 -3 -4 -5 -6 -7 9 -9 -10 -11 -12
leaf_value=0.014213388023028255 -0.098394995064830557 0.12741813838794233 -0.058601916684478027 0.073761681474600507 -0.063992960393041129 0.041919394845473155 -0.051153918188763609 0.052232487805992309 -0.039884484965252612 -0.061175465162525443 -0.0052411975866282663
leaf_weight=37.59999942779541 11.954146385192869 19.106400012969971 19.207967400550842 18.311779022216797 15.412194967269896 30.670341610908508 15.999999999999998 16.099999666213989 16.299999952316284 14.221951246261595 52.448536276817322
leaf_count=34 4 4 8 4 9 14 16 13 16 10 45
internal_value=0.00160961 0.00647993 -0.00322563 0.00155093 -0.00497686 0 -0.00841589 0.0103944 -0.00156811 -0.0247523 -0.0165649
internal_weight=267.333 255.379 236.273 217.065 198.753 183.341 152.67 70 53.9 82.6705 68.4485
internal_count=177 173 169 161 157 148 134 63 50 71 61
is_linear=0
shrinkage=0.0364312


Tree=158
num_leaves=14
num_cat=0
split_feature=6 9 9 15 19 4 4 4 6 14 12 14 12
split_gain=89.032 213.026 46.1082 66.5968 21.7751 37.3909 48.9425 13.924 26.3152 28.022 13.1723 11.1925 30.8467
threshold=91.000000000000014 79.40000000000002 64.100000000000009 61.500000000000007 59.142857142857146 798.04000000000019 757.37571428571448 1865.5028571428577 37.500000000000007 19.500000000000004 57.000000000000007 4.5000000000000009 14.500000000000002
decision_type=2 2 2 2 2 2 2 2 2 2 2 2 2
left_child=1 2 3 4 5 6 11 8 9 -7 -10 -1 -13
right_child=-2 -3 -4 -5 -6 7 -8 -9 10 -11 -12 12 -14
leaf_value=-0.03625849211137689 -0.094853498884429607 0.12281127127237311 -0.05409255497125641 0.071749431242884854 0.046276611995910426 0 0.086901617129495581 -0.061217971577626769 0.027105076475766269 -0.07359451785411053 -0.019498121528793117 0.05783185415375016 -0.0046470261120145646
leaf_weight=10.599999904632567 11.954146385192869 19.106400012969971 21.312312126159668 16.572702527046204 10.537235856056212 12.025609731674196 8.9799997806549055 13.734666705131529 16.19756102561951 17 15.235609769821165 11.799999713897703 82.277072429656982
leaf_count=10 4 4 8 6 4 10 6 6 9 17 8 10 75
internal_value=0.00153543 0.00623458 -0.00311566 0.00181043 -0.00390572 -0.00693881 0.00594494 -0.027115 -0.0186668 -0.0436858 0.00343249 -0.000780382 0.00289884
internal_weight=267.333 255.379 236.273 214.96 198.388 187.851 113.657 74.1934 60.4588 29.0256 31.4332 104.677 94.0771
internal_count=177 173 169 161 155 151 101 50 44 27 17 95 85
is_linear=0
shrinkage=0.0364312


Tree=159
num_leaves=12
num_cat=0
split_feature=6 9 10 0 16 21 2 25 6 7 28
split_gain=82.7306 197.912 44.1908 74.7746 42.2282 45.0547 32.4067 23.8525 15.82 15.1342 17.5641
threshold=91.000000000000014 79.40000000000002 1916.7485714285722 64.500000000000014 56.000000000000007 46.500000000000007 24.500000000000004 368.10862637362646 9.5000000000000018 44.500000000000007 497.07554945054954
decision_type=2 2 2 2 2 2 2 2 2 2 2
left_child=1 2 3 4 5 6 7 8 -1 10 -8
right_child=-2 -3 -4 -5 -6 -7 9 -9 -10 -11 -12
leaf_value=0.023364649346177935 -0.091439486496515954 0.11837096789361533 -0.055802689602729987 0.071807164726710712 -0.062429428126028204 0.040271122651946024 -0.049170823222771269 0.053903384623346082 -0.015836529167823653 -0.058516737734238385 -0.0047132055767724638
leaf_weight=22.399999618530273 11.954146385192869 19.106400012969971 19.207967400550842 18.311779022216797 15.412194967269896 30.670341610908508 15.999999999999998 13.099999666213987 34.499999761581421 14.221951246261595 52.448536276817322
leaf_count=20 4 4 8 4 9 14 16 10 33 10 45
internal_value=0.00146969 0.00600411 -0.00300317 0.00154365 -0.00480344 0 -0.00801698 0.0098665 0 -0.0235691 -0.0156933
internal_weight=267.333 255.379 236.273 217.065 198.753 183.341 152.67 70 56.9 82.6705 68.4485
internal_count=177 173 169 161 157 148 134 63 53 71 61
is_linear=0
shrinkage=0.0364312


Tree=160
num_leaves=10
num_cat=0
split_feature=24 4 4 7 4 1 15 9 23
split_gain=129.148 178.039 85.4131 69.996 31.2542 36.8372 37.1169 37.451 16.4362
threshold=78.923076923076934 2368.8342857142866 2132.7871428571434 66.500000000000014 1676.3742857142861 52.166666666666679 46.500000000000007 33.600000000000001 30.07692307692308
decision_type=2 2 2 2 2 2 2 2 2
left_child=1 2 3 4 5 6 7 8 -1
right_child=-2 -3 -4 -5 -6 -7 -8 -9 -10
leaf_value=-0.0010083764181507372 -0.082080572697004583 0.1004787856553032 -0.096080892133122528 0.061040052581338801 -0.062005477982888059 0.068643817347907726 -0.060135669344364984 0.045866202342880032 -0.043096350115532339
leaf_weight=119.248779296875 22.325066566467285 25.274666547775269 11.7804878950119 25.155161023139954 11.202959418296812 9.7551221847534162 14.024390339851378 21.554146289825439 13.859999895095823
leaf_count=106 8 6 5 8 6 3 10 11 13
internal_value=0.00145576 0.00904142 -0.00106327 0.00404809 -0.00336981 0.000164815 -0.00364568 0.0013044 -0.00569342
internal_weight=274.181 251.856 226.581 214.801 189.645 178.442 168.687 154.663 133.109
internal_count=176 168 162 157 149 143 140 130 119
is_linear=0
shrinkage=0.0364312


Tree=161
num_leaves=10
num_cat=0
split_feature=24 0 4 7 4 1 15 9 23
split_gain=119.938 165.416 79.357 65.0397 29.04 34.2472 34.4765 34.8053 15.2624
threshold=78.923076923076934 75.500000000000014 2132.7871428571434 66.500000000000014 1676.3742857142861 52.166666666666679 46.500000000000007 33.600000000000001 30.07692307692308
decision_type=2 2 2 2 2 2 2 2 2
left_child=1 2 3 4 5 6 7 8 -1
right_child=-2 -3 -4 -5 -6 -7 -8 -9 -10
leaf_value=-0.00097168466437055239 -0.079109662012961435 0.096839202813605793 -0.092623309738498888 0.058829097559884913 -0.059775541743105821 0.066179841514880738 -0.057967380759687707 0.044206458389874498 -0.041542631121854821
leaf_weight=119.248779296875 22.325066566467285 25.274666547775269 11.7804878950119 25.155161023139954 11.202959418296812 9.7551221847534162 14.024390339851378 21.554146289825439 13.859999895095823
leaf_count=106 8 6 5 8 6 3 10 11 13
internal_value=0.00138758 0.00870229 -0.00103214 0.00388908 -0.00325515 0.000144965 -0.00352218 0.00124061 -0.00549724
internal_weight=274.181 251.856 226.581 214.801 189.645 178.442 168.687 154.663 133.109
internal_count=176 168 162 157 149 143 140 130 119
is_linear=0
shrinkage=0.0364312


Tree=162
num_leaves=12
num_cat=0
split_feature=25 25 4 12 7 9 6 0 18 14 26
split_gain=111.384 158.101 38.4497 77.7689 24.5049 54.7592 26.2202 14.4443 18.3609 14.3297 12.8046
threshold=2133.133186813187 1834.5732417582419 2132.7871428571434 66.500000000000014 44.500000000000007 33.600000000000001 48.500000000000007 24.500000000000004 13.500000000000002 21.500000000000004 475.80494505494505
decision_type=2 2 2 2 2 2 2 2 2 2 2
left_child=1 2 3 4 5 7 -6 8 10 -9 -1
right_child=-2 -3 -4 -5 6 -7 -8 9 -10 -11 -12
leaf_value=0.0011625118219398009 -0.076246295173963849 0.1011131934798431 -0.046895736659178684 0.059063194173226079 -0.074523855327337282 0.072137449586458804 -0.0054531098022586018 0 0.031855855494030909 -0.053385787207847188 -0.03085272150228258
leaf_weight=63.499999284744263 22.325066566467285 22.102959156036377 21.420487999916077 29.369795322418213 12.512195110321043 13.161463379859923 20.180032730102539 13.29268264770508 20.29609751701355 14.559999942779539 21.459999799728394
leaf_count=59 8 6 8 10 11 6 8 11 15 14 20
internal_value=0.00132193 0.0083755 -0.000453721 0.00418446 -0.00466884 0.0014884 -0.0331579 -0.00530814 0.000555827 -0.0285946 -0.00655563
internal_weight=274.181 251.856 229.753 208.332 178.962 146.27 32.6922 133.109 105.256 27.8527 84.96
internal_count=176 168 162 154 144 125 19 119 94 25 79
is_linear=0
shrinkage=0.0364312


Tree=163
num_leaves=10
num_cat=0
split_feature=24 0 4 0 4 1 15 9 8
split_gain=103.448 148.988 70.6745 57.7103 21.9034 25.8855 32.0113 30.4848 14.2471
threshold=78.923076923076934 75.500000000000014 2132.7871428571434 64.500000000000014 1676.3742857142861 52.166666666666679 46.500000000000007 33.600000000000001 630.32214285714304
decision_type=2 2 2 2 2 2 2 2 2
left_child=1 2 3 4 5 6 7 8 -1
right_child=-2 -3 -4 -5 -6 -7 -8 -9 -10
leaf_value=0.00035803114494947682 -0.073486563619835785 0.091713720395359702 -0.087602553871430094 0.065122283048604485 -0.051198970999809412 0.044119431146606464 -0.055866127878176235 0.041400750671979916 -0.029658996536801797
leaf_weight=107.81609654426575 22.325066566467285 25.274666547775269 11.7804878950119 18.311779022216797 11.25609767436981 16.545365929603577 14.024390339851378 21.554146289825439 25.292682647705078
leaf_count=96 8 6 5 4 7 6 10 11 23
internal_value=0.00126207 0.00806425 -0.00116664 0.00346864 -0.00214477 0.000686914 -0.00340204 0.00117931 -0.00511156
internal_weight=274.181 251.856 226.581 214.801 196.489 185.233 168.687 154.663 133.109
internal_count=176 168 162 157 153 146 140 130 119
is_linear=0
shrinkage=0.0364312


Tree=164
num_leaves=11
num_cat=0
split_feature=15 19 25 3 3 1 0 20 14 9
split_gain=100.942 239.494 27.5299 90.0731 23.7596 45.2075 17.8318 31.9303 23.6374 11.6365
threshold=91.000000000000014 84.214285714285737 1669.502197802198 46.500000000000007 33.500000000000007 35.333333333333336 28.500000000000004 13.000000000000002 17.000000000000004 50.70000000000001
decision_type=2 2 2 2 2 2 2 2 2 2
left_child=1 2 3 4 5 6 7 8 -1 -6
right_child=-2 -3 -4 -5 9 -7 -8 -9 -10 -11
leaf_value=-0.00042105902884991253 -0.087443144498394923 0.16207777832406925 -0.030117846051235877 0.067923413221823714 -0.055691073964362132 0.065339023384845304 -0.040453988077632431 0.060785624719314472 -0.061000530874162559 -0.0078862233170458214
leaf_weight=103.45902323722839 15.851056814193724 12.405196428298948 36.666114091873169 25.59646201133728 15.991219639778139 13.144878029823301 16.392682790756226 10.297073125839232 9.2999999523162824 15.077073335647581
leaf_count=93 5 3 13 8 9 7 15 7 9 7
internal_value=0.00121042 0.0068306 -0.000950925 0.00401145 -0.00475387 0.000948904 -0.0049341 0 -0.00579693 -0.0337482
internal_weight=274.181 258.33 245.925 209.258 183.662 152.594 139.449 123.056 112.759 31.0683
internal_count=176 171 168 155 147 131 124 109 102 16
is_linear=0
shrinkage=0.0364312


Tree=165
num_leaves=11
num_cat=0
split_feature=24 24 4 12 7 9 6 23 25 4
split_gain=97.2638 141.34 34.5528 65.0541 22.1671 47.0893 22.6032 12.5838 13.7686 12.1064
threshold=78.923076923076934 68.807692307692321 2132.7871428571434 66.500000000000014 44.500000000000007 33.600000000000001 48.500000000000007 30.07692307692308 728.78692307692324 697.51071428571447
decision_type=2 2 2 2 2 2 2 2 2 2
left_child=1 2 3 4 5 7 -6 8 9 -1
right_child=-2 -3 -4 -5 6 -7 -8 -9 -10 -11
leaf_value=0.00093970358360875774 -0.071327394249469364 0.095436377857677557 -0.044618227610804827 0.053997775416277857 -0.069836433357885794 0.067082361830110723 -0.005512744862575498 -0.037440246785751884 0.044783439140846718 -0.030402937681378955
leaf_weight=91.957072257995605 22.325066566467285 22.102959156036377 21.420487999916077 29.369795322418213 12.512195110321043 13.161463379859923 20.180032730102539 13.859999895095823 7.9990243911743155 19.292682647705078
leaf_count=84 8 6 8 10 11 6 8 13 5 17
internal_value=0.00114932 0.00774898 -0.000591102 0.00379737 -0.00428467 0.00156139 -0.031388 -0.00472313 -0.000588949 -0.00421696
internal_weight=274.181 251.856 229.753 208.332 178.962 146.27 32.6922 133.109 119.249 111.25
internal_count=176 168 162 154 144 125 19 119 106 101
is_linear=0
shrinkage=0.0364312


Tree=166
num_leaves=11
num_cat=0
split_feature=15 19 24 3 8 10 21 17 24 22
split_gain=93.0912 223.228 26.2999 56.351 22.3288 27.2941 25.3903 18.6315 36.0391 13.6509
threshold=91.000000000000014 84.214285714285737 64.038461538461561 46.500000000000007 898.65071428571446 917.80642857142868 40.500000000000007 69.000000000000014 28.153846153846157 13.500000000000002
decision_type=2 2 2 2 2 2 2 2 2 2
left_child=1 2 3 4 5 7 -6 8 9 -1
right_child=-2 -3 -4 -5 6 -7 -8 -9 -10 -11
leaf_value=-0.0057770778888083128 -0.084033120700538241 0.15638518438265173 -0.033663919017049244 0.046751807932576155 -0.059644334085984727 0.062467113637186905 -1.2236520020142301e-05 0.048125464092274646 -0.079983983625931968 0.029580498822919094
leaf_weight=100.71999883651733 15.851056814193724 12.405196428298948 28.910016536712646 33.352559566497803 18.571707367897034 9.1448779106140119 21.589268565177917 8.8999998569488508 7.9999999999999991 16.736097574234009
leaf_count=93 5 3 10 11 13 5 9 7 8 12
internal_value=0.00109829 0.00650055 -0.00100726 0.00320311 -0.00454732 0.00195494 -0.0285644 -0.00196912 -0.00585073 -0.000413708
internal_weight=274.181 258.33 245.925 217.015 183.662 143.501 40.161 134.356 125.456 117.456
internal_count=176 171 168 158 147 125 22 120 113 105
is_linear=0
shrinkage=0.0364312


Tree=167
num_leaves=13
num_cat=0
split_feature=25 25 4 12 7 9 11 8 14 3 8 8
split_gain=91.3348 131.758 32.7064 58.1223 20.2727 43.3304 20.8193 11.2597 16.0074 14.42 18.4532 9.92703
threshold=2133.133186813187 1834.5732417582419 2132.7871428571434 66.500000000000014 44.500000000000007 33.600000000000001 48.500000000000007 630.32214285714304 21.500000000000004 15.000000000000002 359.45142857142861 478.09428571428572
decision_type=2 2 2 2 2 2 2 2 2 2 2 2
left_child=1 2 3 4 5 7 -6 9 -9 10 -1 -11
right_child=-2 -3 -4 -5 6 -7 -8 8 -10 11 -12 -13
leaf_value=0.0014712141849513361 -0.069178902259758548 0.092113549577305151 -0.043434618448502799 0.051121643548970239 -0.066786020499649476 0.064474236830383308 -0.0049879027440914957 0 -0.056481613001089191 0.046599506742369436 -0.040787382029450557 0.00039154516483161741
leaf_weight=63.319999217987061 22.325066566467285 22.102959156036377 21.420487999916077 29.369795322418213 12.512195110321043 13.161463379859923 20.180032730102539 13.29268264770508 11.999999999999998 12.899999856948854 16.899999856948853 14.69609761238098
leaf_count=58 8 6 8 10 11 6 8 11 12 12 16 10
internal_value=0.00105062 0.00744996 -0.000597299 0.00366809 -0.00396118 0.00162054 -0.0298873 -0.00439769 -0.0262295 0.000431086 -0.00705765 0.0233733
internal_weight=274.181 251.856 229.753 208.332 178.962 146.27 32.6922 133.109 25.2927 107.816 80.22 27.5961
internal_count=176 168 162 154 144 125 19 119 23 96 74 22
is_linear=0
shrinkage=0.0364312


Tree=168
num_leaves=13
num_cat=0
split_feature=15 2 24 0 4 15 9 28 14 15 17 11
split_gain=248.489 195.666 51.5491 84.3592 24.7085 25.4539 34.4786 25.2806 18.4465 15.3098 19.9712 14.4385
threshold=82.500000000000014 95.500000000000014 64.038461538461561 64.500000000000014 1567.7435714285714 32.500000000000007 34.300000000000004 1144.6181318681322 19.500000000000004 19.500000000000004 24.500000000000004 26.500000000000004
decision_type=2 2 2 2 2 2 2 2 2 2 2 2
left_child=1 2 3 4 5 8 -7 -8 9 10 -1 -11
right_child=-2 -3 -4 -5 -6 6 7 -9 -10 11 -12 -13
leaf_value=0.0059098455782778236 -0.11476645528870708 0.13428121144837624 -0.054548078046170234 0.072063383781398357 -0.042378392063196678 0.071170338482706597 -0.020485444244205928 0.04164794266184757 -0.043155440492395586 0.037784970742153791 -0.03044250518734817 -0.015428530354734559
leaf_weight=52.199999332427979 22.25787353515625 16.069196462631226 18.54800009727478 24.375629425048828 16.280487775802612 15.618048906326292 20.073170781135559 14.803414583206175 14.133170723915098 22.9390242099762 31.359999656677246 8.3926827907562238
leaf_count=48 7 4 7 7 10 10 10 9 13 18 29 7
internal_value=0.00141758 0.0117629 0.00329373 0.00835671 0.00020101 0.00428679 0.0262699 0.00496035 -0.00406785 0.000487486 -0.00734804 0.0224236
internal_weight=277.051 254.793 238.724 220.176 195.8 179.52 50.4946 34.8766 129.025 114.892 83.56 31.3317
internal_count=179 172 168 161 154 144 29 19 115 102 77 25
is_linear=0
shrinkage=0.0364312


Tree=169
num_leaves=13
num_cat=0
split_feature=15 2 29 0 10 15 7 12 14 20 23 21
split_gain=230.812 181.804 47.8855 78.3743 22.9492 23.6594 48.8321 23.6607 17.1831 19.3001 23.049 16.1527
threshold=82.500000000000014 95.500000000000014 64.038461538461561 64.500000000000014 1406.7485714285715 32.500000000000007 42.000000000000007 59.500000000000007 21.500000000000004 4.5000000000000009 9.9230769230769251 12.500000000000002
decision_type=2 2 2 2 2 2 2 2 2 2 2 2
left_child=1 2 3 4 5 8 -7 -8 9 10 -1 -11
right_child=-2 -3 -4 -5 -6 6 7 -9 -10 11 -12 -13
leaf_value=0.012457872689378804 -0.11061256780008437 0.12943314188236665 -0.052576314618675908 0.069453625565182225 -0.040848189841871559 0.076374153773600822 -0.029414258341839573 0.031153379519072343 -0.043201592637645711 0.048276021523510258 -0.037562241088504394 0.0033670275566737508
leaf_weight=19.499999761581421 22.25787353515625 16.069196462631226 18.54800009727478 24.375629425048828 16.280487775802612 16.532438993453979 17.331463575363159 16.630731701850891 13.133170723915098 13.839999675750731 29.199999809265137 53.351706743240356
leaf_count=18 7 4 7 7 10 11 11 7 12 11 28 46
internal_value=0.00135762 0.0113326 0.00316365 0.00804837 0.000180915 0.00412497 0.0253226 0 -0.00392152 0.000279554 -0.0168462 0.0132168
internal_weight=277.051 254.793 238.724 220.176 195.8 179.52 50.4946 33.9622 129.025 115.892 48.7 67.1917
internal_count=179 172 168 161 154 144 29 18 115 103 46 57
is_linear=0
shrinkage=0.0364312


Tree=170
num_leaves=14
num_cat=0
split_feature=15 12 4 15 24 15 17 15 6 23 22 0 7
split_gain=214.43 169.105 31.4215 44.682 32.5372 39.3732 17.1096 16.9447 16.8989 27.2571 21.7986 17.3072 27.117
threshold=82.500000000000014 95.500000000000014 1996.0914285714289 56.000000000000007 26.34615384615385 25.500000000000004 51.000000000000007 32.500000000000007 14.500000000000002 13.653846153846155 4.5000000000000009 23.500000000000004 22.500000000000004
decision_type=2 2 2 2 2 2 2 2 2 2 2 2 2
left_child=1 2 3 4 5 8 -6 -8 9 10 -1 12 -10
right_child=-2 -3 -4 -5 6 -7 7 -9 11 -11 -12 -13 -14
leaf_value=-0.027782534102261995 -0.10660902245075043 0.14140386401070609 0.039816062281465711 -0.055861147111177255 0.060279031798231186 -0.066606669446067371 -0.0197311565073621 0.023032494904185404 0.0073598730567518197 -0.061876796318235124 0.023702027495382052 -0.018972506217233107 0.083791401845167424
leaf_weight=20.199999809265137 22.25787353515625 12.405196428298948 28.58896279335022 17.753658294677734 13.091219425201414 13.425609827041624 14.733170628547667 56.542325615882874 21.759999752044681 11.999999999999998 23.399999618530273 11.692682743072508 9.1999998092651349
leaf_count=19 7 3 9 10 7 12 13 29 20 12 21 10 7
internal_value=0.00130924 0.0109282 0.00402664 -0.000620828 0.00424266 -0.00843238 0.0214169 0.0136851 -4.38861e-05 -0.0136102 0 0.0168162 0.0314732
internal_weight=277.051 254.793 242.388 213.799 196.045 111.678 84.3667 71.2755 98.2527 55.6 43.6 42.6527 30.96
internal_count=179 172 169 160 150 101 49 42 89 52 40 37 27
is_linear=0
shrinkage=0.0364312


Tree=171
num_leaves=13
num_cat=0
split_feature=15 2 24 0 4 15 7 6 14 20 17 23
split_gain=199.191 157.988 44.8696 69.5715 20.4488 21.3901 44.1465 20.585 15.5236 17.4737 26.4174 21.5665
threshold=82.500000000000014 95.500000000000014 64.038461538461561 64.500000000000014 1567.7435714285714 32.500000000000007 42.000000000000007 53.000000000000007 21.500000000000004 4.5000000000000009 28.000000000000004 9.9230769230769251
decision_type=2 2 2 2 2 2 2 2 2 2 2 2
left_child=1 2 3 4 5 8 -7 -8 9 11 -11 -1
right_child=-2 -3 -4 -5 -6 6 7 -9 -10 10 -12 -13
leaf_value=0.01232237626064971 -0.10275038833112232 0.12062933395225811 -0.05104535697542549 0.065496451796420121 -0.038498404965785715 0.07265040575389832 -0.03217055058041747 0.024854643003577054 -0.041027019220945683 0.050442794799100577 -0.00046906082991467955 -0.036045919087869853
leaf_weight=19.499999761581421 22.25787353515625 16.069196462631226 18.54800009727478 24.375629425048828 16.280487775802612 16.532438993453979 14.621707439422606 19.340487837791443 13.133170723915098 17.839999675750732 49.351706743240356 29.199999809265137
leaf_count=18 7 4 7 7 10 11 11 7 12 15 42 28
internal_value=0.0012574 0.0105328 0.00290758 0.00764085 0.000217905 0.00395048 0.0241096 0 -0.0036887 0.000289873 0.0126133 -0.0159897
internal_weight=277.051 254.793 238.724 220.176 195.8 179.52 50.4946 33.9622 129.025 115.892 67.1917 48.7
internal_count=179 172 168 161 154 144 29 18 115 103 57 46
is_linear=0
shrinkage=0.0364312


Tree=172
num_leaves=14
num_cat=0
split_feature=15 19 19 4 4 20 17 24 25 23 4 23 28
split_gain=185.02 147.406 32.3979 59.3354 18.533 18.6536 22.2138 21.2161 22.5123 20.0613 30.9823 26.8826 12.1827
threshold=82.500000000000014 84.214285714285737 66.500000000000014 1996.0914285714289 1676.3742857142861 4.5000000000000009 28.000000000000004 26.34615384615385 864.31747252747266 9.9230769230769251 319.64142857142866 11.269230769230772 284.9501098901099
decision_type=2 2 2 2 2 2 2 2 2 2 2 2 2
left_child=1 2 3 4 5 9 -7 -8 -9 10 -1 -11 -13
right_child=-2 -3 -4 -5 -6 6 7 8 -10 11 -12 12 -14
leaf_value=0.062701455734131759 -0.09903140870609814 0.13196848341028147 -0.053742079544582655 0.063680630489241316 -0.039058726541005846 0.048619991613841056 -0.015158526250243283 0.053750770921505188 0.0057483707050543943 -0.09166092328079517 -0.027840555719443143 0.018667350971235376 -0.035487347285052623
leaf_weight=8.8999998569488543 22.25787353515625 12.405196428298948 12.096683025360106 21.948962688446045 14.190764307975767 17.839999675750732 44.13829231262207 16.691219329833984 66.781707406044006 8.0000000000000018 10.599999904632567 8.8999998569488543 12.299999952316282
leaf_count=8 7 3 4 7 7 15 39 10 41 8 10 8 12
internal_value=0.00120333 0.0101471 0.00369389 0.00689347 0.000704222 0.00381617 0.0104919 0.00484076 0.0158386 -0.0153839 0.0118768 -0.0347392 -0.0111555
internal_weight=277.051 254.793 242.388 230.291 208.342 194.151 145.451 127.611 83.4729 48.7 19.5 29.2 21.2
internal_count=179 172 169 165 158 151 105 90 51 46 18 28 20
is_linear=0
shrinkage=0.0364312


Tree=173
num_leaves=13
num_cat=0
split_feature=15 2 24 5 4 15 7 12 14 20 17 23
split_gain=171.872 138.968 40.2685 61.2968 18.2397 19.5973 40.4596 20.5343 14.5761 15.4065 22.4374 18.628
threshold=82.500000000000014 95.500000000000014 64.038461538461561 64.500000000000014 1567.7435714285714 32.500000000000007 42.000000000000007 59.500000000000007 19.500000000000004 4.5000000000000009 28.000000000000004 9.9230769230769251
decision_type=2 2 2 2 2 2 2 2 2 2 2 2
left_child=1 2 3 4 5 8 -7 -8 9 11 -11 -1
right_child=-2 -3 -4 -5 -6 6 7 -9 -10 10 -12 -13
leaf_value=0.011389198826267344 -0.095447037410448007 0.11303838241959437 -0.048484025413623032 0.06141613350318928 -0.036425134582387803 0.069439968997008578 -0.027485845500377394 0.028939650298416431 -0.038382386779453832 0.046863054899097964 -0.0001068530761312801 -0.033493271187276179
leaf_weight=19.499999761581421 22.25787353515625 16.069196462631226 18.54800009727478 24.375629425048828 16.280487775802612 16.532438993453979 17.331463575363159 16.630731701850891 14.133170723915098 17.839999675750732 48.351706743240356 29.199999809265137
leaf_count=18 7 4 7 7 10 11 11 7 13 15 41 28
internal_value=0.00115537 0.00978002 0.00261948 0.00711118 0.00013297 0.00366829 0.022971 0 -0.0036348 0.000381297 0.0121048 -0.0148314
internal_weight=277.051 254.793 238.724 220.176 195.8 179.52 50.4946 33.9622 129.025 114.892 66.1917 48.7
internal_count=179 172 168 161 154 144 29 18 115 102 56 46
is_linear=0
shrinkage=0.0364312


Tree=174
num_leaves=14
num_cat=0
split_feature=15 12 19 4 4 20 17 24 25 23 4 23 24
split_gain=159.644 128.453 31.1593 51.2587 16.0486 16.3217 18.953 19.5426 20.3255 17.3298 28.8011 25.0574 10.6143
threshold=82.500000000000014 95.500000000000014 66.500000000000014 1996.0914285714289 1676.3742857142861 4.5000000000000009 28.000000000000004 26.34615384615385 864.31747252747266 9.9230769230769251 319.64142857142866 11.269230769230772 25.500000000000004
decision_type=2 2 2 2 2 2 2 2 2 2 2 2 2
left_child=1 2 3 4 5 9 -7 12 -9 10 -1 -11 -8
right_child=-2 -3 -4 -5 -6 6 7 8 -10 11 -12 -13 -14
leaf_value=0.060045721493179549 -0.091992405021939325 0.12314620412723165 -0.052944001749986917 0.059314586543968588 -0.0362161346092571 0.04516960637827868 -0.0037336522993262566 0.051286401727926652 0.0056223566251658924 -0.087182956141939744 -0.027249338289842665 -0.0094821725030010059 -0.047857960386506797
leaf_weight=8.8999998569488543 22.25787353515625 12.405196428298948 12.096683025360106 21.948962688446045 14.190764307975767 17.839999675750732 34.278292417526245 16.691219329833984 66.781707406044006 8.0000000000000018 10.599999904632567 21.199999809265137 9.8599998950958234
leaf_count=8 7 3 4 7 7 15 30 10 41 8 10 20 9
internal_value=0.00110514 0.00942182 0.00338801 0.00652913 0.000764221 0.00367081 0.00992344 0.00467866 0.0152416 -0.0142676 0.0109774 -0.0322791 -0.0144988
internal_weight=277.051 254.793 242.388 230.291 208.342 194.151 145.451 127.611 83.4729 48.7 19.5 29.2 44.1383
internal_count=179 172 169 165 158 151 105 90 51 46 18 28 39
is_linear=0
shrinkage=0.0364312


Tree=175
num_leaves=14
num_cat=0
split_feature=15 2 24 0 4 1 23 23 14 26 11 23 15
split_gain=148.267 122.354 36.1099 54.0913 16.2666 18.3713 20.1995 20.6119 13.7781 36.9438 16.9158 18.6186 16.9621
threshold=82.500000000000014 95.500000000000014 64.038461538461561 64.500000000000014 1567.7435714285714 31.500000000000004 27.230769230769234 44.846153846153854 17.000000000000004 964.88142857142873 14.500000000000002 13.653846153846155 15.500000000000002
decision_type=2 2 2 2 2 2 2 2 2 2 2 2 2
left_child=1 2 3 4 5 8 -7 -8 10 -10 11 -1 -12
right_child=-2 -3 -4 -5 -6 6 7 -9 9 -11 12 -13 -14
leaf_value=0 -0.088662804613340862 0.10596081048840868 -0.04604249785157722 0.057615405595401938 -0.034480298923422206 0.064300067255362997 -0.013492982296815672 0.038010423650514318 -0.074981062704157331 0.016670244111408414 -0.0099794240921133072 -0.049211230927049966 0.033744842643265369
leaf_weight=43.59999942779541 22.25787353515625 16.069196462631226 18.54800009727478 24.375629425048828 16.280487775802612 11.570487737655638 22.646341562271118 17.943658590316772 11.59999990463257 10.559999942779539 17.199999809265137 13.299999952316282 31.099024057388306
leaf_count=40 7 4 7 7 10 6 12 11 11 10 16 13 25
internal_value=0.00105098 0.00907032 0.00234248 0.0066037 3.79973e-05 0.00338691 0.0216686 0.00847824 -0.00384463 -0.0299275 0.00135422 -0.0117313 0.0174748
internal_weight=277.051 254.793 238.724 220.176 195.8 179.52 52.1605 40.59 127.359 22.16 105.199 56.9 48.299
internal_count=179 172 168 161 154 144 29 23 115 21 94 53 41
is_linear=0
shrinkage=0.0364312


Tree=176
num_leaves=14
num_cat=0
split_feature=24 0 0 0 22 0 23 15 7 14 12 9 23
split_gain=89.6919 147.822 71.4611 44.8137 21.0361 31.1404 26.4678 35.7244 26.7017 17.5987 19.211 21.0447 15.2786
threshold=78.923076923076934 75.500000000000014 69.000000000000014 64.500000000000014 13.500000000000002 21.500000000000004 26.538461538461544 29.500000000000004 42.000000000000007 4.5000000000000009 14.500000000000002 10.900000000000002 62.692307692307701
decision_type=2 2 2 2 2 2 2 2 2 2 2 2 2
left_child=1 2 3 4 5 9 -6 -8 -9 -1 -11 -12 -10
right_child=-2 -3 -4 -5 6 -7 7 8 12 10 11 -13 -14
leaf_value=-0.052863034139903294 -0.068106644029127014 0.098036676845172671 -0.087704696578655358 0.064776197037108282 0.052136792986852108 -0.057352005896498179 -0.056071222897452498 0.055530689273063115 -0.012340135346198558 0.045066993993812178 -0.048524823088848403 0.0042718767692430234 0.031547520926225953
leaf_weight=8.2999999523162824 22.325066566467285 21.847999811172485 11.7804878950119 14.792266845703123 17.3912193775177 16.818292617797852 11.573170781135557 14.877317190170286 36.470731854438782 11.799999713897703 11.999999999999998 53.119999408721924 14.626829385757445
leaf_count=8 8 5 5 3 11 14 11 11 20 10 12 49 6
internal_value=0.00140195 0.00790339 -0.000808568 0.00391866 -0.000520058 -0.0121629 0.011628 0.00201622 0.0128315 -0.00275576 0.00229069 -0.00501241 0
internal_weight=267.723 245.398 223.55 211.77 196.978 102.038 94.9393 77.548 65.9749 85.22 76.92 65.12 51.0976
internal_count=173 165 160 155 152 93 59 48 37 79 71 61 26
is_linear=0
shrinkage=0.0364312


Tree=177
num_leaves=12
num_cat=0
split_feature=24 24 0 14 14 7 15 12 12 1 1
split_gain=83.3167 138.725 52.5872 46.9932 15.8286 19.6768 42.1659 27.9561 22.8363 13.6664 7.22815
threshold=78.923076923076934 68.807692307692321 69.000000000000014 43.500000000000007 4.5000000000000009 44.500000000000007 29.500000000000004 59.500000000000007 14.500000000000002 23.666666666666668 33.166666666666679
decision_type=2 2 2 2 2 2 2 2 2 2 2
left_child=1 2 3 4 -1 6 8 -7 -6 -10 -8
right_child=-2 -3 -4 -5 5 7 10 -9 9 -11 -12
leaf_value=-0.050970391660650149 -0.065641522040376127 0.094382709521541971 -0.060459995361909512 0.049666444835715924 0.043445169937228897 -0.058820493012782686 0.065143753341962096 0.0047374955215480838 -0.0020708753039159109 -0.036069154470070051 0.021655949202921795
leaf_weight=8.2999999523162824 22.325066566467285 22.102959156036377 17.993821263313293 26.243486404418945 11.799999713897703 16.392682909965515 14.87731719017029 18.589268445968628 75.859023809432983 20.565853476524353 12.673902511596678
leaf_count=8 8 6 7 8 10 13 11 9 69 18 6
internal_value=0.00134553 0.00761625 -0.000873065 0.00421983 -0.00228243 0 0.00640673 -0.0241791 -0.00355688 -0.00972479 0.0466103
internal_weight=267.723 245.398 223.295 205.302 179.058 170.758 135.776 34.982 108.225 96.4249 27.5512
internal_count=173 165 159 152 144 136 114 22 97 87 17
is_linear=0
shrinkage=0.0364312


Tree=178
num_leaves=14
num_cat=0
split_feature=24 0 0 0 22 4 23 15 1 1 23 6 14
split_gain=77.3964 132.466 62.817 39.4743 18.5703 31.1132 25.0969 31.0337 49.1104 24.0074 19.9604 21.7059 19.6334
threshold=78.923076923076934 75.500000000000014 69.000000000000014 64.500000000000014 13.500000000000002 490.9614285714286 26.538461538461544 29.500000000000004 33.166666666666679 52.166666666666679 20.115384615384617 23.500000000000004 4.5000000000000009
decision_type=2 2 2 2 2 2 2 2 2 2 2 2 2
left_child=1 2 3 4 5 12 -6 -8 -9 -10 11 -7 -1
right_child=-2 -3 -4 -5 6 10 7 8 9 -11 -12 -13 -14
leaf_value=-0.049145514028534849 -0.063265627108003264 0.092666689438234723 -0.082372819853397394 0.060647578320384345 0.050193592363446581 -0.047413759398066455 -0.05272040571689731 0.07504123278040882 -0.029241149644181938 0.019451619768392804 -0.08635756294697465 0.021116021038062899 0.0099979828112870851
leaf_weight=8.2999999523162824 22.325066566467285 21.847999811172485 11.7804878950119 14.792266845703123 17.3912193775177 15.59999990463257 11.573170781135557 12.877317190170286 25.613170862197876 27.484390377998352 9.2999999523162824 9.118292570114134 59.719999313354492
leaf_count=8 8 5 5 3 11 15 11 9 16 12 9 6 55
internal_value=0.00129189 0.00734031 -0.000898671 0.00352348 -0.000632026 -0.0115789 0.0107684 0.00140277 0.0115167 -0.00340108 -0.0400027 -0.0207633 0.00218268
internal_weight=267.723 245.398 223.55 211.77 196.978 102.038 94.9393 77.548 65.9749 53.0976 34.0183 24.7183 68.02
internal_count=173 165 160 155 152 93 59 48 37 28 30 21 63
is_linear=0
shrinkage=0.0364312


Tree=179
num_leaves=14
num_cat=0
split_feature=24 0 0 0 22 4 23 16 7 18 6 2 19
split_gain=71.8928 123.056 58.3758 36.6789 17.2614 28.9041 23.3134 28.8433 21.2434 19.005 21.5649 14.8923 17.6205
threshold=78.923076923076934 75.500000000000014 69.000000000000014 64.500000000000014 13.500000000000002 490.9614285714286 26.538461538461544 29.500000000000004 42.000000000000007 13.500000000000002 21.500000000000004 14.000000000000002 11.500000000000002
decision_type=2 2 2 2 2 2 2 2 2 2 2 2 2
left_child=1 2 3 4 5 11 -6 -8 -9 10 -7 -1 -13
right_child=-2 -3 -4 -5 6 9 7 8 -10 -11 -12 12 -14
leaf_value=-0.032786545117622946 -0.060975727553880386 0.089313089391445291 -0.079408539819426097 0.058459659162161129 0.048380169633619005 -0.048961078508609431 -0.050823615345670398 0.04918637099448276 0 -0.08061995490897754 0.019259087827072346 0.037667132247233191 -0.0041162033654339883
leaf_weight=12.599999904632567 22.325066566467285 21.847999811172485 11.7804878950119 14.792266845703123 17.3912193775177 13.59999990463257 11.573170781135557 14.877317190170286 51.097561240196228 10.299999952316282 10.118292570114134 20.399999618530273 35.019999742507935
leaf_count=12 8 5 5 3 11 13 11 11 26 10 7 18 33
internal_value=0.0012385 0.0070725 -0.000862912 0.0033944 -0.000604989 -0.011165 0.0103796 0.00133625 0.0111024 -0.0385628 -0.0184648 0.00208158 0.0106984
internal_weight=267.723 245.398 223.55 211.77 196.978 102.038 94.9393 77.548 65.9749 34.0183 23.7183 68.02 55.42
internal_count=173 165 160 155 152 93 59 48 37 30 20 63 51
is_linear=0
shrinkage=0.0364312


Tree=180
num_leaves=14
num_cat=0
split_feature=24 24 0 12 7 15 6 1 8 6 4 8 1
split_gain=66.7695 116.909 46.022 38.905 14.7147 39.8392 15.3244 13.4002 42.2235 15.7874 26.3242 23.6996 5.71515
threshold=78.923076923076934 68.807692307692321 69.000000000000014 66.500000000000014 44.500000000000007 29.500000000000004 48.500000000000007 23.666666666666668 718.43357142857155 16.500000000000004 428.10785714285726 478.09428571428572 33.166666666666679
decision_type=2 2 2 2 2 2 2 2 2 2 2 2 2
left_child=1 2 3 4 5 7 -6 9 -9 10 -1 -11 -7
right_child=-2 -3 -4 -5 6 12 -8 8 -10 11 -12 -13 -14
leaf_value=0.0025494424405054675 -0.058768709594960965 0.08646589342489959 -0.056718230167432042 0.044023870675394969 -0.055945585324563486 0.058660836016421712 -0.0032633652640965999 -0.088797117425406857 0.013055381464866274 0.050038298704249487 -0.048564778841738536 -0.015495886031160689 0.019334605161942339
leaf_weight=49.859999418258667 22.325066566467285 22.102959156036377 17.993821263313293 27.533209919929504 12.512195110321043 14.87731719017029 21.180032730102539 9.5999999046325701 10.965853571891783 16.759999752044681 17.599999904632568 11.739024400711058 12.673902511596678
leaf_count=46 8 6 7 10 11 11 9 9 9 15 17 9 6
internal_value=0.00118219 0.0068091 -0.000971763 0.00378211 -0.00228663 0.0025719 -0.0240095 -0.00649864 -0.0331042 -0.00039412 -0.0103489 0.0218918 0.0420194
internal_weight=267.723 245.398 223.295 205.302 177.768 144.076 33.6922 116.525 20.5659 95.959 67.46 28.499 27.5512
internal_count=173 165 159 152 142 122 20 105 18 87 63 24 17
is_linear=0
shrinkage=0.0364312


Tree=181
num_leaves=14
num_cat=0
split_feature=24 0 0 0 22 0 23 15 1 1 18 28 15
split_gain=62.0227 110.299 51.2056 32.9282 14.8961 25.2288 22.1114 25.4498 41.7615 21.5661 13.5956 16.2162 22.3395
threshold=78.923076923076934 75.500000000000014 69.000000000000014 64.500000000000014 13.500000000000002 21.500000000000004 26.538461538461544 29.500000000000004 33.166666666666679 52.166666666666679 4.5000000000000009 279.48109890109896 10.500000000000002
decision_type=2 2 2 2 2 2 2 2 2 2 2 2 2
left_child=1 2 3 4 5 10 -6 -8 -9 -10 -1 12 -12
right_child=-2 -3 -4 -5 6 -7 7 8 9 -11 11 -13 -14
leaf_value=-0.038707648468353409 -0.056641578116362487 0.08442532012954837 -0.074509860000350286 0.05521624567755145 0.046420910188605967 -0.051233888091034539 -0.048364605625916372 0.068452924189516234 -0.028375851907244481 0.017727238065570597 0 -0.0078285442011733521 0.073520172192576366
leaf_weight=11.599999904632567 22.325066566467285 21.847999811172485 11.7804878950119 14.792266845703123 17.3912193775177 16.818292617797852 11.573170781135557 12.877317190170286 25.613170862197876 27.484390377998352 14.499999761581423 50.219999551773071 8.8999998569488508
leaf_count=11 8 5 5 3 11 14 11 9 16 12 13 47 8
internal_value=0.00113334 0.00656115 -0.000943642 0.00303349 -0.000747192 -0.0105654 0.0094404 0.000629084 0.00983564 -0.0038773 -0.00205935 0.00331002 0.0285887
internal_weight=267.723 245.398 223.55 211.77 196.978 102.038 94.9393 77.548 65.9749 53.0976 85.22 73.62 23.4
internal_count=173 165 160 155 152 93 59 48 37 28 79 68 21
is_linear=0
shrinkage=0.0364312


Tree=182
num_leaves=12
num_cat=0
split_feature=24 24 0 12 7 15 3 0 0 23 20
split_gain=57.6096 103.664 41.5329 34.2093 13.3667 35.8195 13.9338 12.3149 33.6445 15.6173 12.1277
threshold=78.923076923076934 68.807692307692321 69.000000000000014 66.500000000000014 44.500000000000007 32.500000000000007 41.000000000000007 24.500000000000004 29.500000000000004 25.84615384615385 5.5000000000000009
decision_type=2 2 2 2 2 2 2 2 2 2 2
left_child=1 2 3 4 5 7 -6 9 -9 10 -1
right_child=-2 -3 -4 -5 6 -7 -8 8 -10 -11 -12
leaf_value=0.0020700613369855742 -0.054591436957762682 0.081332015290782808 -0.053959151806691856 0.04125029616859982 -0.049784513240279306 0.045066870052368105 -0.00063987582249370165 -0.07766105685429707 0.0095890561101507135 0.040790873323092017 -0.029897965926777868
leaf_weight=68.799999237060547 22.325066566467285 22.102959156036377 17.993821263313293 27.533209919929504 14.458536624908445 22.154146432876587 19.233691215515137 10.299999952316286 11.965853571891783 11.136097669601439 19.71999979019165
leaf_count=64 8 6 7 10 13 13 7 10 10 7 18
internal_value=0.00108452 0.00632027 -0.000997755 0.00351024 -0.00216908 0.00245147 -0.0228782 -0.00505248 -0.029467 8.9899e-05 -0.00469784
internal_weight=267.723 245.398 223.295 205.302 177.768 144.076 33.6922 121.922 22.2659 99.6561 88.52
internal_count=173 165 159 152 142 122 20 109 20 89 82
is_linear=0
shrinkage=0.0364312


Tree=183
num_leaves=14
num_cat=0
split_feature=24 0 0 0 4 1 10 1 4 26 12 3 15
split_gain=53.5142 98.8849 44.8856 29.5379 14.5514 14.1276 16.8861 17.8522 12.1851 31.33 16.5 29.5714 11.1255
threshold=78.923076923076934 75.500000000000014 69.000000000000014 64.500000000000014 1676.3742857142861 31.500000000000004 1035.1414285714288 52.166666666666679 697.51071428571447 964.88142857142873 23.500000000000004 10.500000000000002 25.500000000000004
decision_type=2 2 2 2 2 2 2 2 2 2 2 2 2
left_child=1 2 3 4 5 8 -7 -8 10 -10 11 -1 -12
right_child=-2 -3 -4 -5 -6 6 7 -9 9 -11 12 -13 -14
leaf_value=0.0024429046108511358 -0.052615495194694828 0.079819009312274591 -0.069886750777886766 0.052138109654800417 -0.040922682645112923 0.042458893788050275 -0.017073582265928713 0.029790356938282945 -0.061033332851807093 0.011590313215438646 0.047575549853531442 -0.059814336262658481 -5.6394542682304546e-05
leaf_weight=55.75999927520752 22.325066566467285 21.847999811172485 11.7804878950119 14.792266845703123 11.25609767436981 20.625121831893921 25.611951470375061 18.22829270362854 15.899999856948854 14.139024496078489 14.059999704360964 11.999999999999998 9.3970732688903791
leaf_count=51 8 5 5 3 7 14 14 7 15 12 12 12 8
internal_value=0.00103937 0.00609019 -0.00100771 0.00270569 -0.000866341 0.00140494 0.0153147 0.00165753 -0.00571394 -0.0258102 0.000555006 -0.00817648 0.0271418
internal_weight=267.723 245.398 223.55 211.77 196.978 185.721 64.4654 43.8402 121.256 30.039 91.2171 67.76 23.4571
internal_count=173 165 160 155 152 145 35 21 110 27 83 63 20
is_linear=0
shrinkage=0.0364312


Tree=184
num_leaves=14
num_cat=0
split_feature=21 23 28 6 0 8 3 21 23 20 2 23 6
split_gain=44.7773 98.054 130.693 43.951 35.4128 26.6223 11.9152 23.9332 15.2015 14.7502 13.5142 12.1654 9.75792
threshold=91.000000000000014 73.884615384615401 1547.7197802197807 69.000000000000014 64.500000000000014 1210.9100000000001 15.000000000000002 24.500000000000004 54.576923076923087 5.5000000000000009 14.000000000000002 18.61538461538462 18.500000000000004
decision_type=2 2 2 2 2 2 2 2 2 2 2 2 2
left_child=1 2 3 4 5 6 9 11 -9 10 -1 -8 -11
right_child=-2 -3 -4 -5 -6 -7 7 8 -10 12 -12 -13 -14
leaf_value=-0.026784753743402955 0.06358570989318138 -0.084879759321435599 0.097563530498793127 -0.053335156167549441 0.055142667318079493 -0.048855848568792652 0.011538758528082321 -0.0093330153042095708 0.036958288001482036 -0.045381216582846509 0.015032064277016305 0.058991469634075346 0
leaf_weight=12.599999904632567 18.495200157165527 14.998146414756773 20.803024053573608 17.174308896064758 18.375629425048828 12.426829218864439 14.992682695388792 44.104634404182434 11.803414583206175 15.299999952316286 46.899999380111694 19.017804622650146 8.4599997997283918
leaf_count=12 4 6 5 7 5 8 13 35 6 15 43 12 7
internal_value=0.00890859 0.00480434 0.0105545 0.00215444 0.00703107 0.0020416 0.00593198 0.0151944 0 -0.00366444 0.00555144 0.039227 -0.028087
internal_weight=275.452 256.956 241.958 221.155 203.981 185.605 173.179 89.9185 55.908 83.26 59.5 34.0105 23.76
internal_count=178 174 168 163 156 151 143 66 41 77 55 25 22
is_linear=0
shrinkage=0.0364312


Tree=185
num_leaves=12
num_cat=0
split_feature=19 6 7 24 7 16 25 9 21 17 3
split_gain=42.0111 23.5475 46.0825 21.1518 11.48 23.5068 21.2397 23.2762 9.96347 24.9293 19.6549
threshold=73.142857142857153 51.500000000000007 66.500000000000014 60.730769230769234 44.500000000000007 32.500000000000007 748.33802197802208 24.900000000000002 10.500000000000002 19.500000000000004 5.5000000000000009
decision_type=2 2 2 2 2 2 2 2 2 2 2
left_child=1 2 4 -3 5 6 7 8 10 -10 -1
right_child=-2 3 -4 -5 -6 -7 -8 -9 9 -11 -12
leaf_value=-0.019825349651187162 0.043567367883360561 -0.0013389576411419824 0.081491885277212683 -0.050920996000637556 -0.022114713286080261 0.042279789494165082 -0.03855773277711301 0.065250267255583222 -0.055001999956089995 0.0034180069192788717 0.035677733120700009
leaf_weight=11.599999904632567 39.075342893600464 36.316279888153076 10.850751280784605 17.617593288421631 18.814634323120117 22.154146432876587 15.133170723915098 8.3497560024261457 11.299999952316282 58.499999284744263 25.739999532699585
leaf_count=11 10 15 3 7 13 13 14 5 11 54 22
internal_value=0.00858929 0.00263715 0.00901734 -0.0182699 0.00416714 0.00764857 0.00146919 0.00705602 0.00211502 -0.00563866 0.0174999
internal_weight=275.452 236.376 182.442 53.9339 171.592 152.777 130.623 115.49 107.14 69.8 37.34
internal_count=178 168 146 22 143 130 117 103 98 65 33
is_linear=0
shrinkage=0.0364312


Tree=186
num_leaves=14
num_cat=0
split_feature=21 23 28 6 0 8 3 21 23 8 4 23 4
split_gain=40.3662 92.4943 121.81 40.1758 31.2374 23.8704 10.6423 21.7163 13.94 13.803 28.994 13.2344 9.42227
threshold=91.000000000000014 73.884615384615401 1547.7197802197807 69.000000000000014 64.500000000000014 1210.9100000000001 15.000000000000002 23.500000000000004 18.61538461538462 359.45142857142861 402.64428571428573 54.576923076923087 553.30285714285731
decision_type=2 2 2 2 2 2 2 2 2 2 2 2 2
left_child=1 2 3 4 5 6 9 8 -8 10 -1 -9 -11
right_child=-2 -3 -4 -5 -6 -7 7 11 -10 12 -12 -13 -14
leaf_value=-0.0052272692847769196 0.060188954368498686 -0.082734403392657654 0.093955789738289983 -0.051205722325372661 0.051701387844563906 -0.046368678107686627 0.010610077669903965 -0.007406647425182847 0.062893304783072215 -0.057173677361706622 0.063397102024723956 0.035428602802398887 -0.0057125179340271337
leaf_weight=51.299999475479126 18.495200157165527 14.998146414756773 20.803024053573608 17.174308896064758 18.375629425048828 12.426829218864439 14.992682695388796 47.104634404182434 16.017804622650146 9.0000000000000018 9.4599997997283918 11.803414583206175 13.499999761581419
leaf_count=48 4 6 5 7 5 8 13 38 9 9 8 6 12
internal_value=0.00827341 0.00436974 0.00995882 0.00184424 0.00651409 0.00181661 0.00551044 0.0142704 0.0388969 -0.00354263 0.00501379 0.000655154 -0.028064
internal_weight=275.452 256.956 241.958 221.155 203.981 185.605 173.179 89.9185 31.0105 83.26 60.76 58.908 22.5
internal_count=178 174 168 163 156 151 143 66 22 77 56 44 21
is_linear=0
shrinkage=0.0364312


Tree=187
num_leaves=12
num_cat=0
split_feature=21 21 0 4 7 7 15 25 9 25 20
split_gain=37.5 23.7308 137.264 44.7173 43.3394 22.0798 21.2064 19.2794 21.1562 13.2161 15.5575
threshold=91.000000000000014 69.000000000000014 75.500000000000014 2132.7871428571434 66.500000000000014 44.500000000000007 32.500000000000007 748.33802197802208 24.900000000000002 1568.9887362637364 22.500000000000004
decision_type=2 2 2 2 2 2 2 2 2 2 2
left_child=1 2 3 4 5 6 7 8 -1 10 -7
right_child=-2 -3 -4 -5 -6 9 -8 -9 -10 -11 -12
leaf_value=0.0019428105832164043 0.058013336702147741 -0.025430404140224006 0.12751689230620256 -0.066848182124581934 0.068673030485270153 -0.076738130383230435 0.040109897856176031 -0.036788576872646396 0.06215183888907818 0.0017042024488723247 -0.011724484752576557
leaf_weight=107.1399986743927 18.495200157165527 30.832845449447632 12.013333082199095 11.7804878950119 13.397092700004576 9.6829267740249652 22.154146432876587 15.133170723915098 8.3497560024261457 13.563935041427611 12.908780574798582
leaf_count=98 4 11 3 5 4 9 13 14 5 5 7
internal_value=0.00796977 0.004202 0.00840955 0.00148261 0.00567765 0.000977781 0.00721596 0.00133332 0.00666861 -0.0243496 -0.0414283
internal_weight=275.452 256.956 226.124 214.11 202.33 188.933 152.777 130.623 115.49 36.1556 22.5917
internal_count=178 174 163 160 155 151 130 117 103 21 16
is_linear=0
shrinkage=0.0364312


Tree=188
num_leaves=12
num_cat=0
split_feature=19 6 6 24 7 15 25 9 21 17 14
split_gain=36.0115 21.6639 39.844 18.4368 12.184 19.6851 17.926 19.6571 9.22671 22.9683 13.9822
threshold=73.142857142857153 51.500000000000007 48.500000000000007 60.730769230769234 44.500000000000007 32.500000000000007 748.33802197802208 24.900000000000002 10.500000000000002 19.500000000000004 5.5000000000000009
decision_type=2 2 2 2 2 2 2 2 2 2 2
left_child=1 2 4 -3 5 6 7 8 10 -10 -1
right_child=-2 3 -4 -5 -6 -7 -8 -9 9 -11 -12
leaf_value=-0.004156283001043053 0.04006901950538011 -0.0019954446762686069 0.071554029895753837 -0.048409995801646788 -0.02481602180397556 0.038658192806340849 -0.035461105515447268 0.059926406933309091 -0.052958667628368365 0.0030908323782690163 0.038867071632536013
leaf_weight=18.499999761581421 39.075342893600464 36.316279888153076 12.231239318847654 17.617593288421631 17.434146285057068 22.154146432876587 15.133170723915098 8.3497560024261457 11.299999952316282 58.499999284744263 18.839999675750732
leaf_count=17 10 15 4 7 12 13 14 5 11 54 16
internal_value=0.00768675 0.00216561 0.00829332 -0.0178878 0.00348655 0.00696368 0.00128585 0.00643954 0.00187213 -0.00557862 0.0166927
internal_weight=275.452 236.376 182.442 53.9339 170.211 152.777 130.623 115.49 107.14 69.8 37.34
internal_count=178 168 146 22 142 130 117 103 98 65 33
is_linear=0
shrinkage=0.0364312


Tree=189
num_leaves=12
num_cat=0
split_feature=19 6 4 4 25 15 7 14 3 8 6
split_gain=33.4497 20.2857 32.9159 25.7623 12.7253 34.3791 15.2262 20.2117 17.8043 13.6086 20.7342
threshold=73.142857142857153 69.000000000000014 1996.0914285714289 1676.3742857142861 1568.9887362637364 46.500000000000007 31.000000000000004 17.000000000000004 15.000000000000002 940.69714285714292 32.500000000000007
decision_type=2 2 2 2 2 2 2 2 2 2 2
left_child=1 2 3 4 5 6 7 8 -1 10 -8
right_child=-2 -3 -4 -5 -6 -7 9 -9 -10 -11 -12
leaf_value=-0.003497573920231976 0.03861468091516139 -0.029201517723244062 0.057745720691279721 -0.049473439026565313 0.040353309268987309 -0.061881729814999176 0.068330482879056118 -0.053887665680714146 0.03361994342805489 -0.0023327558277287945 0.0083327036940779673
leaf_weight=83.25999903678894 39.075342893600464 24.182458519935608 14.948962688446043 11.995642304420469 12.70975625514984 10.141463398933409 15.192439079284666 8.5999999046325666 21.139999628067017 15.81585383415222 18.389755964279175
leaf_count=77 10 9 4 6 5 8 11 8 18 8 14
internal_value=0.00740375 0.00207703 0.00582259 0.00167196 0.0052072 0.00238552 0.00666414 -0.000418741 0.00372298 0.0235202 0.0366817
internal_weight=275.452 236.376 212.194 197.245 185.249 172.54 162.398 113 104.4 49.398 33.5822
internal_count=178 168 159 155 149 144 136 103 95 33 25
is_linear=0
shrinkage=0.0364312


Tree=190
num_leaves=10
num_cat=0
split_feature=21 23 28 6 0 10 2 28 23
split_gain=33.2367 88.2659 109.94 35.5283 24.5306 18.8565 9.53577 13.9832 16.3316
threshold=91.000000000000014 73.884615384615401 1547.7197802197807 69.000000000000014 64.500000000000014 1328.3485714285719 14.000000000000002 262.54796703296716 11.653846153846155
decision_type=2 2 2 2 2 2 2 2 2
left_child=1 2 3 4 5 6 -1 -8 -9
right_child=-2 -3 -4 -5 -6 -7 7 8 -10
leaf_value=-0.024881678529061521 0.054238041921550788 -0.0815250821732698 0.088833174338471405 -0.048564415453883091 0.045775389322072688 -0.04125680197828973 0.03861443362583885 -0.037858416149496067 0.0072468792518310728
leaf_weight=12.599999904632567 18.495200157165527 14.998146414756773 20.803024053573608 17.174308896064758 18.375629425048828 12.426829218864439 17.099999666213989 11.299999952316282 132.17853581905365
leaf_count=12 4 6 5 7 5 8 15 11 105
internal_value=0.00713034 0.0035759 0.00904016 0.00132415 0.00572612 0.00154158 0.00484489 0.00741366 0.00341821
internal_weight=275.452 256.956 241.958 221.155 203.981 185.605 173.179 160.579 143.479
internal_count=178 174 168 163 156 151 143 131 116
is_linear=0
shrinkage=0.0364312


Tree=191
num_leaves=10
num_cat=0
split_feature=21 23 1 14 15 4 23 26 0
split_gain=30.8803 82.0029 94.4026 25.8748 42.6091 19.8558 9.51421 34.4377 22.0162
threshold=91.000000000000014 73.884615384615401 83.166666666666686 53.500000000000007 61.500000000000007 1865.5028571428577 54.576923076923087 1314.7403296703299 29.500000000000004
decision_type=2 2 2 2 2 2 2 2 2
left_child=1 2 3 4 5 6 7 8 -1
right_child=-2 -3 -4 -5 -6 -7 -8 -9 -10
leaf_value=-0.0005800313199437958 0.0522775277665503 -0.078583591167732933 0.10304632854796378 -0.046617394314252721 0.064207060435006291 -0.036950462501781078 0.032001487141807415 -0.067437320967943859 0.031754739778308991
leaf_weight=124.65707182884216 18.495200157165527 14.998146414756773 13.180552482604979 12.822926759719847 15.475141525268553 16.027999997138977 15.942439079284666 8.6829267740249616 35.169268488883972
leaf_count=113 4 6 3 5 5 6 8 8 20
internal_value=0.006866 0.00343469 0.00870621 0.00305737 0.00619689 0.0015028 0.00505863 0.0022785 0.00634076
internal_weight=275.452 256.956 241.958 228.778 215.955 200.48 184.452 168.509 159.826
internal_count=178 174 168 165 160 155 149 141 133
is_linear=0
shrinkage=0.0364312


Tree=192
num_leaves=14
num_cat=0
split_feature=25 25 0 1 9 6 17 21 0 10 0 2 19
split_gain=103.919 58.3104 24.4958 21.4852 34.9546 18.8132 18.0372 14.3485 17.5551 19.1456 13.5424 6.39834 5.13666
threshold=2133.133186813187 1834.5732417582419 69.000000000000014 35.333333333333336 31.300000000000001 51.500000000000007 42.000000000000007 19.500000000000004 12.500000000000002 281.45357142857148 23.500000000000004 44.500000000000007 22.357142857142858
decision_type=2 2 2 2 2 2 2 2 2 2 2 2 2
left_child=1 2 3 4 6 -5 7 8 9 -1 -10 -8 -9
right_child=-2 -3 -4 5 -6 -7 11 12 10 -11 -12 -13 -14
leaf_value=0.0021173198956923422 -0.079247597930744415 0.065868242518557954 -0.031691616023760825 0.045457559825572522 -0.062149074050262862 0.0058220621446015593 0.05492799783424944 -0.0076886228242517129 0.034249821321579971 -0.054313547210582867 -0.010333181141847626 0.010418216893517568 -0.04783085357158795
leaf_weight=32.65999960899353 18.66106653213501 22.102959156036377 22.665040850639343 31.449044227600098 10.999999999999998 36.777125239372253 11.300243854522707 12.000000000000002 32.339999437332153 9.9999999999999982 10.992682695388792 10.69902443885803 9.6970732212066633
leaf_count=30 7 6 8 15 11 14 9 12 28 10 9 8 8
internal_value=0.00319075 0.00943361 0.00385955 0.00790177 0 0.0246574 0.00507395 -0.000768856 0.00558708 -0.0104403 0.0221455 0.0350585 -0.0274167
internal_weight=272.344 253.683 231.58 208.915 140.689 68.2262 129.689 107.69 85.9927 42.66 43.3327 21.9993 21.6971
internal_count=175 168 162 154 125 29 114 97 77 40 37 17 20
is_linear=0
shrinkage=0.0364312


Tree=193
num_leaves=14
num_cat=0
split_feature=24 3 4 1 9 23 17 21 4 19 3 3 2
split_gain=96.5416 58.8396 32.9697 14.9117 32.4739 22.6812 16.8409 13.5921 23.7776 24.4173 20.2072 25.3807 5.88266
threshold=78.923076923076934 67.000000000000014 2221.5292857142863 35.333333333333336 31.300000000000001 38.807692307692314 42.000000000000007 10.500000000000002 286.84285714285716 16.071428571428573 5.5000000000000009 8.5000000000000018 44.500000000000007
decision_type=2 2 2 2 2 2 2 2 2 2 2 2 2
left_child=1 2 3 4 6 -5 7 10 -9 -10 -1 -12 -8
right_child=-2 -3 -4 5 -6 -7 12 8 9 -11 11 -13 -14
leaf_value=-0.021847098037620416 -0.076382882754359463 0.067242488044863227 -0.055777094655493034 0.043824970793831804 -0.05991450403984739 0.0032635968012040286 0.052952374319968437 -0.054646942785321999 0.034592517325300359 -0.016349679796703352 0.074964959356902741 0 0.010043767985381166
leaf_weight=11.299999952316282 18.66106653213501 21.085886001586914 11.506504178047178 31.064166188240051 10.999999999999998 49.337613105773926 11.300243854522707 12.999999999999998 18.059999704360962 39.589755773544312 11.499999761581423 14.239999771118162 10.69902443885803
leaf_count=11 7 5 4 12 11 22 9 13 16 35 10 12 8
internal_value=0.00306842 0.00909003 0.00363046 0.00691375 0 0.0194165 0.00487861 -0.000756688 -0.010428 0 0.0167261 0.0350275 0.033854
internal_weight=272.344 253.683 232.597 221.091 140.689 80.4018 129.689 107.69 70.6498 57.6498 37.04 25.74 21.9993
internal_count=175 168 163 159 125 34 114 97 64 51 33 22 17
is_linear=0
shrinkage=0.0364312


Tree=194
num_leaves=12
num_cat=0
split_feature=24 3 4 1 9 23 9 21 3 8 6
split_gain=89.7133 54.6337 30.657 13.8591 30.1903 21.0309 16.1681 14.2789 16.7864 9.47058 5.22785
threshold=78.923076923076934 67.000000000000014 2221.5292857142863 35.333333333333336 31.300000000000001 38.807692307692314 28.900000000000002 25.500000000000004 18.500000000000004 478.09428571428572 56.000000000000007
decision_type=2 2 2 2 2 2 2 2 2 2 2
left_child=1 2 3 4 6 -5 7 8 9 -1 -7
right_child=-2 -3 -4 5 -6 10 -8 -9 -10 -11 -12
leaf_value=0.003549436051517905 -0.073621720443112534 0.064809572372287821 -0.053770474963492791 0.042235826722609567 -0.057760280986479708 -0.0058881674981739445 0.045400981300845307 -0.03623608333171148 0.03645881614766458 -0.028684871666837232 0.017716038776134101
leaf_weight=73.059999227523804 18.66106653213501 21.085886001586914 11.506504178047178 31.064166188240051 10.999999999999998 29.040520310401917 11.657317161560057 12.299999952316282 18.471707105636597 14.199999809265135 20.297092795372009
leaf_count=68 7 5 4 12 11 15 8 12 13 13 7
internal_value=0.00296118 0.00877032 0.00350372 0.00667474 0 0.0187279 0.00471359 0.000350621 0.00497843 -0.00133837 0.00314505
internal_weight=272.344 253.683 232.597 221.091 140.689 80.4018 129.689 118.032 105.732 87.26 49.3376
internal_count=175 168 163 159 125 34 114 106 94 81 22
is_linear=0
shrinkage=0.0364312


Tree=195
num_leaves=12
num_cat=0
split_feature=24 3 4 4 4 6 12 22 21 3 6
split_gain=83.3458 50.7485 28.4945 13.2872 10.6707 8.05537 24.9068 15.9575 9.11564 18.6247 16.7426
threshold=78.923076923076934 67.000000000000014 2221.5292857142863 227.7414285714286 1996.0914285714289 9.5000000000000018 14.500000000000002 4.5000000000000009 24.500000000000004 15.000000000000002 34.500000000000007
decision_type=2 2 2 2 2 2 2 2 2 2 2
left_child=1 2 3 -1 5 6 -5 -7 9 -9 -10
right_child=-2 -3 -4 4 -6 7 -8 8 10 -11 -12
leaf_value=-0.028486855334618925 -0.070960370124341671 0.062464683935615641 -0.051836044679198043 0.069791527925823452 0.042275680539182792 -0.044509707784950135 -0.010341414602173925 -0.0017407674637343882 -0.021885520587150376 0.034534907560708115 0.009999637606354762
leaf_weight=12.999999999999998 18.66106653213501 21.085886001586914 11.506504178047178 9.7999997138977069 12.136117219924925 8.2999999523162824 9.2999999523162824 34.959999561309814 32.860243797302246 36.549511909484863 64.184930443763733
leaf_count=13 7 5 4 8 4 8 9 32 30 26 29
internal_value=0.00284777 0.00845139 0.00336981 0.00643197 0.00879841 0.00651832 0.0291888 0.00385198 0.00647539 0.0163487 -0.000456677
internal_weight=272.344 253.683 232.597 221.091 208.091 195.955 19.1 176.855 168.555 71.5095 97.0452
internal_count=175 168 163 159 146 142 17 125 117 58 59
is_linear=0
shrinkage=0.0364312


Tree=196
num_leaves=10
num_cat=0
split_feature=24 3 4 4 4 15 15 14 21
split_gain=77.4112 47.1568 26.4743 12.3532 9.90985 7.84715 35.0523 13.8965 12.6063
threshold=78.923076923076934 67.000000000000014 2221.5292857142863 227.7414285714286 1996.0914285714289 7.5000000000000009 9.5000000000000018 7.5000000000000009 23.500000000000004
decision_type=2 2 2 2 2 2 2 2 2
left_child=1 2 3 -1 5 -5 -7 -8 -9
right_child=-2 -3 -4 4 -6 6 7 8 -10
leaf_value=-0.027460547360880383 -0.068395226405786227 0.060204638287036233 -0.049971209433019456 -0.027186621389700648 0.040753799004977005 0.079836283230258695 -0.02912757047521812 0.020519767138517161 0
leaf_weight=12.999999999999998 18.66106653213501 21.085886001586914 11.506504178047178 8.2999999523162824 12.136117219924925 8.4999997615814191 14.599999904632567 61.509511470794678 103.04517424106598
leaf_count=13 7 5 4 8 4 7 14 48 65
internal_value=0.0027299 0.0081348 0.0032307 0.00618742 0.0084738 0.00626893 0.00795331 0.00428727 0.00748572
internal_weight=272.344 253.683 232.597 221.091 208.091 195.955 187.655 179.155 164.555
internal_count=175 168 163 159 146 142 134 127 113
is_linear=0
shrinkage=0.0364312


Tree=197
num_leaves=12
num_cat=0
split_feature=24 24 0 9 4 20 24 14 24 24 20
split_gain=71.8998 44.054 20.8403 16.8909 9.31877 9.93537 9.00518 14.1451 13.6688 9.97502 2.8322
threshold=78.923076923076934 68.807692307692321 69.000000000000014 54.400000000000006 227.7414285714286 24.500000000000004 26.34615384615385 17.000000000000004 28.153846153846157 17.26923076923077 17.000000000000004
decision_type=2 2 2 2 2 2 2 2 2 2 2
left_child=1 2 3 4 -1 6 7 9 -8 -6 -10
right_child=-2 -3 -4 -5 5 -7 8 -9 10 -11 -12
leaf_value=-0.026471214234332085 -0.065922806689183183 0.056885040852067907 -0.029826050752720989 0.034841588118668443 -0.00013692172077194405 -0.017230029007317269 0.053321385025303092 -0.028753399341913229 -0.00034285945707037926 0.025262991778310484 0.018999472661403893
leaf_weight=12.999999999999998 18.66106653213501 22.102959156036377 22.665040850639343 24.986868500709534 56.199999332427979 21.859056949615479 13.391219377517698 15.915365934371946 17.106341361999512 29.959999561309814 16.496341705322266
leaf_count=13 7 6 8 9 52 14 7 12 15 26 6
internal_value=0.00261685 0.00783025 0.00296576 0.00670753 0.0026725 0.00511244 0.00863474 0.0021685 0.0218942 0.00832113 0.00816604
internal_weight=272.344 253.683 231.58 208.915 183.928 170.928 149.069 102.075 46.9939 86.16 33.6027
internal_count=175 168 162 154 145 132 118 90 28 78 21
is_linear=0
shrinkage=0.0364312


Tree=198
num_leaves=12
num_cat=0
split_feature=24 3 4 1 9 23 9 21 3 8 6
split_gain=66.7804 42.1742 23.3865 11.4118 26.8304 18.6241 15.9087 12.6086 13.7174 9.37507 4.52071
threshold=78.923076923076934 67.000000000000014 2221.5292857142863 35.333333333333336 31.300000000000001 38.807692307692314 28.900000000000002 25.500000000000004 18.500000000000004 478.09428571428572 56.000000000000007
decision_type=2 2 2 2 2 2 2 2 2 2 2
left_child=1 2 3 4 6 -5 7 8 9 -1 -7
right_child=-2 -3 -4 5 -6 10 -8 -9 -10 -11 -12
leaf_value=0.0032924239783526056 -0.063539767392699217 0.056779263926385791 -0.047100447375459834 0.038722466207874826 -0.054806420781796067 -0.0064480472139997495 0.04439466651982963 -0.034652172435291999 0.032596838931170866 -0.028757212565201723 0.015596336297165397
leaf_weight=73.059999227523804 18.66106653213501 21.085886001586914 11.506504178047178 31.064166188240051 10.999999999999998 29.040520310401917 11.657317161560057 12.299999952316282 18.471707105636597 14.199999809265135 20.297092795372009
leaf_count=68 7 5 4 12 11 15 8 12 13 13 7
internal_value=0.002508 0.00753683 0.00289104 0.00567888 -0.000341537 0.0166257 0.00406725 0 0.00411184 -0.0015655 0.00193912
internal_weight=272.344 253.683 232.597 221.091 140.689 80.4018 129.689 118.032 105.732 87.26 49.3376
internal_count=175 168 163 159 125 34 114 106 94 81 22
is_linear=0
shrinkage=0.0364312


Tree=199
num_leaves=12
num_cat=0
split_feature=7 19 19 15 24 4 15 15 28 24 20
split_gain=71.5826 79.2419 22.2555 17.5705 14.3735 13.0925 9.2942 15.8534 14.6093 28.8097 16.8754
threshold=95.500000000000014 80.214285714285737 66.500000000000014 51.500000000000007 58.576923076923087 1865.5028571428577 7.5000000000000009 9.5000000000000018 351.81824175824187 17.961538461538463 2.5000000000000004
decision_type=2 2 2 2 2 2 2 2 2 2 2
left_child=1 2 3 5 -5 6 -1 -8 10 -10 -9
right_child=-2 -3 -4 4 -6 -7 7 8 9 -11 -12
leaf_value=-0.02856770979401891 -0.068159331008659729 0.084783073553814869 -0.040687379126864848 0.049163489035678798 0.0012064987451940571 -0.040183125023231389 0.042823427746460807 0.022644453600997472 0.06967484202052758 0.0025080483639544522 -0.030995846131198285
leaf_weight=11.299999952316282 17.594504117965698 16.329196453094482 14.8920521736145 19.682458639144897 16.921951174736023 9.8011707067489606 13.499999761581419 9.5999999046325666 9.2399997711181623 103.28292679786682 30.199999809265137
leaf_count=11 5 4 5 9 8 4 12 9 7 72 29
internal_value=0.00241114 0.00745739 0.0019675 0.004989 0.0280298 0.00027331 0.00273883 0.0051044 0.00149624 0.00841437 -0.0171538
internal_weight=272.344 254.75 238.421 223.529 36.6044 186.924 177.123 165.823 152.323 112.523 39.8
internal_count=175 170 166 161 17 144 140 129 117 79 38
is_linear=0
shrinkage=0.0364312


Tree=200
num_leaves=12
num_cat=0
split_feature=15 19 2 24 14 15 28 20 24 1 3
split_gain=102.821 101.091 39.9087 44.3557 39.9528 27.3279 15.2158 20.2337 14.6824 14.1969 13.8899
threshold=91.000000000000014 84.214285714285737 17.500000000000004 60.730769230769234 43.500000000000007 48.500000000000007 279.48109890109896 4.5000000000000009 17.961538461538463 11.333333333333334 6.5000000000000009
decision_type=2 2 2 2 2 2 2 2 2 2 2
left_child=1 2 9 4 5 6 -4 -8 -9 10 -1
right_child=-2 -3 3 -5 -6 -7 7 8 -10 -11 -12
leaf_value=-0.022794511869141568 -0.099216869536601748 0.10705454106791951 0.061190599603815718 -0.030766643357349559 0.061652614019180561 -0.044500844222961432 -0.039201894660012483 0.048789336524816512 0.0084879395982778751 0 -0.083290433233402766
leaf_weight=14.299999952316286 12.744390249252318 12.405196428298948 8.1999998092651349 33.270992040634155 21.328982353210449 11.707317113876341 9.9999999999999982 14.239999771118162 101.21804857254028 10.599999904632567 10.299999952316282
leaf_count=14 4 3 7 12 6 9 10 12 71 10 10
internal_value=0.000941334 0.0062926 0.000766918 0.00721383 0.0150226 0.00788748 0.0127789 0.00927128 0.0138138 -0.0347544 -0.049867
internal_weight=260.315 247.571 235.165 199.965 166.694 145.365 133.658 125.458 115.458 35.2 24.6
internal_count=168 164 161 127 115 109 100 93 83 34 24
is_linear=0
shrinkage=0.0364312


Tree=201
num_leaves=13
num_cat=0
split_feature=7 19 9 29 12 7 6 15 27 23 27 9
split_gain=127.803 95.1088 48.6393 34.6877 13.877 35.842 24.1613 19.092 16.2518 15.3497 11.2686 9.63905
threshold=95.500000000000014 73.142857142857153 10.900000000000002 60.730769230769234 66.500000000000014 44.500000000000007 53.000000000000007 32.500000000000007 14.500000000000002 18.61538461538462 16.500000000000004 9.3000000000000025
decision_type=2 2 2 2 2 2 2 2 2 2 2 2
left_child=1 2 11 4 5 7 -7 8 9 -4 -10 -1
right_child=-2 -3 3 -5 -6 6 -8 -9 10 -11 -12 -13
leaf_value=-0.023121501242591984 -0.10354689479356749 0.079658418936800132 0.0099475473950862477 -0.03924343655044852 0.032777476791597676 -0.062928980024086853 0.0023717857479834867 0.047630681428447244 -0.036004141845722433 0.065125792848684014 0.0041376681246351743 -0.075023599501353219
leaf_weight=13.299999952316286 14.48783755302429 21.785879373550415 23.099999666213989 19.695642232894897 33.116787314414978 14.512195110321047 13.433170795440672 20.154146432876587 10.899999856948851 10.63902425765991 54.190243601799011 10.999999999999998
leaf_count=13 4 6 21 8 11 13 5 11 10 6 49 11
internal_value=0.000897452 0.00725158 8.80144e-06 0.00609553 0.0112755 0.00616557 -0.0304551 0.0150845 0.00803656 0.0285759 -0.00211819 -0.0483422
internal_weight=260.315 245.827 224.041 199.741 180.046 146.929 27.9454 118.983 98.8293 33.739 65.0902 24.3
internal_count=168 164 158 134 126 115 18 97 86 27 59 24
is_linear=0
shrinkage=0.0364312


Tree=202
num_leaves=12
num_cat=0
split_feature=15 2 24 9 8 28 18 8 6 4 3
split_gain=95.8174 64.4801 55.1109 56.2635 24.2137 15.9089 13.5584 14.6141 19.4229 14.1845 9.12479
threshold=91.000000000000014 95.500000000000014 64.038461538461561 10.900000000000002 1539.8357142857146 279.48109890109896 7.5000000000000009 940.69714285714292 56.000000000000007 757.37571428571448 6.5000000000000009
decision_type=2 2 2 2 2 2 2 2 2 2 2
left_child=1 2 3 10 5 -5 -7 9 -9 -8 -1
right_child=-2 -3 -4 4 -6 6 7 8 -10 -11 -12
leaf_value=-0.023863376677029969 -0.095819645250452792 0.064253688715574922 -0.066062653443075089 0.046528624611616963 0.049040250074624446 -0.036040149119065834 0.0013693481987190194 -0.030924864994907805 0.017379356580383358 0.030034355396229135 -0.075015400823645953
leaf_weight=14.299999952316286 12.744390249252318 22.767212867736816 15.408975601196287 12.499999761581419 20.948962688446045 10.299999952316282 53.37707257270813 25.904634356498718 18.125385642051697 43.938292503356934 9.9999999999999982
leaf_count=14 4 6 6 11 6 10 47 15 6 33 10
internal_value=0.000862757 0.0060332 0 0.00501033 0.0120117 0.00703549 0.00351007 0.00667142 -0.0102631 0.0146931 -0.046654
internal_weight=260.315 247.571 224.803 209.394 185.094 164.145 151.645 141.345 44.03 97.3154 24.3
internal_count=168 164 158 152 128 122 111 101 21 80 24
is_linear=0
shrinkage=0.0364312


Tree=203
num_leaves=14
num_cat=0
split_feature=7 9 9 24 15 15 7 12 15 27 23 27 9
split_gain=119.833 81.3318 45.2395 14.1273 36.6225 21.633 18.0244 20.7672 17.5223 14.8827 14.0059 10.4278 8.6292
threshold=95.500000000000014 79.40000000000002 10.900000000000002 54.576923076923087 61.500000000000007 56.000000000000007 44.500000000000007 63.500000000000007 32.500000000000007 14.500000000000002 18.61538461538462 16.500000000000004 9.3000000000000025
decision_type=2 2 2 2 2 2 2 2 2 2 2 2 2
left_child=1 2 12 4 6 -5 8 -8 9 10 -4 -11 -1
right_child=-2 -3 3 5 -6 -7 7 -9 -10 11 -12 -13 -14
leaf_value=-0.021012542767512743 -0.10030717284968545 0.091874160565018861 0.009281929976913926 0.013643605272998549 0.077769300304661185 -0.035376682345441279 -0.046850124860719489 0.010758008296573482 0.045436579437607087 -0.034810120417249658 0.062079594732246168 0.0037782926723898972 -0.070297737418203221
leaf_weight=13.299999952316286 14.48783755302429 13.987733125686644 23.099999666213989 23.335252165794373 10.62392210960388 23.001970648765564 15.392682909965517 16.20211386680603 20.154146432876587 10.899999856948851 10.63902425765991 54.190243601799011 10.999999999999998
leaf_count=13 4 3 21 9 3 10 12 6 11 10 6 49 11
internal_value=0.000824046 0.00698111 0.00165521 0.00731587 0.0125066 -0.00997869 0.00760125 -0.0163016 0.0142517 0.00748427 0.0271497 -0.00221535 -0.0450275
internal_weight=260.315 245.827 231.839 207.539 161.202 46.3372 150.578 31.5948 118.983 98.8293 33.739 65.0902 24.3
internal_count=168 164 161 137 118 19 115 18 97 86 27 59 24
is_linear=0
shrinkage=0.0364312


Tree=204
num_leaves=13
num_cat=0
split_feature=7 9 9 28 10 15 23 1 15 2 15 3
split_gain=111.368 75.5506 42.1607 14.2106 13.2687 42.4481 15.6493 16.8284 17.0868 9.80033 11.1001 8.17063
threshold=95.500000000000014 79.40000000000002 10.900000000000002 279.48109890109896 1652.0842857142859 56.000000000000007 25.84615384615385 22.666666666666668 19.500000000000004 57.000000000000007 29.500000000000004 6.5000000000000009
decision_type=2 2 2 2 2 2 2 2 2 2 2 2
left_child=1 2 11 -4 5 6 7 8 -5 10 -8 -1
right_child=-2 -3 3 4 -6 -7 9 -9 -10 -11 -12 -13
leaf_value=-0.021747804339606731 -0.096689242894598362 0.088561574442234739 0.044809321079709363 -0.0094565806249525385 0.022677979501144866 -0.063453179231287335 0.0071800921755862113 -0.04037370224793789 0.040492727770166423 -0.00065169432465742396 0.042930674791269649 -0.070328409143191786
leaf_weight=14.299999952316286 14.48783755302429 13.987733125686644 12.499999761581419 35.65999960899353 41.561795234680176 12.865853548049925 26.072194933891296 15.725609779357908 11.899999856948851 25.735610008239746 25.518292784690857 9.9999999999999982
leaf_count=14 4 3 11 33 13 8 21 14 10 14 13 10
internal_value=0.000798998 0.00673935 0.00160068 0.0070703 0.00444228 -0.000287009 0.00530593 -0.00775043 0.0023997 0.0164338 0.025605 -0.0434587
internal_weight=260.315 245.827 231.839 207.539 195.039 153.478 140.612 63.2856 47.56 77.3261 51.5905 24.3
internal_count=168 164 161 137 126 113 105 57 43 48 34 24
is_linear=0
shrinkage=0.0364312


Tree=205
num_leaves=11
num_cat=0
split_feature=7 19 9 24 14 15 8 8 10 9
split_gain=103.467 78.6692 36.4474 28.9797 12.1341 21.202 10.5774 25.8239 11.6573 7.72206
threshold=95.500000000000014 73.142857142857153 10.900000000000002 60.730769230769234 43.500000000000007 48.500000000000007 940.69714285714292 879.04285714285709 751.10785714285737 9.3000000000000025
decision_type=2 2 2 2 2 2 2 2 2 2
left_child=1 2 9 4 5 6 7 8 -4 -1
right_child=-2 -3 3 -5 -6 -7 -8 -9 -10 -11
leaf_value=-0.019076724027621152 -0.093201811815706803 0.072340557285564933 0.014921072828722296 -0.036243130875516283 0.034406143272496692 -0.040328368802477949 -0.0091557534119005388 0.072550374189403327 -0.016942860777137341 -0.065876695904133795
leaf_weight=13.299999952316286 14.48783755302429 21.785879373550415 89.296096563339233 19.695642232894897 23.78020191192627 11.707317113876341 28.442683219909668 9.5192682743072492 17.299999952316284 10.999999999999998
leaf_count=13 4 6 76 8 7 9 13 4 17 11
internal_value=0.000759044 0.00648957 0 0.00517863 0.00992799 0.00595261 0.00997729 0.0149679 0.00940872 -0.0419471
internal_weight=260.315 245.827 224.041 199.741 180.046 156.265 144.558 116.115 106.596 24.3
internal_count=168 164 158 134 126 119 110 97 93 24
is_linear=0
shrinkage=0.0364312


Tree=206
num_leaves=14
num_cat=0
split_feature=7 19 2 24 28 23 23 1 15 4 14 18 1
split_gain=96.1027 73.1173 26.8784 27.802 13.3421 14.8924 16.8107 16.7401 14.1409 14.8331 11.8135 17.2512 11.7298
threshold=95.500000000000014 73.142857142857153 17.500000000000004 60.730769230769234 279.48109890109896 25.84615384615385 26.34615384615385 22.666666666666668 19.500000000000004 476.77714285714291 43.500000000000007 33.500000000000007 11.333333333333334
decision_type=2 2 2 2 2 2 2 2 2 2 2 2 2
left_child=1 2 12 4 -4 7 -7 8 9 -6 11 -8 -1
right_child=-2 -3 3 -5 5 6 10 -9 -10 -11 -12 -13 -14
leaf_value=-0.042914621654021962 -0.089840158438155807 0.069722612362322939 0.056030774206446241 -0.034932445101889843 0.012177053558906879 0.061949937022115646 0.012405238185362471 -0.038790973138641535 0.038498351537773735 -0.039688714738617778 0.033160317119824555 -0.031875634371094898 0
leaf_weight=24.599999904632568 14.48783755302429 21.785879373550415 8.1999998092651349 19.695642232894897 17.159999847412113 9.7912194728851301 56.282195210456848 15.725609779357908 11.899999856948851 11.899999856948851 23.78020191192627 14.406341433525084 10.599999904632567
leaf_count=24 4 6 7 8 16 4 39 14 10 11 7 8 10
internal_value=0.000710221 0.00623788 0 0.00547684 0.0104131 0.00782502 0.0160893 -0.00676714 0.00477777 -0.0079663 0.0108814 0.00284413 -0.0291359
internal_weight=260.315 245.827 224.041 188.841 169.146 160.946 104.26 56.6856 40.96 29.06 94.4687 70.6885 35.2
internal_count=168 164 158 124 116 109 58 51 37 27 54 47 34
is_linear=0
shrinkage=0.0364312


Tree=207
num_leaves=13
num_cat=0
split_feature=15 19 2 24 14 15 28 20 24 21 19 15
split_gain=90.0738 89.6623 25.8202 33.1593 30.6681 19.9791 12.3624 17.3134 14.1919 11.4955 24.0141 5.34604
threshold=91.000000000000014 84.214285714285737 17.500000000000004 60.730769230769234 43.500000000000007 48.500000000000007 279.48109890109896 4.5000000000000009 17.961538461538463 9.5000000000000018 9.3571428571428594 10.500000000000002
decision_type=2 2 2 2 2 2 2 2 2 2 2 2
left_child=1 2 9 4 5 6 -4 -8 -9 10 -1 -11
right_child=-2 -3 3 -5 -6 -7 7 8 -10 11 -12 -13
leaf_value=-0.053300739334884495 -0.093049996719714853 0.10059679375849592 0.054025140007266846 -0.027097313740825399 0.053341665607716304 -0.038528894547953926 -0.037630783150524282 0.045719995837577236 0.0062372828877016954 -0.073667117279330077 0.030312588514649456 -0.024027383610829581
leaf_weight=8.0000000000000018 12.744390249252318 12.405196428298948 8.1999998092651349 33.270992040634155 21.328982353210449 11.707317113876341 9.9999999999999982 14.239999771118162 101.21804857254028 8.0000000000000018 9.8999998569488508 9.2999999523162824
leaf_count=8 4 3 7 12 6 9 10 12 71 8 9 9
internal_value=0.00068896 0.00570634 0.000494197 0.00570855 0.0124822 0.00620126 0.0104161 0.00723034 0.0114584 -0.0280478 -0.00526309 -0.0493938
internal_weight=260.315 247.571 235.165 199.965 166.694 145.365 133.658 125.458 115.458 35.2 17.9 17.3
internal_count=168 164 161 127 115 109 100 93 83 34 17 17
is_linear=0
shrinkage=0.0364312


Tree=208
num_leaves=11
num_cat=0
split_feature=15 19 4 8 18 23 20 18 12 1
split_gain=29.3605 82.2639 16.174 18.4536 59.0717 12.7898 11.8901 9.65828 28.5458 18.0848
threshold=91.000000000000014 84.214285714285737 2221.5292857142863 1178.4685714285715 30.000000000000004 42.65384615384616 39.000000000000007 4.5000000000000009 14.500000000000002 11.333333333333334
decision_type=2 2 2 2 2 2 2 2 2 2
left_child=1 2 3 4 5 7 -5 -1 -9 -10
right_child=-2 -3 -4 6 -6 -7 -8 8 9 -11
leaf_value=-0.029997366949963918 -0.044796904924680601 0.096974469888897505 -0.027410473269561558 0.03623004891565345 -0.085903567312111809 0.03954716109672024 0.0021198693069349756 0.067588667689813531 -0.034199363875459368 0.0047278093183630949
leaf_weight=12.299999952316282 15.851056814193724 12.405196428298948 23.253301024436951 33.381600260734558 10.251219511032103 12.040243864059446 26.659057021141052 8.4999997615814191 18.299999952316284 110.39195048809052
leaf_count=12 5 3 8 12 8 9 11 7 18 87
internal_value=0.00290046 0.00587946 0.00126051 0.0043013 -0.0015922 0.00361646 0.0217026 0.000455089 0.00346679 -0.00057084
internal_weight=283.334 267.483 255.077 231.824 171.783 161.532 60.0407 149.492 137.192 128.692
internal_count=180 175 172 164 141 133 23 124 112 105
is_linear=0
shrinkage=0.0364312


Tree=209
num_leaves=10
num_cat=0
split_feature=7 19 6 4 15 22 15 9 1
split_gain=35.0459 56.1054 20.3198 14.101 8.93547 8.47091 11.0348 24.8701 9.05511
threshold=95.500000000000014 73.142857142857153 69.000000000000014 1996.0914285714289 56.000000000000007 3.5000000000000004 8.5000000000000018 11.300000000000002 12.16666666666667
decision_type=2 2 2 2 2 2 2 2 2
left_child=1 2 3 4 5 -1 -7 -8 -9
right_child=-2 -3 -4 -5 -6 6 7 8 -10
leaf_value=-0.026746679634467543 -0.046556656928245808 0.057774836336282748 -0.030759230643858722 0.037230020677727592 -0.029764623551653244 0.036122586090446336 -0.048037886240250509 0.040664125357464574 0.0041818940444430059
leaf_weight=10.999999999999998 17.594504117965698 25.212546110153198 24.182458519935608 15.948962688446043 11.073170661926268 14.499999761581419 11.599999904632567 9.8999998569488508 142.32198345661163
leaf_count=11 5 7 9 5 7 13 11 9 103
internal_value=0.00279526 0.00621701 0.00063678 0.00432471 0.00150775 0.00354137 0.00562438 0.00268373 0.00681882
internal_weight=283.334 265.739 240.527 216.344 200.395 189.322 178.322 163.822 152.222
internal_count=180 175 168 159 154 147 136 123 112
is_linear=0
shrinkage=0.0364312


Tree=210
num_leaves=14
num_cat=0
split_feature=7 19 6 4 15 23 24 19 19 15 19 19 14
split_gain=32.5628 52.1144 18.8752 13.0994 8.3063 7.11 29.5356 10.1799 11.9279 13.8161 8.06858 13.3056 7.51097
threshold=95.500000000000014 73.142857142857153 69.000000000000014 1996.0914285714289 56.000000000000007 17.423076923076927 18.61538461538462 16.571428571428573 12.642857142857144 8.5000000000000018 31.285714285714288 33.071428571428577 19.500000000000004
decision_type=2 2 2 2 2 2 2 2 2 2 2 2 2
left_child=1 2 3 4 5 7 -7 8 9 -1 12 -12 -8
right_child=-2 -3 -4 -5 -6 6 10 -9 -10 -11 11 -13 -14
leaf_value=0.014284168141610036 -0.044874468269945664 0.055682124117397334 -0.029645347378637749 0.035885964766274432 -0.02869434399447305 0.081250399875544124 0.0011009541310259398 -0.041477092901262363 0.033420750485316821 -0.024837993253859172 0.044036467370611884 0.0029092509353826771 -0.029857392146188533
leaf_weight=19.499999761581421 17.594504117965698 25.212546110153198 24.182458519935608 15.948962688446043 11.073170661926268 6.939999818801879 41.617316722869873 8.9999999999999982 11.199999809265135 28.199999809265137 14.325609803199766 45.581984043121338 12.95707321166992
leaf_count=18 5 7 9 5 7 5 34 9 10 27 9 24 11
internal_value=0.00268886 0.00599133 0.000607954 0.00416749 0.0014459 0.00341253 0.00880289 -0.00571526 0 -0.00812494 0.00401079 0.0134045 -0.00567526
internal_weight=283.334 265.739 240.527 216.344 200.395 189.322 121.422 67.9 58.9 47.7 114.482 59.9076 54.5744
internal_count=180 175 168 159 154 147 83 64 55 45 78 33 45
is_linear=0
shrinkage=0.0364312


Tree=211
num_leaves=12
num_cat=0
split_feature=7 19 6 7 8 0 1 8 12 25 14
split_gain=30.2698 48.3844 17.6344 24.1882 11.5842 22.6764 10.545 10.0537 20.6411 17.0641 11.8272
threshold=95.500000000000014 73.142857142857153 51.500000000000007 54.500000000000007 940.69714285714292 34.500000000000007 65.500000000000014 666.55071428571443 35.500000000000007 780.47571428571439 17.000000000000004
decision_type=2 2 2 2 2 2 2 2 2 2 2
left_child=1 2 3 4 5 7 -4 9 -9 10 -1
right_child=-2 -3 6 -5 -6 -7 -8 8 -10 -11 -12
leaf_value=0.0037799152369042167 -0.043253071742346126 0.053665211769603385 -0.029999158694326143 0.04249085000781766 -0.027135537505720005 0.056426404689209869 0.001128099057830544 0.014787224917759445 -0.059947317552131188 0.04363438797968297 -0.03636854333008064
leaf_weight=94.759998798370361 17.594504117965698 25.212546110153198 33.753203392028809 21.367824554443359 16.760731935501099 10.285121917724608 21.563596725463867 8.299999952316286 9.9999999999999982 13.039024353027342 10.697073221206663
leaf_count=86 5 7 15 9 10 5 7 8 10 9 9
internal_value=0.00259665 0.00578484 0.000592343 0.00612342 0.00113543 0.00461632 -0.0172687 0.000411768 -0.0243219 0.00454905 -8.67153e-06
internal_weight=283.334 265.739 240.527 185.21 163.842 147.081 55.3168 136.796 18.3 118.496 105.457
internal_count=180 175 168 146 137 127 22 122 18 104 95
is_linear=0
shrinkage=0.0364312


Tree=212
num_leaves=11
num_cat=0
split_feature=7 19 6 4 18 12 1 26 19 12
split_gain=28.1378 44.9225 17.2491 11.6977 9.09145 25.0102 17.6939 15.7251 20.5033 3.96638
threshold=95.500000000000014 73.142857142857153 69.000000000000014 1996.0914285714289 4.5000000000000009 14.500000000000002 11.333333333333334 314.34604395604396 13.000000000000002 16.500000000000004
decision_type=2 2 2 2 2 2 2 2 2 2
left_child=1 2 3 4 -1 -6 9 -8 -9 -7
right_child=-2 -3 -4 -5 5 6 7 8 -10 -11
leaf_value=-0.028452444565001008 -0.041690240084487344 0.051721355327095708 -0.028337069099316672 0.033966629836363553 0.064118197139506561 -0.051605277205904763 0.062353100342914754 -0.050529555578534578 0.005541916663596505 -0.011060473524041112
leaf_weight=12.299999952316282 17.594504117965698 25.212546110153198 24.182458519935608 15.948962688446043 8.4999997615814191 9.0000000000000018 5.8999998569488517 8.9999999999999982 146.3951541185379 9.2999999523162824
leaf_count=12 5 7 9 5 7 9 5 9 103 9
internal_value=0.00250687 0.00558484 0.000576207 0.00398518 0.00140313 0.00356022 0.000451475 0.00450293 0.00202715 -0.033131
internal_weight=283.334 265.739 240.527 216.344 200.395 188.095 179.595 161.295 155.395 18.3
internal_count=180 175 168 159 154 142 135 117 112 18
is_linear=0
shrinkage=0.0364312


Tree=213
num_leaves=12
num_cat=0
split_feature=24 6 6 1 15 19 8 1 24 4 6
split_gain=27.5473 46.0992 15.9261 7.67349 14.4039 10.1185 12.0515 25.0666 8.25763 7.54634 7.31836
threshold=81.961538461538467 82.500000000000014 69.000000000000014 52.166666666666679 46.500000000000007 31.285714285714288 630.32214285714304 20.166666666666668 25.500000000000004 490.9614285714286 32.500000000000007
decision_type=2 2 2 2 2 2 2 2 2 2 2
left_child=1 2 3 4 5 6 7 9 -8 -1 -7
right_child=-2 -3 -4 -5 -6 10 8 -9 -10 -11 -12
leaf_value=0.0022892880079461221 -0.045037939407833759 0.054319916031815851 -0.027729559214421474 0.017752219158533297 -0.034882986014220234 0.040372741485137621 0 0.04175684846791955 -0.042615074995777019 -0.021140106697032219 0.0050151572060400445
leaf_weight=60.859999418258667 15.075700759887694 23.057885885238647 23.636572480201721 41.350784063339233 14.024390339851378 14.752439022064207 10.818292617797853 19.036097526550293 13.899999856948851 24.799999713897705 22.021463394165039
leaf_count=57 5 6 8 15 10 10 8 13 13 23 12
internal_value=0.00240674 0.00522529 0.00043769 0.00361528 0.000167459 0.0033618 -0.00118453 0.0039419 -0.0241888 -0.00411407 0.0202422
internal_weight=283.334 268.258 245.2 221.563 180.213 166.188 129.414 104.696 24.7183 85.66 36.7739
internal_count=180 175 169 161 146 136 114 93 21 80 22
is_linear=0
shrinkage=0.0364312


Tree=214
num_leaves=14
num_cat=0
split_feature=8 19 21 1 7 18 21 20 26 15 24 21 23
split_gain=27.3076 102.362 84.7864 10.0676 20.5837 8.21403 12.2381 19.8694 25.8721 12.1589 12.1138 8.61725 10.5423
threshold=1724.1550000000004 73.142857142857153 73.500000000000014 62.000000000000007 66.500000000000014 4.5000000000000009 14.500000000000002 8.5000000000000018 324.46961538461545 12.500000000000002 10.269230769230772 16.500000000000004 19.038461538461544
decision_type=2 2 2 2 2 2 2 2 2 2 2 2 2
left_child=1 3 -2 4 5 -1 7 8 -7 -10 -8 -12 -13
right_child=2 -3 -4 -5 -6 6 10 -9 9 -11 11 12 -14
leaf_value=-0.027441863928638274 0.01585717599496728 0.11161809683249663 -0.077629632897586745 -0.030849416583279977 0.049911449237270894 0.043295764382440552 -0.12039116165332506 0.065859485855137012 0.0002307820084408934 -0.053928062022761729 -0.029237838976181915 0.025112409022535743 -0.0027804814063693193
leaf_weight=12.299999952316282 31.447479367256165 11.825066566467283 21.127837657928467 11.355629205703734 12.072702527046202 14.799999713897703 0.999999999999999 9.6390242576599103 13.199999809265138 7.9999999999999991 12.899999856948851 21.41829252243042 102.24759364128113
leaf_count=12 11 3 6 4 4 13 1 5 12 8 12 18 71
internal_value=0.00231851 0.00782891 -0.0211641 0.00199421 0.00397829 0.000929516 0.00304377 0.0194385 0.00583427 -0.0188102 -0.0021583 -0.000911458 0.00179415
internal_weight=283.334 230.758 52.5753 218.933 207.578 195.505 183.205 45.639 36 21.2 137.566 136.566 123.666
internal_count=180 163 17 160 156 152 140 38 33 20 102 101 89
is_linear=0
shrinkage=0.0364312


Tree=215
num_leaves=10
num_cat=0
split_feature=24 24 4 12 7 21 18 12 1
split_gain=27.8554 58.1738 26.395 15.6482 9.43838 11.2088 7.26246 23.4923 15.0188
threshold=78.923076923076934 68.807692307692321 2132.7871428571434 66.500000000000014 57.000000000000007 46.500000000000007 4.5000000000000009 14.500000000000002 11.333333333333334
decision_type=2 2 2 2 2 2 2 2 2
left_child=1 2 3 4 5 6 -1 -8 -9
right_child=-2 -3 -4 -5 -6 -7 7 8 -10
leaf_value=-0.026453827772679916 -0.036488570026956893 0.06204568958567281 -0.035078834073509133 0.028429024420780158 -0.030058369396648233 0.037996444488599693 0.060842208326359011 -0.031683142800164411 0.0035496325659679757
leaf_weight=12.299999952316282 22.325066566467285 22.102959156036377 24.713821291923523 31.052722096443176 12.331252098083494 11.039024353027342 8.4999997615814191 18.299999952316284 120.6687798500061
leaf_count=12 8 6 9 11 5 7 7 18 97
internal_value=0.00222901 0.005692 0.000298566 0.00456336 0.000308126 0.00272703 4.08464e-05 0.00250959 -0.000868969
internal_weight=283.334 261.009 238.906 214.192 183.139 170.808 159.769 147.469 138.969
internal_count=180 172 166 157 146 141 134 122 115
is_linear=0
shrinkage=0.0364312


Tree=216
num_leaves=10
num_cat=0
split_feature=24 11 24 14 11 11 19 19 12
split_gain=78.6862 47.6601 22.4857 11.7687 24.513 16.1608 9.29465 24.8916 24.355
threshold=81.961538461538467 82.500000000000014 64.038461538461561 43.500000000000007 42.500000000000007 34.500000000000007 33.071428571428577 31.285714285714288 35.500000000000007
decision_type=2 2 2 2 2 2 2 2 2
left_child=1 2 3 4 5 6 7 8 -1
right_child=-2 -3 -4 -5 -6 -7 -8 -9 -10
leaf_value=-0.00015643615045459952 -0.092747443016239439 0.052077283647465084 -0.046571084617699363 0.020097421889077871 -0.036547267270700866 0.029911027006681398 -0.040497856354861757 0.052371933957746877 -0.062275655956441175
leaf_weight=113.79902315139771 11.969034194946287 23.057885885238647 14.327804923057554 33.645892858505249 25.326829552650452 23.226097583770752 7.9999999999999991 10.752439022064207 8.9999999999999982
leaf_count=102 4 6 5 11 13 13 8 6 9
internal_value=-0.0019148 0.00216512 -0.00255218 0.00014012 -0.00322243 0.00171716 -0.00269018 -0.000124332 -0.0050597
internal_weight=273.105 261.136 238.078 223.75 190.104 164.778 141.551 133.551 122.799
internal_count=177 173 167 162 151 138 125 117 111
is_linear=0
shrinkage=0.0364312


Tree=217
num_leaves=10
num_cat=0
split_feature=15 19 24 9 6 6 19 19 12
split_gain=77.3992 79.8147 22.5399 16.4078 23.2163 12.8922 8.63641 23.1439 22.6309
threshold=91.000000000000014 84.214285714285737 64.038461538461561 54.400000000000006 42.500000000000007 34.500000000000007 33.071428571428577 31.285714285714288 35.500000000000007
decision_type=2 2 2 2 2 2 2 2 2
left_child=1 2 3 4 5 6 7 8 -1
right_child=-2 -3 -4 -5 -6 -7 -8 -9 -10
leaf_value=-0.00015074432900625339 -0.089063629914980999 0.092024517016525975 -0.037904009717151417 0.021640888701722837 -0.03870071594188014 0.02779598224338602 -0.039048860330853266 0.050489468843201581 -0.060043021236327168
leaf_weight=113.79902315139771 12.744390249252318 12.405196428298948 21.205138325691223 42.462966084480286 21.704878330230713 21.030975580215454 7.9999999999999991 10.752439022064207 8.9999999999999982
leaf_count=102 4 3 7 15 11 12 8 6 9
internal_value=-0.00185208 0.00233112 -0.00206784 0.00115279 -0.00339333 0.00113752 -0.00260298 -0.000120202 -0.00488834
internal_weight=273.105 260.361 247.955 226.75 184.287 162.582 141.551 133.551 122.799
internal_count=177 173 170 163 148 137 125 117 111
is_linear=0
shrinkage=0.0364312


Tree=218
num_leaves=10
num_cat=0
split_feature=24 6 17 14 6 6 19 19 12
split_gain=74.5893 45.4479 19.604 10.1039 21.356 14.0219 8.0246 21.5192 21.0285
threshold=81.961538461538467 82.500000000000014 95.500000000000014 43.500000000000007 42.500000000000007 34.500000000000007 33.071428571428577 31.285714285714288 35.500000000000007
decision_type=2 2 2 2 2 2 2 2 2
left_child=1 2 3 4 5 6 7 8 -1
right_child=-2 -3 -4 -5 -6 -7 -8 -9 -10
leaf_value=-0.00014525921638549938 -0.090231030525548248 0.050918164644241003 -0.043524535484297827 0.018583401155606832 -0.034134153221107501 0.027842858765434429 -0.037651707187759141 0.048674667940666189 -0.057890425741096672
leaf_weight=113.79902315139771 11.969034194946287 23.057885885238647 14.327804923057554 33.645892858505249 25.326829552650452 23.226097583770752 7.9999999999999991 10.752439022064207 8.9999999999999982
leaf_count=102 4 6 5 11 13 13 8 6 9
internal_value=-0.00179065 0.00217828 -0.00242484 7.8664e-05 -0.00302584 0.00157123 -0.00251889 -0.000116207 -0.00472313
internal_weight=273.105 261.136 238.078 223.75 190.104 164.778 141.551 133.551 122.799
internal_count=177 173 167 162 151 138 125 117 111
is_linear=0
shrinkage=0.0364312


Tree=219
num_leaves=10
num_cat=0
split_feature=15 19 25 9 4 22 9 0 3
split_gain=72.0242 76.1469 20.6677 17.8311 27.0211 10.9233 9.33157 15.3084 10.1432
threshold=91.000000000000014 84.214285714285737 1694.0519780219781 54.400000000000006 1865.5028571428577 3.5000000000000004 9.3000000000000025 9.5000000000000018 10.500000000000002
decision_type=2 2 2 2 2 2 2 2 2
left_child=1 2 3 4 5 -1 -7 -8 -9
right_child=-2 -3 -4 -5 -6 6 7 8 -10
leaf_value=-0.036868997432033507 -0.085865277885844485 0.089907557441178051 -0.038077876834657923 0.022954737333736343 -0.058588767951257489 0.032559799003885906 -0.041490831977918426 0.023298203036969421 -0.0014947234016679143
leaf_weight=9.9999999999999982 12.744390249252318 12.405196428298948 19.319252133369446 40.414185643196106 11.027349591255186 12.199999809265135 10.999999999999998 26.259999513626099 117.73463380336761
leaf_count=10 4 3 7 14 5 11 11 23 89
internal_value=-0.00173232 0.00229848 -0.00199502 0.000924603 -0.00363557 0 0.0020548 -0.000151072 0.00280506
internal_weight=273.105 260.361 247.955 228.636 188.222 177.195 167.195 154.995 143.995
internal_count=177 173 170 163 149 144 134 123 112
is_linear=0
shrinkage=0.0364312


Tree=220
num_leaves=11
num_cat=0
split_feature=24 24 4 12 8 0 6 9 28 15
split_gain=70.7308 43.8934 22.7255 14.3247 15.7554 19.9598 8.61859 13.2851 8.24947 2.16643
threshold=81.961538461538467 68.807692307692321 2132.7871428571434 66.500000000000014 940.69714285714292 34.500000000000007 34.500000000000007 31.300000000000001 244.47131868131871 42.500000000000007
decision_type=2 2 2 2 2 2 2 2 2 2
left_child=1 2 3 4 5 6 7 8 -1 -6
right_child=-2 -3 -4 -5 9 -7 -8 -9 -10 -11
leaf_value=-0.022623081842013618 -0.087802101796754503 0.048231711768534725 -0.035522213397024056 0.025250862998596364 -0.035448783934783387 0.05116245545405624 0.03153343403843048 -0.046005395882891292 0.0036496801871060496 -0.012072071516711939
leaf_weight=18.599999904632568 11.969034194946287 24.786471247673035 24.713821291923523 28.506380677223206 16.904634356498718 10.285121917724608 9.7370731830596906 8.9999999999999982 101.75902318954468 16.843447208404541
leaf_count=18 4 7 9 10 10 5 7 9 90 8
internal_value=-0.00167565 0.00218592 -0.00252308 0.00118842 -0.00238505 0.00249043 -0.000909174 -0.00365173 -0.000145068 -0.024907
internal_weight=273.105 261.136 236.35 211.636 183.129 149.381 139.096 129.359 120.359 33.7481
internal_count=177 173 166 157 147 129 124 117 108 18
is_linear=0
shrinkage=0.0364312


Tree=221
num_leaves=10
num_cat=0
split_feature=15 19 25 15 4 23 26 22 0
split_gain=66.0215 72.7193 20.1904 12.0046 14.5227 11.9579 12.1059 10.5529 7.66735
threshold=91.000000000000014 84.214285714285737 1694.0519780219781 61.500000000000007 1865.5028571428577 54.576923076923087 1267.7727472527476 3.5000000000000004 29.500000000000004
decision_type=2 2 2 2 2 2 2 2 2
left_child=1 2 3 4 5 6 7 -1 -9
right_child=-2 -3 -4 -5 -6 -7 -8 8 -10
leaf_value=-0.034732752143832167 -0.082171258662699087 0.087853749052196617 -0.037620153666046027 0.023262232878098692 -0.034129850615201879 0.038406820577696829 -0.038720196149245475 -0.00096317233545657136 0.017521761020266952
leaf_weight=9.9999999999999982 12.744390249252318 12.405196428298948 19.319252133369446 28.113535165786743 17.027999997138977 10.476585388183592 10.682926774024962 113.45609641075134 38.879024624824524
leaf_count=10 4 3 7 9 7 6 10 100 21
internal_value=-0.00161616 0.00223754 -0.00195511 0.000928946 -0.00204398 0.000769378 -0.00133974 0.000939232 0.00353933
internal_weight=273.105 260.361 247.955 228.636 200.523 183.495 173.018 162.335 152.335
internal_count=177 173 170 163 154 147 141 131 121
is_linear=0
shrinkage=0.0364312


Tree=222
num_leaves=10
num_cat=0
split_feature=24 3 4 8 15 23 22 9 0
split_gain=67.1188 43.99 24.0016 12.6383 27.3239 10.8397 8.18755 9.90688 12.8022
threshold=81.961538461538467 67.000000000000014 2221.5292857142863 1520.2671428571432 56.000000000000007 54.576923076923087 3.5000000000000004 9.3000000000000025 9.5000000000000018
decision_type=2 2 2 2 2 2 2 2 2
left_child=1 2 3 4 5 6 -1 -8 -9
right_child=-2 -3 -4 -5 -6 -7 7 8 -10
leaf_value=-0.033485568220958002 -0.085465716475550346 0.050060037843983933 -0.049642783956072897 0.022646190627638733 -0.056978058867532155 0.034732598050882781 0.031624259881753741 -0.039923870515513972 0.00045272658762311735
leaf_weight=9.9999999999999982 11.969034194946287 23.134666442871094 13.299187064170836 29.475779056549072 11.512194991111754 11.379024386405943 12.199999809265135 10.999999999999998 139.13512122631073
leaf_count=10 4 6 5 8 7 6 11 11 109
internal_value=-0.00156309 0.00219531 -0.00233947 0.000336313 -0.00286894 0.000375555 -0.00171932 5.23159e-05 -0.0023106
internal_weight=273.105 261.136 238.001 224.702 195.226 183.714 172.335 162.335 150.135
internal_count=177 173 167 162 154 147 141 131 120
is_linear=0
shrinkage=0.0364312


Tree=223
num_leaves=10
num_cat=0
split_feature=24 6 24 14 6 6 21 3 8
split_gain=62.3744 41.4688 17.1578 8.25704 19.5635 12.2906 6.95463 12.8997 12.8627
threshold=81.961538461538467 82.500000000000014 64.038461538461561 43.500000000000007 42.500000000000007 34.500000000000007 32.500000000000007 23.500000000000004 641.02642857142871
decision_type=2 2 2 2 2 2 2 2 2
left_child=1 2 3 4 5 6 7 8 -1
right_child=-2 -3 -4 -5 -6 -7 -8 -9 -10
leaf_value=-1.2698489619165266e-05 -0.082389539006379561 0.048673904658095554 -0.040726068332712376 0.016798779748144033 -0.032518786733818174 0.026250877697469904 -0.027897058112403464 0.029449401771847992 -0.044175618078527851
leaf_weight=102.03902339935303 11.969034194946287 23.057885885238647 14.327804923057554 33.645892858505249 25.326829552650452 23.226097583770752 12.559999942779539 17.352438926696777 9.5999999046325666
leaf_count=92 4 6 5 11 13 13 12 12 9
internal_value=-0.00150397 0.00211451 -0.00227619 5.59264e-05 -0.00273562 0.00165653 -0.00215704 0.000109351 -0.00417323
internal_weight=273.105 261.136 238.078 223.75 190.104 164.778 141.551 128.991 111.639
internal_count=177 173 167 162 151 138 125 113 101
is_linear=0
shrinkage=0.0364312


Tree=224
num_leaves=12
num_cat=0
split_feature=7 18 19 3 4 15 19 21 20 19 19
split_gain=73.4937 60.163 23.4864 17.0924 9.56843 11.8406 14.9504 13.3793 20.5136 9.84307 9.17899
threshold=95.500000000000014 51.500000000000007 66.500000000000014 46.500000000000007 1676.3742857142861 48.500000000000007 30.214285714285719 14.500000000000002 8.5000000000000018 17.428571428571434 33.071428571428577
decision_type=2 2 2 2 2 2 2 2 2 2 2
left_child=1 2 3 4 5 6 7 8 -1 -9 -8
right_child=-2 -3 -4 -5 -6 -7 10 9 -10 -11 -12
leaf_value=-0.0025192028543527534 -0.085953399434747876 0.064189995861402394 -0.048512209847971811 0.024150995938890526 -0.034221869140437705 -0.042162804799342903 0.041614045864280774 -0.041951179960878271 0.052298676891909111 -0.0073000877491146395 0.0053856196092619381
leaf_weight=50.999999523162842 12.585170984268187 19.993196487426758 13.099369287490843 36.612897634506226 12.056097745895384 8.5463414192199689 16.325609803199768 16.299999952316284 10.63902425765991 43.015365600585938 27.65219509601593
leaf_count=48 4 5 4 13 6 7 11 16 6 37 15
internal_value=-0.000409517 0.00371923 -0.00130927 0.00134808 -0.0029804 -0.000582579 0.0013972 -0.00499174 0.00648212 -0.0174851 0.0197135
internal_weight=267.825 255.24 235.247 222.148 185.535 173.479 164.932 120.954 61.639 59.3154 43.9778
internal_count=172 168 163 159 146 140 133 107 54 53 26
is_linear=0
shrinkage=0.0364312


Tree=225
num_leaves=12
num_cat=0
split_feature=7 18 19 14 11 11 21 23 19 28 10
split_gain=68.2789 55.9072 21.8165 18.2737 9.1502 13.4854 10.9276 14.4963 10.0996 16.6559 8.16952
threshold=95.500000000000014 51.500000000000007 66.500000000000014 43.500000000000007 42.500000000000007 34.500000000000007 10.500000000000002 11.653846153846155 9.3571428571428594 284.9501098901099 780.44142857142856
decision_type=2 2 2 2 2 2 2 2 2 2 2
left_child=1 2 3 4 5 6 8 -8 -1 -10 -9
right_child=-2 -3 -4 -5 -6 -7 7 10 9 -11 -12
leaf_value=-0.014130426153892987 -0.082857851085428119 0.061868396383332566 -0.046764292672364045 0.02552906387785862 -0.021399252829757867 0.025992352126346544 -0.04494510702897931 -0.010319966493978792 0.057120777736132146 0 0.017804957307849801
leaf_weight=11.299999952316282 12.585170984268187 19.993196487426758 13.099369287490843 34.929970860481262 30.200000166893005 23.226097583770752 13.999999999999998 66.559023857116699 11.799999713897707 13.639999866485594 16.492439031600952
leaf_count=11 4 5 4 12 15 13 14 60 10 12 12
internal_value=-0.000400798 0.00357406 -0.00126814 0.00128749 -0.00306658 0.000255319 -0.00397706 -0.0105757 0.0124864 0.0256778 -0.0042966
internal_weight=267.825 255.24 235.247 222.148 187.218 157.018 133.791 97.0515 36.74 25.44 83.0515
internal_count=172 168 163 159 147 132 119 86 33 22 72
is_linear=0
shrinkage=0.0364312


Tree=226
num_leaves=14
num_cat=0
split_feature=7 24 4 12 21 15 8 10 8 14 4 4 19
split_gain=63.4369 44.8599 24.4243 19.4322 6.96773 13.2552 9.64658 10.7994 21.3454 10.7544 9.40102 12.9919 9.39094
threshold=95.500000000000014 68.807692307692321 2132.7871428571434 66.500000000000014 10.500000000000002 16.500000000000004 940.69714285714292 780.44142857142856 658.54000000000008 33.500000000000007 428.10785714285726 286.84285714285716 9.3571428571428594
decision_type=2 2 2 2 2 2 2 2 2 2 2 2 2
left_child=1 2 3 4 12 10 7 8 -7 -8 11 -6 -1
right_child=-2 -3 -4 -5 5 6 9 -9 -10 -11 -12 -13 -14
leaf_value=-0.013622189214786485 -0.079873791658739188 0.051681130066917116 -0.037735230635351405 0.029965341046414452 -0.041713542109550972 0.0097353486977615894 -0.041028081320976802 0.029747895709936682 -0.05368761858940483 0 -0.050477366983530877 0.010885866299886885 0.024718078565994707
leaf_weight=11.299999952316282 12.585170984268187 23.138399720191956 22.00650417804718 29.260039210319519 10.000000000000002 41.936097383499146 12.877804994583128 21.911951065063477 8.2999999523162824 22.009301066398621 12.599999904632567 14.459999799728392 25.439999580383301
leaf_count=11 4 7 8 10 10 35 8 15 8 9 12 13 22
internal_value=-0.000390281 0.00343635 -0.00125328 0.00242657 -0.00185823 -0.00563515 0.00056058 0.00847128 -0.000179903 -0.0147762 -0.0243937 -0.00932844 0.0119783
internal_weight=267.825 255.24 232.102 210.095 180.835 144.095 107.035 72.148 50.2361 34.8871 37.06 24.46 36.74
internal_count=172 168 161 153 143 110 75 58 43 17 35 23 33
is_linear=0
shrinkage=0.0364312


Tree=227
num_leaves=14
num_cat=0
split_feature=7 19 6 7 4 15 8 23 23 21 19 28 25
split_gain=58.9426 42.4886 13.0627 18.1167 11.1826 10.255 19.2121 9.21396 21.9203 9.00381 13.0965 8.33714 7.27717
threshold=95.500000000000014 73.142857142857153 69.000000000000014 66.500000000000014 1676.3742857142861 16.500000000000004 359.45142857142861 17.423076923076927 19.038461538461544 10.500000000000002 9.3571428571428594 283.36241758241761 1568.9887362637364
decision_type=2 2 2 2 2 2 2 2 2 2 2 2 2
left_child=1 2 3 4 5 6 9 -7 -9 10 -1 -11 -10
right_child=-2 -3 -4 -5 -6 7 -8 8 12 11 -12 -13 -14
leaf_value=-0.014095567480236774 -0.076997186385383123 0.049952616933564814 -0.026622072785037629 0.040748729141198509 -0.038170514936158084 -0.020317986528845033 -0.044241734297475792 0.061291785339053481 0.00057611619648684914 -0.034888680782967064 0.036541240695633255 0.0046276560542970208 0.030677419289168877
leaf_weight=10.299999952316286 12.585170984268187 23.419863224029541 24.182458519935608 14.436767578124998 10.202959418296812 12.999999999999998 16.599999904632568 10.458292484283445 78.370000004768372 13.299999952316286 16.099999666213989 12.159999847412108 12.70975625514984
leaf_count=10 4 6 9 4 5 13 16 6 56 13 14 11 5
internal_value=-0.000376992 0.00330689 -0.00128443 0.00151618 -0.00126454 0.000632479 -0.0102996 0.00747389 0.0113972 0 0.0155097 -0.0147417 0.0051991
internal_weight=267.825 255.24 231.82 207.638 193.201 182.998 68.46 114.538 101.538 51.86 26.4 25.46 91.0798
internal_count=172 168 162 153 149 144 64 80 67 48 24 24 61
is_linear=0
shrinkage=0.0364312


Tree=228
num_leaves=12
num_cat=0
split_feature=7 18 19 14 4 15 19 21 20 19 20
split_gain=54.7736 46.7063 20.133 16.457 9.13631 11.722 13.5534 10.6151 18.8589 8.22858 7.463
threshold=95.500000000000014 51.500000000000007 66.500000000000014 43.500000000000007 1676.3742857142861 48.500000000000007 30.500000000000004 14.500000000000002 8.5000000000000018 17.428571428571434 22.500000000000004
decision_type=2 2 2 2 2 2 2 2 2 2 2
left_child=1 2 3 4 5 6 7 8 -1 -9 -8
right_child=-2 -3 -4 -5 -6 -7 10 9 -10 -11 -12
leaf_value=-0.0024793798574998956 -0.074224191190294719 0.056474678711144484 -0.044934078192850085 0.024233228090434943 -0.033440143819474417 -0.03827740902431729 0.037162859453691348 -0.037521834542214014 0.05006686001142905 -0.0061042472355350725 0.0039079279735072222
leaf_weight=50.999999523162842 12.585170984268187 19.993196487426758 13.099369287490843 34.929970860481262 12.056097745895384 10.229268193244932 18.52170741558075 16.299999952316284 10.63902425765991 46.015365600585938 22.456097483634949
leaf_count=48 4 5 4 12 6 8 11 16 6 40 12
internal_value=-0.000359155 0.00318738 -0.00122622 0.00122284 -0.0029007 -0.000574821 0.00158514 -0.00419329 0.00612551 -0.0149459 0.0198608
internal_weight=267.825 255.24 235.247 222.148 187.218 175.161 164.932 123.954 61.639 62.3154 40.9778
internal_count=172 168 163 159 147 141 133 110 54 56 23
is_linear=0
shrinkage=0.0364312


Tree=229
num_leaves=12
num_cat=0
split_feature=7 18 19 14 10 15 19 21 25 15 19
split_gain=50.8855 43.4039 18.7012 15.2947 8.48541 10.8925 12.6366 9.87162 17.5381 7.84178 5.72631
threshold=95.500000000000014 51.500000000000007 66.500000000000014 43.500000000000007 1495.1314285714286 48.500000000000007 30.500000000000004 14.500000000000002 505.87214285714293 16.500000000000004 36.142857142857146
decision_type=2 2 2 2 2 2 2 2 2 2 2
left_child=1 2 3 4 5 6 7 8 -1 -9 -8
right_child=-2 -3 -4 -5 -6 -7 10 9 -10 -11 -12
leaf_value=-0.00238931043464008 -0.071551061396498306 0.054432119531253952 -0.043315080356680795 0.023354050172618799 -0.032236425546569726 -0.036902499054857367 0.033698550784431729 -0.033515046570483417 0.048267506405169372 -0.0045700015260612629 0.0042137176028678317
leaf_weight=50.999999523162842 12.585170984268187 19.993196487426758 13.099369287490843 34.929970860481262 12.056097745895384 10.229268193244932 19.52170741558075 19.899999856948853 10.63902425765991 42.415365695953369 21.456097483634949
leaf_count=48 4 5 4 12 6 8 12 19 6 37 11
internal_value=-0.000352076 0.00306155 -0.00118798 0.00116686 -0.00280252 -0.000553675 0.00152119 -0.00405054 0.00588599 -0.0144253 0.0191732
internal_weight=267.825 255.24 235.247 222.148 187.218 175.161 164.932 123.954 61.639 62.3154 40.9778
internal_count=172 168 163 159 147 141 133 110 54 56 23
is_linear=0
shrinkage=0.0364312


Tree=230
num_leaves=11
num_cat=0
split_feature=7 18 19 15 4 1 15 19 21 19
split_gain=47.2731 40.3354 17.371 13.7516 13.3681 8.82633 14.2255 12.3876 9.50387 7.82026
threshold=95.500000000000014 51.500000000000007 66.500000000000014 61.500000000000007 1865.5028571428577 52.166666666666679 46.500000000000007 30.500000000000004 10.500000000000002 33.857142857142868
decision_type=2 2 2 2 2 2 2 2 2 2
left_child=1 2 3 4 5 6 7 8 -1 -9
right_child=-2 -3 -4 -5 -6 -7 -8 9 -10 -11
leaf_value=0.011146808228954213 -0.068974198673754955 0.052463439004416287 -0.041754418280966092 0.028407147231962578 -0.036845493791508727 0.027199583615059891 -0.038045064566854706 0.041422786647265827 -0.010661891133989463 0.0040387440183463621
leaf_weight=36.739999532699585 12.585170984268187 19.993196487426758 13.099369287490843 22.060507297515869 13.320682883262633 15.206341743469237 13.024390339851378 14.325609803199766 87.214389801025391 20.255609631538391
leaf_count=33 4 5 4 8 5 6 9 9 77 12
internal_value=-0.000345163 0.00294035 -0.00115105 0.00111298 -0.00174159 0.000603321 -0.00157314 0.00123679 -0.00391282 0.020633
internal_weight=267.825 255.24 235.247 222.148 200.087 186.766 171.56 158.536 123.954 34.5812
internal_count=172 168 163 159 151 146 140 131 110 21
is_linear=0
shrinkage=0.0364312


Tree=231
num_leaves=12
num_cat=0
split_feature=7 18 19 14 6 6 21 23 19 28 10
split_gain=43.9355 37.4609 16.1481 13.9686 8.31257 12.2398 8.32638 11.2885 7.99711 15.56 5.93494
threshold=95.500000000000014 51.500000000000007 66.500000000000014 43.500000000000007 42.500000000000007 34.500000000000007 10.500000000000002 11.653846153846155 9.3571428571428594 284.9501098901099 780.44142857142856
decision_type=2 2 2 2 2 2 2 2 2 2 2
left_child=1 2 3 4 5 6 8 -8 -1 -10 -9
right_child=-2 -3 -4 -5 -6 -7 7 10 9 -11 -12
leaf_value=-0.012755106147361547 -0.066490141913212356 0.050565962432135 -0.040249988646798927 0.022288465660788109 -0.020193559975555084 0.024968453477088041 -0.039712778166427549 -0.0089368730788886817 0.053054490524174575 -0.0016085460763038786 0.01495991294940731
leaf_weight=11.299999952316282 12.585170984268187 19.993196487426758 13.099369287490843 34.929970860481262 30.200000166893005 23.226097583770752 13.999999999999998 66.559023857116699 11.799999713897707 13.639999866485594 16.492439031600952
leaf_count=11 4 5 4 12 15 13 14 60 10 12 12
internal_value=-0.000323784 0.00283895 -0.00109872 0.00107875 -0.00270757 0.000450513 -0.00356935 -0.00935204 0.0107423 0.0225483 -0.00375665
internal_weight=267.825 255.24 235.247 222.148 187.218 157.018 133.791 97.0515 36.74 25.44 83.0515
internal_count=172 168 163 159 147 132 119 86 33 22 72
is_linear=0
shrinkage=0.0364312


Tree=232
num_leaves=14
num_cat=0
split_feature=6 14 24 4 6 4 19 3 21 15 19 26 6
split_gain=25.0479 67.3983 6.81913 20.3224 6.67493 19.0073 12.2198 24.1986 9.44534 16.0518 8.55518 5.48357 4.87878
threshold=73.500000000000014 48.500000000000007 26.34615384615385 862.85857142857151 16.500000000000004 428.10785714285726 11.142857142857144 5.5000000000000009 19.500000000000004 16.500000000000004 12.642857142857144 964.88142857142873 56.000000000000007
decision_type=2 2 2 2 2 2 2 2 2 2 2 2 2
left_child=1 2 3 4 5 6 7 -1 9 -6 -8 -4 -13
right_child=-2 -3 11 -5 8 -7 10 -9 -10 -11 -12 12 -14
leaf_value=-0.0089515217401030037 0.024741996977129688 -0.084728781610749246 0.029895705838876543 -0.047728999757354805 0 -0.040758754261710405 -0.039288759743004567 0.058886377972773553 -0.005346551375145326 0.061325248969316092 0.0049102632875518849 0 0.02491344730738447
leaf_weight=13.899999856948854 51.321378707885742 12.621951103210447 14.771707057952879 12.518292665481566 9.8999998569488543 15.599999904632567 10.000000000000002 12.499999761581419 16.257073163986206 10.539999723434446 10.859999895095823 58.399300932884216 12.659186959266661
leaf_count=13 14 6 8 10 9 15 10 11 14 8 10 39 5
internal_value=0.00187254 -0.00355108 0.00150963 -0.00419511 0.000992707 -0.00583149 0.0050558 0.022009 0.0136004 0.0302861 -0.0147525 0.00935667 0.00454746
internal_weight=261.849 210.528 197.906 112.075 99.5571 62.86 47.26 26.4 36.6971 20.44 20.86 85.8302 71.0585
internal_count=172 158 152 100 90 59 44 24 31 17 20 52 44
is_linear=0
shrinkage=0.0364312


Tree=233
num_leaves=14
num_cat=0
split_feature=6 14 20 14 8 28 17 24 12 23 23 23 16
split_gain=23.2736 62.6215 7.60085 12.872 7.97523 7.67323 16.5425 7.50642 16.342 16.5144 15.5349 12.1324 9.14019
threshold=73.500000000000014 48.500000000000007 13.000000000000002 17.000000000000004 805.28000000000009 1123.1693406593411 75.500000000000014 17.26923076923077 14.500000000000002 10.269230769230772 20.26923076923077 10.80769230769231 14.500000000000002
decision_type=2 2 2 2 2 2 2 2 2 2 2 2 2
left_child=1 2 3 7 -4 -6 -7 8 11 -10 -9 -1 -11
right_child=-2 -3 4 -5 5 6 -8 10 9 12 -12 -13 -14
leaf_value=-0.0063059352169734248 0.023843166356621915 -0.08167723727773181 0.03388782823182783 -0.031712306159808461 0.01665837096597244 -0.037535684679189996 0.015223231281936464 0.044622340123038916 0.0072309754709591325 -0.02064842894672567 -0.0028629825999064991 0.045965723121502024 -0.072014150527537499
leaf_weight=10.59999990463257 51.321378707885742 12.621951103210447 15.597073078155516 18.818292617797852 32.224796772003174 14.285365819931032 16.220032691955566 13.799999713897703 16.199999809265137 18.299999952316288 23.059999704360962 10.799999713897703 7.9999999999999991
leaf_count=10 14 6 12 16 15 11 6 11 15 18 21 9 8
internal_value=0.00179529 -0.00342757 0.00144429 -0.00412736 0.0103841 0.00392359 -0.00841262 0.000719125 -0.00646288 -0.0199149 0.0140834 0.0185968 -0.0378952
internal_weight=261.849 210.528 197.906 119.578 78.3273 62.7302 30.5054 100.76 63.9 42.5 36.86 21.4 26.3
internal_count=172 158 152 108 44 32 17 92 60 41 32 19 26
is_linear=0
shrinkage=0.0364312


Tree=234
num_leaves=14
num_cat=0
split_feature=6 14 20 14 8 28 17 28 28 24 21 25 9
split_gain=21.6196 58.1882 7.0899 11.9477 7.39207 7.11267 15.3858 6.97857 15.8715 15.0069 11.5291 6.73564 20.0015
threshold=73.500000000000014 48.500000000000007 13.000000000000002 17.000000000000004 805.28000000000009 1123.1693406593411 75.500000000000014 351.81824175824187 284.9501098901099 17.961538461538463 7.5000000000000009 304.0384615384616 10.4
decision_type=2 2 2 2 2 2 2 2 2 2 2 2 2
left_child=1 2 3 7 -4 -6 -7 8 10 -9 -1 12 -12
right_child=-2 -3 4 -5 5 6 -8 9 -10 -11 11 -13 -14
leaf_value=0.03687647605544115 0.022976989022802763 -0.078735590740964229 0.032664679794399222 -0.030565864546169458 0.016054216601011438 -0.036182020128184313 0.014673567170236929 0.050354122860546406 -0.039365912525436107 0 0.0092494132233362711 0.017723783699895544 -0.055808594458405469
leaf_weight=10.499999761581419 51.321378707885742 12.621951103210447 15.597073078155516 18.818292617797852 32.224796772003174 14.285365819931032 16.220032691955566 10.239999771118162 14.999999999999998 31.219999551773071 13.899999856948854 9.5999999046325666 10.299999952316282
leaf_count=9 14 6 12 16 15 11 6 8 15 28 13 9 10
internal_value=0.00172374 -0.00330495 0.00138509 -0.00398913 0.0100238 0.00378017 -0.00806878 0.00066767 -0.00697433 0.0124178 0.00330618 -0.00621421 -0.0171842
internal_weight=261.849 210.528 197.906 119.578 78.3273 62.7302 30.5054 100.76 59.3 41.46 44.3 33.8 24.2
internal_count=172 158 152 108 44 32 17 92 56 36 41 32 23
is_linear=0
shrinkage=0.0364312


Tree=235
num_leaves=14
num_cat=0
split_feature=6 14 20 14 8 1 25 24 23 12 23 23 15
split_gain=20.0565 54.0937 6.58551 11.1142 6.85083 6.75719 15.3757 6.66161 14.1292 14.0606 15.2334 11.1632 8.1943
threshold=73.500000000000014 48.500000000000007 13.000000000000002 17.000000000000004 805.28000000000009 52.166666666666679 1234.5897802197803 17.26923076923077 20.26923076923077 14.500000000000002 10.269230769230772 10.80769230769231 14.500000000000002
decision_type=2 2 2 2 2 2 2 2 2 2 2 2 2
left_child=1 2 3 7 -4 6 -6 9 -9 11 -11 -1 -12
right_child=-2 -3 4 -5 5 -7 -8 8 -10 10 12 -13 -14
leaf_value=-0.0067208104935727112 0.02214227966313036 -0.075899890456194039 0.031485679213337114 -0.029460870435878708 0.013690029040379723 0.018746759298589245 -0.032464794470561963 0.042403318763681849 -0.0028383874135898507 0.007429321744119457 -0.019417664369845346 0.043407185047907033 -0.068284346451443892
leaf_weight=10.59999990463257 51.321378707885742 12.621951103210447 15.597073078155516 18.818292617797852 21.677804946899414 24.701170802116394 16.351219534873962 13.799999713897703 23.059999704360962 16.199999809265137 18.299999952316288 10.799999713897703 7.9999999999999991
leaf_count=10 14 6 12 16 11 10 11 11 21 15 18 9 8
internal_value=0.0016689 -0.00316923 0.00134665 -0.00382512 0.00967658 0.00364199 -0.00529461 0.000654591 0.0132626 -0.00609028 -0.0185941 0.0170901 -0.0358879
internal_weight=261.849 210.528 197.906 119.578 78.3273 62.7302 38.029 100.76 36.86 63.9 42.5 21.4 26.3
internal_count=172 158 152 108 44 32 22 92 32 60 41 19 26
is_linear=0
shrinkage=0.0364312


Tree=236
num_leaves=14
num_cat=0
split_feature=6 14 20 14 10 1 25 24 23 12 23 14 16
split_gain=18.6312 50.2641 6.14503 10.3155 6.34828 6.2676 14.2943 6.16923 13.1526 13.0377 14.2228 10.4434 7.55679
threshold=73.500000000000014 48.500000000000007 13.000000000000002 17.000000000000004 878.79142857142858 52.166666666666679 1234.5897802197803 17.26923076923077 20.26923076923077 14.500000000000002 10.269230769230772 4.5000000000000009 14.500000000000002
decision_type=2 2 2 2 2 2 2 2 2 2 2 2 2
left_child=1 2 3 7 -4 6 -6 9 -9 11 -11 -1 -12
right_child=-2 -3 4 -5 5 -7 -8 8 -10 10 12 -13 -14
leaf_value=-0.011547726621604849 0.021337896229726091 -0.073166322273118672 0.030349233987132448 -0.028395820666117573 0.013194614738818427 0.018067797774814424 -0.031292507548624275 0.040874653759008138 -0.0027356304540007651 0.0071610746020509802 -0.018715842956928637 0.037804954966966307 -0.065841158914433748
leaf_weight=8.5999999046325701 51.321378707885742 12.621951103210447 15.597073078155516 18.818292617797852 21.677804946899414 24.701170802116394 16.351219534873962 13.799999713897703 23.059999704360962 16.199999809265137 18.299999952316288 12.799999713897703 7.9999999999999991
leaf_count=8 14 6 12 16 11 10 11 11 21 15 18 11 8
internal_value=0.00160214 -0.00305574 0.00129116 -0.00369781 0.00934228 0.00350931 -0.00507123 0.000605487 0.012751 -0.00587202 -0.0179267 0.0164179 -0.0346458
internal_weight=261.849 210.528 197.906 119.578 78.3273 62.7302 38.029 100.76 36.86 63.9 42.5 21.4 26.3
internal_count=172 158 152 108 44 32 22 92 32 60 41 19 26
is_linear=0
shrinkage=0.0364312


Tree=237
num_leaves=14
num_cat=0
split_feature=6 15 6 19 20 14 12 0 3 3 21 0 1
split_gain=17.3076 46.7989 6.57739 7.94514 7.20821 9.57354 5.79334 18.7943 14.5269 14.5062 12.3211 5.288 5.19246
threshold=73.500000000000014 73.500000000000014 61.500000000000007 56.357142857142868 13.000000000000002 17.000000000000004 21.500000000000004 23.500000000000004 15.000000000000002 10.500000000000002 10.500000000000002 32.500000000000007 42.000000000000007
decision_type=2 2 2 2 2 2 2 2 2 2 2 2 2
left_child=1 2 3 4 5 6 9 8 -8 10 -1 -6 -13
right_child=-2 -3 -4 -5 11 -7 7 -9 -10 -11 -12 12 -14
leaf_value=0.018166108620943193 0.020562729678948899 -0.0729739519803973 0.028046013164675677 -0.031025622441834717 0.031314964507913004 -0.027369272933411404 0.0063144800851389609 -0.020548319663672435 0.066928732277190733 -0.041781312954413001 -0.01776646304074005 -0.0092605368076661004 0.015760594322301928
leaf_weight=28.999999523162842 51.321378707885742 11.817072987556456 11.225040674209593 10.524390339851378 14.597073078155516 18.818292617797852 14.75999975204468 13.599999904632567 9.5399997234344465 11.999999999999998 21.859999895095825 17.765609860420227 25.020032525062561
leaf_count=26 14 6 4 6 11 16 13 13 7 12 21 13 10
internal_value=0.00153768 -0.00294653 0.00109391 -0.000355428 0.0012968 -0.00357548 0.0005577 0.0120887 0.0317871 -0.00585602 0.00203538 0.0120363 0.00456716
internal_weight=261.849 210.528 198.71 187.485 176.961 119.578 100.76 37.9 24.3 62.86 50.86 57.3827 42.7856
internal_count=172 158 152 148 142 108 92 33 20 59 47 34 23
is_linear=0
shrinkage=0.0364312


Tree=238
num_leaves=14
num_cat=0
split_feature=6 15 6 8 0 1 12 25 1 3 2 17 2
split_gain=16.0772 43.4891 6.11481 7.42428 16.5205 9.19239 8.89759 10.395 8.70446 9.20201 14.3534 7.03273 7.28957
threshold=73.500000000000014 73.500000000000014 61.500000000000007 940.69714285714292 51.500000000000007 20.166666666666668 14.500000000000002 270.64489010989013 11.333333333333334 11.500000000000002 24.500000000000004 42.000000000000007 31.000000000000004
decision_type=2 2 2 2 2 2 2 2 2 2 2 2 2
left_child=1 2 3 5 -5 6 7 -1 -8 -10 -11 12 -7
right_child=-2 -3 -4 4 -6 11 8 -9 9 10 -12 -13 -14
leaf_value=-0.0073341567870351372 0.019815725383540442 -0.070347799622850496 0.027037353385844627 -0.037338047830968155 0.0066133708965045871 0.0059564820032742272 -0.033509882319524814 0.041065117924629427 0.013956063070843738 -0.054453305102610948 0.0013573764854703295 0.0028112956105233551 0.049317427082124013
leaf_weight=10.59999990463257 51.321378707885742 11.817072987556456 11.225040674209593 20.732927083969116 22.483447194099426 12.239999771118166 17 10.799999713897703 22.059999704360962 9.0000000000000018 15.05999970436096 34.9670729637146 12.541951179504393
leaf_count=10 14 6 4 12 11 10 17 9 20 9 13 30 7
internal_value=0.00147615 -0.00284055 0.0010482 -0.000342742 -0.0137269 0.00343618 -0.00397634 0.0155944 -0.0111804 -0.00212037 -0.0182886 0.0144851 0.0294525
internal_weight=261.849 210.528 198.71 187.485 43.2164 144.269 84.52 21.4 63.12 46.12 24.06 59.749 24.782
internal_count=172 158 152 148 23 125 78 19 59 42 22 47 17
is_linear=0
shrinkage=0.0364312


Tree=239
num_leaves=11
num_cat=0
split_feature=11 4 2 15 11 19 19 11 3 7
split_gain=15.0024 24.835 22.3948 20.3549 13.4938 7.28989 10.7983 7.8471 6.75932 1.61005
threshold=82.500000000000014 1865.5028571428577 87.500000000000014 56.000000000000007 34.500000000000007 33.071428571428577 31.285714285714288 26.500000000000004 18.500000000000004 54.500000000000007
decision_type=2 2 2 2 2 2 2 2 2 2
left_child=1 2 3 4 5 6 7 8 -1 -6
right_child=-2 -3 -4 -5 9 -7 -8 -9 -10 -11
leaf_value=-0.0034338694335101254 0.026241113898590834 -0.031608451321286785 0.054531463764587514 -0.036791238661403741 0.012628649508381034 -0.034891217714966144 0.035351003937221862 -0.035197528393667507 0.023441770177388098 0.031621292059317026
leaf_weight=90.25999903678894 28.798698902130127 31.482113838195801 10.483200073242186 17.753658294677734 22.394390344619751 7.9999999999999991 10.752439022064207 8.8599998950958234 14.239999771118162 18.824390411376953
leaf_count=84 8 12 2 10 14 8 6 8 12 8
internal_value=0.00143613 -0.00149483 0.00305598 1.1186e-05 0.00400839 -0.00143013 0.000485941 -0.00255664 0 0.0222218
internal_weight=261.849 233.05 201.568 191.085 173.331 132.112 124.112 113.36 104.5 41.2188
internal_count=172 164 152 150 140 118 110 104 96 22
is_linear=0
shrinkage=0.0364312


Tree=240
num_leaves=13
num_cat=0
split_feature=28 23 25 4 12 21 3 22 2 28 8 21
split_gain=66.5397 42.8172 87.1989 42.5823 10.0778 9.34008 12.5544 11.7107 10.9363 13.6916 7.69177 18.2979
threshold=1986.071373626374 73.884615384615401 1834.5732417582419 2132.7871428571434 66.500000000000014 24.500000000000004 18.500000000000004 13.500000000000002 12.000000000000002 244.47131868131871 685.31142857142868 37.500000000000007
decision_type=2 2 2 2 2 2 2 2 2 2 2 2
left_child=1 2 3 4 5 6 8 -7 -1 -10 -9 -12
right_child=-2 -3 -4 -5 -6 7 -8 10 9 -11 11 -13
leaf_value=0.038699275085449951 0.08474038549150284 -0.061882375740106736 0.085001095807422114 -0.056399560156968169 0.020239434797436003 -0.04547332188610561 0.027210545915772662 0.017261078942395831 -0.039882855089045766 0.00014062736807353651 -0.043084038688167778 0.0027579957209173402
leaf_weight=7.5999999046325675 12.295212745666502 14.559122085571287 15.634666442871092 18.420487999916077 31.052722096443176 11.859999895095823 24.949512004852295 14.257073163986204 13.299999952316282 62.059999227523804 16.909512400627136 32.019057035446167
leaf_count=7 4 6 3 7 11 11 15 12 13 57 13 17
internal_value=0.00236667 -0.00140268 0.00204144 -0.00343959 0.000992189 -0.0020987 0.00453274 -0.0120858 -0.00190581 -0.00652693 -0.00518102 -0.0124589
internal_weight=274.917 262.622 248.063 232.428 214.008 182.955 107.91 75.0456 82.96 75.36 63.1856 48.9286
internal_count=176 172 166 163 156 145 92 53 77 70 42 30
is_linear=0
shrinkage=0.0364312


Tree=241
num_leaves=14
num_cat=0
split_feature=28 23 25 10 12 21 20 17 3 1 25 23 24
split_gain=61.8188 39.7985 80.9923 39.581 9.34575 8.67621 11.7713 11.0204 13.9466 19.1197 13.5946 5.69809 10.0424
threshold=1986.071373626374 73.884615384615401 1834.5732417582419 1916.7485714285722 66.500000000000014 24.500000000000004 11.000000000000002 51.000000000000007 26.500000000000004 42.000000000000007 676.54450549450564 20.26923076923077 17.26923076923077
decision_type=2 2 2 2 2 2 2 2 2 2 2 2 2
left_child=1 2 3 4 5 6 11 10 -9 -10 -7 12 -1
right_child=-2 -3 -4 -5 -6 7 -8 8 9 -11 -12 -13 -14
leaf_value=-0.0023229174524836537 0.081689343875424092 -0.059650262689103263 0.081932995323065888 -0.054360982991251285 0.019505532015676189 -0.0017436692514607457 0.04338238412753475 0.026748177556289839 -0.04680922563364448 0.0030751491086139595 -0.068535066849598827 -0.020315786151567421 0.026651697179646452
leaf_weight=63.899999380111694 12.295212745666502 14.559122085571287 15.634666442871092 18.420487999916077 31.052722096443176 9.3970732688903826 9.2521948814392072 14.573414683341978 15.19609761238098 27.019057035446167 8.8599998950958234 14.439024448394774 20.318292379379272
leaf_count=60 4 6 3 7 11 8 5 12 13 12 8 12 15
internal_value=0.0022902 -0.00133828 0.00197739 -0.00329977 0.000967295 -0.00200276 0.00438059 -0.0116335 -0.00301266 -0.0141621 -0.0363277 0.000313334 0.00429025
internal_weight=274.917 262.622 248.063 232.428 214.008 182.955 107.91 75.0456 56.7886 42.2152 18.2571 98.6573 84.2183
internal_count=176 172 166 163 156 145 92 53 37 25 16 87 75
is_linear=0
shrinkage=0.0364312


Tree=242
num_leaves=10
num_cat=0
split_feature=28 0 18 6 19 28 7 4 25
split_gain=57.4522 9.84842 42.3618 23.0686 18.1387 28.8843 11.9664 11.6308 7.62709
threshold=1986.071373626374 82.500000000000014 51.500000000000007 69.000000000000014 8.0000000000000018 206.53835164835166 66.500000000000014 1676.3742857142861 1568.9887362637364
decision_type=2 2 2 2 2 2 2 2 2
left_child=1 2 3 4 -1 -6 7 8 -7
right_child=-2 -3 -4 -5 5 6 -8 -9 -10
leaf_value=0.05970050082813249 0.078748155799043526 -0.026358528424505326 0.069484626943302832 -0.038797305886866917 -0.078818883232708123 -0.00096141985338700953 0.031697761464974515 -0.036962034486993353 0.02810148597316238
leaf_weight=6.5999999046325675 12.295212745666502 19.188813209533691 11.176682710647581 21.182458519935608 5.9999999999999991 158.80829179286957 15.753190398216246 11.202959418296812 12.70975625514984
leaf_count=6 4 5 3 8 6 128 5 6 5
internal_value=0.00220274 -0.00129058 0.000557609 -0.00265154 0.000835933 -0.000935741 0.00130018 -0.00115403 0.00101216
internal_weight=274.917 262.622 243.433 232.257 211.074 204.474 198.474 182.721 171.518
internal_count=176 172 167 164 156 150 144 139 133
is_linear=0
shrinkage=0.0364312


Tree=243
num_leaves=10
num_cat=0
split_feature=28 23 24 4 7 4 20 25 26
split_gain=53.3927 38.034 74.4641 35.6614 7.56451 10.708 11.301 26.0963 5.16977
threshold=1986.071373626374 73.884615384615401 68.807692307692321 2132.7871428571434 66.500000000000014 1676.3742857142861 36.000000000000007 1185.2631868131868 1134.3699450549452
decision_type=2 2 2 2 2 2 2 2 2
left_child=1 2 3 4 5 6 7 8 -1
right_child=-2 -3 -4 -5 -6 -7 -8 -9 -10
leaf_value=0 0.075912857719959551 -0.058252365289824554 0.078661390725796296 -0.051530310028367179 0.02062350644303481 -0.035632750504515781 0.033928676251550598 -0.056396225912594584 0.022822566713736555
leaf_weight=142.05536472797394 12.295212745666502 14.559122085571287 15.634666442871092 18.420487999916077 23.252722024917603 11.202959418296812 12.602439165115355 10.682926774024962 14.211463570594786
leaf_count=118 4 6 3 7 7 6 6 10 9
internal_value=0.00211955 -0.00124342 0.00199499 -0.00305901 0.000983366 -0.00124296 0.00073689 -0.00158847 0.00198567
internal_weight=274.917 262.622 248.063 232.428 214.008 190.755 179.552 166.95 156.267
internal_count=176 172 166 163 156 149 143 137 127
is_linear=0
shrinkage=0.0364312


Tree=244
num_leaves=10
num_cat=0
split_feature=28 0 14 4 10 15 7 20 9
split_gain=49.6184 9.59155 38.9099 18.7328 10.0974 15.7477 10.1104 25.227 16.1189
threshold=1986.071373626374 82.500000000000014 60.500000000000007 2132.7871428571434 1652.0842857142859 56.000000000000007 54.500000000000007 24.500000000000004 34.300000000000004
decision_type=2 2 2 2 2 2 2 2 2
left_child=1 2 3 4 5 6 7 8 -1
right_child=-2 -3 -4 -5 -6 -7 -8 -9 -10
leaf_value=0.0050270862030419514 0.073179651627682599 -0.025941176267294464 0.066770791241468758 -0.046911660674578554 0.026362042581861356 -0.035004058491719468 0.022408635601624441 -0.049863202128856046 -0.04427976612083738
leaf_weight=137.73999893665314 12.295212745666502 19.188813209533691 11.148799896240233 11.7804878950119 17.546978950500488 17.753658294677734 24.70146369934082 13.56585371494293 9.1960976123809797
leaf_count=117 4 5 2 5 5 10 10 11 7
internal_value=0.00204065 -0.0011966 0.00062586 -0.00243949 0 -0.00233355 0.000636183 -0.00251601 0.00166456
internal_weight=274.917 262.622 243.433 232.285 220.504 202.957 185.203 160.502 146.936
internal_count=176 172 167 165 160 155 145 135 124
is_linear=0
shrinkage=0.0364312


Tree=245
num_leaves=14
num_cat=0
split_feature=28 23 24 4 12 27 3 3 27 17 3 1 25
split_gain=46.1148 34.3492 68.654 31.1681 8.02902 7.63701 10.9631 10.8521 14.925 10.386 12.7026 15.8259 12.2751
threshold=1986.071373626374 73.884615384615401 68.807692307692321 2132.7871428571434 66.500000000000014 24.500000000000004 18.500000000000004 10.500000000000002 16.500000000000004 51.000000000000007 26.500000000000004 42.000000000000007 676.54450549450564
decision_type=2 2 2 2 2 2 2 2 2 2 2 2 2
left_child=1 2 3 4 5 6 7 -1 -9 12 -11 -12 -7
right_child=-2 -3 -4 -5 -6 9 -8 8 -10 10 11 -13 -14
leaf_value=0.0071422100769559134 0.070544849222705194 -0.055336697473658554 0.075534160273469791 -0.04824532196147456 0.018031319910864641 -0.0018269707615906163 0.025277041003334246 -0.044527428845740923 0.0062831806313556702 0.025818126899711982 -0.042933793013470466 0.0023289749057928905 -0.065535654564925994
leaf_weight=54.459999322891235 12.295212745666502 14.559122085571287 15.634666442871092 18.420487999916077 31.052722096443176 9.3970732688903826 24.949512004852295 15.59999990463257 12.899999856948851 14.573414683341978 15.19609761238098 27.019057035446167 8.8599998950958234
leaf_count=50 4 6 3 7 11 8 15 15 12 12 13 12 8
internal_value=0.00196155 -0.00115466 0.00191623 -0.00293088 0.000837718 -0.00190313 0.00407084 -0.00192252 -0.0204032 -0.0109457 -0.00256483 -0.013237 -0.034903
internal_weight=274.917 262.622 248.063 232.428 214.008 182.955 107.91 82.96 28.5 75.0456 56.7886 42.2152 18.2571
internal_count=176 172 166 163 156 145 92 77 27 53 37 25 16
is_linear=0
shrinkage=0.0364312


end of trees

feature_importances:
temp_max_x_casos_lag1=239
casos_dengue_lag_3=237
casos_dengue_lag_2=185
casos_lag_4=179
tendencia_lag2=179
roll_min_3=163
roll_mean_13=151
casos_dengue_lag_1=144
roll_max_3=132
roll_mean_7=127
roll_mean_3=120
temp_min_x_casos_lag1=118
roll_min_26=118
roll_min_5=112
roll_max_5=95
roll_mean_5=93
roll_max_13=72
roll_max_7=71
temp_x_tendencia=65
roll_min_13=64
temp_x_casos_lag1=55
roll_min_7=54
temp_min_x_tendencia=46
temp_max_x_tendencia=40
casos_dengue_lag_4=28
casos_lag_2=22
casos_lag_3=17
casos_lag_1=9
tendencia=7

parameters:
[boosting: gbdt]
[objective: regression]
[metric: l1]
[tree_learner: serial]
[device_type: cpu]
[data_sample_strategy: bagging]
[data: ]
[valid: ]
[num_iterations: 246]
[learning_rate: 0.0364312]
[num_leaves: 14]
[num_threads: -1]
[seed: 42]
[deterministic: 0]
[force_col_wise: 0]
[force_row_wise: 0]
[histogram_pool_size: -1]
[max_depth: 9]
[min_data_in_leaf: 8]
[min_sum_hessian_in_leaf: 0.001]
[bagging_fraction: 0.884028]
[pos_bagging_fraction: 1]
[neg_bagging_fraction: 1]
[bagging_freq: 8]
[bagging_seed: 400]
[bagging_by_query: 0]
[feature_fraction: 0.860878]
[feature_fraction_bynode: 1]
[feature_fraction_seed: 30056]
[extra_trees: 0]
[extra_seed: 12879]
[early_stopping_round: 0]
[early_stopping_min_delta: 0]
[first_metric_only: 0]
[max_delta_step: 0]
[lambda_l1: 0.952051]
[lambda_l2: 0.145691]
[linear_lambda: 0]
[min_gain_to_split: 0.499236]
[drop_rate: 0.1]
[max_drop: 50]
[skip_drop: 0.5]
[xgboost_dart_mode: 0]
[uniform_drop: 0]
[drop_seed: 17869]
[top_rate: 0.2]
[other_rate: 0.1]
[min_data_per_group: 100]
[max_cat_threshold: 32]
[cat_l2: 10]
[cat_smooth: 10]
[max_cat_to_onehot: 4]
[top_k: 20]
[monotone_constraints: ]
[monotone_constraints_method: basic]
[monotone_penalty: 0]
[feature_contri: ]
[forcedsplits_filename: ]
[refit_decay_rate: 0.9]
[cegb_tradeoff: 1]
[cegb_penalty_split: 0]
[cegb_penalty_feature_lazy: ]
[cegb_penalty_feature_coupled: ]
[path_smooth: 0]
[interaction_constraints: ]
[verbosity: -1]
[saved_feature_importance_type: 0]
[use_quantized_grad: 0]
[num_grad_quant_bins: 4]
[quant_train_renew_leaf: 0]
[stochastic_rounding: 1]
[linear_tree: 0]
[max_bin: 255]
[max_bin_by_feature: ]
[min_data_in_bin: 3]
[bin_construct_sample_cnt: 200000]
[data_random_seed: 175]
[is_enable_sparse: 1]
[enable_bundle: 1]
[use_missing: 1]
[zero_as_missing: 0]
[feature_pre_filter: 1]
[pre_partition: 0]
[two_round: 0]
[header: 0]
[label_column: ]
[weight_column: ]
[group_column: ]
[ignore_column: ]
[categorical_feature: ]
[forcedbins_filename: ]
[precise_float_parser: 0]
[parser_config_file: ]
[objective_seed: 16083]
[num_class: 1]
[is_unbalance: 0]
[scale_pos_weight: 1]
[sigmoid: 1]
[boost_from_average: 1]
[reg_sqrt: 0]
[alpha: 0.9]
[fair_c: 1]
[poisson_max_delta_step: 0.7]
[tweedie_variance_power: 1.5]
[lambdarank_truncation_level: 30]
[lambdarank_norm: 1]
[label_gain: ]
[lambdarank_position_bias_regularization: 0]
[eval_at: ]
[multi_error_top_k: 1]
[auc_mu_weights: ]
[num_machines: 1]
[local_listen_port: 12400]
[time_out: 120]
[machine_list_filename: ]
[machines: ]
[gpu_platform_id: -1]
[gpu_device_id: -1]
[gpu_use_dp: 0]
[num_gpu: 1]

end of parameters

pandas_categorical:[]
