tree
version=v4
num_class=1
num_tree_per_iteration=1
label_index=0
max_feature_idx=11
objective=regression_l1
feature_names=casos_lag_1 casos_dengue_lag_2 casos_dengue_lag_1 casos_lag_2 casos_lag_3 casos_dengue_lag_4 casos_dengue_lag_3 casos_lag_4 casos_dengue_lag_5 casos_lag_5 casos_lag_8 casos_dengue_lag_6
feature_infos=[0:106] [0:106] [0:106] [0:106] [0:106] [0:106] [0:106] [0:106] [0:106] [0:106] [0:106] [0:106]
tree_sizes=498 522 522 521 523 525 524 523 524 524 610 526 610 526 526 528 616 529 617 529 518 517 518 610 619 611 526 525 526 527 611 611 613 529 615 630 629 630 615 617 709 791 791 779 796 613 610 625 628 630 694 693 684 683 700 610 630 630 612 549 622 614 622 624 623 614 615 614 613 613 630 712 711 623 651 704 711 716 710 697 709 715 716 786 715 519 516 516 516 516 711 714 712 696 817 614 615 631 617 633 712 713 785 714 712 719 701 772 688 766 727 729 812 812 704 710 785 709 708 709 551 551 550 549 636 713 715 713 714 716 629 651 631 653 551 534 535 535 533 535 636 634 638 632 631 647 735 547 549 549 554 610 736 619 653 540 552 537 554 539 723 726 727 628 754 731 628 637 551 727 532 532 643 630 662 756 633 607 606 606 616 881 551 535 569 756 654 654 642 755 561 574 719 727 658 564 754 637 549 800 550 549 551 538 553 738 639 551 739 689 544 559 544 651 652 568 571 567 550 653 545 650 649 650 649 712 789 683 710 797 630 630 629 635 631 567 567 653 660 645 651 653 650 569 653 622 656 655 656 657 756 673 657 556 744 653 657 753 615 727 548 552 550 546 653 728 568 568 653 705 633 654 569 653 572 546 540 539 632 550 711 548 551 548 548 519 610 549 550 608 737 728 643 645 645 650 753 751 751 649 618 618 619 531 720 603 569 618 910 623 520 521 522 524 523 603 754 757 752 706 571 649 649 676 552 637 625 717 714 641 725 800 799 553 696 617 618 615 613 614 545 556 794 558 658 610 560 627 559 625 662 569 670 554 553 632 704 704 631 714 522 558 541 558 541 561 750 652 749 745 612 620 611 620 611 632 631 631 551 689 649 555 573 569 570 552 546 644 735 737 724 741 730 647 728 553 555 624 627 626 624 607 626 539 624 564 560 565 661 565 657 551 549 551 550 638 529 539 623 539 708 558 747 543 651 654 652 656 556 555 571 612 571 612 571 549 558 559 564 745 627 664 663 559 641 631 817 739 559 570 663 662 547 728 727 789 778 553 556 556 652 641 737 742 738 571 565 561 642 561 545 710 563 546 637 543 733 734 728 725 741 552 743 827 668 639 634 626 626 722 714 714 640 640 557 708 711 755 755 753

Tree=0
num_leaves=4
num_cat=0
split_feature=0 3 0
split_gain=120.974 4.75056 1.49373
threshold=18.500000000000004 15.500000000000002 25.500000000000004
decision_type=2 2 2
left_child=1 -1 -2
right_child=2 -3 -4
leaf_value=18.192122828561459 18.443588963727173 18.343002509660888 18.835689873325695
leaf_weight=72 21.350000023841858 19 82.350000858306885
leaf_count=72 21 19 68
internal_value=18.4011 18.3874 18.4134
internal_weight=194.7 91 103.7
internal_count=180 91 89
is_linear=0
shrinkage=1


Tree=1
num_leaves=4
num_cat=0
split_feature=2 1 2
split_gain=120.974 4.75056 1.49373
threshold=18.500000000000004 15.500000000000002 25.500000000000004
decision_type=2 2 2
left_child=1 -1 -2
right_child=2 -3 -4
leaf_value=-0.20439373381093429 0.042856720212433599 -0.056043461396913574 0.42838428978884452
leaf_weight=72 21.350000023841858 19 82.350000858306885
leaf_count=72 21 19 68
internal_value=0.00105113 -0.0126369 0.0134442
internal_weight=194.7 91 103.7
internal_count=180 91 89
is_linear=0
shrinkage=0.0167644


Tree=2
num_leaves=4
num_cat=0
split_feature=0 1 0
split_gain=114.832 4.26267 1.13793
threshold=18.500000000000004 15.500000000000002 25.500000000000004
decision_type=2 2 2
left_child=1 -1 -2
right_child=2 -3 -4
leaf_value=-0.20096719365803259 0.042138252625920324 -0.055103925887660846 0.42120268034091718
leaf_weight=72 21.350000023841858 19 82.350000858306885
leaf_count=72 21 19 68
internal_value=0.00105113 -0.0122794 0.0131293
internal_weight=194.7 91 103.7
internal_count=180 91 89
is_linear=0
shrinkage=0.0167644


Tree=3
num_leaves=4
num_cat=0
split_feature=0 1 0
split_gain=114.832 4.26267 1.13793
threshold=18.500000000000004 15.500000000000002 25.500000000000004
decision_type=2 2 2
left_child=1 -1 -2
right_child=2 -3 -4
leaf_value=-0.19759809742574691 0.041431829723888522 -0.05418014113596565 0.41414146633113252
leaf_weight=72 21.350000023841858 19 82.350000858306885
leaf_count=72 21 19 68
internal_value=0.00105113 -0.0122794 0.0131293
internal_weight=194.7 91 103.7
internal_count=180 91 89
is_linear=0
shrinkage=0.0167644


Tree=4
num_leaves=4
num_cat=0
split_feature=0 3 3
split_gain=111.967 4.26267 2.61166
threshold=18.500000000000004 15.500000000000002 31.000000000000004
decision_type=2 2 2
left_child=1 -1 -2
right_child=2 -3 -4
leaf_value=-0.19428548210069688 0.082155355846788347 -0.053271843089686043 0.53479439914507232
leaf_weight=72 37.700000047683716 19 66.000000834465027
leaf_count=72 37 19 52
internal_value=0.000881338 -0.0122794 0.0128144
internal_weight=194.7 91 103.7
internal_count=180 91 89
is_linear=0
shrinkage=0.0167644


Tree=5
num_leaves=4
num_cat=0
split_feature=0 1 0
split_gain=114.582 9.07405 2.42142
threshold=21.500000000000004 15.500000000000002 31.000000000000004
decision_type=2 2 2
left_child=1 -1 -2
right_child=2 -3 -4
leaf_value=-0.15749958279175716 0.12348307083584556 -0.015357122609919949 0.47305204781083304
leaf_weight=81 29.350000023841858 29 69.500000834465027
leaf_count=81 29 29 55
internal_value=0.000200526 -0.0112511 0.0132857
internal_weight=208.85 110 98.85
internal_count=194 110 84
is_linear=0
shrinkage=0.0167644


Tree=6
num_leaves=4
num_cat=0
split_feature=2 1 2
split_gain=111.481 9.07405 1.88889
threshold=21.500000000000004 15.500000000000002 31.000000000000004
decision_type=2 2 2
left_child=1 -1 -2
right_child=2 -3 -4
leaf_value=-0.15485919536676676 0.12141295013041328 -0.01509966952525444 0.46512160979781864
leaf_weight=81 29.350000023841858 29 69.500000834465027
leaf_count=81 29 29 55
internal_value=4.20852e-05 -0.0112511 0.0129558
internal_weight=208.85 110 98.85
internal_count=194 110 84
is_linear=0
shrinkage=0.0167644


Tree=7
num_leaves=4
num_cat=0
split_feature=2 1 2
split_gain=111.481 9.07405 1.88889
threshold=21.500000000000004 15.500000000000002 31.000000000000004
decision_type=2 2 2
left_child=1 -1 -2
right_child=2 -3 -4
leaf_value=-0.15226307247651655 0.11937753377518913 -0.0148465324894014 0.45732412089129115
leaf_weight=81 29.350000023841858 29 69.500000834465027
leaf_count=81 29 29 55
internal_value=4.20852e-05 -0.0112511 0.0129558
internal_weight=208.85 110 98.85
internal_count=194 110 84
is_linear=0
shrinkage=0.0167644


Tree=8
num_leaves=4
num_cat=0
split_feature=0 1 0
split_gain=108.803 8.39572 1.88889
threshold=21.500000000000004 15.500000000000002 31.000000000000004
decision_type=2 2 2
left_child=1 -1 -2
right_child=2 -3 -4
leaf_value=-0.14971047205224147 0.1173762399722517 -0.014597639146353284 0.44965735227805181
leaf_weight=81 29.350000023841858 29 69.500000834465027
leaf_count=81 29 29 55
internal_value=0.000200526 -0.0109537 0.0129558
internal_weight=208.85 110 98.85
internal_count=194 110 84
is_linear=0
shrinkage=0.0167644


Tree=9
num_leaves=4
num_cat=0
split_feature=0 1 0
split_gain=108.803 8.39572 1.88889
threshold=21.500000000000004 15.500000000000002 31.000000000000004
decision_type=2 2 2
left_child=1 -1 -2
right_child=2 -3 -4
leaf_value=-0.14720066446552069 0.11540849667717801 -0.01435291835310816 0.44211911250963781
leaf_weight=81 29.350000023841858 29 69.500000834465027
leaf_count=81 29 29 55
internal_value=0.000200526 -0.0109537 0.0129558
internal_weight=208.85 110 98.85
internal_count=194 110 84
is_linear=0
shrinkage=0.0167644


Tree=10
num_leaves=5
num_cat=0
split_feature=0 1 0 10
split_gain=116.035 6.4181 4.46168 1.06468
threshold=18.500000000000004 15.500000000000002 31.000000000000004 24.500000000000004
decision_type=2 2 2 2
left_child=1 -1 3 -2
right_child=2 -3 -4 -5
leaf_value=-0.1447329323197227 0.0065746543237952242 -0.00084072263963008308 0.48748408616607869 0.10878044707283623
leaf_weight=79 18 20 72.900000929832458 18.350000023841858
leaf_count=79 18 20 57 18
internal_value=0.000471212 -0.0123025 0.0124114 0.00515622
internal_weight=208.25 99 109.25 36.35
internal_count=192 99 93 36
is_linear=0
shrinkage=0.0167644


Tree=11
num_leaves=4
num_cat=0
split_feature=1 10 1
split_gain=107.355 9.19049 5.01575
threshold=18.500000000000004 24.500000000000004 12.500000000000002
decision_type=2 2 2
left_child=2 -2 -1
right_child=1 -3 -4
leaf_value=-0.14230657024494661 0.03426088631715167 0.47931170355921382 -0.039055316081487504
leaf_weight=73 30.700000047683716 79.550000905990601 25
leaf_count=73 30 64 25
internal_value=0.000471212 0.0118566 -0.0119254
internal_weight=208.25 110.25 98
internal_count=192 94 98
is_linear=0
shrinkage=0.0167644


Tree=12
num_leaves=5
num_cat=0
split_feature=2 1 2 10
split_gain=116.035 6.4181 4.46168 1.06468
threshold=18.500000000000004 15.500000000000002 31.000000000000004 24.500000000000004
decision_type=2 2 2 2
left_child=1 -1 3 -2
right_child=2 -3 -4 -5
leaf_value=-0.13992088469640093 0.0071191734224506599 -0.001400991932736228 0.47127632611696518 0.097372312908104261
leaf_weight=79 18 20 72.900000929832458 18.350000023841858
leaf_count=79 18 20 57 18
internal_value=0.000471212 -0.0123025 0.0124114 0.00515622
internal_weight=208.25 99 109.25 36.35
internal_count=192 99 93 36
is_linear=0
shrinkage=0.0167644


Tree=13
num_leaves=4
num_cat=0
split_feature=0 10 1
split_gain=113.203 6.81322 6.4181
threshold=18.500000000000004 21.500000000000004 15.500000000000002
decision_type=2 2 2
left_child=2 -2 -1
right_child=1 -3 -4
leaf_value=-0.13757519375616284 0.014971418185719745 0.40004345195302282 -0.0013775051309546447
leaf_weight=79 22.700000047683716 86.550000905990601 20
leaf_count=79 22 71 20
internal_value=0.00031232 0.0121121 -0.0123025
internal_weight=208.25 109.25 99
internal_count=192 93 99
is_linear=0
shrinkage=0.0167644


Tree=14
num_leaves=4
num_cat=0
split_feature=0 10 1
split_gain=113.203 6.81322 6.4181
threshold=18.500000000000004 21.500000000000004 15.500000000000002
decision_type=2 2 2
left_child=2 -2 -1
right_child=1 -3 -4
leaf_value=-0.13526882693826039 0.014720431207778903 0.39333695990229095 -0.0013544120715245204
leaf_weight=79 22.700000047683716 86.550000905990601 20
leaf_count=79 22 71 20
internal_value=0.00031232 0.0121121 -0.0123025
internal_weight=208.25 109.25 99
internal_count=192 93 99
is_linear=0
shrinkage=0.0167644


Tree=15
num_leaves=4
num_cat=0
split_feature=0 10 1
split_gain=99.3799 12.4494 1.35167
threshold=16.500000000000004 21.500000000000004 14.500000000000002
decision_type=2 2 2
left_child=2 -2 -1
right_child=1 -3 -4
leaf_value=-0.15728226538574422 0.00023076348332106501 0.38301746725883046 -0.03486052417568309
leaf_weight=75 31.700000047683716 79.550000786781311 19
leaf_count=75 31 66 19
internal_value=0.000236233 0.0110174 -0.0120719
internal_weight=205.25 111.25 94
internal_count=191 97 94
is_linear=0
shrinkage=0.0167644


Tree=16
num_leaves=5
num_cat=0
split_feature=0 10 10 0
split_gain=97.5028 14.2078 2.81032 0.216994
threshold=15.500000000000002 21.500000000000004 14.500000000000002 21.500000000000004
decision_type=2 2 2 2
left_child=2 3 -1 -2
right_child=1 -3 -4 -5
leaf_value=-0.14712878978095961 -0.015823225137915189 0.28998030341148628 -0.093052288350627052 -0.0034164267336804451
leaf_weight=68 19 81.550000786781311 18 18.700000047683716
leaf_count=68 19 68 18 18
internal_value=0.000397416 0.0102951 -0.0127822 0.000572209
internal_weight=205.25 119.25 86 37.7
internal_count=191 105 86 37
is_linear=0
shrinkage=0.0167644


Tree=17
num_leaves=4
num_cat=0
split_feature=0 10 1
split_gain=99.3799 12.4494 1.35167
threshold=16.500000000000004 21.500000000000004 14.500000000000002
decision_type=2 2 2
left_child=2 -2 -1
right_child=1 -3 -4
leaf_value=-0.15217899394944503 0.00049216188798774103 0.37173505736779006 -0.033169421762670868
leaf_weight=75 31.700000047683716 79.550000786781311 19
leaf_count=75 31 66 19
internal_value=0.000236233 0.0110174 -0.0120719
internal_weight=205.25 111.25 94
internal_count=191 97 94
is_linear=0
shrinkage=0.0167644


Tree=18
num_leaves=5
num_cat=0
split_feature=11 1 1 10
split_gain=85.8023 10.5688 8.40119 2.60003
threshold=21.500000000000004 31.000000000000004 15.500000000000002 12.500000000000002
decision_type=2 2 2 2
left_child=2 -2 3 -1
right_child=1 -3 -4 -5
leaf_value=-0.14211107167431297 0.022222458741541811 0.4828540018996641 -0.017005540479262372 -0.10518776490001702
leaf_weight=63 29.350000023841858 64.550000786781311 30.350000023841858 18
leaf_count=63 29 51 30 18
internal_value=0 0.0117202 -0.00974441 -0.0125445
internal_weight=205.25 93.9 111.35 81
internal_count=191 80 111 81
is_linear=0
shrinkage=0.0167644


Tree=19
num_leaves=4
num_cat=0
split_feature=0 10 0
split_gain=93.8092 9.85242 6.21055
threshold=18.500000000000004 21.500000000000004 12.500000000000002
decision_type=2 2 2
left_child=2 -2 -1
right_child=1 -3 -4
leaf_value=-0.14364800863296909 0.0048300995465935777 0.35740837684186411 -0.0096251690655137119
leaf_weight=77 27.700000047683716 78.550000786781311 22
leaf_count=77 27 65 22
internal_value=7.50501e-05 0.0110614 -0.0113141
internal_weight=205.25 106.25 99
internal_count=191 92 99
is_linear=0
shrinkage=0.0167644


Tree=20
num_leaves=4
num_cat=0
split_feature=3 10 2
split_gain=84.7221 14.9375 2.69857
threshold=16.500000000000004 21.500000000000004 12.500000000000002
decision_type=2 2 2
left_child=2 -2 -1
right_child=1 -3 -4
leaf_value=-0.13732048957342091 -0.012775039645269593 0.40170986366165518 -0.031351294681177762
leaf_weight=68 26.700000047683716 78.750000834465027 24
leaf_count=68 26 64 24
internal_value=0 0.0100898 -0.0116191
internal_weight=197.45 105.45 92
internal_count=182 90 92
is_linear=0
shrinkage=0.0167644


Tree=21
num_leaves=4
num_cat=0
split_feature=1 10 2
split_gain=84.7221 14.9375 2.69857
threshold=16.500000000000004 21.500000000000004 12.500000000000002
decision_type=2 2 2
left_child=2 -2 -1
right_child=1 -3 -4
leaf_value=-0.1350183927206148 -0.012560873655523943 0.39497543520345901 -0.030825708754116676
leaf_weight=68 26.700000047683716 78.750000834465027 24
leaf_count=68 26 64 24
internal_value=0 0.0100898 -0.0116191
internal_weight=197.45 105.45 92
internal_count=182 90 92
is_linear=0
shrinkage=0.0167644


Tree=22
num_leaves=4
num_cat=0
split_feature=0 10 0
split_gain=86.947 7.24522 6.10106
threshold=19.500000000000004 21.500000000000004 12.500000000000002
decision_type=2 2 2
left_child=2 -2 -1
right_child=1 -3 -4
leaf_value=-0.14059357933943734 -0.016462666589664728 0.37872989556453768 -0.023728441911257822
leaf_weight=72 20.700000047683716 76.750000834465027 28
leaf_count=72 20 62 28
internal_value=0 0.0112298 -0.0107146
internal_weight=197.45 97.45 100
internal_count=182 82 100
is_linear=0
shrinkage=0.0167644


Tree=23
num_leaves=5
num_cat=0
split_feature=0 1 0 4
split_gain=79.1525 8.3333 3.20792 0.984975
threshold=16.500000000000004 34.500000000000007 12.500000000000002 23.500000000000004
decision_type=2 2 2 2
left_child=2 3 -1 -2
right_child=1 -3 -4 -5
leaf_value=-0.13823661107106386 0.017475001194729549 0.4490623586286267 -0.037312455391392711 -0.0054544211834110928
leaf_weight=72 23 61.400000810623169 18 23.050000071525574
leaf_count=72 23 47 18 22
internal_value=0.000429645 0.0102109 -0.0107853 0.00334183
internal_weight=197.45 107.45 90 46.05
internal_count=182 92 90 45
is_linear=0
shrinkage=0.0167644


Tree=24
num_leaves=5
num_cat=0
split_feature=10 0 7 1
split_gain=73.059 15.8405 1.40515 0.761906
threshold=24.500000000000004 12.500000000000002 16.500000000000004 37.500000000000007
decision_type=2 2 2 2
left_child=1 -1 -3 -2
right_child=3 2 -4 -5
leaf_value=-0.12808046580436225 0.019401002858201968 -0.049013210041499194 0.020403397131517065 0.4315996297455606
leaf_weight=70 31.400000095367432 21 26.050000071525574 49.000000715255737
leaf_count=70 30 21 25 36
internal_value=0.000262182 -0.00792365 0 0.012514
internal_weight=197.45 117.05 47.05 80.4
internal_count=182 116 46 66
is_linear=0
shrinkage=0.0167644


Tree=25
num_leaves=5
num_cat=0
split_feature=2 10 11 8
split_gain=90.331 13.4257 2.19613 1.95349
threshold=15.500000000000002 24.500000000000004 18.500000000000004 11.500000000000002
decision_type=2 2 2 2
left_child=3 2 -2 -1
right_child=1 -3 -4 -5
leaf_value=-0.12593327248929242 0.0026213514692949814 0.36724094481084923 -0.020317409494123809 -0.093974494890487856
leaf_weight=64 19 86.550000905990601 19.350000023841858 25
leaf_count=64 19 71 19 25
internal_value=0.00105084 0.0103188 0.000828184 -0.0114509
internal_weight=213.9 124.9 38.35 89
internal_count=198 109 38 89
is_linear=0
shrinkage=0.0167644


Tree=26
num_leaves=4
num_cat=0
split_feature=2 2 3
split_gain=84.4659 9.58095 3.6258
threshold=21.500000000000004 12.500000000000002 31.000000000000004
decision_type=2 2 2
left_child=1 -1 -2
right_child=2 -3 -4
leaf_value=-0.12222780562964569 0.033662403946149333 -0.0092462870139484229 0.42814200345062686
leaf_weight=79 30.700000047683716 36 68.200000882148743
leaf_count=79 30 36 53
internal_value=0.000277095 -0.00920751 0.0116385
internal_weight=213.9 115 98.9
internal_count=198 115 83
is_linear=0
shrinkage=0.0167644


Tree=27
num_leaves=4
num_cat=0
split_feature=0 0 1
split_gain=84.4659 9.58095 3.6258
threshold=21.500000000000004 12.500000000000002 31.000000000000004
decision_type=2 2 2
left_child=1 -1 -2
right_child=2 -3 -4
leaf_value=-0.1201787287035475 0.033098073638100987 -0.0090912784766130645 0.42096445578997121
leaf_weight=79 30.700000047683716 36 68.200000882148743
leaf_count=79 30 36 53
internal_value=0.000277095 -0.00920751 0.0116385
internal_weight=213.9 115 98.9
internal_count=198 115 83
is_linear=0
shrinkage=0.0167644


Tree=28
num_leaves=4
num_cat=0
split_feature=0 0 1
split_gain=84.4659 9.58095 3.6258
threshold=21.500000000000004 12.500000000000002 31.000000000000004
decision_type=2 2 2
left_child=1 -1 -2
right_child=2 -3 -4
leaf_value=-0.11816400334113351 0.032543203994154092 -0.0089388685657977741 0.41390723547399511
leaf_weight=79 30.700000047683716 36 68.200000882148743
leaf_count=79 30 36 53
internal_value=0.000277095 -0.00920751 0.0116385
internal_weight=213.9 115 98.9
internal_count=198 115 83
is_linear=0
shrinkage=0.0167644


Tree=29
num_leaves=4
num_cat=0
split_feature=0 0 1
split_gain=81.7759 9.58095 3.62098
threshold=21.500000000000004 12.500000000000002 40.500000000000007
decision_type=2 2 2
left_child=1 -1 -2
right_child=2 -3 -4
leaf_value=-0.11618305365873999 0.041716322986501034 -0.0087890137170647184 0.48715725620629408
leaf_weight=79 43.400000095367432 36 55.500000834465027
leaf_count=79 42 36 41
internal_value=0.000122347 -0.00920751 0.0113087
internal_weight=213.9 115 98.9
internal_count=198 115 83
is_linear=0
shrinkage=0.0167644


Tree=30
num_leaves=5
num_cat=0
split_feature=2 1 10 1
split_gain=84.03 4.40007 3.67928 0.248296
threshold=21.500000000000004 31.000000000000004 10.500000000000002 11.500000000000002
decision_type=2 2 2 2
left_child=2 -2 -1 -4
right_child=1 -3 3 -5
leaf_value=-0.11582958339858886 0.031298286910883426 0.39880142179013506 -0.037545185636103491 -0.036158680758056685
leaf_weight=63 28.700000047683716 73.350000977516174 18 28
leaf_count=63 28 56 18 28
internal_value=0.000527765 0.0114727 -0.00940181 -0.00401559
internal_weight=211.05 102.05 109 46
internal_count=193 84 109 46
is_linear=0
shrinkage=0.0167644


Tree=31
num_leaves=5
num_cat=0
split_feature=0 3 10 3
split_gain=84.03 4.40007 3.67928 0.248296
threshold=21.500000000000004 31.000000000000004 10.500000000000002 11.500000000000002
decision_type=2 2 2 2
left_child=2 -2 -1 -4
right_child=1 -3 3 -5
leaf_value=-0.11388776888691565 0.030773589627764279 0.39211575164105789 -0.036915762787704143 -0.035552501844528732
leaf_weight=63 28.700000047683716 73.350000977516174 18 28
leaf_count=63 28 56 18 28
internal_value=0.000527765 0.0114727 -0.00940181 -0.00401559
internal_weight=211.05 102.05 109 46
internal_count=193 84 109 46
is_linear=0
shrinkage=0.0167644


Tree=32
num_leaves=5
num_cat=0
split_feature=0 1 10 1
split_gain=78.8849 5.47953 3.67928 0.248296
threshold=21.500000000000004 34.500000000000007 10.500000000000002 11.500000000000002
decision_type=2 2 2 2
left_child=2 -2 -1 -4
right_child=1 -3 3 -5
leaf_value=-0.11197850774793976 0.033354262105762998 0.38554216280087283 -0.036296891841376272 -0.034956485162240987
leaf_weight=63 33.050000071525574 69.000000953674316 18 28
leaf_count=63 32 52 18 28
internal_value=0.000214144 0.0108329 -0.00940181 -0.00401559
internal_weight=211.05 102.05 109 46
internal_count=193 84 109 46
is_linear=0
shrinkage=0.0167644


Tree=33
num_leaves=4
num_cat=0
split_feature=0 1 10
split_gain=76.6076 5.47953 5.01067
threshold=21.500000000000004 34.500000000000007 10.500000000000002
decision_type=2 2 2
left_child=2 -2 -1
right_child=1 -3 -4
leaf_value=-0.11010125424360653 0.032795097613560288 0.37907877629267506 -0.02491790024557064
leaf_weight=63 33.050000071525574 69.000000953674316 46
leaf_count=63 32 52 46
internal_value=0.000370955 0.0108329 -0.00910183
internal_weight=211.05 102.05 109
internal_count=193 84 109
is_linear=0
shrinkage=0.0167644


Tree=34
num_leaves=5
num_cat=0
split_feature=2 10 1 10
split_gain=74.3645 6.43453 5.47953 0.289745
threshold=21.500000000000004 10.500000000000002 34.500000000000007 18.500000000000004
decision_type=2 2 2 2
left_child=1 -1 -2 -3
right_child=2 3 -4 -5
leaf_value=-0.10825547178483738 0.032245307183609309 -0.052121860942855501 0.37272374463949731 -0.0037746402301150092
leaf_weight=63 33.050000071525574 27 69.000000953674316 19
leaf_count=63 32 27 52 19
internal_value=0.000527765 -0.00880184 0.0108329 -0.00264054
internal_weight=211.05 109 102.05 46
internal_count=193 109 84 46
is_linear=0
shrinkage=0.0167644


Tree=35
num_leaves=5
num_cat=0
split_feature=1 1 5 10
split_gain=59.6404 14.9473 4.13671 2.55173
threshold=37.500000000000007 15.500000000000002 23.500000000000004 10.500000000000002
decision_type=2 2 2 2
left_child=1 3 -3 -1
right_child=-2 2 -4 -5
leaf_value=-0.10644063277815247 0.39094065753438262 0.021192313068956987 -0.012735484431748252 -0.051248068747592516
leaf_weight=53 56.750000834465027 30.700000047683716 33.700000047683716 31
leaf_count=53 42 30 33 31
internal_value=0.000389544 -0.00502168 0.000519462 -0.00959899
internal_weight=205.15 148.4 64.4 84
internal_count=189 147 63 84
is_linear=0
shrinkage=0.0167644


Tree=36
num_leaves=5
num_cat=0
split_feature=1 1 5 10
split_gain=59.6404 14.9473 4.13671 2.55173
threshold=37.500000000000007 15.500000000000002 23.500000000000004 10.500000000000002
decision_type=2 2 2 2
left_child=1 3 -3 -1
right_child=-2 2 -4 -5
leaf_value=-0.1046562184748648 0.38438676845242842 0.020837036464778799 -0.012521981561780611 -0.050388925162081606
leaf_weight=53 56.750000834465027 30.700000047683716 33.700000047683716 31
leaf_count=53 42 30 33 31
internal_value=0.000389544 -0.00502168 0.000519462 -0.00959899
internal_weight=205.15 148.4 64.4 84
internal_count=189 147 63 84
is_linear=0
shrinkage=0.0167644


Tree=37
num_leaves=5
num_cat=0
split_feature=3 3 7 10
split_gain=59.6404 14.9473 4.13671 2.55173
threshold=37.500000000000007 15.500000000000002 23.500000000000004 10.500000000000002
decision_type=2 2 2 2
left_child=1 3 -3 -1
right_child=-2 2 -4 -5
leaf_value=-0.10290171882280261 0.37794275144765704 0.020487715862905119 -0.012312057941250154 -0.049544184611037399
leaf_weight=53 56.750000834465027 30.700000047683716 33.700000047683716 31
leaf_count=53 42 30 33 31
internal_value=0.000389544 -0.00502168 0.000519462 -0.00959899
internal_weight=205.15 148.4 64.4 84
internal_count=189 147 63 84
is_linear=0
shrinkage=0.0167644


Tree=38
num_leaves=5
num_cat=0
split_feature=0 1 5 10
split_gain=57.406 13.0091 3.94473 2.55173
threshold=34.500000000000007 15.500000000000002 23.500000000000004 10.500000000000002
decision_type=2 2 2 2
left_child=1 3 -3 -1
right_child=-2 2 -4 -5
leaf_value=-0.10117663232051732 0.35851516812216344 0.016086855090859893 -0.010049379596823983 -0.048713605636099132
leaf_weight=53 62.800000905990601 29.350000023841858 29 31
leaf_count=53 47 29 29 31
internal_value=0.000228284 -0.00546786 8.56929e-06 -0.00959899
internal_weight=205.15 142.35 58.35 84
internal_count=189 142 58 84
is_linear=0
shrinkage=0.0167644


Tree=39
num_leaves=5
num_cat=0
split_feature=0 1 5 10
split_gain=57.406 13.0091 3.94473 2.55173
threshold=34.500000000000007 15.500000000000002 23.500000000000004 10.500000000000002
decision_type=2 2 2 2
left_child=1 3 -3 -1
right_child=-2 2 -4 -5
leaf_value=-0.099480465873935803 0.35250487320709911 0.015817168472415294 -0.0098809076869555233 -0.047896950826812695
leaf_weight=53 62.800000905990601 29.350000023841858 29 31
leaf_count=53 47 29 29 31
internal_value=0.000228284 -0.00546786 8.56929e-06 -0.00959899
internal_weight=205.15 142.35 58.35 84
internal_count=189 142 58 84
is_linear=0
shrinkage=0.0167644


Tree=40
num_leaves=6
num_cat=0
split_feature=0 0 9 5 5
split_gain=60.0991 7.43652 4.35433 1.66509 0.833223
threshold=21.500000000000004 40.500000000000007 11.500000000000002 23.500000000000004 19.500000000000004
decision_type=2 2 2 2 2
left_child=2 3 -1 -2 -4
right_child=1 -3 4 -5 -6
leaf_value=-0.094951031249438739 0.028163715074013149 0.40345050486460565 -0.03967032091132161 -0.021756836080071937 -0.037995422035074972
leaf_weight=66 19.350000023841858 52.050000786781311 24 24.700000047683716 18
leaf_count=66 19 38 24 24 18
internal_value=0.000468509 0.0101368 -0.00782186 0.00348459 -0.00212751
internal_weight=204.1 96.1 108 44.05 42
internal_count=189 81 108 43 42
is_linear=0
shrinkage=0.0167644


Tree=41
num_leaves=7
num_cat=0
split_feature=0 0 9 10 5 5
split_gain=57.8134 9.06873 4.35433 1.48377 0.958581 0.833223
threshold=21.500000000000004 40.500000000000007 11.500000000000002 7.5000000000000009 23.500000000000004 19.500000000000004
decision_type=2 2 2 2 2 2
left_child=2 4 3 -1 -2 -4
right_child=1 -3 5 -5 -6 -7
leaf_value=-0.11298534574257678 0.02769156703524181 0.39668689558534176 -0.039005271425964702 -0.060951430897065166 -0.021392095581239282 -0.037358451239531625
leaf_weight=37 19.350000023841858 52.050000786781311 24 29 24.700000047683716 18
leaf_count=37 19 38 24 29 24 18
internal_value=0.00030643 0.00979768 -0.00782186 -0.0106488 0.00276842 -0.00212751
internal_weight=204.1 96.1 108 66 44.05 42
internal_count=189 81 108 66 43 42
is_linear=0
shrinkage=0.0167644


Tree=42
num_leaves=7
num_cat=0
split_feature=0 0 8 10 5 5
split_gain=57.8134 9.06873 4.35433 1.48377 0.958581 0.833223
threshold=21.500000000000004 40.500000000000007 11.500000000000002 7.5000000000000009 23.500000000000004 19.500000000000004
decision_type=2 2 2 2 2 2
left_child=2 4 3 -1 -2 -4
right_child=1 -3 5 -5 -6 -7
leaf_value=-0.11109121319429362 0.027227334279306188 0.39003667421842642 -0.038351371102192916 -0.059929616179698164 -0.021033469741311889 -0.03673215888293286
leaf_weight=37 19.350000023841858 52.050000786781311 24 29 24.700000047683716 18
leaf_count=37 19 38 24 29 24 18
internal_value=0.00030643 0.00979768 -0.00782186 -0.0106488 0.00276842 -0.00212751
internal_weight=204.1 96.1 108 66 44.05 42
internal_count=189 81 108 66 43 42
is_linear=0
shrinkage=0.0167644


Tree=43
num_leaves=7
num_cat=0
split_feature=1 2 8 2 8 10
split_gain=60.0991 7.43652 5.82551 0.902107 0.824382 0.44435
threshold=21.500000000000004 40.500000000000007 11.500000000000002 28.500000000000004 18.500000000000004 7.5000000000000009
decision_type=2 2 2 2 2 2
left_child=2 3 5 -2 -4 -1
right_child=1 -3 4 -5 -6 -7
leaf_value=-0.10922883465877099 -0.0024512667303304408 0.38349793988251996 -0.0033380151390381549 -0.016055545066110396 -0.076449091869706595 -0.060338498558075999
leaf_weight=37 23 52.050000786781311 21 21.050000071525574 22 28
leaf_count=37 23 38 21 20 22 28
internal_value=0.000468509 0.0101368 -0.00782186 0.00348459 -0.00171473 -0.0110534
internal_weight=204.1 96.1 108 44.05 43 65
internal_count=189 81 108 43 43 65
is_linear=0
shrinkage=0.0167644


Tree=44
num_leaves=7
num_cat=0
split_feature=1 8 1 5 10 10
split_gain=55.8907 7.33396 7.20191 0.632128 0.44435 0.398058
threshold=21.500000000000004 11.500000000000002 46.500000000000007 15.500000000000002 7.5000000000000009 32.500000000000007
decision_type=2 2 2 2 2 2
left_child=1 4 5 -3 -1 -2
right_child=2 3 -4 -5 -6 -7
leaf_value=-0.10739767779875127 0.018587294281044053 -0.0045344514852147825 0.44823280275391186 -0.045914496347246335 -0.059326959289135908 -0.0049007463254573278
leaf_weight=37 33.75000011920929 18 44.650000691413879 25 28 17.700000047683716
leaf_count=37 32 18 32 25 28 17
internal_value=0.000468509 -0.00751917 0.00979768 -0.000982133 -0.0110534 0.00406029
internal_weight=204.1 108 96.1 43 65 51.45
internal_count=189 108 81 43 65 49
is_linear=0
shrinkage=0.0167644


Tree=45
num_leaves=5
num_cat=0
split_feature=1 0 4 10
split_gain=53.0461 10.3675 2.63376 1.08919
threshold=15.500000000000002 34.500000000000007 24.500000000000004 10.500000000000002
decision_type=2 2 2 2
left_child=3 2 -2 -1
right_child=1 -3 -4 -5
leaf_value=-0.10559721920129631 0.018851106977532849 0.31529583255156701 -0.0084681015508408838 -0.041469568834160156
leaf_weight=50 35 62.750000834465027 23.350000023841858 27
leaf_count=50 35 48 23 27
internal_value=0.000649424 0.00768488 0.00165437 -0.00981085
internal_weight=198.1 121.1 58.35 77
internal_count=183 106 58 77
is_linear=0
shrinkage=0.0167644


Tree=46
num_leaves=5
num_cat=0
split_feature=0 0 5 8
split_gain=49.5174 12.5811 6.28579 1.71883
threshold=15.500000000000002 34.500000000000007 19.500000000000004 11.500000000000002
decision_type=2 2 2 2
left_child=3 2 -2 -1
right_child=1 -3 -4 -5
leaf_value=-0.0935934220883511 0.017932783076280968 0.31001008425519377 -0.029696657586573378 -0.062252479500065405
leaf_weight=54 29.350000023841858 62.750000834465027 33 19
leaf_count=54 29 48 33 19
internal_value=0.000649424 0.00718226 0.00103784 -0.00988627
internal_weight=198.1 125.1 62.35 73
internal_count=183 110 62 73
is_linear=0
shrinkage=0.0167644


Tree=47
num_leaves=5
num_cat=0
split_feature=3 3 5 10
split_gain=51.3798 9.86725 2.24788 1.08919
threshold=15.500000000000002 37.500000000000007 23.500000000000004 10.500000000000002
decision_type=2 2 2 2
left_child=3 2 -2 -1
right_child=1 -3 -4 -5
leaf_value=-0.10225790581954382 0.02611747143600995 0.31692057647745775 -0.0030276073062526993 -0.0392053176120798
leaf_weight=50 30.700000047683716 56.700000762939453 33.700000047683716 27
leaf_count=50 30 43 33 27
internal_value=0.000482503 0.00741419 0.00201702 -0.00981085
internal_weight=198.1 121.1 64.4 77
internal_count=183 106 63 77
is_linear=0
shrinkage=0.0167644


Tree=48
num_leaves=5
num_cat=0
split_feature=3 3 10 10
split_gain=47.3523 9.88187 2.6165 2.5766
threshold=15.500000000000002 46.500000000000007 10.500000000000002 34.500000000000007
decision_type=2 2 2 2
left_child=2 3 -1 -2
right_child=1 -3 -4 -5
leaf_value=-0.10054361246177181 0.025694852425138144 0.44603331189439749 -0.038548063632222872 -0.0029272697274476157
leaf_weight=50 56.800000190734863 43.950000643730164 27 20.350000023841858
leaf_count=50 54 32 27 20
internal_value=0.000482503 0.00714351 -0.00939051 0.00269164
internal_weight=198.1 121.1 77 77.15
internal_count=183 106 77 74
is_linear=0
shrinkage=0.0167644


Tree=49
num_leaves=5
num_cat=0
split_feature=1 1 10 10
split_gain=45.0268 9.88187 4.31226 2.5766
threshold=15.500000000000002 46.500000000000007 10.500000000000002 34.500000000000007
decision_type=2 2 2 2
left_child=2 3 -1 -2
right_child=1 -3 -4 -5
leaf_value=-0.098858058219014402 0.025264093409604591 0.43855582702124768 -0.037901828126908385 -0.0028781957804510823
leaf_weight=50 56.800000190734863 43.950000643730164 27 20.350000023841858
leaf_count=50 54 32 27 20
internal_value=0.000649424 0.00714351 -0.00897018 0.00269164
internal_weight=198.1 121.1 77 77.15
internal_count=183 106 77 74
is_linear=0
shrinkage=0.0167644


Tree=50
num_leaves=6
num_cat=0
split_feature=0 0 8 4 8
split_gain=56.4537 8.90942 9.19695 4.43988 0.90796
threshold=19.500000000000004 40.500000000000007 29.500000000000004 15.500000000000002 11.500000000000002
decision_type=2 2 2 2 2
left_child=3 2 -2 4 -1
right_child=1 -3 -4 -5 -6
leaf_value=-0.11060966376148343 0.060706660494394132 0.34142151091244316 -0.050324339729756626 -0.021729392728998036 -0.071619185008730726
leaf_weight=58 31.050000071525574 54.500000834465027 19 25 21
leaf_count=58 30 40 19 25 21
internal_value=1.83451e-05 0.00878409 0.00245393 -0.00842894 -0.010391
internal_weight=208.55 104.55 50.05 104 79
internal_count=193 89 49 104 79
is_linear=0
shrinkage=0.0167644


Tree=51
num_leaves=6
num_cat=0
split_feature=0 0 9 4 9
split_gain=56.4537 8.90942 9.19695 4.43988 0.90796
threshold=19.500000000000004 40.500000000000007 29.500000000000004 15.500000000000002 11.500000000000002
decision_type=2 2 2 2 2
left_child=3 2 -2 4 -1
right_child=1 -3 -4 -5 -6
leaf_value=-0.10875535811761149 0.059688949208171325 0.3356977810583372 -0.049480681915316099 -0.021365112301727409 -0.070418531698206485
leaf_weight=58 31.050000071525574 54.500000834465027 19 25 21
leaf_count=58 30 40 19 25 21
internal_value=1.83451e-05 0.00878409 0.00245393 -0.00842894 -0.010391
internal_weight=208.55 104.55 50.05 104 79
internal_count=193 89 49 104 79
is_linear=0
shrinkage=0.0167644


Tree=52
num_leaves=6
num_cat=0
split_feature=0 0 8 4 8
split_gain=54.3953 10.4583 7.84599 4.43988 0.90796
threshold=19.500000000000004 40.500000000000007 29.500000000000004 15.500000000000002 11.500000000000002
decision_type=2 2 2 2 2
left_child=3 2 -2 4 -1
right_child=1 -3 -4 -5 -6
leaf_value=-0.10693213881198491 0.058688299250205876 0.33007000615257415 -0.048651167525542195 -0.021006938820534258 -0.069238006630860327
leaf_weight=58 31.050000071525574 54.500000834465027 19 25 21
leaf_count=58 30 40 19 25 21
internal_value=0 0.00847166 0.00181912 -0.00842894 -0.010391
internal_weight=208.55 104.55 50.05 104 79
internal_count=193 89 49 104 79
is_linear=0
shrinkage=0.0167644


Tree=53
num_leaves=6
num_cat=0
split_feature=0 0 8 4 8
split_gain=52.4112 12.084 6.58012 4.43988 0.90796
threshold=19.500000000000004 40.500000000000007 29.500000000000004 15.500000000000002 11.500000000000002
decision_type=2 2 2 2 2
left_child=3 2 -2 4 -1
right_child=1 -3 -4 -5 -6
leaf_value=-0.10513948470051468 0.057704424597412651 0.32453657756715343 -0.047835559454279024 -0.020654769906076773 -0.068077272368590971
leaf_weight=58 31.050000071525574 54.500000834465027 19 25 21
leaf_count=58 30 40 19 25 21
internal_value=0 0.00815924 0.00118431 -0.00842894 -0.010391
internal_weight=208.55 104.55 50.05 104 79
internal_count=193 89 49 104 79
is_linear=0
shrinkage=0.0167644


Tree=54
num_leaves=6
num_cat=0
split_feature=2 2 4 7 8
split_gain=52.4112 9.28651 4.43988 3.79028 0.90796
threshold=19.500000000000004 40.500000000000007 15.500000000000002 23.500000000000004 11.500000000000002
decision_type=2 2 2 2 2
left_child=2 3 4 -2 -1
right_child=1 -3 -4 -5 -6
leaf_value=-0.10337688337578449 0.06514867230477206 0.31909591364177214 -0.020308504895342222 -0.0072862377077799918 -0.066935997130247435
leaf_weight=58 22.700000047683716 54.500000834465027 25 27.350000023841858 21
leaf_count=58 22 40 25 27 21
internal_value=0 0.00815924 -0.00842894 0.00181912 -0.010391
internal_weight=208.55 104.55 104 50.05 79
internal_count=193 89 104 49 79
is_linear=0
shrinkage=0.0167644


Tree=55
num_leaves=5
num_cat=0
split_feature=1 1 10 0
split_gain=48.332 13.7568 2.05767 1.82154
threshold=12.500000000000002 53.000000000000007 10.500000000000002 16.500000000000004
decision_type=2 2 2 2
left_child=2 3 -1 -2
right_child=1 -3 -4 -5
leaf_value=-0.10652416579760146 -0.019034408577986883 0.4218453144192435 -0.045163402681095428 0.018962628447281766
leaf_weight=51 24 34.65000057220459 24 73.100000262260437
leaf_count=51 24 24 24 69
internal_value=-0.000234542 0.00566194 -0.0109254 0.00180982
internal_weight=206.75 131.75 75 97.1
internal_count=192 117 75 93
is_linear=0
shrinkage=0.0167644


Tree=56
num_leaves=5
num_cat=0
split_feature=1 1 10 10
split_gain=46.9357 14.6862 2.05767 1.75117
threshold=12.500000000000002 53.000000000000007 10.500000000000002 34.500000000000007
decision_type=2 2 2 2
left_child=2 3 -1 -2
right_child=1 -3 -4 -5
leaf_value=-0.10473835111260983 0.017864554218760056 0.41477332702892533 -0.044406264926218887 -0.0091049620687199007
leaf_weight=51 69.450000166893005 34.65000057220459 24 27.650000095367432
leaf_count=51 67 24 24 26
internal_value=-0.000394571 0.00541269 -0.0109254 0.00147408
internal_weight=206.75 131.75 75 97.1
internal_count=192 117 75 93
is_linear=0
shrinkage=0.0167644


Tree=57
num_leaves=5
num_cat=0
split_feature=1 1 10 10
split_gain=46.9357 14.6862 2.05767 1.75117
threshold=12.500000000000002 53.000000000000007 10.500000000000002 34.500000000000007
decision_type=2 2 2 2
left_child=2 3 -1 -2
right_child=1 -3 -4 -5
leaf_value=-0.10298247455541533 0.017565065525036713 0.40781989732773943 -0.043661820138342834 -0.0089523227605698263
leaf_weight=51 69.450000166893005 34.65000057220459 24 27.650000095367432
leaf_count=51 67 24 24 26
internal_value=-0.000394571 0.00541269 -0.0109254 0.00147408
internal_weight=206.75 131.75 75 97.1
internal_count=192 117 75 93
is_linear=0
shrinkage=0.0167644


Tree=58
num_leaves=5
num_cat=0
split_feature=1 1 2 10
split_gain=45.8134 13.7568 1.82154 1.51218
threshold=12.500000000000002 53.000000000000007 16.500000000000004 10.500000000000002
decision_type=2 2 2 2
left_child=3 2 -2 -1
right_child=1 -3 -4 -5
leaf_value=-0.10125603423099853 -0.019309264603793067 0.40098303776609379 0.018050774551576117 -0.042929855527376853
leaf_weight=51 24 34.65000057220459 73.100000262260437 24
leaf_count=51 24 24 69 24
internal_value=-7.45127e-05 0.00566194 0.00180982 -0.0104943
internal_weight=206.75 131.75 97.1 75
internal_count=192 117 93 75
is_linear=0
shrinkage=0.0167644


Tree=59
num_leaves=4
num_cat=0
split_feature=3 3 11
split_gain=42.6557 11.9043 1.56146
threshold=12.500000000000002 53.000000000000007 37.500000000000007
decision_type=2 2 2
left_child=-1 2 -2
right_child=1 -3 -4
leaf_value=-0.068429208115096896 0.010198809769664993 0.39426079411449061 -0.0091048529277615239
leaf_weight=75 77.450000166893005 34.65000057220459 19.650000095367432
leaf_count=75 75 24 18
internal_value=-0.000450581 0.00507619 0.00147408
internal_weight=206.75 131.75 97.1
internal_count=192 117 93
is_linear=0
shrinkage=0.0167644


Tree=60
num_leaves=5
num_cat=0
split_feature=1 1 8 8
split_gain=48.1872 12.5202 5.86674 3.9538
threshold=15.500000000000002 40.500000000000007 29.500000000000004 11.500000000000002
decision_type=2 2 2 2
left_child=3 2 -2 -1
right_child=1 -3 -4 -5
leaf_value=-0.080913079948842948 0.017456638316404278 0.3465677669078937 -0.043611805377123496 -0.06353374354368635
leaf_weight=62 52.75000011920929 52.650000810623169 19.350000023841858 24
leaf_count=62 51 38 19 24
internal_value=0.00029296 0.00706393 0.00174239 -0.009005
internal_weight=210.75 124.75 72.1 86
internal_count=194 108 70 86
is_linear=0
shrinkage=0.0167644


Tree=61
num_leaves=5
num_cat=0
split_feature=0 0 4 11
split_gain=45.888 12.2251 2.76413 2.26335
threshold=12.500000000000002 34.500000000000007 10.500000000000002 18.500000000000004
decision_type=2 2 2 2
left_child=2 3 -1 -2
right_child=1 -3 -4 -5
leaf_value=-0.087144427507571592 0.010535761197100625 0.23849750321550642 -0.050602156739379338 -0.004787049902929782
leaf_weight=52 33 65.400000929832458 24 36.350000023841858
leaf_count=52 33 49 24 36
internal_value=0.00029296 0.00630644 -0.00972257 0.000704645
internal_weight=210.75 134.75 76 69.35
internal_count=194 118 76 69
is_linear=0
shrinkage=0.0167644


Tree=62
num_leaves=5
num_cat=0
split_feature=1 1 9 9
split_gain=48.1872 12.5202 5.86674 3.9538
threshold=15.500000000000002 40.500000000000007 29.500000000000004 11.500000000000002
decision_type=2 2 2 2
left_child=3 2 -2 -1
right_child=1 -3 -4 -5
leaf_value=-0.079320914303167248 0.016987362281759243 0.336759493421386 -0.041474907649934091 -0.060852259438605782
leaf_weight=62 52.75000011920929 52.650000810623169 19.350000023841858 24
leaf_count=62 51 38 19 24
internal_value=0.00029296 0.00706393 0.00174239 -0.009005
internal_weight=210.75 124.75 72.1 86
internal_count=194 108 70 86
is_linear=0
shrinkage=0.0167644


Tree=63
num_leaves=5
num_cat=0
split_feature=3 3 8 8
split_gain=48.1872 12.5202 5.86674 3.9538
threshold=15.500000000000002 40.500000000000007 29.500000000000004 11.500000000000002
decision_type=2 2 2 2
left_child=3 2 -2 -1
right_child=1 -3 -4 -5
leaf_value=-0.077991146052658694 0.016702579192448969 0.33111391953531677 -0.040779605334395161 -0.059832107272130605
leaf_weight=62 52.75000011920929 52.650000810623169 19.350000023841858 24
leaf_count=62 51 38 19 24
internal_value=0.00029296 0.00706393 0.00174239 -0.009005
internal_weight=210.75 124.75 72.1 86
internal_count=194 108 70 86
is_linear=0
shrinkage=0.0167644


Tree=64
num_leaves=5
num_cat=0
split_feature=1 1 8 8
split_gain=48.1872 12.5202 5.86674 3.9538
threshold=15.500000000000002 40.500000000000007 29.500000000000004 11.500000000000002
decision_type=2 2 2 2
left_child=3 2 -2 -1
right_child=1 -3 -4 -5
leaf_value=-0.07668367058099157 0.016422570323327369 0.32556299035897557 -0.040095959351260223 -0.058829057353827735
leaf_weight=62 52.75000011920929 52.650000810623169 19.350000023841858 24
leaf_count=62 51 38 19 24
internal_value=0.00029296 0.00706393 0.00174239 -0.009005
internal_weight=210.75 124.75 72.1 86
internal_count=194 108 70 86
is_linear=0
shrinkage=0.0167644


Tree=65
num_leaves=5
num_cat=0
split_feature=0 0 5 1
split_gain=60.1182 8.17041 2.71341 0.713788
threshold=16.500000000000004 34.500000000000007 23.500000000000004 7.5000000000000009
decision_type=2 2 2 2
left_child=3 2 -2 -1
right_child=1 -3 -4 -5
leaf_value=-0.073381939251023001 0.012443513101868177 0.30985548222019077 -0.03256971909781952 -0.040707593812389031
leaf_weight=34 29.350000023841858 67.700001001358032 27 53
leaf_count=34 29 50 27 53
internal_value=0.000472882 0.00806794 0.00227749 -0.00983845
internal_weight=211.05 124.05 56.35 87
internal_count=193 106 56 87
is_linear=0
shrinkage=0.0167644


Tree=66
num_leaves=5
num_cat=0
split_feature=0 0 5 1
split_gain=60.1182 8.17041 2.71341 0.713788
threshold=16.500000000000004 34.500000000000007 23.500000000000004 7.5000000000000009
decision_type=2 2 2 2
left_child=3 2 -2 -1
right_child=1 -3 -4 -5
leaf_value=-0.072151734407395016 0.012234904958694136 0.30466093818193607 -0.032023707005488768 -0.040025155059862559
leaf_weight=34 29.350000023841858 67.700001001358032 27 53
leaf_count=34 29 50 27 53
internal_value=0.000472882 0.00806794 0.00227749 -0.00983845
internal_weight=211.05 124.05 56.35 87
internal_count=193 106 56 87
is_linear=0
shrinkage=0.0167644


Tree=67
num_leaves=5
num_cat=0
split_feature=0 0 5 1
split_gain=60.1182 8.17041 2.71341 0.713788
threshold=16.500000000000004 34.500000000000007 23.500000000000004 7.5000000000000009
decision_type=2 2 2 2
left_child=3 2 -2 -1
right_child=1 -3 -4 -5
leaf_value=-0.07094215322093296 0.012029794007755265 0.29955347760456458 -0.031486848483198798 -0.039354156989708435
leaf_weight=34 29.350000023841858 67.700001001358032 27 53
leaf_count=34 29 50 27 53
internal_value=0.000472882 0.00806794 0.00227749 -0.00983845
internal_weight=211.05 124.05 56.35 87
internal_count=193 106 56 87
is_linear=0
shrinkage=0.0167644


Tree=68
num_leaves=5
num_cat=0
split_feature=2 2 5 1
split_gain=60.1182 8.17041 2.71341 0.713788
threshold=16.500000000000004 34.500000000000007 23.500000000000004 7.5000000000000009
decision_type=2 2 2 2
left_child=3 2 -2 -1
right_child=1 -3 -4 -5
leaf_value=-0.069752849948212833 0.0118281216206906 0.29453164058532005 -0.030958990076757589 -0.038694407805648014
leaf_weight=34 29.350000023841858 67.700001001358032 27 53
leaf_count=34 29 50 27 53
internal_value=0.000472882 0.00806794 0.00227749 -0.00983845
internal_weight=211.05 124.05 56.35 87
internal_count=193 106 56 87
is_linear=0
shrinkage=0.0167644


Tree=69
num_leaves=5
num_cat=0
split_feature=0 0 5 3
split_gain=60.1182 8.17041 2.71341 0.713788
threshold=16.500000000000004 34.500000000000007 23.500000000000004 7.5000000000000009
decision_type=2 2 2 2
left_child=3 2 -2 -1
right_child=1 -3 -4 -5
leaf_value=-0.068583484641994777 0.011629830152008911 0.28959399169585293 -0.03043998090454185 -0.03804571892675384
leaf_weight=34 29.350000023841858 67.700001001358032 27 53
leaf_count=34 29 50 27 53
internal_value=0.000472882 0.00806794 0.00227749 -0.00983845
internal_weight=211.05 124.05 56.35 87
internal_count=193 106 56 87
is_linear=0
shrinkage=0.0167644


Tree=70
num_leaves=5
num_cat=0
split_feature=0 1 8 10
split_gain=38.2501 9.25234 5.0258 2.59996
threshold=16.500000000000004 53.000000000000007 15.500000000000002 34.500000000000007
decision_type=2 2 2 2
left_child=2 3 -1 -2
right_child=1 -3 -4 -5
leaf_value=-0.055187523550143149 0.035192778606983721 0.41058071923653822 -0.013821610324610639 -0.024610248838794285
leaf_weight=69 53.150000214576721 38.600000619888306 20 29.700000166893005
leaf_count=69 50 27 20 27
internal_value=0.000584289 0.00680623 -0.00743182 0.00284531
internal_weight=210.45 121.45 89 82.85
internal_count=193 104 89 77
is_linear=0
shrinkage=0.0167644


Tree=71
num_leaves=6
num_cat=0
split_feature=4 4 1 1 0
split_gain=35.9472 8.61045 2.43139 1.49537 1.22351
threshold=37.500000000000007 8.5000000000000018 53.000000000000007 14.500000000000002 7.5000000000000009
decision_type=2 2 2 2 2
left_child=1 4 -2 -3 -1
right_child=2 3 -4 -5 -6
leaf_value=-0.083272945847999602 0.10231181727613956 -0.033050012162390702 0.44250407852242252 0.0011081583962012469 -0.038348423379364623
leaf_weight=26 28.450000286102295 38 36.250000596046448 61.75000011920929 20
leaf_count=26 24 38 25 60 20
internal_value=0.000741541 -0.00368337 0.011028 -0.000430281 -0.00951582
internal_weight=210.45 145.75 64.7 99.75 46
internal_count=193 144 49 98 46
is_linear=0
shrinkage=0.0167644


Tree=72
num_leaves=6
num_cat=0
split_feature=4 4 3 3 0
split_gain=35.9472 8.61045 2.43139 1.49537 1.22351
threshold=37.500000000000007 8.5000000000000018 53.000000000000007 14.500000000000002 7.5000000000000009
decision_type=2 2 2 2 2
left_child=1 4 -2 -3 -1
right_child=2 3 -4 -5 -6
leaf_value=-0.08187692412424892 0.10059662012465881 -0.032495948240680278 0.43508575916101588 0.0010895807755983446 -0.037705534724904136
leaf_weight=26 28.450000286102295 38 36.250000596046448 61.75000011920929 20
leaf_count=26 24 38 25 60 20
internal_value=0.000741541 -0.00368337 0.011028 -0.000430281 -0.00951582
internal_weight=210.45 145.75 64.7 99.75 46
internal_count=193 144 49 98 46
is_linear=0
shrinkage=0.0167644


Tree=73
num_leaves=5
num_cat=0
split_feature=4 10 11 0
split_gain=34.8996 8.16124 5.46353 2.23622
threshold=37.500000000000007 12.500000000000002 18.500000000000004 11.500000000000002
decision_type=2 2 2 2
left_child=1 3 -3 -1
right_child=-2 2 -4 -5
leaf_value=-0.066646583729412082 0.2542491263617972 0.024790493882941265 -0.020451646815105921 -0.033269624095360335
leaf_weight=50 64.700000882148743 29.350000023841858 45.400000095367432 21
leaf_count=50 49 29 44 21
internal_value=0.000898793 -0.00345761 0 -0.00742718
internal_weight=210.45 145.75 74.75 71
internal_count=193 144 73 71
is_linear=0
shrinkage=0.0167644


Tree=74
num_leaves=5
num_cat=0
split_feature=4 4 1 11
split_gain=33.8683 9.00787 2.43139 2.28032
threshold=37.500000000000007 7.5000000000000009 53.000000000000007 18.500000000000004
decision_type=2 2 2 2
left_child=1 -1 -2 -3
right_child=2 3 -4 -5
leaf_value=-0.062622606279787066 0.094647840894729288 -6.5873162016246432e-05 0.42352946719452772 -0.016386191470335629
leaf_weight=36 28.450000286102295 61.350000023841858 36.250000596046448 48.400000095367432
leaf_count=36 24 61 25 47
internal_value=0.00105604 -0.00323185 0.011028 -0.00039204
internal_weight=210.45 145.75 64.7 109.75
internal_count=193 144 49 108
is_linear=0
shrinkage=0.0167644


Tree=75
num_leaves=6
num_cat=0
split_feature=10 0 1 4 0
split_gain=29.6678 6.42228 3.05851 0.843691 0.142482
threshold=24.500000000000004 12.500000000000002 40.500000000000007 15.500000000000002 9.5000000000000018
decision_type=2 2 2 2 2
left_child=1 4 -2 -3 -1
right_child=2 3 -4 -5 -6
leaf_value=-0.078337184305822483 0.01430768652534415 -0.036157702423173108 0.19414560109337009 0.015053404182389589 -0.046434517278438635
leaf_weight=45 34.700000047683716 21 51.150000810623169 32.700000047683716 24
leaf_count=45 34 21 37 32 24
internal_value=0.00117661 -0.00387236 0.00872701 0 -0.00716697
internal_weight=208.55 122.7 85.85 53.7 69
internal_count=193 122 71 53 69
is_linear=0
shrinkage=0.0167644


Tree=76
num_leaves=6
num_cat=0
split_feature=0 5 5 8 0
split_gain=29.4761 6.32491 3.87641 2.93149 1.28521
threshold=16.500000000000004 42.500000000000007 23.500000000000004 15.500000000000002 7.5000000000000009
decision_type=2 2 2 2 2
left_child=3 2 -2 4 -1
right_child=1 -3 -4 -5 -6
leaf_value=-0.085993404053809286 0.014664800335049419 0.26747617820787872 -0.023369187095690594 -0.021929919831489134 -0.038604403843174401
leaf_weight=31 30.050000071525574 48.400000691413879 37.100000143051147 22 40
leaf_count=31 29 36 35 22 40
internal_value=0.00133527 0.00706061 0.00274093 -0.00537087 -0.00697265
internal_weight=208.55 115.55 67.15 93 71
internal_count=193 100 64 93 71
is_linear=0
shrinkage=0.0167644


Tree=77
num_leaves=6
num_cat=0
split_feature=1 10 0 5 8
split_gain=26.0062 5.99558 3.21925 3.35749 0.625855
threshold=14.500000000000002 25.500000000000004 6.5000000000000009 8.5000000000000018 19.500000000000004
decision_type=2 2 2 2 2
left_child=2 4 -1 -4 -2
right_child=1 -3 3 -5 -6
leaf_value=-0.087541607571486754 -0.00016123767503669164 0.11617207726543675 0.0018682592239929641 -0.042536640728467016 -0.042879186326933313
leaf_weight=26 26.350000023841858 77.850000858306885 20 36 22.350000023841858
leaf_count=26 26 63 20 36 22
internal_value=0.000748208 0.00563034 -0.0062656 -0.00276175 0.000124182
internal_weight=208.55 126.55 82 56 48.7
internal_count=193 111 82 56 48
is_linear=0
shrinkage=0.0167644


Tree=78
num_leaves=6
num_cat=0
split_feature=0 5 5 6 11
split_gain=24.4212 3.58118 3.87641 3.2516 1.0219
threshold=16.500000000000004 42.500000000000007 23.500000000000004 7.5000000000000009 8.5000000000000018
decision_type=2 2 2 2 2
left_child=3 2 -2 -1 -5
right_child=1 -3 -4 4 -6
leaf_value=-0.074114695794722532 0.010603067415514702 0.26035325301751527 -0.024807859555822639 -0.0013342655475430583 -0.041393904026677045
leaf_weight=32 30.050000071525574 48.400000691413879 37.100000143051147 20 41
leaf_count=32 29 36 35 20 41
internal_value=0.00106554 0.00629548 0.00274093 -0.00502076 -0.0017565
internal_weight=208.55 115.55 67.15 93 61
internal_count=193 100 64 93 61
is_linear=0
shrinkage=0.0167644


Tree=79
num_leaves=6
num_cat=0
split_feature=10 1 2 11 5
split_gain=23.8542 5.98915 3.49749 3.48754 1.2819
threshold=12.500000000000002 40.500000000000007 7.5000000000000009 18.500000000000004 9.5000000000000018
decision_type=2 2 2 2 2
left_child=2 3 -1 -2 -4
right_child=1 -3 4 -5 -6
leaf_value=-0.11103243839912628 0.011653847468721433 0.15565382103556541 0.00082349152898935924 -0.0063114335094712204 -0.044799473023348156
leaf_weight=28 28 55.500000834465027 20 49.050000071525574 28
leaf_count=28 28 41 20 48 28
internal_value=0.00122421 0.00562847 -0.00589154 0.00183387 -0.00187607
internal_weight=208.55 132.55 76 77.05 48
internal_count=193 117 76 76 48
is_linear=0
shrinkage=0.0167644


Tree=80
num_leaves=6
num_cat=0
split_feature=0 8 1 7 10
split_gain=25.7972 5.41176 4.08674 3.55 1.11651
threshold=21.500000000000004 4.5000000000000009 40.500000000000007 23.500000000000004 10.500000000000002
decision_type=2 2 2 2 2
left_child=1 -1 3 -2 -3
right_child=2 4 -4 -5 -6
leaf_value=-0.08982531694384184 0.053505242741482099 -0.048432143588845566 0.15739262702518023 -0.046963696433526263 -0.001254479118980148
leaf_weight=23 22.400000095367432 37 58.450000882148743 29.700000047683716 52
leaf_count=23 21 37 43 29 52
internal_value=0.000500829 -0.00491993 0.00632176 0.00176643 -0.00231666
internal_weight=222.55 112 110.55 52.1 89
internal_count=205 112 93 50 89
is_linear=0
shrinkage=0.0167644


Tree=81
num_leaves=6
num_cat=0
split_feature=10 0 5 0 5
split_gain=25.0222 8.33751 3.23149 1.76443 0.116905
threshold=10.500000000000002 34.500000000000007 23.500000000000004 7.5000000000000009 61.500000000000007
decision_type=2 2 2 2 2
left_child=3 2 -2 -1 -3
right_child=1 4 -4 -5 -6
leaf_value=-0.070198877245468333 0.0030596622369475782 0.09134539253412563 -0.021156054968630624 -0.032163088840031377 0.28343891520075765
leaf_weight=28 55.350000023841858 40.850000500679016 35 33 30.350000500679016
leaf_count=28 55 33 35 33 21
internal_value=0.000649636 0.00425762 0.000365696 -0.00806611 0.00847233
internal_weight=222.55 161.55 90.35 61 71.2
internal_count=205 144 90 61 54
is_linear=0
shrinkage=0.0167644


Tree=82
num_leaves=6
num_cat=0
split_feature=10 2 5 2 5
split_gain=25.0222 8.33751 3.23149 1.76443 0.116905
threshold=10.500000000000002 34.500000000000007 23.500000000000004 7.5000000000000009 61.500000000000007
decision_type=2 2 2 2 2
left_child=3 2 -2 -1 -3
right_child=1 4 -4 -5 -6
leaf_value=-0.069022034555208972 0.0030083688077717102 0.089814041012408891 -0.020801386210076277 -0.031623893663658434 0.27868722929668455
leaf_weight=28 55.350000023841858 40.850000500679016 35 33 30.350000500679016
leaf_count=28 55 33 35 33 21
internal_value=0.000649636 0.00425762 0.000365696 -0.00806611 0.00847233
internal_weight=222.55 161.55 90.35 61 71.2
internal_count=205 144 90 61 54
is_linear=0
shrinkage=0.0167644


Tree=83
num_leaves=7
num_cat=0
split_feature=0 10 1 5 0 4
split_gain=25.8918 6.49457 3.03744 2.93472 1.36036 1.19613
threshold=21.500000000000004 10.500000000000002 40.500000000000007 23.500000000000004 7.5000000000000009 12.500000000000002
decision_type=2 2 2 2 2 2
left_child=1 4 3 -2 -1 -3
right_child=2 5 -4 -5 -6 -7
leaf_value=-0.067864920937150797 0.052506532013603072 -0.0020454382217313222 0.15680269269669353 -0.045472986112867105 -0.031093737775758992 -0.026208111357155606
leaf_weight=28 22.400000095367432 22 58.450000882148743 29.700000047683716 31 31
leaf_count=28 21 22 43 29 31 31
internal_value=0.000798443 -0.00462778 0.00661765 0.00237752 -0.00832729 0
internal_weight=222.55 112 110.55 52.1 59 53
internal_count=205 112 93 50 59 53
is_linear=0
shrinkage=0.0167644


Tree=84
num_leaves=6
num_cat=0
split_feature=10 0 0 5 5
split_gain=25.8896 7.42751 1.76443 1.4458 0.116905
threshold=10.500000000000002 34.500000000000007 7.5000000000000009 16.500000000000004 61.500000000000007
decision_type=2 2 2 2 2
left_child=2 3 -1 -2 -3
right_child=1 4 -4 -5 -6
leaf_value=-0.066727205645058005 0.013819641520517274 0.085679657219540878 -0.030572469638003908 -0.0052361645800690429 0.27138649812419835
leaf_weight=28 38.350000023841858 40.850000500679016 33 52 30.350000500679016
leaf_count=28 38 33 33 52 21
internal_value=0.000798443 0.00446167 -0.00806611 0.000725767 0.00847233
internal_weight=222.55 161.55 61 90.35 71.2
internal_count=205 144 61 90 54
is_linear=0
shrinkage=0.0167644


Tree=85
num_leaves=4
num_cat=0
split_feature=0 4 11
split_gain=22.2669 5.10852 1.11976
threshold=34.500000000000007 6.5000000000000009 15.500000000000002
decision_type=2 2 2
left_child=1 -1 -3
right_child=-2 2 -4
leaf_value=-0.066302495565848302 0.15587897339873558 -0.029331737603441183 -0.00016235277912435622
leaf_weight=26 67.150000929832458 57 56
leaf_count=26 51 57 56
internal_value=0.000941365 -0.00268213 -0.000677897
internal_weight=206.15 139 113
internal_count=190 139 113
is_linear=0
shrinkage=0.0167644


Tree=86
num_leaves=4
num_cat=0
split_feature=0 4 10
split_gain=21.4114 5.59307 1.2508
threshold=34.500000000000007 6.5000000000000009 12.500000000000002
decision_type=2 2 2
left_child=1 -1 -3
right_child=-2 2 -4
leaf_value=-0.065190973411729247 0.15326575453245697 -0.028946675976727912 5.5853990620201749e-05
leaf_weight=26 67.150000929832458 46 67
leaf_count=26 51 46 67
internal_value=0.00110185 -0.00244562 -0.000388274
internal_weight=206.15 139 113
internal_count=190 139 113
is_linear=0
shrinkage=0.0167644


Tree=87
num_leaves=4
num_cat=0
split_feature=0 4 10
split_gain=21.4114 5.59307 1.2508
threshold=34.500000000000007 6.5000000000000009 12.500000000000002
decision_type=2 2 2
left_child=1 -1 -3
right_child=-2 2 -4
leaf_value=-0.064098085269626695 0.15069634473608806 -0.028461402061143778 5.4917631476546573e-05
leaf_weight=26 67.150000929832458 46 67
leaf_count=26 51 46 67
internal_value=0.00110185 -0.00244562 -0.000388274
internal_weight=206.15 139 113
internal_count=190 139 113
is_linear=0
shrinkage=0.0167644


Tree=88
num_leaves=4
num_cat=0
split_feature=0 4 10
split_gain=21.4114 5.59307 1.2508
threshold=34.500000000000007 6.5000000000000009 12.500000000000002
decision_type=2 2 2
left_child=1 -1 -3
right_child=-2 2 -4
leaf_value=-0.063023518751341656 0.14817000957646242 -0.027984263475962893 5.3996969840547745e-05
leaf_weight=26 67.150000929832458 46 67
leaf_count=26 51 46 67
internal_value=0.00110185 -0.00244562 -0.000388274
internal_weight=206.15 139 113
internal_count=190 139 113
is_linear=0
shrinkage=0.0167644


Tree=89
num_leaves=4
num_cat=0
split_feature=0 4 10
split_gain=21.4114 5.59307 1.2508
threshold=34.500000000000007 6.5000000000000009 12.500000000000002
decision_type=2 2 2
left_child=1 -1 -3
right_child=-2 2 -4
leaf_value=-0.061966966705678743 0.14568602693275182 -0.027515123837178933 5.3091742552802318e-05
leaf_weight=26 67.150000929832458 46 67
leaf_count=26 51 46 67
internal_value=0.00110185 -0.00244562 -0.000388274
internal_weight=206.15 139 113
internal_count=190 139 113
is_linear=0
shrinkage=0.0167644


Tree=90
num_leaves=6
num_cat=0
split_feature=2 5 10 2 8
split_gain=32.0669 6.21822 4.79348 3.97109 1.54675
threshold=12.500000000000002 48.500000000000007 10.500000000000002 7.5000000000000009 32.500000000000007
decision_type=2 2 2 2 2
left_child=2 4 3 -1 -2
right_child=1 -3 -4 -5 -6
leaf_value=-0.088177260357431786 0.015826672531210347 0.23601763186044597 -0.052400135326121838 -0.022861554672113441 -0.075815242025350116
leaf_weight=33 67.100000143051147 47.050000667572021 28 20 21.700000166893005
leaf_count=33 65 35 28 20 19
internal_value=0.00104817 0.00613545 -0.00694079 -0.00982445 0.00276112
internal_weight=216.85 135.85 81 53 88.8
internal_count=200 119 81 53 84
is_linear=0
shrinkage=0.0167644


Tree=91
num_leaves=6
num_cat=0
split_feature=0 5 10 0 11
split_gain=32.0669 6.21822 4.79348 3.97109 0.851056
threshold=12.500000000000002 48.500000000000007 10.500000000000002 7.5000000000000009 25.500000000000004
decision_type=2 2 2 2 2
left_child=2 4 3 -1 -2
right_child=1 -3 -4 -5 -6
leaf_value=-0.086699020699326182 -0.00023943379490951231 0.23206093574611858 -0.05152167802528048 -0.022478294218961706 0.027447031997183548
leaf_weight=33 50.050000071525574 47.050000667572021 28 20 38.750000238418579
leaf_count=33 49 35 28 20 35
internal_value=0.00104817 0.00613545 -0.00694079 -0.00982445 0.00276112
internal_weight=216.85 135.85 81 53 88.8
internal_count=200 119 81 53 84
is_linear=0
shrinkage=0.0167644


Tree=92
num_leaves=6
num_cat=0
split_feature=0 5 10 0 8
split_gain=30.8637 7.03816 4.79348 3.97109 1.25837
threshold=12.500000000000002 48.500000000000007 10.500000000000002 7.5000000000000009 32.500000000000007
decision_type=2 2 2 2 2
left_child=2 4 3 -1 -2
right_child=1 -3 -4 -5 -6
leaf_value=-0.085245562855465404 0.015565361685682138 0.22817057130378421 -0.050657947541929191 -0.022101458900804366 -0.075004377569305697
leaf_weight=33 67.100000143051147 47.050000667572021 28 20 21.700000166893005
leaf_count=33 65 35 28 20 19
internal_value=0.000895501 0.00589357 -0.00694079 -0.00982445 0.00239496
internal_weight=216.85 135.85 81 53 88.8
internal_count=200 119 81 53 84
is_linear=0
shrinkage=0.0167644


Tree=93
num_leaves=6
num_cat=0
split_feature=0 5 4 5 4
split_gain=30.8637 7.03816 2.40839 1.6566 0.522245
threshold=12.500000000000002 48.500000000000007 6.5000000000000009 10.500000000000002 14.500000000000002
decision_type=2 2 2 2 2
left_child=2 4 -1 -4 -2
right_child=1 -3 3 -5 -6
leaf_value=-0.055873406058210048 -0.034520277348068895 0.22434542652216316 -0.039865613669054577 -0.063725603027584274 0.0053931285706664365
leaf_weight=34 20 47.050000667572021 26 21 68.800000309944153
leaf_count=34 20 35 26 21 64
internal_value=0.000895501 0.00589357 -0.00694079 -0.00292434 0.00239496
internal_weight=216.85 135.85 81 47 88.8
internal_count=200 119 81 47 84
is_linear=0
shrinkage=0.0167644


Tree=94
num_leaves=7
num_cat=0
split_feature=2 11 10 2 2 11
split_gain=30.8637 7.43493 4.79348 3.97109 2.38984 1.06192
threshold=12.500000000000002 25.500000000000004 10.500000000000002 7.5000000000000009 37.500000000000007 18.500000000000004
decision_type=2 2 2 2 2 2
left_child=2 5 3 -1 -3 -2
right_child=1 4 -4 -5 -6 -7
leaf_value=-0.083148147920354978 -0.00097563775799920139 0.0079274654157578377 -0.04874037491604602 -0.020525895193074524 0.23358055085631593 -0.018617120553532252
leaf_weight=33 31.350000023841858 29.350000023841858 28 20 55.450000882148743 19.700000047683716
leaf_count=33 31 29 28 20 40 19
internal_value=0.000895501 0.00589357 -0.00694079 -0.00982445 0.00887952 9.73167e-06
internal_weight=216.85 135.85 81 53 84.8 51.05
internal_count=200 119 81 53 69 50
is_linear=0
shrinkage=0.0167644


Tree=95
num_leaves=5
num_cat=0
split_feature=10 5 0 0
split_gain=24.9567 7.22513 4.14395 1.45162
threshold=10.500000000000002 48.500000000000007 9.5000000000000018 16.500000000000004
decision_type=2 2 2 2
left_child=2 3 -1 -2
right_child=1 -3 -4 -5
leaf_value=-0.053889757910156148 -0.018391977293376143 0.16276000830714099 -0.030105995801655069 0.003224850061928841
leaf_weight=39 38 47.050000667572021 22 70.900000333786011
leaf_count=39 38 35 22 66
internal_value=0.0011011 0.00479865 -0.00754031 0.00187379
internal_weight=216.95 155.95 61 108.9
internal_count=200 139 61 104
is_linear=0
shrinkage=0.0167644


Tree=96
num_leaves=5
num_cat=0
split_feature=10 5 0 0
split_gain=24.9567 7.22513 4.14395 1.45162
threshold=10.500000000000002 48.500000000000007 9.5000000000000018 16.500000000000004
decision_type=2 2 2 2
left_child=2 3 -1 -2
right_child=1 -3 -4 -5
leaf_value=-0.052986327967043959 -0.018083646663508087 0.16003143295723862 -0.029601286574351241 0.0031707873564913503
leaf_weight=39 38 47.050000667572021 22 70.900000333786011
leaf_count=39 38 35 22 66
internal_value=0.0011011 0.00479865 -0.00754031 0.00187379
internal_weight=216.95 155.95 61 108.9
internal_count=200 139 61 104
is_linear=0
shrinkage=0.0167644


Tree=97
num_leaves=5
num_cat=0
split_feature=10 5 2 5
split_gain=24.0814 7.93363 4.14395 1.48306
threshold=10.500000000000002 48.500000000000007 9.5000000000000018 23.500000000000004
decision_type=2 2 2 2
left_child=2 3 -1 -2
right_child=1 -3 -4 -5
leaf_value=-0.05209804349301092 0.019370791426694126 0.15734860056051941 -0.029105038498965584 -0.0013007476745429505
leaf_weight=39 56.400000095367432 47.050000667572021 22 52.500000238418579
leaf_count=39 55 35 22 49
internal_value=0.000948503 0.0045874 -0.00754031 0.00157353
internal_weight=216.95 155.95 61 108.9
internal_count=200 139 61 104
is_linear=0
shrinkage=0.0167644


Tree=98
num_leaves=5
num_cat=0
split_feature=10 0 7 0
split_gain=22.6256 4.14395 4.07751 1.45162
threshold=10.500000000000002 9.5000000000000018 48.500000000000007 16.500000000000004
decision_type=2 2 2 2
left_child=1 -1 3 -2
right_child=2 -3 -4 -5
leaf_value=-0.051224650583218741 -0.018105224884774562 -0.028617109729286643 0.15471074426340695 0.0032997224837377302
leaf_weight=39 38 22 47.050000667572021 70.900000333786011
leaf_count=39 38 22 35 66
internal_value=0.000689083 -0.00754031 0.00422828 0.00187379
internal_weight=216.95 61 155.95 108.9
internal_count=200 61 139 104
is_linear=0
shrinkage=0.0167644


Tree=99
num_leaves=5
num_cat=0
split_feature=10 5 0 5
split_gain=21.7882 4.64992 4.14395 1.48306
threshold=10.500000000000002 48.500000000000007 9.5000000000000018 23.500000000000004
decision_type=2 2 2 2
left_child=2 3 -1 -2
right_child=1 -3 -4 -5
leaf_value=-0.050365899589393665 0.019636647968480393 0.15211711006817166 -0.028137360797070868 -0.0013342593058471147
leaf_weight=39 56.400000095367432 47.050000667572021 22 52.500000238418579
leaf_count=39 55 35 22 49
internal_value=0.000536483 0.00401703 -0.00754031 0.00157353
internal_weight=216.95 155.95 61 108.9
internal_count=200 139 61 104
is_linear=0
shrinkage=0.0167644


Tree=100
num_leaves=6
num_cat=0
split_feature=10 5 1 8 0
split_gain=23.1728 6.74221 3.03193 2.26402 0.981991
threshold=10.500000000000002 40.500000000000007 5.5000000000000009 28.500000000000004 9.5000000000000018
decision_type=2 2 2 2 2
left_child=2 3 -1 -2 -4
right_child=1 -3 4 -5 -6
leaf_value=-0.049868511092661889 0.0058299013834092108 0.2121180827389044 -0.070908046529558177 -0.049444031700944253 -0.033380785141596009
leaf_weight=24 72.75000011920929 50.750000715255737 19 23.050000071525574 20
leaf_count=24 71 38 19 22 20
internal_value=0.000768372 0.00457305 -0.00731101 0.00137447 -0.0026817
internal_weight=209.55 146.55 63 95.8 39
internal_count=194 131 63 93 39
is_linear=0
shrinkage=0.0167644


Tree=101
num_leaves=6
num_cat=0
split_feature=10 1 1 8 0
split_gain=22.2729 6.12395 3.03193 2.76391 0.981991
threshold=10.500000000000002 42.500000000000007 5.5000000000000009 28.500000000000004 9.5000000000000018
decision_type=2 2 2 2 2
left_child=2 3 -1 -2 -4
right_child=1 -3 4 -5 -6
leaf_value=-0.049032494975932553 0.0043599076048943981 0.21988280207752514 -0.069719315035362273 -0.047131491442804027 -0.032821176006372403
leaf_weight=24 74.100000143051147 46.750000715255737 19 25.700000047683716 20
leaf_count=24 72 34 19 25 20
internal_value=0.000610453 0.0043485 -0.00731101 0.00143528 -0.0026817
internal_weight=209.55 146.55 63 99.8 39
internal_count=194 131 63 97 39
is_linear=0
shrinkage=0.0167644


Tree=102
num_leaves=7
num_cat=0
split_feature=0 10 0 5 5 10
split_gain=22.959 4.39549 3.21349 2.33988 2.3993 1.01518
threshold=21.500000000000004 10.500000000000002 9.5000000000000018 46.500000000000007 31.000000000000004 16.500000000000004
decision_type=2 2 2 2 2 2
left_child=1 2 -1 4 -2 -3
right_child=3 5 -4 -5 -6 -7
leaf_value=-0.04821049417532388 0.0017542255329408094 0.0040951202632997204 -0.025666676158898619 0.21630837404258529 -0.027294139261793054 -0.019822508951455257
leaf_weight=40 32.400000095367432 23 20 43.700000643730164 23.450000166893005 27
leaf_count=40 31 23 20 32 21 27
internal_value=0.000610453 -0.00441253 -0.00739335 0.00650986 0.00289752 0
internal_weight=209.55 110 60 99.55 55.85 50
internal_count=194 110 60 84 52 50
is_linear=0
shrinkage=0.0167644


Tree=103
num_leaves=6
num_cat=0
split_feature=10 1 9 1 0
split_gain=23.1728 5.44106 3.21929 3.03193 0.981991
threshold=10.500000000000002 42.500000000000007 28.500000000000004 5.5000000000000009 9.5000000000000018
decision_type=2 2 2 2 2
left_child=3 2 -2 -1 -5
right_child=1 -3 -4 4 -6
leaf_value=-0.047402273732344027 0.0047863523505312696 0.21166377960441035 -0.045883789728766944 -0.067742291479159528 -0.031840661730496114
leaf_weight=24 74.100000143051147 46.750000715255737 25.700000047683716 19 20
leaf_count=24 72 34 25 19 20
internal_value=0.000768372 0.00457305 0.00176217 -0.00731101 -0.0026817
internal_weight=209.55 146.55 99.8 63 39
internal_count=194 131 97 63 39
is_linear=0
shrinkage=0.0167644


Tree=104
num_leaves=6
num_cat=0
split_feature=10 1 1 8 0
split_gain=21.389 6.83125 3.03193 2.33461 0.981991
threshold=10.500000000000002 42.500000000000007 5.5000000000000009 28.500000000000004 9.5000000000000018
decision_type=2 2 2 2 2
left_child=2 3 -1 -2 -4
right_child=1 -3 4 -5 -6
leaf_value=-0.046607602627441375 0.0047061119820559624 0.20811536143029785 -0.066606631997457283 -0.04511457511077701 -0.031306871854063653
leaf_weight=24 74.100000143051147 46.750000715255737 19 25.700000047683716 20
leaf_count=24 72 34 19 25 20
internal_value=0.000452535 0.00412396 -0.00731101 0.00110838 -0.0026817
internal_weight=209.55 146.55 63 99.8 39
internal_count=194 131 63 97 39
is_linear=0
shrinkage=0.0167644


Tree=105
num_leaves=6
num_cat=0
split_feature=10 1 8 1 0
split_gain=20.884 4.64282 2.08092 1.12711 1.56367
threshold=25.500000000000004 5.5000000000000009 19.500000000000004 64.500000000000014 28.500000000000004
decision_type=2 2 2 2 2
left_child=1 -1 -3 4 -2
right_child=3 2 -4 -5 -6
leaf_value=-0.044438389537193895 0.014891379265450297 -0.0035640067374563922 -0.046023359164013435 0.35064380485683971 -0.0011067444118686605
leaf_weight=25 19 72.350000023841858 25 28.1500004529953 34.450000405311584
leaf_count=25 19 72 25 19 28
internal_value=-0.000213389 -0.00473402 -0.00239974 0.00603699 0.00308086
internal_weight=203.95 122.35 97.35 81.6 53.45
internal_count=188 122 97 66 47
is_linear=0
shrinkage=0.0167644


Tree=106
num_leaves=6
num_cat=0
split_feature=1 1 7 1 4
split_gain=21.0669 4.05832 2.82353 1.74802 1.67044
threshold=21.500000000000004 5.5000000000000009 15.500000000000002 64.500000000000014 42.500000000000007
decision_type=2 2 2 2 2
left_child=1 -1 -3 4 -2
right_child=3 2 -4 -5 -6
leaf_value=-0.043693406199200119 0.011253348700652923 -0.015523701021333007 -0.057270323889541237 0.34476546869502978 -0.0026208299502890014
leaf_weight=25 46.100000143051147 55 26 28.1500004529953 23.700000286102295
leaf_count=25 44 55 26 19 19
internal_value=0 -0.00519133 -0.00253791 0.00544813 0.00292961
internal_weight=203.95 106 81 97.95 69.8
internal_count=188 106 81 82 63
is_linear=0
shrinkage=0.0167644


Tree=107
num_leaves=7
num_cat=0
split_feature=1 10 1 1 4 5
split_gain=19.865 4.80764 1.95746 1.74802 1.67044 1.24826
threshold=21.500000000000004 10.500000000000002 5.5000000000000009 64.500000000000014 42.500000000000007 15.500000000000002
decision_type=2 2 2 2 2 2
left_child=1 2 -1 4 -2 -3
right_child=3 5 -4 -5 -6 -7
leaf_value=-0.042960912066590889 0.011064692960291247 0.0020168799494738516 -0.030073177636290405 0.33898567936494078 -0.0025768932850539642 -0.05002448738452632
leaf_weight=24 46.100000143051147 27 36 28.1500004529953 23.700000286102295 19
leaf_count=24 44 27 36 19 19 19
internal_value=0 -0.00488307 -0.00792753 0.00544813 0.00292961 0
internal_weight=203.95 106 60 97.95 69.8 46
internal_count=188 106 60 82 63 46
is_linear=0
shrinkage=0.0167644


Tree=108
num_leaves=6
num_cat=0
split_feature=0 0 8 4 0
split_gain=18.7403 3.16767 2.36637 0.817672 0.529063
threshold=16.500000000000004 40.500000000000007 4.5000000000000009 21.500000000000004 9.5000000000000018
decision_type=2 2 2 2 2
left_child=2 3 -1 -2 -4
right_child=1 -3 4 -5 -6
leaf_value=-0.07548985266773417 0.0075239653930427308 0.21931516242058391 -0.03062444067781955 -0.0021992644554335093 -0.021502188750993897
leaf_weight=19 19 55.250000834465027 35 38.700000047683716 37
leaf_count=19 19 40 35 38 37
internal_value=0 0.00459703 -0.00548543 0.000937443 -0.00306763
internal_weight=203.95 112.95 91 57.7 72
internal_count=188 97 91 57 72
is_linear=0
shrinkage=0.0167644


Tree=109
num_leaves=7
num_cat=0
split_feature=1 10 1 1 0 5
split_gain=17.021 4.80764 3.25268 1.95746 1.89 1.24826
threshold=21.500000000000004 10.500000000000002 61.500000000000007 5.5000000000000009 28.500000000000004 15.500000000000002
decision_type=2 2 2 2 2 2
left_child=1 3 4 -1 -2 -3
right_child=2 5 -4 -5 -6 -7
leaf_value=-0.040975154998913299 0.008768831840343461 0.0024964687983322032 0.3323155020916419 -0.028721940779190998 -0.0033803685026925169 -0.048825384930589737
leaf_weight=24 27 27 32.200000524520874 36 38.750000357627869 19
leaf_count=24 27 27 22 36 33 19
internal_value=-0.000107961 -0.00488307 0.00466581 -0.00792753 0.0016225 0
internal_weight=203.95 106 97.95 60 65.75 46
internal_count=188 106 82 60 60 46
is_linear=0
shrinkage=0.0167644


Tree=110
num_leaves=6
num_cat=0
split_feature=0 5 1 5 11
split_gain=22.4667 2.53214 3.05546 2.51742 0.720427
threshold=12.500000000000002 40.500000000000007 26.500000000000004 4.5000000000000009 56.000000000000007
decision_type=2 2 2 2 2
left_child=3 2 -2 -1 -3
right_child=1 4 -4 -5 -6
leaf_value=-0.078474246497165195 0.008233597944266105 0.20552770184191727 -0.0056213917120225207 -0.017597335516976873 0.06981790278752166
leaf_weight=22 55.700000047683716 23.300000309944153 31.100000143051147 56 29.800000429153442
leaf_count=22 55 18 29 56 22
internal_value=0.000302461 0.00446307 0.00194307 -0.00657591 0.0075863
internal_weight=217.9 139.9 86.8 78 53.1
internal_count=202 124 84 78 40
is_linear=0
shrinkage=0.0167644


Tree=111
num_leaves=6
num_cat=0
split_feature=0 5 1 5 11
split_gain=22.4667 2.53214 3.05546 2.51742 0.720427
threshold=12.500000000000002 40.500000000000007 26.500000000000004 4.5000000000000009 56.000000000000007
decision_type=2 2 2 2 2
left_child=3 2 -2 -1 -3
right_child=1 4 -4 -5 -6
leaf_value=-0.077158672132052977 0.0080955665406959205 0.20208215138513874 -0.0055271524021509137 -0.017302326586865636 0.068647446908898124
leaf_weight=22 55.700000047683716 23.300000309944153 31.100000143051147 56 29.800000429153442
leaf_count=22 55 18 29 56 22
internal_value=0.000302461 0.00446307 0.00194307 -0.00657591 0.0075863
internal_weight=217.9 139.9 86.8 78 53.1
internal_count=202 124 84 78 40
is_linear=0
shrinkage=0.0167644


Tree=112
num_leaves=7
num_cat=0
split_feature=0 10 5 5 5 11
split_gain=21.4839 3.39186 3.15003 2.57592 0.916983 0.720427
threshold=12.500000000000002 7.5000000000000009 40.500000000000007 31.000000000000004 10.500000000000002 56.000000000000007
decision_type=2 2 2 2 2 2
left_child=1 -1 3 -2 -3 -4
right_child=2 4 5 -5 -6 -7
leaf_value=-0.039848248145891794 0.0077764594001884626 -0.010446770661374586 0.19869436354548581 -0.047885355278262133 -0.054032509582160118 0.067496613031353181
leaf_weight=37 66.400000095367432 21 23.300000309944153 20.400000095367432 20 29.800000429153442
leaf_count=37 65 21 18 19 20 22
internal_value=0.000150518 -0.00657591 0.00422805 0.00156873 -0.00179309 0.0075863
internal_weight=217.9 78 139.9 86.8 41 53.1
internal_count=202 78 124 84 41 40
is_linear=0
shrinkage=0.0167644


Tree=113
num_leaves=7
num_cat=0
split_feature=0 10 5 5 5 11
split_gain=21.4839 3.39186 3.15003 2.57592 0.916983 0.720427
threshold=12.500000000000002 7.5000000000000009 40.500000000000007 31.000000000000004 10.500000000000002 56.000000000000007
decision_type=2 2 2 2 2 2
left_child=1 -1 3 -2 -3 -4
right_child=2 4 5 -5 -6 -7
leaf_value=-0.039180215815600355 0.0076460916541459222 -0.010271636725162689 0.19536336996681952 -0.047082585596738037 -0.053126686491631429 0.066365072203635189
leaf_weight=37 66.400000095367432 21 23.300000309944153 20.400000095367432 20 29.800000429153442
leaf_count=37 65 21 18 19 20 22
internal_value=0.000150518 -0.00657591 0.00422805 0.00156873 -0.00179309 0.0075863
internal_weight=217.9 78 139.9 86.8 41 53.1
internal_count=202 78 124 84 41 40
is_linear=0
shrinkage=0.0167644


Tree=114
num_leaves=6
num_cat=0
split_feature=0 10 1 0 5
split_gain=20.1909 3.39186 2.17747 2.322 0.916983
threshold=12.500000000000002 7.5000000000000009 53.000000000000007 28.500000000000004 10.500000000000002
decision_type=2 2 2 2 2
left_child=1 -1 3 -2 -3
right_child=2 4 -4 -5 -6
leaf_value=-0.038523382652526521 0.0079656673720631122 -0.010099438805889165 0.19930196111101733 -0.0025265521050520418 -0.052236048989884008
leaf_weight=37 64.350000023841858 21 36.750000596046448 38.800000309944153 20
leaf_count=37 64 21 26 34 20
internal_value=0 -0.00657591 0.00391078 0.00201508 -0.00179309
internal_weight=217.9 78 139.9 103.15 41
internal_count=202 78 124 98 41
is_linear=0
shrinkage=0.0167644


Tree=115
num_leaves=6
num_cat=0
split_feature=1 1 11 4 8
split_gain=14.9947 5.15561 4.22863 2.99897 0.617932
threshold=14.500000000000002 61.500000000000007 3.5000000000000004 42.500000000000007 7.5000000000000009
decision_type=2 2 2 2 2
left_child=2 3 -1 -2 -4
right_child=1 -3 4 -5 -6
leaf_value=-0.10276608564528604 0.011682733891532878 0.30996376618609894 -0.011465603736278616 -0.054000255793271938 -0.029852685209685287
leaf_weight=20 73.450000166893005 26.300000429153442 19 22.750000238418579 42
leaf_count=20 71 18 19 19 42
internal_value=0.000347959 0.00418634 -0.00493948 0.00175852 -0.0017565
internal_weight=203.5 122.5 81 96.2 61
internal_count=189 108 81 90 61
is_linear=0
shrinkage=0.0167644


Tree=116
num_leaves=7
num_cat=0
split_feature=1 11 11 1 11 8
split_gain=16.2539 4.80539 4.22863 2.49758 2.02444 0.617932
threshold=14.500000000000002 25.500000000000004 3.5000000000000004 61.500000000000007 18.500000000000004 7.5000000000000009
decision_type=2 2 2 2 2 2
left_child=2 4 -1 -3 -2 -4
right_child=1 3 5 -5 -6 -7
leaf_value=-0.10104327295306412 0.013293370032933302 0.019508945170250022 -0.011273389665685061 0.27854786634072526 -0.076540181352270781 -0.029352222584752084
leaf_weight=20 28 49.850000381469727 19 24.950000405311584 19.700000047683716 42
leaf_count=20 28 44 19 17 19 42
internal_value=0.000567402 0.00454768 -0.00493948 0.00712816 0 -0.0017565
internal_weight=203.5 122.5 81 74.8 47.7 61
internal_count=189 108 81 61 47 61
is_linear=0
shrinkage=0.0167644


Tree=117
num_leaves=6
num_cat=0
split_feature=1 11 1 4 9
split_gain=17.2162 4.22863 3.84116 2.4103 0.617932
threshold=14.500000000000002 3.5000000000000004 61.500000000000007 34.500000000000007 7.5000000000000009
decision_type=2 2 2 2 2
left_child=1 -1 3 -2 -3
right_child=2 4 -4 -5 -6
leaf_value=-0.099349342197464038 0.0096460760991228522 -0.011084397950388583 0.30009771647065991 -0.0091755197485170747 -0.028860149919958
leaf_weight=20 64.050000071525574 19 26.300000429153442 32.150000333786011 42
leaf_count=20 63 19 18 27 42
internal_value=0.000729952 -0.00493948 0.00481534 0.00255467 -0.0017565
internal_weight=203.5 81 122.5 96.2 61
internal_count=189 81 108 90 61
is_linear=0
shrinkage=0.0167644


Tree=118
num_leaves=6
num_cat=0
split_feature=1 1 5 4 5
split_gain=15.8918 3.84116 3.4417 2.4103 0.933053
threshold=14.500000000000002 61.500000000000007 4.5000000000000009 34.500000000000007 8.5000000000000018
decision_type=2 2 2 2 2
left_child=2 3 -1 -2 -4
right_child=1 -3 4 -5 -6
leaf_value=-0.089301604684363434 0.009484365334045456 0.2950667556084644 -0.011167360037966536 -0.0090216975825639905 -0.012112189264641878
leaf_weight=21 64.050000071525574 26.300000429153442 22 32.150000333786011 38
leaf_count=21 63 18 22 27 38
internal_value=0.000892503 0.00481534 -0.00453922 0.00255467 -0.0015174
internal_weight=203.5 122.5 81 96.2 60
internal_count=189 108 81 90 60
is_linear=0
shrinkage=0.0167644


Tree=119
num_leaves=6
num_cat=0
split_feature=1 1 7 4 7
split_gain=15.8918 3.84116 3.4417 2.4103 0.933053
threshold=14.500000000000002 61.500000000000007 4.5000000000000009 34.500000000000007 8.5000000000000018
decision_type=2 2 2 2 2
left_child=2 3 -1 -2 -4
right_child=1 -3 4 -5 -6
leaf_value=-0.087804516058091892 0.0093253655543753065 0.29012013583188129 -0.01098014584671643 -0.0088704541543158377 -0.011909135569790182
leaf_weight=21 64.050000071525574 26.300000429153442 22 32.150000333786011 38
leaf_count=21 63 18 22 27 38
internal_value=0.000892503 0.00481534 -0.00453922 0.00255467 -0.0015174
internal_weight=203.5 122.5 81 96.2 60
internal_count=189 108 81 90 60
is_linear=0
shrinkage=0.0167644


Tree=120
num_leaves=4
num_cat=0
split_feature=0 1 0
split_gain=25.2764 6.11145 3.37991
threshold=9.5000000000000018 42.500000000000007 32.500000000000007
decision_type=2 2 2
left_child=-1 2 -2
right_child=1 -3 -4
leaf_value=-0.05019608207973756 0.011282259889142044 0.19674995722945635 -0.0063719568228003667
leaf_weight=51 82.350000023841858 51.900000810623169 20.100000143051147
leaf_count=51 82 37 18
internal_value=0.000759712 0.00431402 0.00139116
internal_weight=205.35 154.35 102.45
internal_count=188 137 100
is_linear=0
shrinkage=0.0167644


Tree=121
num_leaves=4
num_cat=0
split_feature=0 5 0
split_gain=23.3179 4.45609 1.76018
threshold=9.5000000000000018 40.500000000000007 28.500000000000004
decision_type=2 2 2
left_child=-1 2 -2
right_child=1 -3 -4
leaf_value=-0.049354574429000736 0.0066831433842718365 0.12468634927985552 -0.0041945510474718003
leaf_weight=51 74.350000023841858 55.900000810623169 24.100000143051147
leaf_count=51 74 41 22
internal_value=0.000381114 0.00381253 0.00111488
internal_weight=205.35 154.35 98.45
internal_count=188 137 96
is_linear=0
shrinkage=0.0167644


Tree=122
num_leaves=4
num_cat=0
split_feature=0 5 5
split_gain=22.5054 5.11381 1.45178
threshold=9.5000000000000018 40.500000000000007 19.500000000000004
decision_type=2 2 2
left_child=-1 2 -2
right_child=1 -3 -4
leaf_value=-0.048527174156706793 0.020759571387429582 0.12259605632243369 -0.0014550195702539856
leaf_weight=51 53.700000047683716 55.900000810623169 44.75000011920929
leaf_count=51 53 41 43
internal_value=0.000220009 0.00359913 0.000783627
internal_weight=205.35 154.35 98.45
internal_count=188 137 96
is_linear=0
shrinkage=0.0167644


Tree=123
num_leaves=4
num_cat=0
split_feature=2 5 5
split_gain=22.5054 5.11381 1.45178
threshold=9.5000000000000018 40.500000000000007 19.500000000000004
decision_type=2 2 2
left_child=-1 2 -2
right_child=1 -3 -4
leaf_value=-0.047713644760993421 0.02041154944179667 0.12054080589110294 -0.0014306270270592163
leaf_weight=51 53.700000047683716 55.900000810623169 44.75000011920929
leaf_count=51 53 41 43
internal_value=0.000220009 0.00359913 0.000783627
internal_weight=205.35 154.35 98.45
internal_count=188 137 96
is_linear=0
shrinkage=0.0167644


Tree=124
num_leaves=5
num_cat=0
split_feature=0 3 10 10
split_gain=17.3804 5.10746 2.63622 1.46105
threshold=9.5000000000000018 48.500000000000007 34.500000000000007 8.5000000000000018
decision_type=2 2 2 2
left_child=3 2 -2 -1
right_child=1 -3 -4 -5
leaf_value=-0.060232182213305167 0.0071512983915081318 0.1861376540329123 -0.014662152681731483 -0.060172533289778091
leaf_weight=31 86.800000190734863 45.500000715255737 22.050000071525574 20
leaf_count=31 84 32 21 20
internal_value=0.000324728 0.00331104 0.000860807 -0.00769552
internal_weight=205.35 154.35 108.85 51
internal_count=188 137 105 51
is_linear=0
shrinkage=0.0167644


Tree=125
num_leaves=6
num_cat=0
split_feature=0 0 5 5 11
split_gain=17.971 4.58083 2.98346 2.26194 1.82722
threshold=15.500000000000002 48.500000000000007 32.500000000000007 4.5000000000000009 7.5000000000000009
decision_type=2 2 2 2 2
left_child=3 2 -2 -1 -5
right_child=1 -3 -4 4 -6
leaf_value=-0.10656921237626903 0.0064122926387300975 0.24089357345150786 -0.059927701120442878 -0.0069673909280066545 -0.024460224491243538
leaf_weight=19 65.75000011920929 45.900000691413879 19.400000095367432 18 41
leaf_count=19 64 33 18 18 41
internal_value=0.000303226 0.00423833 0.00128354 -0.00574565 -0.00289903
internal_weight=209.05 131.05 85.15 78 59
internal_count=193 115 82 78 59
is_linear=0
shrinkage=0.0167644


Tree=126
num_leaves=6
num_cat=0
split_feature=0 0 11 5 11
split_gain=16.7235 5.11535 3.69704 2.26194 1.82722
threshold=15.500000000000002 61.500000000000007 37.500000000000007 4.5000000000000009 7.5000000000000009
decision_type=2 2 2 2 2
left_child=3 2 -2 -1 -5
right_child=1 -3 -4 4 -6
leaf_value=-0.10478264251200807 0.014168181805530452 0.27805040961882088 -0.046120834440742955 -0.0068505867367496722 -0.024050163283370299
leaf_weight=19 70.800000190734863 33.800000548362732 26.450000166893005 18 41
leaf_count=19 68 23 24 18 41
internal_value=8.95328e-05 0.00390007 0.00136292 -0.00574565 -0.00289903
internal_weight=209.05 131.05 97.25 78 59
internal_count=193 115 92 78 59
is_linear=0
shrinkage=0.0167644


Tree=127
num_leaves=6
num_cat=0
split_feature=0 0 11 5 11
split_gain=15.3619 5.11535 3.69704 2.95638 1.38659
threshold=15.500000000000002 61.500000000000007 37.500000000000007 4.5000000000000009 7.5000000000000009
decision_type=2 2 2 2 2
left_child=3 2 -2 -1 -5
right_child=1 -3 -4 4 -6
leaf_value=-0.10302602343567839 0.013930660610799658 0.27338905882628162 -0.045347645908247539 -0.0067357406987291393 -0.02364697650930541
leaf_weight=19 70.800000190734863 33.800000548362732 26.450000166893005 18 41
leaf_count=19 68 23 24 18 41
internal_value=0.000247824 0.00390007 0.00136292 -0.00533052 -0.0023562
internal_weight=209.05 131.05 97.25 78 59
internal_count=193 115 92 78 59
is_linear=0
shrinkage=0.0167644


Tree=128
num_leaves=6
num_cat=0
split_feature=0 0 11 5 11
split_gain=15.3619 5.11535 3.69704 2.95638 1.38659
threshold=15.500000000000002 61.500000000000007 37.500000000000007 4.5000000000000009 7.5000000000000009
decision_type=2 2 2 2 2
left_child=3 2 -2 -1 -5
right_child=1 -3 -4 4 -6
leaf_value=-0.10129885304002091 0.013697121318526117 0.26880585282497249 -0.044587419424553527 -0.0066228199866633026 -0.023250548923228791
leaf_weight=19 70.800000190734863 33.800000548362732 26.450000166893005 18 41
leaf_count=19 68 23 24 18 41
internal_value=0.000247824 0.00390007 0.00136292 -0.00533052 -0.0023562
internal_weight=209.05 131.05 97.25 78 59
internal_count=193 115 92 78 59
is_linear=0
shrinkage=0.0167644


Tree=129
num_leaves=6
num_cat=0
split_feature=0 0 11 10 6
split_gain=12.8224 5.11535 3.69704 1.00337 0.363421
threshold=15.500000000000002 61.500000000000007 37.500000000000007 11.500000000000002 7.5000000000000009
decision_type=2 2 2 2 2
left_child=3 2 -2 4 -1
right_child=1 -3 -4 -5 -6
leaf_value=-0.029715525505661502 0.013467497174468416 0.26429948156365113 -0.043839937688573215 -0.024076263859162769 -0.010759277668781911
leaf_weight=32 70.800000190734863 33.800000548362732 26.450000166893005 24 22
leaf_count=32 68 23 24 24 22
internal_value=0.000564407 0.00390007 0.00136292 -0.00450026 -0.00581224
internal_weight=209.05 131.05 97.25 78 54
internal_count=193 115 92 78 54
is_linear=0
shrinkage=0.0167644


Tree=130
num_leaves=5
num_cat=0
split_feature=2 1 8 5
split_gain=8.05085 3.61388 6.89451 3.59272
threshold=15.500000000000002 73.500000000000014 48.500000000000007 4.5000000000000009
decision_type=2 2 2 2
left_child=3 2 -2 -1
right_child=1 -3 -4 -5
leaf_value=-0.074573701960183716 0.019251786841954884 0.27968676654513014 -0.081949160552787378 -0.0049960394241731583
leaf_weight=19 86.450000405311584 19.550000309944153 20.750000238418579 61
leaf_count=19 80 13 17 61
internal_value=0.00145076 0.004159 0.00232961 -0.00236602
internal_weight=206.75 126.75 107.2 80
internal_count=190 110 97 80
is_linear=0
shrinkage=0.0167644


Tree=131
num_leaves=5
num_cat=0
split_feature=11 5 9 5
split_gain=8.42861 4.74176 3.40355 3.3238
threshold=25.500000000000004 4.5000000000000009 51.500000000000007 19.500000000000004
decision_type=2 2 2 2
left_child=1 -1 -2 -3
right_child=2 3 -4 -5
leaf_value=-0.073323517919055253 0.023843161027683666 0.00080859199295398628 0.068137062153938929 -0.037806754658196995
leaf_weight=19 46.100000381469727 78.700000047683716 36.250000476837158 26.700000047683716
leaf_count=19 40 78 27 26
internal_value=0.00145076 -0.00105216 0.00559973 5.9087e-05
internal_weight=206.75 124.4 82.35 105.4
internal_count=190 123 67 104
is_linear=0
shrinkage=0.0167644


Tree=132
num_leaves=5
num_cat=0
split_feature=0 1 8 5
split_gain=7.78919 3.18288 7.45593 2.32987
threshold=15.500000000000002 73.500000000000014 48.500000000000007 4.5000000000000009
decision_type=2 2 2 2
left_child=3 2 -2 -1
right_child=1 -3 -4 -5
leaf_value=-0.072094292474531321 0.018915486446249907 0.27385570561703038 -0.081717608885928203 -0.0049258393427239408
leaf_weight=19 86.450000405311584 19.550000309944153 20.750000238418579 61
leaf_count=19 80 13 17 61
internal_value=0.00177082 0.00441787 0.00263451 -0.00196093
internal_weight=206.75 126.75 107.2 80
internal_count=190 110 97 80
is_linear=0
shrinkage=0.0167644


Tree=133
num_leaves=5
num_cat=0
split_feature=11 8 1 5
split_gain=7.28366 3.40355 2.48468 3.59423
threshold=25.500000000000004 51.500000000000007 4.5000000000000009 19.500000000000004
decision_type=2 2 2 2
left_child=2 -2 -1 -4
right_child=1 -3 3 -5
leaf_value=-0.063151768313626469 0.022726651883425784 0.064913090616981833 0.0015447428534930759 -0.037889739448046522
leaf_weight=20 46.100000381469727 36.250000476837158 77.700000047683716 26.700000047683716
leaf_count=20 40 27 77 26
internal_value=0.00177082 0.00559973 -0.000524846 0.000216071
internal_weight=206.75 82.35 124.4 104.4
internal_count=190 67 123 103
is_linear=0
shrinkage=0.0167644


Tree=134
num_leaves=4
num_cat=0
split_feature=1 10 8
split_gain=6.9614 3.72457 5.28367
threshold=73.500000000000014 4.5000000000000009 48.500000000000007
decision_type=2 2 2
left_child=1 -1 -3
right_child=-2 2 -4
leaf_value=-0.062093066239845916 0.26817644695678317 0.0067040271070492839 -0.081435891068433935
leaf_weight=24 19.550000309944153 142.45000040531158 20.750000238418579
leaf_count=24 13 136 17
internal_value=0.00193085 0.000642562 0.00174559
internal_weight=206.75 187.2 163.2
internal_count=190 177 153
is_linear=0
shrinkage=0.0167644


Tree=135
num_leaves=4
num_cat=0
split_feature=0 1 5
split_gain=3.87335 2.72892 3.61157
threshold=5.5000000000000009 61.500000000000007 19.500000000000004
decision_type=2 2 2
left_child=-1 2 -2
right_child=1 -3 -4
leaf_value=-0.046353573255876225 -0.0006587499992298121 0.18167294797902206 -0.0095586476922035462
leaf_weight=26 80.350000023841858 25.550000429153442 66.500000357627869
leaf_count=26 80 18 61
internal_value=0 0.000993539 0
internal_weight=198.4 172.4 146.85
internal_count=185 159 141
is_linear=0
shrinkage=0.0167644


Tree=136
num_leaves=4
num_cat=0
split_feature=0 1 5
split_gain=3.87335 2.72892 3.61157
threshold=5.5000000000000009 61.500000000000007 19.500000000000004
decision_type=2 2 2
left_child=-1 2 -2
right_child=1 -3 -4
leaf_value=-0.045576482994691157 -0.00064770644480667506 0.17862730837285895 -0.0093984026126989629
leaf_weight=26 80.350000023841858 25.550000429153442 66.500000357627869
leaf_count=26 80 18 61
internal_value=0 0.000993539 0
internal_weight=198.4 172.4 146.85
internal_count=185 159 141
is_linear=0
shrinkage=0.0167644


Tree=137
num_leaves=4
num_cat=0
split_feature=0 1 5
split_gain=3.87335 2.72892 3.61157
threshold=5.5000000000000009 61.500000000000007 19.500000000000004
decision_type=2 2 2
left_child=-1 2 -2
right_child=1 -3 -4
leaf_value=-0.044812420192483125 -0.00063684802904682058 0.17563272711475378 -0.0092408439472491579
leaf_weight=26 80.350000023841858 25.550000429153442 66.500000357627869
leaf_count=26 80 18 61
internal_value=0 0.000993539 0
internal_weight=198.4 172.4 146.85
internal_count=185 159 141
is_linear=0
shrinkage=0.0167644


Tree=138
num_leaves=4
num_cat=0
split_feature=0 1 5
split_gain=3.87335 2.72892 3.61157
threshold=5.5000000000000009 61.500000000000007 19.500000000000004
decision_type=2 2 2
left_child=-1 2 -2
right_child=1 -3 -4
leaf_value=-0.044061166451601429 -0.000626171648210023 0.17268834824167636 -0.0090859266597101869
leaf_weight=26 80.350000023841858 25.550000429153442 66.500000357627869
leaf_count=26 80 18 61
internal_value=0 0.000993539 0
internal_weight=198.4 172.4 146.85
internal_count=185 159 141
is_linear=0
shrinkage=0.0167644


Tree=139
num_leaves=4
num_cat=0
split_feature=0 1 5
split_gain=3.87335 2.72892 3.61157
threshold=5.5000000000000009 61.500000000000007 19.500000000000004
decision_type=2 2 2
left_child=-1 2 -2
right_child=1 -3 -4
leaf_value=-0.043322507035702958 -0.00061567425058828371 0.16979333014031067 -0.0089336064689423955
leaf_weight=26 80.350000023841858 25.550000429153442 66.500000357627869
leaf_count=26 80 18 61
internal_value=0 0.000993539 0
internal_weight=198.4 172.4 146.85
internal_count=185 159 141
is_linear=0
shrinkage=0.0167644


Tree=140
num_leaves=5
num_cat=0
split_feature=1 0 8 10
split_gain=9.24713 3.57564 2.99461 2.10878
threshold=64.500000000000014 10.500000000000002 48.500000000000007 7.5000000000000009
decision_type=2 2 2 2
left_child=1 3 -3 -1
right_child=-2 2 -4 -5
leaf_value=-0.014435128927428599 0.20048700475796616 0.0077720289239920541 -0.065356115865070979 -0.0069439027886809583
leaf_weight=34 27.9000004529953 101.20000028610229 20.150000214576721 26
leaf_count=34 19 97 17 26
internal_value=0.000998765 -0.000230477 0.00119283 -0.00365411
internal_weight=209.25 181.35 121.35 60
internal_count=193 174 114 60
is_linear=0
shrinkage=0.0167644


Tree=141
num_leaves=5
num_cat=0
split_feature=3 0 8 10
split_gain=9.24713 2.51536 3.23359 0.902194
threshold=64.500000000000014 14.500000000000002 48.500000000000007 7.5000000000000009
decision_type=2 2 2 2
left_child=1 3 -3 -1
right_child=-2 2 -4 -5
leaf_value=-0.01384583369666666 0.19712595860880378 0.0071460881375910775 -0.064260459207335502 -0.025764912667304223
leaf_weight=37 27.9000004529953 82.200000286102295 20.150000214576721 42
leaf_count=37 19 78 17 42
internal_value=0.000998765 -0.000230477 0.00124895 -0.00259999
internal_weight=209.25 181.35 102.35 79
internal_count=193 174 95 79
is_linear=0
shrinkage=0.0167644


Tree=142
num_leaves=5
num_cat=0
split_feature=5 10 9 0
split_gain=10.9941 2.28514 2.87258 2.24136
threshold=46.500000000000007 24.500000000000004 16.500000000000004 28.500000000000004
decision_type=2 2 2 2
left_child=1 2 -1 -3
right_child=-2 3 -4 -5
leaf_value=-0.0037136090425474305 0.11328769024105045 0.013162492724483452 -0.033409298525503874 -0.041713222760153504
leaf_weight=84 48.400000691413879 23 32.700000047683716 21.150000214576721
leaf_count=84 36 23 32 18
internal_value=0.00121226 -0.000710183 -0.00210227 0.00204788
internal_weight=209.25 160.85 116.7 44.15
internal_count=193 157 116 41
is_linear=0
shrinkage=0.0167644


Tree=143
num_leaves=5
num_cat=0
split_feature=3 0 8 10
split_gain=8.95669 2.88468 3.6593 0.902194
threshold=64.500000000000014 14.500000000000002 48.500000000000007 7.5000000000000009
decision_type=2 2 2 2
left_child=1 3 -3 -1
right_child=-2 2 -4 -5
leaf_value=-0.013551460016580414 0.19192205723687314 0.0066358760850457211 -0.065926883808444747 -0.024987804799784703
leaf_weight=37 27.9000004529953 82.200000286102295 20.150000214576721 42
leaf_count=37 19 78 17 42
internal_value=0.00115691 -4.8371e-05 0.00156792 -0.00259999
internal_weight=209.25 181.35 102.35 79
internal_count=193 174 95 79
is_linear=0
shrinkage=0.0167644


Tree=144
num_leaves=5
num_cat=0
split_feature=1 0 8 4
split_gain=8.95669 2.88468 3.6593 0.459223
threshold=64.500000000000014 14.500000000000002 48.500000000000007 6.5000000000000009
decision_type=2 2 2 2
left_child=1 3 -3 -1
right_child=-2 2 -4 -5
leaf_value=-0.018136379455695271 0.18870459737111253 0.0065246295442093882 -0.064821658563456175 -0.012830060901373999
leaf_weight=29 27.9000004529953 82.200000286102295 20.150000214576721 50
leaf_count=29 19 78 17 50
internal_value=0.00115691 -4.8371e-05 0.00156792 -0.00259999
internal_weight=209.25 181.35 102.35 79
internal_count=193 174 95 79
is_linear=0
shrinkage=0.0167644


Tree=145
num_leaves=5
num_cat=0
split_feature=5 4 5 0
split_gain=5.96184 2.28256 4.43752 0.265458
threshold=40.500000000000007 6.5000000000000009 25.500000000000004 61.500000000000007
decision_type=2 2 2 2
left_child=1 -1 -3 -2
right_child=3 2 -4 -5
leaf_value=-0.013708897299286406 0.0042204675482880299 0.016168526137322704 -0.018221308884841227 0.26990161252040784
leaf_weight=28 26.450000286102295 90.050000071525574 38.100000143051147 28.4000004529953
leaf_count=28 22 89 36 19
internal_value=0.00259435 0.000604597 0.00175833 0.00728314
internal_weight=211 156.15 128.15 54.85
internal_count=194 153 125 41
is_linear=0
shrinkage=0.0167644


Tree=146
num_leaves=6
num_cat=0
split_feature=10 1 0 11 10
split_gain=6.51267 1.68099 9.79741 1.50181 3.0523
threshold=25.500000000000004 42.500000000000007 28.500000000000004 18.500000000000004 12.500000000000002
decision_type=2 2 2 2 2
left_child=3 2 -2 4 -1
right_child=1 -3 -4 -5 -6
leaf_value=-0.0075118346738342412 0.047201802874950634 0.16638799292698409 -0.040929083856932259 -0.023402440035084265 0.020463327880981777
leaf_weight=69 22.350000023841858 49.200000762939453 19.75000011920929 27.350000023841858 23.350000023841858
leaf_count=69 22 35 18 27 23
internal_value=0.00228066 0.00559268 0.00163703 0 0.000710507
internal_weight=211 91.3 42.1 119.7 92.35
internal_count=194 75 40 119 92
is_linear=0
shrinkage=0.0167644


Tree=147
num_leaves=4
num_cat=0
split_feature=0 4 5
split_gain=4.89846 2.75902 2.66785
threshold=61.500000000000007 6.5000000000000009 25.500000000000004
decision_type=2 2 2
left_child=1 -1 -3
right_child=-2 2 -4
leaf_value=-0.013353144268975195 0.24499675803045179 0.016342415421359922 -0.001893016123380003
leaf_weight=28 29.750000476837158 90.050000071525574 63.200000405311584
leaf_count=28 20 89 57
internal_value=0.00238261 0.00104141 0.00208793
internal_weight=211 181.25 153.25
internal_count=194 174 146
is_linear=0
shrinkage=0.0167644


Tree=148
num_leaves=4
num_cat=0
split_feature=1 11 4
split_gain=5.38551 2.10556 3.04143
threshold=48.500000000000007 37.500000000000007 6.5000000000000009
decision_type=2 2 2
left_child=1 2 -1
right_child=-2 -3 -4
leaf_value=-0.013129286696866574 0.19385609781670629 -0.056127365803175892 0.0070664916044340699
leaf_weight=28 43.800000667572021 19.400000095367432 119.80000019073486
leaf_count=28 31 18 117
internal_value=0.00185717 0.000205279 0.00112246
internal_weight=211 167.2 147.8
internal_count=194 163 145
is_linear=0
shrinkage=0.0167644


Tree=149
num_leaves=4
num_cat=0
split_feature=1 11 6
split_gain=5.78447 1.88975 2.72524
threshold=48.500000000000007 37.500000000000007 6.5000000000000009
decision_type=2 2 2
left_child=1 2 -1
right_child=-2 -3 -4
leaf_value=-0.012909181964656999 0.1906062149036214 -0.055186423686138818 0.0069480260489042109
leaf_weight=28 43.800000667572021 19.400000095367432 119.80000019073486
leaf_count=28 31 18 117
internal_value=0.00170032 8.01303e-06 0.000899779
internal_weight=211 167.2 147.8
internal_count=194 163 145
is_linear=0
shrinkage=0.0167644


Tree=150
num_leaves=4
num_cat=0
split_feature=5 5 10
split_gain=6.66974 3.20868 4.20623
threshold=42.500000000000007 29.500000000000004 7.5000000000000009
decision_type=2 2 2
left_child=1 2 -1
right_child=-2 -3 -4
leaf_value=-0.025140802333966324 0.091816921329393703 -0.046646398909019129 0.008036040409603153
leaf_weight=36 50.300000667572021 18.75000011920929 102.10000014305115
leaf_count=36 38 17 100
internal_value=0.00104869 -0.000454905 0.000211983
internal_weight=207.15 156.85 138.1
internal_count=191 153 136
is_linear=0
shrinkage=0.0167644


Tree=151
num_leaves=5
num_cat=0
split_feature=7 10 0 4
split_gain=5.48779 2.96882 4.15286 2.7961
threshold=73.500000000000014 7.5000000000000009 5.5000000000000009 12.500000000000002
decision_type=2 2 2 2
left_child=1 2 -1 -3
right_child=-2 3 -4 -5
leaf_value=-0.038563146782703034 0.13182842318444674 0.01311064573815319 0.00079047170032809494 -0.00097590080708874569
leaf_weight=18 19.300000309944153 38 18 113.85000061988831
leaf_count=18 13 38 18 104
internal_value=0.000888963 0 -0.00418654 0.0010009
internal_weight=207.15 187.85 36 151.85
internal_count=191 178 36 142
is_linear=0
shrinkage=0.0167644


Tree=152
num_leaves=6
num_cat=0
split_feature=10 0 5 5 0
split_gain=4.47924 4.15286 1.96009 5.04043 0.181769
threshold=7.5000000000000009 5.5000000000000009 42.500000000000007 29.500000000000004 61.500000000000007
decision_type=2 2 2 2 2
left_child=1 -1 3 -2 -4
right_child=2 -3 4 -5 -6
leaf_value=-0.037916658417284733 0.0081420263211862513 0.00077721990943213854 0.0015709882606450814 -0.045848039198531629 0.20086713618811478
leaf_weight=18 102.10000014305115 18 26.450000286102295 18.75000011920929 23.850000381469727
leaf_count=18 100 18 22 17 16
internal_value=0.000673336 -0.00418654 0.00196943 0.000411083 0.0047643
internal_weight=207.15 36 171.15 120.85 50.3
internal_count=191 36 155 117 38
is_linear=0
shrinkage=0.0167644


Tree=153
num_leaves=5
num_cat=0
split_feature=10 0 0 6
split_gain=4.90391 4.15286 1.54122 2.65744
threshold=7.5000000000000009 5.5000000000000009 61.500000000000007 12.500000000000002
decision_type=2 2 2 2
left_child=1 -1 3 -2
right_child=2 -3 -4 -5
leaf_value=-0.037281008047245205 0.012754357251172778 0.00076419027697888708 0.1729087910140383 -0.00048474491950349852
leaf_weight=18 38 18 26.550000429153442 106.60000050067902
leaf_count=18 38 18 18 99
internal_value=0.000888963 -0.00418654 0.00222969 0.00114684
internal_weight=207.15 36 171.15 144.6
internal_count=191 36 155 137
is_linear=0
shrinkage=0.0167644


Tree=154
num_leaves=5
num_cat=0
split_feature=5 5 0 0
split_gain=4.06485 3.20868 3.36938 0.181769
threshold=42.500000000000007 29.500000000000004 5.5000000000000009 61.500000000000007
decision_type=2 2 2 2
left_child=1 2 -1 -2
right_child=3 -3 -4 -5
leaf_value=-0.035975390492481031 0.0015527780329886529 -0.045071297454956305 0.0021971898802091378 0.19460100366601435
leaf_weight=24 26.450000286102295 18.75000011920929 114.10000014305115 23.850000381469727
leaf_count=24 22 17 112 16
internal_value=0.000673336 -0.000454905 0.000211983 0.0047643
internal_weight=207.15 156.85 138.1 50.3
internal_count=191 153 136 38
is_linear=0
shrinkage=0.0167644


Tree=155
num_leaves=4
num_cat=0
split_feature=1 4 0
split_gain=5.05467 5.85832 3.55332
threshold=61.500000000000007 42.500000000000007 10.500000000000002
decision_type=2 2 2
left_child=1 2 -1
right_child=-2 -3 -4
leaf_value=-0.0063799826125159748 0.14627155844567663 -0.071055660773877705 0.016365322590686987
leaf_weight=65 30.350000500679016 21.150000214576721 88.800000190734863
leaf_count=65 21 18 86
internal_value=0.00133599 0 0.00136855
internal_weight=205.3 174.95 153.8
internal_count=190 169 151
is_linear=0
shrinkage=0.0167644


Tree=156
num_leaves=4
num_cat=0
split_feature=1 10 4
split_gain=4.62256 2.54373 3.60591
threshold=61.500000000000007 4.5000000000000009 42.500000000000007
decision_type=2 2 2
left_child=1 -1 -3
right_child=-2 2 -4
leaf_value=-0.024232876265045708 0.14381940221320996 0.007995749973337846 -0.069864454614114155
leaf_weight=23 30.350000500679016 130.80000019073486 21.150000214576721
leaf_count=23 21 128 18
internal_value=0.00155353 0.000229344 0.00123863
internal_weight=205.3 174.95 151.95
internal_count=190 169 146
is_linear=0
shrinkage=0.0167644


Tree=157
num_leaves=4
num_cat=0
split_feature=5 6 11
split_gain=4.60947 1.92946 4.1461
threshold=48.500000000000007 6.5000000000000009 8.5000000000000018
decision_type=2 2 2
left_child=1 -1 -3
right_child=-2 2 -4
leaf_value=-0.0093906285849692742 0.050464951163284817 0.021848959848169289 -0.001131570827330973
leaf_weight=28 42.750000596046448 24 110.55000030994415
leaf_count=28 32 24 106
internal_value=0.00193222 0.000347954 0.00139559
internal_weight=205.3 162.55 134.55
internal_count=190 158 130
is_linear=0
shrinkage=0.0167644


Tree=158
num_leaves=4
num_cat=0
split_feature=1 10 10
split_gain=4.62256 2.54373 2.54039
threshold=61.500000000000007 4.5000000000000009 18.500000000000004
decision_type=2 2 2
left_child=1 -1 -3
right_child=-2 2 -4
leaf_value=-0.023876885410797483 0.14056233984875949 0.0057764311093752791 -0.0014066355002943151
leaf_weight=23 30.350000500679016 78.700000047683716 73.250000357627869
leaf_count=23 21 78 68
internal_value=0.00155353 0.000229344 0.00123863
internal_weight=205.3 174.95 151.95
internal_count=190 169 146
is_linear=0
shrinkage=0.0167644


Tree=159
num_leaves=4
num_cat=0
split_feature=1 4 11
split_gain=4.30989 1.97075 4.06553
threshold=61.500000000000007 6.5000000000000009 8.5000000000000018
decision_type=2 2 2
left_child=1 -1 -3
right_child=-2 2 -4
leaf_value=-0.0083357980468852441 0.13820589529198507 0.021385836495066955 -0.00025187526639022361
leaf_weight=28 30.350000500679016 24 122.95000040531158
leaf_count=28 21 24 117
internal_value=0.00171467 0.000418008 0.00139197
internal_weight=205.3 174.95 146.95
internal_count=190 169 141
is_linear=0
shrinkage=0.0167644


Tree=160
num_leaves=6
num_cat=0
split_feature=7 10 0 7 0
split_gain=11.7821 4.456 1.49698 1.24791 1.16606
threshold=42.500000000000007 7.5000000000000009 5.5000000000000009 19.500000000000004 64.500000000000014
decision_type=2 2 2 2 2
left_child=1 2 -1 -3 -2
right_child=4 3 -4 -5 -6
leaf_value=-0.03753328420140449 0.00095497116332683501 0.0048866873883411837 -0.0058425569872914349 -0.0012170050455734469 0.18080907474429753
leaf_weight=22 27.150000333786011 62.700000047683716 21 48.800000190734863 25.200000405311584
leaf_count=22 22 62 21 46 17
internal_value=0.000442368 -0.00170357 -0.0061103 0 0.0072485
internal_weight=206.85 154.5 43 111.5 52.35
internal_count=190 151 43 108 39
is_linear=0
shrinkage=0.0167644


Tree=161
num_leaves=6
num_cat=0
split_feature=7 10 7 0 0
split_gain=11.2764 3.46652 1.24791 1.16606 0.81943
threshold=42.500000000000007 7.5000000000000009 19.500000000000004 64.500000000000014 5.5000000000000009
decision_type=2 2 2 2 2
left_child=1 4 -3 -2 -1
right_child=3 2 -4 -5 -6
leaf_value=-0.036904060873524255 0.00093896163615112156 0.004804764962253928 -0.0011966026752209175 0.17777791746237487 -0.0057446099722861296
leaf_weight=22 27.150000333786011 62.700000047683716 48.800000190734863 25.200000405311584 21
leaf_count=22 22 62 46 17 21
internal_value=0.000602321 -0.00149038 0 0.0072485 -0.00537771
internal_weight=206.85 154.5 111.5 52.35 43
internal_count=190 151 108 39 43
is_linear=0
shrinkage=0.0167644


Tree=162
num_leaves=6
num_cat=0
split_feature=5 10 2 5 2
split_gain=10.7834 2.60096 1.99563 1.24791 1.16606
threshold=42.500000000000007 7.5000000000000009 5.5000000000000009 19.500000000000004 64.500000000000014
decision_type=2 2 2 2 2
left_child=1 2 -1 -3 -2
right_child=4 3 -4 -5 -6
leaf_value=-0.036285386102871908 0.00092322049923699201 0.0047242159172247783 -0.0056483049811017847 -0.0011765423385497835 0.17479757574090318
leaf_weight=22 27.150000333786011 62.700000047683716 21 48.800000190734863 25.200000405311584
leaf_count=22 22 62 21 46 17
internal_value=0.000762274 -0.00127718 -0.00464511 0 0.0072485
internal_weight=206.85 154.5 43 111.5 52.35
internal_count=190 151 43 108 39
is_linear=0
shrinkage=0.0167644


Tree=163
num_leaves=5
num_cat=0
split_feature=7 4 11 0
split_gain=10.3031 2.2269 2.19983 1.16606
threshold=42.500000000000007 6.5000000000000009 8.5000000000000018 64.500000000000014
decision_type=2 2 2 2
left_child=1 -1 -3 -2
right_child=3 2 -4 -5
leaf_value=-0.037466110349255261 0.00090774325318037166 -0.0079800177321197856 -0.0018632655631669866 0.17186719768704337
leaf_weight=30 27.150000333786011 23 101.50000023841858 25.200000405311584
leaf_count=30 22 23 98 17
internal_value=0.000922226 -0.00106398 0 0.0072485
internal_weight=206.85 154.5 124.5 52.35
internal_count=190 151 121 39
is_linear=0
shrinkage=0.0167644


Tree=164
num_leaves=6
num_cat=0
split_feature=7 10 0 10 0
split_gain=9.67495 2.79044 3.15513 1.7592 1.16606
threshold=42.500000000000007 24.500000000000004 28.500000000000004 16.500000000000004 64.500000000000014
decision_type=2 2 2 2 2
left_child=1 3 -3 -1 -2
right_child=4 2 -4 -5 -6
leaf_value=-0.0047397547737785704 0.00089252547400704891 7.2105518586514919e-05 -0.018884600522801057 -0.051252696147808467 0.16898594568943498
leaf_weight=91.700000047683716 27.150000333786011 22.350000023841858 18.450000166893005 22 25.200000405311584
leaf_count=91 22 22 16 22 17
internal_value=0.00113816 -0.000776168 0.00245547 -0.00230036 0.0072485
internal_weight=206.85 154.5 40.8 113.7 52.35
internal_count=190 151 38 113 39
is_linear=0
shrinkage=0.0167644


Tree=165
num_leaves=6
num_cat=0
split_feature=10 4 8 1 1
split_gain=10.8215 2.13231 3.06885 0.992123 0.599684
threshold=25.500000000000004 4.5000000000000009 7.5000000000000009 64.500000000000014 34.500000000000007
decision_type=2 2 2 2 2
left_child=1 -1 -3 4 -2
right_child=3 2 -4 -5 -6
leaf_value=-0.077259357129317405 0.011158635079090453 0.00099082511038090415 -0.0059844715369874275 0.14404875418285676 -0.00017124864500299189
leaf_weight=20 29.050000071525574 22 82.050000071525574 29.500000476837158 32.800000429153442
leaf_count=20 28 22 81 20 26
internal_value=0.00195803 -0.0010088 0 0.00631111 0.00364029
internal_weight=215.4 124.05 104.05 91.35 61.85
internal_count=197 123 103 74 54
is_linear=0
shrinkage=0.0167644


Tree=166
num_leaves=5
num_cat=0
split_feature=1 10 8 4
split_gain=10.5054 3.09962 2.40428 1.05607
threshold=73.500000000000014 12.500000000000002 51.500000000000007 4.5000000000000009
decision_type=2 2 2 2
left_child=1 3 -3 -1
right_child=-2 2 -4 -5
leaf_value=-0.064357335437721 0.19158380236510728 0.015879034750791721 -0.082844002385214985 -0.0039237239400990677
leaf_weight=19 19.550000309944153 99.1500004529953 23.700000286102295 54
leaf_count=19 13 92 19 54
internal_value=0.00195803 0.00050063 0.00225958 -0.00192083
internal_weight=215.4 195.85 122.85 73
internal_count=197 184 111 73
is_linear=0
shrinkage=0.0167644


Tree=167
num_leaves=5
num_cat=0
split_feature=0 4 9 1
split_gain=11.3935 2.47156 2.55399 1.6868
threshold=34.500000000000007 4.5000000000000009 7.5000000000000009 42.500000000000007
decision_type=2 2 2 2
left_child=1 -1 -3 -2
right_child=3 2 -4 -5
leaf_value=-0.074885236972331792 -0.025749352467460414 0.0010399934259503441 -0.0030701452162183946 0.14500151313910467
leaf_weight=20 19.800000190734863 22 101.35000002384186 52.250000834465027
leaf_count=20 17 22 101 37
internal_value=0.00201182 -0.000496935 0.00013708 0.00735655
internal_weight=215.4 143.35 123.35 72.05
internal_count=197 143 123 54
is_linear=0
shrinkage=0.0167644


Tree=168
num_leaves=4
num_cat=0
split_feature=1 5 8
split_gain=10.9781 2.66789 2.51104
threshold=73.500000000000014 4.5000000000000009 51.500000000000007
decision_type=2 2 2
left_child=1 -1 -3
right_child=-2 2 -4
leaf_value=-0.041105963108268542 0.18594114846888224 0.0041814714500095296 -0.080770029975503296
leaf_weight=21 19.550000309944153 151.1500004529953 23.700000286102295
leaf_count=21 13 144 19
internal_value=0.00175056 0.000272735 0.00115445
internal_weight=215.4 195.85 174.85
internal_count=197 184 163
is_linear=0
shrinkage=0.0167644


Tree=169
num_leaves=6
num_cat=0
split_feature=10 4 8 1 2
split_gain=8.51412 2.13231 3.06885 0.970336 5.26482
threshold=25.500000000000004 4.5000000000000009 7.5000000000000009 48.500000000000007 28.500000000000004
decision_type=2 2 2 2 2
left_child=1 -1 -3 4 -2
right_child=3 2 -4 -5 -6
leaf_value=-0.072940713052498357 0.040383646601264478 0.0024708928051249781 -0.0064926607649298468 0.13811707842706569 -0.014422443717087775
leaf_weight=20 19.350000023841858 22 82.050000071525574 48.200000762939453 23.800000190734863
leaf_count=20 19 22 81 34 21
internal_value=0.00159687 -0.0010088 0 0.00547393 0.00198295
internal_weight=215.4 124.05 104.05 91.35 43.15
internal_count=197 123 103 74 40
is_linear=0
shrinkage=0.0167644


Tree=170
num_leaves=4
num_cat=0
split_feature=0 11 11
split_gain=7.99397 1.55921 3.14055
threshold=64.500000000000014 4.5000000000000009 8.5000000000000018
decision_type=2 2 2
left_child=1 -1 -3
right_child=-2 2 -4
leaf_value=-0.067461776425643147 0.12936971240757761 0.00049560417773287363 -0.0011792597068346626
leaf_weight=23 29.250000476837158 25 135.60000061988831
leaf_count=23 20 25 126
internal_value=0.000632211 -0.000511048 0
internal_weight=212.85 183.6 160.6
internal_count=194 174 151
is_linear=0
shrinkage=0.0167644


Tree=171
num_leaves=4
num_cat=0
split_feature=0 11 11
split_gain=7.99397 1.55921 3.14055
threshold=64.500000000000014 4.5000000000000009 8.5000000000000018
decision_type=2 2 2
left_child=1 -1 -3
right_child=-2 2 -4
leaf_value=-0.066330819613031805 0.12720090563513534 0.00048729566658977969 -0.0011594901147790832
leaf_weight=23 29.250000476837158 25 135.60000061988831
leaf_count=23 20 25 126
internal_value=0.000632211 -0.000511048 0
internal_weight=212.85 183.6 160.6
internal_count=194 174 151
is_linear=0
shrinkage=0.0167644


Tree=172
num_leaves=5
num_cat=0
split_feature=5 5 8 0
split_gain=5.95281 1.14631 2.79756 0.797332
threshold=42.500000000000007 26.500000000000004 14.500000000000002 64.500000000000014
decision_type=2 2 2 2
left_child=1 2 -1 -2
right_child=3 -3 -4 -5
leaf_value=-0.012930504450096452 0.0015376436329362785 -0.018450975045071625 0.0029181909349083861 0.12506845762649227
leaf_weight=81 27.750000357627869 30.800000190734863 46.75000011920929 26.550000429153442
leaf_count=81 22 28 45 18
internal_value=0.000422283 -0.00103207 0 0.00519415
internal_weight=212.85 158.55 127.75 54.3
internal_count=194 154 126 40
is_linear=0
shrinkage=0.0167644


Tree=173
num_leaves=5
num_cat=0
split_feature=7 11 11 0
split_gain=5.28377 1.51432 3.26926 0.797332
threshold=42.500000000000007 4.5000000000000009 8.5000000000000018 64.500000000000014
decision_type=2 2 2 2
left_child=1 -1 -3 -2
right_child=3 2 -4 -5
leaf_value=-0.065002050357680335 0.0015118659461605033 0.00029735769045777 -0.0014467167093419073 0.1229717588484608
leaf_weight=23 27.750000357627869 25 110.55000030994415 26.550000429153442
leaf_count=23 22 25 106 18
internal_value=0.000733287 -0.000616387 0 0.00519415
internal_weight=212.85 158.55 135.55 54.3
internal_count=194 154 131 40
is_linear=0
shrinkage=0.0167644


Tree=174
num_leaves=5
num_cat=0
split_feature=7 7 10 0
split_gain=5.28377 1.22443 3.14185 0.797332
threshold=42.500000000000007 29.500000000000004 24.500000000000004 64.500000000000014
decision_type=2 2 2 2
left_child=1 2 -1 -2
right_child=3 -3 -4 -5
leaf_value=-0.0088878774433403165 0.0014865204070691311 -0.044667097704183097 0.013254406368281339 0.12091020998631724
leaf_weight=113.70000004768372 27.750000357627869 22.450000166893005 22.400000095367432 26.550000429153442
leaf_count=113 22 20 21 18
internal_value=0.000733287 -0.000616387 0 0.00519415
internal_weight=212.85 158.55 136.1 54.3
internal_count=194 154 134 40
is_linear=0
shrinkage=0.0167644


Tree=175
num_leaves=6
num_cat=0
split_feature=10 8 10 4 10
split_gain=4.45031 3.54405 2.99686 3.34686 1.68036
threshold=24.500000000000004 37.500000000000007 18.500000000000004 6.5000000000000009 56.000000000000007
decision_type=2 2 2 2 2
left_child=2 -2 3 -1 -3
right_child=1 4 -4 -5 -6
leaf_value=-0.026743915940184312 0.012083502176225546 -0.0074790569997667151 -0.035404533757183013 0.0010473318693826109 0.0085588227920210067
leaf_weight=31 35.450000166893005 27.000000357627869 21.350000023841858 75.350000023841858 25.050000309944153
leaf_count=31 33 21 21 75 19
internal_value=0.00147528 0.00436093 -0.00025458 0.000619347 0.000621202
internal_weight=215.2 87.5 127.7 106.35 52.05
internal_count=200 73 127 106 40
is_linear=0
shrinkage=0.0167644


Tree=176
num_leaves=5
num_cat=0
split_feature=4 10 8 8
split_gain=3.88171 1.05725 4.42932 2.64255
threshold=6.5000000000000009 24.500000000000004 7.5000000000000009 37.500000000000007
decision_type=2 2 2 2
left_child=-1 2 -2 -3
right_child=1 3 -4 -5
leaf_value=-0.026295569994805996 0.0019636096845159069 0.011880929403457431 -0.0047796785104794745 0.0011392096418791637
leaf_weight=31 18 35.450000166893005 78.700000047683716 52.050000667572021
leaf_count=31 18 33 78 40
internal_value=0.00147528 0.00252687 0.000738424 0.00398949
internal_weight=215.2 184.2 96.7 87.5
internal_count=200 169 96 73
is_linear=0
shrinkage=0.0167644


Tree=177
num_leaves=5
num_cat=0
split_feature=4 10 8 8
split_gain=4.13567 0.682981 1.26565 1.18438
threshold=6.5000000000000009 11.500000000000002 8.5000000000000018 28.500000000000004
decision_type=2 2 2 2
left_child=-1 2 -2 -3
right_child=1 3 -4 -5
leaf_value=-0.025854740304234434 0.0034995141705128612 0.00086566063811898482 -0.017157470696132462 0.0013219774636703014
leaf_weight=31 19 70.100000143051147 25 70.100000739097595
leaf_count=31 19 68 25 57
internal_value=0.0016291 0.0027062 0 0.00330455
internal_weight=215.2 184.2 44 140.2
internal_count=200 169 44 125
is_linear=0
shrinkage=0.0167644


Tree=178
num_leaves=5
num_cat=0
split_feature=4 10 8 8
split_gain=4.13567 0.682981 1.26565 1.18438
threshold=6.5000000000000009 11.500000000000002 8.5000000000000018 28.500000000000004
decision_type=2 2 2 2
left_child=-1 2 -2 -3
right_child=1 3 -4 -5
leaf_value=-0.025421300862899829 0.003440846883618425 0.00085114834911678618 -0.016869835839787458 0.0012998152927659816
leaf_weight=31 19 70.100000143051147 25 70.100000739097595
leaf_count=31 19 68 25 57
internal_value=0.0016291 0.0027062 0 0.00330455
internal_weight=215.2 184.2 44 140.2
internal_count=200 169 44 125
is_linear=0
shrinkage=0.0167644


Tree=179
num_leaves=5
num_cat=0
split_feature=4 10 9 9
split_gain=4.13567 0.682981 1.26565 1.18438
threshold=6.5000000000000009 11.500000000000002 8.5000000000000018 28.500000000000004
decision_type=2 2 2 2
left_child=-1 2 -2 -3
right_child=1 3 -4 -5
leaf_value=-0.024995127777641291 0.0033831631191170528 0.00083687935006311219 -0.01658702301182002 0.0012780246575592059
leaf_weight=31 19 70.100000143051147 25 70.100000739097595
leaf_count=31 19 68 25 57
internal_value=0.0016291 0.0027062 0 0.00330455
internal_weight=215.2 184.2 44 140.2
internal_count=200 169 44 125
is_linear=0
shrinkage=0.0167644


Tree=180
num_leaves=5
num_cat=0
split_feature=0 10 5 10
split_gain=5.59552 1.31324 2.43466 1.25424
threshold=9.5000000000000018 25.500000000000004 9.5000000000000018 7.5000000000000009
decision_type=2 2 2 2
left_child=3 2 -2 -1
right_child=1 -3 -4 -5
leaf_value=-0.035679786984499605 0.0014988061615261827 0.017213250345132054 -0.000176058822165745 -0.03443811390713683
leaf_weight=29 18 83.200000882148743 60.050000071525574 21
leaf_count=29 18 68 59 21
internal_value=0.00192942 0.0035397 0.00118887 -0.00244037
internal_weight=211.25 161.25 78.05 50
internal_count=195 145 77 50
is_linear=0
shrinkage=0.0167644


Tree=181
num_leaves=8
num_cat=0
split_feature=0 11 0 0 0 9 9
split_gain=5.45593 2.10836 4.0127 0.807575 0.208051 1.25321 1.22566
threshold=18.500000000000004 8.5000000000000018 7.5000000000000009 9.5000000000000018 34.500000000000007 25.500000000000004 51.500000000000007
decision_type=2 2 2 2 2 2 2
left_child=1 2 -1 -3 5 -2 -6
right_child=4 3 -4 -5 6 -7 -8
leaf_value=-0.029288309436868509 0.0032406590318577967 -0.039543019583946591 0.0020380621205828915 -0.0055331088829106622 0.11848806077762772 -0.019923452588234095 -0.0066119704086297221
leaf_weight=24 25.350000023841858 18 22 35 29.200000405311584 22 35.700000524520874
leaf_count=24 25 18 22 35 23 22 26
internal_value=0.00177275 -0.000771155 0.00126548 -0.00321093 0.00431892 0.00168297 0.00552014
internal_weight=211.25 99 46 53 112.25 47.35 64.9
internal_count=195 99 46 53 96 47 49
is_linear=0
shrinkage=0.0167644


Tree=182
num_leaves=4
num_cat=0
split_feature=0 5 5
split_gain=3.40873 1.1442 2.68863
threshold=7.5000000000000009 46.500000000000007 26.500000000000004
decision_type=2 2 2
left_child=-1 2 -2
right_child=1 -3 -4
leaf_value=-0.031424024687455913 0.0030008736944398904 0.065307440272341283 -0.0019943560385521225
leaf_weight=35 93.75000011920929 43.100000619888306 39.400000214576721
leaf_count=35 92 32 36
internal_value=0.00197642 0.00301836 0.00173065
internal_weight=211.25 176.25 133.15
internal_count=195 160 128
is_linear=0
shrinkage=0.0167644


Tree=183
num_leaves=4
num_cat=0
split_feature=5 2 5
split_gain=3.49459 1.18383 3.47908
threshold=42.500000000000007 7.5000000000000009 9.5000000000000018
decision_type=2 2 2
left_child=1 -1 -3
right_child=-2 2 -4
leaf_value=-0.030897219484822137 0.070044756867968308 0.01580894187243622 -8.0139816693043921e-05
leaf_weight=35 48.050000667572021 25 103.20000028610229
leaf_count=35 36 25 99
internal_value=0.00166309 0.000210227 0.00116244
internal_weight=211.25 163.2 128.2
internal_count=195 159 124
is_linear=0
shrinkage=0.0167644


Tree=184
num_leaves=4
num_cat=0
split_feature=0 8 10
split_gain=3.27521 1.50066 3.39759
threshold=64.500000000000014 48.500000000000007 25.500000000000004
decision_type=2 2 2
left_child=1 2 -1
right_child=-2 -3 -4
leaf_value=-8.587453437478662e-05 0.15048950160227909 -0.060047217666410094 0.0048548822509778405
leaf_weight=126.05000007152557 20.650000333786011 25.700000286102295 38.850000262260437
leaf_count=125 14 21 35
internal_value=0.00129493 0.000345163 0.00111797
internal_weight=211.25 190.6 164.9
internal_count=195 181 160
is_linear=0
shrinkage=0.0167644


Tree=185
num_leaves=6
num_cat=0
split_feature=5 5 4 11 0
split_gain=2.75756 3.06572 4.81202 0.822104 0.1683
threshold=42.500000000000007 19.500000000000004 4.5000000000000009 28.500000000000004 61.500000000000007
decision_type=2 2 2 2 2
left_child=1 2 -1 -3 -2
right_child=4 3 -4 -5 -6
leaf_value=-0.051077937968536352 4.7989025247530382e-05 -0.026462932926069951 0.0041087169667329386 -0.00052751853875136214 0.12659811973320437
leaf_weight=19 24.800000309944153 32.400000095367432 85.700000047683716 24.100000143051147 25.450000405311584
leaf_count=19 20 31 85 22 17
internal_value=0.000730253 -0.000130997 0.00130744 -0.00338903 0.00408895
internal_weight=211.45 161.2 104.7 56.5 50.25
internal_count=194 157 104 53 37
is_linear=0
shrinkage=0.0167644


Tree=186
num_leaves=5
num_cat=0
split_feature=5 5 4 2
split_gain=2.75756 2.54026 3.89761 0.1683
threshold=42.500000000000007 25.500000000000004 4.5000000000000009 61.500000000000007
decision_type=2 2 2 2
left_child=1 2 -1 -2
right_child=3 -3 -4 -5
leaf_value=-0.050221646524990893 4.7184517600234274e-05 -0.011655540688535474 0.0030008086346997422 0.12447577707396738
leaf_weight=19 24.800000309944153 38.800000190734863 103.40000009536743 25.450000405311584
leaf_count=19 20 36 102 17
internal_value=0.000730253 -0.000130997 0.000814498 0.00408895
internal_weight=211.45 161.2 122.4 50.25
internal_count=194 157 121 37
is_linear=0
shrinkage=0.0167644


Tree=187
num_leaves=5
num_cat=0
split_feature=5 5 4 0
split_gain=2.75756 1.97081 3.50474 0.1683
threshold=42.500000000000007 26.500000000000004 4.5000000000000009 61.500000000000007
decision_type=2 2 2 2
left_child=1 2 -1 -2
right_child=3 -3 -4 -5
leaf_value=-0.049379710301437688 4.6393497048232469e-05 -0.012385541425808744 0.0024861783072808231 0.1223890142351314
leaf_weight=19 24.800000309944153 32.450000166893005 109.75000011920929 25.450000405311584
leaf_count=19 20 30 108 17
internal_value=0.000730253 -0.000130997 0.000564847 0.00408895
internal_weight=211.45 161.2 128.75 50.25
internal_count=194 157 127 37
is_linear=0
shrinkage=0.0167644


Tree=188
num_leaves=5
num_cat=0
split_feature=5 5 4 0
split_gain=2.55464 1.67906 3.45864 0.1683
threshold=42.500000000000007 29.500000000000004 4.5000000000000009 61.500000000000007
decision_type=2 2 2 2
left_child=1 2 -1 -2
right_child=3 -3 -4 -5
leaf_value=-0.04855188864109735 4.5615737488214062e-05 -0.013103304132144045 0.0021033164196344097 0.12033723474203495
leaf_weight=19 24.800000309944153 24.100000143051147 118.10000014305115 25.450000405311584
leaf_count=19 20 22 116 17
internal_value=0.000886771 0 0.000573077 0.00408895
internal_weight=211.45 161.2 137.1 50.25
internal_count=194 157 135 37
is_linear=0
shrinkage=0.0167644


Tree=189
num_leaves=6
num_cat=0
split_feature=10 10 4 8 1
split_gain=3.08792 2.93243 3.73492 0.780554 3.03459
threshold=25.500000000000004 18.500000000000004 4.5000000000000009 32.500000000000007 53.000000000000007
decision_type=2 2 2 2 2
left_child=1 2 -1 -2 -5
right_child=3 -3 -4 4 -6
leaf_value=-0.047737944921659156 -0.0020122994472831714 -0.018920292600367077 0.0021941718471346723 -0.010107438016414201 0.11596383031464377
leaf_weight=19 26.100000143051147 21.350000023841858 82.700000047683716 24.450000166893005 37.850000619888306
leaf_count=19 24 21 82 22 26
internal_value=0.00109807 -0.000350598 0.000542606 0.00349039 0.00143799
internal_weight=211.45 123.05 101.7 88.4 62.3
internal_count=194 122 101 72 48
is_linear=0
shrinkage=0.0167644


Tree=190
num_leaves=4
num_cat=0
split_feature=0 0 10
split_gain=6.88217 2.0104 4.78743
threshold=64.500000000000014 46.500000000000007 24.500000000000004
decision_type=2 2 2
left_child=1 2 -1
right_child=-2 -3 -4
leaf_value=-0.00069949746142617124 0.15231374261083902 -0.07322782732100222 0.0055812702078835187
leaf_weight=120.70000004768372 29.500000476837158 22.800000309944153 43.450000166893005
leaf_count=120 20 18 41
internal_value=0.00135598 0 0.000786535
internal_weight=216.45 186.95 164.15
internal_count=199 179 161
is_linear=0
shrinkage=0.0167644


Tree=191
num_leaves=4
num_cat=0
split_feature=2 2 10
split_gain=7.45684 1.73035 2.79395
threshold=64.500000000000014 46.500000000000007 24.500000000000004
decision_type=2 2 2
left_child=1 2 -1
right_child=-2 -3 -4
leaf_value=-0.00068777079988063903 0.14976029273170735 -0.072000206072802525 0.0054877035113173782
leaf_weight=120.70000004768372 29.500000476837158 22.800000309944153 43.450000166893005
leaf_count=120 20 18 41
internal_value=0.00105008 -2.92702e-05 0.000384793
internal_weight=216.45 186.95 164.15
internal_count=199 179 161
is_linear=0
shrinkage=0.0167644


Tree=192
num_leaves=6
num_cat=0
split_feature=4 11 8 4 0
split_gain=7.13755 1.19812 2.08652 1.94149 0.988589
threshold=37.500000000000007 8.5000000000000018 12.500000000000002 6.5000000000000009 64.500000000000014
decision_type=2 2 2 2 2
left_child=1 3 -3 -1 -2
right_child=4 2 -4 -5 -6
leaf_value=-0.017094703426128829 0.00074761066068061125 -0.018146024674849812 -0.00034821469609587019 -0.008473778524173357 0.14724964993073864
leaf_weight=23 34.9000004529953 30 79.75000011920929 22 26.800000429153442
leaf_count=23 28 30 78 22 18
internal_value=0.00146304 -0.000248112 -0.0013903 0.00164293 0.00618421
internal_weight=216.45 154.75 109.75 45 61.7
internal_count=199 153 108 45 46
is_linear=0
shrinkage=0.0167644


Tree=193
num_leaves=6
num_cat=0
split_feature=4 0 5 8 0
split_gain=6.33189 0.988589 0.83441 2.31484 0.35004
threshold=37.500000000000007 64.500000000000014 19.500000000000004 11.500000000000002 28.500000000000004
decision_type=2 2 2 2 2
left_child=2 -2 3 -1 -4
right_child=1 -3 4 -5 -6
leaf_value=-0.0056811988702045397 0.000735077409783925 0.14478109657256608 -0.00088255899095490502 0.0099608282289486358 -0.042368413003928469
leaf_weight=65 34.9000004529953 26.800000429153442 31 38.350000023841858 20.400000095367432
leaf_count=65 28 18 31 38 19
internal_value=0.00176894 0.00618421 0 0.000794836 -0.00175831
internal_weight=216.45 61.7 154.75 103.35 51.4
internal_count=199 46 153 103 50
is_linear=0
shrinkage=0.0167644


Tree=194
num_leaves=5
num_cat=0
split_feature=10 10 0 4
split_gain=6.32226 2.32221 1.18667 0.921753
threshold=24.500000000000004 18.500000000000004 4.5000000000000009 32.500000000000007
decision_type=2 2 2 2
left_child=1 2 -1 -2
right_child=3 -3 -4 -5
leaf_value=-0.029812120594705775 -0.00094419614544836636 -0.045329575485901184 0.0010507861030866676 0.047539963713731252
leaf_weight=19 27.700000047683716 22.350000023841858 81.700000047683716 65.700000882148743
leaf_count=19 27 22 81 50
internal_value=0.00212837 -8.41092e-05 0.000709877 0.00536596
internal_weight=216.45 123.05 100.7 93.4
internal_count=199 122 100 77
is_linear=0
shrinkage=0.0167644


Tree=195
num_leaves=4
num_cat=0
split_feature=0 4 4
split_gain=2.88886 2.35222 3.17914
threshold=64.500000000000014 48.500000000000007 32.500000000000007
decision_type=2 2 2
left_child=1 2 -1
right_child=-2 -3 -4
leaf_value=0.002402362095589351 0.13436073300456877 -0.13195230036755692 0.053989742371529197
leaf_weight=143.70000004768372 26.550000429153442 21.000000238418579 25.850000262260437
leaf_count=143 18 17 22
internal_value=0.00242325 0.00139022 0.00219202
internal_weight=217.1 190.55 169.55
internal_count=200 182 165
is_linear=0
shrinkage=0.0167644


Tree=196
num_leaves=6
num_cat=0
split_feature=10 8 8 4 4
split_gain=3.59842 2.41289 3.11244 0.212609 0.166691
threshold=24.500000000000004 19.500000000000004 12.500000000000002 32.500000000000007 56.000000000000007
decision_type=2 2 2 2 2
left_child=1 2 -1 -2 -5
right_child=3 -3 -4 4 -6
leaf_value=-0.00026054594939555327 5.0291973768755107e-05 -0.033423753743734873 0.016906190770069489 0.052157961478680508 0.030427395641161089
leaf_weight=72 28.700000047683716 25.700000047683716 25.350000023841858 33.100000381469727 32.250000476837158
leaf_count=72 28 25 25 27 23
internal_value=0.00262912 0.000363922 0.00184716 0.00509618 0.00608664
internal_weight=217.1 123.05 97.35 94.05 65.35
internal_count=200 122 97 78 50
is_linear=0
shrinkage=0.0167644


Tree=197
num_leaves=5
num_cat=0
split_feature=0 5 10 4
split_gain=3.50459 1.54432 2.63878 1.24332
threshold=61.500000000000007 25.500000000000004 4.5000000000000009 32.500000000000007
decision_type=2 2 2 2
left_child=1 2 -1 -3
right_child=-2 3 -4 -5
leaf_value=-0.014196981552468632 0.1529422672614755 -0.049275443890014488 0.0091558163606891493 -0.0061585723753414222
leaf_weight=23 30.850000500679016 22 102.40000009536743 38.850000381469727
leaf_count=23 21 22 101 33
internal_value=0.00227076 0.00110256 0.00223425 -0.000614329
internal_weight=217.1 186.25 125.4 60.85
internal_count=200 179 124 55
is_linear=0
shrinkage=0.0167644


Tree=198
num_leaves=4
num_cat=0
split_feature=0 9 11
split_gain=2.7297 3.32723 2.08771
threshold=64.500000000000014 48.500000000000007 4.5000000000000009
decision_type=2 2 2
left_child=1 2 -1
right_child=-2 -3 -4
leaf_value=-0.041049827969434252 0.1290341706923383 -0.038558460554994463 0.0039676551347103562
leaf_weight=20 26.550000429153442 24.350000262260437 146.20000028610229
leaf_count=20 18 20 142
internal_value=0.00252238 0.00150296 0.00249841
internal_weight=217.1 190.55 166.2
internal_count=200 182 162
is_linear=0
shrinkage=0.0167644


Tree=199
num_leaves=7
num_cat=0
split_feature=1 11 5 0 4 1
split_gain=2.96869 1.5611 1.66306 0.599358 0.44301 0.894008
threshold=14.500000000000002 23.500000000000004 19.500000000000004 64.500000000000014 11.500000000000002 8.5000000000000018
decision_type=2 2 2 2 2 2
left_child=4 2 -2 -3 5 -1
right_child=1 3 -4 -5 -6 -7
leaf_value=-0.00072359261739201697 0.019478481463092039 0.0042627378799140253 -0.070995589400069892 0.15527435702805756 -0.026767020597101576 0.016460895486633424
leaf_weight=42 26.700000047683716 65.500000476837158 19.700000047683716 25.200000405311584 19 19
leaf_count=42 26 58 19 17 19 19
internal_value=0.00257575 0.004049 0.000470958 0.00539542 0 0.000704899
internal_weight=217.1 137.1 46.4 90.7 80 61
internal_count=200 120 45 75 80 61
is_linear=0
shrinkage=0.0167644


Tree=200
num_leaves=4
num_cat=0
split_feature=5 4 0
split_gain=6.30481 2.15682 2.74274
threshold=46.500000000000007 34.500000000000007 12.500000000000002
decision_type=2 2 2
left_child=1 2 -1
right_child=-2 -3 -4
leaf_value=-0.005182933156992608 0.089950757174473664 -0.042826067810134885 0.013190509009727444
leaf_weight=72 43.350000619888306 21.050000190734863 66.400000095367432
leaf_count=72 32 18 65
internal_value=0.00229824 0.000447614 0.00143472
internal_weight=202.8 159.45 138.4
internal_count=187 155 137
is_linear=0
shrinkage=0.0167644


Tree=201
num_leaves=4
num_cat=0
split_feature=4 8 0
split_gain=5.03203 2.7906 3.09546
threshold=61.500000000000007 34.500000000000007 12.500000000000002
decision_type=2 2 2
left_child=1 2 -1
right_child=-2 -3 -4
leaf_value=-0.0050960443456718567 0.068686568505059525 -0.04452170269844536 0.011730461490315206
leaf_weight=72 29.250000476837158 33.450000286102295 68.100000143051147
leaf_count=72 20 29 66
internal_value=0.00218406 0.000792143 0.00200436
internal_weight=202.8 173.55 140.1
internal_count=187 167 138
is_linear=0
shrinkage=0.0167644


Tree=202
num_leaves=4
num_cat=0
split_feature=0 8 10
split_gain=3.72005 3.09575 2.54839
threshold=64.500000000000014 48.500000000000007 3.5000000000000004
decision_type=2 2 2
left_child=1 2 -1
right_child=-2 -3 -4
leaf_value=-0.028336955217921692 0.12160844523619432 -0.050405384917283469 0.002333138084122052
leaf_weight=22 26.550000429153442 19.050000190734863 135.20000028610229
leaf_count=22 18 16 131
internal_value=0.00196387 0.000780195 0.00175866
internal_weight=202.8 176.25 157.2
internal_count=187 169 153
is_linear=0
shrinkage=0.0167644


Tree=203
num_leaves=4
num_cat=0
split_feature=4 10 11
split_gain=4.58956 1.73665 3.1675
threshold=61.500000000000007 3.5000000000000004 18.500000000000004
decision_type=2 2 2
left_child=1 -1 -3
right_child=-2 2 -4
leaf_value=-0.027861902910520722 0.065496385061938306 0.0091592301575329303 -0.00051296819767207927
leaf_weight=22 29.250000476837158 74 77.550000429153442
leaf_count=22 20 74 71
internal_value=0.00240425 0.00104886 0.00185021
internal_weight=202.8 173.55 151.55
internal_count=187 167 145
is_linear=0
shrinkage=0.0167644


Tree=204
num_leaves=4
num_cat=0
split_feature=0 8 0
split_gain=3.62156 1.65165 3.33175
threshold=64.500000000000014 37.500000000000007 12.500000000000002
decision_type=2 2 2
left_child=1 2 -1
right_child=-2 -3 -4
leaf_value=-0.0033391692395900304 0.1184717433331339 -0.00054110046506397071 0.0059426600697549429
leaf_weight=72 26.550000429153442 29.800000309944153 74.450000166893005
leaf_count=72 18 25 72
internal_value=0.00202096 0.000845748 0.00173369
internal_weight=202.8 176.25 146.45
internal_count=187 169 144
is_linear=0
shrinkage=0.0167644


Tree=205
num_leaves=6
num_cat=0
split_feature=10 9 11 9 0
split_gain=3.33028 2.48015 2.18555 2.39008 1.36663
threshold=24.500000000000004 34.500000000000007 18.500000000000004 10.500000000000002 61.500000000000007
decision_type=2 2 2 2 2
left_child=2 -2 3 -1 -3
right_child=1 4 -4 -5 -6
leaf_value=-0.0032156065215980644 0.037319052046099428 -0.039490350215880703 -0.039022895236118155 0.010514625788504279 0.12535988297122458
leaf_weight=59 32.450000166893005 25.050000190734863 23.350000023841858 37.350000023841858 25.200000405311584
leaf_count=59 30 22 23 37 17
internal_value=0.00204941 0.00458624 0 0.00135838 0.00114822
internal_weight=202.4 82.7 119.7 96.35 50.25
internal_count=188 69 119 96 39
is_linear=0
shrinkage=0.0167644


Tree=206
num_leaves=5
num_cat=0
split_feature=10 6 10 6
split_gain=3.54547 1.9603 1.71362 1.68438
threshold=24.500000000000004 53.000000000000007 18.500000000000004 6.5000000000000009
decision_type=2 2 2 2
left_child=2 -2 3 -1
right_child=1 -3 -4 -5
leaf_value=-0.01401875978159876 0.036785034184471016 -0.0048438772602154394 -0.010384742653905005 0.0019805354865336088
leaf_weight=27 54.000000357627869 28.700000405311584 20.350000023841858 72.350000023841858
leaf_count=27 48 21 20 72
internal_value=0.00210661 0.00472354 0 0.00115431
internal_weight=202.4 82.7 119.7 99.35
internal_count=188 69 119 99
is_linear=0
shrinkage=0.0167644


Tree=207
num_leaves=4
num_cat=0
split_feature=7 0 7
split_gain=2.73372 3.05872 2.09775
threshold=61.500000000000007 42.500000000000007 4.5000000000000009
decision_type=2 2 2
left_child=1 2 -1
right_child=-2 -3 -4
leaf_value=-0.02709397196971362 0.11783251529380324 -0.096091299625641266 0.0044423732630879779
leaf_weight=19 24.950000405311584 20.000000238418579 138.45000016689301
leaf_count=19 17 16 136
internal_value=0.00199222 0.000951745 0.00192856
internal_weight=202.4 177.45 157.45
internal_count=188 171 155
is_linear=0
shrinkage=0.0167644


Tree=208
num_leaves=6
num_cat=0
split_feature=10 10 11 0 0
split_gain=2.05864 1.71362 1.60281 1.20534 1.94136
threshold=24.500000000000004 18.500000000000004 4.5000000000000009 28.500000000000004 61.500000000000007
decision_type=2 2 2 2 2
left_child=1 2 -1 -2 -5
right_child=3 -3 -4 4 -6
leaf_value=-0.027164394474113573 0.036002267072777996 -0.010285122342942639 0.002646753837694138 -0.0015052097088188469 0.13211057125281914
leaf_weight=21 26.350000023841858 20.350000023841858 78.350000023841858 29.800000309944153 26.550000429153442
leaf_count=21 26 20 78 25 18
internal_value=0.00166537 0 0.00115431 0.00366433 0.00122825
internal_weight=202.4 119.7 99.35 82.7 56.35
internal_count=188 119 99 69 43
is_linear=0
shrinkage=0.0167644


Tree=209
num_leaves=6
num_cat=0
split_feature=8 11 0 10 0
split_gain=1.89221 2.0793 2.87253 1.22235 0.721636
threshold=11.500000000000002 18.500000000000004 21.500000000000004 7.5000000000000009 6.5000000000000009
decision_type=2 2 2 2 2
left_child=3 -2 -3 4 -1
right_child=1 2 -4 -5 -6
leaf_value=-0.027246350947117703 0.016092919530025552 -0.035690382122513749 0.016525870788555389 0.0016396762381848714 -0.00032931428919924152
leaf_weight=18 35.350000023841858 21 78.050000786781311 32 18
leaf_count=18 35 21 64 32 18
internal_value=0.00182879 0.00297985 0.00115771 0 -0.00245679
internal_weight=202.4 134.4 99.05 68 36
internal_count=188 120 85 68 36
is_linear=0
shrinkage=0.0167644


Tree=210
num_leaves=4
num_cat=0
split_feature=0 8 0
split_gain=7.44006 2.10818 1.66657
threshold=64.500000000000014 48.500000000000007 21.500000000000004
decision_type=2 2 2
left_child=1 2 -1
right_child=-2 -3 -4
leaf_value=-0.0075660155423045248 0.081594692420407108 -0.037003204305941263 0.013545481200057271
leaf_weight=112 27.9000004529953 24.350000262260437 45.150000214576721
leaf_count=112 19 20 42
internal_value=0.000314578 -0.000771613 0
internal_weight=209.4 181.5 157.15
internal_count=193 174 154
is_linear=0
shrinkage=0.0167644


Tree=211
num_leaves=4
num_cat=0
split_feature=0 4 10
split_gain=7.18375 1.29128 2.01117
threshold=64.500000000000014 51.500000000000007 25.500000000000004
decision_type=2 2 2
left_child=1 2 -1
right_child=-2 -3 -4
leaf_value=-0.0077767874111574244 0.080226805623540731 -0.051703207908474241 0.025864051503049167
leaf_weight=123.35000002384186 27.9000004529953 20.000000238418579 38.150000214576721
leaf_count=123 19 16 35
internal_value=0.000472608 -0.000589656 0
internal_weight=209.4 181.5 161.5
internal_count=193 174 158
is_linear=0
shrinkage=0.0167644


Tree=212
num_leaves=4
num_cat=0
split_feature=0 8 0
split_gain=7.44006 2.10818 1.66657
threshold=64.500000000000014 48.500000000000007 21.500000000000004
decision_type=2 2 2
left_child=1 2 -1
right_child=-2 -3 -4
leaf_value=-0.0073088025182167738 0.078881850640417916 -0.036816462992317049 0.013234935519039703
leaf_weight=112 27.9000004529953 24.350000262260437 45.150000214576721
leaf_count=112 19 20 42
internal_value=0.000314578 -0.000771613 0
internal_weight=209.4 181.5 157.15
internal_count=193 174 154
is_linear=0
shrinkage=0.0167644


Tree=213
num_leaves=5
num_cat=0
split_feature=2 5 10 2
split_gain=6.84678 0.950146 2.67258 1.8884
threshold=64.500000000000014 19.500000000000004 51.500000000000007 4.5000000000000009
decision_type=2 2 2 2
left_child=1 3 -3 -1
right_child=-2 2 -4 -5
leaf_value=-0.049994759715181483 0.077559443032733641 -0.034297700202913804 -0.0089983224330497727 0.003580994677387614
leaf_weight=19 27.9000004529953 50.500000238418579 20.300000190734863 91.700000047683716
leaf_count=19 19 47 17 91
internal_value=0.000685949 -0.000344013 -0.0019327 0.000351821
internal_weight=209.4 181.5 70.8 110.7
internal_count=193 174 64 110
is_linear=0
shrinkage=0.0167644


Tree=214
num_leaves=5
num_cat=0
split_feature=0 5 10 0
split_gain=6.84678 0.950146 2.67258 1.8884
threshold=64.500000000000014 19.500000000000004 51.500000000000007 4.5000000000000009
decision_type=2 2 2 2
left_child=1 3 -3 -1
right_child=-2 2 -4 -5
leaf_value=-0.049156627114907141 0.076259204807063746 -0.033722719528573884 -0.0088474708753688222 0.0035209614179494988
leaf_weight=19 27.9000004529953 50.500000238418579 20.300000190734863 91.700000047683716
leaf_count=19 19 47 17 91
internal_value=0.000685949 -0.000344013 -0.0019327 0.000351821
internal_weight=209.4 181.5 70.8 110.7
internal_count=193 174 64 110
is_linear=0
shrinkage=0.0167644


Tree=215
num_leaves=4
num_cat=0
split_feature=10 0 0
split_gain=6.1793 1.38559 2.30808
threshold=56.000000000000007 51.500000000000007 34.500000000000007
decision_type=2 2 2
left_child=1 2 -1
right_child=-2 -3 -4
leaf_value=0.000331662896815681 0.081545095398999734 -0.051846637758876817 -0.011516475549622958
leaf_weight=144.35000002384186 29.600000381469727 20.050000309944153 21.850000262260437
leaf_count=144 22 15 18
internal_value=0.00234125 0.000916304 0.00157569
internal_weight=215.85 186.25 166.2
internal_count=199 177 162
is_linear=0
shrinkage=0.0167644


Tree=216
num_leaves=4
num_cat=0
split_feature=0 8 10
split_gain=3.73666 2.02535 1.94495
threshold=64.500000000000014 48.500000000000007 25.500000000000004
decision_type=2 2 2
left_child=1 2 -1
right_child=-2 -3 -4
leaf_value=0.000345805806358445 0.096563262107980372 -0.051826947091662093 -0.00048906771222207985
leaf_weight=133.05000007152557 23.600000381469727 23.000000238418579 36.200000286102295
leaf_count=132 16 19 32
internal_value=0.00218789 0.00112021 0.00190347
internal_weight=215.85 192.25 169.25
internal_count=199 183 164
is_linear=0
shrinkage=0.0167644


Tree=217
num_leaves=4
num_cat=0
split_feature=10 8 2
split_gain=3.75502 1.28592 4.03071
threshold=56.000000000000007 40.500000000000007 34.500000000000007
decision_type=2 2 2
left_child=1 2 -1
right_child=-2 -3 -4
leaf_value=0.0003203055343834669 0.082220020188773821 -0.05462981118374393 0.086283130203854946
leaf_weight=140.35000002384186 29.600000381469727 26.050000309944153 19.850000262260437
leaf_count=140 22 21 16
internal_value=0.00234125 0.00115577 0.00183944
internal_weight=215.85 186.25 160.2
internal_count=199 177 156
is_linear=0
shrinkage=0.0167644


Tree=218
num_leaves=4
num_cat=0
split_feature=0 8 5
split_gain=6.10744 2.50362 1.28891
threshold=61.500000000000007 48.500000000000007 4.5000000000000009
decision_type=2 2 2
left_child=1 2 -1
right_child=-2 -3 -4
leaf_value=-0.024939006903103161 0.11342734414730865 -0.033448114657573483 0.0036433897172520064
leaf_weight=24 26.550000429153442 21.400000214576721 143.90000033378601
leaf_count=24 18 18 139
internal_value=0.00198084 0.000644265 0.0015207
internal_weight=215.85 189.3 167.9
internal_count=199 181 163
is_linear=0
shrinkage=0.0167644


Tree=219
num_leaves=5
num_cat=0
split_feature=0 5 5 1
split_gain=4.44062 1.83809 1.78772 1.47885
threshold=64.500000000000014 24.500000000000004 4.5000000000000009 48.500000000000007
decision_type=2 2 2 2
left_child=1 2 -1 -3
right_child=-2 3 -4 -5
leaf_value=-0.024520919191050195 0.091664523648897725 -0.002356394814296258 0.0048733878716182297 -0.0080774614895625027
leaf_weight=24 23.600000381469727 43.450000166893005 103.40000009536743 21.400000333786011
leaf_count=24 16 41 102 16
internal_value=0.00177379 0.00065601 0.00194233 -0.0012722
internal_weight=215.85 192.25 127.4 64.85
internal_count=199 183 126 57
is_linear=0
shrinkage=0.0167644


Tree=220
num_leaves=4
num_cat=0
split_feature=1 9 0
split_gain=5.33688 3.57187 3.24612
threshold=61.500000000000007 48.500000000000007 21.500000000000004
decision_type=2 2 2
left_child=1 2 -1
right_child=-2 -3 -4
leaf_value=-0.0023229863204730153 0.030693712694442599 -0.077883334240147969 0.037721555705749511
leaf_weight=107 30.600000500679016 19.050000190734863 52.800000309944153
leaf_count=107 21 16 48
internal_value=0.00126641 0 0.000967421
internal_weight=209.45 178.85 159.8
internal_count=192 171 155
is_linear=0
shrinkage=0.0167644


Tree=221
num_leaves=5
num_cat=0
split_feature=5 5 0 3
split_gain=4.44049 4.07851 3.77148 0.486521
threshold=42.500000000000007 25.500000000000004 15.500000000000002 61.500000000000007
decision_type=2 2 2 2
left_child=1 2 -1 -2
right_child=3 -3 -4 -5
leaf_value=-0.0089326529456075724 0.00021102067668618449 -0.012312269168963256 0.013520682469665316 0.11643837102287571
leaf_weight=80 25.700000286102295 34.450000166893005 41.400000095367432 27.9000004529953
leaf_count=80 21 32 40 19
internal_value=0.00179569 7.72856e-05 0.00176616 0.00585349
internal_weight=209.45 155.85 121.4 53.6
internal_count=192 152 120 40
is_linear=0
shrinkage=0.0167644


Tree=222
num_leaves=5
num_cat=0
split_feature=5 5 2 1
split_gain=4.44049 4.07851 3.77148 0.486521
threshold=42.500000000000007 25.500000000000004 15.500000000000002 61.500000000000007
decision_type=2 2 2 2
left_child=1 2 -1 -2
right_child=3 -3 -4 -5
leaf_value=-0.0087829022980736825 0.00020748303975241203 -0.01210586125276066 0.013294016218635359 0.11448635054646795
leaf_weight=80 25.700000286102295 34.450000166893005 41.400000095367432 27.9000004529953
leaf_count=80 21 32 40 19
internal_value=0.00179569 7.72856e-05 0.00176616 0.00585349
internal_weight=209.45 155.85 121.4 53.6
internal_count=192 152 120 40
is_linear=0
shrinkage=0.0167644


Tree=223
num_leaves=5
num_cat=0
split_feature=5 5 0 1
split_gain=4.44049 2.71866 3.16142 0.486521
threshold=42.500000000000007 25.500000000000004 18.500000000000004 61.500000000000007
decision_type=2 2 2 2
left_child=1 2 -1 -2
right_child=3 -3 -4 -5
leaf_value=-0.0034695017863558631 0.00020400470921115707 -0.011902913643288403 0.031472838707877558 0.11256705453972474
leaf_weight=89 25.700000286102295 34.450000166893005 32.400000095367432 27.9000004529953
leaf_count=89 21 32 31 19
internal_value=0.00179569 7.72856e-05 0.00149613 0.00585349
internal_weight=209.45 155.85 121.4 53.6
internal_count=192 152 120 40
is_linear=0
shrinkage=0.0167644


Tree=224
num_leaves=5
num_cat=0
split_feature=5 5 2 1
split_gain=4.44049 2.71866 3.16142 0.486521
threshold=42.500000000000007 25.500000000000004 18.500000000000004 61.500000000000007
decision_type=2 2 2 2
left_child=1 2 -1 -2
right_child=3 -3 -4 -5
leaf_value=-0.0034113376393448392 0.00020058469082576586 -0.011703368330549111 0.030945215167039977 0.1106799343962519
leaf_weight=89 25.700000286102295 34.450000166893005 32.400000095367432 27.9000004529953
leaf_count=89 21 32 31 19
internal_value=0.00179569 7.72856e-05 0.00149613 0.00585349
internal_weight=209.45 155.85 121.4 53.6
internal_count=192 152 120 40
is_linear=0
shrinkage=0.0167644


Tree=225
num_leaves=6
num_cat=0
split_feature=1 4 5 0 10
split_gain=2.65518 1.82299 1.39619 2.3537 1.31167
threshold=19.500000000000004 12.500000000000002 25.500000000000004 64.500000000000014 7.5000000000000009
decision_type=2 2 2 2 2
left_child=1 4 -2 -4 -1
right_child=2 -3 3 -5 -6
leaf_value=-0.0086439063768034893 0.02416293325163835 -0.02749137623708842 -0.0015285915227417329 0.055085651532717037 0.020089774335499896
leaf_weight=35 21.050000071525574 36 58.500000476837158 25.200000405311584 34
leaf_count=35 20 36 51 17 34
internal_value=0.00144606 -0.000105975 0.00332603 0.00160558 0.00109351
internal_weight=209.75 105 104.75 83.7 69
internal_count=193 105 88 68 69
is_linear=0
shrinkage=0.0167644


Tree=226
num_leaves=7
num_cat=0
split_feature=1 11 11 5 0 10
split_gain=2.28702 1.88633 2.82848 1.39619 2.3537 0.138079
threshold=19.500000000000004 8.5000000000000018 4.5000000000000009 25.500000000000004 64.500000000000014 12.500000000000002
decision_type=2 2 2 2 2 2
left_child=1 2 -1 -2 -5 -3
right_child=3 5 -4 4 -6 -7
leaf_value=-0.022959621817868786 0.023757855955701245 -0.026537995388769185 0.0092638946496291855 -0.0015029655892436606 0.054162173139782464 -0.0030280109851023576
leaf_weight=21 21.050000071525574 28 22 58.500000476837158 25.200000405311584 34
leaf_count=21 20 28 22 51 17 34
internal_value=0.00160383 0 0.00244732 0.00332603 0.00160558 -0.00198822
internal_weight=209.75 105 43 104.75 83.7 62
internal_count=193 105 43 88 68 62
is_linear=0
shrinkage=0.0167644


Tree=227
num_leaves=6
num_cat=0
split_feature=2 11 6 6 11
split_gain=2.05443 1.08712 1.2218 0.799506 0.761409
threshold=14.500000000000002 8.5000000000000018 5.5000000000000009 11.500000000000002 53.000000000000007
decision_type=2 2 2 2 2
left_child=1 2 -1 -3 -2
right_child=4 3 -4 -5 -6
leaf_value=-0.038469138485117717 0.004248015840126889 -0.01412984054403946 -0.0011110331626586875 -0.056492861017515071 -0.016811834174043108
leaf_weight=20 93.4000004529953 22 18 18 38.350000500679016
leaf_count=20 86 22 18 18 29
internal_value=0.0017616 0 0.00151381 -0.002227 0.00303232
internal_weight=209.75 78 38 40 131.75
internal_count=193 78 38 40 115
is_linear=0
shrinkage=0.0167644


Tree=228
num_leaves=6
num_cat=0
split_feature=0 8 4 4 5
split_gain=2.05443 0.749015 0.595255 0.908627 0.12783
threshold=14.500000000000002 48.500000000000007 11.500000000000002 4.5000000000000009 26.500000000000004
decision_type=2 2 2 2 2
left_child=2 4 3 -1 -2
right_child=1 -3 -4 -5 -6
leaf_value=-0.035921437980297455 0.0084262052762535122 -3.2987965219864506e-05 -0.021828717929998746 0.0042721353929501184 0.00025390673116825808
leaf_weight=20 48.400000095367432 46.000000596046448 22 36 37.350000262260437
leaf_count=20 47 35 22 36 33
internal_value=0.0017616 0.00303232 0 0.000479605 0.00403996
internal_weight=209.75 131.75 78 56 85.75
internal_count=193 115 78 56 80
is_linear=0
shrinkage=0.0167644


Tree=229
num_leaves=7
num_cat=0
split_feature=1 11 11 11 10 4
split_gain=2.225 2.41817 2.82848 0.84198 0.274874 0.249917
threshold=19.500000000000004 8.5000000000000018 4.5000000000000009 53.000000000000007 34.500000000000007 12.500000000000002
decision_type=2 2 2 2 2 2
left_child=1 2 -1 4 -2 -3
right_child=3 5 -4 -5 -6 -7
leaf_value=-0.02089633193628878 0.023988313547005344 -0.01106727234367297 0.0092150787359502658 -0.016529440685982166 4.736295088154508e-06 -0.024999144497384006
leaf_weight=21 37.150000214576721 30 22 38.350000500679016 29.250000238418579 32
leaf_count=21 34 30 22 29 25 32
internal_value=0.00128829 -0.000105975 0.00244732 0.00301419 0.00418855 -0.0025059
internal_weight=209.75 105 43 104.75 66.4 62
internal_count=193 105 43 88 59 62
is_linear=0
shrinkage=0.0167644


Tree=230
num_leaves=5
num_cat=0
split_feature=6 5 0 1
split_gain=2.76482 1.00991 1.90666 1.05831
threshold=4.5000000000000009 25.500000000000004 64.500000000000014 14.500000000000002
decision_type=2 2 2 2
left_child=-1 3 -3 -2
right_child=1 2 -4 -5
leaf_value=-0.048265451943386842 0.0014366971261204411 -0.0021196771127486957 0.084128323489110327 0.019150551542523556
leaf_weight=22 56 64.850000500679016 26.550000429153442 36.400000095367432
leaf_count=22 56 57 18 35
internal_value=0.00206423 0.00284679 0.00094021 0.00424209
internal_weight=205.8 183.8 91.4 92.4
internal_count=188 166 75 91
is_linear=0
shrinkage=0.0167644


Tree=231
num_leaves=5
num_cat=0
split_feature=4 5 0 3
split_gain=2.76482 1.00991 1.90666 1.05831
threshold=4.5000000000000009 25.500000000000004 64.500000000000014 14.500000000000002
decision_type=2 2 2 2
left_child=-1 3 -3 -2
right_child=1 2 -4 -5
leaf_value=-0.047456310165904861 0.0014126117478731625 -0.0020841419786591635 0.082717961864725145 0.018829503863677547
leaf_weight=22 56 64.850000500679016 26.550000429153442 36.400000095367432
leaf_count=22 56 57 18 35
internal_value=0.00206423 0.00284679 0.00094021 0.00424209
internal_weight=205.8 183.8 91.4 92.4
internal_count=188 166 75 91
is_linear=0
shrinkage=0.0167644


Tree=232
num_leaves=5
num_cat=0
split_feature=4 5 5 8
split_gain=2.9538 0.576034 2.29004 0.404199
threshold=4.5000000000000009 25.500000000000004 42.500000000000007 11.500000000000002
decision_type=2 2 2 2
left_child=-1 3 -3 -2
right_child=1 2 -4 -5
leaf_value=-0.046660733172128495 0.0014758246461023432 -0.003745192916731629 0.056626056833302504 0.013022406211555159
leaf_weight=22 47 37.800000190734863 53.600000739097595 45.400000095367432
leaf_count=22 47 35 40 44
internal_value=0.00222499 0.0030265 0.00129627 0.00424209
internal_weight=205.8 183.8 91.4 92.4
internal_count=188 166 75 91
is_linear=0
shrinkage=0.0167644


Tree=233
num_leaves=5
num_cat=0
split_feature=4 11 0 8
split_gain=2.33852 1.25991 1.92495 0.891611
threshold=4.5000000000000009 18.500000000000004 64.500000000000014 12.500000000000002
decision_type=2 2 2 2
left_child=-1 3 -3 -2
right_child=1 2 -4 -5
leaf_value=-0.04587849355647558 0.0014510833181064868 -0.00052471147106959368 0.080381941742028146 0.022467664023176081
leaf_weight=22 47 85.90000057220459 26.550000429153442 24.350000023841858
leaf_count=22 47 77 18 24
internal_value=0.00168645 0.00242446 0.000819361 0.00430464
internal_weight=205.8 183.8 112.45 71.35
internal_count=188 166 95 71
is_linear=0
shrinkage=0.0167644


Tree=234
num_leaves=5
num_cat=0
split_feature=4 5 0 1
split_gain=2.33852 1.29216 2.27435 1.70981
threshold=4.5000000000000009 25.500000000000004 64.500000000000014 14.500000000000002
decision_type=2 2 2 2
left_child=-1 3 -3 -2
right_child=1 2 -4 -5
leaf_value=-0.045109367725684107 0.0012766166852005852 -0.0015114913782748247 0.079034385993562509 0.017482146595419665
leaf_weight=22 56 64.850000500679016 26.550000429153442 36.400000095367432
leaf_count=22 56 57 18 35
internal_value=0.00168645 0.00242446 0.000459534 0.00388978
internal_weight=205.8 183.8 91.4 92.4
internal_count=188 166 75 91
is_linear=0
shrinkage=0.0167644


Tree=235
num_leaves=4
num_cat=0
split_feature=0 5 10
split_gain=1.74304 3.9954 2.26049
threshold=64.500000000000014 32.500000000000007 24.500000000000004
decision_type=2 2 2
left_child=1 2 -1
right_child=-2 -3 -4
leaf_value=0.00017333312335434206 0.030424597266099196 -0.0052784313853950346 0.023494502187104364
leaf_weight=119.70000004768372 20.400000333786011 41.850000381469727 29.050000071525574
leaf_count=119 14 36 28
internal_value=0.000853347 0.00011108 0.00159672
internal_weight=211 190.6 148.75
internal_count=197 183 147
is_linear=0
shrinkage=0.0167644


Tree=236
num_leaves=4
num_cat=0
split_feature=0 5 10
split_gain=1.74304 3.9954 2.26049
threshold=64.500000000000014 32.500000000000007 24.500000000000004
decision_type=2 2 2
left_child=1 2 -1
right_child=-2 -3 -4
leaf_value=0.00017042729597929054 0.029914546873533811 -0.0051899416027135726 0.023100630742928775
leaf_weight=119.70000004768372 20.400000333786011 41.850000381469727 29.050000071525574
leaf_count=119 14 36 28
internal_value=0.000853347 0.00011108 0.00159672
internal_weight=211 190.6 148.75
internal_count=197 183 147
is_linear=0
shrinkage=0.0167644


Tree=237
num_leaves=5
num_cat=0
split_feature=0 5 4 10
split_gain=2.17701 3.46218 1.37964 0.217552
threshold=64.500000000000014 23.500000000000004 4.5000000000000009 29.500000000000004
decision_type=2 2 2 2
left_child=1 2 -1 -3
right_child=-2 3 -4 -5
leaf_value=-0.044358898775172524 0.029413047174365842 -0.001667082270502129 0.0037804347586188379 -0.0040754739452426077
leaf_weight=22 20.400000333786011 30.050000071525574 97.400000095367432 41.150000333786011
leaf_count=22 14 29 96 36
internal_value=0.000382805 -7.04334e-06 0.00152063 -0.00305548
internal_weight=211 190.6 119.4 71.2
internal_count=197 183 118 65
is_linear=0
shrinkage=0.0167644


Tree=238
num_leaves=5
num_cat=0
split_feature=0 11 10 5
split_gain=1.85899 3.70281 1.98658 0.645882
threshold=64.500000000000014 31.000000000000004 24.500000000000004 46.500000000000007
decision_type=2 2 2 2
left_child=1 2 -1 -3
right_child=-2 3 -4 -5
leaf_value=0.00020921649047884531 0.028919954821273422 -0.01445738311537874 0.031344870375010658 -0.00069187009754253191
leaf_weight=121.70000004768372 20.400000333786011 21.050000071525574 25.75000011920929 22.100000262260437
leaf_count=121 14 20 24 18
internal_value=0.000751396 0 0.00146546 -0.0039545
internal_weight=211 190.6 147.45 43.15
internal_count=197 183 145 38
is_linear=0
shrinkage=0.0167644


Tree=239
num_leaves=5
num_cat=0
split_feature=0 11 4 8
split_gain=2.06692 3.60429 1.96221 1.07206
threshold=64.500000000000014 18.500000000000004 4.5000000000000009 26.500000000000004
decision_type=2 2 2 2
left_child=1 2 -1 -3
right_child=-2 3 -4 -5
leaf_value=-0.043618755443644124 0.028435128870068528 -0.0021094920933039294 0.0042038706848199648 -0.00049407702377028532
leaf_weight=22 20.400000333786011 32.050000071525574 81.350000023841858 55.200000405311584
leaf_count=22 14 31 81 49
internal_value=0.000539652 0 0.00205868 -0.00250138
internal_weight=211 190.6 103.35 87.25
internal_count=197 183 103 80
is_linear=0
shrinkage=0.0167644


Tree=240
num_leaves=5
num_cat=0
split_feature=0 5 6 6
split_gain=3.98488 3.97853 2.13464 2.05834
threshold=64.500000000000014 19.500000000000004 4.5000000000000009 32.500000000000007
decision_type=2 2 2 2
left_child=1 2 -1 -3
right_child=-2 3 -4 -5
leaf_value=-0.042887512786834017 0.17710422494951872 -0.010452076116403633 0.0095241807604572338 -0.00043155029732289975
leaf_weight=20 24.950000405311584 34.350000023841858 87.700000047683716 42.800000429153442
leaf_count=20 17 34 87 36
internal_value=0.0011894 8.32104e-05 0.00233425 -0.0025448
internal_weight=209.8 184.85 107.7 77.15
internal_count=194 177 107 70
is_linear=0
shrinkage=0.0167644


Tree=241
num_leaves=5
num_cat=0
split_feature=0 5 0 4
split_gain=3.46701 3.88956 1.5215 1.42668
threshold=64.500000000000014 19.500000000000004 12.500000000000002 32.500000000000007
decision_type=2 2 2 2
left_child=1 2 -1 -3
right_child=-2 3 -4 -5
leaf_value=-0.00061214621527656691 0.17413517728488045 -0.010276853237373623 0.018166382835606704 -0.00042431561162976564
leaf_weight=68 24.950000405311584 34.350000023841858 39.700000047683716 42.800000429153442
leaf_count=68 17 34 39 36
internal_value=0.00150487 0.000440628 0.00263776 -0.00212525
internal_weight=209.8 184.85 107.7 77.15
internal_count=194 177 107 70
is_linear=0
shrinkage=0.0167644


Tree=242
num_leaves=5
num_cat=0
split_feature=0 5 0 4
split_gain=3.46701 3.88956 1.5215 1.42668
threshold=64.500000000000014 19.500000000000004 12.500000000000002 32.500000000000007
decision_type=2 2 2 2
left_child=1 2 -1 -3
right_child=-2 3 -4 -5
leaf_value=-0.000601883945749105 0.1712159039496654 -0.010104567866355758 0.017861834163499332 -0.00041720221116659905
leaf_weight=68 24.950000405311584 34.350000023841858 39.700000047683716 42.800000429153442
leaf_count=68 17 34 39 36
internal_value=0.00150487 0.000440628 0.00263776 -0.00212525
internal_weight=209.8 184.85 107.7 77.15
internal_count=194 177 107 70
is_linear=0
shrinkage=0.0167644


Tree=243
num_leaves=4
num_cat=0
split_feature=0 4 10
split_gain=2.8841 4.38812 2.76856
threshold=64.500000000000014 48.500000000000007 24.500000000000004
decision_type=2 2 2
left_child=1 2 -1
right_child=-2 -3 -4
leaf_value=0.00012843779002715022 0.16834557050665711 -0.094304199349672102 0.0038340223757109141
leaf_weight=120.70000004768372 24.950000405311584 22.000000238418579 42.150000214576721
leaf_count=120 17 18 39
internal_value=0.00187554 0.000860593 0.00200739
internal_weight=209.8 184.85 162.85
internal_count=194 177 159
is_linear=0
shrinkage=0.0167644


Tree=244
num_leaves=5
num_cat=0
split_feature=0 5 4 0
split_gain=3.23079 2.84906 2.22716 1.5215
threshold=61.500000000000007 19.500000000000004 32.500000000000007 12.500000000000002
decision_type=2 2 2 2
left_child=1 3 -3 -1
right_child=-2 2 -4 -5
leaf_value=-0.00059394690074988672 0.010616310875856662 -0.009886073345263327 0.00033364169124773974 0.017560237886250392
leaf_weight=68 29.250000476837158 34.350000023841858 38.500000357627869 39.700000047683716
leaf_count=68 20 34 33 39
internal_value=0.00193075 0.000798475 -0.00140364 0.00263776
internal_weight=209.8 180.55 72.85 107.7
internal_count=194 174 67 107
is_linear=0
shrinkage=0.0167644


Tree=245
num_leaves=5
num_cat=0
split_feature=7 11 0 0
split_gain=2.24263 0.953878 2.79376 0.418809
threshold=4.5000000000000009 11.500000000000002 21.500000000000004 10.500000000000002
decision_type=2 2 2 2
left_child=-1 3 -3 -2
right_child=1 2 -4 -5
leaf_value=-0.034964198934627239 0.0050518320596889994 -0.024341172580339986 0.020624342904363185 0.00086047187595519978
leaf_weight=23 27 40 101.40000092983246 21.350000023841858
leaf_count=23 27 40 85 21
internal_value=0.00212601 0.00281541 0.0016258 0.00525761
internal_weight=212.75 189.75 141.4 48.35
internal_count=196 173 125 48
is_linear=0
shrinkage=0.0167644


Tree=246
num_leaves=5
num_cat=0
split_feature=0 11 5 10
split_gain=2.03738 2.19911 3.30751 1.63274
threshold=64.500000000000014 18.500000000000004 4.5000000000000009 51.500000000000007
decision_type=2 2 2 2
left_child=1 2 -1 -3
right_child=-2 3 -4 -5
leaf_value=-0.034378044802943507 0.063138655154361276 -0.0041050101194166329 0.0097308521644601225 0.0010418252715886924
leaf_weight=23 26.550000429153442 64.900000333786011 77.350000023841858 20.950000166893005
leaf_count=23 18 60 77 18
internal_value=0.00176041 0.000850009 0.0026063 -0.000781539
internal_weight=212.75 186.2 100.35 85.85
internal_count=196 178 100 78
is_linear=0
shrinkage=0.0167644


Tree=247
num_leaves=5
num_cat=0
split_feature=0 11 5 10
split_gain=2.03738 2.19911 3.30751 1.63274
threshold=64.500000000000014 18.500000000000004 4.5000000000000009 51.500000000000007
decision_type=2 2 2 2
left_child=1 2 -1 -3
right_child=-2 3 -4 -5
leaf_value=-0.033801717198866849 0.062080172914946073 -0.0040361920507802317 0.009567720178749092 0.0010243596866176402
leaf_weight=23 26.550000429153442 64.900000333786011 77.350000023841858 20.950000166893005
leaf_count=23 18 60 77 18
internal_value=0.00176041 0.000850009 0.0026063 -0.000781539
internal_weight=212.75 186.2 100.35 85.85
internal_count=196 178 100 78
is_linear=0
shrinkage=0.0167644


Tree=248
num_leaves=5
num_cat=0
split_feature=0 11 7 10
split_gain=2.03738 2.19911 3.30751 1.63274
threshold=64.500000000000014 18.500000000000004 4.5000000000000009 51.500000000000007
decision_type=2 2 2 2
left_child=1 2 -1 -3
right_child=-2 3 -4 -5
leaf_value=-0.033235051386469289 0.061039435504723356 -0.0039685276763938371 0.0094073230043693282 0.0010071869018567557
leaf_weight=23 26.550000429153442 64.900000333786011 77.350000023841858 20.950000166893005
leaf_count=23 18 60 77 18
internal_value=0.00176041 0.000850009 0.0026063 -0.000781539
internal_weight=212.75 186.2 100.35 85.85
internal_count=196 178 100 78
is_linear=0
shrinkage=0.0167644


Tree=249
num_leaves=5
num_cat=0
split_feature=0 11 5 10
split_gain=2.03738 2.19911 3.30751 1.63274
threshold=64.500000000000014 18.500000000000004 4.5000000000000009 51.500000000000007
decision_type=2 2 2 2
left_child=1 2 -1 -3
right_child=-2 3 -4 -5
leaf_value=-0.032677885391523338 0.060016145442118696 -0.0039019976552550637 0.0092496147938250818 0.00099030200868338971
leaf_weight=23 26.550000429153442 64.900000333786011 77.350000023841858 20.950000166893005
leaf_count=23 18 60 77 18
internal_value=0.00176041 0.000850009 0.0026063 -0.000781539
internal_weight=212.75 186.2 100.35 85.85
internal_count=196 178 100 78
is_linear=0
shrinkage=0.0167644


Tree=250
num_leaves=6
num_cat=0
split_feature=10 0 1 10 10
split_gain=2.27277 4.01778 3.58037 2.50382 1.11205
threshold=24.500000000000004 28.500000000000004 48.500000000000007 18.500000000000004 12.500000000000002
decision_type=2 2 2 2 2
left_child=3 -2 -3 4 -1
right_child=1 2 -4 -5 -6
leaf_value=-0.0068645381177713446 0.029818829720244609 -0.011134637746310912 0.033774168829059883 -0.036171492160625041 0.033803269140091088
leaf_weight=74 24.350000023841858 23.450000166893005 46.100000739097595 20.350000023841858 28.700000047683716
leaf_count=74 24 21 33 20 28
internal_value=0.00113162 0.00308369 0.000331787 -8.41092e-05 0.000696415
internal_weight=216.95 93.9 69.55 123.05 102.7
internal_count=200 78 54 122 102
is_linear=0
shrinkage=0.0167644


Tree=251
num_leaves=5
num_cat=0
split_feature=2 5 10 1
split_gain=3.02728 2.06126 4.37397 0.324264
threshold=61.500000000000007 32.500000000000007 24.500000000000004 46.500000000000007
decision_type=2 2 2 2
left_child=1 2 -1 -3
right_child=-2 3 -4 -5
leaf_value=-0.0015676427166477346 0.001382043168883274 -0.028751648692825468 0.028685216244701817 -0.0080516997234804308
leaf_weight=115.70000004768372 30.600000500679016 20.700000047683716 27.050000071525574 22.900000333786011
leaf_count=115 21 20 26 18
internal_value=0.00133763 0.000277571 0.00143215 -0.00252412
internal_weight=216.95 186.35 142.75 43.6
internal_count=200 179 141 38
is_linear=0
shrinkage=0.0167644


Tree=252
num_leaves=5
num_cat=0
split_feature=2 5 2 1
split_gain=3.28316 1.79211 3.37132 0.324264
threshold=61.500000000000007 32.500000000000007 21.500000000000004 46.500000000000007
decision_type=2 2 2 2
left_child=1 2 -1 -3
right_child=-2 3 -4 -5
leaf_value=-0.00084207968024616986 0.0013588740319291036 -0.028269644294396989 0.028136210021215868 -0.0079167177360818571
leaf_weight=108 30.600000500679016 20.700000047683716 34.75000011920929 22.900000333786011
leaf_count=108 21 20 33 18
internal_value=0.00118503 0.00010028 0.00120174 -0.00252412
internal_weight=216.95 186.35 142.75 43.6
internal_count=200 179 141 38
is_linear=0
shrinkage=0.0167644


Tree=253
num_leaves=4
num_cat=0
split_feature=0 8 0
split_gain=2.69119 1.38307 2.58593
threshold=61.500000000000007 51.500000000000007 21.500000000000004
decision_type=2 2 2
left_child=1 2 -1
right_child=-2 -3 -4
leaf_value=-0.00082796271206661955 0.0013360933118634695 -0.045912864181487226 0.009837776292038674
leaf_weight=110 30.600000500679016 21.150000214576721 55.200000286102295
leaf_count=110 21 18 51
internal_value=0.00154364 0.000516914 0.00121578
internal_weight=216.95 186.35 165.2
internal_count=200 179 161
is_linear=0
shrinkage=0.0167644


Tree=254
num_leaves=6
num_cat=0
split_feature=10 10 10 2 2
split_gain=2.77827 2.71108 1.84624 1.34214 3.93492
threshold=24.500000000000004 18.500000000000004 12.500000000000002 28.500000000000004 61.500000000000007
decision_type=2 2 2 2 2
left_child=1 2 -1 -2 -5
right_child=3 -3 -4 4 -6
leaf_value=-0.0066951803156775191 0.028201432526551769 -0.034958162067596665 0.033722850834728965 -0.0089864039322788726 0.0013136944971064671
leaf_weight=74 24.350000023841858 20.350000023841858 28.700000047683716 38.950000405311584 30.600000500679016
leaf_count=74 24 20 28 33 21
internal_value=0.00154364 0 0.00101432 0.00367334 0.0015836
internal_weight=216.95 123.05 102.7 93.9 69.55
internal_count=200 122 102 78 54
is_linear=0
shrinkage=0.0167644


Tree=255
num_leaves=5
num_cat=0
split_feature=0 11 4 4
split_gain=5.11893 4.22095 1.33161 0.77882
threshold=37.500000000000007 18.500000000000004 4.5000000000000009 53.000000000000007
decision_type=2 2 2 2
left_child=1 2 -1 -2
right_child=3 -3 -4 -5
leaf_value=-0.044395301821909185 0.086919089395114932 -0.013478274391929867 0.0048771100125643034 0.010237674166709091
leaf_weight=22 27.000000357627869 50.700000047683716 83.350000023841858 35.700000524520874
leaf_count=22 21 50 83 26
internal_value=0.00116784 -0.000246081 0.00140036 0.00514228
internal_weight=218.75 156.05 105.35 62.7
internal_count=202 155 105 47
is_linear=0
shrinkage=0.0167644


Tree=256
num_leaves=5
num_cat=0
split_feature=1 11 4 8
split_gain=3.20395 5.85906 1.61222 0.890136
threshold=48.500000000000007 18.500000000000004 4.5000000000000009 26.500000000000004
decision_type=2 2 2 2
left_child=1 2 -1 -3
right_child=-2 3 -4 -5
leaf_value=-0.043651040823997796 0.032295648704362058 -0.01447617988262999 0.0045271085536910099 -0.0015600852887715547
leaf_weight=22 47.250000715255737 29.050000071525574 83.350000023841858 37.100000143051147
leaf_count=22 34 28 83 35
internal_value=0.000403468 -0.000479193 0.00171048 -0.00445916
internal_weight=218.75 171.5 105.35 66.15
internal_count=202 168 105 63
is_linear=0
shrinkage=0.0167644


Tree=257
num_leaves=6
num_cat=0
split_feature=5 5 2 4 5
split_gain=3.2147 4.7526 1.81317 1.42547 0.287429
threshold=42.500000000000007 19.500000000000004 61.500000000000007 4.5000000000000009 29.500000000000004
decision_type=2 2 2 2 2
left_child=1 3 -2 -1 -3
right_child=2 4 -4 -5 -6
leaf_value=-0.042919256921866371 -0.0011144746761224543 -0.0066988426394002419 0.14543726460516521 0.0047141465515365393 -0.038752821813734802
leaf_weight=22 26.450000286102295 33.050000071525574 25.450000405311584 88.700000047683716 23.100000143051147
leaf_count=22 22 32 17 88 21
internal_value=0.000706188 -0.000230412 0.00428753 0.0015338 -0.00427702
internal_weight=218.75 166.85 51.9 110.7 56.15
internal_count=202 163 39 110 53
is_linear=0
shrinkage=0.0167644


Tree=258
num_leaves=5
num_cat=0
split_feature=0 4 0 4
split_gain=3.42054 2.69089 2.4243 1.86685
threshold=61.500000000000007 12.500000000000002 21.500000000000004 4.5000000000000009
decision_type=2 2 2 2
left_child=1 3 -3 -1
right_child=-2 2 -4 -5
leaf_value=-0.042199740944377964 0.037282453647869793 -0.026472369506680693 3.8502297257109578e-05 0.0045295019609916491
leaf_weight=22 28.1500004529953 37 75.600000500679016 56
leaf_count=22 19 37 68 56
internal_value=0.00141758 0.000353833 -0.00105806 0.00283974
internal_weight=218.75 190.6 112.6 78
internal_count=202 183 105 78
is_linear=0
shrinkage=0.0167644


Tree=259
num_leaves=6
num_cat=0
split_feature=5 11 2 5 2
split_gain=2.41555 2.90124 1.81317 1.31506 1.01684
threshold=42.500000000000007 18.500000000000004 61.500000000000007 4.5000000000000009 21.500000000000004
decision_type=2 2 2 2 2
left_child=1 3 -2 -1 -3
right_child=2 4 -4 -5 -6
leaf_value=-0.021112617871912102 -0.0010964366350785916 -0.034478428010046941 0.14237407651398787 0.004296249949841147 -0.0010503413041043901
leaf_weight=23 26.450000286102295 20 25.450000405311584 83.350000023841858 40.500000238418579
leaf_count=23 22 20 17 83 37
internal_value=0.00121324 0 0.00428753 0.00184844 -0.00264481
internal_weight=218.75 166.85 51.9 106.35 60.5
internal_count=202 163 39 106 57
is_linear=0
shrinkage=0.0167644


Tree=260
num_leaves=4
num_cat=0
split_feature=0 11 5
split_gain=2.4849 2.37474 2.61149
threshold=64.500000000000014 37.500000000000007 4.5000000000000009
decision_type=2 2 2
left_child=1 2 -1
right_child=-2 -3 -4
leaf_value=-0.02437393765467992 0.057804206394928316 -0.01003038526927327 0.0036346488052694942
leaf_weight=19 29.500000476837158 34.400000333786011 133.80000019073486
leaf_count=19 20 29 131
internal_value=0.00244295 0.00141033 0.00242265
internal_weight=216.7 187.2 152.8
internal_count=199 179 150
is_linear=0
shrinkage=0.0167644


Tree=261
num_leaves=4
num_cat=0
split_feature=10 11 0
split_gain=2.81439 1.50895 4.20278
threshold=5.5000000000000009 53.000000000000007 34.500000000000007
decision_type=2 2 2
left_child=-1 2 -2
right_child=1 -3 -4
leaf_value=-0.018497890089705753 0.00075594928447430046 -0.0021254319735547486 0.031581912122171533
leaf_weight=29 114.35000002384186 39.950000524520874 33.4000004529953
leaf_count=29 114 30 26
internal_value=0.00249642 0.0033166 0.00409108
internal_weight=216.7 187.7 147.75
internal_count=199 170 140
is_linear=0
shrinkage=0.0167644


Tree=262
num_leaves=4
num_cat=0
split_feature=0 4 7
split_gain=3.07953 1.93685 1.91972
threshold=64.500000000000014 48.500000000000007 4.5000000000000009
decision_type=2 2 2
left_child=1 2 -1
right_child=-2 -3 -4
leaf_value=-0.023655216799321862 0.056870784647294434 -0.040924824600991824 0.0024543021822034162
leaf_weight=19 29.500000476837158 21.000000238418579 147.20000028610229
leaf_count=19 20 17 143
internal_value=0.00208393 0.000995558 0.0017642
internal_weight=216.7 187.2 166.2
internal_count=199 179 162
is_linear=0
shrinkage=0.0167644


Tree=263
num_leaves=4
num_cat=0
split_feature=0 11 5
split_gain=3.3989 1.90208 1.85866
threshold=61.500000000000007 53.000000000000007 4.5000000000000009
decision_type=2 2 2
left_child=1 2 -1
right_child=-2 -3 -4
leaf_value=-0.023258651069653028 0.035337057328892432 -0.03178723095385548 0.0022659440150052
leaf_weight=19 33.800000548362732 19.050000190734863 144.85000026226044
leaf_count=19 23 16 141
internal_value=0.0021374 0.000937351 0.0016935
internal_weight=216.7 182.9 163.85
internal_count=199 176 160
is_linear=0
shrinkage=0.0167644


Tree=264
num_leaves=5
num_cat=0
split_feature=0 5 4 10
split_gain=3.34205 2.05932 2.86881 0.949376
threshold=64.500000000000014 29.500000000000004 4.5000000000000009 51.500000000000007
decision_type=2 2 2 2
left_child=1 2 -1 -3
right_child=-2 3 -4 -5
leaf_value=-0.022868733530076124 0.055324974670379785 -0.014321892172929725 0.0040177388978609547 -0.0022780886755961473
leaf_weight=20 29.500000476837158 24.800000190734863 119.10000014305115 23.300000190734863
leaf_count=20 20 22 117 20
internal_value=0.00193115 0.00081906 0.00198304 -0.00170759
internal_weight=216.7 187.2 139.1 48.1
internal_count=199 179 137 42
is_linear=0
shrinkage=0.0167644


Tree=265
num_leaves=6
num_cat=0
split_feature=5 0 11 8 5
split_gain=1.73431 4.64868 1.58981 1.34962 1.17189
threshold=25.500000000000004 64.500000000000014 4.5000000000000009 7.5000000000000009 46.500000000000007
decision_type=2 2 2 2 2
left_child=2 4 -1 -4 -2
right_child=1 -3 3 -5 -6
leaf_value=-0.023940820415073037 -0.031032574052773487 0.012855189806542796 0.0087849285826137914 0.00055060881197392989 -0.00040864776886000896
leaf_weight=20 37.800000190734863 24.950000405311584 22 70.050000071525574 26.400000333786011
leaf_count=20 35 17 22 69 21
internal_value=0.00151079 0 0.00288095 0.00384225 -0.00262385
internal_weight=201.2 89.15 112.05 92.05 64.2
internal_count=184 73 111 91 56
is_linear=0
shrinkage=0.0167644


Tree=266
num_leaves=4
num_cat=0
split_feature=0 7 10
split_gain=1.26578 2.85738 3.41385
threshold=61.500000000000007 32.500000000000007 24.500000000000004
decision_type=2 2 2
left_child=1 2 -1
right_child=-2 -3 -4
leaf_value=0.00017265211010926315 0.012204370177608363 -0.0089409546565299633 0.026556254582488645
leaf_weight=107.70000004768372 29.250000476837158 41.200000405311584 23.050000071525574
leaf_count=107 20 35 22
internal_value=0.002119 0.00122158 0.00256535
internal_weight=201.2 171.95 130.75
internal_count=184 164 129
is_linear=0
shrinkage=0.0167644


Tree=267
num_leaves=4
num_cat=0
split_feature=0 5 10
split_gain=1.26578 2.85738 3.41385
threshold=61.500000000000007 32.500000000000007 24.500000000000004
decision_type=2 2 2
left_child=1 2 -1
right_child=-2 -3 -4
leaf_value=0.00016975769951877405 0.011999771124228772 -0.0087910648357186535 0.026111054668866315
leaf_weight=107.70000004768372 29.250000476837158 41.200000405311584 23.050000071525574
leaf_count=107 20 35 22
internal_value=0.002119 0.00122158 0.00256535
internal_weight=201.2 171.95 130.75
internal_count=184 164 129
is_linear=0
shrinkage=0.0167644


Tree=268
num_leaves=5
num_cat=0
split_feature=11 5 0 11
split_gain=2.24564 2.79464 1.69156 1.59016
threshold=73.500000000000014 23.500000000000004 40.500000000000007 4.5000000000000009
decision_type=2 2 2 2
left_child=1 3 -3 -1
right_child=-2 2 -4 -5
leaf_value=-0.023545207007672701 0.041742146850873518 -0.037148644914787525 0.00026887428374573405 0.0084071806256343865
leaf_weight=20 20.400000333786011 35.700000047683716 38.050000548362732 87.050000071525574
leaf_count=20 14 35 29 86
internal_value=0.00195462 0.00104853 -0.0010804 0.00285946
internal_weight=201.2 180.8 73.75 107.05
internal_count=184 170 64 106
is_linear=0
shrinkage=0.0167644


Tree=269
num_leaves=6
num_cat=0
split_feature=0 3 0 4 3
split_gain=1.38097 2.0909 3.18888 0.739677 0.158025
threshold=12.500000000000002 26.500000000000004 64.500000000000014 11.500000000000002 5.5000000000000009
decision_type=2 2 2 2 2
left_child=3 -2 -3 4 -1
right_child=1 2 -4 -5 -6
leaf_value=-0.00057391278723058236 0.0036346333180869994 -0.0053081263282791094 0.011534129599358711 -0.020630340042627645 -0.013160038981496409
leaf_weight=21 49.350000023841858 59.90000057220459 24.950000405311584 20 26
leaf_count=21 49 51 17 20 26
internal_value=0.0017327 0.00270268 0.000522588 0 0.000903194
internal_weight=201.2 134.2 84.85 67 47
internal_count=184 117 68 67 47
is_linear=0
shrinkage=0.0167644


Tree=270
num_leaves=5
num_cat=0
split_feature=0 5 5 6
split_gain=3.56895 1.29619 2.05945 0.59971
threshold=56.000000000000007 25.500000000000004 4.5000000000000009 32.500000000000007
decision_type=2 2 2 2
left_child=1 2 -1 -3
right_child=-2 3 -4 -5
leaf_value=-0.025580871077461102 0.14336120112855147 -0.045888394126485023 0.0052202570102805219 -0.0011656589710765046
leaf_weight=20 28.1500004529953 20 106.40000009536743 33.800000309944153
leaf_count=20 19 20 105 29
internal_value=0.0025753 0.00138182 0.00234674 -0.000201894
internal_weight=208.35 180.2 126.4 53.8
internal_count=193 174 125 49
is_linear=0
shrinkage=0.0167644


Tree=271
num_leaves=5
num_cat=0
split_feature=1 5 5 5
split_gain=3.32594 2.82602 2.05945 0.394391
threshold=48.500000000000007 25.500000000000004 4.5000000000000009 32.500000000000007
decision_type=2 2 2 2
left_child=1 2 -1 -3
right_child=-2 3 -4 -5
leaf_value=-0.025152022891859676 0.057826981091713213 -0.0090386400012592173 0.0051327424866173975 -0.0083050746223919409
leaf_weight=20 42.200000643730164 19.350000023841858 106.40000009536743 20.400000095367432
leaf_count=20 30 19 105 19
internal_value=0.0023609 0.00096579 0.00234674 -0.0023781
internal_weight=208.35 166.15 126.4 39.75
internal_count=193 163 125 38
is_linear=0
shrinkage=0.0167644


Tree=272
num_leaves=4
num_cat=0
split_feature=1 8 1
split_gain=3.21002 2.34762 1.76257
threshold=48.500000000000007 34.500000000000007 21.500000000000004
decision_type=2 2 2
left_child=1 2 -1
right_child=-2 -3 -4
leaf_value=0.00018046859803529761 0.056857545928817796 -0.040449735850679923 0.007712103808501564
leaf_weight=109.35000002384186 42.200000643730164 20.400000095367432 36.400000095367432
leaf_count=109 30 19 35
internal_value=0.00241649 0.00103526 0.00196761
internal_weight=208.35 166.15 145.75
internal_count=193 163 144
is_linear=0
shrinkage=0.0167644


Tree=273
num_leaves=5
num_cat=0
split_feature=1 5 5 5
split_gain=3.92542 2.04227 1.81598 0.21255
threshold=46.500000000000007 25.500000000000004 4.5000000000000009 32.500000000000007
decision_type=2 2 2 2
left_child=1 2 -1 -3
right_child=-2 3 -4 -5
leaf_value=-0.024733389542036414 0.046432276150756638 -0.0088491023849839763 0.0050436696428322429 -0.027872130385065849
leaf_weight=20 43.550000667572021 19.350000023841858 106.40000009536743 19.050000071525574
leaf_count=20 31 19 105 18
internal_value=0.00241649 0.000908541 0.00208716 -0.00190633
internal_weight=208.35 164.8 126.4 38.4
internal_count=193 162 125 37
is_linear=0
shrinkage=0.0167644


Tree=274
num_leaves=4
num_cat=0
split_feature=1 11 1
split_gain=3.88807 2.3823 1.58678
threshold=48.500000000000007 34.500000000000007 21.500000000000004
decision_type=2 2 2
left_child=1 2 -1
right_child=-2 -3 -4
leaf_value=9.2889007835175513e-05 0.055125953104797482 -0.023679184850376962 -0.0027268228954265119
leaf_weight=109.35000002384186 42.200000643730164 19.700000047683716 37.100000143051147
leaf_count=109 30 19 35
internal_value=0.00209885 0.000638277 0.00158763
internal_weight=208.35 166.15 146.45
internal_count=193 163 144
is_linear=0
shrinkage=0.0167644


Tree=275
num_leaves=4
num_cat=0
split_feature=10 10 8
split_gain=2.10532 2.91531 0.909735
threshold=25.500000000000004 18.500000000000004 4.5000000000000009
decision_type=2 2 2
left_child=1 2 -1
right_child=-2 -3 -4
leaf_value=-0.02432030611284414 0.017415113608659688 -0.0225885703728913 0.008318166503094403
leaf_weight=18 91.750000953674316 21.350000023841858 77.700000047683716
leaf_count=18 75 21 77
internal_value=0.0022806 0.000382146 0.0019377
internal_weight=208.8 117.05 95.7
internal_count=191 116 95
is_linear=0
shrinkage=0.0167644


Tree=276
num_leaves=4
num_cat=0
split_feature=2 8 8
split_gain=2.04376 1.73875 0.563023
threshold=34.500000000000007 7.5000000000000009 15.500000000000002
decision_type=2 2 2
left_child=1 -1 -3
right_child=-2 2 -4
leaf_value=0.0054210994149896472 0.017399062090346699 -0.0070167333840061392 3.2463115910627048e-05
leaf_weight=35 70.450001001358032 41 62.350000023841858
leaf_count=35 53 41 62
internal_value=0.0022806 0.000716498 -5.23295e-05
internal_weight=208.8 138.35 103.35
internal_count=191 138 103
is_linear=0
shrinkage=0.0167644


Tree=277
num_leaves=4
num_cat=0
split_feature=0 8 8
split_gain=2.04376 1.73875 0.563023
threshold=34.500000000000007 7.5000000000000009 15.500000000000002
decision_type=2 2 2
left_child=1 -1 -3
right_child=-2 2 -4
leaf_value=0.0053302178871071871 0.017107377097055492 -0.0068991019956351892 3.191889095772224e-05
leaf_weight=35 70.450001001358032 41 62.350000023841858
leaf_count=35 53 41 62
internal_value=0.0022806 0.000716498 -5.23295e-05
internal_weight=208.8 138.35 103.35
internal_count=191 138 103
is_linear=0
shrinkage=0.0167644


Tree=278
num_leaves=5
num_cat=0
split_feature=0 5 4 4
split_gain=1.742 1.00808 1.0589 0.67634
threshold=64.500000000000014 24.500000000000004 29.500000000000004 16.500000000000004
decision_type=2 2 2 2
left_child=1 3 -3 -1
right_child=-2 2 -4 -5
leaf_value=8.3720331261284928e-05 0.010055608251489608 -0.036410543132576655 0.0018437650408885918 0.018008679263948869
leaf_weight=83 27.9000004529953 21.350000023841858 44.1500004529953 32.400000095367432
leaf_count=83 19 21 37 31
internal_value=0.00243908 0.00149521 0 0.00242332
internal_weight=208.8 180.9 65.5 115.4
internal_count=191 172 58 114
is_linear=0
shrinkage=0.0167644


Tree=279
num_leaves=4
num_cat=0
split_feature=10 10 8
split_gain=2.10532 3.34095 1.13918
threshold=25.500000000000004 16.500000000000004 4.5000000000000009
decision_type=2 2 2
left_child=1 2 -1
right_child=-2 -3 -4
leaf_value=-0.024094233556430252 0.016437855732474159 -0.017709287172686636 0.0082733622099758521
leaf_weight=18 91.750000953674316 28.350000023841858 70.700000047683716
leaf_count=18 75 28 70
internal_value=0.0022806 0.000382146 0.00226928
internal_weight=208.8 117.05 88.7
internal_count=191 116 88
is_linear=0
shrinkage=0.0167644


Tree=280
num_leaves=6
num_cat=0
split_feature=10 10 5 0 4
split_gain=3.02195 3.30601 2.16633 3.17043 1.91165
threshold=12.500000000000002 9.5000000000000018 19.500000000000004 64.500000000000014 4.5000000000000009
decision_type=2 2 2 2 2
left_child=1 4 -2 -4 -1
right_child=2 -3 3 -5 -6
leaf_value=-0.019794833423806182 0.024868909961091073 -0.05193392950332483 -0.0011265056657753917 0.039926108365468678 0.0074744866204499152
leaf_weight=19 33.700000047683716 21 77.1500004529953 26.550000429153442 39
leaf_count=19 33 21 70 18 39
internal_value=0.00165843 -0.000549725 0.00319116 0.00141419 0.00101558
internal_weight=216.4 79 137.4 103.7 58
internal_count=200 79 121 88 58
is_linear=0
shrinkage=0.0167644


Tree=281
num_leaves=4
num_cat=0
split_feature=4 5 0
split_gain=2.28863 1.54045 4.01428
threshold=4.5000000000000009 19.500000000000004 64.500000000000014
decision_type=2 2 2
left_child=-1 -2 -3
right_child=1 2 -4
leaf_value=-0.019462984739983941 0.0080900570720816023 -0.0023066076846226234 0.039256770754610641
leaf_weight=22 83.700000047683716 84.1500004529953 26.550000429153442
leaf_count=22 83 77 18
internal_value=0.00165843 0.00235364 0.000588216
internal_weight=216.4 194.4 110.7
internal_count=200 178 95
is_linear=0
shrinkage=0.0167644


Tree=282
num_leaves=4
num_cat=0
split_feature=0 4 10
split_gain=2.38898 2.3489 2.0454
threshold=64.500000000000014 48.500000000000007 12.500000000000002
decision_type=2 2 2
left_child=1 2 -1
right_child=-2 -3 -4
leaf_value=-0.0031767830550085705 0.038598654193227513 -0.093058364765730678 0.0079368831374434842
leaf_weight=79 26.550000429153442 19.650000214576721 91.200000286102295
leaf_count=79 18 16 87
internal_value=0.00150545 0.000577149 0.00140356
internal_weight=216.4 189.85 170.2
internal_count=200 182 166
is_linear=0
shrinkage=0.0167644


Tree=283
num_leaves=4
num_cat=0
split_feature=4 5 0
split_gain=2.28863 1.54045 4.01428
threshold=4.5000000000000009 19.500000000000004 64.500000000000014
decision_type=2 2 2
left_child=-1 -2 -3
right_child=1 2 -4
leaf_value=-0.019083442412753542 0.0080356360392833549 -0.0017787746006081378 0.037951570567056343
leaf_weight=22 83.700000047683716 84.1500004529953 26.550000429153442
leaf_count=22 83 77 18
internal_value=0.00165843 0.00235364 0.000588216
internal_weight=216.4 194.4 110.7
internal_count=200 178 95
is_linear=0
shrinkage=0.0167644


Tree=284
num_leaves=4
num_cat=0
split_feature=0 4 11
split_gain=2.17 2.54844 1.78554
threshold=64.500000000000014 48.500000000000007 4.5000000000000009
decision_type=2 2 2
left_child=1 2 -1
right_child=-2 -3 -4
leaf_value=-0.02152712811518652 0.037315334915458513 -0.091468476171955623 0.0016018331946728555
leaf_weight=23 26.550000429153442 19.650000214576721 147.20000028610229
leaf_count=23 18 16 143
internal_value=0.00165843 0.000751219 0.0015974
internal_weight=216.4 189.85 170.2
internal_count=200 182 166
is_linear=0
shrinkage=0.0167644


Tree=285
num_leaves=4
num_cat=0
split_feature=5 8 8
split_gain=1.56677 1.07024 2.66373
threshold=4.5000000000000009 7.5000000000000009 14.500000000000002
decision_type=2 2 2
left_child=-1 -2 -3
right_child=1 2 -4
leaf_value=-0.030898976491711663 -0.00086275063514543876 -0.0070488933164640465 0.018581475849076129
leaf_weight=20 22 41 124.8000009059906
leaf_count=20 22 41 109
internal_value=0.0030637 0.00356118 0.00263362
internal_weight=207.8 187.8 165.8
internal_count=192 172 150
is_linear=0
shrinkage=0.0167644


Tree=286
num_leaves=5
num_cat=0
split_feature=0 4 4 5
split_gain=1.74785 2.00594 3.67997 2.89136
threshold=64.500000000000014 12.500000000000002 16.500000000000004 4.5000000000000009
decision_type=2 2 2 2
left_child=1 3 -3 -1
right_child=-2 2 -4 -5
leaf_value=-0.03038097341178185 0.066692905297714461 -0.01956950559212953 0.00547842802729143 0.015171369043262287
leaf_weight=20 25.200000405311584 20 90.600000500679016 52
leaf_count=20 17 20 83 52
internal_value=0.00274524 0.00181613 1.20137e-05 0.00396452
internal_weight=207.8 182.6 110.6 72
internal_count=192 175 103 72
is_linear=0
shrinkage=0.0167644


Tree=287
num_leaves=4
num_cat=0
split_feature=0 8 5
split_gain=1.74785 1.8215 1.23248
threshold=64.500000000000014 46.500000000000007 4.5000000000000009
decision_type=2 2 2
left_child=1 2 -1
right_child=-2 -3 -4
leaf_value=-0.029871654347352991 0.065574838155168527 -0.05477593877086006 0.0071668557897379276
leaf_weight=20 25.200000405311584 20.750000238418579 141.85000026226044
leaf_count=20 17 17 138
internal_value=0.00274524 0.00181613 0.00252878
internal_weight=207.8 182.6 161.85
internal_count=192 175 158
is_linear=0
shrinkage=0.0167644


Tree=288
num_leaves=4
num_cat=0
split_feature=0 8 8
split_gain=2.20156 1.4923 1.26502
threshold=64.500000000000014 46.500000000000007 14.500000000000002
decision_type=2 2 2
left_child=1 2 -1
right_child=-2 -3 -4
leaf_value=-0.00081992378333542568 0.064475514747501975 -0.053857652529341278 0.023277845011813205
leaf_weight=83 25.200000405311584 20.750000238418579 78.850000262260437
leaf_count=83 17 17 75
internal_value=0.00242678 0.00145437 0.00212143
internal_weight=207.8 182.6 161.85
internal_count=192 175 158
is_linear=0
shrinkage=0.0167644


Tree=289
num_leaves=5
num_cat=0
split_feature=7 11 11 8
split_gain=2.71395 1.21302 2.82139 1.56019
threshold=42.500000000000007 8.5000000000000018 4.5000000000000009 11.500000000000002
decision_type=2 2 2 2
left_child=1 2 -1 -3
right_child=-2 3 -4 -5
leaf_value=-0.00010284629303546397 0.035193187848059436 -0.019604363970515615 0.0076558461720838003 0.0033835362888606532
leaf_weight=20 46.600000619888306 28 26 87.200000286102295
leaf_count=20 35 28 26 83
internal_value=0.00248251 0.0011023 0.00332807 0
internal_weight=207.8 161.2 46 115.2
internal_count=192 157 46 111
is_linear=0
shrinkage=0.0167644


Tree=290
num_leaves=6
num_cat=0
split_feature=2 5 2 8 8
split_gain=2.11716 1.38146 1.10208 1.08261 0.563163
threshold=37.500000000000007 19.500000000000004 7.5000000000000009 26.500000000000004 51.500000000000007
decision_type=2 2 2 2 2
left_child=1 2 -1 -3 -2
right_child=4 3 -4 -5 -6
leaf_value=-0.0001011221357137584 -0.0092436331277451801 -0.019222940257941162 0.0076331669484849887 -0.013099500655494112 0.0056779499769194774
leaf_weight=36 28.800000429153442 18 70.700000047683716 25.700000047683716 34.350000500679016
leaf_count=36 22 18 70 25 25
internal_value=0.0017694 0.000370083 0.00158984 -0.0016889 0.00435691
internal_weight=213.55 150.4 106.7 43.7 63.15
internal_count=196 149 106 43 47
is_linear=0
shrinkage=0.0167644


Tree=291
num_leaves=6
num_cat=0
split_feature=0 5 8 8 8
split_gain=2.81291 0.843588 1.50286 1.08261 0.563163
threshold=37.500000000000007 19.500000000000004 12.500000000000002 26.500000000000004 51.500000000000007
decision_type=2 2 2 2 2
left_child=1 2 -1 -3 -2
right_child=4 3 -4 -5 -6
leaf_value=-5.6979047897409642e-05 -0.0090886690812437432 -0.018900679025062123 0.022685698662456795 -0.01287989526866495 0.005582762501162083
leaf_weight=72 28.800000429153442 18 34.700000047683716 25.700000047683716 34.350000500679016
leaf_count=72 22 18 34 25 25
internal_value=0.00145941 0 0.000977259 -0.0016889 0.00435691
internal_weight=213.55 150.4 106.7 43.7 63.15
internal_count=196 149 106 43 47
is_linear=0
shrinkage=0.0167644


Tree=292
num_leaves=5
num_cat=0
split_feature=10 11 8 8
split_gain=2.5752 2.13818 1.10004 1.08344
threshold=24.500000000000004 56.000000000000007 19.500000000000004 12.500000000000002
decision_type=2 2 2 2
left_child=2 -2 3 -1
right_child=1 -3 -4 -5
leaf_value=-4.4783921751868898e-05 0.0071196681500867252 -0.010917095440547092 -0.027021829515918472 0.021570903769643313
leaf_weight=71 58.750000476837158 32.750000476837158 26.700000047683716 24.350000023841858
leaf_count=71 51 24 26 24
internal_value=0.0016144 0.00369572 0 0.000859644
internal_weight=213.55 91.5 122.05 95.35
internal_count=196 75 121 95
is_linear=0
shrinkage=0.0167644


Tree=293
num_leaves=5
num_cat=0
split_feature=10 11 8 8
split_gain=2.17151 2.13818 0.559608 1.08344
threshold=24.500000000000004 56.000000000000007 19.500000000000004 12.500000000000002
decision_type=2 2 2 2
left_child=2 -2 3 -1
right_child=1 -3 -4 -5
leaf_value=-4.4033145770508914e-05 0.0070003111211958523 -0.010734076787369118 -0.026568824513686796 0.021209280316111048
leaf_weight=71 58.750000476837158 32.750000476837158 26.700000047683716 24.350000023841858
leaf_count=71 51 24 26 24
internal_value=0.0017694 0.00369572 0 0.000859644
internal_weight=213.55 91.5 122.05 95.35
internal_count=196 75 121 95
is_linear=0
shrinkage=0.0167644


Tree=294
num_leaves=5
num_cat=0
split_feature=10 11 8 8
split_gain=2.17151 2.13818 0.559608 1.08344
threshold=24.500000000000004 56.000000000000007 19.500000000000004 12.500000000000002
decision_type=2 2 2 2
left_child=2 -2 3 -1
right_child=1 -3 -4 -5
leaf_value=-4.3294956104754195e-05 0.0068829550423557245 -0.010554126333749619 -0.026123413872596587 0.020853719266061783
leaf_weight=71 58.750000476837158 32.750000476837158 26.700000047683716 24.350000023841858
leaf_count=71 51 24 26 24
internal_value=0.0017694 0.00369572 0 0.000859644
internal_weight=213.55 91.5 122.05 95.35
internal_count=196 75 121 95
is_linear=0
shrinkage=0.0167644


Tree=295
num_leaves=5
num_cat=0
split_feature=0 11 8 6
split_gain=3.81725 3.46688 2.20892 0.990952
threshold=61.500000000000007 18.500000000000004 23.500000000000004 12.500000000000002
decision_type=2 2 2 2
left_child=1 3 -3 -1
right_child=-2 2 -4 -5
leaf_value=0.015148930609026268 0.13626891449781536 -0.033355287814970394 0.0010250163288931542 -0.007187357401880862
leaf_weight=64 31.100000500679016 21.700000047683716 66.200000405311584 31.350000023841858
leaf_count=64 21 21 60 31
internal_value=0.00218756 0.000967131 -0.00110593 0.0032517
internal_weight=214.35 183.25 87.9 95.35
internal_count=197 176 81 95
is_linear=0
shrinkage=0.0167644


Tree=296
num_leaves=6
num_cat=0
split_feature=5 11 0 4 4
split_gain=2.66836 3.93711 1.07621 0.837856 0.726674
threshold=42.500000000000007 18.500000000000004 61.500000000000007 31.000000000000004 12.500000000000002
decision_type=2 2 2 2 2
left_child=1 4 -2 -3 -1
right_child=2 3 -4 -5 -6
leaf_value=0.014894967740216576 0.00092463519397397278 -0.020276760437810501 0.13446143476683595 -0.0042204585389730024 -0.0070668656026871158
leaf_weight=64 26.450000286102295 40.350000023841858 27.050000429153442 25.150000214576721 31.350000023841858
leaf_count=64 22 40 18 22 31
internal_value=0.00197908 0.00058723 0.00523821 -0.00220553 0.00290998
internal_weight=214.35 160.85 53.5 65.5 95.35
internal_count=197 157 40 62 95
is_linear=0
shrinkage=0.0167644


Tree=297
num_leaves=6
num_cat=0
split_feature=5 11 0 0 4
split_gain=2.34229 3.3049 1.0826 1.07621 0.726674
threshold=42.500000000000007 18.500000000000004 28.500000000000004 61.500000000000007 12.500000000000002
decision_type=2 2 2 2 2
left_child=1 4 -3 -2 -1
right_child=3 2 -4 -5 -6
leaf_value=0.014645262408813215 0.00090913423139616463 -0.0025365744291227211 -0.034107302651890055 0.13220726827819246 -0.0069483937772975377
leaf_weight=64 26.450000286102295 38.350000023841858 27.150000214576721 27.050000429153442 31.350000023841858
leaf_count=64 22 38 24 18 31
internal_value=0.00213351 0.000792152 -0.00171439 0.00523821 0.00290998
internal_weight=214.35 160.85 65.5 53.5 95.35
internal_count=197 157 62 40 95
is_linear=0
shrinkage=0.0167644


Tree=298
num_leaves=6
num_cat=0
split_feature=5 11 0 0 4
split_gain=2.34229 3.3049 1.0826 1.07621 0.726674
threshold=42.500000000000007 18.500000000000004 28.500000000000004 61.500000000000007 12.500000000000002
decision_type=2 2 2 2 2
left_child=1 4 -3 -2 -1
right_child=3 2 -4 -5 -6
leaf_value=0.014399743239717766 0.00089389313329513176 -0.0024940502579059529 -0.033535513879970183 0.12999089155854351 -0.0068319080620451314
leaf_weight=64 26.450000286102295 38.350000023841858 27.150000214576721 27.050000429153442 31.350000023841858
leaf_count=64 22 38 24 18 31
internal_value=0.00213351 0.000792152 -0.00171439 0.00523821 0.00290998
internal_weight=214.35 160.85 65.5 53.5 95.35
internal_count=197 157 62 40 95
is_linear=0
shrinkage=0.0167644


Tree=299
num_leaves=5
num_cat=0
split_feature=5 11 0 4
split_gain=1.886 2.89337 1.29942 0.726674
threshold=61.500000000000007 18.500000000000004 28.500000000000004 12.500000000000002
decision_type=2 2 2 2
left_child=1 3 -3 -1
right_child=-2 2 -4 -5
leaf_value=0.01415834005439307 0.04970185915789388 8.7048774353302953e-05 -0.0049545247743687775 -0.0067173751609671739
leaf_weight=64 29.500000476837158 41.350000023841858 48.1500004529953 31.350000023841858
leaf_count=64 20 41 41 31
internal_value=0.00171656 0.000798045 -0.00105042 0.00290998
internal_weight=214.35 184.85 89.5 95.35
internal_count=197 177 82 95
is_linear=0
shrinkage=0.0167644


Tree=300
num_leaves=5
num_cat=0
split_feature=0 9 9 9
split_gain=1.10616 1.52114 2.04492 1.06448
threshold=9.5000000000000018 48.500000000000007 14.500000000000002 7.5000000000000009
decision_type=2 2 2 2
left_child=3 2 -2 -1
right_child=1 -3 -4 -5
leaf_value=0.0021526043256523326 -0.010938757532850101 -0.0010915692432357648 0.0099665219770339302 -0.026056943944574754
leaf_weight=32 40 37.350000500679016 84.450000405311584 22
leaf_count=32 40 28 78 22
internal_value=0.000589162 0.0013937 0.00237612 -0.00108714
internal_weight=215.8 161.8 124.45 54
internal_count=200 146 118 54
is_linear=0
shrinkage=0.0167644


Tree=301
num_leaves=5
num_cat=0
split_feature=0 8 8 8
split_gain=1.10616 1.52114 2.04492 1.06448
threshold=9.5000000000000018 48.500000000000007 14.500000000000002 7.5000000000000009
decision_type=2 2 2 2
left_child=3 2 -2 -1
right_child=1 -3 -4 -5
leaf_value=0.0021165171862981766 -0.010755375727496755 -0.0010732697299781994 0.0097994391261933302 -0.025620114678709966
leaf_weight=32 40 37.350000500679016 84.450000405311584 22
leaf_count=32 40 28 78 22
internal_value=0.000589162 0.0013937 0.00237612 -0.00108714
internal_weight=215.8 161.8 124.45 54
internal_count=200 146 118 54
is_linear=0
shrinkage=0.0167644


Tree=302
num_leaves=5
num_cat=0
split_feature=0 9 9 9
split_gain=0.920201 1.29387 1.7076 1.06448
threshold=9.5000000000000018 48.500000000000007 14.500000000000002 7.5000000000000009
decision_type=2 2 2 2
left_child=3 2 -2 -1
right_child=1 -3 -4 -5
leaf_value=0.0020810350265081613 -0.010575068209733475 -0.0010552769972455875 0.0096351573206029488 -0.025190608597326157
leaf_weight=32 40 37.350000500679016 84.450000405311584 22
leaf_count=32 40 28 78 22
internal_value=0.000435759 0.00118996 0.00211256 -0.00108714
internal_weight=215.8 161.8 124.45 54
internal_count=200 146 118 54
is_linear=0
shrinkage=0.0167644


Tree=303
num_leaves=4
num_cat=0
split_feature=11 8 0
split_gain=0.782023 2.60492 1.07556
threshold=2.5000000000000004 7.5000000000000009 34.500000000000007
decision_type=2 2 2
left_child=-1 -2 -3
right_child=1 2 -4
leaf_value=-0.018188595854404289 0.0089377973002692929 -0.0033412523061256139 0.0021933822068767829
leaf_weight=17 21 116.35000002384186 61.450000882148743
leaf_count=17 21 116 46
internal_value=0.000435759 0.000888362 0
internal_weight=215.8 198.8 177.8
internal_count=200 183 162
is_linear=0
shrinkage=0.0167644


Tree=304
num_leaves=6
num_cat=0
split_feature=0 8 10 10 10
split_gain=0.689285 2.19951 1.28322 1.89617 0.903037
threshold=34.500000000000007 48.500000000000007 18.500000000000004 12.500000000000002 24.500000000000004
decision_type=2 2 2 2 2
left_child=2 -2 3 -1 -4
right_child=1 -3 4 -5 -6
leaf_value=-0.0015745753486969786 0.088420060137290341 -0.00092754254435325383 -0.029430378665346826 0.0093321662314565547 -0.00017480440868991386
leaf_weight=78 28.100000381469727 33.350000500679016 21 24 31.350000023841858
leaf_count=78 22 24 21 24 31
internal_value=0.000435759 0.00191388 0 0.000909089 -0.00222987
internal_weight=215.8 61.45 154.35 102 52.35
internal_count=200 46 154 102 52
is_linear=0
shrinkage=0.0167644


Tree=305
num_leaves=5
num_cat=0
split_feature=4 1 2 10
split_gain=1.36383 2.99556 2.75914 4.11719
threshold=11.500000000000002 3.5000000000000004 21.500000000000004 29.500000000000004
decision_type=2 2 2 2
left_child=1 -1 -2 -4
right_child=2 -3 3 -5
leaf_value=-0.034173402449376195 -0.010734417505539951 0.016527076536117392 0.03874871665644801 -0.0009915768848836339
leaf_weight=18 48 48 29.800000190734863 65.900000810623169
leaf_count=18 48 48 27 52
internal_value=0.00090591 0.00284771 0 0.00161422
internal_weight=209.7 66 143.7 95.7
internal_count=193 66 127 79
is_linear=0
shrinkage=0.0167644


Tree=306
num_leaves=4
num_cat=0
split_feature=8 10 8
split_gain=1.10136 2.32404 2.06715
threshold=48.500000000000007 24.500000000000004 19.500000000000004
decision_type=2 2 2
left_child=1 2 -1
right_child=-2 -3 -4
leaf_value=0.004789355311235366 -0.0010741980727700493 0.020315883641464482 -0.025835300024707696
leaf_weight=97.350000023841858 44.250000596046448 42.400000333786011 25.700000047683716
leaf_count=97 34 37 25
internal_value=0.00090591 0.00162756 9.74336e-05
internal_weight=209.7 165.45 123.05
internal_count=193 159 122
is_linear=0
shrinkage=0.0167644


Tree=307
num_leaves=5
num_cat=0
split_feature=4 1 4 7
split_gain=1.14883 2.46011 2.38861 1.63901
threshold=11.500000000000002 3.5000000000000004 16.500000000000004 24.500000000000004
decision_type=2 2 2 2
left_child=1 -1 -2 -4
right_child=2 -3 3 -5
leaf_value=-0.033680796264752497 -0.014212430478406719 0.01616971915397223 0.019384863247900456 -0.00075966264013843329
leaf_weight=18 24 48 30.050000071525574 89.650000929832458
leaf_count=18 24 48 29 74
internal_value=0.000535064 0.00236014 -6.65279e-05 0.000654499
internal_weight=209.7 66 143.7 119.7
internal_count=193 66 127 103
is_linear=0
shrinkage=0.0167644


Tree=308
num_leaves=8
num_cat=0
split_feature=5 8 5 4 0 4 1
split_gain=1.01773 2.50954 1.94397 1.9775 0.989554 0.68603 0.339214
threshold=24.500000000000004 11.500000000000002 42.500000000000007 56.000000000000007 16.500000000000004 10.500000000000002 29.500000000000004
decision_type=2 2 2 2 2 2 2
left_child=1 5 6 -4 -3 -1 -2
right_child=2 4 3 -5 -6 -7 -8
leaf_value=0.0030791497955878658 -0.0075592998008245649 0.0046022709399893263 -0.001591313780226639 -0.011107595450617897 0.019783974887034497 -0.042148972010368588 -0.056473035525205113
leaf_weight=49 20.350000023841858 25 24.300000309944153 27.550000429153442 21.050000071525574 22 20.450000166893005
leaf_count=49 20 25 19 20 20 22 18
internal_value=0.000692871 0.00178131 -0.000286602 0.00136014 0.00471548 0 -0.00322506
internal_weight=209.7 117.05 92.65 51.85 46.05 71 40.8
internal_count=193 116 77 39 45 71 38
is_linear=0
shrinkage=0.0167644


Tree=309
num_leaves=5
num_cat=0
split_feature=9 0 4 10
split_gain=1.10136 2.67127 2.2743 0.76143
threshold=48.500000000000007 21.500000000000004 11.500000000000002 29.500000000000004
decision_type=2 2 2 2
left_child=1 2 -1 -3
right_child=-2 3 -4 -5
leaf_value=0.0053475458173480725 -0.0011438140437591746 0.045039630897392761 -0.01081636399494461 -0.0022539747975521087
leaf_weight=65 44.250000596046448 29.800000190734863 48 22.650000214576721
leaf_count=65 34 27 48 19
internal_value=0.00090591 0.00162756 0 0.0046547
internal_weight=209.7 165.45 113 52.45
internal_count=193 159 113 46
is_linear=0
shrinkage=0.0167644


Tree=310
num_leaves=4
num_cat=0
split_feature=4 8 4
split_gain=2.06333 1.99644 2.73633
threshold=6.5000000000000009 8.5000000000000018 19.500000000000004
decision_type=2 2 2
left_child=-1 -2 -3
right_child=1 2 -4
leaf_value=-0.002963400334042565 0.010317633650340845 -0.0079125906551064749 0.0046699735857102269
leaf_weight=30 23 55 112.15000104904175
leaf_count=30 23 55 94
internal_value=0.0014538 0.00220127 0.00121663
internal_weight=220.15 190.15 167.15
internal_count=202 172 149
is_linear=0
shrinkage=0.0167644


Tree=311
num_leaves=4
num_cat=0
split_feature=6 8 10
split_gain=2.24447 1.76431 2.71126
threshold=6.5000000000000009 8.5000000000000018 12.500000000000002
decision_type=2 2 2
left_child=-1 -2 -3
right_child=1 2 -4
leaf_value=-0.0029137206787791994 0.010144664619800361 -0.026920565037273098 0.00486138776269126
leaf_weight=30 23 27 140.15000104904175
leaf_count=30 23 27 122
internal_value=0.00160421 0.00237507 0.00141395
internal_weight=220.15 190.15 167.15
internal_count=202 172 149
is_linear=0
shrinkage=0.0167644


Tree=312
num_leaves=4
num_cat=0
split_feature=4 8 4
split_gain=2.06333 1.99644 2.73633
threshold=6.5000000000000009 8.5000000000000018 19.500000000000004
decision_type=2 2 2
left_child=-1 -2 -3
right_child=1 2 -4
leaf_value=-0.0028648738735762265 0.0099745953128341468 -0.0081278418697965388 0.0045101859456335436
leaf_weight=30 23 55 112.15000104904175
leaf_count=30 23 55 94
internal_value=0.0014538 0.00220127 0.00121663
internal_weight=220.15 190.15 167.15
internal_count=202 172 149
is_linear=0
shrinkage=0.0167644


Tree=313
num_leaves=4
num_cat=0
split_feature=4 8 10
split_gain=2.24447 1.76431 2.71126
threshold=6.5000000000000009 8.5000000000000018 12.500000000000002
decision_type=2 2 2
left_child=-1 -2 -3
right_child=1 2 -4
leaf_value=-0.0028168459561945056 0.0098073771172901367 -0.026227064675001896 0.0047042788679677776
leaf_weight=30 23 27 140.15000104904175
leaf_count=30 23 27 122
internal_value=0.00160421 0.00237507 0.00141395
internal_weight=220.15 190.15 167.15
internal_count=202 172 149
is_linear=0
shrinkage=0.0167644


Tree=314
num_leaves=4
num_cat=0
split_feature=4 8 10
split_gain=1.51645 1.76431 2.71126
threshold=6.5000000000000009 8.5000000000000018 12.500000000000002
decision_type=2 2 2
left_child=-1 -2 -3
right_child=1 2 -4
leaf_value=-0.0027696231984637222 0.0096429622359702812 -0.025787383435630969 0.004625414412923118
leaf_weight=30 23 27 140.15000104904175
leaf_count=30 23 27 122
internal_value=0.00175462 0.00237507 0.00141395
internal_weight=220.15 190.15 167.15
internal_count=202 172 149
is_linear=0
shrinkage=0.0167644


Tree=315
num_leaves=5
num_cat=0
split_feature=0 4 8 4
split_gain=1.4647 2.39354 1.26102 1.05752
threshold=21.500000000000004 12.500000000000002 48.500000000000007 6.5000000000000009
decision_type=2 2 2 2
left_child=1 3 -2 -1
right_child=2 -3 -4 -5
leaf_value=-0.00050936921657370631 0.019031090887406087 -0.019938945032897976 -0.0031008662116313868 0.0052412681576994953
leaf_weight=30 57.800000429153442 39 42.40000057220459 43
leaf_count=30 51 39 32 43
internal_value=0.00104355 0 0.00250427 0.00147831
internal_weight=212.2 112 100.2 73
internal_count=195 112 83 73
is_linear=0
shrinkage=0.0167644


Tree=316
num_leaves=6
num_cat=0
split_feature=10 10 8 10 5
split_gain=3.17463 3.67872 3.44319 1.51517 1.4357
threshold=24.500000000000004 18.500000000000004 34.500000000000007 12.500000000000002 61.500000000000007
decision_type=2 2 2 2 2
left_child=1 3 -2 -1 -4
right_child=2 -3 4 -5 -6
leaf_value=-0.0003766252332520409 0.01746211712756035 -0.021259130544654632 -0.0039529011980748126 0.014881848141494833 3.0893651846159769e-05
leaf_weight=76 28.450000166893005 22.350000023841858 32.400000333786011 25.350000023841858 27.6500004529953
leaf_count=76 26 22 27 25 19
internal_value=0.00119952 -0.000262632 0.00361515 0.000810105 0.000515402
internal_weight=212.2 123.7 88.5 101.35 60.05
internal_count=195 123 72 101 46
is_linear=0
shrinkage=0.0167644


Tree=317
num_leaves=6
num_cat=0
split_feature=10 10 9 10 1
split_gain=1.95944 3.67872 1.71451 1.51517 0.345662
threshold=24.500000000000004 18.500000000000004 48.500000000000007 12.500000000000002 32.500000000000007
decision_type=2 2 2 2 2
left_child=1 3 4 -1 -2
right_child=2 -3 -4 -5 -6
leaf_value=-0.0003703113337979382 0.0086816745714697694 -0.020902733784984816 -0.0029331428844466519 0.014632362752410501 0.0017152604861905272
leaf_weight=76 23.050000071525574 22.350000023841858 42.40000057220459 25.350000023841858 23.050000309944153
leaf_count=76 22 22 32 25 18
internal_value=0.000832986 -0.000262632 0.00275183 0.000810105 0.00489934
internal_weight=212.2 123.7 88.5 101.35 46.1
internal_count=195 123 72 101 40
is_linear=0
shrinkage=0.0167644


Tree=318
num_leaves=6
num_cat=0
split_feature=10 8 8 8 1
split_gain=2.23388 3.5826 1.71451 1.00504 0.345662
threshold=24.500000000000004 19.500000000000004 48.500000000000007 11.500000000000002 32.500000000000007
decision_type=2 2 2 2 2
left_child=1 3 4 -1 -2
right_child=2 -3 -4 -5 -6
leaf_value=-0.00048830799257409063 0.0085361314280528351 -0.02515533028858101 -0.0028839704774439832 0.013335434023887816 0.0016865051578394668
leaf_weight=68 23.050000071525574 27.350000023841858 42.40000057220459 28.350000023841858 23.050000309944153
leaf_count=68 22 27 32 28 18
internal_value=0.000677014 -0.000527751 0.00275183 0.000681833 0.00489934
internal_weight=212.2 123.7 88.5 96.35 46.1
internal_count=195 123 72 96 40
is_linear=0
shrinkage=0.0167644


Tree=319
num_leaves=6
num_cat=0
split_feature=0 4 0 5 4
split_gain=1.34519 2.39354 1.16908 1.85634 1.05752
threshold=21.500000000000004 12.500000000000002 28.500000000000004 61.500000000000007 6.5000000000000009
decision_type=2 2 2 2 2
left_child=1 4 -2 -4 -1
right_child=2 -3 3 -5 -6
leaf_value=-0.00048012179766321024 0.018077551222708529 -0.019423597281177624 -0.00080164252977627849 0.012943425389746159 0.0048264892417526992
leaf_weight=30 23.350000023841858 39 47.850000500679016 29.000000476837158 43
leaf_count=30 23 39 40 20 43
internal_value=0.000988958 0 0.0023903 0.000701435 0.00147831
internal_weight=212.2 112 100.2 76.85 73
internal_count=195 112 83 60 73
is_linear=0
shrinkage=0.0167644


Tree=320
num_leaves=4
num_cat=0
split_feature=10 0 0
split_gain=2.04775 4.7515 2.85556
threshold=56.000000000000007 51.500000000000007 34.500000000000007
decision_type=2 2 2
left_child=1 2 -1
right_child=-2 -3 -4
leaf_value=-0.00043244299609421341 0.049481398838953999 -0.046387771570477944 0.019211917213642089
leaf_weight=141.35000002384186 27.250000357627869 21.150000333786011 19.500000238418579
leaf_count=141 20 16 16
internal_value=0.000453175 -7.37117e-06 0.000802398
internal_weight=209.25 182 160.85
internal_count=193 173 157
is_linear=0
shrinkage=0.0167644


Tree=321
num_leaves=5
num_cat=0
split_feature=0 5 11 8
split_gain=2.79145 1.4286 1.77023 1.26024
threshold=64.500000000000014 19.500000000000004 23.500000000000004 15.500000000000002
decision_type=2 2 2 2
left_child=1 3 -3 -1
right_child=-2 2 -4 -5
leaf_value=-0.00056456523675649229 -0.00017699206058458976 -0.024431882109780867 -0.00075222155955740613 0.01822036471552347
leaf_weight=79 22.000000357627869 18.350000023841858 64.200000524520874 25.700000047683716
leaf_count=79 15 18 56 25
internal_value=0.000722016 0 -0.00159775 0.00130744
internal_weight=209.25 187.25 82.55 104.7
internal_count=193 178 74 104
is_linear=0
shrinkage=0.0167644


Tree=322
num_leaves=5
num_cat=0
split_feature=0 5 8 11
split_gain=2.60031 1.09426 1.26024 0.906953
threshold=64.500000000000014 19.500000000000004 15.500000000000002 28.500000000000004
decision_type=2 2 2 2
left_child=1 2 -1 -3
right_child=-2 3 -4 -5
leaf_value=-0.00055510063421408153 -0.00017402489328918313 -0.015967860794112783 0.017914911069101952 -0.0030318942840491538
leaf_weight=79 22.000000357627869 33.400000095367432 25.700000047683716 49.1500004529953
leaf_count=79 15 32 25 42
internal_value=0.000880158 0 0.00130744 -0.00120476
internal_weight=209.25 187.25 104.7 82.55
internal_count=193 178 104 74
is_linear=0
shrinkage=0.0167644


Tree=323
num_leaves=5
num_cat=0
split_feature=0 7 10 1
split_gain=2.39107 0.838748 2.06823 1.02686
threshold=64.500000000000014 32.500000000000007 25.500000000000004 48.500000000000007
decision_type=2 2 2 2
left_child=1 2 -1 -3
right_child=-2 3 -4 -5
leaf_value=-0.00040412252364649534 -0.00017110746879995463 -0.0049325393950539467 0.017062954598225918 -0.013492501376442012
leaf_weight=115.70000004768372 22.000000357627869 20.75000011920929 27.050000071525574 23.750000357627869
leaf_count=115 15 19 26 18
internal_value=0.0010383 0.000170385 0.000971327 -0.00148298
internal_weight=209.25 187.25 142.75 44.5
internal_count=193 178 141 37
is_linear=0
shrinkage=0.0167644


Tree=324
num_leaves=4
num_cat=0
split_feature=2 11 9
split_gain=2.60031 1.32695 0.720561
threshold=64.500000000000014 37.500000000000007 15.500000000000002
decision_type=2 2 2
left_child=1 2 -1
right_child=-2 -3 -4
leaf_value=-0.00042244724285605661 -0.00016823895320811655 -0.0092850378712692923 0.0048799739894888495
leaf_weight=83 22.000000357627869 34.750000357627869 69.500000238418579
leaf_count=83 15 29 66
internal_value=0.000880158 0 0.000872543
internal_weight=209.25 187.25 152.5
internal_count=193 178 149
is_linear=0
shrinkage=0.0167644


Tree=325
num_leaves=5
num_cat=0
split_feature=1 11 4 10
split_gain=1.86479 2.16411 4.78013 1.17627
threshold=73.500000000000014 8.5000000000000018 6.5000000000000009 51.500000000000007
decision_type=2 2 2 2
left_child=1 2 -1 -3
right_child=-2 3 -4 -5
leaf_value=-0.021546243528400788 0.015613763776989807 -0.0021065191723695794 0.024259593504254693 0.0031875003566639013
leaf_weight=23 20.900000333786011 120.55000042915344 21 21.650000214576721
leaf_count=23 14 114 21 18
internal_value=0.000981038 0.000193511 0.00347039 -0.000599173
internal_weight=207.1 186.2 44 142.2
internal_count=190 176 44 132
is_linear=0
shrinkage=0.0167644


Tree=326
num_leaves=5
num_cat=0
split_feature=11 4 10 0
split_gain=2.12705 3.84855 2.6718 2.34618
threshold=8.5000000000000018 6.5000000000000009 56.000000000000007 51.500000000000007
decision_type=2 2 2 2
left_child=1 -1 3 -2
right_child=2 -3 -4 -5
leaf_value=-0.02118503348923903 -0.00021465870453633978 0.02385289575630762 0.035858357385729123 -0.012632047313921708
leaf_weight=23 111.85000026226044 21 28.250000357627869 23.000000357627869
leaf_count=23 108 21 21 17
internal_value=0.00102897 0.00418732 0 -0.000880904
internal_weight=207.1 44 163.1 134.85
internal_count=190 44 146 125
is_linear=0
shrinkage=0.0167644


Tree=327
num_leaves=6
num_cat=0
split_feature=11 4 1 4 5
split_gain=1.43573 3.84855 2.58974 1.06567 0.674214
threshold=8.5000000000000018 6.5000000000000009 21.500000000000004 29.500000000000004 15.500000000000002
decision_type=2 2 2 2 2
left_child=1 -1 4 -4 -2
right_child=2 -3 3 -5 -6
leaf_value=-0.02082987892291269 -0.0025305712457544083 0.023453016055751036 -0.021931576444203356 0.005401908757738853 -0.023731710084459227
leaf_weight=23 35.350000023841858 21 27.700000047683716 73.050000905990601 27
leaf_count=23 35 21 27 57 27
internal_value=0.00146032 0.00418732 0.000432711 0.00225614 -0.00188743
internal_weight=207.1 44 163.1 100.75 62.35
internal_count=190 44 146 84 62
is_linear=0
shrinkage=0.0167644


Tree=328
num_leaves=6
num_cat=0
split_feature=11 6 1 6 10
split_gain=1.68597 3.84855 2.67428 1.74737 1.5321
threshold=8.5000000000000018 6.5000000000000009 24.500000000000004 51.500000000000007 18.500000000000004
decision_type=2 2 2 2 2
left_child=1 -1 4 -4 -2
right_child=2 -3 3 -5 -6
leaf_value=-0.020480678312998383 -0.0020844925333694253 0.02305984010204977 0.014587429974740886 -0.0018803516588388987 -0.029436323306413676
leaf_weight=23 46 21 50.850000381469727 40.90000057220459 25.350000023841858
leaf_count=23 46 21 45 30 25
internal_value=0.00130056 0.00418732 0.000230568 0.0022936 -0.00188443
internal_weight=207.1 44 163.1 91.75 71.35
internal_count=190 44 146 75 71
is_linear=0
shrinkage=0.0167644


Tree=329
num_leaves=5
num_cat=0
split_feature=10 10 10 4
split_gain=1.26354 2.51661 2.81605 1.65369
threshold=56.000000000000007 18.500000000000004 24.500000000000004 6.5000000000000009
decision_type=2 2 2 2
left_child=1 3 -3 -1
right_child=-2 2 -4 -5
leaf_value=-0.0036687573147654805 0.035297389989213293 -0.033214368055760488 -3.9485422540024717e-05 0.0050167845323932743
leaf_weight=30 28.250000357627869 19 59.15000057220459 70.700000047683716
leaf_count=30 21 19 50 70
internal_value=0.00124465 0.000445954 -0.00149817 0.00233014
internal_weight=207.1 178.85 78.15 100.7
internal_count=190 169 69 100
is_linear=0
shrinkage=0.0167644


Tree=330
num_leaves=6
num_cat=0
split_feature=3 5 3 5 10
split_gain=1.3007 3.31193 2.50588 2.38515 2.1731
threshold=21.500000000000004 15.500000000000002 29.500000000000004 48.500000000000007 12.500000000000002
decision_type=2 2 2 2 2
left_child=1 4 -2 -4 -1
right_child=2 -3 3 -5 -6
leaf_value=-0.0030721206748803897 0.015143873107705201 -0.027970478633630506 -0.0037694404702508098 0.0029990674730867159 0.012738638733572222
leaf_weight=57 25.350000023841858 32 23.050000190734863 39.90000057220459 20.350000023841858
leaf_count=57 25 32 20 29 20
internal_value=0.000855818 -4.9529e-05 0.00237129 0 0.00147128
internal_weight=197.65 109.35 88.3 62.95 77.35
internal_count=183 109 74 49 77
is_linear=0
shrinkage=0.0167644


Tree=331
num_leaves=7
num_cat=0
split_feature=0 1 5 1 11 6
split_gain=1.09655 0.915479 2.38515 1.39053 0.322757 0.136108
threshold=10.500000000000002 29.500000000000004 48.500000000000007 21.500000000000004 10.500000000000002 6.5000000000000009
decision_type=2 2 2 2 2 2
left_child=4 3 -3 -2 5 -1
right_child=1 2 -4 -5 -6 -7
leaf_value=-0.024946648576086063 0.0010974858631477651 -0.0037062480284647328 0.0029487898793162069 0.014889995024916254 -0.029639488740687385 -0.0093876638944164724
leaf_weight=22 50.350000023841858 23.050000190734863 39.90000057220459 25.350000023841858 19 18
leaf_count=22 50 20 29 25 19 18
internal_value=0.00119041 0.00204269 0 0.00328618 -0.000184898 0
internal_weight=197.65 138.65 62.95 75.7 59 40
internal_count=183 124 49 75 59 40
is_linear=0
shrinkage=0.0167644


Tree=332
num_leaves=7
num_cat=0
split_feature=2 1 5 1 11 6
split_gain=1.09655 0.915479 2.38515 1.39053 0.322757 0.136108
threshold=10.500000000000002 29.500000000000004 48.500000000000007 21.500000000000004 10.500000000000002 6.5000000000000009
decision_type=2 2 2 2 2 2
left_child=4 3 -3 -2 5 -1
right_child=1 2 -4 -5 -6 -7
leaf_value=-0.024528432755901674 0.0010790871612541011 -0.0036441149706191631 0.002899355159691662 0.014640373058146101 -0.029142600228560175 -0.0092302852572322524
leaf_weight=22 50.350000023841858 23.050000190734863 39.90000057220459 25.350000023841858 19 18
leaf_count=22 50 20 29 25 19 18
internal_value=0.00119041 0.00204269 0 0.00328618 -0.000184898 0
internal_weight=197.65 138.65 62.95 75.7 59 40
internal_count=183 124 49 75 59 40
is_linear=0
shrinkage=0.0167644


Tree=333
num_leaves=4
num_cat=0
split_feature=5 11 1
split_gain=1.13173 1.54471 2.29334
threshold=7.5000000000000009 18.500000000000004 21.500000000000004
decision_type=2 2 2
left_child=-1 -2 -3
right_child=1 2 -4
leaf_value=-0.014132405321180343 0.0074617486544836884 -0.026764185892239938 0.00082694970758425616
leaf_weight=35 63.350000023841858 26.350000023841858 72.950000762939453
leaf_count=35 63 26 59
internal_value=0.00158355 0.00222265 0.000423966
internal_weight=197.65 162.65 99.3
internal_count=183 148 85
is_linear=0
shrinkage=0.0167644


Tree=334
num_leaves=6
num_cat=0
split_feature=0 8 1 11 4
split_gain=1.62042 0.566695 1.7612 0.322757 0.136108
threshold=10.500000000000002 15.500000000000002 29.500000000000004 10.500000000000002 6.5000000000000009
decision_type=2 2 2 2 2
left_child=3 -2 -3 4 -1
right_child=1 2 -4 -5 -6
leaf_value=-0.02388030665366761 -0.0048704577289372516 0.010202659924112975 -0.00054958585875086892 -0.028099473831522396 -0.0092006367862727412
leaf_weight=22 31 44.700000047683716 62.950000762939453 19 18
leaf_count=22 31 44 49 19 18
internal_value=0.00158355 0.00259986 0.00317795 -0.000184898 0
internal_weight=197.65 138.65 107.65 59 40
internal_count=183 124 93 59 40
is_linear=0
shrinkage=0.0167644


Tree=335
num_leaves=5
num_cat=0
split_feature=0 6 6 10
split_gain=2.60826 2.12999 1.37995 1.36152
threshold=64.500000000000014 12.500000000000002 16.500000000000004 3.5000000000000004
decision_type=2 2 2 2
left_child=1 3 -3 -1
right_child=-2 2 -4 -5
leaf_value=-0.013635320291891318 0.086651668861087869 -0.020826918556788455 -3.8004855729920859e-07 0.0075765419559532515
leaf_weight=19 24.100000381469727 20 96.90000057220459 53
leaf_count=19 16 20 88 53
internal_value=0.00173118 0.000785556 -0.000333593 0.00306763
internal_weight=213 188.9 116.9 72
internal_count=196 180 108 72
is_linear=0
shrinkage=0.0167644


Tree=336
num_leaves=5
num_cat=0
split_feature=2 4 4 4
split_gain=2.60826 2.12999 1.37995 0.863163
threshold=64.500000000000014 12.500000000000002 16.500000000000004 6.5000000000000009
decision_type=2 2 2 2
left_child=1 3 -3 -1
right_child=-2 2 -4 -5
leaf_value=-0.0039655515289252988 0.085199004842810622 -0.020477767575662647 -3.7367726793080184e-07 0.0066492017889094842
leaf_weight=27 24.100000381469727 20 96.90000057220459 45
leaf_count=27 16 20 88 45
internal_value=0.00173118 0.000785556 -0.000333593 0.00306763
internal_weight=213 188.9 116.9 72
internal_count=196 180 108 72
is_linear=0
shrinkage=0.0167644


Tree=337
num_leaves=5
num_cat=0
split_feature=5 4 10 4
split_gain=2.17195 2.5176 1.36152 1.19173
threshold=61.500000000000007 12.500000000000002 3.5000000000000004 16.500000000000004
decision_type=2 2 2 2
left_child=1 2 -1 -3
right_child=-2 3 -4 -5
leaf_value=-0.013340252077736129 0.022017921609875302 -0.02013446990439105 0.0074575711549630741 -0.00010645767635807771
leaf_weight=19 29.500000476837158 20 53 91.500000476837158
leaf_count=19 20 20 53 84
internal_value=0.0015214 0.000565324 0.00306763 -0.000745481
internal_weight=213 183.5 72 111.5
internal_count=196 176 72 104
is_linear=0
shrinkage=0.0167644


Tree=338
num_leaves=5
num_cat=0
split_feature=5 4 4 10
split_gain=2.403 1.95257 1.19173 1.05865
threshold=61.500000000000007 12.500000000000002 16.500000000000004 3.5000000000000004
decision_type=2 2 2 2
left_child=1 3 -3 -1
right_child=-2 2 -4 -5
leaf_value=-0.013116610635594482 0.021648804166434211 -0.019796927415693187 -0.000104672976329219 0.0073325493818922633
leaf_weight=19 29.500000476837158 20 91.500000476837158 53
leaf_count=19 20 20 84 53
internal_value=0.00136601 0.00038532 -0.000745481 0.00261919
internal_weight=213 183.5 111.5 72
internal_count=196 176 104 72
is_linear=0
shrinkage=0.0167644


Tree=339
num_leaves=5
num_cat=0
split_feature=5 6 6 10
split_gain=2.403 1.95257 1.19173 1.05865
threshold=61.500000000000007 12.500000000000002 16.500000000000004 3.5000000000000004
decision_type=2 2 2 2
left_child=1 3 -3 -1
right_child=-2 2 -4 -5
leaf_value=-0.012896718410060721 0.021285874758788074 -0.01946504362733446 -0.00010291819574154008 0.0072096235249605014
leaf_weight=19 29.500000476837158 20 91.500000476837158 53
leaf_count=19 20 20 84 53
internal_value=0.00136601 0.00038532 -0.000745481 0.00261919
internal_weight=213 183.5 111.5 72
internal_count=196 176 104 72
is_linear=0
shrinkage=0.0167644


Tree=340
num_leaves=4
num_cat=0
split_feature=9 10 4
split_gain=0.751327 2.00003 1.73667
threshold=48.500000000000007 24.500000000000004 11.500000000000002
decision_type=2 2 2
left_child=1 2 -1
right_child=-2 -3 -4
leaf_value=0.0025415748488247492 -0.0044796564377681067 0.014041230997229549 -0.0038202997818418444
leaf_weight=66 44.750000596046448 49.750000357627869 52.700000047683716
leaf_count=66 34 44 52
internal_value=0.000697167 0.0013053 0
internal_weight=213.2 168.45 118.7
internal_count=196 162 118
is_linear=0
shrinkage=0.0167644


Tree=341
num_leaves=4
num_cat=0
split_feature=8 5 4
split_gain=0.701134 1.64196 0.867607
threshold=48.500000000000007 37.500000000000007 11.500000000000002
decision_type=2 2 2
left_child=1 2 -1
right_child=-2 -3 -4
leaf_value=0.0024989668485268799 -0.0044045576450164204 0.10395309975904456 -0.00020644862704324757
leaf_weight=68 44.750000596046448 20.000000238418579 80.450000166893005
leaf_count=68 34 16 78
internal_value=0.00064283 0.00123676 0.000302794
internal_weight=213.2 168.45 148.45
internal_count=196 162 146
is_linear=0
shrinkage=0.0167644


Tree=342
num_leaves=7
num_cat=0
split_feature=4 4 10 9 9 4
split_gain=0.651056 2.60301 1.48023 1.54295 1.02486 0.910038
threshold=11.500000000000002 4.5000000000000009 21.500000000000004 48.500000000000007 7.5000000000000009 16.500000000000004
decision_type=2 2 2 2 2 2
left_child=1 -1 5 -4 -3 -2
right_child=2 4 3 -5 -6 -7
leaf_value=-0.012765014250385797 -0.043744051068159588 0.0096353841699503753 0.013035107037391556 -0.0043307178391426135 0.00045282086581543523 -0.0021254569072593921
leaf_weight=19 19 20 56.100000381469727 44.750000596046448 29 25.350000023841858
leaf_count=19 19 20 50 34 29 25
internal_value=0.00048758 0.00181965 0 0.000959626 0.00410673 -0.00260847
internal_weight=213.2 68 145.2 100.85 49 44.35
internal_count=196 68 128 84 49 44
is_linear=0
shrinkage=0.0167644


Tree=343
num_leaves=4
num_cat=0
split_feature=8 5 3
split_gain=0.847688 0.920792 0.295871
threshold=48.500000000000007 5.5000000000000009 29.500000000000004
decision_type=2 2 2
left_child=1 -1 -3
right_child=-2 2 -4
leaf_value=-0.014817838136151781 -0.0042581159139756597 0.0020277096218801129 -0.023511357547103078
leaf_weight=27 44.750000596046448 106.70000004768372 34.750000357627869
leaf_count=27 34 106 29
internal_value=0.000798079 0.00143259 0.00204953
internal_weight=213.2 168.45 141.45
internal_count=196 162 135
is_linear=0
shrinkage=0.0167644


Tree=344
num_leaves=5
num_cat=0
split_feature=8 10 4 0
split_gain=0.701134 0.947394 1.30413 0.689955
threshold=48.500000000000007 24.500000000000004 11.500000000000002 28.500000000000004
decision_type=2 2 2 2
left_child=1 2 -1 -3
right_child=-2 3 -4 -5
leaf_value=0.0019791426188819046 -0.0041867311171772227 0.012167963799306215 -0.0030256912947581988 -0.0010646522917339622
leaf_weight=66 44.750000596046448 22.350000023841858 52.700000047683716 27.400000333786011
leaf_count=66 34 22 52 22
internal_value=0.00064283 0.00123676 5.26173e-05 0.00317023
internal_weight=213.2 168.45 118.7 49.75
internal_count=196 162 118 44
is_linear=0
shrinkage=0.0167644


Tree=345
num_leaves=5
num_cat=0
split_feature=8 2 8 5
split_gain=2.78848 1.65255 1.28135 0.136108
threshold=48.500000000000007 9.5000000000000018 14.500000000000002 4.5000000000000009
decision_type=2 2 2 2
left_child=1 3 -3 -1
right_child=-2 2 -4 -5
leaf_value=-0.012335783187640666 -0.0098003201548950685 -0.002272212313561429 0.01429954564521522 -0.00071346149168756358
leaf_weight=18 35.750000476837158 37 80.100000381469727 30
leaf_count=18 27 37 74 30
internal_value=0.000932935 0.00199547 0.00307426 0
internal_weight=200.85 165.1 117.1 48
internal_count=186 159 111 48
is_linear=0
shrinkage=0.0167644


Tree=346
num_leaves=4
num_cat=0
split_feature=8 8 5
split_gain=1.84134 1.5436 2.56523
threshold=48.500000000000007 26.500000000000004 19.500000000000004
decision_type=2 2 2
left_child=1 2 -1
right_child=-2 -3 -4
leaf_value=0.0032634471250330803 -0.0096360235793791979 0.045642474542395596 -0.0057812455764232771
leaf_weight=97.700000047683716 35.750000476837158 38.350000262260437 29.050000071525574
leaf_count=97 27 34 28
internal_value=0.000274271 0.00119653 0
internal_weight=200.85 165.1 126.75
internal_count=186 159 125
is_linear=0
shrinkage=0.0167644


Tree=347
num_leaves=5
num_cat=0
split_feature=8 0 1 5
split_gain=2.29818 1.17592 0.834681 0.136108
threshold=48.500000000000007 9.5000000000000018 40.500000000000007 4.5000000000000009
decision_type=2 2 2 2
left_child=1 3 -3 -1
right_child=-2 2 -4 -5
leaf_value=-0.012183690835201433 -0.0094744813388543334 0.0069948611281813291 -0.0058769780259662037 -0.0007562104938172667
leaf_weight=18 35.750000476837158 97.100000143051147 20.000000238418579 30
leaf_count=18 27 95 16 30
internal_value=0.000603603 0.001596 0.00251482 0
internal_weight=200.85 165.1 117.1 48
internal_count=186 159 111 48
is_linear=0
shrinkage=0.0167644


Tree=348
num_leaves=4
num_cat=0
split_feature=8 8 5
split_gain=1.84134 1.5436 2.56523
threshold=48.500000000000007 26.500000000000004 19.500000000000004
decision_type=2 2 2
left_child=1 2 -1
right_child=-2 -3 -4
leaf_value=0.0032409061018035873 -0.0093156472585222156 0.04457122555155775 -0.0058015911239151299
leaf_weight=97.700000047683716 35.750000476837158 38.350000262260437 29.050000071525574
leaf_count=97 27 34 28
internal_value=0.000274271 0.00119653 0
internal_weight=200.85 165.1 126.75
internal_count=186 159 125
is_linear=0
shrinkage=0.0167644


Tree=349
num_leaves=5
num_cat=0
split_feature=8 0 3 5
split_gain=2.29818 1.17592 0.834681 0.136108
threshold=48.500000000000007 9.5000000000000018 40.500000000000007 4.5000000000000009
decision_type=2 2 2 2
left_child=1 3 -3 -1
right_child=-2 2 -4 -5
leaf_value=-0.012033770334233 -0.0091594759376776597 0.0068232645397959969 -0.0053434055354931375 -0.00079786494725750173
leaf_weight=18 35.750000476837158 97.100000143051147 20.000000238418579 30
leaf_count=18 27 95 16 30
internal_value=0.000603603 0.001596 0.00251482 0
internal_weight=200.85 165.1 117.1 48
internal_count=186 159 111 48
is_linear=0
shrinkage=0.0167644


Tree=350
num_leaves=5
num_cat=0
split_feature=10 5 10 4
split_gain=1.88633 3.72244 1.59923 1.46008
threshold=51.500000000000007 26.500000000000004 18.500000000000004 34.500000000000007
decision_type=2 2 2 2
left_child=1 2 -1 -3
right_child=-2 3 -4 -5
leaf_value=0.0043374951301569176 -0.0045665853151288438 -0.0015869432843155086 -0.010425899405878285 -0.081620448905782614
leaf_weight=96.700000047683716 38.6500004529953 19.700000047683716 32.050000071525574 27.050000309944153
leaf_count=96 30 19 31 22
internal_value=0.000875733 0 0.0015846 -0.00380242
internal_weight=214.15 175.5 128.75 46.75
internal_count=198 168 127 41
is_linear=0
shrinkage=0.0167644


Tree=351
num_leaves=4
num_cat=0
split_feature=10 9 10
split_gain=1.6633 3.64407 1.15913
threshold=51.500000000000007 37.500000000000007 24.500000000000004
decision_type=2 2 2
left_child=1 2 -1
right_child=-2 -3 -4
leaf_value=0.00067335712948158189 -0.0044900292111221271 -0.033389529503366662 0.013362314443583906
leaf_weight=127.05000007152557 38.6500004529953 27.050000309944153 21.400000095367432
leaf_count=126 30 22 20
internal_value=0.0010303 8.28727e-05 0.00134491
internal_weight=214.15 175.5 148.45
internal_count=198 168 146
is_linear=0
shrinkage=0.0167644


Tree=352
num_leaves=5
num_cat=0
split_feature=0 5 10 4
split_gain=1.66692 1.7742 2.51241 1.23775
threshold=64.500000000000014 32.500000000000007 51.500000000000007 24.500000000000004
decision_type=2 2 2 2
left_child=1 3 -3 -1
right_child=-2 2 -4 -5
leaf_value=0.00027656523295432217 -0.014165934034401419 -0.087784046338135691 0.0014102447655120079 0.00040641210231738025
leaf_weight=120.35000002384186 24.950000405311584 22.450000166893005 21.650000214576721 24.75000011920929
leaf_count=120 17 20 18 23
internal_value=0.00144764 0.000635868 -0.00185333 0.00167582
internal_weight=214.15 189.2 44.1 145.1
internal_count=198 181 38 143
is_linear=0
shrinkage=0.0167644


Tree=353
num_leaves=4
num_cat=0
split_feature=0 1 6
split_gain=1.47563 1.62903 0.976757
threshold=64.500000000000014 42.500000000000007 4.5000000000000009
decision_type=2 2 2
left_child=1 2 -1
right_child=-2 -3 -4
leaf_value=-0.011920671715862904 -0.013928450522225303 -0.016544142848453729 0.0027236398135798822
leaf_weight=21 24.950000405311584 29.100000381469727 139.10000014305115
leaf_count=21 17 23 137
internal_value=0.00160221 0.000810527 0.00162441
internal_weight=214.15 189.2 160.1
internal_count=198 181 158
is_linear=0
shrinkage=0.0167644


Tree=354
num_leaves=4
num_cat=0
split_feature=0 1 4
split_gain=1.47563 1.62903 0.976757
threshold=64.500000000000014 42.500000000000007 4.5000000000000009
decision_type=2 2 2
left_child=1 2 -1
right_child=-2 -3 -4
leaf_value=-0.011720828699531753 -0.013694948280780514 -0.01626679007100507 0.0026779796017462627
leaf_weight=21 24.950000405311584 29.100000381469727 139.10000014305115
leaf_count=21 17 23 137
internal_value=0.00160221 0.000810527 0.00162441
internal_weight=214.15 189.2 160.1
internal_count=198 181 158
is_linear=0
shrinkage=0.0167644


Tree=355
num_leaves=5
num_cat=0
split_feature=0 4 4 0
split_gain=2.40237 3.07666 2.72058 0.592792
threshold=64.500000000000014 12.500000000000002 4.5000000000000009 48.500000000000007
decision_type=2 2 2 2
left_child=1 2 -1 -3
right_child=-2 3 -4 -5
leaf_value=-0.020586823130700697 0.11009391685819613 -0.00033016703620032044 0.0041609765795408071 -0.0045093142843282133
leaf_weight=22 28.1500004529953 96.850000262260437 56 20.700000286102295
leaf_count=22 19 93 56 16
internal_value=0.00204172 0.00109312 0.00367 -0.000338757
internal_weight=223.7 195.55 78 117.55
internal_count=206 187 78 109
is_linear=0
shrinkage=0.0167644


Tree=356
num_leaves=6
num_cat=0
split_feature=4 4 5 4 8
split_gain=2.19489 2.72058 2.32253 3.27969 0.755175
threshold=12.500000000000002 4.5000000000000009 61.500000000000007 48.500000000000007 7.5000000000000009
decision_type=2 2 2 2 2
left_child=1 -1 3 -2 -3
right_child=2 4 -4 -5 -6
leaf_value=-0.020241697207499541 0.00081205158496190752 0.0092615231475656618 0.048210810454719158 -0.030872540622744773 0.00023787266513170072
leaf_weight=22 92.850000262260437 21 32.200000524520874 20.650000214576721 35
leaf_count=22 89 21 22 17 35
internal_value=0.00144211 0.00367 0 -0.000934522 0.00561444
internal_weight=223.7 78 145.7 113.5 56
internal_count=206 78 128 106 56
is_linear=0
shrinkage=0.0167644


Tree=357
num_leaves=6
num_cat=0
split_feature=6 6 5 6 8
split_gain=2.19489 2.72058 2.32253 3.27969 0.755175
threshold=12.500000000000002 4.5000000000000009 61.500000000000007 48.500000000000007 7.5000000000000009
decision_type=2 2 2 2 2
left_child=1 -1 3 -2 -3
right_child=2 4 -4 -5 -6
leaf_value=-0.019902357116435239 0.00079843802005353701 0.0091062591854545859 0.047402584709502156 -0.030354980724534891 0.00023388487048088777
leaf_weight=22 92.850000262260437 21 32.200000524520874 20.650000214576721 35
leaf_count=22 89 21 22 17 35
internal_value=0.00144211 0.00367 0 -0.000934522 0.00561444
internal_weight=223.7 78 145.7 113.5 56
internal_count=206 78 128 106 56
is_linear=0
shrinkage=0.0167644


Tree=358
num_leaves=5
num_cat=0
split_feature=2 4 4 5
split_gain=1.23744 2.87125 2.72058 0.595469
threshold=61.500000000000007 12.500000000000002 4.5000000000000009 32.500000000000007
decision_type=2 2 2 2
left_child=1 2 -1 -3
right_child=-2 3 -4 -5
leaf_value=-0.019568705861451402 0.026701794576206559 0.0010692883935637157 0.0037832952506193568 -0.0069455284488068036
leaf_weight=22 32.450000524520874 71.75000011920929 56 41.500000357627869
leaf_count=22 22 70 56 36
internal_value=0.00204172 0.0012124 0.00367 -0.000192363
internal_weight=223.7 191.25 78 113.25
internal_count=206 184 78 106
is_linear=0
shrinkage=0.0167644


Tree=359
num_leaves=6
num_cat=0
split_feature=6 6 5 8 8
split_gain=1.40649 2.72058 1.87077 1.98761 0.755175
threshold=12.500000000000002 4.5000000000000009 61.500000000000007 48.500000000000007 7.5000000000000009
decision_type=2 2 2 2 2
left_child=1 -1 3 -2 -3
right_child=2 4 -4 -5 -6
leaf_value=-0.019240648072573138 -0.00094920937848836523 0.0088901734229180889 0.04684773802744506 -0.030892626194263365 0.00016653921985972572
leaf_weight=22 94.800000309944153 21 32.200000524520874 18.700000166893005 35
leaf_count=22 90 21 22 16 35
internal_value=0.00179004 0.00367 0.000472132 -0.000256835 0.00561444
internal_weight=223.7 78 145.7 113.5 56
internal_count=206 78 128 106 56
is_linear=0
shrinkage=0.0167644


Tree=360
num_leaves=4
num_cat=0
split_feature=5 10 10
split_gain=0.893993 1.28256 2.3006
threshold=4.5000000000000009 9.5000000000000018 12.500000000000002
decision_type=2 2 2
left_child=-1 -2 -3
right_child=1 2 -4
leaf_value=-0.00985560278121057 0.006437886889529211 -0.047101183914981706 0.0045995661789250504
leaf_weight=21 36 21 135.85000097751617
leaf_count=21 36 21 119
internal_value=0.00157347 0.00199949 0.00098005
internal_weight=213.85 192.85 156.85
internal_count=197 176 140
is_linear=0
shrinkage=0.0167644


Tree=361
num_leaves=4
num_cat=0
split_feature=5 4 10
split_gain=0.997623 1.15533 1.21599
threshold=4.5000000000000009 56.000000000000007 42.500000000000007
decision_type=2 2 2
left_child=-1 2 -2
right_child=1 -3 -4
leaf_value=-0.0096903794251359376 0.0016839220536741608 -0.010146418205078273 0.00084128771179245595
leaf_weight=21 134.50000023841858 32.100000500679016 26.250000238418579
leaf_count=21 131 23 22
internal_value=0.00172826 0.00217089 0.00276109
internal_weight=213.85 192.85 160.75
internal_count=197 176 153
is_linear=0
shrinkage=0.0167644


Tree=362
num_leaves=4
num_cat=0
split_feature=7 10 10
split_gain=1.03483 0.962591 2.5213
threshold=4.5000000000000009 9.5000000000000018 24.500000000000004
decision_type=2 2 2
left_child=-1 -2 -3
right_child=1 2 -4
leaf_value=-0.0095279259409807183 0.0063017295624957694 -0.0010666174939140854 0.0062332110581152485
leaf_weight=21 36 68.700000047683716 88.150000929832458
leaf_count=21 36 68 72
internal_value=0.00178243 0.00223088 0.00126363
internal_weight=213.85 192.85 156.85
internal_count=197 176 140
is_linear=0
shrinkage=0.0167644


Tree=363
num_leaves=4
num_cat=0
split_feature=5 4 10
split_gain=0.997623 1.15533 1.21599
threshold=4.5000000000000009 56.000000000000007 42.500000000000007
decision_type=2 2 2
left_child=-1 2 -2
right_child=1 -3 -4
leaf_value=-0.0093681958934791493 0.0016921022021732085 -0.010080815599921784 0.00072268792086553082
leaf_weight=21 134.50000023841858 32.100000500679016 26.250000238418579
leaf_count=21 131 23 22
internal_value=0.00172826 0.00217089 0.00276109
internal_weight=213.85 192.85 160.75
internal_count=197 176 153
is_linear=0
shrinkage=0.0167644


Tree=364
num_leaves=4
num_cat=0
split_feature=7 10 10
split_gain=1.03483 0.962591 2.5213
threshold=4.5000000000000009 9.5000000000000018 24.500000000000004
decision_type=2 2 2
left_child=-1 -2 -3
right_child=1 2 -4
leaf_value=-0.0092111436258252456 0.0061677176972273016 -0.0010771033753935399 0.0059490687450414505
leaf_weight=21 36 68.700000047683716 88.150000929832458
leaf_count=21 36 68 72
internal_value=0.00178243 0.00223088 0.00126363
internal_weight=213.85 192.85 156.85
internal_count=197 176 140
is_linear=0
shrinkage=0.0167644


Tree=365
num_leaves=4
num_cat=0
split_feature=5 5 10
split_gain=1.89137 1.1001 0.732144
threshold=42.500000000000007 32.500000000000007 24.500000000000004
decision_type=2 2 2
left_child=1 2 -1
right_child=-2 -3 -4
leaf_value=-0.0010145027398591393 0.045574900519208442 -0.013027143194751536 0.0050372619679992653
leaf_weight=112.70000004768372 48.550000667572021 20.100000143051147 26.400000095367432
leaf_count=112 36 18 25
internal_value=0.00108552 0 0.000718619
internal_weight=207.75 159.2 139.1
internal_count=191 155 137
is_linear=0
shrinkage=0.0167644


Tree=366
num_leaves=6
num_cat=0
split_feature=11 10 4 4 11
split_gain=0.836549 2.60055 2.13365 2.1236 0.283797
threshold=18.500000000000004 42.500000000000007 53.000000000000007 31.000000000000004 6.5000000000000009
decision_type=2 2 2 2 2
left_child=4 3 -3 -2 -1
right_child=1 2 -4 -5 -6
leaf_value=-0.0093307925266290781 -0.021057181591682891 0.0070575501393461597 -0.0098859075943367666 -0.00038610636859500829 0.0048909129365571173
leaf_weight=33 31.350000023841858 21.200000166893005 26.350000381469727 31.500000357627869 64.350000023841858
leaf_count=33 31 18 19 26 64
internal_value=0.000711234 0 0.00254254 -0.00248622 0.00184716
internal_weight=207.75 110.4 47.55 62.85 97.35
internal_count=191 94 37 57 97
is_linear=0
shrinkage=0.0167644


Tree=367
num_leaves=5
num_cat=0
split_feature=10 4 10 0
split_gain=0.778465 2.13365 1.64024 1.78151
threshold=42.500000000000007 53.000000000000007 28.500000000000004 25.500000000000004
decision_type=2 2 2 2
left_child=2 -2 3 -1
right_child=1 -3 -4 -5
leaf_value=-0.0012228446865093429 0.0069392344821942288 -0.0097201761959798631 -0.0018947670452535486 0.024164064144923454
leaf_weight=110 21.200000166893005 26.350000381469727 27.750000238418579 22.450000166893005
leaf_count=110 18 19 24 20
internal_value=0.000711234 0.00254254 0 0.000921335
internal_weight=207.75 47.55 160.2 132.45
internal_count=191 37 154 130
is_linear=0
shrinkage=0.0167644


Tree=368
num_leaves=6
num_cat=0
split_feature=11 10 4 4 11
split_gain=0.836549 2.60055 2.13365 2.1236 0.283797
threshold=18.500000000000004 42.500000000000007 53.000000000000007 31.000000000000004 6.5000000000000009
decision_type=2 2 2 2 2
left_child=4 3 -3 -2 -1
right_child=1 2 -4 -5 -6
leaf_value=-0.0091538670358338042 -0.020683670118378388 0.0068229023171111252 -0.009557223186571118 -0.00023460865287623937 0.0048294199401328662
leaf_weight=33 31.350000023841858 21.200000166893005 26.350000381469727 31.500000357627869 64.350000023841858
leaf_count=33 31 18 19 26 64
internal_value=0.000711234 0 0.00254254 -0.00248622 0.00184716
internal_weight=207.75 110.4 47.55 62.85 97.35
internal_count=191 94 37 57 97
is_linear=0
shrinkage=0.0167644


Tree=369
num_leaves=6
num_cat=0
split_feature=10 4 10 8 0
split_gain=0.741166 2.81778 2.20593 1.63379 1.47523
threshold=24.500000000000004 51.500000000000007 18.500000000000004 16.500000000000004 28.500000000000004
decision_type=2 2 2 2 2
left_child=2 4 3 -1 -2
right_child=1 -3 -4 -5 -6
leaf_value=0.0046197427518437752 0.01146102929965139 -0.00056946536926195436 -0.026707376540500621 -0.023536430108837377 0.0024377870808174502
leaf_weight=80 19.350000023841858 37.950000524520874 19.350000023841858 20.700000047683716 30.400000333786011
leaf_count=80 19 28 19 20 25
internal_value=0.000870503 0.0020164 0 0.00103393 0.00467055
internal_weight=207.75 87.7 120.05 100.7 49.75
internal_count=191 72 119 100 44
is_linear=0
shrinkage=0.0167644


Tree=370
num_leaves=5
num_cat=0
split_feature=11 8 5 8
split_gain=2.71929 2.63059 1.83362 0.293555
threshold=8.5000000000000018 12.500000000000002 19.500000000000004 7.5000000000000009
decision_type=2 2 2 2
left_child=3 -2 -3 -1
right_child=1 2 -4 -5
leaf_value=0.0064146983170354013 -0.015779864324170327 0.013316364351829396 -0.00013634874243915001 -0.0019152966819308667
leaf_weight=34 31 28.700000047683716 101.50000095367432 18
leaf_count=34 31 28 85 18
internal_value=0.000953329 0 0.000918014 0.00418787
internal_weight=213.2 161.2 130.2 52
internal_count=196 144 113 52
is_linear=0
shrinkage=0.0167644


Tree=371
num_leaves=5
num_cat=0
split_feature=4 9 9 9
split_gain=3.14774 2.62065 0.822379 0.280704
threshold=12.500000000000002 14.500000000000002 40.500000000000007 3.5000000000000004
decision_type=2 2 2 2
left_child=3 -2 -3 -1
right_child=1 2 -4 -5
leaf_value=0.00089833095519778407 -0.036779122993846475 0.0019521554368697861 -0.00036618678910678806 0.01487301205485313
leaf_weight=20 22 59.850000262260437 54.350000739097595 57
leaf_count=20 22 56 41 57
internal_value=0.00126383 -9.80051e-06 0.000756938 0.00392618
internal_weight=213.2 136.2 114.2 77
internal_count=196 119 97 77
is_linear=0
shrinkage=0.0167644


Tree=372
num_leaves=5
num_cat=0
split_feature=11 8 5 8
split_gain=2.71929 2.63059 1.83362 0.293555
threshold=8.5000000000000018 12.500000000000002 19.500000000000004 7.5000000000000009
decision_type=2 2 2 2
left_child=3 -2 -3 -1
right_child=1 2 -4 -5
leaf_value=0.0065263769729594972 -0.015569871331291908 0.013201193477259942 -0.00018816576721344711 -0.002132525122291268
leaf_weight=34 31 28.700000047683716 101.50000095367432 18
leaf_count=34 31 28 85 18
internal_value=0.000953329 0 0.000918014 0.00418787
internal_weight=213.2 161.2 130.2 52
internal_count=196 144 113 52
is_linear=0
shrinkage=0.0167644


Tree=373
num_leaves=5
num_cat=0
split_feature=4 8 8 8
split_gain=3.46189 2.44312 0.531402 0.280704
threshold=12.500000000000002 14.500000000000002 48.500000000000007 3.5000000000000004
decision_type=2 2 2 2
left_child=3 -2 -3 -1
right_child=1 2 -4 -5
leaf_value=0.00077386011470258762 -0.035676253873792058 0.0021312928336146629 -0.0079575525061515526 0.014161199641585621
leaf_weight=20 22 70.450000405311584 43.750000596046448 57
leaf_count=20 22 64 33 57
internal_value=0.00110858 -0.000251072 0.000470286 0.00392618
internal_weight=213.2 136.2 114.2 77
internal_count=196 119 97 77
is_linear=0
shrinkage=0.0167644


Tree=374
num_leaves=5
num_cat=0
split_feature=11 8 5 8
split_gain=2.71929 1.70324 0.944475 0.293555
threshold=8.5000000000000018 11.500000000000002 19.500000000000004 7.5000000000000009
decision_type=2 2 2 2
left_child=3 -2 -3 -1
right_child=1 2 -4 -5
leaf_value=0.0066284236479427442 -0.015658471200622606 0.01257996067201687 -6.4805947317348833e-05 -0.0023341787417934879
leaf_weight=34 27 32.700000047683716 101.50000095367432 18
leaf_count=34 27 32 85 18
internal_value=0.000953329 0 0.00064641 0.00418787
internal_weight=213.2 161.2 134.2 52
internal_count=196 144 117 52
is_linear=0
shrinkage=0.0167644


Tree=375
num_leaves=5
num_cat=0
split_feature=8 4 5 4
split_gain=1.21336 1.4615 1.13997 0.807495
threshold=7.5000000000000009 6.5000000000000009 61.500000000000007 42.500000000000007
decision_type=2 2 2 2
left_child=1 -1 3 -2
right_child=2 -3 -4 -5
leaf_value=-0.014610812824235318 -0.00020525437372164891 0.0052450114996957665 0.011269565983629298 -0.00047247582113906455
leaf_weight=22 118.50000023841858 18 29.000000476837158 21.350000262260437
leaf_count=22 115 18 20 17
internal_value=0.000469876 0.00301099 0 -0.000803001
internal_weight=208.85 40 168.85 139.85
internal_count=192 40 152 132
is_linear=0
shrinkage=0.0167644


Tree=376
num_leaves=5
num_cat=0
split_feature=8 4 5 4
split_gain=1.21336 1.4615 1.13997 0.807495
threshold=7.5000000000000009 6.5000000000000009 61.500000000000007 42.500000000000007
decision_type=2 2 2 2
left_child=1 -1 3 -2
right_child=2 -3 -4 -5
leaf_value=-0.01436587118206597 -0.00020181340544916923 0.0051570819816472184 0.011080638370102704 -0.00046455504322562692
leaf_weight=22 118.50000023841858 18 29.000000476837158 21.350000262260437
leaf_count=22 115 18 20 17
internal_value=0.000469876 0.00301099 0 -0.000803001
internal_weight=208.85 40 168.85 139.85
internal_count=192 40 152 132
is_linear=0
shrinkage=0.0167644


Tree=377
num_leaves=5
num_cat=0
split_feature=8 4 5 4
split_gain=1.21336 1.4615 1.13997 0.807495
threshold=7.5000000000000009 6.5000000000000009 61.500000000000007 42.500000000000007
decision_type=2 2 2 2
left_child=1 -1 3 -2
right_child=2 -3 -4 -5
leaf_value=-0.01412503584176977 -0.00019843012297639652 0.0050706265500033865 0.010894878016362786 -0.00045676705247289236
leaf_weight=22 118.50000023841858 18 29.000000476837158 21.350000262260437
leaf_count=22 115 18 20 17
internal_value=0.000469876 0.00301099 0 -0.000803001
internal_weight=208.85 40 168.85 139.85
internal_count=192 40 152 132
is_linear=0
shrinkage=0.0167644


Tree=378
num_leaves=4
num_cat=0
split_feature=1 5 0
split_gain=0.911995 1.11853 1.08071
threshold=6.5000000000000009 61.500000000000007 48.500000000000007
decision_type=2 2 2
left_child=-1 2 -2
right_child=1 -3 -4
leaf_value=0.0021816081304895795 -0.00022047115942588327 0.01071223182517096 -0.00046776350990734215
leaf_weight=30 130.15000021457672 29.000000476837158 19.700000286102295
leaf_count=30 127 20 15
internal_value=0.000311435 0 -0.000750386
internal_weight=208.85 178.85 149.85
internal_count=192 162 142
is_linear=0
shrinkage=0.0167644


Tree=379
num_leaves=6
num_cat=0
split_feature=10 10 11 0 8
split_gain=1.05054 1.23375 1.38898 0.928241 0.4317
threshold=6.5000000000000009 12.500000000000002 18.500000000000004 5.5000000000000009 11.500000000000002
decision_type=2 2 2 2 2
left_child=3 4 -3 -1 -2
right_child=1 2 -4 -5 -6
leaf_value=-0.019163369549448441 -0.031558543778260971 0.012333066395964683 -0.0001514205218005665 0.0019421765156607831 -0.02904965920452051
leaf_weight=18 18 27 107.85000097751617 19 19
leaf_count=18 18 27 91 19 19
internal_value=0.000311435 -4.1402e-05 0.000478901 0.00281657 -0.00281657
internal_weight=208.85 171.85 134.85 37 37
internal_count=192 155 118 37 37
is_linear=0
shrinkage=0.0167644


Tree=380
num_leaves=5
num_cat=0
split_feature=8 10 11 0
split_gain=1.09881 1.93877 1.56453 0.586515
threshold=48.500000000000007 24.500000000000004 8.5000000000000018 28.500000000000004
decision_type=2 2 2 2
left_child=1 2 -1 -3
right_child=-2 3 -4 -5
leaf_value=0.00028097194279623982 -0.0079569503918028809 0.011084389294402003 -0.0054695165701214264 -0.0021637578435040146
leaf_weight=48 45.350000619888306 19.350000023841858 76.050000071525574 26.050000309944153
leaf_count=48 34 19 75 21
internal_value=0.000661219 0.00139507 0 0.00427444
internal_weight=214.8 169.45 124.05 45.4
internal_count=197 163 123 40
is_linear=0
shrinkage=0.0167644


Tree=381
num_leaves=4
num_cat=0
split_feature=8 4 11
split_gain=0.796941 1.46364 0.89229
threshold=48.500000000000007 37.500000000000007 8.5000000000000018
decision_type=2 2 2
left_child=1 2 -1
right_child=-2 -3 -4
leaf_value=0.00027626161422657019 -0.0078235568209541161 0.11519230150698802 -0.00018510301134926944
leaf_weight=48 45.350000619888306 21.350000262260437 100.10000014305115
leaf_count=48 34 17 98
internal_value=0.00107731 0.0016579 0.000709086
internal_weight=214.8 169.45 148.1
internal_count=197 163 146
is_linear=0
shrinkage=0.0167644


Tree=382
num_leaves=4
num_cat=0
split_feature=1 8 10
split_gain=1.97818 2.51287 1.51957
threshold=61.500000000000007 48.500000000000007 24.500000000000004
decision_type=2 2 2
left_child=1 2 -1
right_child=-2 -3 -4
leaf_value=-0.00036229982644230175 -0.0078733542664630955 -0.032527134452829926 0.011865548746243109
leaf_weight=124.05000007152557 30.600000500679016 20.400000214576721 39.750000238418579
leaf_count=123 21 17 36
internal_value=0.000923202 2.52175e-05 0.000944189
internal_weight=214.8 184.2 163.8
internal_count=197 176 159
is_linear=0
shrinkage=0.0167644


Tree=383
num_leaves=4
num_cat=0
split_feature=1 8 10
split_gain=3.384 2.51287 1.51957
threshold=61.500000000000007 48.500000000000007 24.500000000000004
decision_type=2 2 2
left_child=1 2 -1
right_child=-2 -3 -4
leaf_value=-0.00035622608396719871 -0.007741362135251199 -0.031981836266905275 0.011666629833920562
leaf_weight=124.05000007152557 30.600000500679016 20.400000214576721 39.750000238418579
leaf_count=123 21 17 36
internal_value=0.00113125 2.52175e-05 0.000944189
internal_weight=214.8 184.2 163.8
internal_count=197 176 159
is_linear=0
shrinkage=0.0167644


Tree=384
num_leaves=4
num_cat=0
split_feature=1 8 10
split_gain=3.384 2.51287 1.51957
threshold=61.500000000000007 48.500000000000007 24.500000000000004
decision_type=2 2 2
left_child=1 2 -1
right_child=-2 -3 -4
leaf_value=-0.00035025416419522137 -0.0076115827741132461 -0.031445679682802583 0.011471045679604207
leaf_weight=124.05000007152557 30.600000500679016 20.400000214576721 39.750000238418579
leaf_count=123 21 17 36
internal_value=0.00113125 2.52175e-05 0.000944189
internal_weight=214.8 184.2 163.8
internal_count=197 176 159
is_linear=0
shrinkage=0.0167644


Tree=385
num_leaves=4
num_cat=0
split_feature=0 9 4
split_gain=5.37247 2.00314 2.31827
threshold=64.500000000000014 42.500000000000007 6.5000000000000009
decision_type=2 2 2
left_child=1 2 -1
right_child=-2 -3 -4
leaf_value=-0.0081270438525098444 0.10778309889714704 -0.028341249501882996 0.0032867763945519188
leaf_weight=27 23.850000381469727 23.750000238418579 122.20000028610229
leaf_count=27 16 20 118
internal_value=0.00140969 9.83862e-05 0.00104593
internal_weight=196.8 172.95 149.2
internal_count=181 165 145
is_linear=0
shrinkage=0.0167644


Tree=386
num_leaves=4
num_cat=0
split_feature=10 8 4
split_gain=2.73176 2.99239 2.03934
threshold=56.000000000000007 48.500000000000007 6.5000000000000009
decision_type=2 2 2
left_child=1 2 -1
right_child=-2 -3 -4
leaf_value=-0.0079907987653156497 0.089748323244151398 -0.027949939044442793 0.0025928722571193332
leaf_weight=27 22.600000262260437 21.350000262260437 125.85000038146973
leaf_count=27 17 17 120
internal_value=0.000729258 0 0.000832875
internal_weight=196.8 174.2 152.85
internal_count=181 164 147
is_linear=0
shrinkage=0.0167644


Tree=387
num_leaves=5
num_cat=0
split_feature=10 11 4 8
split_gain=2.53771 3.28313 3.6958 1.18314
threshold=56.000000000000007 18.500000000000004 4.5000000000000009 48.500000000000007
decision_type=2 2 2 2
left_child=1 2 -1 -3
right_child=-2 3 -4 -5
leaf_value=-0.0078568377464889247 0.088243745645230728 -0.00051022099798368281 0.0031780315629149833 -0.02748137483446789
leaf_weight=18 22.600000262260437 63.500000357627869 71.350000023841858 21.350000262260437
leaf_count=18 17 58 71 17
internal_value=0.000897265 0 0.00237156 -0.00214895
internal_weight=196.8 174.2 89.35 84.85
internal_count=181 164 89 75
is_linear=0
shrinkage=0.0167644


Tree=388
num_leaves=6
num_cat=0
split_feature=10 4 10 10 4
split_gain=1.39584 3.57551 2.73557 1.60956 1.48106
threshold=16.500000000000004 4.5000000000000009 56.000000000000007 24.500000000000004 12.500000000000002
decision_type=2 2 2 2 2
left_child=1 -1 3 -2 -3
right_child=2 4 -4 -5 -6
leaf_value=-0.0077251225049733471 -0.020303865504846717 0.00583131070437888 0.086764391400567256 -0.00058478791082963353 -0.0061812896397507059
leaf_weight=18 21.350000023841858 43 22.600000262260437 64.15000057220459 27.700000047683716
leaf_count=18 21 43 17 55 27
internal_value=0.000670455 0.00226928 -0.000314708 -0.00200967 0.0041944
internal_weight=196.8 88.7 108.1 85.5 70.7
internal_count=181 88 93 76 70
is_linear=0
shrinkage=0.0167644


Tree=389
num_leaves=6
num_cat=0
split_feature=10 4 0 8 4
split_gain=1.62664 3.58353 2.38222 3.02006 0.560834
threshold=18.500000000000004 4.5000000000000009 64.500000000000014 42.500000000000007 10.500000000000002
decision_type=2 2 2 2 2
left_child=1 -1 3 -2 -3
right_child=2 4 -4 -5 -6
leaf_value=-0.0075956153916395272 -0.001646619719669034 0.0015571325313950397 0.098260741216919148 -0.024103828214084345 0.00018339135840950889
leaf_weight=18 55.500000238418579 34 23.850000381469727 23.750000238418579 41.700000047683716
leaf_count=18 52 34 16 20 41
internal_value=0.000670455 0.00232544 -0.000487924 -0.00219348 0.00414078
internal_weight=196.8 93.7 103.1 79.25 75.7
internal_count=181 93 88 72 75
is_linear=0
shrinkage=0.0167644


Tree=390
num_leaves=6
num_cat=0
split_feature=11 3 8 5 8
split_gain=1.39586 3.21552 2.10991 1.59002 0.553273
threshold=18.500000000000004 24.500000000000004 37.500000000000007 11.500000000000002 7.5000000000000009
decision_type=2 2 2 2 2
left_child=3 -2 -3 4 -1
right_child=1 2 -4 -5 -6
leaf_value=0.0023731991371477778 -0.026999652219966815 0.016950504371686267 -0.002355201200660577 0.0088508866582979843 -0.021347143639874361
leaf_weight=35 25.350000023841858 26.100000143051147 55.350000739097595 37.350000023841858 33
leaf_count=35 25 24 42 37 33
internal_value=0.0012973 0 0.00157881 0.00264083 0.000398278
internal_weight=212.15 106.8 81.45 105.35 68
internal_count=196 91 66 105 68
is_linear=0
shrinkage=0.0167644


Tree=391
num_leaves=6
num_cat=0
split_feature=11 3 8 10 8
split_gain=1.34744 2.88625 1.31933 1.27424 0.183504
threshold=18.500000000000004 24.500000000000004 37.500000000000007 10.500000000000002 7.5000000000000009
decision_type=2 2 2 2 2
left_child=3 -2 -3 4 -1
right_child=1 2 -4 -5 -6
leaf_value=0.00061841888044290806 -0.02654701900699525 0.016666339183455788 -0.0023157176444294431 0.0094012888994588796 -0.00075514943262093581
leaf_weight=35 25.350000023841858 26.100000143051147 55.350000739097595 40.350000023841858 30
leaf_count=35 25 24 42 40 30
internal_value=0.000985288 -1.24303e-05 0.00118068 0.00233071 0.000168527
internal_weight=212.15 106.8 81.45 105.35 65
internal_count=196 91 66 105 65
is_linear=0
shrinkage=0.0167644


Tree=392
num_leaves=6
num_cat=0
split_feature=11 10 8 10 8
split_gain=1.09368 1.84335 1.59875 1.27424 0.183504
threshold=18.500000000000004 25.500000000000004 34.500000000000007 10.500000000000002 7.5000000000000009
decision_type=2 2 2 2 2
left_child=3 -2 -3 4 -1
right_child=1 2 -4 -5 -6
leaf_value=0.00060805145339101491 -0.024372633882899258 0.016499784259569852 -0.0022768960066840232 0.0092436818471173746 -0.00074248979866802054
leaf_weight=35 25.350000023841858 22.100000143051147 59.350000739097595 40.350000023841858 30
leaf_count=35 25 20 46 40 30
internal_value=0.0011413 0 0.00118068 0.00233071 0.000168527
internal_weight=212.15 106.8 81.45 105.35 65
internal_count=196 91 66 105 65
is_linear=0
shrinkage=0.0167644


Tree=393
num_leaves=5
num_cat=0
split_feature=8 10 10 10
split_gain=1.12722 2.13324 1.73413 1.38803
threshold=34.500000000000007 24.500000000000004 18.500000000000004 51.500000000000007
decision_type=2 2 2 2
left_child=1 2 -1 -2
right_child=3 -3 -4 -5
leaf_value=0.0020935921636548436 -0.021379596562768433 0.010692418728411189 -0.023466334851775659 0.0014192171906807953
leaf_weight=102.35000002384186 29.650000333786011 29.100000143051147 18 33.050000429153442
leaf_count=102 24 27 18 25
internal_value=0.00145331 0.00225019 0.000821252 0
internal_weight=212.15 149.45 120.35 62.7
internal_count=196 147 120 49
is_linear=0
shrinkage=0.0167644


Tree=394
num_leaves=6
num_cat=0
split_feature=9 4 11 11 11
split_gain=0.944751 1.65557 1.93553 1.31253 0.433197
threshold=34.500000000000007 19.500000000000004 16.500000000000004 64.500000000000014 19.500000000000004
decision_type=2 2 2 2 2
left_child=1 2 -1 -2 -3
right_child=3 4 -4 -5 -6
leaf_value=0.001978445202731828 -0.010305503577939501 -0.0023830539720765928 -0.023307079103803155 0.035270051044701545 0.0041711715774813444
leaf_weight=84 38.350000381469727 18.350000023841858 21 24.350000381469727 26.100000143051147
leaf_count=84 32 18 21 17 24
internal_value=0.0012973 0.00202992 0.000417098 0 0.00476875
internal_weight=212.15 149.45 105 62.7 44.45
internal_count=196 147 105 49 42
is_linear=0
shrinkage=0.0167644


Tree=395
num_leaves=4
num_cat=0
split_feature=4 7 8
split_gain=2.92454 1.45583 0.563122
threshold=51.500000000000007 4.5000000000000009 23.500000000000004
decision_type=2 2 2
left_child=1 -1 -3
right_child=-2 2 -4
leaf_value=-0.0075968910197579727 -0.0088475993499448607 0.00390280465990541 0.00014972418775346095
leaf_weight=20 36.850000500679016 91.400000095367432 59.750000357627869
leaf_count=20 28 90 54
internal_value=0.000722321 0.00179592 0.00246496
internal_weight=208 171.15 151.15
internal_count=192 164 144
is_linear=0
shrinkage=0.0167644


Tree=396
num_leaves=4
num_cat=0
split_feature=4 5 9
split_gain=2.92454 1.45583 0.563122
threshold=51.500000000000007 4.5000000000000009 23.500000000000004
decision_type=2 2 2
left_child=1 -1 -3
right_child=-2 2 -4
leaf_value=-0.0074695336314903969 -0.0086992745756763815 0.0038373764462965405 0.00014721415023111073
leaf_weight=20 36.850000500679016 91.400000095367432 59.750000357627869
leaf_count=20 28 90 54
internal_value=0.000722321 0.00179592 0.00246496
internal_weight=208 171.15 151.15
internal_count=192 164 144
is_linear=0
shrinkage=0.0167644


Tree=397
num_leaves=5
num_cat=0
split_feature=4 10 8 4
split_gain=2.67239 1.62617 1.3422 0.708224
threshold=51.500000000000007 10.500000000000002 23.500000000000004 4.5000000000000009
decision_type=2 2 2 2
left_child=1 3 -3 -1
right_child=-2 2 -4 -5
leaf_value=-0.0073443113145703152 -0.0085534363785903424 0.01054144610321598 0.00014474619200440954 1.254622552170339e-05
leaf_weight=18 36.850000500679016 47.400000095367432 57.750000357627869 48
leaf_count=18 28 46 52 48
internal_value=0.000563242 0.00160314 0.00289427 0
internal_weight=208 171.15 105.15 66
internal_count=192 164 98 66
is_linear=0
shrinkage=0.0167644


Tree=398
num_leaves=5
num_cat=0
split_feature=4 10 9 4
split_gain=2.4283 1.33217 0.906388 0.708224
threshold=51.500000000000007 10.500000000000002 25.500000000000004 4.5000000000000009
decision_type=2 2 2 2
left_child=1 3 -3 -1
right_child=-2 2 -4 -5
leaf_value=-0.0072211882757883929 -0.0084100430726896675 0.010294850893487329 7.2666048392795493e-05 1.2335895465514384e-05
leaf_weight=18 36.850000500679016 54.400000095367432 50.750000357627869 48
leaf_count=18 28 53 45 48
internal_value=0.000404162 0.00141035 0.00258358 0
internal_weight=208 171.15 105.15 66
internal_count=192 164 98 66
is_linear=0
shrinkage=0.0167644


Tree=399
num_leaves=5
num_cat=0
split_feature=4 10 8 4
split_gain=2.19224 1.0663 1.42729 0.708224
threshold=51.500000000000007 10.500000000000002 23.500000000000004 4.5000000000000009
decision_type=2 2 2 2
left_child=1 3 -3 -1
right_child=-2 2 -4 -5
leaf_value=-0.0071001293219872946 -0.0082690536708186265 0.010192137898087615 -3.0267483447288966e-05 1.212909146841957e-05
leaf_weight=18 36.850000500679016 47.400000095367432 57.750000357627869 48
leaf_count=18 28 46 52 48
internal_value=0.000245082 0.00121756 0.00227289 0
internal_weight=208 171.15 105.15 66
internal_count=192 164 98 66
is_linear=0
shrinkage=0.0167644


Tree=400
num_leaves=5
num_cat=0
split_feature=8 8 1 8
split_gain=0.631764 1.2148 0.918118 0.204673
threshold=48.500000000000007 12.500000000000002 5.5000000000000009 23.500000000000004
decision_type=2 2 2 2
left_child=1 2 -1 -3
right_child=-2 3 -4 -5
leaf_value=0.0019230378393899953 -0.00099837528270214394 0.010097437462208262 -0.0006453104641859004 -0.001625166409668706
leaf_weight=25 41.65000057220459 43.400000095367432 53 50.800000309944153
leaf_count=25 31 42 53 46
internal_value=0.00157347 0.00201989 0 0.00329891
internal_weight=213.85 172.2 78 94.2
internal_count=197 166 78 88
is_linear=0
shrinkage=0.0167644


Tree=401
num_leaves=5
num_cat=0
split_feature=8 8 1 4
split_gain=0.631764 1.2148 0.918118 0.179157
threshold=48.500000000000007 12.500000000000002 5.5000000000000009 19.500000000000004
decision_type=2 2 2 2
left_child=1 2 -1 -3
right_child=-2 3 -4 -5
leaf_value=0.0018907992465067407 -0.00098163811111635023 0.0012034634742369582 -0.0006344922156251711 0.01017473646159806
leaf_weight=25 41.65000057220459 31 53 63.200000405311584
leaf_count=25 31 31 53 57
internal_value=0.00157347 0.00201989 0 0.00329891
internal_weight=213.85 172.2 78 94.2
internal_count=197 166 78 88
is_linear=0
shrinkage=0.0167644


Tree=402
num_leaves=5
num_cat=0
split_feature=1 6 5 6
split_gain=0.551808 1.05971 2.57725 0.549503
threshold=5.5000000000000009 16.500000000000004 23.500000000000004 11.500000000000002
decision_type=2 2 2 2
left_child=-1 3 -3 -2
right_child=1 2 -4 -5
leaf_value=0.0023380618726427296 -0.0011005872150768408 0.016527185248235349 -0.00020389581003728573 -0.0025888217495482081
leaf_weight=27 49 29.400000095367432 90.450000882148743 18
leaf_count=27 49 28 75 18
internal_value=0.00126391 0.000648169 0.00168595 -0.000644278
internal_weight=213.85 186.85 119.85 67
internal_count=197 170 103 67
is_linear=0
shrinkage=0.0167644


Tree=403
num_leaves=4
num_cat=0
split_feature=8 5 4
split_gain=0.529644 0.363195 0.231455
threshold=48.500000000000007 5.5000000000000009 12.500000000000002
decision_type=2 2 2
left_child=1 -1 -3
right_child=-2 2 -4
leaf_value=-0.013377111843911662 -0.00096176333556584803 0.0045564889818735937 0.0018611251495420709
leaf_weight=26 41.65000057220459 54 92.200000405311584
leaf_count=26 31 54 86
internal_value=0.00141869 0.00182826 0.00214736
internal_weight=213.85 172.2 146.2
internal_count=197 166 140
is_linear=0
shrinkage=0.0167644


Tree=404
num_leaves=5
num_cat=0
split_feature=1 4 5 10
split_gain=0.551808 1.05971 2.57725 0.903703
threshold=5.5000000000000009 16.500000000000004 23.500000000000004 7.5000000000000009
decision_type=2 2 2 2
left_child=-1 3 -3 -2
right_child=1 2 -4 -5
leaf_value=0.0026734481310966671 -0.015591791553971127 0.01621891609170489 -0.00023167828050983276 0.0015295755603450818
leaf_weight=27 19 29.400000095367432 90.450000882148743 48
leaf_count=27 19 28 75 48
internal_value=0.00126391 0.000648169 0.00168595 -0.000644278
internal_weight=213.85 186.85 119.85 67
internal_count=197 170 103 67
is_linear=0
shrinkage=0.0167644


Tree=405
num_leaves=4
num_cat=0
split_feature=5 6 6
split_gain=2.56004 3.97981 0.643885
threshold=73.500000000000014 51.500000000000007 37.500000000000007
decision_type=2 2 2
left_child=1 2 -1
right_child=-2 -3 -4
leaf_value=-0.00017730939888996103 0.029560607383146309 -0.03344170077652301 -0.034620508648883178
leaf_weight=151.10000014305115 19.550000309944153 25.750000357627869 17.750000238418579
leaf_count=149 13 20 14
internal_value=-0.000272911 -0.00104317 0
internal_weight=214.15 194.6 168.85
internal_count=196 183 163
is_linear=0
shrinkage=0.0167644


Tree=406
num_leaves=4
num_cat=0
split_feature=1 1 0
split_gain=1.9419 1.72423 1.78403
threshold=73.500000000000014 51.500000000000007 34.500000000000007
decision_type=2 2 2
left_child=1 2 -1
right_child=-2 -3 -4
leaf_value=-0.0001788340330029656 0.029065041270360251 -0.11707976171433103 0.066437525760553173
leaf_weight=143.35000002384186 19.550000309944153 23.750000357627869 27.500000357627869
leaf_count=143 13 18 22
internal_value=0 -0.000355155 4.16405e-05
internal_weight=214.15 194.6 170.85
internal_count=196 183 165
is_linear=0
shrinkage=0.0167644


Tree=407
num_leaves=4
num_cat=0
split_feature=5 4 4
split_gain=2.56004 3.97981 0.643885
threshold=73.500000000000014 51.500000000000007 37.500000000000007
decision_type=2 2 2
left_child=1 2 -1
right_child=-2 -3 -4
leaf_value=-0.00017133886473109285 0.028577783030581009 -0.033204701483024547 -0.033602813411305867
leaf_weight=151.10000014305115 19.550000309944153 25.750000357627869 17.750000238418579
leaf_count=149 13 20 14
internal_value=-0.000272911 -0.00104317 0
internal_weight=214.15 194.6 168.85
internal_count=196 183 163
is_linear=0
shrinkage=0.0167644


Tree=408
num_leaves=5
num_cat=0
split_feature=1 11 10 11
split_gain=2.31526 2.25883 3.25929 0.206209
threshold=73.500000000000014 18.500000000000004 12.500000000000002 46.500000000000007
decision_type=2 2 2 2
left_child=1 2 -1 -3
right_child=-2 3 -4 -5
leaf_value=-0.0011607288795030609 0.028098693387227314 -0.00047512050349557969 0.012375992036257919 -0.013161440702763587
leaf_weight=70 19.550000309944153 66.500000357627869 28.350000023841858 29.750000357627869
leaf_count=70 13 61 28 24
internal_value=-6.42423e-05 -0.000813833 0.000668347 -0.00269729
internal_weight=214.15 194.6 98.35 96.25
internal_count=196 183 98 85
is_linear=0
shrinkage=0.0167644


Tree=409
num_leaves=4
num_cat=0
split_feature=5 4 4
split_gain=2.56004 3.97981 0.643885
threshold=73.500000000000014 51.500000000000007 37.500000000000007
decision_type=2 2 2
left_child=1 2 -1
right_child=-2 -3 -4
leaf_value=-0.00016222542808460715 0.027627635398607915 -0.032675525609007446 -0.032818838328240979
leaf_weight=151.10000014305115 19.550000309944153 25.750000357627869 17.750000238418579
leaf_count=149 13 20 14
internal_value=-0.000272911 -0.00104317 0
internal_weight=214.15 194.6 168.85
internal_count=196 183 163
is_linear=0
shrinkage=0.0167644


Tree=410
num_leaves=5
num_cat=0
split_feature=0 11 8 7
split_gain=1.39164 2.19787 1.81793 1.24204
threshold=61.500000000000007 18.500000000000004 26.500000000000004 4.5000000000000009
decision_type=2 2 2 2
left_child=1 3 -3 -1
right_child=-2 2 -4 -5
leaf_value=-0.006873770727857405 -0.022297318247747163 -0.025347346849319805 -0.007511523763491533 0.0051293335251650181
leaf_weight=22 30.850000500679016 24.700000047683716 58.850000381469727 80.350000023841858
leaf_count=22 21 24 53 80
internal_value=0.000246768 -0.000122733 -0.00227843 0.00128085
internal_weight=216.75 185.9 83.55 102.35
internal_count=200 179 77 102
is_linear=0
shrinkage=0.0167644


Tree=411
num_leaves=4
num_cat=0
split_feature=0 8 6
split_gain=2.11084 1.48145 0.826162
threshold=61.500000000000007 48.500000000000007 19.500000000000004
decision_type=2 2 2
left_child=1 2 -1
right_child=-2 -3 -4
leaf_value=-0.00018532758757532067 -0.021923516884792361 -0.025361999833979194 8.1646240980770668e-05
leaf_weight=107 30.850000500679016 20.050000190734863 58.850000262260437
leaf_count=107 21 17 55
internal_value=0.000911183 0 0.000738836
internal_weight=216.75 185.9 165.85
internal_count=200 179 162
is_linear=0
shrinkage=0.0167644


Tree=412
num_leaves=4
num_cat=0
split_feature=0 8 4
split_gain=2.11084 1.48145 0.826162
threshold=61.500000000000007 48.500000000000007 19.500000000000004
decision_type=2 2 2
left_child=1 2 -1
right_child=-2 -3 -4
leaf_value=-0.00018222068009618355 -0.02155598208077501 -0.02493682089542424 8.0277490002729165e-05
leaf_weight=107 30.850000500679016 20.050000190734863 58.850000262260437
leaf_count=107 21 17 55
internal_value=0.000911183 0 0.000738836
internal_weight=216.75 185.9 165.85
internal_count=200 179 162
is_linear=0
shrinkage=0.0167644


Tree=413
num_leaves=4
num_cat=0
split_feature=0 8 4
split_gain=2.11084 1.48145 0.826162
threshold=61.500000000000007 48.500000000000007 19.500000000000004
decision_type=2 2 2
left_child=1 2 -1
right_child=-2 -3 -4
leaf_value=-0.00017916585808475891 -0.021194608780538172 -0.024518769830498135 7.8931685325937662e-05
leaf_weight=107 30.850000500679016 20.050000190734863 58.850000262260437
leaf_count=107 21 17 55
internal_value=0.000911183 0 0.000738836
internal_weight=216.75 185.9 165.85
internal_count=200 179 162
is_linear=0
shrinkage=0.0167644


Tree=414
num_leaves=4
num_cat=0
split_feature=2 8 4
split_gain=2.11084 1.48145 0.826162
threshold=61.500000000000007 48.500000000000007 19.500000000000004
decision_type=2 2 2
left_child=1 2 -1
right_child=-2 -3 -4
leaf_value=-0.00017616224835898851 -0.020839293690112178 -0.024107727144611957 7.760844226919347e-05
leaf_weight=107 30.850000500679016 20.050000190734863 58.850000262260437
leaf_count=107 21 17 55
internal_value=0.000911183 0 0.000738836
internal_weight=216.75 185.9 165.85
internal_count=200 179 162
is_linear=0
shrinkage=0.0167644


Tree=415
num_leaves=5
num_cat=0
split_feature=0 10 0 5
split_gain=2.22749 0.812532 0.495547 0.115837
threshold=9.5000000000000018 69.000000000000014 6.5000000000000009 40.500000000000007
decision_type=2 2 2 2
left_child=2 3 -1 -2
right_child=1 -3 -4 -5
leaf_value=-0.00070450772159584758 0.0021728976021202395 -0.0047611729176019572 -0.006633436142383123 0.0085022264319442094
leaf_weight=30 102.15000021457672 22.900000333786011 22 33.1500004529953
leaf_count=30 99 17 22 25
internal_value=0.00189563 0.00292461 -0.000514633 0.00340968
internal_weight=210.2 158.2 52 135.3
internal_count=193 141 52 124
is_linear=0
shrinkage=0.0167644


Tree=416
num_leaves=4
num_cat=0
split_feature=0 10 11
split_gain=1.7048 0.812532 0.343246
threshold=9.5000000000000018 69.000000000000014 4.5000000000000009
decision_type=2 2 2
left_child=2 -2 -1
right_child=1 -3 -4
leaf_value=-0.0067346067731310719 0.0024772396390528328 -0.0046813546674392015 -0.00010532417828943077
leaf_weight=19 135.30000066757202 22.900000333786011 33
leaf_count=19 124 17 33
internal_value=0.00205307 0.00292461 0
internal_weight=210.2 158.2 52
internal_count=193 141 52
is_linear=0
shrinkage=0.0167644


Tree=417
num_leaves=4
num_cat=0
split_feature=10 8 4
split_gain=1.11695 1.61893 2.05671
threshold=3.5000000000000004 7.5000000000000009 37.500000000000007
decision_type=2 2 2
left_child=-1 -2 -3
right_child=1 2 -4
leaf_value=-0.0066217050706577308 0.0065460652404391089 -8.3376565896819743e-05 0.0078954648132890208
leaf_weight=21 20 107.75000011920929 61.450000882148743
leaf_count=21 20 106 46
internal_value=0.00189563 0.00236499 0.00147021
internal_weight=210.2 189.2 169.2
internal_count=193 172 152
is_linear=0
shrinkage=0.0167644


Tree=418
num_leaves=5
num_cat=0
split_feature=2 10 4 11
split_gain=1.31317 0.597538 1.54889 0.343246
threshold=9.5000000000000018 69.000000000000014 37.500000000000007 4.5000000000000009
decision_type=2 2 2 2
left_child=3 2 -2 -1
right_child=1 -3 -4 -5
leaf_value=-0.0065106960985026989 0.001461654108100618 -0.0047352373245307519 0.01164115740608883 -0.00010216072183320986
leaf_weight=19 96.75000011920929 22.900000333786011 38.550000548362732 33
leaf_count=19 95 17 29 33
internal_value=0.0017382 0.00250801 0.002924 0
internal_weight=210.2 158.2 135.3 52
internal_count=193 141 124 52
is_linear=0
shrinkage=0.0167644


Tree=419
num_leaves=4
num_cat=0
split_feature=10 8 4
split_gain=1.11695 1.61893 2.05671
threshold=3.5000000000000004 7.5000000000000009 37.500000000000007
decision_type=2 2 2
left_child=-1 -2 -3
right_child=1 2 -4
leaf_value=-0.0064015481261607693 0.0064118205580344914 -0.00012811112995948597 0.0078882422222503711
leaf_weight=21 20 107.75000011920929 61.450000882148743
leaf_count=21 20 106 46
internal_value=0.00189563 0.00236499 0.00147021
internal_weight=210.2 189.2 169.2
internal_count=193 172 152
is_linear=0
shrinkage=0.0167644


Tree=420
num_leaves=6
num_cat=0
split_feature=5 4 4 4 0
split_gain=2.26863 1.11544 2.29967 1.04219 0.739574
threshold=40.500000000000007 12.500000000000002 16.500000000000004 4.5000000000000009 61.500000000000007
decision_type=2 2 2 2 2
left_child=1 3 -3 -1 -2
right_child=4 2 -4 -5 -6
leaf_value=-0.0062942299550699052 -0.0018763540495193801 -0.029168764289215939 -0.00020734815038505209 0.0027653744385879261 0.10663183556522313
leaf_weight=19 25.800000309944153 18 60.450000166893005 56 29.750000476837158
leaf_count=19 21 18 58 56 20
internal_value=0.00107515 0 -0.00136879 0.00144029 0.00388982
internal_weight=209 153.45 78.45 75 55.55
internal_count=192 151 76 75 41
is_linear=0
shrinkage=0.0167644


Tree=421
num_leaves=4
num_cat=0
split_feature=7 4 10
split_gain=1.78082 2.3894 1.06185
threshold=61.500000000000007 48.500000000000007 23.500000000000004
decision_type=2 2 2
left_child=1 2 -1
right_child=-2 -3 -4
leaf_value=-8.1292736308228127e-05 0.032920258565157554 -0.032604223609624609 0.0026011552808179027
leaf_weight=115.35000002384186 32.200000524520874 18.300000190734863 43.150000214576721
leaf_count=115 22 15 40
internal_value=0.000489334 0 0.00049703
internal_weight=209 176.8 158.5
internal_count=192 170 155
is_linear=0
shrinkage=0.0167644


Tree=422
num_leaves=6
num_cat=0
split_feature=5 5 8 11 4
split_gain=1.63922 1.33091 1.62989 1.31466 1.01421
threshold=40.500000000000007 19.500000000000004 16.500000000000004 26.500000000000004 56.000000000000007
decision_type=2 2 2 2 2
left_child=1 2 -1 -3 -2
right_child=4 3 -4 -5 -6
leaf_value=-0.00090633055614776164 0.031688957523429304 -0.029881202904953309 0.034281461902874448 -0.0025587790569502429 -0.00056912564683151475
leaf_weight=87 23.300000309944153 24.350000023841858 18.700000047683716 23.400000095367432 32.250000476837158
leaf_count=87 18 24 18 22 23
internal_value=0.000703078 0 0.000831711 -0.00243291 0.00311365
internal_weight=209 153.45 105.7 47.75 55.55
internal_count=192 151 105 46 41
is_linear=0
shrinkage=0.0167644


Tree=423
num_leaves=4
num_cat=0
split_feature=5 4 1
split_gain=1.64517 2.53279 0.739337
threshold=61.500000000000007 48.500000000000007 14.500000000000002
decision_type=2 2 2
left_child=1 2 -1
right_child=-2 -3 -4
leaf_value=-0.00034837164874442449 0.032496208256653718 -0.031370081745698379 0.0012285230262538329
leaf_weight=86 32.200000524520874 18.300000190734863 72.500000238418579
leaf_count=86 22 15 69
internal_value=0.000647663 0 0.000704939
internal_weight=209 176.8 158.5
internal_count=192 170 155
is_linear=0
shrinkage=0.0167644


Tree=424
num_leaves=5
num_cat=0
split_feature=0 1 1 5
split_gain=2.02255 0.834365 2.04 0.458484
threshold=61.500000000000007 26.500000000000004 16.500000000000004 42.500000000000007
decision_type=2 2 2 2
left_child=1 2 -1 -3
right_child=-2 3 -4 -5
leaf_value=-0.00026968626594144529 0.10300277615010681 -0.011798486564078418 0.0068276261630540501 -0.0017054433464411193
leaf_weight=97 31.100000500679016 28.100000143051147 29.350000023841858 23.450000286102295
leaf_count=97 21 26 29 19
internal_value=0.00107515 0.000128168 0.00104277 -0.00133679
internal_weight=209 177.9 126.35 51.55
internal_count=192 171 126 45
is_linear=0
shrinkage=0.0167644


Tree=425
num_leaves=5
num_cat=0
split_feature=7 11 4 0
split_gain=2.3598 2.98791 1.98975 1.03376
threshold=61.500000000000007 18.500000000000004 4.5000000000000009 28.500000000000004
decision_type=2 2 2 2
left_child=1 2 -1 -3
right_child=-2 3 -4 -5
leaf_value=-0.0061617926131956428 0.014656878693659947 -0.0003386843379411209 0.005502034695237492 -0.0062816770622459517
leaf_weight=23 26.550000429153442 43.350000023841858 84.350000023841858 44.450000405311584
leaf_count=23 18 43 84 38
internal_value=0.00151471 0.000612516 0.00259286 -0.00138481
internal_weight=221.7 195.15 107.35 87.8
internal_count=206 188 107 81
is_linear=0
shrinkage=0.0167644


Tree=426
num_leaves=5
num_cat=0
split_feature=5 8 10 4
split_gain=2.57745 2.45242 3.44543 1.52334
threshold=61.500000000000007 19.500000000000004 21.500000000000004 4.5000000000000009
decision_type=2 2 2 2
left_child=1 3 -3 -1
right_child=-2 2 -4 -5
leaf_value=-0.0060584938015867803 0.014411164784414173 -0.0446220922910558 -0.001014400071098394 0.0046210869081653623
leaf_weight=23 26.550000429153442 18.350000023841858 61.450000405311584 92.350000023841858
leaf_count=23 18 18 55 92
internal_value=0.00136534 0.000443108 -0.00151899 0.00213339
internal_weight=221.7 195.15 79.8 115.35
internal_count=206 188 73 115
is_linear=0
shrinkage=0.0167644


Tree=427
num_leaves=5
num_cat=0
split_feature=5 0 10 10
split_gain=2.14692 2.09931 5.1349 2.47995
threshold=61.500000000000007 28.500000000000004 32.500000000000007 25.500000000000004
decision_type=2 2 2 2
left_child=1 3 -3 -1
right_child=-2 2 -4 -5
leaf_value=-7.3809805140079144e-05 0.014169570123642729 0.054031874397254966 -0.011574092677588802 0.0060825227379398307
leaf_weight=120 26.550000429153442 22.150000214576721 27.650000214576721 25.350000023841858
leaf_count=120 18 19 24 25
internal_value=0.00166408 0.000781925 -0.00174805 0.00192765
internal_weight=221.7 195.15 49.8 145.35
internal_count=206 188 43 145
is_linear=0
shrinkage=0.0167644


Tree=428
num_leaves=4
num_cat=0
split_feature=5 11 4
split_gain=2.14692 2.58449 1.12079
threshold=61.500000000000007 37.500000000000007 4.5000000000000009
decision_type=2 2 2
left_child=1 2 -1
right_child=-2 -3 -4
leaf_value=-0.0059556893557436881 0.013932025654579284 -0.0046893620460635799 0.0023206669014789404
leaf_weight=23 26.550000429153442 31.000000238418579 141.15000021457672
leaf_count=23 18 27 138
internal_value=0.00166408 0.000781925 0.00178085
internal_weight=221.7 195.15 164.15
internal_count=206 188 161
is_linear=0
shrinkage=0.0167644


Tree=429
num_leaves=4
num_cat=0
split_feature=5 11 4
split_gain=2.14692 2.58449 1.12079
threshold=61.500000000000007 37.500000000000007 4.5000000000000009
decision_type=2 2 2
left_child=1 2 -1
right_child=-2 -3 -4
leaf_value=-0.0058558457434412575 0.013698463478153618 -0.004610747662722463 0.0022817622923641456
leaf_weight=23 26.550000429153442 31.000000238418579 141.15000021457672
leaf_count=23 18 27 138
internal_value=0.00166408 0.000781925 0.00178085
internal_weight=221.7 195.15 164.15
internal_count=206 188 161
is_linear=0
shrinkage=0.0167644


Tree=430
num_leaves=4
num_cat=0
split_feature=8 4 2
split_gain=2.02923 0.429076 2.01809
threshold=48.500000000000007 29.500000000000004 24.500000000000004
decision_type=2 2 2
left_child=1 2 -1
right_child=-2 -3 -4
leaf_value=0.0053124070430100295 -0.0047171666998748083 -0.027459456275644927 -0.017925768421277972
leaf_weight=111.35000002384186 44.750000596046448 31.050000309944153 21.700000047683716
leaf_count=111 34 26 21
internal_value=0.00179286 0.00271069 0.00173193
internal_weight=208.85 164.1 133.05
internal_count=192 158 132
is_linear=0
shrinkage=0.0167644


Tree=431
num_leaves=5
num_cat=0
split_feature=8 0 8 10
split_gain=1.8153 0.779251 0.49147 0.294591
threshold=48.500000000000007 9.5000000000000018 14.500000000000002 7.5000000000000009
decision_type=2 2 2 2
left_child=1 3 -3 -1
right_child=-2 2 -4 -5
leaf_value=-0.0043498213694941716 -0.0046380861879447869 -0.0003929418392523716 0.0091527169643064177 0.0045355480551374705
leaf_weight=27 44.750000596046448 37 77.100000381469727 23
leaf_count=27 34 37 71 23
internal_value=0.00163442 0.00250976 0.00329662 0
internal_weight=208.85 164.1 114.1 50
internal_count=192 158 108 50
is_linear=0
shrinkage=0.0167644


Tree=432
num_leaves=4
num_cat=0
split_feature=8 4 0
split_gain=2.02923 0.429076 2.01809
threshold=48.500000000000007 29.500000000000004 24.500000000000004
decision_type=2 2 2
left_child=1 2 -1
right_child=-2 -3 -4
leaf_value=0.0051204593501783611 -0.0045603314140616955 -0.027152554610171103 -0.017778693398378294
leaf_weight=111.35000002384186 44.750000596046448 31.050000309944153 21.700000047683716
leaf_count=111 34 26 21
internal_value=0.00179286 0.00271069 0.00173193
internal_weight=208.85 164.1 133.05
internal_count=192 158 132
is_linear=0
shrinkage=0.0167644


Tree=433
num_leaves=5
num_cat=0
split_feature=9 2 9 10
split_gain=1.8153 0.779251 0.49147 0.294591
threshold=48.500000000000007 9.5000000000000018 14.500000000000002 7.5000000000000009
decision_type=2 2 2 2
left_child=1 3 -3 -1
right_child=-2 2 -4 -5
leaf_value=-0.0043627406598017986 -0.0044838801530105487 0.00010364026761240257 0.0088366574736050158 0.0043736707975810555
leaf_weight=27 44.750000596046448 37 77.100000381469727 23
leaf_count=27 34 37 71 23
internal_value=0.00163442 0.00250976 0.00329662 0
internal_weight=208.85 164.1 114.1 50
internal_count=192 158 108 50
is_linear=0
shrinkage=0.0167644


Tree=434
num_leaves=4
num_cat=0
split_feature=8 4 2
split_gain=2.02923 0.429076 2.01809
threshold=48.500000000000007 29.500000000000004 24.500000000000004
decision_type=2 2 2
left_child=1 2 -1
right_child=-2 -3 -4
leaf_value=0.0049380308950849969 -0.0044087105521688433 -0.026845499419169284 -0.017628785450743929
leaf_weight=111.35000002384186 44.750000596046448 31.050000309944153 21.700000047683716
leaf_count=111 34 26 21
internal_value=0.00179286 0.00271069 0.00173193
internal_weight=208.85 164.1 133.05
internal_count=192 158 132
is_linear=0
shrinkage=0.0167644


Tree=435
num_leaves=4
num_cat=0
split_feature=5 8 0
split_gain=0.922047 2.6472 1.15275
threshold=61.500000000000007 34.500000000000007 21.500000000000004
decision_type=2 2 2
left_child=1 2 -1
right_child=-2 -3 -4
leaf_value=-0.00084029446466626272 0.014195904769747617 -0.019001422448579684 0.0014776160817846476
leaf_weight=112 31.950000524520874 36.350000262260437 43.150000214576721
leaf_count=112 22 32 40
internal_value=0 -0.000386712 0.000364259
internal_weight=223.45 191.5 155.15
internal_count=206 184 152
is_linear=0
shrinkage=0.0167644


Tree=436
num_leaves=4
num_cat=0
split_feature=5 11 0
split_gain=0.828308 2.92003 1.08095
threshold=61.500000000000007 42.500000000000007 10.500000000000002
decision_type=2 2 2
left_child=1 2 -1
right_child=-2 -3 -4
leaf_value=-0.0017974060751889094 0.013957918815905652 -0.016851261148520969 0.0011092721846581262
leaf_weight=62 31.950000524520874 22.700000166893005 106.80000030994415
leaf_count=62 22 20 102
internal_value=9.12443e-05 -0.000153713 0.000428106
internal_weight=223.45 191.5 168.8
internal_count=206 184 164
is_linear=0
shrinkage=0.0167644


Tree=437
num_leaves=4
num_cat=0
split_feature=3 11 0
split_gain=0.97866 2.46966 0.999084
threshold=64.500000000000014 48.500000000000007 10.500000000000002
decision_type=2 2 2
left_child=1 2 -1
right_child=-2 -3 -4
leaf_value=-0.0017672736245854944 0.0055868071316364327 -0.017297029167960176 0.0013585922647434789
leaf_weight=62 26.550000429153442 24.500000238418579 110.40000033378601
leaf_count=62 18 21 105
internal_value=9.12443e-05 -0.000149556 0.000381025
internal_weight=223.45 196.9 172.4
internal_count=206 188 167
is_linear=0
shrinkage=0.0167644


Tree=438
num_leaves=4
num_cat=0
split_feature=1 11 0
split_gain=0.813958 1.65659 0.92456
threshold=64.500000000000014 53.000000000000007 34.500000000000007
decision_type=2 2 2
left_child=1 2 -1
right_child=-2 -3 -4
leaf_value=-4.894892826755453e-06 0.0054931476118158596 -0.016190637803718086 -0.0095981065622414239
leaf_weight=148.35000002384186 26.550000429153442 20.150000214576721 28.400000333786011
leaf_count=148 18 17 23
internal_value=0.00043955 0 0.00059125
internal_weight=223.45 196.9 176.75
internal_count=206 188 171
is_linear=0
shrinkage=0.0167644


Tree=439
num_leaves=6
num_cat=0
split_feature=11 4 4 8 8
split_gain=0.80851 2.34332 1.26607 1.05623 0.893141
threshold=18.500000000000004 29.500000000000004 4.5000000000000009 46.500000000000007 7.5000000000000009
decision_type=2 2 2 2 2
left_child=2 -2 -1 -3 -4
right_child=1 3 4 -5 -6
leaf_value=-0.0057953701573455934 -0.014573525562310412 0.0020671645754269516 0.0060760082645241256 -0.0046744335465024947 -0.00072713667310287462
leaf_weight=18 38.700000047683716 30.100000262260437 25 49.300000667572021 62.350000023841858
leaf_count=18 38 26 25 37 62
internal_value=0.000239459 -0.000482852 0.00140036 0.000791882 0.00242419
internal_weight=223.45 118.1 105.35 79.4 87.35
internal_count=206 101 105 63 87
is_linear=0
shrinkage=0.0167644


Tree=440
num_leaves=5
num_cat=0
split_feature=7 6 8 8
split_gain=2.01556 2.49768 0.985868 0.895762
threshold=40.500000000000007 56.000000000000007 7.5000000000000009 11.500000000000002
decision_type=2 2 2 2
left_child=2 -2 -1 -4
right_child=1 -3 3 -5
leaf_value=0.0033896005728436267 0.10487444195148293 -0.010498500084108653 -0.01932835162413327 -0.00091288669755054837
leaf_weight=36 22.950000286102295 32.350000500679016 28 88.800000190734863
leaf_count=36 18 23 28 86
internal_value=0.00116719 0.00383439 0 -0.000600269
internal_weight=208.1 55.3 152.8 116.8
internal_count=191 41 150 114
is_linear=0
shrinkage=0.0167644


Tree=441
num_leaves=5
num_cat=0
split_feature=5 5 10 1
split_gain=1.35344 1.42625 1.25648 0.188678
threshold=42.500000000000007 31.000000000000004 24.500000000000004 56.000000000000007
decision_type=2 2 2 2
left_child=1 2 -1 -2
right_child=3 -3 -4 -5
leaf_value=-0.00083312611134116362 -0.0010216715202939497 -0.017335898736324688 0.030699041640224242 0.027948655465264108
leaf_weight=113.35000002384186 22.000000238418579 21.100000143051147 22.400000095367432 29.250000476837158
leaf_count=113 18 19 21 20
internal_value=0.000793531 0 0.00065733 0.00308219
internal_weight=208.1 156.85 135.75 51.25
internal_count=191 153 134 38
is_linear=0
shrinkage=0.0167644


Tree=442
num_leaves=5
num_cat=0
split_feature=5 5 10 1
split_gain=1.35344 1.42625 1.25648 0.188678
threshold=42.500000000000007 31.000000000000004 24.500000000000004 56.000000000000007
decision_type=2 2 2 2
left_child=1 2 -1 -2
right_child=3 -3 -4 -5
leaf_value=-0.00081915924445283967 -0.0010045438010527603 -0.01704527263933479 0.030184390349920317 0.027480112773735531
leaf_weight=113.35000002384186 22.000000238418579 21.100000143051147 22.400000095367432 29.250000476837158
leaf_count=113 18 19 21 20
internal_value=0.000793531 0 0.00065733 0.00308219
internal_weight=208.1 156.85 135.75 51.25
internal_count=191 153 134 38
is_linear=0
shrinkage=0.0167644


Tree=443
num_leaves=4
num_cat=0
split_feature=5 4 4
split_gain=0.8395 3.81919 3.06964
threshold=73.500000000000014 51.500000000000007 32.500000000000007
decision_type=2 2 2
left_child=1 2 -1
right_child=-2 -3 -4
leaf_value=-0.00029501542713459959 -0.013176593733121172 -0.082825772487535615 0.04262455389695561
leaf_weight=139.40000009536743 20.900000333786011 22.450000286102295 25.350000262260437
leaf_count=138 14 18 21
internal_value=0.000578875 0 0.00110396
internal_weight=208.1 187.2 164.75
internal_count=191 177 159
is_linear=0
shrinkage=0.0167644


Tree=444
num_leaves=5
num_cat=0
split_feature=4 0 4 8
split_gain=1.96556 1.43398 1.0419 0.527194
threshold=37.500000000000007 24.500000000000004 56.000000000000007 7.5000000000000009
decision_type=2 2 2 2
left_child=1 3 -2 -1
right_child=2 -3 -4 -5
leaf_value=0.0033654212692489542 -0.0014922287607903812 -0.011955811056619088 -0.00015665832630742168 -0.001268668104590822
leaf_weight=36 25.300000309944153 32.75000011920929 33.700000524520874 80.350000023841858
leaf_count=36 20 31 24 80
internal_value=0.00100819 0 0.00352328 0.00084883
internal_weight=208.1 149.1 59 116.35
internal_count=191 147 44 116
is_linear=0
shrinkage=0.0167644


Tree=445
num_leaves=5
num_cat=0
split_feature=4 11 8 4
split_gain=0.905581 4.1222 1.60057 1.17986
threshold=32.500000000000007 18.500000000000004 48.500000000000007 4.5000000000000009
decision_type=2 2 2 2
left_child=1 3 -2 -1
right_child=2 -3 -4 -5
leaf_value=-0.008192947016467951 0.083654545827976032 -0.010803024373247849 0.00040314909122773018 0.004830339071321201
leaf_weight=21 30.400000333786011 45.700000047683716 42.750000596046448 76
leaf_count=21 25 45 32 76
internal_value=0.0018198 0.000654736 0.00347385 0.00280304
internal_weight=215.85 142.7 73.15 97
internal_count=199 142 57 97
is_linear=0
shrinkage=0.0167644


Tree=446
num_leaves=7
num_cat=0
split_feature=11 6 8 6 6 5
split_gain=0.799827 3.76736 1.34994 1.17986 1.46214 0.756723
threshold=18.500000000000004 31.000000000000004 48.500000000000007 4.5000000000000009 10.500000000000002 19.500000000000004
decision_type=2 2 2 2 2 2
left_child=3 5 -3 -1 -5 -2
right_child=1 2 -4 4 -6 -7
leaf_value=-0.0080555971016780421 -0.016525898940334197 0.076662884680558957 -0.004693827270585294 0.013473002716061637 -0.00015097297370234751 -0.01787565957688627
leaf_weight=21 19.350000023841858 31.400000333786011 43.750000596046448 37 39 24.350000023841858
leaf_count=21 19 26 33 37 39 24
internal_value=0.00161276 0.000279998 0.00280376 0.00280304 0.00376319 -0.00313202
internal_weight=215.85 118.85 75.15 97 76 43.7
internal_count=199 102 59 97 76 43
is_linear=0
shrinkage=0.0167644


Tree=447
num_leaves=6
num_cat=0
split_feature=10 10 4 4 4
split_gain=1.01606 3.297 1.17053 1.34774 1.03564
threshold=18.500000000000004 25.500000000000004 4.5000000000000009 9.5000000000000018 32.500000000000007
decision_type=2 2 2 2 2
left_child=2 -2 -1 -4 -3
right_child=1 4 3 -5 -6
leaf_value=-0.0079205497770373102 -0.026100539661672403 -0.00099602846370297048 0.012320558572752417 5.7466328953672565e-05 0.0069160485382676589
leaf_weight=21 22.350000023841858 22.700000047683716 32 51.350000023841858 66.450000882148743
leaf_count=21 22 22 32 51 51
internal_value=0.00161276 9.99465e-05 0.00282199 0.00370481 0.00188427
internal_weight=215.85 111.5 104.35 83.35 89.15
internal_count=199 95 104 83 73
is_linear=0
shrinkage=0.0167644


Tree=448
num_leaves=4
num_cat=0
split_feature=1 11 4
split_gain=0.512928 2.29163 0.613061
threshold=61.500000000000007 37.500000000000007 4.5000000000000009
decision_type=2 2 2
left_child=1 2 -1
right_child=-2 -3 -4
leaf_value=-0.0077877664409826885 0.0091506889184019384 -0.011482925427965914 0.0018188009099526805
leaf_weight=21 29.000000476837158 32.700000286102295 133.15000021457672
leaf_count=21 20 28 130
internal_value=0.00161276 0.000966452 0.00196912
internal_weight=215.85 186.85 154.15
internal_count=199 179 151
is_linear=0
shrinkage=0.0167644


Tree=449
num_leaves=4
num_cat=0
split_feature=10 3 10
split_gain=0.658116 2.66828 1.83653
threshold=69.000000000000014 61.500000000000007 18.500000000000004
decision_type=2 2 2
left_child=1 2 -1
right_child=-2 -3 -4
leaf_value=0.0035317654007862181 -0.01617606684963184 0.0060239544522372847 -0.0016406994123296665
leaf_weight=104.35000002384186 21.650000333786011 17.450000286102295 72.400000333786011
leaf_count=104 16 12 67
internal_value=0.00161276 0.001956 0.00102083
internal_weight=215.85 194.2 176.75
internal_count=199 183 171
is_linear=0
shrinkage=0.0167644


Tree=450
num_leaves=5
num_cat=0
split_feature=10 10 10 10
split_gain=0.85348 3.77379 2.63701 1.1196
threshold=29.500000000000004 24.500000000000004 56.000000000000007 18.500000000000004
decision_type=2 2 2 2
left_child=1 3 -2 -1
right_child=2 -3 -4 -5
leaf_value=0.0011146376224647563 -0.010519828544017892 0.030904520231479445 0.038676635311333592 -0.014510604815626913
leaf_weight=98.700000047683716 33.700000286102295 18.400000095367432 27.350000381469727 23.350000023841858
leaf_count=98 29 17 20 23
internal_value=0.000605786 0.00142003 -0.000638673 0
internal_weight=201.5 140.45 61.05 122.05
internal_count=187 138 49 121
is_linear=0
shrinkage=0.0167644


Tree=451
num_leaves=5
num_cat=0
split_feature=10 10 10 10
split_gain=0.85348 3.77379 2.63701 1.1196
threshold=29.500000000000004 24.500000000000004 56.000000000000007 18.500000000000004
decision_type=2 2 2 2
left_child=1 3 -2 -1
right_child=2 -3 -4 -5
leaf_value=0.0010959513814626607 -0.010343469835579855 0.03038642421402871 0.038028244377803277 -0.014267343101500074
leaf_weight=98.700000047683716 33.700000286102295 18.400000095367432 27.350000381469727 23.350000023841858
leaf_count=98 29 17 20 23
internal_value=0.000605786 0.00142003 -0.000638673 0
internal_weight=201.5 140.45 61.05 122.05
internal_count=187 138 49 121
is_linear=0
shrinkage=0.0167644


Tree=452
num_leaves=4
num_cat=0
split_feature=5 5 4
split_gain=0.708979 2.16376 2.69147
threshold=42.500000000000007 25.500000000000004 16.500000000000004
decision_type=2 2 2
left_child=1 2 -1
right_child=-2 -3 -4
leaf_value=-0.00075857133295481258 -0.0069314634777264302 -0.016434535652142857 0.0073719243060467793
leaf_weight=86 44.350000619888306 33.75000011920929 37.400000095367432
leaf_count=86 33 32 36
internal_value=0.000441644 0 0.000940917
internal_weight=201.5 157.15 123.4
internal_count=187 154 122
is_linear=0
shrinkage=0.0167644


Tree=453
num_leaves=6
num_cat=0
split_feature=10 4 10 10 10
split_gain=1.37821 2.98781 2.86442 1.40637 1.18881
threshold=28.500000000000004 19.500000000000004 56.000000000000007 15.500000000000002 21.500000000000004
decision_type=2 2 2 2 2
left_child=1 3 -2 -1 -3
right_child=2 4 -4 -5 -6
leaf_value=3.9423001148319949e-05 -0.0099482522686527314 0.00012948892210658855 0.037506925223867428 -0.022052230501920581 0.034169542623384092
leaf_weight=78 36.700000286102295 20.700000047683716 27.350000381469727 19 19.75000011920929
leaf_count=78 32 20 20 19 18
internal_value=0.000769928 0.0018091 -0.000860897 0 0.00548166
internal_weight=201.5 137.45 64.05 97 40.45
internal_count=187 135 52 97 38
is_linear=0
shrinkage=0.0167644


Tree=454
num_leaves=6
num_cat=0
split_feature=10 4 10 10 10
split_gain=1.37821 2.98781 2.86442 1.40637 1.18881
threshold=28.500000000000004 19.500000000000004 56.000000000000007 15.500000000000002 21.500000000000004
decision_type=2 2 2 2 2
left_child=1 3 -2 -1 -3
right_child=2 4 -4 -5 -6
leaf_value=3.8762097832631732e-05 -0.0097814756986759413 0.00012731811685400831 0.036878143788667765 -0.02168253789018049 0.033596710435125243
leaf_weight=78 36.700000286102295 20.700000047683716 27.350000381469727 19 19.75000011920929
leaf_count=78 32 20 20 19 18
internal_value=0.000769928 0.0018091 -0.000860897 0 0.00548166
internal_weight=201.5 137.45 64.05 97 40.45
internal_count=187 135 52 97 38
is_linear=0
shrinkage=0.0167644


Tree=455
num_leaves=7
num_cat=0
split_feature=10 8 1 0 11 11
split_gain=1.94657 2.15717 3.07736 1.1491 0.708775 0.960181
threshold=10.500000000000002 34.500000000000007 61.500000000000007 12.500000000000002 7.5000000000000009 3.5000000000000004
decision_type=2 2 2 2 2 2
left_child=4 3 -3 -2 5 -1
right_child=1 2 -4 -5 -6 -7
leaf_value=-0.0057284726820749955 -0.0047111192161703591 -0.014797455215141298 0.013141411981532857 0.0059179365196349405 -0.015989328786620446 0.00316030140060501
leaf_weight=21 26 36.150000333786011 29.250000476837158 60.800000190734863 31 19
leaf_count=21 26 31 20 58 31 19
internal_value=0.00166045 0.00274575 0 0.00445117 -0.00015482 0.000659034
internal_weight=223.2 152.2 65.4 86.8 71 40
internal_count=206 135 51 84 71 40
is_linear=0
shrinkage=0.0167644


Tree=456
num_leaves=7
num_cat=0
split_feature=10 8 1 0 0 10
split_gain=1.31095 1.7691 3.07736 0.85882 0.781458 1.09152
threshold=10.500000000000002 34.500000000000007 61.500000000000007 12.500000000000002 3.5000000000000004 6.5000000000000009
decision_type=2 2 2 2 2 2
left_child=4 3 -3 -2 -1 -6
right_child=1 2 -4 -5 5 -7
leaf_value=-0.0052319013722841347 -0.0046321400867306841 -0.014549384623592064 0.012921103976091705 0.0058187258113183878 -0.0025844020532161914 -0.03043834330443481
leaf_weight=18 26 36.150000333786011 29.250000476837158 60.800000190734863 24 29
leaf_count=18 26 31 20 58 24 29
internal_value=0.00166045 0.00252939 0 0.00407683 0 0.00080602
internal_weight=223.2 152.2 65.4 86.8 71 53
internal_count=206 135 51 84 71 53
is_linear=0
shrinkage=0.0167644


Tree=457
num_leaves=4
num_cat=0
split_feature=1 9 10
split_gain=1.18501 2.87754 1.8776
threshold=61.500000000000007 37.500000000000007 10.500000000000002
decision_type=2 2 2
left_child=1 2 -1
right_child=-2 -3 -4
leaf_value=-0.00071095813043951794 0.0071682751938036259 -0.014447729698535526 0.0046426529939634174
leaf_weight=71 30.600000500679016 31.800000309944153 89.800000190734863
leaf_count=71 21 27 87
internal_value=0.00151208 0.000744935 0.00182244
internal_weight=223.2 192.6 160.8
internal_count=206 185 158
is_linear=0
shrinkage=0.0167644


Tree=458
num_leaves=4
num_cat=0
split_feature=1 11 10
split_gain=1.75909 2.43306 0.932106
threshold=61.500000000000007 51.500000000000007 12.500000000000002
decision_type=2 2 2
left_child=1 2 -1
right_child=-2 -3 -4
leaf_value=-0.00063502887091908722 0.0070481032965509227 -0.016008394015206134 0.0083806618815018465
leaf_weight=83 30.600000500679016 20.800000190734863 88.800000309944153
leaf_count=83 21 18 84
internal_value=0.00106694 0.000230077 0.00109299
internal_weight=223.2 192.6 171.8
internal_count=206 185 167
is_linear=0
shrinkage=0.0167644


Tree=459
num_leaves=4
num_cat=0
split_feature=1 11 10
split_gain=1.75909 2.43306 0.932106
threshold=61.500000000000007 51.500000000000007 12.500000000000002
decision_type=2 2 2
left_child=1 2 -1
right_child=-2 -3 -4
leaf_value=-0.00062438298719319344 0.0069299460101355905 -0.015740022750325117 0.0082401650379370014
leaf_weight=83 30.600000500679016 20.800000190734863 88.800000309944153
leaf_count=83 21 18 84
internal_value=0.00106694 0.000230077 0.00109299
internal_weight=223.2 192.6 171.8
internal_count=206 185 167
is_linear=0
shrinkage=0.0167644


Tree=460
num_leaves=5
num_cat=0
split_feature=11 4 11 4
split_gain=2.27879 3.46892 1.62141 1.22403
threshold=18.500000000000004 31.000000000000004 4.5000000000000009 51.500000000000007
decision_type=2 2 2 2
left_child=2 -2 -1 -3
right_child=1 3 -4 -5
leaf_value=-0.0055116964001224759 -0.012185853788441827 0.038042619130345803 0.0052172165977322207 -0.014813248046670715
leaf_weight=21 37.700000047683716 33.750000357627869 74.350000023841858 34.750000476837158
leaf_count=21 37 28 74 26
internal_value=0.000224101 -0.0012279 0.00222653 0.000560147
internal_weight=201.55 106.2 95.35 68.5
internal_count=186 91 95 54
is_linear=0
shrinkage=0.0167644


Tree=461
num_leaves=5
num_cat=0
split_feature=8 1 5 8
split_gain=1.41208 0.881065 0.83184 0.60347
threshold=7.5000000000000009 64.500000000000014 24.500000000000004 4.5000000000000009
decision_type=2 2 2 2
left_child=3 2 -2 -1
right_child=1 -3 -4 -5
leaf_value=-0.0016933987361619403 -0.00035491477533081611 -0.078660580064339694 -0.0090368226406121899 0.002866731839346963
leaf_weight=19 77.400000095367432 22.000000357627869 64.1500004529953 19
leaf_count=19 76 15 57 19
internal_value=0.000281536 -0.000194665 -0.000898089 0.00315871
internal_weight=201.55 163.55 141.55 38
internal_count=186 148 133 38
is_linear=0
shrinkage=0.0167644


Tree=462
num_leaves=6
num_cat=0
split_feature=11 8 11 8 8
split_gain=2.28842 3.41129 1.93278 2.06187 1.04977
threshold=18.500000000000004 26.500000000000004 4.5000000000000009 7.5000000000000009 34.500000000000007
decision_type=2 2 2 2 2
left_child=2 -2 -1 -4 -3
right_child=1 4 3 -5 -6
leaf_value=-0.0053526832912384826 -0.010741252385969409 0.02917763462323384 0.0067238724511996979 -0.0026941492757685298 -0.0089444076241279539
leaf_weight=21 29.050000071525574 19.400000095367432 20 54.350000023841858 57.750000715255737
leaf_count=21 28 18 20 54 45
internal_value=0.00060974 -0.00081251 0.00256825 0.00391979 0.00063587
internal_weight=201.55 106.2 95.35 74.35 77.15
internal_count=186 91 95 74 63
is_linear=0
shrinkage=0.0167644


Tree=463
num_leaves=6
num_cat=0
split_feature=11 1 11 8 0
split_gain=2.40929 2.44898 1.93278 2.06187 1.24327
threshold=18.500000000000004 48.500000000000007 4.5000000000000009 7.5000000000000009 28.500000000000004
decision_type=2 2 2 2 2
left_child=2 4 -1 -4 -2
right_child=1 -3 3 -5 -6
leaf_value=-0.0052629487192375566 -0.0004752998586735004 0.0089590856215751493 0.0066111507032896623 -0.0026489834553727275 -0.016758772845187557
leaf_weight=21 34.350000023841858 41.050000667572021 20 54.350000023841858 30.800000190734863
leaf_count=21 34 29 20 54 28
internal_value=0.000552304 -0.000920204 0.00256825 0.00391979 -0.00311785
internal_weight=201.55 106.2 95.35 74.35 65.15
internal_count=186 91 95 74 62
is_linear=0
shrinkage=0.0167644


Tree=464
num_leaves=6
num_cat=0
split_feature=11 1 8 11 8
split_gain=1.58555 3.16238 2.56984 1.93278 2.06187
threshold=18.500000000000004 28.500000000000004 48.500000000000007 4.5000000000000009 7.5000000000000009
decision_type=2 2 2 2 2
left_child=3 -2 -3 -1 -5
right_child=1 2 -4 4 -6
leaf_value=-0.0051747184943040899 -0.012557175360898844 0.030004271320876793 -0.012142549357602585 0.0065003186688660456 -0.0026045748132633583
leaf_weight=21 37.700000047683716 30.050000309944153 38.450000524520874 20 54.350000023841858
leaf_count=21 37 25 29 20 54
internal_value=0.000995379 -8.94228e-05 0.00166574 0.00256825 0.00391979
internal_weight=201.55 106.2 68.5 95.35 74.35
internal_count=186 91 54 95 74
is_linear=0
shrinkage=0.0167644


Tree=465
num_leaves=4
num_cat=0
split_feature=0 5 10
split_gain=5.00778 4.68158 1.4257
threshold=64.500000000000014 29.500000000000004 24.500000000000004
decision_type=2 2 2
left_child=1 2 -1
right_child=-2 -3 -4
leaf_value=-0.00026051702884488805 0.10078099184174227 -0.013882674339767052 0.0041819480737903102
leaf_weight=111.70000004768372 25.450000405311584 40.150000333786011 28.400000095367432
leaf_count=111 17 35 27
internal_value=0.000722249 -9.44618e-05 0.00114776
internal_weight=205.7 180.25 140.1
internal_count=190 173 138
is_linear=0
shrinkage=0.0167644


Tree=466
num_leaves=4
num_cat=0
split_feature=0 11 11
split_gain=4.81045 3.18652 0.849273
threshold=64.500000000000014 37.500000000000007 18.500000000000004
decision_type=2 2 2
left_child=1 2 -1
right_child=-2 -3 -4
leaf_value=0.00063536980539895922 0.099091458073968214 -0.01230071420568748 -0.0006371090714329228
leaf_weight=101.35000002384186 25.450000405311584 24.400000214576721 54.500000238418579
leaf_count=101 17 21 51
internal_value=0.000883084 0 0.000785415
internal_weight=205.7 180.25 155.85
internal_count=190 173 152
is_linear=0
shrinkage=0.0167644


Tree=467
num_leaves=4
num_cat=0
split_feature=0 7 10
split_gain=1.37362 2.39773 1.43494
threshold=64.500000000000014 32.500000000000007 24.500000000000004
decision_type=2 2 2
left_child=1 2 -1
right_child=-2 -3 -4
leaf_value=-0.00025667364054473164 0.097430248341315084 -0.013639258751909831 0.004101188586527387
leaf_weight=113.70000004768372 25.450000405311584 38.150000333786011 28.400000095367432
leaf_count=113 17 33 27
internal_value=0.000665957 0 0.00113191
internal_weight=205.7 180.25 142.1
internal_count=190 173 140
is_linear=0
shrinkage=0.0167644


Tree=468
num_leaves=5
num_cat=0
split_feature=0 11 7 0
split_gain=1.41613 2.60488 2.35168 1.89813
threshold=40.500000000000007 18.500000000000004 11.500000000000002 28.500000000000004
decision_type=2 2 2 2
left_child=1 2 -1 -3
right_child=-2 3 -4 -5
leaf_value=-0.0010785836176243296 0.017413654070451704 -0.012294723739182035 0.00531764524058434 -0.036369429538205232
leaf_weight=63 50.950000762939453 35.350000023841858 38.350000023841858 18.050000071525574
leaf_count=63 37 35 38 17
internal_value=0.00104392 0 0.00177619 -0.00268066
internal_weight=205.7 154.75 101.35 53.4
internal_count=190 153 101 52
is_linear=0
shrinkage=0.0167644


Tree=469
num_leaves=4
num_cat=0
split_feature=0 5 10
split_gain=1.55316 3.55672 1.4257
threshold=64.500000000000014 29.500000000000004 24.500000000000004
decision_type=2 2 2
left_child=1 2 -1
right_child=-2 -3 -4
leaf_value=-0.00023005463940837796 0.095504958188859457 -0.014311142303562016 0.0039432874038425846
leaf_weight=111.70000004768372 25.450000405311584 40.150000333786011 28.400000095367432
leaf_count=111 17 35 27
internal_value=0.000448829 0 0.00114776
internal_weight=205.7 180.25 140.1
internal_count=190 173 138
is_linear=0
shrinkage=0.0167644


Tree=470
num_leaves=4
num_cat=0
split_feature=5 11 5
split_gain=0.810079 2.10073 1.2516
threshold=61.500000000000007 48.500000000000007 11.500000000000002
decision_type=2 2 2
left_child=1 2 -1
right_child=-2 -3 -4
leaf_value=-0.00081495095935526986 0.017777609756428028 -0.032009912264954962 9.331256766572621e-05
leaf_weight=66 32.200000524520874 18.100000143051147 97.400000333786011
leaf_count=66 22 16 92
internal_value=0.000323818 0 0.000502552
internal_weight=213.7 181.5 163.4
internal_count=196 174 158
is_linear=0
shrinkage=0.0167644


Tree=471
num_leaves=6
num_cat=0
split_feature=5 8 10 0 6
split_gain=1.0067 1.78927 1.00876 0.758145 0.364957
threshold=11.500000000000002 48.500000000000007 9.5000000000000018 7.5000000000000009 37.500000000000007
decision_type=2 2 2 2 2
left_child=2 4 3 -1 -2
right_child=1 -3 -4 -5 -6
leaf_value=-0.0044795352463767478 7.5859154049838498e-05 -0.0068417066297112089 -0.042332420360114073 -0.0030759823657749126 0.082228276486719307
leaf_weight=24 77.050000071525574 46.600000619888306 24 18 24.050000309944153
leaf_count=24 76 35 24 18 19
internal_value=0.000478709 0.00135718 -0.000897432 0 0.00269239
internal_weight=213.7 147.7 66 42 101.1
internal_count=196 130 66 42 95
is_linear=0
shrinkage=0.0167644


Tree=472
num_leaves=4
num_cat=0
split_feature=5 8 10
split_gain=0.834858 2.96568 1.62908
threshold=61.500000000000007 34.500000000000007 28.500000000000004
decision_type=2 2 2
left_child=1 2 -1
right_child=-2 -3 -4
leaf_value=-3.7818671884054486e-05 0.017594275803506733 -0.022343648195711555 -0.001844385253412943
leaf_weight=124.05000007152557 32.200000524520874 38.400000333786011 19.050000071525574
leaf_count=123 22 33 18
internal_value=0.000269606 0 0.000928771
internal_weight=213.7 181.5 143.1
internal_count=196 174 141
is_linear=0
shrinkage=0.0167644


Tree=473
num_leaves=4
num_cat=0
split_feature=5 4 5
split_gain=0.752051 2.07441 0.902982
threshold=61.500000000000007 48.500000000000007 11.500000000000002
decision_type=2 2 2
left_child=1 2 -1
right_child=-2 -3 -4
leaf_value=-0.0013601392677102407 0.017299318167683625 -0.03487833312199233 8.7641906092099107e-05
leaf_weight=66 32.200000524520874 20.650000214576721 94.850000262260437
leaf_count=66 22 17 91
internal_value=0.000424497 0 0.000658953
internal_weight=213.7 181.5 160.85
internal_count=196 174 157
is_linear=0
shrinkage=0.0167644


Tree=474
num_leaves=5
num_cat=0
split_feature=8 8 8 5
split_gain=0.682893 1.65494 1.63062 0.462002
threshold=48.500000000000007 11.500000000000002 7.5000000000000009 25.500000000000004
decision_type=2 2 2 2
left_child=1 2 -1 -3
right_child=-2 3 -4 -5
leaf_value=0.00061363414812250368 -0.006744689923018893 0.0032543274262124217 -0.030097977602569617 3.7459910347792247e-05
leaf_weight=39 46.600000619888306 53.050000071525574 27 48.050000309944153
leaf_count=39 35 52 27 43
internal_value=0.000579389 0.00118244 -0.000409861 0.00257941
internal_weight=213.7 167.1 66 101.1
internal_count=196 161 66 95
is_linear=0
shrinkage=0.0167644


Tree=475
num_leaves=4
num_cat=0
split_feature=4 10 10
split_gain=1.16665 2.5651 4.2544
threshold=51.500000000000007 24.500000000000004 18.500000000000004
decision_type=2 2 2
left_child=1 2 -1
right_child=-2 -3 -4
leaf_value=0.00079444380922824435 -0.0042951004470856797 0.024953110543740092 -0.023044795476562737
leaf_weight=96.700000047683716 44.700000643730164 50.800000429153442 21
leaf_count=96 33 44 21
internal_value=0.000898992 0.00163284 0
internal_weight=213.2 168.5 117.7
internal_count=194 161 117
is_linear=0
shrinkage=0.0167644


Tree=476
num_leaves=6
num_cat=0
split_feature=10 10 10 1 11
split_gain=0.875921 2.00808 1.60667 1.47232 0.529016
threshold=18.500000000000004 12.500000000000002 24.500000000000004 32.500000000000007 9.5000000000000018
decision_type=2 2 2 2 2
left_child=1 4 -2 -4 -1
right_child=2 -3 3 -5 -6
leaf_value=-0.00014106836661336431 -0.021224931621823543 0.020590588425124901 -5.9530741942933423e-05 -0.0036509603064730041 -0.017664621824072524
leaf_weight=42 23.350000023841858 25.700000047683716 27.050000071525574 66.100000977516174 29
leaf_count=42 23 25 26 49 29
internal_value=0.000534155 0.00174968 -0.000166037 0.000494845 0
internal_weight=213.2 96.7 116.5 93.15 71
internal_count=194 96 98 75 71
is_linear=0
shrinkage=0.0167644


Tree=477
num_leaves=6
num_cat=0
split_feature=10 10 10 1 11
split_gain=0.859584 2.06172 1.77253 1.47232 0.529016
threshold=16.500000000000004 12.500000000000002 24.500000000000004 32.500000000000007 9.5000000000000018
decision_type=2 2 2 2 2
left_child=1 4 -2 -4 -1
right_child=2 -3 3 -5 -6
leaf_value=-0.00013870343881694386 -0.010072168651593216 0.037331388518259241 -5.8532744236268297e-05 -0.0035897541146121923 -0.017368484878788299
leaf_weight=42 28.350000023841858 20.700000047683716 27.050000071525574 66.100000977516174 29
leaf_count=42 28 20 26 49 29
internal_value=0.000378905 0.00166482 -0.000294263 0.000494845 0
internal_weight=213.2 91.7 121.5 93.15 71
internal_count=194 91 103 75 71
is_linear=0
shrinkage=0.0167644


Tree=478
num_leaves=6
num_cat=0
split_feature=8 4 10 8 11
split_gain=0.650309 3.56948 3.0742 2.24032 0.811228
threshold=19.500000000000004 16.500000000000004 25.500000000000004 48.500000000000007 8.5000000000000018
decision_type=2 2 2 2 2
left_child=1 4 -2 -4 -1
right_child=2 -3 3 -5 -6
leaf_value=0.0010820932487657748 -0.023362526697450616 0.0096849701199266339 0.021018171399373193 -0.0073675004725743537 -0.013391340739728077
leaf_weight=38 26.700000047683716 20.350000023841858 37.100000381469727 48.050000667572021 43
leaf_count=38 26 20 31 36 43
internal_value=0.000433243 0.00145416 -0.00016546 0.00105472 0
internal_weight=213.2 101.35 111.85 85.15 81
internal_count=194 101 93 67 81
is_linear=0
shrinkage=0.0167644


Tree=479
num_leaves=6
num_cat=0
split_feature=5 5 4 4 8
split_gain=1.31817 2.07374 1.83913 2.38795 0.416759
threshold=25.500000000000004 42.500000000000007 16.500000000000004 12.500000000000002 64.500000000000014
decision_type=2 2 2 2 2
left_child=2 -2 3 -1 -3
right_child=1 4 -4 -5 -6
leaf_value=0.00057572299544715122 -0.00822960865149624 -0.0038847422051302375 0.0070401967623397836 -0.030769688700240598 0.013862740061966026
leaf_weight=68 36.150000214576721 28.350000381469727 35.400000095367432 18 27.300000429153442
leaf_count=68 33 22 34 18 19
internal_value=0.000534155 -0.000688048 0.00176616 0 0.000812502
internal_weight=213.2 91.8 121.4 86 55.65
internal_count=194 74 120 86 41
is_linear=0
shrinkage=0.0167644


Tree=480
num_leaves=6
num_cat=0
split_feature=10 5 8 6 0
split_gain=4.18524 2.39472 3.80909 0.828891 0.390503
threshold=29.500000000000004 61.500000000000007 37.500000000000007 4.5000000000000009 12.500000000000002
decision_type=2 2 2 2 2
left_child=3 2 -2 -1 -5
right_child=1 -3 -4 4 -6
leaf_value=-0.013723201044321842 -0.00055204111457964056 -0.00075358293228879969 -0.0231175342236743 0.0011048879011171387 0.0034429555055361947
leaf_weight=20 20.400000095367432 26.300000429153442 23.400000214576721 50 67.450000166893005
leaf_count=20 19 18 20 50 65
internal_value=0.00138148 -0.00156015 -0.0041333 0.00316013 0.00368586
internal_weight=207.55 70.1 43.8 137.45 117.45
internal_count=192 57 39 135 115
is_linear=0
shrinkage=0.0167644


Tree=481
num_leaves=4
num_cat=0
split_feature=8 4 4
split_gain=2.74076 1.27762 0.86594
threshold=48.500000000000007 37.500000000000007 12.500000000000002
decision_type=2 2 2
left_child=1 2 -1
right_child=-2 -3 -4
leaf_value=0.0047201425991183045 -0.012985142896153247 0.091706975207059269 2.2837809871531161e-07
leaf_weight=72 38.100000500679016 22.050000309944153 75.400000095367432
leaf_count=72 29 17 74
internal_value=0.00175611 0.00275789 0.00175063
internal_weight=207.55 169.45 147.4
internal_count=192 163 146
is_linear=0
shrinkage=0.0167644


Tree=482
num_leaves=6
num_cat=0
split_feature=10 5 8 4 0
split_gain=3.14241 1.81177 2.84734 0.708196 0.129757
threshold=29.500000000000004 61.500000000000007 37.500000000000007 4.5000000000000009 12.500000000000002
decision_type=2 2 2 2 2
left_child=3 2 -2 -1 -5
right_child=1 -3 -4 4 -6
leaf_value=-0.013572270090196122 -0.00054279030016774583 -0.00052326131321008343 -0.025177448258055853 0.0010072347073093726 0.003256651887017382
leaf_weight=20 20.400000095367432 26.300000429153442 23.400000214576721 50 67.450000166893005
leaf_count=20 19 18 20 50 65
internal_value=0.00138148 -0.00110001 -0.00341329 0.00292101 0.00340696
internal_weight=207.55 70.1 43.8 137.45 117.45
internal_count=192 57 39 135 115
is_linear=0
shrinkage=0.0167644


Tree=483
num_leaves=7
num_cat=0
split_feature=10 5 0 5 10 0
split_gain=2.78458 1.81177 0.935087 0.798377 1.02268 0.294389
threshold=29.500000000000004 61.500000000000007 34.500000000000007 10.500000000000002 6.5000000000000009 12.500000000000002
decision_type=2 2 2 2 2 2
left_child=3 2 -2 4 -1 -5
right_child=1 -3 -4 5 -6 -7
leaf_value=-0.0020543094016028151 -0.00026277027966250291 -0.00051448914653573572 -0.03012178842338294 -0.0010987299668577409 -0.00065053074444053121 0.005443899931793751
leaf_weight=30 19.350000023841858 26.300000429153442 24.450000286102295 20 32 55.450000166893005
leaf_count=30 19 18 20 20 32 53
internal_value=0.00122206 -0.00110001 -0.00341329 0.00268189 0.000435174 0.0039504
internal_weight=207.55 70.1 43.8 137.45 62 75.45
internal_count=192 57 39 135 62 73
is_linear=0
shrinkage=0.0167644


Tree=484
num_leaves=5
num_cat=0
split_feature=4 8 8 4
split_gain=1.95694 0.919638 2.62602 1.06058
threshold=53.000000000000007 26.500000000000004 19.500000000000004 32.500000000000007
decision_type=2 2 2 2
left_child=1 2 -1 -3
right_child=-2 3 -4 -5
leaf_value=0.00091146272598636524 -0.0099780389338469788 -0.0075244686402791928 -0.011882867586494978 0.088540013694363304
leaf_weight=104.35000002384186 36.550000548362732 19.350000023841858 23.050000071525574 24.250000238418579
leaf_count=104 27 19 22 20
internal_value=0.00111843 0.0019856 0.000821849 0.00429576
internal_weight=207.55 171 127.4 43.6
internal_count=192 165 126 39
is_linear=0
shrinkage=0.0167644


Tree=485
num_leaves=5
num_cat=0
split_feature=6 5 11 5
split_gain=2.55135 2.13833 1.86382 0.117011
threshold=12.500000000000002 61.500000000000007 46.500000000000007 7.5000000000000009
decision_type=2 2 2 2
left_child=3 2 -2 -1
right_child=1 -3 -4 -5
leaf_value=0.0012116171176411337 -0.0023908139265399002 0.015638629165000806 -0.0096831640292025789 0.0055305078827925236
leaf_weight=31 88.100000262260437 31.950000524520874 22.050000190734863 41
leaf_count=31 84 22 19 41
internal_value=0.000454636 -0.000634304 -0.00194955 0.00306763
internal_weight=214.1 142.1 110.15 72
internal_count=197 125 103 72
is_linear=0
shrinkage=0.0167644


Tree=486
num_leaves=5
num_cat=0
split_feature=4 5 4 5
split_gain=2.3007 1.83233 1.72673 0.117011
threshold=12.500000000000002 61.500000000000007 48.500000000000007 7.5000000000000009
decision_type=2 2 2 2
left_child=3 2 -2 -1
right_child=1 -3 -4 -5
leaf_value=0.0011913050727161902 -0.001070834816084317 0.015376456789306544 -0.05549428362176187 0.0054377921866065526
leaf_weight=31 90.850000262260437 31.950000524520874 19.300000190734863 41
leaf_count=31 87 22 16 41
internal_value=0.000609241 -0.000402858 -0.00165262 0.00306763
internal_weight=214.1 142.1 110.15 72
internal_count=197 125 103 72
is_linear=0
shrinkage=0.0167644


Tree=487
num_leaves=5
num_cat=0
split_feature=4 5 4 10
split_gain=1.77357 1.18497 1.18565 0.843634
threshold=12.500000000000002 61.500000000000007 34.500000000000007 7.5000000000000009
decision_type=2 2 2 2
left_child=3 2 -2 -1
right_child=1 -3 -4 -5
leaf_value=0.001124064969895693 -0.00058445902909878302 0.01511867957854998 -0.019823452870955792 0.019794182371931843
leaf_weight=34 73.400000095367432 31.950000524520874 36.750000357627869 38
leaf_count=34 72 22 31 38
internal_value=0.000972563 0 -0.000954823 0.00306763
internal_weight=214.1 142.1 110.15 72
internal_count=197 125 103 72
is_linear=0
shrinkage=0.0167644


Tree=488
num_leaves=5
num_cat=0
split_feature=4 10 5 4
split_gain=1.30874 1.35454 1.18497 1.18565
threshold=12.500000000000002 10.500000000000002 61.500000000000007 34.500000000000007
decision_type=2 2 2 2
left_child=1 -1 3 -2
right_child=2 -3 -4 -5
leaf_value=0.0011827737132911258 -0.00057466091888476608 0.016798955898163204 0.01486522385038821 -0.019491124399015722
leaf_weight=51 73.400000095367432 21 31.950000524520874 36.750000357627869
leaf_count=51 72 21 22 31
internal_value=0.000817958 0.00261919 0 -0.000954823
internal_weight=214.1 72 142.1 110.15
internal_count=197 72 125 103
is_linear=0
shrinkage=0.0167644


Tree=489
num_leaves=6
num_cat=0
split_feature=4 5 4 10 3
split_gain=1.01166 1.7825 1.66871 1.35454 0.788648
threshold=12.500000000000002 42.500000000000007 26.500000000000004 10.500000000000002 61.500000000000007
decision_type=2 2 2 2 2
left_child=3 2 -2 -1 -3
right_child=1 4 -4 -5 -6
leaf_value=0.0011629452109940036 -0.00049617662802483838 -0.0064368120171487408 -0.020413663554912569 0.016517331330527834 0.014616017157719607
leaf_weight=51 53.700000047683716 28.050000309944153 31.100000143051147 21 29.250000476837158
leaf_count=51 53 23 29 21 20
internal_value=0.00102668 0 -0.00133653 0.00261919 0.00239498
internal_weight=214.1 142.1 84.8 72 57.3
internal_count=197 125 82 72 43
is_linear=0
shrinkage=0.0167644


Tree=490
num_leaves=6
num_cat=0
split_feature=10 10 8 8 1
split_gain=1.74186 3.88019 2.93773 1.65673 0.446141
threshold=18.500000000000004 24.500000000000004 34.500000000000007 4.5000000000000009 18.500000000000004
decision_type=2 2 2 2 2
left_child=3 -2 -3 -1 -5
right_child=1 2 -4 4 -6
leaf_value=-0.00070811913763797665 -0.02075850718976489 -0.00041594821496274375 -0.00077333050355001562 0.0047905052678150406 -0.035484051050244866
leaf_weight=20 21 25.100000143051147 57.500000715255737 63 19.700000047683716
leaf_count=20 21 23 45 63 19
internal_value=0.00140176 0 0.00152808 0.00292177 0.00399779
internal_weight=206.3 103.6 82.6 102.7 82.7
internal_count=191 89 68 102 82
is_linear=0
shrinkage=0.0167644


Tree=491
num_leaves=6
num_cat=0
split_feature=10 10 8 8 1
split_gain=1.74186 3.88019 2.93773 1.65673 0.446141
threshold=18.500000000000004 24.500000000000004 34.500000000000007 4.5000000000000009 18.500000000000004
decision_type=2 2 2 2 2
left_child=3 -2 -3 -1 -5
right_child=1 2 -4 4 -6
leaf_value=-0.0006962479387860645 -0.020410503084776904 -0.00040897508895975136 -0.00076036607468780656 0.0047101952781358125 -0.034889181905069691
leaf_weight=20 21 25.100000143051147 57.500000715255737 63 19.700000047683716
leaf_count=20 21 23 45 63 19
internal_value=0.00140176 0 0.00152808 0.00292177 0.00399779
internal_weight=206.3 103.6 82.6 102.7 82.7
internal_count=191 89 68 102 82
is_linear=0
shrinkage=0.0167644


Tree=492
num_leaves=5
num_cat=0
split_feature=8 8 4 10
split_gain=1.94161 1.44513 1.05297 0.162757
threshold=34.500000000000007 4.5000000000000009 61.500000000000007 9.5000000000000018
decision_type=2 2 2 2
left_child=1 -1 -2 -3
right_child=2 3 -4 -5
leaf_value=-0.00068457575356713533 -0.020629805140265665 0.0046312316379712335 0.00066461008696702944 0.0010667449468987681
leaf_weight=20 34.200000286102295 35 26.300000429153442 90.800000190734863
leaf_count=20 30 35 18 88
internal_value=0.00172251 0.00279633 -0.000260007 0.00349212
internal_weight=206.3 145.8 60.5 125.8
internal_count=191 143 48 123
is_linear=0
shrinkage=0.0167644


Tree=493
num_leaves=5
num_cat=0
split_feature=8 8 4 10
split_gain=1.94161 1.44513 1.05297 0.162757
threshold=34.500000000000007 4.5000000000000009 61.500000000000007 9.5000000000000018
decision_type=2 2 2 2
left_child=1 -1 -2 -3
right_child=2 3 -4 -5
leaf_value=-0.00067309924563528905 -0.020283958649076016 0.0045535917765673868 0.00065346829163614344 0.0010488615982985003
leaf_weight=20 34.200000286102295 35 26.300000429153442 90.800000190734863
leaf_count=20 30 35 18 88
internal_value=0.00172251 0.00279633 -0.000260007 0.00349212
internal_weight=206.3 145.8 60.5 125.8
internal_count=191 143 48 123
is_linear=0
shrinkage=0.0167644


Tree=494
num_leaves=4
num_cat=0
split_feature=0 8 11
split_gain=1.63961 1.31507 1.45915
threshold=48.500000000000007 4.5000000000000009 37.500000000000007
decision_type=2 2 2
left_child=1 -1 -3
right_child=-2 2 -4
leaf_value=-0.00066181513457641084 -0.0065718550639794282 0.0036989182837068833 -0.010164677522377343
leaf_weight=20 39.750000596046448 126.45000016689301 20.100000143051147
leaf_count=20 29 124 18
internal_value=0.00188288 0.00265661 0.00323699
internal_weight=206.3 166.55 146.55
internal_count=191 162 142
is_linear=0
shrinkage=0.0167644


Tree=495
num_leaves=6
num_cat=0
split_feature=5 11 8 2 11
split_gain=2.69369 1.24523 0.96049 0.882753 0.605162
threshold=11.500000000000002 8.5000000000000018 48.500000000000007 40.500000000000007 3.5000000000000004
decision_type=2 2 2 2 2
left_child=1 4 3 -2 -1
right_child=2 -3 -4 -5 -6
leaf_value=-0.0045657819660808643 0.00088981744099806944 -0.014916395117109151 -0.0035745590196140003 0.089255963090203547 0.0017267396233295873
leaf_weight=19 82.75000011920929 32 37.250000476837158 21.050000309944153 21
leaf_count=19 81 32 28 16 21
internal_value=0.0022085 0 0.00354729 0.00441755 0.00144302
internal_weight=213.05 72 141.05 103.8 40
internal_count=197 72 125 97 40
is_linear=0
shrinkage=0.0167644


Tree=496
num_leaves=6
num_cat=0
split_feature=5 11 11 9 11
split_gain=1.99425 1.24523 0.632433 4.41194 0.605162
threshold=11.500000000000002 8.5000000000000018 64.500000000000014 46.500000000000007 3.5000000000000004
decision_type=2 2 2 2 2
left_child=1 4 3 -2 -1
right_child=2 -3 -4 -5 -6
leaf_value=-0.0044892393297462172 0.0012649444946398808 -0.014666330568395525 0.098668355216542908 -0.023315401463535973 0.0016977918540285117
leaf_weight=19 99.500000357627869 32 21.900000333786011 19.650000214576721 21
leaf_count=19 94 32 15 16 21
internal_value=0.00184341 0 0.00299943 0.00191564 0.00144302
internal_weight=213.05 72 141.05 119.15 40
internal_count=197 72 125 110 40
is_linear=0
shrinkage=0.0167644


Tree=497
num_leaves=6
num_cat=0
split_feature=10 8 5 8 0
split_gain=1.70271 2.33132 2.82504 1.56682 0.517596
threshold=25.500000000000004 19.500000000000004 11.500000000000002 48.500000000000007 28.500000000000004
decision_type=2 2 2 2 2
left_child=1 2 -1 4 -2
right_child=3 -3 -4 -5 -6
leaf_value=-0.0019660578746510419 0.00035917110237116258 -0.018526936081081986 0.0034326280576753949 -0.0031237647237835663 0.00053326396827792471
leaf_weight=70 23.350000023841858 27.700000047683716 27.350000023841858 37.250000476837158 27.400000333786011
leaf_count=70 23 27 27 28 22
internal_value=0.00199877 0.000358228 0.00184716 0.00381976 0.00574232
internal_weight=213.05 125.05 97.35 88 50.75
internal_count=197 124 97 73 45
is_linear=0
shrinkage=0.0167644


Tree=498
num_leaves=6
num_cat=0
split_feature=10 9 5 9 0
split_gain=1.70271 2.33132 2.82504 1.56682 0.517596
threshold=25.500000000000004 19.500000000000004 11.500000000000002 48.500000000000007 28.500000000000004
decision_type=2 2 2 2 2
left_child=1 2 -1 4 -2
right_child=3 -3 -4 -5 -6
leaf_value=-0.0019330980763010281 0.00035314981110606738 -0.018216342946897179 0.0033750820769337382 -0.0030713966542997417 0.00052432411300283913
leaf_weight=70 23.350000023841858 27.700000047683716 27.350000023841858 37.250000476837158 27.400000333786011
leaf_count=70 23 27 27 28 22
internal_value=0.00199877 0.000358228 0.00184716 0.00381976 0.00574232
internal_weight=213.05 125.05 97.35 88 50.75
internal_count=197 124 97 73 45
is_linear=0
shrinkage=0.0167644


Tree=499
num_leaves=6
num_cat=0
split_feature=10 9 7 9 0
split_gain=1.70271 2.33132 2.82504 1.56682 0.517596
threshold=25.500000000000004 19.500000000000004 11.500000000000002 48.500000000000007 28.500000000000004
decision_type=2 2 2 2 2
left_child=1 2 -1 4 -2
right_child=3 -3 -4 -5 -6
leaf_value=-0.0019006908294914779 0.00034722946323053803 -0.017910956723049896 0.0033185008205501541 -0.003019906504551926 0.0005155341291181232
leaf_weight=70 23.350000023841858 27.700000047683716 27.350000023841858 37.250000476837158 27.400000333786011
leaf_count=70 23 27 27 28 22
internal_value=0.00199877 0.000358228 0.00184716 0.00381976 0.00574232
internal_weight=213.05 125.05 97.35 88 50.75
internal_count=197 124 97 73 45
is_linear=0
shrinkage=0.0167644


end of trees

feature_importances:
casos_lag_1=349
casos_lag_8=314
casos_dengue_lag_4=275
casos_lag_3=246
casos_dengue_lag_5=230
casos_dengue_lag_2=196
casos_dengue_lag_6=159
casos_dengue_lag_1=69
casos_lag_5=47
casos_dengue_lag_3=41
casos_lag_4=37
casos_lag_2=36

parameters:
[boosting: gbdt]
[objective: regression_l1]
[metric: l1]
[tree_learner: serial]
[device_type: cpu]
[data_sample_strategy: bagging]
[data: ]
[valid: ]
[num_iterations: 500]
[learning_rate: 0.0167644]
[num_leaves: 8]
[num_threads: -1]
[seed: 42]
[deterministic: 0]
[force_col_wise: 0]
[force_row_wise: 0]
[histogram_pool_size: -1]
[max_depth: 3]
[min_data_in_leaf: 18]
[min_sum_hessian_in_leaf: 0.001]
[bagging_fraction: 0.818286]
[pos_bagging_fraction: 1]
[neg_bagging_fraction: 1]
[bagging_freq: 5]
[bagging_seed: 400]
[bagging_by_query: 0]
[feature_fraction: 0.835454]
[feature_fraction_bynode: 1]
[feature_fraction_seed: 30056]
[extra_trees: 0]
[extra_seed: 12879]
[early_stopping_round: 0]
[early_stopping_min_delta: 0]
[first_metric_only: 0]
[max_delta_step: 0]
[lambda_l1: 2.31876]
[lambda_l2: 2.76715]
[linear_lambda: 0]
[min_gain_to_split: 0.111545]
[drop_rate: 0.1]
[max_drop: 50]
[skip_drop: 0.5]
[xgboost_dart_mode: 0]
[uniform_drop: 0]
[drop_seed: 17869]
[top_rate: 0.2]
[other_rate: 0.1]
[min_data_per_group: 100]
[max_cat_threshold: 32]
[cat_l2: 10]
[cat_smooth: 10]
[max_cat_to_onehot: 4]
[top_k: 20]
[monotone_constraints: ]
[monotone_constraints_method: basic]
[monotone_penalty: 0]
[feature_contri: ]
[forcedsplits_filename: ]
[refit_decay_rate: 0.9]
[cegb_tradeoff: 1]
[cegb_penalty_split: 0]
[cegb_penalty_feature_lazy: ]
[cegb_penalty_feature_coupled: ]
[path_smooth: 0]
[interaction_constraints: ]
[verbosity: -1]
[saved_feature_importance_type: 0]
[use_quantized_grad: 0]
[num_grad_quant_bins: 4]
[quant_train_renew_leaf: 0]
[stochastic_rounding: 1]
[linear_tree: 0]
[max_bin: 255]
[max_bin_by_feature: ]
[min_data_in_bin: 3]
[bin_construct_sample_cnt: 200000]
[data_random_seed: 175]
[is_enable_sparse: 1]
[enable_bundle: 1]
[use_missing: 1]
[zero_as_missing: 0]
[feature_pre_filter: 1]
[pre_partition: 0]
[two_round: 0]
[header: 0]
[label_column: ]
[weight_column: ]
[group_column: ]
[ignore_column: ]
[categorical_feature: ]
[forcedbins_filename: ]
[precise_float_parser: 0]
[parser_config_file: ]
[objective_seed: 16083]
[num_class: 1]
[is_unbalance: 0]
[scale_pos_weight: 1]
[sigmoid: 1]
[boost_from_average: 1]
[reg_sqrt: 0]
[alpha: 0.9]
[fair_c: 1]
[poisson_max_delta_step: 0.7]
[tweedie_variance_power: 1.5]
[lambdarank_truncation_level: 30]
[lambdarank_norm: 1]
[label_gain: ]
[lambdarank_position_bias_regularization: 0]
[eval_at: ]
[multi_error_top_k: 1]
[auc_mu_weights: ]
[num_machines: 1]
[local_listen_port: 12400]
[time_out: 120]
[machine_list_filename: ]
[machines: ]
[gpu_platform_id: -1]
[gpu_device_id: -1]
[gpu_use_dp: 0]
[num_gpu: 1]

end of parameters

pandas_categorical:[]
