tree
version=v4
num_class=1
num_tree_per_iteration=1
label_index=0
max_feature_idx=14
objective=regression
feature_names=Column_0 Column_1 Column_2 Column_3 Column_4 Column_5 Column_6 Column_7 Column_8 Column_9 Column_10 Column_11 Column_12 Column_13 Column_14
feature_infos=[0:79] [-12.280119047619047:17.256190476190476] [0.19285714285714289:0.53142857142857147] [0.18857142857142861:0.53142857142857147] [15.074285714285709:21.034285714285719] [15.074285714285709:21.148571428571429] [15.222857142857141:21.148571428571429] [14.967142857142861:21.148571428571429] [-0.89692804572128126:2.0079801309676397] [15.074285714285709:21.13428571428571] [0.18857142857142861:0.53142857142857147] [15.254285714285709:20.92285714285714] [-1.056707518441337:2.1598511082785472] [-1.1009645658534963:1.2531399449927134] [14.967142857142861:21.148571428571429]
tree_sizes=904 933 1031 952 850 929 1012 940 967 954 823 850 941 836 936 1034 823 842 957 830 844 837 844 839 941 966 738 844 1060 826 747 854 850 1041 934 835 920 845 761 942 855 904 870 889 913 866 860 830 852 899 835 991 985 918 754 914 934 832 929 744 816 753 1030 926 729 837 836 751 731 738 898 716 829 863 837 834 918 754 720 750 711 839 846 769 958 924 832 802 713 857 922 857 827 825 902 892 831 829 804 932 813 755 732 732 812 736 832 737 854 749 843 765 688 716 742 936 822 635 827 721 736 724 708 720 797 845 796 744 918 835 755 824 949 615 891 657 751 815 801 760 713 630 835 698 650 539 688 654 657 838 782 817 858 680 695 898 696 818 788 611 678 693 758 730 640 758 702 527 587 729 607 773 583 732 595 902 429 672 775 715 715 601 626 636 615 663 704 481 797 730 814 713 734 657 477 640 520 627 620 604 562 621 515 714 552 689 744 588 478 588 744 652 560 725 606 768 534 729 600 552 647 624 553 361 608 463 532 615 462 733 362 598 622 350 434 602 463 693 630 702 363 647 626 615 649 535 453 361 360 478 458 361 457 523 351 612 619 659 456 520 634 361 529 468 364 605 362 445 362 371 448 444 359 551 724 364 480

Tree=0
num_leaves=8
num_cat=0
split_feature=3 1 0 3 12 2 10
split_gain=84.1236 22.2186 13.4452 3.8512 3.00715 2.88953 1.03736
threshold=0.24785714285714289 4.2558928571428583 13.000000000000002 0.41428571428571442 0.34163089415856773 0.24285714285714288 0.38785714285714284
decision_type=2 2 2 2 2 2 2
left_child=2 4 -1 6 -2 -4 -3
right_child=1 3 5 -5 -6 -7 -8
leaf_value=2.5480788669956991 2.5988530988717948 2.5735436351529826 2.5662074268537265 2.5858352565208369 2.5888759643791879 2.5798057028123131 2.5813460480570916
leaf_weight=14.999999999999998 26.714676380157471 21 15.000000000000002 10.03241968154907 43.068392515182495 12.40443170070648 10.999999999999998
leaf_count=15 19 21 15 9 41 12 11
internal_value=2.58027 2.58783 2.5607 2.57866 2.59355 2.57088 2.57558
internal_weight=154.22 111.815 42.4044 42.0324 69.7831 27.4044 32
internal_count=143 101 42 41 60 27 32
is_linear=0
shrinkage=1


Tree=1
num_leaves=8
num_cat=0
split_feature=3 8 0 5 10 10 10
split_gain=74.0552 24.0254 14.441 4.08016 2.73016 2.71028 0.858022
threshold=0.26428571428571429 -0.18313238184366909 19.500000000000004 17.354285714285719 0.44071428571428578 0.41928571428571432 0.26571428571428574
decision_type=2 2 2 2 2 2 2
left_child=2 4 -1 -3 -2 -5 -4
right_child=1 3 6 5 -6 -7 -8
leaf_value=-0.030260296081407373 -0.0052595985633686823 0.0024890768811874956 -0.010428214922983152 0.016909000330930308 0.0026591035955091497 0.0038996015393465426 -0.00091158493791633119
leaf_weight=14.999999999999998 30 15.40886330604553 22 47.820971012115479 13.417403936386107 12.642448544502257 9.9999999999999982
leaf_count=15 30 15 22 37 13 12 10
internal_value=0 0.00719542 -0.0171999 0.0128067 -0.00231527 0.014847 -0.00842072
internal_weight=166.29 119.29 47 75.8723 43.4174 60.4634 32
internal_count=154 107 47 64 43 49 32
is_linear=0
shrinkage=0.0168771


Tree=2
num_leaves=9
num_cat=0
split_feature=3 8 0 13 3 3 14 11
split_gain=64.5956 26.7664 8.37609 5.82363 3.41237 1.39286 0.588691 0.518915
threshold=0.24785714285714289 -0.18313238184366909 16.500000000000004 0.40498826402621591 0.27428571428571435 0.4121428571428572 19.117142857142863 16.556428571428572
decision_type=2 2 2 2 2 2 2 2
left_child=2 5 -1 4 -3 6 -2 -4
right_child=1 3 7 -5 -6 -7 -8 -9
leaf_value=-0.029589747704333962 -0.0062425324594243548 0.0039478060158672119 -0.012145281758615159 0.0046499619980540077 0.018209428300542983 0 0 -0.0023604115765589427
leaf_weight=11.999999999999998 25 12.487977981567381 14.000000000000002 32.416803479194641 39.597874879837036 14.208701968193052 9.9999999999999982 11.204431653022764
leaf_count=12 25 12 14 32 28 14 10 11
internal_value=0.000627835 0.00626876 -0.0180692 0.0119434 0.0155881 -0.00316882 -0.00492631 -0.00928831
internal_weight=170.916 133.711 37.2044 84.5027 52.0859 49.2087 35 25.2044
internal_count=158 121 37 72 40 49 35 25
is_linear=0
shrinkage=0.0168771


Tree=3
num_leaves=8
num_cat=0
split_feature=3 12 8 12 12 10 5
split_gain=59.7542 20.6399 18.349 5.00302 2.69007 1.98556 0.216853
threshold=0.26428571428571429 0.51691918287958427 -0.18313238184366909 0.24833677921976369 -0.57381222077778393 0.41571428571428576 18.742142857142859
decision_type=2 2 2 2 2 2 2
left_child=1 4 5 -4 -1 -2 -5
right_child=2 -3 3 6 -6 -7 -8
leaf_value=-0.0076692556101678848 -0.0049778721693896633 0.003751202074048355 0.018548701967796337 0.0016817792976600683 -0.023580281885395425 0.0019288286632533785 0.0081989267387743391
leaf_weight=12.999999999999998 24 10.604431748390196 24.68193507194519 14.204431653022764 29 13.208701968193052 24.709876298904419
leaf_count=13 24 10 17 14 29 13 23
internal_value=-0.000590813 -0.0148399 0.00683692 0.0122085 -0.0199719 -0.00200532 0.00663895
internal_weight=153.409 52.6044 100.805 63.5962 42 37.2087 38.9143
internal_count=143 52 91 54 42 37 37
is_linear=0
shrinkage=0.0168771


Tree=4
num_leaves=7
num_cat=0
split_feature=3 12 12 0 13 12
split_gain=54.5685 18.1538 14.1588 9.61905 9.01614 1.28361
threshold=0.26428571428571429 0.51691918287958427 -0.63660106914384018 19.500000000000004 0.32802145829895052 0.57716973551682071
decision_type=2 2 2 2 2 2
left_child=1 3 -2 -1 -4 -6
right_child=2 -3 4 -5 5 -7
leaf_value=-0.030379770140550346 -0.0036863205263162175 0.0029117515671758642 0.015070861851647063 -0.010013858682497098 -0.00075514861195218335 0.0046416715601416934
leaf_weight=14.999999999999998 26 10.40443170070648 41.052122592926025 26 10.999999999999998 24.216803431510925
leaf_count=15 26 10 32 26 11 24
internal_value=-0.000789037 -0.0146359 0.00617053 -0.0194971 0.00982584 0.00243918
internal_weight=153.673 51.4044 102.269 41 76.2689 35.2168
internal_count=144 51 93 41 67 35
is_linear=0
shrinkage=0.0168771


Tree=5
num_leaves=8
num_cat=0
split_feature=3 12 8 13 9 4 8
split_gain=59.1343 20.8524 13.3245 8.02662 0.990422 0.228911 0.206467
threshold=0.26928571428571441 0.51691918287958427 -0.18313238184366909 0.40498826402621591 17.002857142857149 18.875714285714285 -0.72878154296250564
decision_type=2 2 2 2 2 2 2
left_child=1 4 6 -4 -1 -5 -2
right_child=2 -3 3 5 -6 -7 -8
leaf_value=-0.021401552797721202 0 0.0041565173666500733 0.017695601266329488 0 -0.0083545776716717028 0.0054980467814362494 -0.0023650631024315877
leaf_weight=29 16.208701968193058 12.604431748390196 36.457064390182495 10.000000000000002 14.999999999999998 21.416803479194641 10.999999999999998
leaf_count=29 16 12 26 10 15 21 11
internal_value=0.000219022 -0.0129066 0.00841317 0.0123018 -0.018227 0.00441865 -0.000794664
internal_weight=151.687 56.6044 95.0826 67.8739 44 31.4168 27.2087
internal_count=140 56 84 57 44 31 27
is_linear=0
shrinkage=0.0168771


Tree=6
num_leaves=9
num_cat=0
split_feature=11 2 1 1 13 7 10 0
split_gain=49.2345 18.3754 17.6939 5.42972 4.6796 2.2923 1.39459 0.437215
threshold=18.040714285714287 0.24285714285714288 7.7863095238095257 1.2562500000000003 0.40498826402621591 17.860714285714291 0.43642857142857155 21.500000000000004
decision_type=2 2 2 2 2 2 2 2
left_child=1 7 4 -3 -2 -5 -4 -1
right_child=2 3 6 5 -6 -7 -8 -9
leaf_value=-0.025948151303006421 0.016225758716371188 0.0054585799490056543 -0.004587225844955134 -0.0093498819430862298 0.004327741415646731 0 0.0013827963331344692 -0.0092666188766232557
leaf_weight=15.000000000000002 40.717591047286987 10.868264794349669 21 22 23.200000047683716 10.208701968193052 10.999999999999998 10.999999999999998
leaf_count=15 30 10 21 22 23 10 11 11
internal_value=0 -0.0107294 0.00761838 -0.00290906 0.0126197 -0.00658951 -0.00194883 -0.0213114
internal_weight=164.995 69.077 95.9176 43.077 63.9176 32.2087 32 26
internal_count=153 68 85 42 53 32 32 26
is_linear=0
shrinkage=0.0168771


Tree=7
num_leaves=8
num_cat=0
split_feature=3 1 10 12 4 1 1
split_gain=53.4179 18.9298 5.25308 3.1706 1.2276 0.8296 0.706649
threshold=0.24000000000000002 4.2558928571428583 0.41571428571428576 0.42763007964406702 18.746428571428574 7.7863095238095257 -3.3684523809523808
decision_type=2 2 2 2 2 2 2
left_child=5 3 4 -2 -3 -1 -5
right_child=1 2 -4 6 -6 -7 -8
leaf_value=-0.022165908766705766 0.015039049902931761 -0.010392392403228944 0.0031464567462793709 0.0068055827759442361 -0.0014715817849161187 -0.0073475633529199559 0
leaf_weight=22.200000047683716 25.604110836982727 17 17.417403936386108 38.642552018165588 15.999999999999998 10.999999999999998 10.204431653022764
leaf_count=22 19 17 17 37 16 11 10
internal_value=-0.00063469 0.00435703 -0.00320299 0.00969415 -0.00716181 -0.0188662 0.00577031
internal_weight=158.068 124.868 50.4174 74.4511 33 33.2 48.847
internal_count=149 116 50 66 33 33 47
is_linear=0
shrinkage=0.0168771


Tree=8
num_leaves=8
num_cat=0
split_feature=3 8 1 12 12 10 11
split_gain=65.1599 17.5754 16.7436 5.49273 2.39602 1.83798 0.263799
threshold=0.26428571428571429 -0.18313238184366909 1.5325595238095244 0.34163089415856773 -0.50501184591225212 0.41571428571428576 18.040714285714287
decision_type=2 2 2 2 2 2 2
left_child=2 5 -1 -3 -4 -2 -5
right_child=1 3 4 6 -6 -7 -8
leaf_value=0.001328807608546332 -0.0042738225648161089 0.017245811614178298 -0.0065144211323627261 0.0004618825621719637 -0.023618078999630619 0.0020881369153088305 0.0071836749772007016
leaf_weight=10.40443170070648 24 34.228251695632935 9.9999999999999947 10.220653653144835 28.000000000000004 17.417403936386108 30.912153363227844
leaf_count=10 24 24 10 10 28 17 29
internal_value=0.00025518 0.00720085 -0.0155221 0.0119381 -0.0204498 -0.00113133 0.00616349
internal_weight=165.183 116.778 48.4044 75.3611 38 41.4174 41.1328
internal_count=152 104 48 63 38 41 39
is_linear=0
shrinkage=0.0168771


Tree=9
num_leaves=8
num_cat=0
split_feature=3 8 0 12 10 11 1
split_gain=61.454 25.2843 6.76136 6.46148 2.34643 0.280403 0.180186
threshold=0.24785714285714289 -0.15346362755822371 13.000000000000002 0.34163089415856773 0.41571428571428576 18.040714285714287 14.747857142857148
decision_type=2 2 2 2 2 2 2
left_child=2 4 -1 -3 6 -5 -2
right_child=1 3 -4 5 -6 -7 -8
leaf_value=-0.028735395543696005 -0.0063921005198358345 0.017285367431643925 -0.0093811276621867789 0.00049493765208326399 0.0018221793919795863 0.0068498121142249492 -0.0003989109864424698
leaf_weight=12.999999999999998 28 33.530204653739929 22.200000047683716 11.220653653144835 11.208701968193052 33.65737521648407 10.999999999999998
leaf_count=13 28 23 22 11 11 32 11
internal_value=0 0.00556874 -0.018768 0.0114643 -0.00333987 0.00585709 -0.00538186
internal_weight=163.817 128.617 35.2 78.4082 50.2087 44.878 39
internal_count=151 116 35 66 50 43 39
is_linear=0
shrinkage=0.0168771


Tree=10
num_leaves=7
num_cat=0
split_feature=3 8 10 0 13 10
split_gain=52.3907 15.7301 13.3992 5.77033 5.30912 1.48876
threshold=0.26428571428571429 -0.18313238184366909 0.26571428571428574 19.500000000000004 0.4540609717369079 0.44071428571428578
decision_type=2 2 2 2 2 2
left_child=2 5 3 -1 -3 -2
right_child=1 4 -4 -5 -6 -7
leaf_value=-0.027214454352268724 -0.0044160629939977731 0.014936699952056235 0 -0.009450700744651 0.0031522059205020591 0.0016005084862693467
leaf_weight=15.999999999999998 25 40.764419436454773 11.604431748390196 22 24.416803479194641 11.208701968193052
leaf_count=16 25 31 11 22 24 11
internal_value=-0.000451394 0.00633075 -0.0143227 -0.018884 0.0111753 -0.00200009
internal_weight=150.994 101.39 49.6044 38 65.1812 36.2087
internal_count=140 91 49 38 55 36
is_linear=0
shrinkage=0.0168771


Tree=11
num_leaves=7
num_cat=0
split_feature=3 12 13 0 10 0
split_gain=42.6049 12.3935 9.45222 8.88423 3.34659 1.28959
threshold=0.24785714285714289 -0.31238160069499693 0.40498826402621591 16.500000000000004 0.41571428571428576 46.500000000000007
decision_type=2 2 2 2 2 2
left_child=3 4 -3 -1 -2 -4
right_child=1 2 5 -5 -6 -7
leaf_value=-0.026599175867579469 -0.0050746918379690059 0.014312133617860672 -0.0021000008640517792 -0.0065581007248412199 0.0031437603306492812 0.0038224657697180997
leaf_weight=11.999999999999998 29 41.281463146209717 9.9999999999999982 23.204431653022766 19.630226492881775 23
leaf_count=12 29 32 10 23 19 23
internal_value=3.41314e-06 0.00487495 0.00912583 -0.0154891 -0.0013321 0.00137879
internal_weight=158.116 122.912 74.2815 35.2044 48.6302 33
internal_count=148 113 65 35 48 33
is_linear=0
shrinkage=0.0168771


Tree=12
num_leaves=8
num_cat=0
split_feature=3 12 1 13 1 3 14
split_gain=42.4495 14.4055 12.5755 5.54701 1.88313 0.450343 0.151364
threshold=0.26642857142857151 0.51691918287958427 8.256904761904762 0.40498826402621591 6.8914880952380972 0.41428571428571442 19.266428571428573
decision_type=2 2 2 2 2 2 2
left_child=1 4 3 -2 -1 6 -4
right_child=2 -3 5 -5 -6 -7 -8
leaf_value=-0.022956120245542715 0.015575478976879531 0.003886627551357429 -0.0028100591226151582 0.0037749467543606238 -0.0093603332221442962 0.0016315114026695828 0
leaf_weight=12.999999999999998 41.145140171051025 10.604431748390196 14.000000000000002 26.416803479194641 25 11.417403936386107 9.9999999999999982
leaf_count=13 30 10 14 26 25 11 10
internal_value=0.00127466 -0.0111432 0.00749276 0.0116265 -0.0158635 -9.23298e-05 -0.00183321
internal_weight=151.584 48.6044 102.979 67.5619 38 35.4174 24
internal_count=139 48 91 56 38 35 24
is_linear=0
shrinkage=0.0168771


Tree=13
num_leaves=7
num_cat=0
split_feature=3 13 8 13 2 10
split_gain=47.733 14.6307 14.5856 5.55555 1.80323 1.72952
threshold=0.26428571428571429 -0.07759233688262844 -0.15346362755822371 0.40498826402621591 0.24285714285714288 0.41571428571428576
decision_type=2 2 2 2 2 2
left_child=1 4 5 -4 -1 -2
right_child=2 -3 3 -5 -6 -7
leaf_value=-0.0079611832862448943 -0.0044204689766257294 -0.023625963576950071 0.014570012407673087 0.0032632272404428159 0 0.0017512758420053522
leaf_weight=11.000000000000002 27 22 38.359428644180298 29.416803479194641 14.40443170070648 14.208701968193052
leaf_count=11 27 22 29 29 14 14
internal_value=-0.000400001 -0.0141731 0.00560358 0.0103166 -0.00360627 -0.00180927
internal_weight=156.389 47.4044 108.985 67.7762 25.4044 41.2087
internal_count=146 47 99 58 25 41
is_linear=0
shrinkage=0.0168771


Tree=14
num_leaves=8
num_cat=0
split_feature=9 8 13 13 1 12 7
split_gain=32.8517 17.8586 8.20288 5.80566 1.34555 0.782889 0.538503
threshold=17.002857142857149 -0.15346362755822371 0.14727331454656564 -0.20136297843738829 10.935119047619049 1.2014603189059672 19.067142857142866
decision_type=2 2 2 2 2 2 2
left_child=3 4 -3 -1 -2 -4 -6
right_child=1 2 5 -5 6 -7 -8
leaf_value=-0.00054513737871697576 -0.0066132591255311408 0.014625861160838614 0 -0.018297290080030646 0.0013233437593589276 0.0039795331749305175 -0.002148284715438124
leaf_weight=10.200000047683714 14.999999999999998 40.128003835678101 11.000000000000002 23 15.417403936386107 20.438212275505066 24
leaf_count=10 15 30 11 23 15 20 24
internal_value=0.000138 0.00425548 0.00970689 -0.0139482 -0.00265184 0.00206745 -0.000263217
internal_weight=159.184 125.984 71.5662 33.2 54.4174 31.4382 39.4174
internal_count=148 115 61 33 54 31 39
is_linear=0
shrinkage=0.0168771


Tree=15
num_leaves=9
num_cat=0
split_feature=3 12 13 3 0 0 2 0
split_gain=51.3574 13.7906 7.31284 3.9857 2.95732 1.98528 1.59416 0.971281
threshold=0.24000000000000002 -0.31238160069499693 0.4540609717369079 0.39000000000000001 19.500000000000004 72.500000000000014 0.27428571428571435 48.500000000000007
decision_type=2 2 2 2 2 2 2 2
left_child=4 3 6 -2 -1 -5 -3 -4
right_child=1 2 7 5 -6 -7 -8 -9
leaf_value=-0.025482193988135764 -0.0073570153396380258 0.0042772006906508621 -0.0012997992018936987 0.0066662961978640909 -0.0089747270028361983 -0.00098152839961940133 0.015180465448174659 0.0037703106406989898
leaf_weight=13.000000000000002 19 14.64264392852783 10.000000000000002 11.458064794540407 18 17 37.87272834777832 19.416803479194641
leaf_count=13 19 14 10 10 18 17 27 19
internal_value=0.000236589 0.00511484 0.00924132 -0.00168664 -0.0181533 0.0017164 0.0129296 0.00139158
internal_weight=160.39 129.39 81.9322 47.4581 31 28.4581 52.5154 29.4168
internal_count=147 116 70 46 31 27 41 29
is_linear=0
shrinkage=0.0168771


Tree=16
num_leaves=7
num_cat=0
split_feature=3 8 13 13 3 14
split_gain=50.6644 18.9167 10.4192 3.95619 2.06461 0.234176
threshold=0.24785714285714289 -0.15346362755822371 -0.070191896784088423 0.40498826402621591 0.43714285714285722 19.028571428571436
decision_type=2 2 2 2 2 2
left_child=2 4 -1 -3 5 -2
right_child=1 3 -4 -5 -6 -7
leaf_value=-0.0047852483148488846 -0.0056888138515647519 0.013578944217518303 -0.02461264385526192 0.0033632915973494833 0.0023738547515001723 0
leaf_weight=19.404431700706482 25 48.527659773826599 19 25.216803431510925 10.417403936386107 10.999999999999998
leaf_count=19 25 37 19 25 10 11
internal_value=0 0.00541754 -0.0161814 0.0106389 -0.00256174 -0.00463688
internal_weight=158.566 120.162 38.4044 73.7445 46.4174 36
internal_count=146 108 38 62 46 36
is_linear=0
shrinkage=0.0168771


Tree=17
num_leaves=7
num_cat=0
split_feature=3 1 12 0 10 1
split_gain=44.2017 15.1349 5.15214 4.67623 1.83952 1.19301
threshold=0.24785714285714289 7.7863095238095257 0.34163089415856773 19.500000000000004 0.43642857142857155 -2.8017857142857134
decision_type=2 2 2 2 2 2
left_child=3 2 -2 -1 -3 -4
right_child=1 4 5 -5 -6 -7
leaf_value=-0.02485586305946209 0.014840649486923752 -0.0049542206890170583 0.0059915213541207879 -0.0068333004301085829 0.0013164160912498093 0
leaf_weight=13.000000000000002 31.752110600471497 29 36.889819264411926 15.999999999999998 13.417403936386107 10.204431653022764
leaf_count=13 22 29 35 16 13 10
internal_value=0.000417816 0.00510282 0.00942103 -0.017147 -0.00251906 0.00466671
internal_weight=150.264 121.264 78.8464 29 42.4174 47.0943
internal_count=138 109 67 29 42 45
is_linear=0
shrinkage=0.0168771


Tree=18
num_leaves=8
num_cat=0
split_feature=5 1 1 0 13 4 13
split_gain=36.6095 20.4812 8.41276 8.10994 1.56054 0.338189 0.253837
threshold=18.221428571428572 1.2562500000000003 8.5236904761904775 19.500000000000004 0.40498826402621591 17.496428571428574 0.024374198700700542
decision_type=2 2 2 2 2 2 2
left_child=1 -1 4 -3 -2 -5 -4
right_child=2 3 6 5 -6 -7 -8
leaf_value=0.0052340202997604368 0.013433093072770647 -0.025264419922095015 -0.0019536684523018917 -0.0094748993090439416 0.0033584923002264334 -0.0012368351293270791 0.0009702710189208165
leaf_weight=16.069608092308044 36.890616774559021 14.999999999999998 12.000000000000002 21.000000000000004 15.200000047683714 9.9999999999999982 13.417403936386107
leaf_count=15 28 15 12 21 15 10 13
internal_value=0 -0.0095134 0.00751869 -0.0151285 0.0112346 -0.00781316 0
internal_weight=139.578 62.0696 77.508 46 52.0906 31 25.4174
internal_count=129 61 68 46 43 31 25
is_linear=0
shrinkage=0.0168771


Tree=19
num_leaves=7
num_cat=0
split_feature=2 8 13 10 10 1
split_gain=49.7641 17.2698 4.37622 3.16486 0.809898 0.5472
threshold=0.24285714285714288 -0.18313238184366909 0.40498826402621591 0.41571428571428576 0.29928571428571432 14.747857142857148
decision_type=2 2 2 2 2 2
left_child=-1 3 4 5 -3 -2
right_child=1 2 -4 -5 -6 -7
leaf_value=-0.020262288045152836 -0.0069565062062542692 0.0052363555737246718 0.0023110220289714561 0.0021113442583030897 0.014445900921938166 0
leaf_weight=26 27 18.381327986717224 28.216803431510925 16.417403936386108 32.896057963371277 9.9999999999999982
leaf_count=26 27 17 28 16 23 10
internal_value=-2.53411e-05 0.0041182 0.00904774 -0.00290842 0.0120174 -0.00568894
internal_weight=158.912 132.912 79.4942 53.4174 51.2774 37
internal_count=147 121 68 53 40 37
is_linear=0
shrinkage=0.0168771


Tree=20
num_leaves=7
num_cat=0
split_feature=3 1 0 1 13 10
split_gain=34.6676 12.2808 10.946 4.29518 2.81869 1.00078
threshold=0.26428571428571429 4.2558928571428583 13.000000000000002 2.6783928571428577 0.40498826402621591 0.44071428571428578
decision_type=2 2 2 2 2 2
left_child=2 4 -1 -4 -2 -3
right_child=1 5 3 -5 -6 -7
leaf_value=-0.024477556378865728 0.0124153262148114 -0.0039045288888192426 0.0017804688545092573 -0.0088572109774871857 0.0035716773939951396 0.00066472255363627763
leaf_weight=11.999999999999998 39.455640435218811 27 10.604431748390196 28 29.416803479194641 10.999999999999998
leaf_count=12 30 27 10 28 29 11
internal_value=-0.000224582 0.00506785 -0.0114879 -0.00547529 0.0092487 -0.0020808
internal_weight=157.477 106.872 50.6044 38.6044 68.8724 38
internal_count=147 97 50 38 59 38
is_linear=0
shrinkage=0.0168771


Tree=21
num_leaves=7
num_cat=0
split_feature=5 1 0 3 13 10
split_gain=36.5978 16.8442 4.2408 3.44948 2.32313 1.07696
threshold=16.609285714285718 4.2558928571428583 37.500000000000007 0.41428571428571442 0.40498826402621591 0.39214285714285718
decision_type=2 2 2 2 2 2
left_child=2 4 -1 5 -2 -3
right_child=1 3 -4 -5 -6 -7
leaf_value=-0.020211087965628354 0.012246234881913244 -0.005914658616884675 -0.0026305306748446375 0.0046236669975556902 0.0037751355545832836 0
leaf_weight=18.000000000000004 49.976742267608643 32 9.9999999999999982 11.241121649742125 26.416803479194641 9.9999999999999982
leaf_count=18 39 32 10 10 26 10
internal_value=0.000885187 0.00485581 -0.0154975 -0.00204462 0.00984601 -0.00451271
internal_weight=157.635 129.635 28 53.2411 76.3935 42
internal_count=145 117 28 52 65 42
is_linear=0
shrinkage=0.0168771


Tree=22
num_leaves=7
num_cat=0
split_feature=3 1 1 13 0 10
split_gain=38.0618 10.9544 9.33282 6.27764 5.4337 1.30272
threshold=0.26928571428571441 2.0455952380952387 7.7863095238095257 0.40498826402621591 19.500000000000004 0.44071428571428578
decision_type=2 2 2 2 2 2
left_child=1 -1 3 -2 -3 -4
right_child=2 4 5 -5 -6 -7
leaf_value=0.0023387238169436234 0.014387659286000738 -0.02396630823328107 -0.003507942605847721 0.0029400718567684689 -0.0080141184715189513 0.0025443168827272464
leaf_weight=10.604431748390196 37.256752848625183 12.999999999999998 20 32.416803479194641 30 12.417403936386107
leaf_count=10 26 13 20 32 30 12
internal_value=0.000169566 -0.0108562 0.00631295 0.00970224 -0.0145404 -0.000536495
internal_weight=155.695 53.6044 102.091 69.6736 43 32.4174
internal_count=143 53 90 58 43 32
is_linear=0
shrinkage=0.0168771


Tree=23
num_leaves=7
num_cat=0
split_feature=2 8 8 10 12 10
split_gain=37.7074 11.0545 8.94156 5.09796 2.72088 1.31333
threshold=0.26785714285714296 -0.18313238184366909 -0.0050096229395075438 0.27857142857142864 0.34163089415856773 0.39214285714285718
decision_type=2 2 2 2 2 2
left_child=2 5 3 -1 -3 -2
right_child=1 4 -4 -5 -6 -7
leaf_value=-0.018573749445574089 -0.0037166145779990384 0.014668270956469944 0.00054164914670953997 -0.0019412286069823619 0.00534469697330699 0.001794638931681404
leaf_weight=29 21 27.003327012062073 10.200000047683714 10.999999999999998 36.922589778900146 17.417403936386108
leaf_count=29 21 18 10 11 35 17
internal_value=0 0.00590729 -0.0115351 -0.0149647 0.0100864 -0.000725216
internal_weight=152.543 102.343 50.2 40 63.9259 38.4174
internal_count=141 91 50 40 53 38
is_linear=0
shrinkage=0.0168771


Tree=24
num_leaves=8
num_cat=0
split_feature=0 1 1 5 1 1 3
split_gain=35.3783 16.6516 4.85037 2.7626 1.7331 1.3531 0.371574
threshold=13.000000000000002 4.2558928571428583 10.935119047619049 18.221428571428572 -6.6589880952380947 -2.0186309523809514 0.4121428571428572
decision_type=2 2 2 2 2 2 2
left_child=-1 3 -3 5 -5 -2 -4
right_child=1 2 6 4 -6 -7 -8
leaf_value=-0.024083038284548872 0.0046907992694151151 -0.0087307531778474095 -0.0010691969931217855 0.0013377309025062226 0.011141538719598084 -0.0021335287642990299 0.0022127448733782868
leaf_weight=13.999999999999998 12.86074483394623 31 24 13.200000047683714 38.712982654571533 10.204431653022764 12.417403936386107
leaf_count=14 12 31 24 13 31 10 12
internal_value=-0.000907214 0.00165447 -0.00413683 0.00710953 0.00926123 0.000908056 0
internal_weight=156.396 142.396 67.4174 74.9782 51.913 23.0652 36.4174
internal_count=147 133 67 66 44 22 36
is_linear=0
shrinkage=0.0168771


Tree=25
num_leaves=8
num_cat=0
split_feature=3 1 0 12 1 6 12
split_gain=33.3916 10.3542 8.65329 1.8442 1.7632 1.03972 0.350475
threshold=0.26428571428571429 4.2558928571428583 19.500000000000004 1.0000000180025095e-35 -7.2618452380952361 18.700000000000003 -0.75868437119892651
decision_type=2 2 2 2 2 2 2
left_child=2 4 -1 -4 -2 -6 -3
right_child=1 6 3 -5 5 -7 -8
leaf_value=-0.021158307417112412 0.00025796360390186384 -0.0046284897744241641 -0.0076090885076893038 0 0.0022474675392421639 0.011363438010983322 -0.00013237081040330616
leaf_weight=18.200000047683716 11.999999999999998 9.9999999999999982 19.000000000000004 10.200000047683714 13.097781658172606 39.005048513412476 29.208701968193054
leaf_count=18 12 10 19 10 12 31 29
internal_value=-0.00097065 0.00425657 -0.0123959 -0.00481167 0.0083713 0.00971978 -0.00205221
internal_weight=150.712 103.312 47.4 29.2 64.1028 52.1028 39.2087
internal_count=141 94 47 29 55 43 39
is_linear=0
shrinkage=0.0168771


Tree=26
num_leaves=6
num_cat=0
split_feature=1 10 13 7 10
split_gain=38.6099 20.4542 1.2127 0.557345 0.312159
threshold=1.2562500000000003 0.27857142857142864 -0.12038612100312795 19.426428571428573 0.38785714285714284
decision_type=2 2 2 2 2
left_child=2 -2 -1 4 -3
right_child=1 3 -4 -5 -6
leaf_value=0.010712283917541308 -0.016677215601021839 -0.0029829522051894835 0.0037926226826337345 0.0020420284662392161 0
leaf_weight=41.287909984588623 39 16.000000000000004 29.655015707015991 16.11790132522583 12.417403936386107
leaf_count=32 39 16 29 15 12
internal_value=-0.00043304 -0.00821318 0.00838714 0 -0.00159179
internal_weight=154.478 83.5353 70.9429 44.5353 28.4174
internal_count=143 82 61 43 28
is_linear=0
shrinkage=0.0168771


Tree=27
num_leaves=7
num_cat=0
split_feature=5 8 8 10 13 10
split_gain=30.0366 11.4411 10.9265 6.05795 1.908 1.25358
threshold=18.221428571428572 1.0000000180025095e-35 -0.18313238184366909 0.28571428571428581 0.40498826402621591 0.41571428571428576
decision_type=2 2 2 2 2 2
left_child=1 3 5 -1 -4 -2
right_child=2 -3 4 -5 -6 -7
leaf_value=-0.015432436116548978 -0.004247414078885175 0.0037333121317194304 0.012066666997153466 0 0.0034239384185050887 0.0014593089491320428
leaf_weight=38 20.000000000000004 12.608863353729246 44.161379218101501 11.999999999999998 22.200000047683716 11.208701968193052
leaf_count=38 20 12 33 12 22 11
internal_value=3.8677e-05 -0.00871468 0.0059685 -0.0123102 0.00976471 -0.00159127
internal_weight=160.179 62.6089 97.5701 50 66.3614 31.2087
internal_count=148 62 86 50 55 31
is_linear=0
shrinkage=0.0168771


Tree=28
num_leaves=9
num_cat=0
split_feature=3 12 14 0 13 12 13 10
split_gain=34.5352 8.36773 7.1496 5.16151 2.69995 1.16231 1.52105 0.99976
threshold=0.26428571428571429 0.24833677921976369 19.460714285714289 19.500000000000004 0.21362172767647314 -0.63660106914384018 0.32802145829895052 0.40214285714285719
decision_type=2 2 2 2 2 2 2 2
left_child=1 3 5 -1 -4 7 -7 -2
right_child=2 -3 4 -5 -6 6 -8 -9
leaf_value=-0.022559221830262065 -0.0045531799947880263 0.00036479189011979054 0.01231841610744472 -0.0070015337592249796 0.0030009326870836959 0.0059953616625994799 -0.00025293142231960097 0.00065317046175614548
leaf_weight=14.999999999999998 15.000000000000002 10.40443170070648 35.026666283607483 25 24.655015707015991 15.845646142959597 11.999999999999998 9.9999999999999982
leaf_count=15 15 10 25 25 24 14 12 10
internal_value=0 -0.0111541 0.00526758 -0.014494 0.00914639 0.00023585 0.00280506 -0.00181679
internal_weight=162.932 50.4044 112.527 40 59.6817 52.8456 27.8456 25
internal_count=150 50 100 40 49 51 26 25
is_linear=0
shrinkage=0.0168771


Tree=29
num_leaves=7
num_cat=0
split_feature=5 8 8 12 10 14
split_gain=25.7504 11.7347 10.7662 1.58263 1.54039 1.50278
threshold=17.317142857142859 -0.18313238184366909 1.0000000180025095e-35 0.93275682841028507 0.41571428571428576 16.652857142857147
decision_type=2 2 2 2 2 2
left_child=2 4 5 -3 -2 -1
right_child=1 3 -4 -5 -6 -7
leaf_value=-0.018300667917038018 -0.0037894716946395065 0.012440452364990666 0.0026136819637795142 0.0045230584194286393 0.0018512597562239537 -0.0065306189699147355
leaf_weight=19 30 32.367352724075317 11.608863353729246 30.913063287734985 15.417403936386107 19
leaf_count=19 30 23 11 30 15 19
internal_value=0 0.00469084 -0.00963778 0.00928087 -0.00141466 -0.013848
internal_weight=158.307 108.698 49.6089 63.2804 45.4174 38
internal_count=147 98 49 53 45 38
is_linear=0
shrinkage=0.0168771


Tree=30
num_leaves=6
num_cat=0
split_feature=0 1 10 13 10
split_gain=35.3555 16.9873 3.129 2.85417 0.326112
threshold=16.500000000000004 4.8114285714285723 0.41571428571428576 0.40498826402621591 0.28571428571428581
decision_type=2 2 2 2 2
left_child=-1 3 4 -2 -3
right_child=1 2 -4 -5 -6
leaf_value=-0.021144905746156052 0.010667886292087932 -0.0079709650256411784 0.0019053146163701576 0.0027702427049606146 -0.0021078365837371234
leaf_weight=17.220653653144836 45.804448127746582 24 13.417403936386107 34.216803431510925 21
leaf_count=17 36 24 13 34 21
internal_value=-9.19145e-05 0.00275032 -0.00381247 0.00777723 -0.00599738
internal_weight=155.659 138.439 58.4174 80.0213 45
internal_count=145 128 58 70 45
is_linear=0
shrinkage=0.0168771


Tree=31
num_leaves=7
num_cat=0
split_feature=3 8 12 10 13 7
split_gain=26.9479 13.6156 3.37297 3.23159 0.909627 0.374146
threshold=0.23571428571428579 -0.18313238184366909 0.34163089415856773 0.41571428571428576 -0.070191896784088423 17.15071428571429
decision_type=2 2 2 2 2 2
left_child=4 3 -3 5 -1 -2
right_child=1 2 -4 -5 -6 -7
leaf_value=-0.0051509801870380286 -0.0092233526103304205 0.012650316672945265 0.0039589976856532465 0.0022377074930135118 -0.017715391196873015 -0.0027485398200423924
leaf_weight=12.200000047683718 9.9999999999999982 27.440820693969727 49.599512934684753 18.417403936386108 17 32
leaf_count=12 10 19 48 18 17 32
internal_value=-3.59034e-05 0.00302456 0.00768343 -0.00264236 -0.0141079 -0.00528779
internal_weight=166.658 137.458 77.0403 60.4174 29.2 42
internal_count=156 127 67 60 29 42
is_linear=0
shrinkage=0.0168771


Tree=32
num_leaves=7
num_cat=0
split_feature=3 8 10 10 13 13
split_gain=26.9018 12.7075 3.24594 2.1185 2.11503 1.13209
threshold=0.23571428571428579 -0.18313238184366909 0.26571428571428574 0.41571428571428576 0.40498826402621591 -0.070191896784088423
decision_type=2 2 2 2 2 2
left_child=5 3 -3 -2 -4 -1
right_child=1 2 4 -5 -6 -7
leaf_value=-0.0049397071060835419 -0.0050462052000343214 0 0.011497597710856402 0.0012984191781198935 0.0027098525402364944 -0.017852510366514109
leaf_weight=12.200000047683718 36 17.287977933883667 43.529044151306152 15.208701968193052 21.216803431510925 15.999999999999998
leaf_count=12 36 17 32 15 21 16
internal_value=4.78489e-05 0.00341545 0.007509 -0.00277923 0.00919003 -0.0139727
internal_weight=161.443 133.243 82.0338 51.2087 64.7458 28.2
internal_count=149 121 70 51 53 28
is_linear=0
shrinkage=0.0168771


Tree=33
num_leaves=9
num_cat=0
split_feature=2 1 1 0 13 13 4 1
split_gain=25.0009 9.92918 9.14841 4.90909 2.65085 0.916096 0.698395 0.357131
threshold=0.26785714285714296 7.2032738095238109 1.2562500000000003 19.500000000000004 0.4540609717369079 0.024374198700700542 19.104285714285719 13.834702380952384
decision_type=2 2 2 2 2 2 2 2
left_child=2 4 -1 -4 -2 6 -3 -7
right_child=1 5 3 -5 -6 7 -8 -9
leaf_value=0.0019300079192482735 0.011119087851690114 -0.0063549186640496115 -0.021338287703865724 -0.0061984305188237769 0.0020229973232975254 0.002698399240704653 0 -0.00063298382488826267
leaf_weight=10.40000009536743 39.752444863319397 11.000000000000002 14.999999999999998 24 22.216803431510925 10.41740393638611 11.999999999999998 10.999999999999998
leaf_count=10 30 11 15 24 22 10 12 11
internal_value=-0.000286994 0.00416679 -0.0100049 -0.0136352 0.0084409 -0.0014752 -0.00374274 0.000195189
internal_weight=155.787 106.387 49.4 39 61.9692 44.4174 23 21.4174
internal_count=145 96 49 39 52 44 23 21
is_linear=0
shrinkage=0.0168771


Tree=34
num_leaves=8
num_cat=0
split_feature=3 13 1 13 3 1 7
split_gain=23.2778 8.68445 7.04552 2.44058 2.15808 1.10522 0.504588
threshold=0.26428571428571429 -0.10326434779682422 4.2558928571428583 0.40498826402621591 0.43928571428571433 7.2032738095238109 19.266428571428573
decision_type=2 2 2 2 2 2 2
left_child=1 5 3 -2 6 -1 -4
right_child=2 -3 4 -5 -6 -7 -8
leaf_value=0.0018955021257295425 0.010435552614859159 -0.015826965277405295 -0.0042122769260214002 0.0024933295755871511 0.0047023234479042107 -0.0043055404736743619 0
leaf_weight=10.6044317483902 36.736751556396484 26 25 31.200000047683716 10.03241968154907 11.999999999999998 10.999999999999998
leaf_count=10 28 26 25 31 9 12 11
internal_value=-5.21341e-05 -0.00963181 0.00397982 0.00735712 -0.000687833 -0.000633724 -0.00300574
internal_weight=162.574 48.6044 113.969 67.9368 46.0324 22.6044 36
internal_count=152 48 104 59 45 22 36
is_linear=0
shrinkage=0.0168771


Tree=35
num_leaves=7
num_cat=0
split_feature=1 10 0 1 1 11
split_gain=18.3198 15.4247 3.12226 2.9452 0.813941 0.15254
threshold=1.2562500000000003 0.28571428571428581 19.500000000000004 12.869523809523809 -7.2618452380952361 19.123571428571438
decision_type=2 2 2 2 2 2
left_child=4 2 -2 -3 -1 -5
right_child=1 3 -4 5 -6 -7
leaf_value=0.001202114491706382 -0.0194297840730881 0.0061263617511012215 -0.0062389342341802757 0 0.0079517162343574008 -0.0027530302114904467
leaf_weight=15.999999999999998 11.999999999999998 22.274496555328369 28 13.000000000000002 56.737788558006287 10.999999999999998
leaf_count=16 12 19 28 13 48 11
internal_value=0.000651273 -0.00439088 -0.0117695 0.00185093 0.00686687 -0.00151791
internal_weight=159.012 86.2745 40 46.2745 72.7378 24
internal_count=147 83 40 43 64 24
is_linear=0
shrinkage=0.0168771


Tree=36
num_leaves=8
num_cat=0
split_feature=3 8 2 8 5 1 10
split_gain=26.7869 6.61584 4.69282 2.99207 1.36872 1.17212 1.03192
threshold=0.26428571428571429 -0.18313238184366909 0.25642857142857151 -0.031012018249991054 16.951428571428579 -6.0552976190476189 0.44071428571428578
decision_type=2 2 2 2 2 2 2
left_child=2 6 3 -1 -3 -6 -2
right_child=1 4 -4 -5 5 -7 -8
leaf_value=-0.017563551407762671 -0.0035488397836843954 0 0 -0.0029506475872277975 0.0018879199948709858 0.009756986394324282 0.0013742791074891738
leaf_weight=24.999999999999996 27 11.40886330604553 9.9999999999999982 11.000000000000002 17.438212275505066 36.136712312698364 10.208701968193052
leaf_count=25 27 11 10 11 17 28 10
internal_value=-0.00115912 0.00350282 -0.0115659 -0.01423 0.0067203 0.00782209 -0.00163767
internal_weight=148.192 102.192 46 36 64.9838 53.5749 37.2087
internal_count=139 93 46 36 56 45 37
is_linear=0
shrinkage=0.0168771


Tree=37
num_leaves=7
num_cat=0
split_feature=3 1 0 13 13 13
split_gain=31.6198 7.50844 6.89659 2.71401 0.864876 0.528823
threshold=0.26428571428571429 4.2558928571428583 16.500000000000004 0.40498826402621591 -0.32267963336422445 0.04078775503772443
decision_type=2 2 2 2 2 2
left_child=2 3 -1 -2 -4 -3
right_child=1 5 4 -5 -6 -7
leaf_value=-0.020830224698891633 0.0108217808220417 -0.0038255530576595544 0 0.0026392876006762767 -0.007072783242603845 0
leaf_weight=14.999999999999998 39.35871958732605 13.000000000000002 10.40443170070648 31.416803479194641 19.000000000000004 17.417403936386108
leaf_count=15 29 13 10 31 19 17
internal_value=-0.000290815 0.00476156 -0.0118625 0.00774191 -0.00512813 -0.00157115
internal_weight=145.597 101.193 44.4044 70.7755 29.4044 30.4174
internal_count=134 90 44 60 29 30
is_linear=0
shrinkage=0.0168771


Tree=38
num_leaves=6
num_cat=0
split_feature=3 8 0 13 3
split_gain=22.6638 9.15197 4.32721 1.50653 0.997947
threshold=0.24785714285714289 -0.15346362755822371 13.000000000000002 0.4540609717369079 0.4121428571428572
decision_type=2 2 2 2 2
left_child=2 4 -1 -3 -2
right_child=1 3 -4 -5 -6
leaf_value=-0.019980750048899574 -0.0040943581073899522 0.0092819788692704505 -0.0053586963893617794 0.0024230353350016827 0.00024937432251811645
leaf_weight=10.999999999999998 30 42.04134202003479 27.200000047683716 28.200000047683716 11.208701968193052
leaf_count=11 30 33 27 28 11
internal_value=-0.000364129 0.00335636 -0.0112325 0.007041 -0.00246636
internal_weight=149.65 111.45 38.2 70.2413 41.2087
internal_count=140 102 38 61 41
is_linear=0
shrinkage=0.0168771


Tree=39
num_leaves=8
num_cat=0
split_feature=2 8 0 12 3 0 9
split_gain=30.2502 14.9194 3.87196 3.30474 1.86408 0.847927 0.122814
threshold=0.24285714285714288 -0.18313238184366909 19.500000000000004 0.42763007964406702 0.31928571428571434 42.500000000000007 19.125714285714288
decision_type=2 2 2 2 2 2 2
left_child=2 4 -1 -3 5 -2 -6
right_child=1 3 -4 -5 6 -7 -8
leaf_value=-0.020301215381577899 -0.0087600478214597301 0.012010019963281826 -0.0052717162643777645 0.0033837263140651503 0.00089462611223907495 -0.00015568012384346147 -0.0011300646822777441
leaf_weight=17 16.000000000000004 32.360801815986633 17 40.320404767990112 12.208701968193056 10.999999999999998 14.999999999999998
leaf_count=17 16 22 17 39 12 11 15
internal_value=-0.000832184 0.00287326 -0.0144034 0.00783605 -0.00344856 -0.00636069 0
internal_weight=160.89 126.89 34 72.6812 54.2087 27 27.2087
internal_count=149 115 34 61 54 27 27
is_linear=0
shrinkage=0.0168771


Tree=40
num_leaves=7
num_cat=0
split_feature=1 9 0 1 14 12
split_gain=25.6246 13.9803 1.07631 1.00373 0.898504 0.61846
threshold=1.2562500000000003 17.002857142857149 19.500000000000004 -7.2618452380952361 19.266428571428573 -0.75868437119892651
decision_type=2 2 2 2 2 2
left_child=3 2 -2 -1 5 -3
right_child=1 4 -4 -5 -6 -7
leaf_value=0.00060548236323716774 -0.019398510990792647 -0.0054447892553066918 -0.0070771121366842403 0.0076577297989796258 0.0020488964704540118 -0.00015438138269378976
leaf_weight=14.999999999999998 17 10.999999999999995 17 55.413267493247986 12.086883783340452 31.208701968193058
leaf_count=15 17 11 17 47 11 31
internal_value=-0.000742724 -0.00682363 -0.0148903 0.00654491 -0.000879107 -0.00229258
internal_weight=158.709 88.2956 34 70.4133 54.2956 42.2087
internal_count=149 87 34 62 53 42
is_linear=0
shrinkage=0.0168771


Tree=41
num_leaves=8
num_cat=0
split_feature=5 12 12 0 0 3 10
split_gain=25.5435 8.30146 6.86796 2.23834 2.22138 2.06905 0.710509
threshold=17.317142857142859 0.34163089415856773 -0.23617284957851684 68.500000000000014 19.500000000000004 0.44857142857142857 0.41928571428571432
decision_type=2 2 2 2 2 2 2
left_child=1 4 5 -4 -1 6 -2
right_child=2 -3 3 -5 -6 -7 -8
leaf_value=-0.019126596672553366 -0.0035528345073569277 0 0.0044261196614366685 0.012650875708790548 -0.0064064138112405527 0.0056953913021731348 0
leaf_weight=14.999999999999998 26 16.604431748390198 42.765172362327576 24.884255409240723 21 10.241121649742125 11.425645112991331
leaf_count=15 26 16 40 16 21 9 11
internal_value=0.000268489 -0.00904078 0.00482295 0.00816681 -0.0133182 0 -0.00200766
internal_weight=167.921 52.6044 115.316 67.6494 36 47.6668 37.4256
internal_count=154 52 102 56 36 46 37
is_linear=0
shrinkage=0.0168771


Tree=42
num_leaves=7
num_cat=0
split_feature=0 1 13 10 0 5
split_gain=23.9421 12.8562 4.02206 2.41589 0.92466 0.437633
threshold=13.000000000000002 4.2558928571428583 0.38598962676721621 0.43642857142857155 66.500000000000014 18.311428571428575
decision_type=2 2 2 2 2 2
left_child=-1 2 4 -3 -2 -4
right_child=1 3 5 -5 -6 -7
leaf_value=-0.01935530364720622 0.0048423776317538759 -0.0053627618172247147 -0.00081147208723277898 0.0014007028039511055 0.012948095906929118 0.0023841609218374932
leaf_weight=13.999999999999998 28.082261204719543 49 11.000000000000002 13.208701968193052 20.874090433120728 19.416803479194641
leaf_count=14 25 49 11 13 13 19
internal_value=-0.000241682 0.00184548 0.00634951 -0.00358402 0.00926407 0.000586001
internal_weight=155.582 141.582 79.3732 62.2087 48.9564 30.4168
internal_count=144 130 68 62 38 30
is_linear=0
shrinkage=0.0168771


Tree=43
num_leaves=7
num_cat=0
split_feature=14 14 0 10 13 13
split_gain=21.894 7.38706 2.46507 2.10339 1.4472 1.12184
threshold=16.630714285714287 19.609285714285715 21.500000000000004 0.23928571428571432 0.32802145829895052 -0.17843580672998424
decision_type=2 2 2 2 2 2
left_child=2 3 -1 -2 -3 -5
right_child=1 4 -4 5 -6 -7
leaf_value=-0.019008134147693704 -0.0061488429499223793 0.0091637634616534777 -0.0048430950837770603 0.0035117205268079764 0.0017488498250438783 -0.00086707998567965789
leaf_weight=13.000000000000002 13.999999999999998 34.937289953231812 15.200000047683714 20.666664719581604 22.200000047683716 43.417403936386108
leaf_count=13 14 26 15 19 22 43
internal_value=-0.000365646 0.00238475 -0.0132625 -0.000757646 0.00688082 0.000301786
internal_weight=163.421 135.221 28.2 78.0841 57.1373 64.0841
internal_count=152 124 28 76 48 62
is_linear=0
shrinkage=0.0168771


Tree=44
num_leaves=8
num_cat=0
split_feature=3 1 13 0 3 14 13
split_gain=24.7394 8.48661 2.93226 1.95187 1.32313 0.395521 0.174496
threshold=0.23571428571428579 4.2558928571428583 0.40498826402621591 27.500000000000004 0.43714285714285722 19.117142857142863 0.85373443756047851
decision_type=2 2 2 2 2 2 2
left_child=3 2 -2 -1 5 -3 -4
right_child=1 4 6 -5 -6 -7 -8
leaf_value=-0.017640349471490131 0.0090712645263015066 -0.0040775818731175273 0.0021863949419219045 -0.0036403964472873297 0.0021163584498761585 0 0
leaf_weight=17.000000000000004 48.477497100830078 34 20.200000047683719 10.999999999999998 10.417403936386107 9.9999999999999982 10.999999999999998
leaf_count=17 38 34 20 11 10 10 11
internal_value=0 0.00298548 0.00646733 -0.0137273 -0.00179121 -0.00326822 0.00133492
internal_weight=162.095 134.095 79.6775 28 54.4174 44 31.2
internal_count=151 123 69 28 54 44 31
is_linear=0
shrinkage=0.0168771


Tree=45
num_leaves=7
num_cat=0
split_feature=14 14 12 10 10 0
split_gain=24.7054 8.94614 2.60009 1.86509 1.59661 0.364556
threshold=16.630714285714287 19.347857142857148 0.57716973551682071 0.30928571428571433 0.41928571428571432 21.500000000000004
decision_type=2 2 2 2 2 2
left_child=5 2 3 -2 -3 -1
right_child=1 4 -4 -5 -6 -7
leaf_value=-0.01849239435212505 -0.005559243319606136 0.0089503275006768638 0.0045945818473791195 0 7.8446949946749572e-05 -0.0056183500419494702
leaf_weight=13.000000000000002 27.204431653022766 49.74826443195343 14.996609568595884 32.707497596740723 12.425645112991331 11.200000047683714
leaf_count=13 27 39 14 32 12 11
internal_value=2.33301e-06 0.00299165 -0.000690437 -0.00252195 0.00760459 -0.0146054
internal_weight=161.282 137.082 74.9085 59.9119 62.1739 24.2
internal_count=148 124 73 59 51 24
is_linear=0
shrinkage=0.0168771


Tree=46
num_leaves=7
num_cat=0
split_feature=3 1 8 0 10 0
split_gain=24.4058 8.86305 2.17895 2.06251 1.43999 0.769841
threshold=0.24785714285714289 4.2558928571428583 -0.031012018249991054 68.500000000000014 0.39214285714285718 30.500000000000004
decision_type=2 2 2 2 2 2
left_child=2 3 5 -2 -3 -1
right_child=1 4 -4 -5 -6 -7
leaf_value=-0.017875246718895451 0.004334725310778673 -0.0037854307354456456 -0.0021350839033531495 0.011843405843775769 0.0015784709171859355 -0.0044996828969989383
leaf_weight=14.000000000000002 50.920315623283386 29 12.200000047683714 26.151250720024109 16.417403936386108 9.9999999999999982
leaf_count=14 47 29 12 17 16 10
internal_value=0.000307727 0.00406465 -0.011187 0.00750152 -0.0014044 -0.0142259
internal_weight=158.689 122.489 36.2 77.0716 45.4174 24
internal_count=145 109 36 64 45 24
is_linear=0
shrinkage=0.0168771


Tree=47
num_leaves=7
num_cat=0
split_feature=3 1 8 10 0 1
split_gain=18.1955 7.40323 4.58616 2.03157 1.33519 0.225232
threshold=0.24785714285714289 4.2558928571428583 -0.031012018249991054 0.43642857142857155 68.500000000000014 -7.2618452380952361
decision_type=2 2 2 2 2 2
left_child=2 4 -1 -3 5 -2
right_child=1 3 -4 -5 -6 -7
leaf_value=-0.014995806457615696 0 -0.004280085410345723 -0.0002197789367233987 0.0020720325049123104 0.01062527246645859 0.0043918261670964041
leaf_weight=22 12.999999999999998 35 12.200000047683714 15.417403936386107 18.425343036651611 40.930838108062744
leaf_count=22 13 35 12 15 12 37
internal_value=-0.000258252 0.00267047 -0.0107601 -0.0019102 0.00611046 0.00370791
internal_weight=156.974 122.774 34.2 50.4174 72.3562 53.9308
internal_count=146 112 34 50 62 50
is_linear=0
shrinkage=0.0168771


Tree=48
num_leaves=7
num_cat=0
split_feature=3 1 9 0 13 10
split_gain=22.0242 9.35597 2.29275 1.80412 1.3416 0.439202
threshold=0.23571428571428579 4.2558928571428583 17.15071428571429 68.500000000000014 -0.070191896784088423 0.44071428571428578
decision_type=2 2 2 2 2 2
left_child=4 3 -3 -2 -1 -4
right_child=1 2 5 -5 -6 -7
leaf_value=-0.0032448733386907305 0.0038313623398318103 -0.0085173343500084594 -0.0013533645825546646 0.011299302912389784 -0.016092419642972807 0.0018155105235701438
leaf_weight=10.200000047683718 53.222822070121765 9.9999999999999982 36 20.039512991905212 19 13.417403936386107
leaf_count=10 50 10 36 13 19 13
internal_value=-0.000326346 0.00251807 -0.00213395 0.00652255 -0.0130045 -1.13967e-05
internal_weight=161.88 132.68 59.4174 73.2623 29.2 49.4174
internal_count=151 122 59 63 29 49
is_linear=0
shrinkage=0.0168771


Tree=49
num_leaves=8
num_cat=0
split_feature=5 1 4 13 1 10 7
split_gain=18.3365 6.64336 5.24024 1.88267 1.22465 1.12357 0.148604
threshold=17.317142857142859 7.2032738095238109 18.289285714285718 -0.070191896784088423 -6.0552976190476189 0.4592857142857143 19.426428571428573
decision_type=2 2 2 2 2 2 2
left_child=2 4 3 -1 -2 6 -3
right_child=1 5 -4 -5 -6 -7 -8
leaf_value=-0.003300605204544246 0.001624848128646484 -0.0029706987011485341 0 -0.015462910693622966 0.0088861595666506372 0.0029821383858751639 0
leaf_weight=13.200000047683714 19.200000047683716 27 11.40886330604553 20 44.699454784393311 10.417403936386107 9.9999999999999982
leaf_count=13 19 27 11 20 35 10 10
internal_value=0 0.00373936 -0.00873448 -0.0119047 0.00720593 -0.000633531 -0.00235661
internal_weight=155.926 111.317 44.6089 33.2 63.8995 47.4174 37
internal_count=145 101 44 33 54 47 37
is_linear=0
shrinkage=0.0168771


Tree=50
num_leaves=7
num_cat=0
split_feature=5 1 13 2 7 13
split_gain=14.8724 8.74047 3.13662 0.990269 0.820429 0.750097
threshold=16.652857142857144 4.2558928571428583 -0.10326434779682422 0.31928571428571434 19.067142857142866 0.40498826402621591
decision_type=2 2 2 2 2 2
left_child=2 5 -1 -3 -5 -2
right_child=1 3 -4 4 -6 -7
leaf_value=-0.00047127303991232114 0.0081606703168623194 -0.0041544338215685379 -0.013989007024847932 0.0031128032625346064 -0.0018425518992637368 0.0025457896006382359
leaf_weight=11.408863306045534 47.253326773643494 25 18 12.823717713356016 21 28.416803479194641
leaf_count=11 38 25 18 12 21 28
internal_value=0.000203588 0.00275183 -0.00995387 -0.00179861 0 0.00650999
internal_weight=163.903 134.494 29.4089 58.8237 33.8237 75.6701
internal_count=153 124 29 58 33 66
is_linear=0
shrinkage=0.0168771


Tree=51
num_leaves=8
num_cat=0
split_feature=2 12 0 13 10 2 7
split_gain=16.878 5.5737 5.06613 2.0978 1.46047 1.05695 0.669227
threshold=0.24285714285714288 -0.23617284957851684 21.500000000000004 0.4540609717369079 0.28571428571428581 0.27428571428571435 18.789285714285715
decision_type=2 2 2 2 2 2 2
left_child=2 4 -1 5 -2 -3 -6
right_child=1 3 -4 -5 6 -7 -8
leaf_value=-0.01619061488679252 -0.0052899001856297279 0.0018985053912444875 -0.00077032881217133922 0.00066229435835546641 0.0034513017823481927 0.0097701882966560634 -0.00056981633154027842
leaf_weight=16.000000000000004 12.999999999999998 16.604431748390198 14.238212227821348 24.216803431510925 13.03241968154907 35.435898780822754 23.417254209518433
leaf_count=16 13 16 14 24 12 25 23
internal_value=0.000275042 0.00317197 -0.010312 0.00599399 -0.000843193 0.00790042 0.000447505
internal_weight=155.945 125.707 30.2382 76.2571 49.4497 52.0403 36.4497
internal_count=143 113 30 65 48 41 35
is_linear=0
shrinkage=0.0168771


Tree=52
num_leaves=9
num_cat=0
split_feature=2 12 1 0 0 3 14 1
split_gain=18.1418 5.87851 5.58377 2.05306 1.71489 0.793077 0.392918 0.236681
threshold=0.25642857142857151 0.34163089415856773 4.8114285714285723 19.500000000000004 70.500000000000014 0.4121428571428572 19.117142857142863 -7.2618452380952361
decision_type=2 2 2 2 2 2 2 2
left_child=1 3 4 -1 7 6 -4 -2
right_child=2 -3 5 -5 -6 -7 -8 -9
leaf_value=-0.017509277942923101 0 0 -0.0040323110324391696 -0.0056293407983459822 0.010734779507761799 0.0011617111435718972 0 0.0039645578238250061
leaf_weight=15.999999999999998 12.999999999999998 11.40000009536743 22 21 17.752740979194641 11.208701968193052 10.999999999999998 37.220527291297913
leaf_count=16 13 11 22 21 11 11 11 34
internal_value=-0.000709993 -0.0091513 0.00287668 -0.0122317 0.0058868 -0.00135364 -0.00285716 0.0032563
internal_weight=160.582 48.4 112.182 37 67.9733 44.2087 33 50.2205
internal_count=150 48 102 37 58 44 33 47
is_linear=0
shrinkage=0.0168771


Tree=53
num_leaves=8
num_cat=0
split_feature=11 1 8 12 10 1 10
split_gain=15.655 6.70857 4.80902 1.60174 1.17962 0.321019 0.254678
threshold=17.022857142857148 4.8114285714285723 -0.048181444622709291 0.24833677921976369 0.44071428571428578 7.7863095238095257 0.42928571428571433
decision_type=2 2 2 2 2 2 2
left_child=2 3 5 -2 -3 -1 -5
right_child=1 4 -4 6 -6 -7 -8
leaf_value=-0.016285172620614196 0.010310816605580279 -0.0031329230759555766 0 0.0040362766240365864 0.0018830697869008596 -0.0042680440043700646 0
leaf_weight=14.000000000000002 24.526119828224182 35 14.40000009536743 35.817071557044983 12.417403936386107 9.9999999999999982 9.9999999999999982
leaf_count=14 16 35 14 34 12 10 10
internal_value=0 0.00315236 -0.00888284 0.00642012 -0.00134098 -0.0131154 0.00338524
internal_weight=156.161 117.761 38.4 70.3432 47.4174 24 45.8171
internal_count=145 107 38 60 47 24 44
is_linear=0
shrinkage=0.0168771


Tree=54
num_leaves=6
num_cat=0
split_feature=10 8 8 13 10
split_gain=11.8134 7.97484 4.30913 1.08538 1.00096
threshold=0.26571428571428574 0.070964021734350055 -0.18313238184366909 0.4540609717369079 0.41571428571428576
decision_type=2 2 2 2 2
left_child=1 -1 4 -4 -2
right_child=2 -3 3 -5 -6
leaf_value=-0.011073536440606942 -0.0021968268178460069 0.0023811235882035277 0.0082890812849483533 0.0018833690262864214 0.0026552451484648234
leaf_weight=32 31 14.492409586906431 36.330276131629944 25.416803479194641 14.417403936386107
leaf_count=32 31 14 27 25 14
internal_value=0.00017511 -0.00653271 0.00338482 0.00620276 -0.000125496
internal_weight=153.657 46.4924 107.164 61.7471 45.4174
internal_count=143 46 97 52 45
is_linear=0
shrinkage=0.0168771


Tree=55
num_leaves=8
num_cat=0
split_feature=3 8 8 1 2 6 3
split_gain=15.6637 5.1782 4.50448 1.18147 1.13602 0.871324 0.669684
threshold=0.26428571428571429 -0.031012018249991054 -0.15346362755822371 -7.2618452380952361 0.24785714285714289 18.700000000000003 0.4121428571428572
decision_type=2 2 2 2 2 2 2
left_child=1 4 6 -4 -1 -5 -2
right_child=2 -3 3 5 -6 -7 -8
leaf_value=-0.014402553834766418 -0.002362607082984585 0 0 0.0010261470829316325 -0.0032169346179369289 0.0085349194364491253 0.0015669829108919731
leaf_weight=21 29 16.404431700706482 13.999999999999998 14.140961050987242 11.999999999999998 38.026356935501099 11.208701968193052
leaf_count=21 29 16 14 13 12 29 11
internal_value=-0.000245159 -0.00796181 0.00325033 0.00591329 -0.0115504 0.00706852 -0.000715447
internal_weight=155.78 49.4044 106.376 66.1673 33 52.1673 40.2087
internal_count=145 49 96 56 33 42 40
is_linear=0
shrinkage=0.0168771


Tree=56
num_leaves=8
num_cat=0
split_feature=3 0 1 13 4 10 1
split_gain=15.7054 5.09848 4.26847 3.1759 0.251132 0.228908 0.170594
threshold=0.25285714285714289 16.500000000000004 7.7863095238095257 0.4540609717369079 18.875714285714285 0.41571428571428576 7.2032738095238109
decision_type=2 2 2 2 2 2 2
left_child=1 -1 3 -2 -5 -4 -3
right_child=2 6 5 4 -6 -7 -8
leaf_value=-0.015916738549071059 0.0087379720995960884 0 -0.0014807278856488369 0 0.0020240001536843888 0.00043424934231235261 -0.0033491572299714531
leaf_weight=13.999999999999998 44.570012927055359 12.204431653022768 27 9.9999999999999982 25.216803431510925 16.208701968193054 11.999999999999998
leaf_count=14 33 12 27 10 25 16 12
internal_value=0.000434891 -0.00847253 0.00351181 0.00578181 0.00107067 -0.000294275 -0.00209216
internal_weight=161.2 38.2044 122.996 79.7868 35.2168 43.2087 24.2044
internal_count=149 38 111 68 35 43 24
is_linear=0
shrinkage=0.0168771


Tree=57
num_leaves=7
num_cat=0
split_feature=9 8 10 14 1 1
split_gain=9.50753 5.0352 1.41384 1.29854 1.06065 0.27371
threshold=16.803571428571434 -0.15346362755822371 0.28571428571428581 16.652857142857147 -7.2618452380952361 13.494404761904761
decision_type=2 2 2 2 2 2
left_child=3 2 -2 -1 -3 -4
right_child=1 4 5 -5 -6 -7
leaf_value=-0.011386945212860475 -0.0058244889051535884 0 0.0017576196819636418 -0.0016140092913169348 0.0064675844786509316 -0.00085566342046230234
leaf_weight=16.000000000000004 11.999999999999998 13.999999999999998 16.417403936386108 14.204431653022764 50.012111186981201 22
leaf_count=16 12 14 16 14 41 22
internal_value=0 0.00222484 -0.00139148 -0.00801438 0.00534467 0
internal_weight=144.634 114.43 50.4174 30.2044 64.0121 38.4174
internal_count=135 105 50 30 55 38
is_linear=0
shrinkage=0.0168771


Tree=58
num_leaves=8
num_cat=0
split_feature=2 10 8 5 1 10 0
split_gain=17.054 5.46725 4.85894 1.22073 0.863735 0.759223 0.680309
threshold=0.25642857142857151 0.27214285714285719 -0.18313238184366909 17.354285714285719 -6.0552976190476189 0.41571428571428576 19.500000000000004
decision_type=2 2 2 2 2 2 2
left_child=1 6 5 -4 -5 -2 -1
right_child=2 -3 3 4 -6 -7 -8
leaf_value=-0.016387914788467867 -0.0030386302030690092 0 0 0.0009560334089177379 0.0080565909691211884 0.00082023777004089815 -0.0049135093561220406
leaf_weight=17.000000000000004 27 13.200000047683714 12.204431653022764 15.200000047683714 40.443046450614929 13.208701968193052 12.999999999999998
leaf_count=17 27 13 12 15 31 13 13
internal_value=-0.000557029 -0.00929193 0.00288543 0.00562268 0.00664391 -0.00128136 -0.0129722
internal_weight=151.256 43.2 108.056 67.8475 55.643 40.2087 30
internal_count=141 43 98 58 46 40 30
is_linear=0
shrinkage=0.0168771


Tree=59
num_leaves=6
num_cat=0
split_feature=0 10 8 13 10
split_gain=19.3835 7.07062 4.3769 1.58894 0.893359
threshold=13.000000000000002 0.23928571428571432 -0.18313238184366909 0.40498826402621591 0.41571428571428576
decision_type=2 2 2 2 2
left_child=-1 -2 4 -4 -3
right_child=1 2 3 -5 -6
leaf_value=-0.016374443022754162 -0.0060380900353035633 -0.0019568069713738344 0.007801655393292182 0.0016751561743453154 0.0025666915203555328
leaf_weight=14.999999999999998 21 32 54.017592310905457 31.416803479194641 15.417403936386107
leaf_count=15 21 32 42 31 15
internal_value=0.000117878 0.00214337 0.00370361 0.00593209 0
internal_weight=168.852 153.852 132.852 85.4344 47.4174
internal_count=156 141 120 73 47
is_linear=0
shrinkage=0.0168771


Tree=60
num_leaves=7
num_cat=0
split_feature=2 8 10 8 13 10
split_gain=14.5239 5.80249 4.68935 2.31143 1.91946 0.520842
threshold=0.25642857142857151 -0.18313238184366909 0.27214285714285719 -0.031012018249991054 0.4540609717369079 0.41571428571428576
decision_type=2 2 2 2 2 2
left_child=2 5 3 -1 -3 -2
right_child=1 4 -4 -5 -6 -7
leaf_value=-0.014936272243519488 -0.0027693127555675759 0.0084633907482048777 0 -0.0014639983428805941 0.0012913541547157955 0.0001364403085978126
leaf_weight=19 27 42.931469321250916 15.200000047683714 10.000000000000002 26.216803431510925 11.999999999999998
leaf_count=19 27 32 15 10 26 12
internal_value=0 0.00330662 -0.00787601 -0.0115511 0.0062175 -0.00139307
internal_weight=152.348 108.148 44.2 29 69.1483 39
internal_count=141 97 44 29 58 39
is_linear=0
shrinkage=0.0168771


Tree=61
num_leaves=6
num_cat=0
split_feature=3 8 12 0 3
split_gain=17.215 5.43839 1.16587 1.10064 0.762671
threshold=0.23571428571428579 -0.18313238184366909 0.24833677921976369 27.500000000000004 0.4121428571428572
decision_type=2 2 2 2 2
left_child=3 4 -3 -1 -2
right_child=1 2 -4 -5 -6
leaf_value=-0.014825180745176154 -0.0029178744830635657 0.0086174528332861756 0.0028832852757692162 -0.0029994551953420111 0.00083347287900096764
leaf_weight=16.000000000000004 34 27.460189461708069 51.517945647239685 10.999999999999998 12.208701968193052
leaf_count=16 34 19 49 11 12
internal_value=0 0.00270106 0.00538652 -0.0115184 -0.00147973
internal_weight=152.187 125.187 78.9781 27 46.2087
internal_count=141 114 68 27 46
is_linear=0
shrinkage=0.0168771


Tree=62
num_leaves=9
num_cat=0
split_feature=5 14 6 12 12 12 11 12
split_gain=15.4923 4.23728 2.61769 0.841955 1.71021 0.287959 0.184642 0.178508
threshold=17.317142857142859 17.093571428571433 19.020000000000003 -0.23617284957851684 1.4104885884693694 -0.69306007453373486 17.022857142857148 -0.74260667817933201
decision_type=2 2 2 2 2 2 2 2
left_child=1 -1 7 5 -5 -4 -3 -2
right_child=2 6 3 4 -6 -7 -8 -9
leaf_value=-0.012511523654851107 -0.0015850166504036932 -0.0024301125670570297 0.0029319777612307331 0.0097396951673147485 0.001372235035655597 0 0 0.00084117432117905816
leaf_weight=22 9.9999999999999982 14.000000000000002 10.82371771335602 29.473754644393921 19.23821222782135 10.417254209518431 11.204431653022764 23.090100288391113
leaf_count=22 10 14 10 20 19 10 11 22
internal_value=0.000186667 -0.00739453 0.0039791 0.00576678 0.00713335 0.00122216 -0.00129692 0
internal_weight=150.247 47.2044 103.043 69.9529 48.712 21.241 25.2044 33.0901
internal_count=138 47 91 59 39 20 25 32
is_linear=0
shrinkage=0.0168771


Tree=63
num_leaves=8
num_cat=0
split_feature=2 8 9 12 3 1 0
split_gain=15.2786 4.62029 3.74882 0.973379 0.533052 0.26609 0.174135
threshold=0.25642857142857151 -0.15346362755822371 17.15071428571429 0.24833677921976369 0.4121428571428572 -2.0186309523809514 19.500000000000004
decision_type=2 2 2 2 2 2 2
left_child=2 4 6 -3 -2 -5 -1
right_child=1 3 -4 5 -6 -7 -8
leaf_value=-0.01485264779208254 -0.0024352603661398652 0.0092211359582849636 0 0.0037623140541844639 0.00070903567521946379 0 -0.0046733411171565519
leaf_weight=16.000000000000004 29 21.272078037261963 12.200000047683714 34.323950409889221 12.208701968193052 10.40886330604553 12.999999999999998
leaf_count=16 29 14 12 32 12 10 13
internal_value=-0.000263875 0.00295196 -0.00878265 0.00568912 -0.00101033 0.00307767 -0.0118355
internal_weight=148.414 107.214 41.2 66.0049 41.2087 44.7328 29
internal_count=138 97 41 56 41 42 29
is_linear=0
shrinkage=0.0168771


Tree=64
num_leaves=6
num_cat=0
split_feature=14 12 5 12 10
split_gain=16.3873 4.44187 1.53566 1.21592 0.987556
threshold=16.630714285714287 -0.08827419246413877 18.742142857142859 1.4375404034342087 0.26571428571428574
decision_type=2 2 2 2 2
left_child=-1 4 -3 -4 -2
right_child=1 2 3 -5 -6
leaf_value=-0.012626289058819554 -0.0047518797751204172 0 0.0091313607019684797 0.0013967813081331116 0
leaf_weight=23 11.999999999999998 20.447611093521118 27.044279217720032 18.438212275505066 48.600771069526672
leaf_count=23 12 20 19 18 47
internal_value=-0.000255067 0.00205418 0.00505032 0.006732 -0.000934664
internal_weight=149.531 126.531 65.9301 45.4825 60.6008
internal_count=139 116 57 37 59
is_linear=0
shrinkage=0.0168771


Tree=65
num_leaves=7
num_cat=0
split_feature=3 8 1 10 3 13
split_gain=13.8608 5.28603 0.998245 0.809596 0.563211 0.204789
threshold=0.24785714285714289 -0.15346362755822371 -7.2618452380952361 0.44071428571428578 0.23571428571428579 0.76961405253917958
decision_type=2 2 2 2 2 2
left_child=4 3 -3 -2 -1 -4
right_child=1 2 5 -5 -6 -7
leaf_value=-0.010347011983233748 -0.0028531559384848593 0 0.0076304949139514074 0.0010993747157347273 -0.001402579155948218 0.0010438079149133464
leaf_weight=28 34 13.999999999999998 40.490252017974854 12.417403936386107 9.9999999999999982 11.216803431510924
leaf_count=28 34 14 31 12 10 11
internal_value=-0.000247743 0.00260846 0.00566208 -0.00133887 -0.00880874 0.00674402
internal_weight=150.124 112.124 65.7071 46.4174 38 51.7071
internal_count=140 102 56 46 38 42
is_linear=0
shrinkage=0.0168771


Tree=66
num_leaves=7
num_cat=0
split_feature=2 8 13 13 8 13
split_gain=10.472 4.54951 2.80492 2.15221 0.814021 0.197718
threshold=0.25642857142857151 -0.15346362755822371 -0.32267963336422445 0.40498826402621591 -0.031012018249991054 -0.11537539649110011
decision_type=2 2 2 2 2 2
left_child=2 5 -1 -3 -4 -2
right_child=1 3 4 -5 -6 -7
leaf_value=0 -0.0031802711592015817 0.0079906418607290954 -0.011572790839272614 0.00084753456204317691 -0.001888461696084942 0
leaf_weight=12.200000047683714 9.9999999999999982 37.372043490409851 20.999999999999996 29.416803479194641 11.238212227821352 32
leaf_count=12 10 27 21 29 11 32
internal_value=-6.69004e-05 0.00261003 -0.00685098 0.00533312 -0.00927108 -0.00128621
internal_weight=153.227 108.789 44.4382 66.7888 32.2382 42
internal_count=142 98 44 56 32 42
is_linear=0
shrinkage=0.0168771


Tree=67
num_leaves=6
num_cat=0
split_feature=9 1 2 0 10
split_gain=12.1395 3.71844 1.50263 1.23947 0.460845
threshold=17.15071428571429 4.8114285714285723 0.25642857142857151 68.500000000000014 0.41571428571428576
decision_type=2 2 2 2 2
left_child=2 3 -1 -2 -3
right_child=1 4 -4 -5 -6
leaf_value=-0.010264623500546174 0.0025438524896227257 -0.001824954075930942 -0.00014651737947832575 0.0088434827491489874 0.00098491407416588625
leaf_weight=27 48.722411394119263 37 10.40886330604553 20.008431911468506 15.208701968193052
leaf_count=27 45 37 10 13 15
internal_value=-4.65823e-05 0.00243434 -0.00821935 0.00497583 -0.000590933
internal_weight=158.348 120.94 37.4089 68.7308 52.2087
internal_count=147 110 37 58 52
is_linear=0
shrinkage=0.0168771


Tree=68
num_leaves=6
num_cat=0
split_feature=2 1 6 13 13
split_gain=14.8772 4.7692 2.90459 1.45067 0.184769
threshold=0.25500000000000006 7.2032738095238109 17.334285714285716 0.40498826402621591 0.14727331454656564
decision_type=2 2 2 2 2
left_child=2 3 -1 -2 -3
right_child=1 4 -4 -5 -6
leaf_value=-0.011922390098810753 0.0075915897236620462 -0.0017819263281067693 -0.00029465172668059411 0.0014341409511002539 0
leaf_weight=26 42.133414030075073 33 13.200000047683714 30.416803479194641 10.208701968193052
leaf_count=26 31 33 13 30 10
internal_value=-8.17884e-05 0.00283609 -0.00883062 0.00546224 -0.00115387
internal_weight=154.959 115.759 39.2 72.5502 43.2087
internal_count=143 104 39 61 43
is_linear=0
shrinkage=0.0168771


Tree=69
num_leaves=6
num_cat=0
split_feature=3 13 5 10 11
split_gain=17.9159 3.16653 2.63778 2.19899 0.179883
threshold=0.26428571428571429 -0.32267963336422445 18.742142857142859 0.36142857142857149 17.022857142857148
decision_type=2 2 2 2 2
left_child=1 -1 4 -4 -2
right_child=2 -3 3 -5 -6
leaf_value=0 -0.0017413361558576794 -0.010698222608756755 0.009562558956972245 0.0022702309967390821 0.00064676423200652421
leaf_weight=11.204431653022764 9.9999999999999982 37 25.192078828811646 44.755293846130371 25.955966830253601
leaf_count=11 10 37 17 41 25
internal_value=-9.49377e-05 -0.00846889 0.0036354 0.00548177 0
internal_weight=154.108 48.2044 105.903 69.9474 35.956
internal_count=141 48 93 58 35
is_linear=0
shrinkage=0.0168771


Tree=70
num_leaves=8
num_cat=0
split_feature=5 1 1 14 10 10 12
split_gain=12.9953 6.21125 3.19301 1.80567 1.30838 0.643283 0.593618
threshold=17.860714285714291 1.2562500000000003 9.427500000000002 16.652857142857147 0.42928571428571433 0.41571428571428576 1.4375404034342087
decision_type=2 2 2 2 2 2 2
left_child=1 -1 4 -3 6 -4 -2
right_child=2 3 5 -5 -6 -7 -8
leaf_value=0.0022067369617308039 0.0076025876932665102 -0.012458732711524973 -0.0022029042663940998 -0.0037414408508472802 0 0.0019142888495954089 0.00061266951265198167
leaf_weight=15.808863401412962 46.985769867897034 23 21 28 11.212822556495665 15.417403936386107 12.200000047683714
leaf_count=15 35 23 21 28 11 15 12
internal_value=0 -0.00569696 0.00362086 -0.00854958 0.00565939 0 0.00661913
internal_weight=173.625 66.8089 106.816 51 70.3986 36.4174 59.1858
internal_count=160 66 94 51 58 36 47
is_linear=0
shrinkage=0.0168771


Tree=71
num_leaves=6
num_cat=0
split_feature=8 10 2 1 1
split_gain=10.8115 7.67735 0.959053 0.798475 0.548758
threshold=0.070964021734350055 0.29928571428571432 0.25642857142857151 13.297559523809527 -7.2618452380952361
decision_type=2 2 2 2 2
left_child=1 2 -1 -3 -2
right_child=4 3 -4 -5 -6
leaf_value=-0.010610462926518922 0 0.0032866276818161169 -0.0025489253851149678 -0.00079476704753835914 0.0051647867318497373
leaf_weight=33 14.999999999999998 19.354752659797668 17 19 54.089015960693359
leaf_count=33 15 17 17 19 46
internal_value=-0.000390612 -0.00436594 -0.00858459 0.000808252 0.00435284
internal_weight=157.444 88.3548 50 38.3548 69.089
internal_count=147 86 50 36 61
is_linear=0
shrinkage=0.0168771


Tree=72
num_leaves=7
num_cat=0
split_feature=3 5 13 10 1 10
split_gain=9.05568 3.5857 2.57086 0.817787 0.572514 0.839999
threshold=0.26428571428571429 19.913571428571434 -0.20136297843738829 0.40071428571428575 -1.2251785714285717 0.41571428571428576
decision_type=2 2 2 2 2 2
left_child=2 4 -1 -3 -2 -6
right_child=1 3 -4 -5 5 -7
leaf_value=0 0.0023459111794029994 0.0086076152746640492 -0.0089583945346196365 0.0014238506918741688 -0.0025682395566967264 0.0012423094530071151
leaf_weight=16.200000047683716 19.908225655555725 22.490851283073425 30 17.942818880081177 34 18.630226492881775
leaf_count=16 18 15 30 17 34 18
internal_value=-3.13788e-05 0.00240507 -0.0062348 0.00624701 0 -0.000821355
internal_weight=159.172 112.972 46.2 40.4337 72.5385 52.6302
internal_count=148 102 46 32 70 52
is_linear=0
shrinkage=0.0168771


Tree=73
num_leaves=7
num_cat=0
split_feature=14 10 0 1 13 1
split_gain=7.91192 2.94867 2.24766 2.03283 1.1164 0.118553
threshold=16.630714285714287 0.23928571428571432 16.500000000000004 4.2558928571428583 0.40498826402621591 13.494404761904761
decision_type=2 2 2 2 2 2
left_child=2 -2 -1 4 -3 -5
right_child=1 3 -4 5 -6 -7
leaf_value=-0.013821151796764812 -0.0044661091137954819 0.0063253329733181252 -0.00045775646508666658 0.00030164702993314938 0.00085983209141069189 -0.0011947446889589803
leaf_weight=11.000000000000002 15.999999999999998 36.349505066871643 10.200000047683714 24.417403936386108 31.200000047683716 19
leaf_count=11 16 28 10 24 31 19
internal_value=-0.000152511 0.00134953 -0.00915371 0.00247777 0.00425905 0
internal_weight=148.167 126.967 21.2 110.967 67.5495 43.4174
internal_count=139 118 21 102 59 43
is_linear=0
shrinkage=0.0168771


Tree=74
num_leaves=7
num_cat=0
split_feature=3 8 13 12 10 8
split_gain=9.71594 3.57141 2.07425 1.51191 0.580019 0.190884
threshold=0.25642857142857151 -0.18313238184366909 -0.070191896784088423 0.24833677921976369 0.41571428571428576 -0.031012018249991054
decision_type=2 2 2 2 2 2
left_child=2 4 5 -3 -2 -1
right_child=1 3 -4 -5 -6 -7
leaf_value=-0.0030720636916051051 -0.0022727691375486955 0.0080231296914768709 -0.011269966621145563 0.0018325397766651213 0.00097800465413203628 0
leaf_weight=10.000000000000002 30 28.767011404037476 17 40.801803112030029 16.208701968193054 11.204431653022764
leaf_count=10 30 19 17 39 16 11
internal_value=0 0.0025327 -0.00698481 0.00492135 -0.000685753 -0.00167306
internal_weight=153.982 115.778 38.2044 69.5688 46.2087 21.2044
internal_count=142 104 38 58 46 21
is_linear=0
shrinkage=0.0168771


Tree=75
num_leaves=7
num_cat=0
split_feature=2 8 0 10 10 12
split_gain=8.88043 5.43049 2.45795 1.05387 0.700567 0.273504
threshold=0.24285714285714288 -0.18313238184366909 21.500000000000004 0.42928571428571433 0.43642857142857155 0.34163089415856773
decision_type=2 2 2 2 2 2
left_child=2 4 -1 5 -2 -3
right_child=1 3 -4 -5 -6 -7
leaf_value=-0.011801554664659991 -0.0031381253208158611 0.0078654735581530147 0 0 0.00022568028919189292 0.003116369891802397
leaf_weight=16.000000000000004 37 28.033115744590759 12.238212227821348 12.212822556495665 11.208701968193052 39.515829920768738
leaf_count=16 37 19 12 12 11 37
internal_value=7.17268e-05 0.00213398 -0.00787967 0.00485479 -0.00194924 0.00564925
internal_weight=156.209 127.97 28.2382 79.7618 48.2087 67.5489
internal_count=144 116 28 68 48 56
is_linear=0
shrinkage=0.0168771


Tree=76
num_leaves=8
num_cat=0
split_feature=2 10 8 1 10 5 1
split_gain=9.81161 3.5606 2.92013 0.906335 0.757293 0.336458 0.138933
threshold=0.25642857142857151 0.27214285714285719 -0.18313238184366909 -6.0552976190476189 0.44071428571428578 18.959285714285716 13.987916666666671
decision_type=2 2 2 2 2 2 2
left_child=1 -1 4 -4 6 -5 -2
right_child=2 -3 3 5 -6 -7 -8
leaf_value=-0.0097249210966012817 -0.0027442242840946063 0 0.00025078474039316712 0.0014056036517565657 0.0023523629058319682 0.0075304456809196915 0
leaf_weight=27 19.000000000000004 14.438212275505064 18 15.333461999893187 13.417403936386107 34.700443744659424 9.9999999999999982
leaf_count=27 19 14 18 14 13 25 10
internal_value=0.000180809 -0.00639695 0.00294737 0.00505986 -5.38317e-05 0.00625752 -0.00198271
internal_weight=151.89 41.4382 110.451 68.0339 42.4174 50.0339 29
internal_count=140 41 99 57 42 39 29
is_linear=0
shrinkage=0.0168771


Tree=77
num_leaves=6
num_cat=0
split_feature=0 10 8 1 10
split_gain=14.1562 4.92788 3.63829 1.0284 0.500666
threshold=13.000000000000002 0.24285714285714288 -0.18313238184366909 -6.4688095238095222 0.43642857142857155
decision_type=2 2 2 2 2
left_child=-1 -2 4 -4 -3
right_child=1 2 3 -5 -6
leaf_value=-0.01388226146173167 -0.0052168966241804967 -0.0019965290982971715 0.00060406860230888054 0.0064711707252763347 0.0013573719349184645
leaf_weight=15.999999999999998 20 29 21.200000047683716 56.229949116706848 11.417403936386107
leaf_count=16 20 29 21 44 11
internal_value=-4.25296e-05 0.00165878 0.00310905 0.005224 -0.000504162
internal_weight=153.847 137.847 117.847 77.4299 40.4174
internal_count=141 125 105 65 40
is_linear=0
shrinkage=0.0168771


Tree=78
num_leaves=6
num_cat=0
split_feature=3 8 13 8 3
split_gain=9.07813 3.66627 1.7765 1.4805 0.75668
threshold=0.24785714285714289 -0.18313238184366909 0.4540609717369079 -0.031012018249991054 0.4121428571428572
decision_type=2 2 2 2 2
left_child=3 4 -3 -1 -2
right_child=1 2 -4 -5 -6
leaf_value=-0.0091769179956993126 -0.0028316997868053357 0.0065686964689799085 0.00047942803237306766 0 0.00092657198262955298
leaf_weight=25 30 46.584146618843079 31.416803479194641 11.200000047683714 14.417403936386107
leaf_count=25 30 35 31 11 14
internal_value=0 0.00228891 0.00449877 -0.00702286 -0.00115623
internal_weight=158.618 122.418 78.001 36.2 44.4174
internal_count=146 110 66 36 44
is_linear=0
shrinkage=0.0168771


Tree=79
num_leaves=6
num_cat=0
split_feature=10 1 1 10 10
split_gain=9.56456 6.73487 3.1492 1.06065 0.416095
threshold=0.27214285714285719 1.2562500000000003 4.2558928571428583 0.39214285714285718 0.41571428571428576
decision_type=2 2 2 2 2
left_child=1 -1 3 -2 -4
right_child=2 -3 4 -5 -6
leaf_value=0.0019659608852990798 0.0073368780191535267 -0.0094345785400585004 -0.0018508069259153027 0.0010183896132402175 0.001113799027099942
leaf_weight=16.385759592056274 30.261873364448547 42 30 23.544785499572754 11.208701968193052
leaf_count=15 22 42 30 22 11
internal_value=-0.000597394 -0.005928 0.00252822 0.00516167 -0.00051605
internal_weight=153.401 58.3858 95.0154 53.8067 41.2087
internal_count=142 57 85 44 41
is_linear=0
shrinkage=0.0168771


Tree=80
num_leaves=6
num_cat=0
split_feature=2 8 10 5 1
split_gain=9.96947 4.85895 1.44447 1.29526 1.12915
threshold=0.23571428571428579 -0.18313238184366909 0.29928571428571432 17.237857142857148 -6.6589880952380947
decision_type=2 2 2 2 2
left_child=-1 2 -2 -3 -5
right_child=1 3 -4 4 -6
leaf_value=-0.0097306353142623172 -0.0048259525795192864 0 9.4097334643309744e-05 0 0.0067638829159673321
leaf_weight=21 20 15.200000047683714 35.417403936386108 11.999999999999998 52.432832002639771
leaf_count=21 20 15 35 12 41
internal_value=0.000174844 0.00205065 -0.00144963 0.00472329 0.00572912
internal_weight=156.05 135.05 55.4174 79.6328 64.4328
internal_count=144 123 55 68 53
is_linear=0
shrinkage=0.0168771


Tree=81
num_leaves=7
num_cat=0
split_feature=2 8 0 13 3 0
split_gain=7.13668 2.97921 1.76182 1.11681 0.513344 0.151283
threshold=0.24285714285714288 -0.15346362755822371 21.500000000000004 0.4540609717369079 0.4121428571428572 72.500000000000014
decision_type=2 2 2 2 2 2
left_child=2 4 -1 -3 5 -2
right_child=1 3 -4 -5 -6 -7
leaf_value=-0.010583065096936779 -0.0031206376669531402 0.0053251187121024146 -0.00071958929412717614 0.00039850396117725831 0.00054908119478014664 0
leaf_weight=16.000000000000004 24 49.657691597938538 15.238212227821348 32.416803479194641 11.208701968193052 11.999999999999998
leaf_count=16 24 39 15 32 11 12
internal_value=0 0.0017541 -0.00690004 0.00372344 -0.00123987 -0.00237235
internal_weight=160.521 129.283 31.2382 82.0745 47.2087 36
internal_count=149 118 31 71 47 36
is_linear=0
shrinkage=0.0168771


Tree=82
num_leaves=7
num_cat=0
split_feature=3 1 12 8 10 1
split_gain=9.70401 2.4918 1.70853 1.45326 0.491017 0.488633
threshold=0.24785714285714289 7.7863095238095257 0.34163089415856773 -0.031012018249991054 0.44071428571428578 -1.7710714285714289
decision_type=2 2 2 2 2 2
left_child=3 2 -2 -1 -3 -4
right_child=1 4 5 -5 -6 -7
leaf_value=-0.008830755875762316 0.0070840646843798949 -0.001737448353566623 0.0023179979605374682 -0.00030329028583583087 0.0015667075867506822 -0.00048539813636748464
leaf_weight=29 32.53341543674469 35 40.265720248222351 14.200000047683714 11.208701968193052 9.9999999999999982
leaf_count=29 22 35 38 14 11 10
internal_value=0 0.0022831 0.00402432 -0.00671022 -0.000434199 0.0013427
internal_weight=172.208 129.008 82.7991 43.2 46.2087 50.2657
internal_count=159 116 70 43 46 48
is_linear=0
shrinkage=0.0168771


Tree=83
num_leaves=6
num_cat=0
split_feature=0 8 10 13 10
split_gain=10.7773 3.14876 2.05405 1.51099 0.569646
threshold=13.000000000000002 -0.18313238184366909 0.24785714285714289 0.40498826402621591 0.26571428571428574
decision_type=2 2 2 2 2
left_child=-1 4 -3 -4 -2
right_child=1 2 3 -5 -6
leaf_value=-0.012947315503350905 -0.0039785268989546508 -0.00077974780763383038 0.0067456157328931671 0.00067893984602836167 0
leaf_weight=12.999999999999998 11.999999999999998 14.999999999999998 45.810740113258362 28.200000047683716 46.208701968193054
leaf_count=13 12 15 34 28 46
internal_value=0.000108964 0.00164018 0.00365339 0.00483879 -0.00109899
internal_weight=160.219 147.219 89.0107 74.0107 58.2087
internal_count=148 135 77 62 58
is_linear=0
shrinkage=0.0168771


Tree=84
num_leaves=8
num_cat=0
split_feature=0 10 8 8 10 10 7
split_gain=9.693 3.51838 1.89609 1.19821 0.916814 0.384413 0.173164
threshold=13.000000000000002 0.26571428571428574 -0.15346362755822371 0.070964021734350055 0.38785714285714284 0.44071428571428578 17.002857142857149
decision_type=2 2 2 2 2 2 2
left_child=-1 3 5 6 -4 -3 -2
right_child=1 2 4 -5 -6 -7 -8
leaf_value=-0.013102981265043296 -0.0059436320058831819 -0.00077516199179984062 0.0063596383191632834 0.00031089008588827455 0.00088892651153602324 0.0022444809602850209 -0.00039144547662814296
leaf_weight=11.999999999999998 17.000000000000004 34 38.22176718711853 12.40886330604553 26.252598404884338 14.417403936386107 12.999999999999998
leaf_count=12 17 34 29 12 24 14 13
internal_value=0 0.00112502 0.00276535 -0.00264391 0.00459954 0 -0.00446651
internal_weight=167.301 155.301 112.892 42.4089 64.4744 48.4174 30
internal_count=155 143 101 42 53 48 30
is_linear=0
shrinkage=0.0168771


Tree=85
num_leaves=8
num_cat=0
split_feature=3 8 8 12 0 10 12
split_gain=5.95278 1.90724 1.18076 0.952845 0.639526 0.367008 0.132315
threshold=0.24785714285714289 -0.18313238184366909 -0.031012018249991054 0.24833677921976369 25.500000000000004 0.44071428571428578 0.57716973551682071
decision_type=2 2 2 2 2 2 2
left_child=2 5 4 -3 -1 -2 -5
right_child=1 3 -4 6 -6 -7 -8
leaf_value=-0.0098498182526069161 -0.0013022565203037902 0.0069620529564886173 0 0 -0.00085044082921162487 0.0016943919062264096 0.0024520015467762442
leaf_weight=11.000000000000002 26 30.041418313980103 12.200000047683714 10.893171429634092 10.999999999999998 16.417403936386108 41.916839838027954
leaf_count=11 26 20 12 10 11 16 40
internal_value=0.000994418 0.00281338 -0.0047618 0.0042619 -0.00687583 0 0.00203978
internal_weight=159.469 125.269 34.2 82.8514 22 42.4174 52.81
internal_count=146 112 34 70 22 42 50
is_linear=0
shrinkage=0.0168771


Tree=86
num_leaves=7
num_cat=0
split_feature=2 8 8 13 13 5
split_gain=9.37807 2.97275 2.06444 1.86748 1.07743 0.204546
threshold=0.25642857142857151 1.2684949168137147 -0.18313238184366909 0.40498826402621591 -0.10326434779682422 18.590000000000003
decision_type=2 2 2 2 2 2
left_child=1 4 5 -4 -1 -2
right_child=2 -3 3 -5 -6 -7
leaf_value=-0.00066396483034762059 -0.0018131825693893551 0 0.0063578674710436985 4.8138074627033921e-05 -0.010444837259769083 0.00030181633026382437
leaf_weight=9.9999999999999982 13.999999999999998 10.438212275505064 43.933282017707825 29.200000047683716 25 26.208701968193054
leaf_count=10 14 10 32 29 25 26
internal_value=0 -0.00626423 0.00257996 0.00423177 -0.00850746 0
internal_weight=158.78 45.4382 113.342 73.1333 35 40.2087
internal_count=146 45 101 61 35 40
is_linear=0
shrinkage=0.0168771


Tree=87
num_leaves=7
num_cat=0
split_feature=0 8 10 7 10 0
split_gain=8.68157 3.412 1.76439 0.708977 0.500802 0.498709
threshold=13.000000000000002 0.31706491986378321 0.29928571428571432 17.672857142857143 0.41928571428571432 71.500000000000014
decision_type=2 2 2 2 2 2
left_child=-1 2 3 -2 -3 -4
right_child=1 4 5 -5 -6 -7
leaf_value=-0.011912500621263044 -0.0049737987077970499 0.0048181948764636278 0.0023616454636043649 0 0 -0.00030732536564711713
leaf_weight=12.999999999999998 26 51.942431211471558 30.165410876274109 9.9999999999999982 11.216803431510924 20
leaf_count=13 26 43 27 10 11 20
internal_value=0 0.00118676 -0.000788738 -0.0036321 0.00413704 0.000916784
internal_weight=162.325 149.325 86.1654 36 63.1592 50.1654
internal_count=150 137 83 36 54 47
is_linear=0
shrinkage=0.0168771


Tree=88
num_leaves=6
num_cat=0
split_feature=0 8 10 1 1
split_gain=7.20111 3.32563 2.20769 0.498194 0.270236
threshold=13.000000000000002 0.31706491986378321 0.30928571428571433 -7.2618452380952361 13.494404761904761
decision_type=2 2 2 2 2
left_child=-1 2 -2 -3 -4
right_child=1 3 4 -5 -6
leaf_value=-0.011028400834538666 -0.0044083825840105376 0 0.0017252646741330137 0.0047311879631252458 0
leaf_weight=12.999999999999998 33 14.999999999999998 33.69055187702179 46.501203656196594 18
leaf_count=13 33 15 31 39 18
internal_value=-0.000125896 0.000889882 -0.00107433 0.00386895 0.000765326
internal_weight=159.192 146.192 84.6906 61.5012 51.6906
internal_count=149 136 82 54 49
is_linear=0
shrinkage=0.0168771


Tree=89
num_leaves=7
num_cat=0
split_feature=3 0 8 12 13 9
split_gain=6.47964 2.0785 1.65036 0.691508 0.555841 0.154032
threshold=0.26928571428571441 16.500000000000004 -0.18313238184366909 -0.10013294349690632 0.40498826402621591 19.125714285714288
decision_type=2 2 2 2 2 2
left_child=1 -1 5 -3 -4 -2
right_child=2 3 4 -5 -6 -7
leaf_value=-0.010180600169995018 0.00014280330405257641 -0.0034832082544467889 0.0052197506535825253 0 0.00082644619505568514 -0.0015171680683992296
leaf_weight=13.999999999999998 22.208701968193054 25 39.26530909538269 15.204431653022764 29.416803479194641 15.999999999999998
leaf_count=14 22 25 29 15 29 16
internal_value=-3.7643e-05 -0.00477582 0.00222392 -0.00181289 0.00376145 -6.54336e-05
internal_weight=161.095 54.2044 106.891 40.2044 68.6821 38.2087
internal_count=150 54 96 40 58 38
is_linear=0
shrinkage=0.0168771


Tree=90
num_leaves=8
num_cat=0
split_feature=6 8 12 10 6 10 2
split_gain=5.59418 2.2891 2.12406 0.548977 0.542743 0.472843 0.323061
threshold=17.334285714285716 -0.031012018249991054 -0.08827419246413877 0.42928571428571433 18.700000000000003 0.4121428571428572 0.25500000000000006
decision_type=2 2 2 2 2 2 2
left_child=1 6 5 4 -4 -2 -1
right_child=2 -3 3 -5 -6 -7 -8
leaf_value=-0.010343451366083499 -0.0017473578794331777 0 0 0 0.0055776244607567823 0.0011892907143290386 -0.0017766749835442231
leaf_weight=15.000000000000002 34.204431653022766 12.447611093521116 12.42065370082855 9.9999999999999982 38.430724024772644 16.865847587585449 10.999999999999998
leaf_count=15 34 12 12 10 30 16 11
internal_value=0 -0.00542323 0.00181166 0.00391086 0.00458779 -0.000350419 -0.00803882
internal_weight=150.369 38.4476 111.922 60.8514 50.8514 51.0703 26
internal_count=140 38 102 52 42 50 26
is_linear=0
shrinkage=0.0168771


Tree=91
num_leaves=7
num_cat=0
split_feature=10 12 12 10 3 2
split_gain=6.95152 3.08066 1.16587 0.646725 0.579332 0.385541
threshold=0.26571428571428574 0.34163089415856773 -0.12298964110336134 0.42928571428571433 0.43714285714285722 0.25642857142857151
decision_type=2 2 2 2 2 2
left_child=1 5 4 -4 -2 -1
right_child=2 -3 3 -5 -6 -7
leaf_value=-0.0088856096739744397 -0.00053861927580603388 0.00048029001623404565 0.0048233655972752401 0 0.0031882927853587994 -0.00093545811481787885
leaf_weight=25 36.352153897285461 13.696841239929197 51.49317455291748 9.9999999999999982 12.241121649742125 9.9999999999999982
leaf_count=25 35 13 43 10 11 10
internal_value=0.000102334 -0.00488538 0.00257615 0.00409789 9.22793e-05 -0.00745195
internal_weight=158.783 48.6968 110.086 61.4932 48.5933 35
internal_count=147 48 99 53 46 35
is_linear=0
shrinkage=0.0168771


Tree=92
num_leaves=7
num_cat=0
split_feature=3 1 1 1 5 1
split_gain=7.23128 2.55783 1.51906 0.691934 0.482016 0.25189
threshold=0.26928571428571441 1.2562500000000003 7.7863095238095257 7.7863095238095257 18.742142857142859 -6.0552976190476189
decision_type=2 2 2 2 2 2
left_child=1 -1 4 -3 -2 -6
right_child=2 3 -4 -5 5 -7
leaf_value=0.0012962115056056416 2.5723779351875737e-05 -0.0081546964906107858 0 -0.0016108537204358921 0.00064534311483953051 0.0062152410251594134
leaf_weight=11.604431748390196 14.955966830253599 25 32.208701968193054 20 13.438212275505064 41.304903268814087
leaf_count=11 14 25 32 20 13 30
internal_value=0.0004167 -0.00412856 0.00319982 -0.00598911 0.00455402 0.00533851
internal_weight=158.512 56.6044 101.908 45 69.6991 54.7431
internal_count=145 56 89 45 57 43
is_linear=0
shrinkage=0.0168771


Tree=93
num_leaves=7
num_cat=0
split_feature=0 1 0 1 1 9
split_gain=6.09956 2.33538 0.67681 0.509161 0.304057 0.206679
threshold=13.000000000000002 4.2558928571428583 68.500000000000014 9.427500000000002 -1.7710714285714289 19.125714285714288
decision_type=2 2 2 2 2 2
left_child=-1 2 4 -3 -2 -5
right_child=1 3 -4 5 -6 -7
leaf_value=-0.010511546030586436 0.0018951141768415284 -0.0034170780511891788 0.0057965914855011395 0.00091061691377151022 0 -0.0013253883629647594
leaf_weight=12.999999999999998 35.502633571624756 24 16.899271607398987 17.417403936386108 12.322010874748228 21
leaf_count=13 34 24 11 17 11 21
internal_value=-0.000587988 0.000467144 0.00278427 -0.00160949 0.00100617 0
internal_weight=140.141 127.141 64.7239 62.4174 47.8246 38.4174
internal_count=131 118 56 62 45 38
is_linear=0
shrinkage=0.0168771


Tree=94
num_leaves=8
num_cat=0
split_feature=2 8 10 8 13 7 3
split_gain=6.7028 2.26009 2.4848 1.62146 0.388233 0.304996 0.215438
threshold=0.25642857142857151 -0.031012018249991054 0.27857142857142864 0.31706491986378321 0.4540609717369079 17.672857142857143 0.36142857142857149
decision_type=2 2 2 2 2 2 2
left_child=1 2 -1 5 -5 -2 -7
right_child=3 -3 -4 4 -6 6 -8
leaf_value=-0.011575645472356021 -0.0021474507204360931 0 0 0.0049757327326659714 0.00010492406395876641 0.0021606600693315544 0
leaf_weight=19.000000000000004 12.999999999999998 20.200000047683716 9.9999999999999982 34.256769061088562 17 13.117901325225828 36.958208560943604
leaf_count=19 13 20 10 26 17 12 35
internal_value=-0.000378296 -0.00551478 -0.00835664 0.00172299 0.00386667 0 0.000504416
internal_weight=163.533 49.2 29 114.333 51.2568 63.0761 50.0761
internal_count=152 49 29 103 43 60 47
is_linear=0
shrinkage=0.0168771


Tree=95
num_leaves=8
num_cat=0
split_feature=3 8 10 8 10 6 10
split_gain=4.67937 1.67673 1.0428 1.06279 0.668767 1.02897 0.481992
threshold=0.26928571428571441 -0.15346362755822371 0.27214285714285719 -0.031012018249991054 0.41928571428571432 18.700000000000003 0.44714285714285723
decision_type=2 2 2 2 2 2 2
left_child=2 6 3 -1 5 -3 -2
right_child=1 4 -4 -5 -6 -7 -8
leaf_value=-0.0072801761730714046 -0.0020760428087433372 0 0 0 0 0.0056370198954471869 0.0014211934433124148
leaf_weight=23.999999999999996 24 17.097781658172607 13.200000047683714 15.000000000000002 13.855271100997923 43.083931446075439 10.417403936386107
leaf_count=24 24 16 13 15 13 33 10
internal_value=9.37806e-06 0.00213179 -0.00387307 -0.00517796 0.00356514 0.00430352 -0.000388682
internal_weight=160.654 108.454 52.2 39 74.037 60.1817 34.4174
internal_count=148 96 52 39 62 49 34
is_linear=0
shrinkage=0.0168771


Tree=96
num_leaves=7
num_cat=0
split_feature=10 8 8 10 10 12
split_gain=5.76564 3.31115 2.32705 0.932047 0.283336 0.177251
threshold=0.27214285714285719 -0.031012018249991054 -0.18313238184366909 0.38785714285714284 0.41571428571428576 0.51691918287958427
decision_type=2 2 2 2 2 2
left_child=1 -1 4 5 -2 -4
right_child=2 -3 3 -5 -6 -7
leaf_value=-0.0077098937930002555 -0.0013437618866951732 0 0.0082047034315683547 0.00021716798497440856 0.0011610702197433682 0.0020636158962059102
leaf_weight=30 29 27.34539270401001 19.658234357833862 19.324476599693298 14.208701968193052 17.531765937805176
leaf_count=30 29 26 12 18 14 16
internal_value=0 -0.00410085 0.0024753 0.00466209 -1.27059e-05 0.0062291
internal_weight=157.069 57.3454 99.7232 56.5145 43.2087 37.19
internal_count=145 56 89 46 43 28
is_linear=0
shrinkage=0.0168771


Tree=97
num_leaves=7
num_cat=0
split_feature=10 8 8 10 10 13
split_gain=4.32101 2.05702 1.43972 0.732383 0.271525 0.14616
threshold=0.26571428571428574 0.070964021734350055 -0.15346362755822371 0.4121428571428572 0.41571428571428576 0.65977696493104288
decision_type=2 2 2 2 2 2
left_child=1 -1 4 5 -2 -4
right_child=2 -3 3 -5 -6 -7
leaf_value=-0.0056445964941765504 -0.0014028094848133939 0.00090302742341186214 0.0055703811263342999 0 0.0012295588312041762 0.00033069882291856769
leaf_weight=38 24 11.492409586906431 34.49123215675354 16.657541036605835 13.208701968193052 12.200000047683714
leaf_count=38 24 11 26 15 13 12
internal_value=6.5197e-05 -0.00373077 0.00220262 0.00371006 0 0.0047531
internal_weight=150.05 49.4924 100.557 63.3488 37.2087 46.6912
internal_count=139 49 90 53 37 38
is_linear=0
shrinkage=0.0168771


Tree=98
num_leaves=7
num_cat=0
split_feature=2 8 11 13 10 4
split_gain=5.24408 2.11197 0.913542 0.643225 0.523459 0.25504
threshold=0.24285714285714288 -0.18313238184366909 17.237857142857148 0.4540609717369079 0.43642857142857155 18.746428571428574
decision_type=2 2 2 2 2 2
left_child=2 4 -1 -3 5 -2
right_child=1 3 -4 -5 -6 -7
leaf_value=-0.0072707909955320536 -0.0037495840139648816 0.0047287573683377484 0 0.00027606225362047124 0.00082823289570762074 0
leaf_weight=24 14.000000000000002 45.613932132720947 10.238212227821348 26.200000047683716 15.208701968193052 17
leaf_count=24 14 36 10 26 15 17
internal_value=0 0.0016546 -0.005594 0.0034784 -0.000761649 -0.00220681
internal_weight=152.261 118.023 34.2382 71.8139 46.2087 31
internal_count=142 108 34 62 46 31
is_linear=0
shrinkage=0.0168771


Tree=99
num_leaves=8
num_cat=0
split_feature=4 1 14 0 10 14 13
split_gain=5.70219 1.8764 1.2592 0.924755 0.655539 0.396778 0.12467
threshold=17.811428571428575 1.2562500000000003 19.609285714285715 19.500000000000004 0.41928571428571432 18.377142857142868 0.65977696493104288
decision_type=2 2 2 2 2 2 2
left_child=1 -1 5 -3 6 -2 -4
right_child=2 3 4 -5 -6 -7 -8
leaf_value=0.00013191509523675216 0.0022252944745414205 -0.0095333723355060084 0.0058631476059577718 -0.0024854350554701973 0 -0.0010286126344944847 0.00062919687508105812
leaf_weight=12.641307353973387 13.417403936386107 14.999999999999998 30.789485216140747 31 12.855271100997923 27.463507771492004 13.200000047683714
leaf_count=12 13 15 21 31 12 27 13
internal_value=0 -0.00411054 0.00240914 -0.00567311 0.00397193 0 0.00490724
internal_weight=156.367 58.6413 97.7257 46 56.8448 40.8809 43.9895
internal_count=144 58 86 46 46 40 34
is_linear=0
shrinkage=0.0168771


Tree=100
num_leaves=7
num_cat=0
split_feature=14 8 6 1 10 8
split_gain=5.11114 1.62372 0.674955 0.577835 0.286702 0.135598
threshold=16.630714285714287 -0.18313238184366909 17.022857142857148 -6.4688095238095222 0.44071428571428578 -0.18313238184366909
decision_type=2 2 2 2 2 2
left_child=5 4 -3 -4 -2 -1
right_child=1 2 3 -5 -6 -7
leaf_value=-0.0087775315459444805 -0.0016953263243762553 0 0 0.0042784299915675584 0.00027989222159450507 -0.0012108477839547099
leaf_weight=13.000000000000002 36 13.495222091674803 19 53.727613806724548 11.208701968193052 10.40443170070648
leaf_count=13 36 13 19 43 11 10
internal_value=0 0.0013508 0.00276199 0.00339576 -0.000790087 -0.00677217
internal_weight=156.836 133.432 86.2228 72.7276 47.2087 23.4044
internal_count=145 122 75 62 47 23
is_linear=0
shrinkage=0.0168771


Tree=101
num_leaves=6
num_cat=0
split_feature=3 12 8 13 10
split_gain=5.56789 1.92832 1.38907 1.1278 0.448061
threshold=0.25285714285714289 -0.08827419246413877 -0.031012018249991054 0.40498826402621591 0.4121428571428572
decision_type=2 2 2 2 2
left_child=2 4 -1 -3 -2
right_child=1 3 -4 -5 -6
leaf_value=-0.0072331342226766597 -0.0017906522530369709 0.0054225041155732435 0 0.00018482073672674041 0.00087149529613469643
leaf_weight=29 34.463507771492004 37.010283827781677 14.200000047683714 30.416803479194641 20.518872618675232
leaf_count=29 34 27 14 30 19
internal_value=-0.000127038 0.00158439 -0.00525624 0.00348402 -0.000416098
internal_weight=165.609 122.409 43.2 67.4271 54.9824
internal_count=153 110 43 57 53
is_linear=0
shrinkage=0.0168771


Tree=102
num_leaves=6
num_cat=0
split_feature=0 12 13 4 5
split_gain=5.48557 2.27458 1.69537 0.449025 0.148393
threshold=13.000000000000002 -0.12298964110336134 0.38598962676721621 17.262142857142859 17.661428571428576
decision_type=2 2 2 2 2
left_child=-1 3 -3 -2 -4
right_child=1 2 4 -5 -6
leaf_value=-0.0098194062649063461 -0.003129545622863654 0.0049478906757282745 -0.0012795669325936869 0 0.0008232973339336306
leaf_weight=11.999999999999998 19 44.813440799713135 11.999999999999998 49.773678421974182 23.416803479194641
leaf_count=12 19 35 12 48 23
internal_value=0 0.000904933 0.00287147 -0.00109995 0
internal_weight=161.004 149.004 80.2302 68.7737 35.4168
internal_count=149 137 70 67 35
is_linear=0
shrinkage=0.0168771


Tree=103
num_leaves=6
num_cat=0
split_feature=2 12 13 3 13
split_gain=5.89397 1.97893 1.25752 0.625808 0.622193
threshold=0.25642857142857151 -0.08827419246413877 -0.32267963336422445 0.4121428571428572 0.40498826402621591
decision_type=2 2 2 2 2
left_child=2 3 -1 -2 -3
right_child=1 4 -4 -5 -6
leaf_value=0 -0.0014213399919048323 0.0058592705689214748 -0.0064233558089451569 0.0023211456884685193 0.00088728245184758754
leaf_weight=11.200000047683714 38.889152884483337 31.761588215827942 35 14.495420694351195 26.416803479194641
leaf_count=11 38 22 35 13 26
internal_value=0 0.00203197 -0.00495559 0 0.00411866
internal_weight=157.763 111.563 46.2 53.3846 58.1784
internal_count=145 99 46 51 48
is_linear=0
shrinkage=0.0168771


Tree=104
num_leaves=7
num_cat=0
split_feature=6 0 12 12 12 7
split_gain=4.92516 1.7776 1.20822 0.57704 0.172537 0.13471
threshold=18.040714285714287 13.000000000000002 -0.12298964110336134 -0.12298964110336134 0.58805652175630863 17.002857142857149
decision_type=2 2 2 2 2 2
left_child=1 -1 -2 5 -4 -3
right_child=2 3 4 -5 -6 -7
leaf_value=-0.009594505521966501 0 -0.0046427642817049759 0.0064959733856349358 0 0.0020123229161419882 0
leaf_weight=9.9999999999999982 31.739939451217651 11.000000000000002 17.542112827301025 21.85647439956665 34.916839838027954 13.999999999999998
leaf_count=10 30 11 11 21 33 14
internal_value=0 -0.00361183 0.00267454 -0.00139749 0.00417951 -0.00306107
internal_weight=141.055 56.8565 84.1989 46.8565 52.459 25
internal_count=130 56 74 46 44 25
is_linear=0
shrinkage=0.0168771


Tree=105
num_leaves=6
num_cat=0
split_feature=3 13 12 13 14
split_gain=5.22536 2.03981 1.45579 0.590601 0.156594
threshold=0.26428571428571429 -0.32267963336422445 -0.23617284957851684 0.4540609717369079 16.652857142857147
decision_type=2 2 2 2 2
left_child=1 -1 -2 -4 -3
right_child=2 4 3 -5 -6
leaf_value=0 -0.00079741576955282435 -0.0094623039748951976 0.0044172919572913558 3.2745312898598842e-05 -0.0026251964740119358
leaf_weight=12.40443170070648 32.838778734207153 17 37.852484583854675 25.200000047683716 17
leaf_count=12 32 17 29 25 17
internal_value=-0.000535658 -0.00512361 0.00154334 0.00308365 -0.00712825
internal_weight=142.296 46.4044 95.8913 63.0525 34
internal_count=132 46 86 54 34
is_linear=0
shrinkage=0.0168771


Tree=106
num_leaves=7
num_cat=0
split_feature=2 8 8 13 11 9
split_gain=3.11084 1.30424 0.919708 0.643258 0.244514 0.201953
threshold=0.26214285714285718 -0.15346362755822371 -0.031012018249991054 0.04078775503772443 17.334285714285716 19.125714285714288
decision_type=2 2 2 2 2 2
left_child=2 5 4 -3 -1 -2
right_child=1 3 -4 -5 -6 -7
leaf_value=-0.0070709574200644139 0 0.0047183262414198035 0 0.00048331616183009508 -0.00040766233671147195 -0.0017940220961201708
leaf_weight=15.000000000000002 23 35.831593036651611 18.438212275505066 33.416803479194641 10.999999999999998 15.999999999999998
leaf_count=15 23 27 18 33 11 16
internal_value=1.49854e-05 0.0016959 -0.00345852 0.00308739 -0.00535246 -0.000282863
internal_weight=152.687 108.248 44.4382 69.2484 26 39
internal_count=143 99 44 60 26 39
is_linear=0
shrinkage=0.0168771


Tree=107
num_leaves=6
num_cat=0
split_feature=0 5 10 1 10
split_gain=6.98793 1.3997 0.656165 0.640223 0.857866
threshold=16.500000000000004 19.913571428571434 0.4121428571428572 -1.2251785714285717 0.41571428571428576
decision_type=2 2 2 2 2
left_child=-1 3 -3 -2 -5
right_child=1 2 -4 4 -6
leaf_value=-0.0093620456099760812 0.0018320761105449562 0.0049099463121005313 0 -0.0022431607505279953 0.001452648019121321
leaf_weight=18.220653653144836 29.604305028915405 27.355748057365417 14.888646125793455 52 16.630226492881775
leaf_count=18 27 21 14 52 16
internal_value=-0.000195998 0.00100267 0.0034671 0 -0.00101157
internal_weight=158.7 140.479 42.2444 98.2345 68.6302
internal_count=148 130 35 95 68
is_linear=0
shrinkage=0.0168771


Tree=108
num_leaves=7
num_cat=0
split_feature=6 8 8 2 10 10
split_gain=3.33329 1.99734 1.67995 0.490449 0.483369 0.129718
threshold=17.334285714285716 -0.031012018249991054 -0.15346362755822371 0.25500000000000006 0.39214285714285718 0.41571428571428576
decision_type=2 2 2 2 2 2
left_child=1 3 5 -1 -4 -2
right_child=2 -3 4 -5 -6 -7
leaf_value=-0.0082858208184933037 -0.0011063305163548207 0 0.0048458781576441205 -0.00052919056339558216 0.00031356401759267819 8.7496537902719264e-05
leaf_weight=16.000000000000004 30 15.904085397720335 38.230135560035706 10.999999999999998 22.363476872444153 12.999999999999998
leaf_count=16 30 15 30 11 21 13
internal_value=4.90697e-05 -0.00360017 0.00182808 -0.00623458 0.00361728 -0.000274505
internal_weight=146.498 42.9041 103.594 27 60.5936 43
internal_count=136 42 94 27 51 43
is_linear=0
shrinkage=0.0168771


Tree=109
num_leaves=6
num_cat=0
split_feature=0 10 0 12 5
split_gain=5.66645 2.17958 0.811152 0.750391 0.544331
threshold=11.500000000000002 0.26571428571428574 72.500000000000014 0.34163089415856773 19.077857142857148
decision_type=2 2 2 2 2
left_child=-1 3 4 -2 -3
right_child=1 2 -4 -5 -6
leaf_value=-0.0093969612111356494 -0.0034274098462929534 0.00078433747541443576 0 4.6058615408289716e-05 0.004424902290154408
leaf_weight=12.999999999999998 27 39.583961963653564 23.489121913909912 15.696841239929197 50.836542844772339
leaf_count=13 27 38 23 15 41
internal_value=6.25286e-05 0.00114565 0.00243467 -0.0017376 0.0031456
internal_weight=169.606 156.606 113.91 42.6968 90.4205
internal_count=157 144 102 42 79
is_linear=0
shrinkage=0.0168771


Tree=110
num_leaves=7
num_cat=0
split_feature=2 8 14 8 13 3
split_gain=4.86702 1.4811 1.24607 1.0972 0.482569 0.21809
threshold=0.25642857142857151 -0.031012018249991054 17.175714285714289 -0.18313238184366909 0.4540609717369079 0.4121428571428572
decision_type=2 2 2 2 2 2
left_child=1 2 -1 5 -5 -2
right_child=3 -3 -4 4 -6 -7
leaf_value=-0.0095205954704094924 -0.0010629220979885344 0 -1.5472589674804069e-05 0.0040990243785881692 0.00014473681513929183 0.0010256312687821111
leaf_weight=18.000000000000004 35 16.438212275505066 10.999999999999998 40.038297414779663 27.416803479194641 15.417403936386107
leaf_count=18 35 16 11 30 27 15
internal_value=-0.000173319 -0.00481054 -0.00694833 0.00150161 0.00288297 0
internal_weight=163.311 45.4382 29 117.873 67.4551 50.4174
internal_count=152 45 29 107 57 50
is_linear=0
shrinkage=0.0168771


Tree=111
num_leaves=6
num_cat=0
split_feature=0 5 1 4 1
split_gain=3.8616 1.76812 0.630785 0.556597 0.177177
threshold=16.500000000000004 19.913571428571434 -1.2251785714285717 19.913571428571434 10.935119047619049
decision_type=2 2 2 2 2
left_child=-1 2 -2 -3 -4
right_child=1 3 4 -5 -6
leaf_value=-0.0073260400453566393 0.001511750205483177 0.0060785619156546967 -0.0021290277259610494 0.00053490577623993183 0
leaf_weight=16.420653700828552 23.821105003356934 16.249383568763733 37.212822556495667 22.641821503639221 33.208701968193054
leaf_count=16 22 10 37 21 33
internal_value=-0.000160098 0.000696982 -0.00036371 0.00364969 -0.00133867
internal_weight=149.554 133.134 94.2426 38.8912 70.4215
internal_count=139 123 92 31 70
is_linear=0
shrinkage=0.0168771


Tree=112
num_leaves=6
num_cat=0
split_feature=6 8 1 1 3
split_gain=5.66028 1.71995 1.17775 0.436201 0.145126
threshold=17.334285714285716 -0.031012018249991054 4.2558928571428583 -6.6589880952380947 0.4121428571428572
decision_type=2 2 2 2 2
left_child=1 -1 3 -2 -4
right_child=2 -3 4 -5 -6
leaf_value=-0.0072876674475336554 0 0 -0.00089810911567569213 0.0037407796502918534 0.00076223016476954883
leaf_weight=31 18 13.608863353729246 36 51.901663899421692 14.208701968193052
leaf_count=31 18 13 36 41 14
internal_value=-0.000195447 -0.00525288 0.0015806 0.0029712 0
internal_weight=164.719 44.6089 120.11 69.9017 50.2087
internal_count=153 44 109 59 50
is_linear=0
shrinkage=0.0168771


Tree=113
num_leaves=6
num_cat=0
split_feature=5 1 11 11 11
split_gain=2.48667 2.11108 0.926527 0.333434 0.121821
threshold=20.26428571428572 -1.2251785714285717 17.334285714285716 18.377142857142868 18.487857142857148
decision_type=2 2 2 2 2
left_child=1 3 -3 -1 -4
right_child=-2 2 4 -5 -6
leaf_value=0.0033942305163666992 0.0043081276883092353 -0.0047335545618911821 0 0 -0.0012060954089712962
leaf_weight=18.525780320167542 29.844626188278198 33 20 20.963773369789124 27.212822556495667
leaf_count=16 23 33 20 20 27
internal_value=4.99376e-05 -0.00090607 -0.00257209 0.00189352 -0.000426687
internal_weight=149.547 119.702 80.2128 39.4896 47.2128
internal_count=139 116 80 36 47
is_linear=0
shrinkage=0.0168771


Tree=114
num_leaves=6
num_cat=0
split_feature=9 14 13 10 14
split_gain=4.96264 1.05586 0.718431 0.58921 0.176161
threshold=17.002857142857149 19.609285714285715 -0.070191896784088423 0.4121428571428572 17.214285714285719
decision_type=2 2 2 2 2
left_child=2 4 -1 -3 -2
right_child=1 3 -4 -5 -6
leaf_value=-0.00083141283185443247 0.0016770878340956843 0.0045072475746102923 -0.0078673670607415022 0 -0.00038527949260777622
leaf_weight=16.200000047683716 11.775955915451048 32.435388445854187 19 19.607349157333374 56.757871747016907
leaf_count=16 11 25 19 18 56
internal_value=-8.0333e-05 0.0014216 -0.00552862 0.00316442 0
internal_weight=155.777 120.577 35.2 52.0427 68.5338
internal_count=145 110 35 43 67
is_linear=0
shrinkage=0.0168771


Tree=115
num_leaves=8
num_cat=0
split_feature=4 6 1 10 10 3 13
split_gain=3.47149 1.15022 1.1517 0.562356 0.379367 0.320303 0.134551
threshold=16.609285714285718 19.020000000000003 13.297559523809527 0.39214285714285718 0.26571428571428574 0.25285714285714289 0.38598962676721621
decision_type=2 2 2 2 2 2 2
left_child=-1 4 3 -3 5 -2 -6
right_child=1 2 -4 -5 6 -7 -8
leaf_value=-0.0050889329404341542 -0.0033922117770768096 0.0051781233567136618 -0.00059543687669211893 0.00089427429410471847 0.0013863357758281878 0 0
leaf_weight=25 13.000000000000002 36.429956674575806 12.999999999999998 32.793102860450745 25.518095374107361 12.40886330604553 10.999999999999998
leaf_count=25 13 27 13 31 24 12 11
internal_value=0.000209594 0.0013636 0.00265673 0.00357763 -4.9837e-05 -0.00180127 0.00064334
internal_weight=169.15 144.15 82.2231 69.2231 61.927 25.4089 36.5181
internal_count=156 131 71 58 60 25 35
is_linear=0
shrinkage=0.0168771


Tree=116
num_leaves=7
num_cat=0
split_feature=10 8 8 10 10 2
split_gain=4.17922 2.27848 2.24711 0.508748 0.371452 0.231527
threshold=0.26571428571428574 -0.031012018249991054 -0.18313238184366909 0.4121428571428572 0.44071428571428578 0.25642857142857151
decision_type=2 2 2 2 2 2
left_child=1 5 4 -4 -2 -1
right_child=2 -3 3 -5 -6 -7
leaf_value=-0.0084074083869774413 -0.0018524327951454809 0 0.0046107185137015116 0 0.00063369159516959365 -0.0016320898517254909
leaf_weight=19 34 21.492409586906433 47.454442143440247 14.607349157333372 12.208701968193052 13.999999999999998
leaf_count=19 34 21 37 13 12 14
internal_value=-9.51118e-05 -0.00391333 0.00167717 0.00377483 -0.000740588 -0.00652297
internal_weight=162.763 54.4924 108.27 62.0618 46.2087 33
internal_count=150 54 96 50 46 33
is_linear=0
shrinkage=0.0168771


Tree=117
num_leaves=5
num_cat=0
split_feature=3 7 1 1
split_gain=3.62348 1.46719 0.993531 0.150379
threshold=0.23571428571428579 17.15071428571429 13.297559523809527 -6.6589880952380947
decision_type=2 2 2 2
left_child=-1 -2 3 -3
right_child=1 2 -4 -5
leaf_value=-0.0052318618606937298 -0.0024721419734991387 0 -0.00036213589301338739 0.0030772962307062937
leaf_weight=28.200000047683716 19.420653700828552 15.200000047683714 24 79.888450503349304
leaf_count=28 19 15 24 68
internal_value=0 0.00112948 0.0019456 0.00275027
internal_weight=166.709 138.509 119.088 95.0885
internal_count=154 126 107 83
is_linear=0
shrinkage=0.0168771


Tree=118
num_leaves=7
num_cat=0
split_feature=5 8 1 10 2 12
split_gain=3.02518 1.89246 1.27914 0.981566 0.475513 0.453186
threshold=18.590000000000003 -0.031012018249991054 13.834702380952384 0.28571428571428581 0.26214285714285718 1.4104885884693694
decision_type=2 2 2 2 2 2
left_child=1 3 5 4 -1 -2
right_child=2 -3 -4 -5 -6 -7
leaf_value=-0.0081514601499351989 0.003877372361656496 0.00013038730605009858 -0.0014064042043755141 0 -0.00057896823906720236 0
leaf_weight=20.000000000000004 46.554767370223999 23.865176439285278 17 11.999999999999998 10.999999999999998 23.658865928649902
leaf_count=20 37 23 17 12 11 23
internal_value=-0.00010237 -0.00286719 0.0017928 -0.00492178 -0.00640615 0.00289913
internal_weight=154.079 66.8652 87.2136 43 31 70.2136
internal_count=143 66 77 43 31 60
is_linear=0
shrinkage=0.0168771


Tree=119
num_leaves=6
num_cat=0
split_feature=14 1 13 13 4
split_gain=3.91942 0.891104 0.93955 0.161854 0.158731
threshold=16.630714285714287 7.7863095238095257 0.38598962676721621 1.0000000180025095e-35 18.487857142857148
decision_type=2 2 2 2 2
left_child=-1 2 -2 -3 -4
right_child=1 3 4 -5 -6
leaf_value=-0.0068426582663814947 0.0036608377582919602 -0.0014646391387649362 -0.0015301088994851767 0 0.0007402345856852672
leaf_weight=18 45.517692446708679 23 9.9999999999999982 24.208701968193054 24.416803479194641
leaf_count=18 36 23 10 24 24
internal_value=0 0.00102682 0.00214575 -0.000435109 0
internal_weight=145.143 127.143 79.9345 47.2087 34.4168
internal_count=135 117 70 47 34
is_linear=0
shrinkage=0.0168771


Tree=120
num_leaves=6
num_cat=0
split_feature=8 10 7 5 2
split_gain=2.93287 3.01146 0.513148 0.537735 0.466836
threshold=0.31706491986378321 0.28571428571428581 19.117142857142863 18.683571428571433 0.26214285714285718
decision_type=2 2 2 2 2
left_child=1 4 3 -3 -1
right_child=-2 2 -4 -5 -6
leaf_value=-0.0061980325986681932 0.0028874158524635919 0 -0.00044157838195863278 0.0047407477114196506 -0.00025086988406858741
leaf_weight=31 57.772630572319031 15.000000000000002 28.830898284912109 10.851923346519468 13.999999999999998
leaf_count=31 50 15 27 9 14
internal_value=0 -0.0017919 0.000531331 0.00233047 -0.0049435
internal_weight=157.455 99.6828 54.6828 25.8519 45
internal_count=146 96 51 24 45
is_linear=0
shrinkage=0.0168771


Tree=121
num_leaves=6
num_cat=0
split_feature=14 12 4 13 10
split_gain=3.86864 1.19381 1.10923 1.01821 0.257182
threshold=16.630714285714287 -0.12298964110336134 16.644285714285719 0.38598962676721621 0.39214285714285718
decision_type=2 2 2 2 2
left_child=2 4 -1 -3 -2
right_child=1 3 -4 -5 -6
leaf_value=-0.0076368161091658867 -0.0014937040106023163 0.0043557714957196811 0 0 0.00041195460002573409
leaf_weight=18.000000000000004 30 40.494358897209167 11.204431653022764 28.416803479194641 23.078670144081116
leaf_count=18 30 30 11 28 22
internal_value=0 0.00125942 -0.00530466 0.00272554 -0.000286436
internal_weight=151.194 121.99 29.2044 68.9112 53.0787
internal_count=139 110 29 58 52
is_linear=0
shrinkage=0.0168771


Tree=122
num_leaves=6
num_cat=0
split_feature=5 8 8 13 13
split_gain=3.06676 1.23355 0.922761 0.571104 0.295284
threshold=17.237857142857148 -0.18313238184366909 -0.031012018249991054 0.40498826402621591 -0.14276476449826928
decision_type=2 2 2 2 2
left_child=2 -2 4 -3 -1
right_child=1 3 -4 -5 -6
leaf_value=0 0 0.0045618991794313954 0 0.00027043219940983839 -0.0060146934856297419
leaf_weight=10.000000000000002 46.208701968193054 43.040892124176025 21.200000047683716 26.416803479194641 19
leaf_count=10 46 32 21 26 19
internal_value=0.000315657 0.00193608 -0.00289727 0.00331612 -0.0047123
internal_weight=165.866 115.666 50.2 69.4577 29
internal_count=154 104 50 58 29
is_linear=0
shrinkage=0.0168771


Tree=123
num_leaves=6
num_cat=0
split_feature=1 10 2 1 1
split_gain=2.79556 1.89247 0.370556 0.313114 0.12012
threshold=-1.2251785714285717 0.28571428571428581 0.25642857142857151 -7.2618452380952361 13.834702380952384
decision_type=2 2 2 2 2
left_child=3 2 -2 -1 -3
right_child=1 4 -4 -5 -6
leaf_value=0 -0.0061825029651936449 0.0006259407377928617 -0.00037674264152463361 0.0028497133016790548 -0.001033365596644813
leaf_weight=14.999999999999998 27 30.134395122528076 13.999999999999998 46.39565896987915 17
leaf_count=15 27 28 14 39 17
internal_value=-0.000326225 -0.00234633 -0.00486713 0.00219998 0
internal_weight=149.53 88.1344 41 61.3957 47.1344
internal_count=140 86 41 54 45
is_linear=0
shrinkage=0.0168771


Tree=124
num_leaves=7
num_cat=0
split_feature=2 10 0 5 13 13
split_gain=4.85913 1.58014 0.575505 0.655771 0.456909 0.279096
threshold=0.25642857142857151 0.27214285714285719 73.500000000000014 18.221428571428572 0.38598962676721621 -0.10326434779682422
decision_type=2 2 2 2 2 2
left_child=1 5 3 -2 -5 -1
right_child=2 -3 -4 4 -6 -7
leaf_value=-0.00082081204924954181 0 0 -0.00022988590225438233 0.0038737098437791975 0 -0.0078262241648627395
leaf_weight=10.999999999999998 25.665176391601562 13.200000047683714 17 50.264344811439514 23.416803479194641 23
leaf_count=11 25 13 17 40 23 23
internal_value=-8.42924e-05 -0.00461437 0.00163338 0.00216891 0.0029528 -0.00641083
internal_weight=163.546 47.2 116.346 99.3463 73.6811 34
internal_count=152 47 105 88 63 34
is_linear=0
shrinkage=0.0168771


Tree=125
num_leaves=7
num_cat=0
split_feature=0 5 10 7 3 7
split_gain=3.01814 1.00098 0.646575 0.23231 0.295556 0.209979
threshold=16.500000000000004 19.860714285714291 0.4121428571428572 17.15071428571429 0.23000000000000007 18.789285714285715
decision_type=2 2 2 2 2 2
left_child=-1 3 -3 4 -2 -5
right_child=1 2 -4 5 -6 -7
leaf_value=-0.0062964147640830956 0 0.0042358021138324776 0 0.0010750465824634129 -0.0028368737238831277 -0.00056244441839720777
leaf_weight=17.441307306289673 10.000000000000002 26.146602272987366 18.155641436576843 40.605196952819824 15.999999999999998 28.963773369789124
leaf_count=17 10 20 17 39 16 28
internal_value=-0.000109083 0.000618224 0.00267256 -0.000157367 -0.00153396 8.88174e-05
internal_weight=157.313 139.871 44.3022 95.569 26 69.569
internal_count=147 130 37 93 26 67
is_linear=0
shrinkage=0.0168771


Tree=126
num_leaves=7
num_cat=0
split_feature=2 10 13 5 7 7
split_gain=3.40331 1.02099 0.795107 0.651595 0.292812 0.245192
threshold=0.26214285714285718 0.27214285714285719 -0.07759233688262844 18.590000000000003 19.117142857142863 19.661428571428573
decision_type=2 2 2 2 2 2
left_child=1 2 -1 -2 -5 -6
right_child=3 -3 -4 4 5 -7
leaf_value=-0.00023075227510115356 0 0 -0.0072529463339606427 0.0047278499887581371 0 0.0017582717209177563
leaf_weight=14.999999999999998 29.912787437438965 13.200000047683714 20 18.037731170654297 11.999999999999998 45.861887454986572
leaf_count=15 29 13 20 16 12 38
internal_value=0 -0.0036717 -0.00508381 0.0016056 0.00243131 0.00115412
internal_weight=154.012 48.2 35 105.812 75.8996 57.8619
internal_count=143 48 35 95 66 50
is_linear=0
shrinkage=0.0168771


Tree=127
num_leaves=6
num_cat=0
split_feature=0 1 11 8 13
split_gain=2.37387 0.861966 0.769458 0.27155 0.166786
threshold=13.000000000000002 -1.2251785714285717 19.305714285714291 -0.43136048399554999 -0.36670848301478803
decision_type=2 2 2 2 2
left_child=-1 4 3 -3 -2
right_child=1 2 -4 -5 -6
leaf_value=-0.006514367726096152 0.0030686983796845589 0 0.0020710693509671933 -0.0026985372739708356 0.00013405706734086564
leaf_weight=11.999999999999998 31.722459554672241 43.208701968193054 19.343669652938843 26 28.655015707015991
leaf_count=12 26 43 16 26 28
internal_value=0 0.000533579 -0.000322544 -0.00135905 0.00210044
internal_weight=160.93 148.93 88.5524 69.2087 60.3775
internal_count=151 139 85 69 54
is_linear=0
shrinkage=0.0168771


Tree=128
num_leaves=8
num_cat=0
split_feature=10 8 8 10 13 2 10
split_gain=2.90449 2.00766 0.692602 0.479791 0.390381 0.242843 0.118919
threshold=0.26571428571428574 -0.031012018249991054 -0.15346362755822371 0.38785714285714284 -0.12038612100312795 0.26214285714285718 0.44071428571428578
decision_type=2 2 2 2 2 2 2
left_child=1 5 6 4 -4 -1 -2
right_child=2 -3 3 -5 -6 -7 -8
leaf_value=-0.0074250334518476541 -0.00082171190450638096 0 0.0048243423567667244 0 0 -0.00045830453876233171 0.00085180341624122068
leaf_weight=20.000000000000004 31 22.696841239929199 24.949004054069519 28.288093209266663 12.438212275505064 9.9999999999999982 12.208701968193052
leaf_count=20 31 22 18 26 12 10 12
internal_value=-8.04131e-05 -0.00335241 0.00134874 0.00241686 0.00365133 -0.00603012 0
internal_weight=161.581 52.6968 108.884 65.6753 37.3872 30 43.2087
internal_count=151 52 99 56 30 30 43
is_linear=0
shrinkage=0.0168771


Tree=129
num_leaves=7
num_cat=0
split_feature=2 13 8 0 4 13
split_gain=2.90473 1.40497 0.567167 0.398752 0.314271 0.127807
threshold=0.25642857142857151 -0.14276476449826928 -0.18313238184366909 19.500000000000004 19.800000000000004 -0.11537539649110011
decision_type=2 2 2 2 2 2
left_child=1 -1 5 -3 -4 -2
right_child=2 3 4 -5 -6 -7
leaf_value=0 -0.0016181970321180758 -0.0081568593325909277 0.0033402362782190657 -0.0014734754963243812 0.00020766800127038423 0
leaf_weight=14.40000009536743 10.999999999999998 14.999999999999998 30.214582204818726 17 37.971715927124023 33.417403936386108
leaf_count=14 11 15 24 17 34 33
internal_value=-0.000298207 -0.00382476 0.00102073 -0.00566781 0.00199109 -2.61322e-05
internal_weight=159.004 46.4 112.604 32 68.1863 44.4174
internal_count=148 46 102 32 58 44
is_linear=0
shrinkage=0.0168771


Tree=130
num_leaves=6
num_cat=0
split_feature=5 0 1 12 12
split_gain=3.24885 1.40692 1.25076 0.462267 0.461137
threshold=18.590000000000003 16.500000000000004 12.133690476190479 -0.12298964110336134 1.4104885884693694
decision_type=2 2 2 2 2
left_child=1 -1 4 -3 -2
right_child=2 3 -4 -5 -6
leaf_value=-0.007242486663940193 0.0040966858510047893 -0.002249562851220497 -0.00087020236717022059 0.00019560860163821917 8.3014704237841696e-05
leaf_weight=12.999999999999998 52.323389530181885 30 18 25.860906004905701 23.879519581794739
leaf_count=13 40 30 18 25 23
internal_value=2.54375e-05 -0.00255905 0.0021656 -0.000782582 0.00317168
internal_weight=163.064 68.8609 94.2029 55.8609 76.2029
internal_count=149 68 81 55 63
is_linear=0
shrinkage=0.0168771


Tree=131
num_leaves=7
num_cat=0
split_feature=10 8 8 12 10 2
split_gain=2.58442 1.48042 0.605623 0.445695 0.371509 0.174342
threshold=0.27214285714285719 0.070964021734350055 -0.15346362755822371 1.5994997024536133 0.3535714285714287 0.25642857142857151
decision_type=2 2 2 2 2 2
left_child=1 5 -2 4 -4 -1
right_child=2 -3 3 -5 -6 -7
leaf_value=-0.0057892079173713102 0 0.00039416009550067069 0.0047654137352404844 0 0.00028504224161570422 -0.00076356722171484358
leaf_weight=25 43.208701968193054 15.633370637893675 26.20521068572998 12.200000047683714 21.617728710174561 15.999999999999998
leaf_count=25 43 14 18 12 19 16
internal_value=0 -0.00283361 0.00155907 0.0026154 0.00331469 -0.00451933
internal_weight=159.865 56.6334 103.232 60.0229 47.8229 41
internal_count=147 55 92 49 37 41
is_linear=0
shrinkage=0.0168771


Tree=132
num_leaves=8
num_cat=0
split_feature=10 8 8 10 12 0 9
split_gain=2.6447 1.34065 1.05218 0.550408 0.587692 0.246967 0.127545
threshold=0.26571428571428574 0.070964021734350055 -0.18313238184366909 0.38785714285714284 0.24833677921976369 19.500000000000004 19.125714285714288
decision_type=2 2 2 2 2 2 2
left_child=1 5 6 4 -4 -1 -2
right_child=2 -3 3 -5 -6 -7 -8
leaf_value=-0.0070009410163118712 0.00025312155689304744 0.0002934657249138004 0.0062652301829361837 1.52068907330426e-05 0.00049190883387615519 -0.0013164284034683108 -0.00128128206025992
leaf_weight=14.999999999999998 28.208701968193054 11.492409586906431 20.198829889297485 26.093948602676392 19.525959491729736 19 18
leaf_count=15 28 11 12 24 18 19 18
internal_value=6.07671e-05 -0.00309957 0.00158522 0.0029262 0.00418083 -0.00478636 0
internal_weight=157.52 45.4924 112.027 65.8187 39.7248 34 46.2087
internal_count=145 45 100 54 30 34 46
is_linear=0
shrinkage=0.0168771


Tree=133
num_leaves=5
num_cat=0
split_feature=14 0 1 12
split_gain=2.53077 1.74432 0.473645 0.35258
threshold=19.266428571428573 16.500000000000004 -5.4227976190476168 -0.77867765511785225
decision_type=2 2 2 2
left_child=1 -1 -2 -3
right_child=2 3 -4 -5
leaf_value=-0.0068777122898882395 0 -0.0028035730568487494 0.0037455424865460232 0
leaf_weight=13.220653653144835 19 10.999999999999998 38.458269000053406 65.980387568473816
leaf_count=13 19 11 30 65
internal_value=0 -0.0017196 0.0027165 -0.000334549
internal_weight=147.659 90.201 57.4583 76.9804
internal_count=138 89 49 76
is_linear=0
shrinkage=0.0168771


Tree=134
num_leaves=8
num_cat=0
split_feature=0 14 10 8 8 14 13
split_gain=3.30614 1.12082 0.501295 0.394227 0.331921 0.199448 0.147039
threshold=13.000000000000002 19.460714285714289 0.4121428571428572 -0.031012018249991054 -0.43136048399554999 16.951428571428579 0.65977696493104288
decision_type=2 2 2 2 2 2 2
left_child=-1 3 6 4 -2 -5 -3
right_child=1 2 -4 5 -6 -7 -8
leaf_value=-0.0067555921317518225 0 0.004208488052119601 0 0.002441112135707843 -0.0027329860006744546 0 0
leaf_weight=13.999999999999998 39.417403936386108 35.376080751419067 17.820171713829041 15.113063335418703 18 11.999999999999998 14.200000047683714
leaf_count=14 39 25 16 14 18 12 14
internal_value=0.000163337 0.00106086 0.00264934 0 -0.00101105 0.00129834 0.00348169
internal_weight=165.927 151.927 67.3963 84.5305 57.4174 27.1131 49.5761
internal_count=152 138 55 83 57 26 39
is_linear=0
shrinkage=0.0168771


Tree=135
num_leaves=5
num_cat=0
split_feature=0 5 10 8
split_gain=3.05194 1.12186 0.458422 0.325316
threshold=16.500000000000004 20.26428571428572 0.40500000000000008 0.070964021734350055
decision_type=2 2 2 2
left_child=-1 3 -3 -2
right_child=1 2 -4 -5
leaf_value=-0.0064495630217556105 -0.00085940107351316602 0.0047172637751186908 0 0.00096272025700989798
leaf_weight=16.441307306289673 69.259076118469238 20.205875873565674 12.978313684463499 39.549076795578003
leaf_count=16 69 13 12 37
internal_value=-3.62008e-05 0.000666487 0.00326116 0
internal_weight=158.434 141.992 33.1842 108.808
internal_count=147 131 25 106
is_linear=0
shrinkage=0.0168771


Tree=136
num_leaves=6
num_cat=0
split_feature=0 12 10 13 10
split_gain=2.12865 1.14093 0.662713 0.590213 0.348112
threshold=13.000000000000002 -0.24802088737487793 0.41571428571428576 0.04078775503772443 0.24785714285714289
decision_type=2 2 2 2 2
left_child=-1 2 -2 4 -3
right_child=1 3 -4 -5 -6
leaf_value=-0.0062206929367867566 -0.0025072952919600257 0 0.00044109193569759732 0 0.0034856880973230184
leaf_weight=12.999999999999998 45.204431653022766 11.999999999999998 18.634347081184387 39.200000047683716 36.525524020195007
leaf_count=13 45 12 18 39 27
internal_value=-0.00029334 0.000177721 -0.00132915 0.0015291 0.0027181
internal_weight=164.564 151.564 63.8388 87.7255 48.5255
internal_count=154 141 63 78 39
is_linear=0
shrinkage=0.0168771


Tree=137
num_leaves=7
num_cat=0
split_feature=3 8 1 0 5 3
split_gain=2.91253 1.16978 0.431344 0.358806 0.249265 0.17427
threshold=0.23571428571428579 -0.18313238184366909 -7.2618452380952361 27.500000000000004 18.959285714285716 0.4121428571428572
decision_type=2 2 2 2 2 2
left_child=3 5 -3 -1 -4 -2
right_child=1 2 4 -5 -6 -7
leaf_value=-0.0061531804833234007 -0.0012917226591504247 0 4.8602696675770187e-05 0 0.0037136889284659605 3.4056191404307328e-06
leaf_weight=17.000000000000004 37 13.999999999999998 20.789775133132935 9.9999999999999982 46.95933210849762 9.9999999999999982
leaf_count=17 37 14 19 10 36 10
internal_value=0 0.00116205 0.00241562 -0.00466784 0.00295465 -0.000582925
internal_weight=155.749 128.749 81.7491 27 67.7491 47
internal_count=143 116 69 27 55 47
is_linear=0
shrinkage=0.0168771


Tree=138
num_leaves=7
num_cat=0
split_feature=10 8 8 10 10 2
split_gain=4.19393 1.37974 0.581187 1.08608 0.346691 0.192142
threshold=0.27214285714285719 -0.031012018249991054 -0.18313238184366909 0.38785714285714284 0.41571428571428576 0.25642857142857151
decision_type=2 2 2 2 2 2
left_child=1 5 4 -4 -2 -1
right_child=2 -3 3 -5 -6 -7
leaf_value=-0.0068515273911957586 -0.00087734442967766721 0 0.0046681007685809434 0 0.0020324100215612321 -0.0010142038353014122
leaf_weight=24 27 16.672696352005005 35.465470552444458 28.519593715667725 15.417403936386107 13.999999999999998
leaf_count=24 27 16 26 26 15 14
internal_value=0 -0.0038036 0.00181836 0.00280666 0 -0.00547432
internal_weight=161.075 54.6727 106.402 63.9851 42.4174 38
internal_count=148 54 94 52 42 38
is_linear=0
shrinkage=0.0168771


Tree=139
num_leaves=6
num_cat=0
split_feature=5 12 10 14 12
split_gain=2.06402 1.07948 0.399717 0.368559 0.256217
threshold=16.609285714285718 -0.12298964110336134 0.4121428571428572 16.652857142857147 1.5994997024536133
decision_type=2 2 2 2 2
left_child=3 2 -2 -1 -3
right_child=1 4 -4 -5 -6
leaf_value=-0.0059767822122207583 -0.001794268475741055 0.0027628212805516587 0.00060265297405783446 -0.00017595664282277351 0
leaf_weight=14.000000000000002 36.463507771492004 55.729964137077332 19.097348093986511 15.204431653022764 12.200000047683714
leaf_count=14 36 48 18 15 12
internal_value=0 0.00083486 -0.000598048 -0.00394475 0.00229968
internal_weight=152.695 123.491 55.5609 29.2044 67.93
internal_count=143 114 54 29 60
is_linear=0
shrinkage=0.0168771


Tree=140
num_leaves=6
num_cat=0
split_feature=3 5 8 1 8
split_gain=2.69147 0.87227 0.46537 0.167514 0.140751
threshold=0.25285714285714289 20.214285714285719 -0.094867022026197179 -1.2251785714285717 -0.64068840053819465
decision_type=2 2 2 2 2
left_child=2 3 -1 -2 -5
right_child=1 -3 -4 4 -6
leaf_value=-0.0045763233072251171 0.0011508496142192597 0.0032200144273093045 0 0 -0.0013899046821627993
leaf_weight=31 27.810708045959473 39.268310308456421 15.204431653022764 30.208701968193054 21.471898674964905
leaf_count=31 25 30 15 30 21
internal_value=0 0.00124606 -0.0034295 0 -0.000358581
internal_weight=164.964 118.76 46.2044 79.4913 51.6806
internal_count=152 106 46 76 51
is_linear=0
shrinkage=0.0168771


Tree=141
num_leaves=5
num_cat=0
split_feature=0 14 12 10
split_gain=2.38355 0.801491 0.266103 0.264184
threshold=16.500000000000004 19.609285714285715 -0.74260667817933201 0.41928571428571432
decision_type=2 2 2 2
left_child=-1 2 -2 -3
right_child=1 3 -4 -5
leaf_value=-0.0057048661316383958 -0.0020846369136970047 0.0026162529455483665 0 0
leaf_weight=17.441307306289673 18 42.599691390991211 75.654713034629822 15.855271100997923
leaf_count=17 18 34 74 15
internal_value=-0.000196485 0.000385895 -0.000395342 0.0019622
internal_weight=169.551 152.11 93.6547 58.455
internal_count=158 141 92 49
is_linear=0
shrinkage=0.0168771


Tree=142
num_leaves=7
num_cat=0
split_feature=5 14 12 1 12 13
split_gain=2.46955 1.35045 1.13124 0.72298 0.543179 0.150583
threshold=17.317142857142859 16.652857142857147 -0.74260667817933201 13.297559523809527 1.4375404034342087 -0.070191896784088423
decision_type=2 2 2 2 2 2
left_child=1 -1 -2 4 -4 -3
right_child=2 5 3 -5 -6 -7
leaf_value=-0.0059628775848728829 -0.0018781803266417754 0.00015117820790551054 0.0034658833335268553 -9.6193831541973589e-05 0 -0.001539501577702022
leaf_weight=22 17 19.608863353729248 64.897652268409729 14.999999999999998 18.438212275505066 14.999999999999998
leaf_count=22 17 19 52 15 18 15
internal_value=0 -0.00290201 0.00130742 0.00211777 0.00276597 -4.68084e-05
internal_weight=171.945 56.6089 115.336 98.3359 83.3359 34.6089
internal_count=158 56 102 85 70 34
is_linear=0
shrinkage=0.0168771


Tree=143
num_leaves=6
num_cat=0
split_feature=0 12 13 2 4
split_gain=3.14735 0.660253 0.626295 0.501089 0.12035
threshold=16.500000000000004 -0.12298964110336134 0.4540609717369079 0.41642857142857154 19.336428571428581
decision_type=2 2 2 2 2
left_child=-1 3 -3 4 -2
right_child=1 2 -4 -5 -6
leaf_value=-0.0057185245962702771 -0.0014873626571602653 0.0032903107089708832 0 0.0025032999330627734 0
leaf_weight=20.441307306289673 37 43.192464232444763 32 11.241121649742125 17.360544800758362
leaf_count=20 37 34 32 10 16
internal_value=0 0.000960957 0.00202653 0 -0.000971177
internal_weight=161.235 140.794 75.1925 65.6017 54.3605
internal_count=149 129 66 63 53
is_linear=0
shrinkage=0.0168771


Tree=144
num_leaves=5
num_cat=0
split_feature=4 0 5 11
split_gain=1.70976 0.720805 0.34254 0.179714
threshold=17.811428571428575 16.500000000000004 20.26428571428572 16.552142857142858
decision_type=2 2 2 2
left_child=1 -1 -2 -3
right_child=2 3 -4 -5
leaf_value=-0.0058879989130767489 0.00019405946379398735 -0.0019816920468439182 0.0029710175082269929 0
leaf_weight=12.220653653144835 63.531578779220581 12.999999999999998 25.560643553733826 25.492409586906433
leaf_count=12 61 13 19 25
internal_value=0 -0.00248333 0.00130331 -0.00052262
internal_weight=139.805 50.7131 89.0922 38.4924
internal_count=130 50 80 38
is_linear=0
shrinkage=0.0168771


Tree=145
num_leaves=4
num_cat=0
split_feature=14 5 3
split_gain=2.98105 0.523496 0.370366
threshold=16.630714285714287 19.913571428571434 0.36142857142857149
decision_type=2 2 2
left_child=-1 -2 -3
right_child=1 2 -4
leaf_value=-0.0056333291986179462 0 0.0034948294894006039 0
leaf_weight=22.204431653022766 90.392055034637451 22.676107287406921 18.936042666435242
leaf_count=22 87 17 17
internal_value=-0.000195124 0.000655414 0.00215648
internal_weight=154.209 132.004 41.6121
internal_count=143 121 34
is_linear=0
shrinkage=0.0168771


Tree=146
num_leaves=6
num_cat=0
split_feature=5 1 3 1 1
split_gain=2.11663 0.768325 0.66885 0.42296 0.360263
threshold=17.237857142857148 13.297559523809527 0.26928571428571441 -6.0552976190476189 1.5325595238095244
decision_type=2 2 2 2 2
left_child=4 2 -2 -4 -1
right_child=1 -3 3 -5 -6
leaf_value=0 0 -0.00036780257350926436 0 0.0039158019567414552 -0.0035215759617351272
leaf_weight=13.40443170070648 20.404431700706482 22 16.438212275505066 51.708330154418945 30
leaf_count=13 20 22 16 40 30
internal_value=0.000296367 0.00165583 0.00239939 0.00317665 -0.0025685
internal_weight=153.955 110.551 88.551 68.1465 43.4044
internal_count=141 98 76 56 43
is_linear=0
shrinkage=0.0168771


Tree=147
num_leaves=5
num_cat=0
split_feature=0 12 3 13
split_gain=2.9832 1.07653 0.955485 0.619644
threshold=13.000000000000002 -0.12298964110336134 0.4121428571428572 0.4540609717369079
decision_type=2 2 2 2
left_child=-1 2 -2 -3
right_child=1 3 -4 -5
leaf_value=-0.0063856477389152696 -0.0019890813330807203 0.0033503203988442549 0.0020004945934415748 0
leaf_weight=15.999999999999998 49.842899322509766 45.141854166984558 18.472622156143188 31.416803479194641
leaf_count=16 49 35 17 31
internal_value=0 0.000728586 -0.000557849 0.00213695
internal_weight=160.874 144.874 68.3155 76.5587
internal_count=148 132 66 66
is_linear=0
shrinkage=0.0168771


Tree=148
num_leaves=5
num_cat=0
split_feature=5 12 13 0
split_gain=0.951389 0.618312 0.414051 0.380219
threshold=17.237857142857148 -0.10013294349690632 -0.12038612100312795 21.500000000000004
decision_type=2 2 2 2
left_child=3 -2 -3 -1
right_child=1 2 -4 -5
leaf_value=-0.0044113033264096217 -0.00025689287833667818 0.0035207408479802998 0 -0.00014541561451798229
leaf_weight=12.999999999999998 47.301779747009277 26.096981406211853 32.438212275505066 31.200000047683716
leaf_count=13 46 19 32 31
internal_value=0 0.000795824 0.00198317 -0.00207119
internal_weight=150.037 105.837 58.5352 44.2
internal_count=141 97 51 44
is_linear=0
shrinkage=0.0168771


Tree=149
num_leaves=7
num_cat=0
split_feature=0 8 0 10 13 13
split_gain=2.24161 0.709542 0.487581 0.312648 0.14864 0.140598
threshold=16.500000000000004 -0.18313238184366909 68.500000000000014 0.41571428571428576 -0.12038612100312795 0.32802145829895052
decision_type=2 2 2 2 2 2
left_child=-1 3 4 5 -3 -2
right_child=1 2 -4 -5 -6 -7
leaf_value=-0.0054231318599034647 -0.0020519949193731494 0.0013251951919653613 0.0036622587127980053 0.0005973525430226325 0 0
leaf_weight=17.220653653144836 33 27.586245775222778 23.075881719589233 12.208701968193052 43.455015659332275 9.9999999999999982
leaf_count=17 33 24 15 12 43 10
internal_value=-1.63794e-05 0.000551777 0.00150895 -0.000688103 0.000389603 -0.00155608
internal_weight=166.546 149.326 94.1171 55.2087 71.0413 43
internal_count=154 137 82 55 67 43
is_linear=0
shrinkage=0.0168771


Tree=150
num_leaves=7
num_cat=0
split_feature=2 8 1 5 1 1
split_gain=1.61039 0.96085 0.757038 0.656707 0.443575 0.442606
threshold=0.26214285714285718 -0.031012018249991054 13.494404761904761 18.683571428571433 8.5236904761904775 -6.0552976190476189
decision_type=2 2 2 2 2 2
left_child=1 4 3 -2 -1 -5
right_child=2 -3 -4 5 -6 -7
leaf_value=-0.0059175081857080116 0 0 -0.0009813324394053293 0 -0.00015862003408451683 0.0033658784601136508
leaf_weight=17 23.904085397720337 14.40000009536743 22 15.200000047683714 15.999999999999998 55.842662334442139
leaf_count=17 23 14 22 15 16 44
internal_value=0 -0.00243283 0.00115863 0.00189802 -0.00398901 0.00270113
internal_weight=164.347 47.4 116.947 94.9467 33 71.0427
internal_count=151 47 104 82 33 59
is_linear=0
shrinkage=0.0168771


Tree=151
num_leaves=7
num_cat=0
split_feature=0 10 8 8 10 3
split_gain=1.45126 0.57596 0.364751 0.356878 0.51519 0.126404
threshold=13.000000000000002 0.26571428571428574 -0.031012018249991054 -0.18313238184366909 0.38785714285714284 0.4121428571428572
decision_type=2 2 2 2 2 2
left_child=-1 2 -2 5 -5 -3
right_child=1 3 -4 4 -6 -7
leaf_value=-0.0050333690635752026 -0.0026227913713718974 -0.00062686925887687507 0 0.0028043107537452702 0 0.0011261431820294833
leaf_weight=12.999999999999998 21 36 20.408863306045532 43.278663873672485 23.839789271354675 13.417403936386107
leaf_count=13 21 36 20 34 22 13
internal_value=-8.5113e-05 0.000266622 -0.00116943 0.000980659 0.00175834 0
internal_weight=170.945 157.945 41.4089 116.536 67.1185 49.4174
internal_count=159 146 41 105 56 49
is_linear=0
shrinkage=0.0168771


Tree=152
num_leaves=8
num_cat=0
split_feature=2 1 1 5 14 9 14
split_gain=2.18851 0.678964 0.625993 0.967022 0.312427 0.119743 0.118741
threshold=0.26214285714285718 1.5325595238095244 13.297559523809527 18.683571428571433 20.275000000000002 19.125714285714288 16.652857142857147
decision_type=2 2 2 2 2 2 2
left_child=1 -1 3 -2 -5 -4 -3
right_child=2 6 5 4 -6 -7 -8
leaf_value=0 0 -0.0055344682552488107 0 0.0039714120075010706 0 -0.0015684994940915479 -0.0010287468140291113
leaf_weight=11.40000009536743 27.160398483276367 18 12.000000000000002 42.884247899055481 18.511172533035278 12.999999999999998 21
leaf_count=11 26 18 12 33 17 13 21
internal_value=0 -0.0028686 0.00125912 0.0019781 0.00313823 -0.000425166 -0.00388342
internal_weight=163.956 50.4 113.556 88.5558 61.3954 25 39
internal_count=151 50 101 76 50 25 39
is_linear=0
shrinkage=0.0168771


Tree=153
num_leaves=6
num_cat=0
split_feature=5 0 1 10 12
split_gain=2.04286 1.00078 0.491592 0.427215 0.190283
threshold=17.237857142857148 21.500000000000004 9.427500000000002 0.4121428571428572 1.4104885884693694
decision_type=2 2 2 2 2
left_child=1 -1 3 4 -2
right_child=2 -3 -4 -5 -6
leaf_value=-0.0055495818282578482 0.0036026714408584804 0 0 0 0
leaf_weight=17 41.097481846809387 31.200000047683716 36.208701968193054 15.140944361686705 15.879519581794737
leaf_count=17 31 31 36 14 15
internal_value=0.000103991 -0.00253421 0.00151503 0.00229546 0.0029382
internal_weight=156.527 48.2 108.327 72.1179 56.977
internal_count=144 48 96 60 46
is_linear=0
shrinkage=0.0168771


Tree=154
num_leaves=6
num_cat=0
split_feature=14 0 8 10 10
split_gain=1.3459 0.443871 0.316862 0.296897 0.422368
threshold=16.652857142857147 19.500000000000004 -0.18313238184366909 0.24785714285714289 0.4121428571428572
decision_type=2 2 2 2 2
left_child=1 -1 -2 -4 -5
right_child=2 -3 3 4 -6
leaf_value=-0.0057930983230307584 0 0 0 0.0025420372625828921 0
leaf_weight=10.000000000000002 46.208701968193054 14.200000047683714 12.999999999999998 54.576200246810913 15.426040530204771
leaf_count=10 46 14 13 45 14
internal_value=0 -0.00336479 0.000760299 0.00139263 0.00185607
internal_weight=153.411 24.2 129.211 83.0022 70.0022
internal_count=142 24 118 72 59
is_linear=0
shrinkage=0.0168771


Tree=155
num_leaves=8
num_cat=0
split_feature=3 13 14 10 5 12 12
split_gain=2.20415 0.68232 0.465539 0.533188 0.364185 0.350405 0.170969
threshold=0.26428571428571429 -0.20136297843738829 19.266428571428573 0.38785714285714284 16.481428571428577 0.20012008092765302 -0.75868437119892651
decision_type=2 2 2 2 2 2 2
left_child=1 -1 6 5 -3 -4 -2
right_child=2 4 3 -5 -6 -7 -8
leaf_value=0 -0.0019399686937412242 0 0.0047770490217119554 0 -0.0060094622350246683 0 4.7987107911301368e-05
leaf_weight=15.200000047683714 9.9999999999999982 10.000000000000002 17.308168053627018 33.017694115638733 21 12.988003611564634 40.420560836791992
leaf_count=15 10 10 11 31 21 11 39
internal_value=-0.000303 -0.0033934 0.000813587 0.00177988 -0.00473356 0.00330007 -1.04316e-05
internal_weight=159.934 46.2 113.734 63.3139 31 30.2962 50.4206
internal_count=148 46 102 53 31 22 49
is_linear=0
shrinkage=0.0168771


Tree=156
num_leaves=6
num_cat=0
split_feature=2 8 1 1 1
split_gain=2.22739 0.759929 1.05955 0.698101 0.197262
threshold=0.25642857142857151 -0.031012018249991054 8.5236904761904775 13.297559523809527 -6.0552976190476189
decision_type=2 2 2 2 2
left_child=1 2 -1 4 -2
right_child=3 -3 -4 -5 -6
leaf_value=-0.0067363099773113918 0 0 0 -0.00059252291995697567 0.0024880087459166712
leaf_weight=18.000000000000004 17.200000047683716 19.438212275505066 12.999999999999998 22 69.767910838127136
leaf_count=18 17 19 13 22 58
internal_value=0 -0.00284161 -0.00436865 0.0013491 0.00209297
internal_weight=159.406 50.4382 31 108.968 86.9679
internal_count=147 50 31 97 75
is_linear=0
shrinkage=0.0168771


Tree=157
num_leaves=7
num_cat=0
split_feature=2 12 1 12 10 8
split_gain=1.49558 0.576987 0.37893 0.462606 0.30817 0.303103
threshold=0.26214285714285718 -0.77867765511785225 13.297559523809527 0.42763007964406702 0.27214285714285719 -0.031012018249991054
decision_type=2 2 2 2 2 2
left_child=4 -2 3 -3 5 -1
right_child=1 2 -4 -5 -6 -7
leaf_value=-0.0044671987181595088 -0.0012601499024167623 0.0033433675514357975 0 6.2981495410301919e-05 0 0
leaf_weight=21.999999999999996 14.999999999999998 39.878819346427917 15.999999999999998 38.71372652053833 10.200000047683714 12.000000000000002
leaf_count=22 15 30 16 37 10 12
internal_value=0 0.000956424 0.00156499 0.00206257 -0.00261865 -0.00333616
internal_weight=153.793 109.593 94.5925 78.5925 44.2 34
internal_count=142 98 83 67 44 34
is_linear=0
shrinkage=0.0168771


Tree=158
num_leaves=7
num_cat=0
split_feature=6 1 2 1 4 6
split_gain=1.52387 0.454456 0.422915 0.47163 0.362787 0.178922
threshold=17.334285714285716 13.297559523809527 0.25642857142857151 2.6783928571428577 17.496428571428574 16.177857142857142
decision_type=2 2 2 2 2 2
left_child=4 2 -2 -4 5 -1
right_child=1 -3 3 -5 -6 -7
leaf_value=0 0 -9.1364522914603465e-05 0.00074515949504966046 0.0045211691204587387 0 -0.0042561698018147151
leaf_weight=10.000000000000002 16.200000047683716 20 47.32515275478363 24.047840118408203 10.204431653022764 19
leaf_count=10 16 20 40 20 10 19
internal_value=0.000155353 0.00132844 0.00189294 0.00244667 -0.00240039 -0.00329273
internal_weight=146.777 107.573 87.573 71.373 39.2044 29
internal_count=135 96 76 60 39 29
is_linear=0
shrinkage=0.0168771


Tree=159
num_leaves=5
num_cat=0
split_feature=1 10 1 7
split_gain=1.10271 0.958264 0.201603 0.169791
threshold=-1.2251785714285717 0.26571428571428574 13.297559523809527 20.172857142857151
decision_type=2 2 2 2
left_child=3 -2 -3 -1
right_child=1 2 -4 -5
leaf_value=0.0023998693635922204 -0.0030463157744105812 0.0011154410773914943 -0.00066668422951827132 0
leaf_weight=41.484892010688782 38 33.26636791229248 25 12.190233469009398
leaf_count=36 38 30 25 11
internal_value=0 -0.00103741 0 0.00191419
internal_weight=149.941 96.2664 58.2664 53.6751
internal_count=140 93 55 47
is_linear=0
shrinkage=0.0168771


Tree=160
num_leaves=6
num_cat=0
split_feature=2 10 12 13 13
split_gain=1.67262 0.720687 0.47985 0.521556 0.157216
threshold=0.25642857142857151 0.27214285714285719 -0.12298964110336134 0.4540609717369079 -0.10326434779682422
decision_type=2 2 2 2 2
left_child=1 4 -2 -4 -1
right_child=2 -3 3 -5 -6
leaf_value=0 0 0 0.0033631335811885525 0 -0.0048606993669254705
leaf_weight=9.9999999999999982 48.491803765296936 15.200000047683714 34.490437865257263 30.416803479194641 22
leaf_count=10 47 15 25 30 22
internal_value=0 -0.00259927 0.00108861 0.00201187 -0.00394676
internal_weight=160.599 47.2 113.399 64.9072 32
internal_count=149 47 102 55 32
is_linear=0
shrinkage=0.0168771


Tree=161
num_leaves=6
num_cat=0
split_feature=5 8 8 10 13
split_gain=0.993177 0.497442 0.45389 0.379771 0.153842
threshold=17.237857142857148 -0.15346362755822371 -0.031012018249991054 0.4121428571428572 0.65977696493104288
decision_type=2 2 2 2 2
left_child=2 -2 -1 4 -3
right_child=1 3 -4 -5 -6
leaf_value=-0.0028971189858388855 0 0.0034407279861730601 0 0 0
leaf_weight=28 46.417403936386108 35.34380042552948 19.408863306045532 16.422636747360229 15.200000047683714
leaf_count=28 46 27 19 15 15
internal_value=0.000199912 0.00117016 -0.00160844 0.00207518 0.00276637
internal_weight=160.793 113.384 47.4089 66.9664 50.5438
internal_count=150 103 47 57 42
is_linear=0
shrinkage=0.0168771


Tree=162
num_leaves=6
num_cat=0
split_feature=0 12 3 12 3
split_gain=1.53589 0.754265 0.351407 0.338881 0.144092
threshold=13.000000000000002 -0.12298964110336134 0.4121428571428572 0.24833677921976369 0.21928571428571433
decision_type=2 2 2 2 2
left_child=-1 2 4 -3 -2
right_child=1 3 -4 -5 -6
leaf_value=-0.0051229080439746857 0 0.003027359922661 0.00015013784245255791 3.7661526976586043e-05 -0.0021901245867728082
leaf_weight=14.999999999999998 9.9999999999999982 21.526268720626831 13.648904442787169 51.565832495689392 44.630076766014099
leaf_count=15 10 15 13 49 44
internal_value=-0.000452939 0 -0.0011073 0.00129543 -0.00180274
internal_weight=156.371 141.371 68.279 73.0921 54.6301
internal_count=146 131 67 64 54
is_linear=0
shrinkage=0.0168771


Tree=163
num_leaves=6
num_cat=0
split_feature=10 1 8 10 10
split_gain=1.35939 0.924141 0.457936 0.837899 0.138253
threshold=0.26571428571428574 1.2562500000000003 -0.18313238184366909 0.38785714285714284 0.44071428571428578
decision_type=2 2 2 2 2
left_child=1 -1 4 -4 -2
right_child=2 -3 3 -5 -6
leaf_value=0.00033297781813475784 -0.00056193666199706922 -0.0036008089933600596 0.0035562716245781853 0 0.001417163162333551
leaf_weight=13.780387520790098 37 34 39.808178663253784 27.302790284156799 10.417403936386107
leaf_count=13 37 34 29 25 10
internal_value=8.73967e-05 -0.00207013 0.00120743 0.00207552 0
internal_weight=162.309 47.7804 114.528 67.111 47.4174
internal_count=148 47 101 54 47
is_linear=0
shrinkage=0.0168771


Tree=164
num_leaves=5
num_cat=0
split_feature=0 10 1 5
split_gain=1.49928 0.414243 0.269677 0.436199
threshold=13.000000000000002 0.23214285714285718 13.494404761904761 17.237857142857148
decision_type=2 2 2 2
left_child=-1 -2 3 -3
right_child=1 2 -4 -5
leaf_value=-0.0048061365499238156 -0.0016231442993381029 0 -0.00011808122436346594 0.0019077937314559642
leaf_weight=13.999999999999998 12.999999999999998 24.408863306045532 17 83.132453441619873
leaf_count=14 13 24 17 73
internal_value=0 0.000508646 0.000939089 0.00130787
internal_weight=151.541 137.541 124.541 107.541
internal_count=141 127 114 97
is_linear=0
shrinkage=0.0168771


Tree=165
num_leaves=7
num_cat=0
split_feature=5 1 8 0 1 1
split_gain=1.35568 0.596057 0.546017 0.546212 0.353985 0.145454
threshold=18.793571428571429 13.297559523809527 -0.031012018249991054 42.500000000000007 9.427500000000002 -6.0552976190476189
decision_type=2 2 2 2 2 2
left_child=2 5 3 4 -1 -2
right_child=1 -3 -4 -5 -6 -7
leaf_value=-0.0042771303793220977 0 -0.00015336984199841664 0 0 0 0.0028354569854081731
leaf_weight=29 12.438212275505064 17 25.330411911010742 9.9999999999999982 10.999999999999998 49.94503390789032
leaf_count=29 12 17 24 10 11 39
internal_value=0 0.00161345 -0.00148224 -0.00248756 -0.00335488 0.00242361
internal_weight=154.714 79.3832 75.3304 50 40 62.3832
internal_count=142 68 74 50 40 51
is_linear=0
shrinkage=0.0168771


Tree=166
num_leaves=6
num_cat=0
split_feature=9 8 3 0 1
split_gain=1.76374 0.450434 0.396431 0.412279 0.205303
threshold=17.002857142857149 -0.031012018249991054 0.25285714285714289 71.500000000000014 -6.4688095238095222
decision_type=2 2 2 2 2
left_child=1 -1 -2 4 -4
right_child=2 -3 3 -5 -6
leaf_value=-0.0041875538114528217 -0.00077376364798838583 0 0 0 0.0024309516948210885
leaf_weight=27 13.999999999999998 11.204431653022764 15.438212275505064 23.472555994987488 62.20208752155304
leaf_count=27 14 11 15 23 53
internal_value=0 -0.00310438 0.00094816 0.00141708 0.00201272
internal_weight=153.317 38.2044 115.113 101.113 77.6403
internal_count=143 38 105 91 68
is_linear=0
shrinkage=0.0168771


Tree=167
num_leaves=4
num_cat=0
split_feature=0 8 10
split_gain=1.28131 0.441668 0.454798
threshold=13.000000000000002 -0.7665402092749164 0.24785714285714289
decision_type=2 2 2
left_child=-1 -2 -3
right_child=1 2 -4
leaf_value=-0.0039763628322183235 -0.00067875511473905936 0 0.0019064571714570834
leaf_weight=12.999999999999998 20 23 100.38973927497864
leaf_count=13 20 23 88
internal_value=0.000329995 0.000945089 0.00139538
internal_weight=156.39 143.39 123.39
internal_count=144 131 111
is_linear=0
shrinkage=0.0168771


Tree=168
num_leaves=5
num_cat=0
split_feature=10 1 6 1
split_gain=0.940084 0.577051 0.322554 0.183487
threshold=0.26571428571428574 1.2562500000000003 16.177857142857142 13.297559523809527
decision_type=2 2 2 2
left_child=1 -1 -3 -2
right_child=3 2 -4 -5
leaf_value=0 0.0011683803528450569 0 -0.0039935433956252344 0
leaf_weight=12.492409586906431 81.436567783355713 11.999999999999998 26 19
leaf_count=12 72 12 26 19
internal_value=-1.02298e-05 -0.00195873 -0.00300421 0.000780038
internal_weight=150.929 50.4924 38 100.437
internal_count=141 50 38 91
is_linear=0
shrinkage=0.0168771


Tree=169
num_leaves=6
num_cat=0
split_feature=5 1 8 10 9
split_gain=1.56616 0.667103 0.513687 0.53576 0.365855
threshold=18.590000000000003 13.297559523809527 -0.031012018249991054 0.28571428571428581 19.508571428571432
decision_type=2 2 2 2 2
left_child=2 4 3 -1 -2
right_child=1 -3 -4 -5 -6
leaf_value=-0.0038012677782412888 0.0039684340698745556 -0.00064856705855218866 0 0 0.00033345832200892893
leaf_weight=38 24.905696153640747 15.999999999999998 22.708355784416199 14.999999999999998 34.670141816139221
leaf_count=38 21 16 22 15 29
internal_value=-0.000120004 0.00140997 -0.00192808 -0.00280072 0.00232603
internal_weight=151.284 75.5758 75.7084 53 59.5758
internal_count=141 66 75 53 50
is_linear=0
shrinkage=0.0168771


Tree=170
num_leaves=5
num_cat=0
split_feature=10 8 5 10
split_gain=1.31603 0.851379 0.29436 0.582888
threshold=0.26571428571428574 -0.031012018249991054 20.214285714285719 0.39214285714285718
decision_type=2 2 2 2
left_child=1 -1 -2 -4
right_child=2 -3 3 -5
leaf_value=-0.0038973975726072654 0 0 0.003727577174943539 0
leaf_weight=35 68.72672712802887 17.492409586906433 18.707029819488525 20.627068400382996
leaf_count=35 66 17 12 19
internal_value=-0.000236092 -0.00245305 0.000674964 0.0017836
internal_weight=160.553 52.4924 108.061 39.3341
internal_count=149 52 97 31
is_linear=0
shrinkage=0.0168771


Tree=171
num_leaves=7
num_cat=0
split_feature=5 8 10 8 10 10
split_gain=1.19716 0.766809 0.596125 0.518769 0.239436 0.233707
threshold=17.022857142857148 -0.5987870565482547 0.38785714285714284 -0.031012018249991054 0.41571428571428576 0.27214285714285719
decision_type=2 2 2 2 2 2
left_child=3 4 5 -1 -2 -3
right_child=1 2 -4 -5 -6 -7
leaf_value=-0.0036651812970231634 -0.0018886052609991266 0 0 0 0 0.0037703902523254377
leaf_weight=27 22 17.512485265731812 29.822972416877747 15.204431653022764 16.208701968193054 33.73563826084137
leaf_count=27 22 16 28 15 16 25
internal_value=0 0.000843298 0.00184099 -0.00237311 -0.0007089 0.00289662
internal_weight=161.484 119.28 81.0711 42.2044 38.2087 51.2481
internal_count=149 107 69 42 38 41
is_linear=0
shrinkage=0.0168771


Tree=172
num_leaves=5
num_cat=0
split_feature=3 8 8 10
split_gain=1.49637 0.458174 0.410852 0.233552
threshold=0.25285714285714289 -0.031012018249991054 -0.18313238184366909 0.41928571428571432
decision_type=2 2 2 2
left_child=1 -1 -2 -4
right_child=2 -3 3 -5
leaf_value=-0.0037303064981301227 0 0 0.0022584264686212781 0
leaf_weight=29 41 13.204431653022764 55.153751373291016 13.855271100997923
leaf_count=29 41 13 45 13
internal_value=0 -0.00263635 0.000998686 0.0017869
internal_weight=152.213 42.2044 110.009 69.009
internal_count=141 42 99 58
is_linear=0
shrinkage=0.0168771


Tree=173
num_leaves=6
num_cat=0
split_feature=10 8 10 8 10
split_gain=1.48492 1.25997 0.279348 0.389659 0.14131
threshold=0.27214285714285719 -0.031012018249991054 0.3535714285714287 -0.15346362755822371 0.4592857142857143
decision_type=2 2 2 2 2
left_child=1 -1 3 -2 -4
right_child=2 -3 4 -5 -6
leaf_value=-0.0039476393466401864 0 0.0001470059949527685 -8.3334536072232325e-05 0.0032438070011088101 0.001613422254226484
leaf_weight=38 14.999999999999998 24.41271698474884 45.86525547504425 28.846832752227783 12.417403936386107
leaf_count=38 15 23 44 21 12
internal_value=0 -0.00206775 0.00116939 0.00218483 0
internal_weight=164.542 62.4127 102.129 43.8468 58.2827
internal_count=153 61 92 36 56
is_linear=0
shrinkage=0.0168771


Tree=174
num_leaves=5
num_cat=0
split_feature=10 1 1 5
split_gain=1.4393 0.786585 0.471734 0.184884
threshold=0.27214285714285719 1.2562500000000003 13.297559523809527 16.391428571428573
decision_type=2 2 2 2
left_child=1 -1 -2 -3
right_child=2 3 -4 -5
leaf_value=0 0.0018366042075051237 0 -0.00013981889924445586 -0.0042164495514613884
leaf_weight=14.003853678703306 82.662820816040039 11.999999999999998 25 27
leaf_count=13 72 12 25 27
internal_value=0 -0.00213599 0.00118334 -0.00338115
internal_weight=160.667 53.0039 107.663 39
internal_count=149 52 97 39
is_linear=0
shrinkage=0.0168771


Tree=175
num_leaves=8
num_cat=0
split_feature=2 1 5 10 1 5 1
split_gain=0.882856 0.694571 0.614573 0.476101 0.246111 0.478187 0.739531
threshold=0.25642857142857151 -2.8017857142857134 16.391428571428573 0.27857142857142864 13.297559523809527 18.311428571428575 2.6783928571428577
decision_type=2 2 2 2 2 2 2
left_child=1 -1 -3 -4 5 -2 -7
right_child=4 2 3 -5 -6 6 -8
leaf_value=0.00051548915950677752 0 0 -0.0053608372015114597 0 -6.4684205925589832e-05 0.00021715645031487654 0.0047242167153042835
leaf_weight=10.63821232318878 30.160398483276367 10.999999999999998 21.000000000000004 9.9999999999999982 25 44.663976550102234 18.757746458053589
leaf_count=10 29 11 21 10 25 39 15
internal_value=0 -0.00181186 -0.00289569 -0.00403314 0.000754138 0.00120055 0.00203713
internal_weight=171.22 52.6382 42 31 118.582 93.5821 63.4217
internal_count=160 52 42 31 108 83 54
is_linear=0
shrinkage=0.0168771


Tree=176
num_leaves=3
num_cat=0
split_feature=1 0
split_gain=0.798253 1.00176
threshold=1.0000000180025095e-35 21.500000000000004
decision_type=2 2
left_child=-1 -2
right_child=1 -3
leaf_value=0.0013676076632488142 -0.0041910524806910415 0
leaf_weight=65.404605269432068 19 77.298043251037598
leaf_count=57 19 74
internal_value=0 -0.00100191
internal_weight=161.703 96.298
internal_count=150 93
is_linear=0
shrinkage=0.0168771


Tree=177
num_leaves=6
num_cat=0
split_feature=2 14 0 7 1
split_gain=0.76876 0.391389 0.297829 0.337079 0.398873
threshold=0.25642857142857151 16.652857142857147 71.500000000000014 17.298571428571428 -6.0552976190476189
decision_type=2 2 2 2 2
left_child=1 -1 3 -2 -5
right_child=2 -3 -4 4 -6
leaf_value=-0.0033329053346720164 0 0 0 0 0.0026671092308156496
leaf_weight=18 13.999999999999998 27.438212275505066 23.756184339523315 17 52.298174977302551
leaf_count=18 14 27 23 17 43
internal_value=3.28812e-05 -0.00158089 0.000945436 0.00145744 0.0019661
internal_weight=152.493 45.4382 107.054 83.2982 69.2982
internal_count=142 45 97 74 60
is_linear=0
shrinkage=0.0168771


Tree=178
num_leaves=7
num_cat=0
split_feature=5 1 1 6 1 1
split_gain=0.883064 0.548127 0.313654 0.284074 0.449863 0.254417
threshold=18.590000000000003 -1.2251785714285717 10.195357142857146 16.177857142857142 8.5236904761904775 -2.0186309523809514
decision_type=2 2 2 2 2 2
left_child=1 -1 5 -3 -5 -2
right_child=2 3 -4 4 -6 -7
leaf_value=0.00042698564801387634 7.565284611703436e-05 0 0 -0.004261531565539033 0 0.0033234894409435709
leaf_weight=16.660744786262512 31.863766193389893 9.9999999999999982 23.208701968193054 24 23 22.974400043487549
leaf_count=16 30 10 23 24 23 15
internal_value=0 -0.00128873 0.00123933 -0.00216076 -0.002688 0.00192357
internal_weight=151.708 73.6607 78.0469 57 47 54.8382
internal_count=141 73 68 57 47 45
is_linear=0
shrinkage=0.0168771


Tree=179
num_leaves=6
num_cat=0
split_feature=10 8 8 13 0
split_gain=1.13547 1.02085 0.328763 0.293055 0.33729
threshold=0.26571428571428574 -0.031012018249991054 -0.75700049350659049 0.38598962676721621 71.500000000000014
decision_type=2 2 2 2 2
left_child=1 -1 -2 4 -4
right_child=2 -3 3 -5 -6
leaf_value=-0.003683604370803169 -4.0297585790046154e-05 0.00020921971336758908 0.0028196387394452513 0 0
leaf_weight=32 19 20.7803875207901 48.98861289024353 29.416803479194641 16.290174961090088
leaf_count=32 19 20 38 29 15
internal_value=2.2944e-05 -0.00181769 0.00109374 0.00154535 0.00215461
internal_weight=166.476 52.7804 113.696 94.6956 65.2788
internal_count=153 52 101 82 53
is_linear=0
shrinkage=0.0168771


Tree=180
num_leaves=6
num_cat=0
split_feature=10 8 8 10 13
split_gain=0.714882 0.725148 0.381491 0.457973 0.248516
threshold=0.26571428571428574 -0.031012018249991054 -0.18313238184366909 0.4121428571428572 0.4540609717369079
decision_type=2 2 2 2 2
left_child=1 -1 -2 4 -4
right_child=2 -3 3 -5 -6
leaf_value=-0.0029542501455218973 0 0.00022186221843007679 0.0038803209749976825 0 0
leaf_weight=32 42.208701968193054 21.984819173812866 24.596804022789001 17.375848650932312 12.200000047683714
leaf_count=32 42 21 17 16 12
internal_value=2.71692e-05 -0.0013217 0.00102509 0.00193163 0.00294086
internal_weight=150.366 53.9848 96.3814 54.1727 36.7968
internal_count=140 53 87 45 29
is_linear=0
shrinkage=0.0168771


Tree=181
num_leaves=5
num_cat=0
split_feature=2 1 0 1
split_gain=1.00234 0.485811 0.465734 0.25601
threshold=0.25642857142857151 13.297559523809527 21.500000000000004 -6.4688095238095222
decision_type=2 2 2 2
left_child=2 3 -1 -2
right_child=1 -3 -4 -5
leaf_value=-0.0038241001313301082 0 -0.00054032563645503172 0 0.0019946687799852225
leaf_weight=19 15.200000047683714 25 24.438212275505066 72.697142958641052
leaf_count=19 15 25 24 61
internal_value=0 0.000918428 -0.00201293 0.00158422
internal_weight=156.335 112.897 43.4382 87.8971
internal_count=144 101 43 76
is_linear=0
shrinkage=0.0168771


Tree=182
num_leaves=5
num_cat=0
split_feature=10 1 8 1
split_gain=0.555803 0.497322 0.396295 0.298779
threshold=0.26571428571428574 13.297559523809527 -0.031012018249991054 2.6783928571428577
decision_type=2 2 2 2
left_child=2 3 -1 -2
right_child=1 -3 -4 -5
leaf_value=-0.0025627461422395473 0.00025673341895755347 -0.00067080127182838863 0 0.0030470125300369141
leaf_weight=28 53.570711970329285 26 19.492409586906433 27.047840118408203
leaf_count=28 46 26 19 23
internal_value=0 0.000788819 -0.00133738 0.00153491
internal_weight=154.111 106.619 47.4924 80.6186
internal_count=142 95 47 69
is_linear=0
shrinkage=0.0168771


Tree=183
num_leaves=5
num_cat=0
split_feature=10 8 0 8
split_gain=1.07969 0.808905 0.32731 0.231109
threshold=0.27214285714285719 -0.031012018249991054 72.500000000000014 1.0000000180025095e-35
decision_type=2 2 2 2
left_child=1 -1 3 -2
right_child=2 -3 -4 -5
leaf_value=-0.0033576609106163433 0.0031385803742101604 0.00016744928909087338 0 0.00040234318891653025
leaf_weight=31 28.306916236877441 17.003853678703308 23 48.324811100959778
leaf_count=31 24 16 23 42
internal_value=0.000108014 -0.00173062 0.00123652 0.00177287
internal_weight=147.636 48.0039 99.6317 76.6317
internal_count=136 47 89 66
is_linear=0
shrinkage=0.0168771


Tree=184
num_leaves=5
num_cat=0
split_feature=10 8 1 10
split_gain=1.13982 0.659848 0.436925 0.132751
threshold=0.27214285714285719 -0.031012018249991054 13.297559523809527 0.38785714285714284
decision_type=2 2 2 2
left_child=1 -1 3 -2
right_child=2 -3 -4 -5
leaf_value=-0.003790194333073258 0.0017358486698452447 0 -0.0010775974215310445 0
leaf_weight=33 48.446199893951416 21.003853678703308 23 33.728295683860779
leaf_count=33 40 20 23 31
internal_value=-0.000399796 -0.00240049 0.000457126 0.00117235
internal_weight=159.178 54.0039 105.174 82.1745
internal_count=147 53 94 71
is_linear=0
shrinkage=0.0168771


Tree=185
num_leaves=5
num_cat=0
split_feature=0 5 10 1
split_gain=1.11871 0.323521 0.337124 0.167573
threshold=16.500000000000004 20.26428571428572 0.39214285714285718 4.2558928571428583
decision_type=2 2 2 2
left_child=-1 3 -3 -2
right_child=1 2 -4 -5
leaf_value=-0.0039273403319318497 0.00034874070730857515 0.003132000164344324 0 -0.00080717666294727742
leaf_weight=18.441307306289673 43.933145403862 16.221650242805485 13.915750026702879 65.208701968193054
leaf_count=18 40 10 13 65
internal_value=-0.000280469 0.000115342 0.00166558 -0.000144852
internal_weight=157.721 139.279 30.1374 109.142
internal_count=146 128 23 105
is_linear=0
shrinkage=0.0168771


Tree=186
num_leaves=6
num_cat=0
split_feature=3 9 0 4 6
split_gain=0.888809 0.262601 0.28227 0.256598 0.214039
threshold=0.25285714285714289 17.15071428571429 71.500000000000014 19.913571428571434 16.177857142857142
decision_type=2 2 2 2 2
left_child=4 -2 3 -3 -1
right_child=1 2 -4 -5 -6
leaf_value=0 -0.0010294245979323999 0.0021493834936478157 0 0 -0.0030682079217214902
leaf_weight=9.9999999999999982 13.204431653022764 48.31292736530304 30.534735918045044 25.198969125747681 28
leaf_count=10 13 42 29 23 28
internal_value=-0.000121978 0.000460274 0.000881822 0.00146297 -0.00237128
internal_weight=155.251 117.251 104.047 73.5119 38
internal_count=145 107 94 65 38
is_linear=0
shrinkage=0.0168771


Tree=187
num_leaves=3
num_cat=0
split_feature=14 8
split_gain=0.716313 0.154163
threshold=16.652857142857147 -0.18313238184366909
decision_type=2 2
left_child=-1 -2
right_child=1 -3
leaf_value=-0.0028118355535268614 -0.00027857969601708776 0.00073108568275810756
leaf_weight=23.204431653022766 52.208701968193054 77.448054075241089
leaf_count=23 52 67
internal_value=-0.000192886 0.000158236
internal_weight=152.861 129.657
internal_count=142 119
is_linear=0
shrinkage=0.0168771


Tree=188
num_leaves=7
num_cat=0
split_feature=6 8 12 1 12 4
split_gain=0.709812 0.452738 0.273501 0.235706 0.396805 0.140386
threshold=17.334285714285716 -0.031012018249991054 -0.74260667817933201 13.297559523809527 0.24833677921976369 16.644285714285719
decision_type=2 2 2 2 2 2
left_child=1 5 -2 4 -4 -1
right_child=2 -3 3 -5 -6 -7
leaf_value=-0.0040003247331050623 -0.00063562428618483982 0 0.0027803415882400261 0 0 0
leaf_weight=18.000000000000004 18 17.408863306045532 34.116823434829712 14.999999999999998 41.609743237495422 12.999999999999998
leaf_count=18 18 17 27 15 40 13
internal_value=-3.65405e-05 -0.00179706 0.000572952 0.00106446 0.00148422 -0.0029478
internal_weight=157.135 48.4089 108.727 90.7266 75.7266 31
internal_count=148 48 100 82 67 31
is_linear=0
shrinkage=0.0168771


Tree=189
num_leaves=6
num_cat=0
split_feature=10 5 2 1 5
split_gain=0.744071 0.248936 0.240341 0.231757 0.138358
threshold=0.24285714285714288 17.237857142857148 0.24785714285714289 13.494404761904761 19.69857142857143
decision_type=2 2 2 2 2
left_child=2 -2 -1 4 -3
right_child=1 3 -4 -5 -6
leaf_value=-0.0034559235858373448 -0.00066884069459210863 0.0022414774707449976 0 0 8.7318270864283659e-06
leaf_weight=20.000000000000004 28.408863306045532 31.488562226295471 9.9999999999999982 18 40.400981903076172
leaf_count=20 28 28 10 18 34
internal_value=-0.000158926 0.000294833 -0.00249699 0.000852401 0.00133563
internal_weight=148.298 118.298 30 89.8895 71.8895
internal_count=138 108 30 80 62
is_linear=0
shrinkage=0.0168771


Tree=190
num_leaves=7
num_cat=0
split_feature=0 12 5 3 9 3
split_gain=0.671786 0.423204 0.275778 0.311551 0.179868 0.12894
threshold=13.000000000000002 -0.12298964110336134 17.237857142857148 0.40785714285714286 19.125714285714288 0.39000000000000001
decision_type=2 2 2 2 2 2
left_child=-1 4 -3 -4 5 -2
right_child=1 2 3 -5 -6 -7
leaf_value=-0.0030492101657792819 0 0 0.0025779061656931918 0 -0.0013490276844894164 0.0016228230324285275
leaf_weight=11.999999999999998 29 17.608863353729248 48.740189671516418 19.570412755012512 25.333475947380066 11.417403936386107
leaf_count=12 29 17 40 17 24 11
internal_value=0.000154094 0.000605273 0.0014075 0.00189042 -0.00013179 0.000153233
internal_weight=163.67 151.67 85.9195 68.3106 65.7509 40.4174
internal_count=150 138 74 57 64 40
is_linear=0
shrinkage=0.0168771


Tree=191
num_leaves=6
num_cat=0
split_feature=10 8 10 13 6
split_gain=0.5595 0.494849 0.383967 0.52001 0.123778
threshold=0.24285714285714288 -0.18313238184366909 0.38785714285714284 0.65977696493104288 16.481428571428577
decision_type=2 2 2 2 2
left_child=4 -2 3 -3 -1
right_child=1 2 -4 -5 -6
leaf_value=0 -0.00046878012819318233 0.003165761152569981 0 0 -0.0031737594957496787
leaf_weight=12.000000000000002 51.208701968193054 39.078915238380432 25.252598404884338 13.999999999999998 12.999999999999998
leaf_count=12 51 29 23 14 13
internal_value=0 0.000509012 0.00141805 0.00220703 -0.00211652
internal_weight=154.54 129.54 78.3315 53.0789 25
internal_count=142 117 66 43 25
is_linear=0
shrinkage=0.0168771


Tree=192
num_leaves=6
num_cat=0
split_feature=2 1 1 1 1
split_gain=0.684607 0.434707 0.359953 0.316663 0.12844
threshold=0.25642857142857151 3.7575000000000016 13.297559523809527 2.6783928571428577 -1.2251785714285717
decision_type=2 2 2 2 2
left_child=1 -1 3 4 -2
right_child=2 -3 -4 -5 -6
leaf_value=0 0.00085976463933704267 -0.0027691548668447507 -0.00029625996526003775 0.0029431654258450777 -0.00040179870722646362
leaf_weight=15.40000009536743 48.405011177062988 28 26 28.047840118408203 12.333475947380064
leaf_count=15 42 28 26 24 11
internal_value=2.04913e-05 -0.00156365 0.000833804 0.0014081 0.000244731
internal_weight=158.186 43.4 114.786 88.7863 60.7385
internal_count=146 43 103 77 53
is_linear=0
shrinkage=0.0168771


Tree=193
num_leaves=5
num_cat=0
split_feature=11 10 1 1
split_gain=0.678273 0.302934 0.364749 0.227322
threshold=16.552142857142858 0.26571428571428574 13.297559523809527 2.6783928571428577
decision_type=2 2 2 2
left_child=-1 -2 3 -3
right_child=1 2 -4 -5
leaf_value=-0.0025347194217618407 -0.00041737685617119412 0.00046168108317619762 -0.00015430515627343623 0.0029508503023613249
leaf_weight=20 34.287977933883667 63.098318457603455 22 29.220032453536987
leaf_count=20 34 55 22 26
internal_value=1.75542e-05 0.000551155 0.00103603 0.00155114
internal_weight=168.606 148.606 114.318 92.3184
internal_count=157 137 103 81
is_linear=0
shrinkage=0.0168771


Tree=194
num_leaves=3
num_cat=0
split_feature=0 1
split_gain=0.823356 0.228954
threshold=16.500000000000004 -1.2251785714285717
decision_type=2 2
left_child=-1 -2
right_child=1 -3
leaf_value=-0.0037285040521532796 0.0010490663319461138 -0.00015359301406949898
leaf_weight=13.441307306289671 61.307719349861145 78.452007293701172
leaf_count=13 54 75
internal_value=-3.91202e-05 0.000227497
internal_weight=153.201 139.76
internal_count=142 129
is_linear=0
shrinkage=0.0168771


Tree=195
num_leaves=5
num_cat=0
split_feature=7 13 14 14
split_gain=0.811204 0.369441 0.276841 0.162236
threshold=16.42428571428572 -0.10326434779682422 19.913571428571434 20.052857142857146
decision_type=2 2 2 2
left_child=-1 2 -2 -3
right_child=1 3 -4 -5
leaf_value=-0.0029259557969433751 0.0021542427830973155 -0.0006607050096789943 0 0.00085031000150487962
leaf_weight=18 47.986078381538391 56.208701968193054 16.910196661949158 25.302327036857605
leaf_count=18 41 56 14 23
internal_value=2.75922e-05 0.000590874 0.00152336 0
internal_weight=164.407 146.407 64.8963 81.511
internal_count=152 134 55 79
is_linear=0
shrinkage=0.0168771


Tree=196
num_leaves=4
num_cat=0
split_feature=11 10 10
split_gain=0.665119 0.363698 0.23278
threshold=16.552142857142858 0.24285714285714288 0.3535714285714287
decision_type=2 2 2
left_child=-1 -2 -3
right_child=1 2 -4
leaf_value=-0.0025965993378541784 -0.0014560016472506554 0.001497662123516749 0
leaf_weight=23 17 60.574667692184448 59.806073546409607
leaf_count=23 17 52 57
internal_value=0 0.000323972 0.000785641
internal_weight=160.381 137.381 120.381
internal_count=149 126 109
is_linear=0
shrinkage=0.0168771


Tree=197
num_leaves=5
num_cat=0
split_feature=2 8 10 10
split_gain=0.481501 0.325301 0.451793 0.309488
threshold=0.25642857142857151 -0.18313238184366909 0.38785714285714284 0.27214285714285719
decision_type=2 2 2 2
left_child=3 -2 -3 -1
right_child=1 2 -4 -5
leaf_value=-0.0022932793147384155 -3.3532528092750434e-05 0.0023213825765186469 0 0
leaf_weight=29 46.208701968193054 48.812801122665405 27.288093209266663 16.400000095367432
leaf_count=29 46 38 25 16
internal_value=2.09497e-06 0.00067739 0.0013781 -0.00128429
internal_weight=167.71 122.31 76.1009 45.4
internal_count=154 109 63 45
is_linear=0
shrinkage=0.0168771


Tree=198
num_leaves=5
num_cat=0
split_feature=1 10 5 5
split_gain=0.741781 0.44902 0.143784 0.207231
threshold=-1.2251785714285717 0.4592857142857143 19.860714285714291 16.283571428571431
decision_type=2 2 2 2
left_child=-1 2 3 -2
right_child=1 -3 -4 -5
leaf_value=0.0013514043468446496 0 0.0010169881864379017 0 -0.0023662653837325611
leaf_weight=52.57496178150177 14.999999999999998 10.417403936386107 13.682877779006956 55
leaf_count=46 15 10 11 55
internal_value=-4.00005e-05 -0.00106572 -0.00160937 -0.0019073
internal_weight=146.675 94.1003 83.6829 70
internal_count=137 91 81 70
is_linear=0
shrinkage=0.0168771


Tree=199
num_leaves=5
num_cat=0
split_feature=2 14 1 13
split_gain=0.870911 0.606291 0.311853 0.212789
threshold=0.25642857142857151 16.652857142857147 13.297559523809527 0.4540609717369079
decision_type=2 2 2 2
left_child=1 -1 3 -2
right_child=2 -3 -4 -5
leaf_value=-0.0040379126523175752 0.0017463463099956474 0 -0.00037170193714024951 0
leaf_weight=19 65.671015381813049 28.438212275505066 24 28.416803479194641
leaf_count=19 53 28 24 28
internal_value=0 -0.00191481 0.000724125 0.00123753
internal_weight=165.526 47.4382 118.088 94.0878
internal_count=152 47 105 81
is_linear=0
shrinkage=0.0168771


Tree=200
num_leaves=4
num_cat=0
split_feature=0 0 10
split_gain=0.779414 0.159067 0.180093
threshold=16.500000000000004 42.500000000000007 0.3535714285714287
decision_type=2 2 2
left_child=-1 -2 -3
right_child=1 2 -4
leaf_value=-0.0033500191796364521 -0.00046979990398295546 0.0014437885224133156 0
leaf_weight=17.441307306289673 48.939323782920837 38.354086518287659 55.637683153152466
leaf_count=17 48 32 52
internal_value=-0.000211541 7.70194e-05 0.000598641
internal_weight=160.372 142.931 93.9918
internal_count=149 132 84
is_linear=0
shrinkage=0.0168771


Tree=201
num_leaves=5
num_cat=0
split_feature=10 1 1 1
split_gain=0.648357 0.514442 0.427145 0.522797
threshold=0.27214285714285719 1.2562500000000003 13.297559523809527 2.6783928571428577
decision_type=2 2 2 2
left_child=1 -1 3 -2
right_child=2 -3 -4 -5
leaf_value=0 1.3028332064941692e-05 -0.0026252209470903494 -0.00057792120663346469 0.0035395269709976099
leaf_weight=16.633370637893677 49.0121089220047 36 22 23.047840118408203
leaf_count=15 43 36 22 19
internal_value=0 -0.00147992 0.000806117 0.00153372
internal_weight=146.693 52.6334 94.0599 72.0599
internal_count=135 51 84 62
is_linear=0
shrinkage=0.0168771


Tree=202
num_leaves=4
num_cat=0
split_feature=5 8 8
split_gain=0.556656 0.261466 0.217016
threshold=17.317142857142859 -0.031012018249991054 -0.5987870565482547
decision_type=2 2 2
left_child=1 -1 -2
right_child=2 -3 -4
leaf_value=-0.0023095781428109688 0 0 0.0013179508435911395
leaf_weight=31 44.417403936386108 20.608863353729248 62.681180596351624
leaf_count=31 44 20 53
internal_value=0 -0.00139715 0.000688339
internal_weight=158.707 51.6089 107.099
internal_count=148 51 97
is_linear=0
shrinkage=0.0168771


Tree=203
num_leaves=6
num_cat=0
split_feature=2 13 1 5 7
split_gain=0.687448 0.536528 0.279531 0.443661 0.382569
threshold=0.25642857142857151 -0.07759233688262844 13.297559523809527 18.590000000000003 19.750714285714288
decision_type=2 2 2 2 2
left_child=1 -1 3 -2 -5
right_child=2 -3 -4 4 -6
leaf_value=0 0 -0.0034198267903194539 -0.00021531095178864564 0.0038010575521771057 0.00031996174737222829
leaf_weight=22.200000047683716 33.364830136299133 20 21 24.090729594230652 40.630215287208557
leaf_count=22 32 20 21 18 34
internal_value=2.907e-05 -0.00159775 0.000813715 0.00125585 0.00205513
internal_weight=161.286 42.2 119.086 98.0858 64.7209
internal_count=147 42 105 84 52
is_linear=0
shrinkage=0.0168771


Tree=204
num_leaves=4
num_cat=0
split_feature=0 10 10
split_gain=0.639298 0.168003 0.216468
threshold=13.000000000000002 0.26571428571428574 0.3535714285714287
decision_type=2 2 2
left_child=-1 -2 -3
right_child=1 2 -4
leaf_value=-0.0035306937679720936 -0.00083378330456789927 0.0013453614404283422 0
leaf_weight=12.999999999999998 41.696841239929199 40.454288125038147 62.539232850074768
leaf_count=13 41 34 59
internal_value=-0.000318516 0 0.000398752
internal_weight=157.69 144.69 102.994
internal_count=147 134 93
is_linear=0
shrinkage=0.0168771


Tree=205
num_leaves=6
num_cat=0
split_feature=2 3 5 1 1
split_gain=0.529533 0.321189 0.246398 0.274395 0.251863
threshold=0.25642857142857151 0.35571428571428576 16.391428571428573 1.5325595238095244 8.5236904761904775
decision_type=2 2 2 2 2
left_child=2 -2 -1 -4 -5
right_child=1 -3 3 4 -6
leaf_value=0 0.001629841589936385 0 0 -0.0042364813904794711 0
leaf_weight=10.999999999999998 50.11575174331665 64.083874225616455 10.438212275505064 15.000000000000002 13.999999999999998
leaf_count=11 43 59 10 15 14
internal_value=0 0.000649355 -0.00137893 -0.00201306 -0.00279764
internal_weight=164.638 114.2 50.4382 39.4382 29
internal_count=152 102 50 39 29
is_linear=0
shrinkage=0.0168771


Tree=206
num_leaves=6
num_cat=0
split_feature=4 14 10 0 0
split_gain=0.533055 0.206575 0.144311 0.420702 0.16298
threshold=16.609285714285718 16.630714285714287 0.3535714285714287 46.500000000000007 62.500000000000007
decision_type=2 2 2 2 2
left_child=1 -1 3 -2 -4
right_child=2 -3 4 -5 -6
leaf_value=-0.0033237110329894701 0 0 0.00041823383051848553 0.0023741322075947822 -0.001024423342238156
leaf_weight=16.200000047683719 37.117494940757751 9.9999999999999982 21.208701968193054 25.915382146835327 38.918470740318298
leaf_count=16 36 10 21 20 36
internal_value=-0.000156921 -0.0022873 0.000160864 0.000804375 -0.000164136
internal_weight=149.36 26.2 123.16 63.0329 60.1272
internal_count=139 26 113 56 57
is_linear=0
shrinkage=0.0168771


Tree=207
num_leaves=5
num_cat=0
split_feature=2 10 6 10
split_gain=0.699727 0.358056 0.37226 0.259521
threshold=0.26214285714285718 0.27214285714285719 16.481428571428577 0.3535714285714287
decision_type=2 2 2 2
left_child=1 2 -1 -2
right_child=3 -3 -4 -5
leaf_value=0 0.0016607426983506926 0 -0.0034481657535690197 0
leaf_weight=11.999999999999998 46.924315094947815 15.40000009536743 26 52.96858811378479
leaf_count=12 40 15 26 50
internal_value=0 -0.00155271 -0.00241062 0.000786149
internal_weight=153.293 53.4 38 99.8929
internal_count=143 53 38 90
is_linear=0
shrinkage=0.0168771


Tree=208
num_leaves=3
num_cat=0
split_feature=0 8
split_gain=0.818143 0.240539
threshold=13.000000000000002 0.31706491986378321
decision_type=2 2
left_child=-1 -2
right_child=1 -3
leaf_value=-0.0036022782050192676 -0.00022515302832363851 0.0010215271111669612
leaf_weight=14.999999999999998 91.484577298164368 61.051810741424561
leaf_count=15 88 53
internal_value=-0.000119944 0.000139407
internal_weight=167.536 152.536
internal_count=156 141
is_linear=0
shrinkage=0.0168771


Tree=209
num_leaves=5
num_cat=0
split_feature=5 1 5 0
split_gain=0.718013 0.3314 0.358995 0.247116
threshold=18.590000000000003 -1.2251785714285717 16.177857142857142 71.500000000000014
decision_type=2 2 2 2
left_child=1 -1 -3 -2
right_child=3 2 -4 -5
leaf_value=0 0.0015947533306132058 0 -0.0025919774369116385 0
leaf_weight=15.856474399566649 58.568176031112671 12.999999999999998 44 26.290174961090088
leaf_count=15 49 13 44 25
internal_value=0 -0.00125077 -0.00188519 0.00098972
internal_weight=157.715 72.8565 57 84.8584
internal_count=146 72 57 74
is_linear=0
shrinkage=0.0168771


Tree=210
num_leaves=6
num_cat=0
split_feature=14 1 3 1 0
split_gain=0.464005 0.423323 0.522686 0.279038 0.159196
threshold=19.266428571428573 -2.8017857142857134 0.40500000000000008 2.6783928571428577 21.500000000000004
decision_type=2 2 2 2 2
left_child=1 -1 4 -2 -3
right_child=3 2 -4 -5 -6
leaf_value=0.0013527902409861089 0 -0.0036830365306883064 0.00077789991428352722 0.0031641259608115482 -0.00081277115692798862
leaf_weight=11.113063335418699 44.304717421531677 19 12.208701968193052 12.512534856796263 57.49452531337738
leaf_count=10 37 19 12 10 57
internal_value=0 -0.000746145 -0.00128847 0.00112033 -0.00191703
internal_weight=156.634 99.8163 88.7032 56.8173 76.4945
internal_count=145 98 88 47 76
is_linear=0
shrinkage=0.0168771


Tree=211
num_leaves=5
num_cat=0
split_feature=11 1 1 1
split_gain=0.790144 0.117732 0.156266 0.12984
threshold=16.552142857142858 -1.2251785714285717 2.6783928571428577 -6.0552976190476189
decision_type=2 2 2 2
left_child=-1 3 -3 -2
right_child=1 2 -4 -5
leaf_value=-0.0029484102814572076 0 -0.0015184276112077484 6.4152311332288934e-05 0.0013093764569464717
leaf_weight=23 25.200000047683716 16.352153897285461 53.368109107017517 40.900375485420227
leaf_count=23 25 15 52 32
internal_value=-0.000175168 0.000184943 -4.44198e-05 0.000743357
internal_weight=158.821 135.821 69.7203 66.1004
internal_count=147 124 67 57
is_linear=0
shrinkage=0.0168771


Tree=212
num_leaves=4
num_cat=0
split_feature=14 8 1
split_gain=0.45517 0.357894 0.193246
threshold=19.609285714285715 -0.031012018249991054 0.68136904761904782
decision_type=2 2 2
left_child=1 -1 -2
right_child=2 -3 -4
leaf_value=-0.0016609941190281574 0 5.1950528283306378e-05 0.0026939550436029533
leaf_weight=71.290093660354614 32.777451634407043 22.121926546096802 9.6838515996932966
leaf_count=71 29 21 7
internal_value=-0.000262859 -0.0010333 0.000895516
internal_weight=135.873 93.412 42.4613
internal_count=128 92 36
is_linear=0
shrinkage=0.0168771


Tree=213
num_leaves=6
num_cat=0
split_feature=2 13 1 13 13
split_gain=0.693672 0.437197 0.282736 0.273205 0.214479
threshold=0.25642857142857151 -0.14276476449826928 13.297559523809527 0.4540609717369079 -0.14276476449826928
decision_type=2 2 2 2 2
left_child=1 -1 3 4 -2
right_child=2 -3 -4 -5 -6
leaf_value=0 0.00044760341251179949 -0.0028385848427225344 -0.00044500225916687292 0 0.0035339885508224337
leaf_weight=13.40000009536743 45.526549458503723 30.23821222782135 19 27.416803479194641 17.934028744697571
leaf_count=13 37 30 19 27 15
internal_value=0 -0.0017502 0.000698186 0.00118262 0.00177445
internal_weight=153.516 43.6382 109.877 90.8774 63.4606
internal_count=141 43 98 79 52
is_linear=0
shrinkage=0.0168771


Tree=214
num_leaves=5
num_cat=0
split_feature=8 10 5 12
split_gain=0.428378 0.433722 0.313166 0.138232
threshold=0.31706491986378321 0.29928571428571432 16.283571428571431 1.4104885884693694
decision_type=2 2 2 2
left_child=1 2 -1 -2
right_child=3 -3 -4 -5
leaf_value=0 0.0014917978105046549 0 -0.0027720553606579933 0
leaf_weight=14.999999999999998 37.906909584999084 53.114059448242188 34 20.200000047683716
leaf_count=15 30 50 34 20
internal_value=-4.80813e-05 -0.000821742 -0.00193541 0.000918438
internal_weight=160.221 102.114 49 58.1069
internal_count=149 99 49 50
is_linear=0
shrinkage=0.0168771


Tree=215
num_leaves=6
num_cat=0
split_feature=9 6 0 1 1
split_gain=0.454106 0.30238 0.251418 0.185994 0.139152
threshold=16.803571428571434 16.481428571428577 71.500000000000014 2.6783928571428577 -1.2251785714285717
decision_type=2 2 2 2 2
left_child=1 -1 3 4 -2
right_child=2 -3 -4 -5 -6
leaf_value=0 0.00080741228514400604 -0.0025603103670238342 -0.00011303680976077263 0.0021874221089916786 -0.00068730320479813082
leaf_weight=11.000000000000002 48.646609663963318 20.204431653022766 26.267740607261658 36.839138150215149 12.35215389728546
leaf_count=11 42 20 25 33 11
internal_value=0.000143569 -0.00138472 0.000727283 0.00117215 0.000136435
internal_weight=155.31 31.2044 124.106 97.8379 60.9988
internal_count=142 31 111 86 53
is_linear=0
shrinkage=0.0168771


Tree=216
num_leaves=4
num_cat=0
split_feature=12 2 5
split_gain=0.411301 0.397179 0.227421
threshold=-0.24802088737487793 0.41642857142857154 17.176428571428573
decision_type=2 2 2
left_child=1 -1 -2
right_child=2 -3 -4
leaf_value=-0.0018400072267634308 0 0.0006443813761827454 0.0013109157058856448
leaf_weight=47.630076766014099 23 10.241121649742125 66.026183843612671
leaf_count=47 23 9 56
internal_value=0 -0.00102174 0.000764223
internal_weight=146.897 57.8712 89.0262
internal_count=135 56 79
is_linear=0
shrinkage=0.0168771


Tree=217
num_leaves=6
num_cat=0
split_feature=12 3 5 5 3
split_gain=0.650888 0.335644 0.451454 0.325081 0.311611
threshold=-0.10013294349690632 0.4121428571428572 16.283571428571431 17.237857142857148 0.40785714285714286
decision_type=2 2 2 2 2
left_child=1 2 -1 -2 -5
right_child=3 -3 -4 4 -6
leaf_value=0 -8.9120260243516597e-05 0 -0.0026144226266420147 0.0023538723601674635 0
leaf_weight=11.999999999999998 19.608863353729248 12.440202474594114 47.417254209518433 41.617881774902344 13.566753149032591
leaf_count=12 19 12 47 35 12
internal_value=-5.75116e-06 -0.00126596 -0.00185911 0.000918569 0.001649
internal_weight=146.651 71.8575 59.4173 74.7935 55.1846
internal_count=137 71 59 66 47
is_linear=0
shrinkage=0.0168771


Tree=218
num_leaves=5
num_cat=0
split_feature=10 14 13 10
split_gain=0.435323 0.359128 0.246315 0.364353
threshold=0.27214285714285719 16.535000000000004 -0.12038612100312795 0.36142857142857149
decision_type=2 2 2 2
left_child=1 -1 3 -2
right_child=2 -3 -4 -5
leaf_value=-0.0031451983801274205 0.0026103384209112505 0 0 0
leaf_weight=17 26.911027073860168 37.208285331726074 57.27472186088562 13.059966802597044
leaf_count=17 19 36 56 11
internal_value=0 -0.00128762 0.000540747 0.00152279
internal_weight=151.454 54.2083 97.2457 39.971
internal_count=139 53 86 30
is_linear=0
shrinkage=0.0168771


Tree=219
num_leaves=4
num_cat=0
split_feature=9 4 12
split_gain=0.317642 0.166505 0.126288
threshold=16.580000000000002 16.732142857142865 -0.12298964110336134
decision_type=2 2 2
left_child=1 -1 -2
right_child=2 -3 -4
leaf_value=-0.002740024549664741 -2.4648778028832337e-05 0 0.00075030217213696809
leaf_weight=14.000000000000002 53.54217791557312 10.204431653022764 80.305319547653198
leaf_count=14 52 10 70
internal_value=0 -0.00171286 0.000282464
internal_weight=158.052 24.2044 133.847
internal_count=146 24 122
is_linear=0
shrinkage=0.0168771


Tree=220
num_leaves=5
num_cat=0
split_feature=0 8 8 12
split_gain=0.212014 0.195873 0.456031 0.1326
threshold=21.500000000000004 -0.18313238184366909 -0.015931408519723612 0.14891642119203299
decision_type=2 2 2 2
left_child=3 -2 -3 -1
right_child=1 2 -4 -5
leaf_value=-0.0018907079104594948 0 0.0035151176993866852 3.2665214151355496e-05 0
leaf_weight=14.000000000000002 57.208701968193054 15.599418640136717 62.704490780830383 10.708631634712217
leaf_count=14 57 12 55 10
internal_value=0.000182817 0.000558282 0.0011037 -0.000906451
internal_weight=160.221 135.513 78.3039 24.7086
internal_count=148 124 67 24
is_linear=0
shrinkage=0.0168771


Tree=221
num_leaves=5
num_cat=0
split_feature=10 8 8 8
split_gain=0.484783 0.380672 0.231187 0.159175
threshold=0.26571428571428574 -0.031012018249991054 -0.5987870565482547 1.0000000180025095e-35
decision_type=2 2 2 2
left_child=1 -1 -2 -4
right_child=2 -3 3 -5
leaf_value=-0.0023537612426146625 0 0 0.0028845655356821596 0.00021524128335157394
leaf_weight=30 38.417403936386108 18.696841239929199 17.889512300491333 45.510115027427673
leaf_count=30 38 18 14 40
internal_value=0 -0.0011968 0.000782696 0.00140019
internal_weight=150.514 48.6968 101.817 63.3996
internal_count=140 48 92 54
is_linear=0
shrinkage=0.0168771


Tree=222
num_leaves=4
num_cat=0
split_feature=0 5 12
split_gain=0.742887 0.206931 0.190151
threshold=16.500000000000004 20.214285714285719 -0.77867765511785225
decision_type=2 2 2
left_child=-1 2 -2
right_child=1 -3 -4
leaf_value=-0.003268338671423236 -0.0018272441132372414 0.0011653839795106712 0
leaf_weight=18.220653653144836 14.999999999999998 36.322968244552612 92.207011342048645
leaf_count=18 15 28 89
internal_value=-0.000293315 0 -0.000226551
internal_weight=161.751 143.53 107.207
internal_count=150 132 104
is_linear=0
shrinkage=0.0168771


Tree=223
num_leaves=2
num_cat=0
split_feature=10
split_gain=0.520314
threshold=0.26571428571428574
decision_type=2
left_child=-1
right_child=-2
leaf_value=-0.0015206793652596598 0.0005351267354143629
leaf_weight=47.204431653022766 109.90121841430664
leaf_count=47 98
internal_value=0
internal_weight=157.106
internal_count=145
is_linear=0
shrinkage=0.0168771


Tree=224
num_leaves=5
num_cat=0
split_feature=10 13 8 2
split_gain=0.683448 0.330454 0.289903 0.164311
threshold=0.27214285714285719 -0.12038612100312795 -0.031012018249991054 0.25642857142857151
decision_type=2 2 2 2
left_child=2 -2 3 -1
right_child=1 -3 -4 -5
leaf_value=-0.0032509242626393244 0.00200270647845378 0 0 0
leaf_weight=24 30.639564752578735 64.475119829177856 18.672696352005005 14.999999999999998
leaf_count=24 24 63 18 15
internal_value=-7.40967e-05 0.000642404 -0.00159983 -0.00238113
internal_weight=152.787 95.1147 57.6727 39
internal_count=144 87 57 39
is_linear=0
shrinkage=0.0168771


Tree=225
num_leaves=3
num_cat=0
split_feature=11 8
split_gain=0.418564 0.136535
threshold=16.552142857142858 -0.5987870565482547
decision_type=2 2
left_child=-1 -2
right_child=1 -3
leaf_value=-0.0020694930074139492 -0.00035655535809318357 0.0006434831288941558
leaf_weight=25 42.208701968193054 82.152136087417603
leaf_count=25 42 71
internal_value=-0.000125557 0.000127533
internal_weight=149.361 124.361
internal_count=138 113
is_linear=0
shrinkage=0.0168771


Tree=226
num_leaves=4
num_cat=0
split_feature=0 12 12
split_gain=0.455754 0.152646 0.190702
threshold=13.000000000000002 -0.12298964110336134 1.4104885884693694
decision_type=2 2 2
left_child=-1 -2 -3
right_child=1 2 -4
leaf_value=-0.0025603281715099306 0 0.0013322191150150191 0
leaf_weight=13.999999999999998 70.593275547027588 62.857738971710205 21.679519534111023
leaf_count=14 68 53 21
internal_value=0 0.000346133 0.000844807
internal_weight=169.131 155.131 84.5373
internal_count=156 142 74
is_linear=0
shrinkage=0.0168771


Tree=227
num_leaves=5
num_cat=0
split_feature=2 0 0 5
split_gain=0.518436 0.360347 0.193162 0.279052
threshold=0.25642857142857151 21.500000000000004 71.500000000000014 18.311428571428575
decision_type=2 2 2 2
left_child=1 -1 3 -2
right_child=2 -3 -4 -5
leaf_value=-0.0031740218540379688 0 0 -0.00015639775957162355 0.0016796999683746086
leaf_weight=19 24.860906004905701 25.23821222782135 25.267740607261658 54.981157183647156
leaf_count=19 24 25 24 45
internal_value=0 -0.00158285 0.000522862 0.00100666
internal_weight=149.348 44.2382 105.11 79.8421
internal_count=137 44 93 69
is_linear=0
shrinkage=0.0168771


Tree=228
num_leaves=3
num_cat=0
split_feature=12 5
split_gain=0.400699 0.22673
threshold=-0.74260667817933201 16.609285714285718
decision_type=2 2
left_child=-1 -2
right_child=1 -3
leaf_value=-0.002161426462724774 -0.00089550109767785554 0.00061864293822235883
leaf_weight=21 27.408863306045532 109.9132981300354
leaf_count=21 27 98
internal_value=-5.60942e-05 0.000144236
internal_weight=158.322 137.322
internal_count=146 125
is_linear=0
shrinkage=0.0168771


Tree=229
num_leaves=6
num_cat=0
split_feature=0 10 8 10 0
split_gain=0.324051 0.356711 0.276625 0.228159 0.193601
threshold=42.500000000000007 0.3535714285714287 -0.031012018249991054 0.28571428571428581 62.500000000000007
decision_type=2 2 2 2 2
left_child=2 -2 3 -1 -3
right_child=1 4 -4 -5 -6
leaf_value=-0.0027313261821086321 0.0017165054937911708 0.00041588395435622466 0 0 -0.0011880012268071062
leaf_weight=30 30.783481359481812 16.216803431510925 27.151275515556335 9.9999999999999982 37.879876017570496
leaf_count=30 25 16 26 10 36
internal_value=-0.000288409 0.000197456 -0.00120517 -0.0020512 -0.000317292
internal_weight=152.031 84.8802 67.1513 40 54.0967
internal_count=143 77 66 40 52
is_linear=0
shrinkage=0.0168771


Tree=230
num_leaves=2
num_cat=0
split_feature=14
split_gain=0.702347
threshold=16.652857142857147
decision_type=2
left_child=-1
right_child=-2
leaf_value=-0.0025611440485009767 0.00041187362402927703
leaf_weight=24.204431653022766 127.76078140735626
leaf_count=24 117
internal_value=0
internal_weight=151.965
internal_count=141
is_linear=0
shrinkage=0.0168771


Tree=231
num_leaves=5
num_cat=0
split_feature=10 1 1 9
split_gain=0.434049 0.235171 0.225511 0.339325
threshold=0.27214285714285719 1.2562500000000003 13.297559523809527 19.797142857142859
decision_type=2 2 2 2
left_child=1 -1 3 -2
right_child=2 -3 -4 -5
leaf_value=0 0.0022950949848158583 -0.0017568237141022871 -0.00011109068084987147 0
leaf_weight=11.740020632743834 38.02685534954071 41 22 50.117257595062256
leaf_count=11 34 41 22 42
internal_value=0 -0.00110985 0.000697978 0.0011432
internal_weight=162.884 52.74 110.144 88.1441
internal_count=150 52 98 76
is_linear=0
shrinkage=0.0168771


Tree=232
num_leaves=5
num_cat=0
split_feature=5 1 1 4
split_gain=0.34538 0.218052 0.239687 0.153548
threshold=19.913571428571434 -1.2251785714285717 8.5236904761904775 19.913571428571434
decision_type=2 2 2 2
left_child=1 -1 -3 -2
right_child=3 2 -4 -5
leaf_value=0 0.0019621965294857463 -0.0022160108941848031 0 0
leaf_weight=31.922919511795044 19.683936238288879 35.212822556495667 53.208701968193054 22.701129674911499
leaf_count=29 14 35 53 20
internal_value=-0.000102735 -0.000679145 -0.00114125 0.00097738
internal_weight=162.73 120.344 88.4215 42.3851
internal_count=151 117 88 34
is_linear=0
shrinkage=0.0168771


Tree=233
num_leaves=2
num_cat=0
split_feature=0
split_gain=0.286619
threshold=16.500000000000004
decision_type=2
left_child=-1
right_child=-2
leaf_value=-0.0021758640451414926 0
leaf_weight=16.220653653144836 143.00889050960541
leaf_count=16 133
internal_value=-0.000235002
internal_weight=159.23
internal_count=149
is_linear=0
shrinkage=0.0168771


Tree=234
num_leaves=3
num_cat=0
split_feature=10 8
split_gain=0.201154 0.302395
threshold=0.26571428571428574 -0.031012018249991054
decision_type=2 2
left_child=1 -1
right_child=-2 -3
leaf_value=-0.0020377466168008413 0.00037399926437971232 0
leaf_weight=28 104.74511349201202 19.696841239929199
leaf_count=28 95 19
internal_value=0 -0.000913529
internal_weight=152.442 47.6968
internal_count=142 47
is_linear=0
shrinkage=0.0168771


Tree=235
num_leaves=5
num_cat=0
split_feature=2 0 1 13
split_gain=0.30847 0.415524 0.191724 0.17082
threshold=0.25642857142857151 21.500000000000004 13.494404761904761 0.4540609717369079
decision_type=2 2 2 2
left_child=1 -1 3 -2
right_child=2 -3 -4 -5
leaf_value=-0.0030020489878852131 0.0013412571288562939 0 -0.00040556955086617705 0
leaf_weight=17 67.258774042129517 21.438212275505066 20 31.200000047683716
leaf_count=17 55 21 20 31
internal_value=0 -0.00121574 0.000469402 0.000874831
internal_weight=156.897 38.4382 118.459 98.4588
internal_count=144 38 106 86
is_linear=0
shrinkage=0.0168771


Tree=236
num_leaves=3
num_cat=0
split_feature=11 0
split_gain=0.233468 0.140777
threshold=16.552142857142858 71.500000000000014
decision_type=2 2
left_child=-1 -2
right_child=1 -3
leaf_value=-0.0014984106640118149 0.00054272827562564505 -0.00060371853909870702
leaf_weight=26 101.00137329101562 28.000745296478271
leaf_count=26 92 27
internal_value=-3.54121e-05 0.000116101
internal_weight=155.002 129.002
internal_count=145 119
is_linear=0
shrinkage=0.0168771


Tree=237
num_leaves=6
num_cat=0
split_feature=5 8 10 12 1
split_gain=0.555968 0.417036 0.27797 0.360302 0.230084
threshold=18.590000000000003 -0.031012018249991054 0.38785714285714284 1.4104885884693694 8.5236904761904775
decision_type=2 2 2 2 2
left_child=1 4 3 -2 -1
right_child=2 -3 -4 -5 -6
leaf_value=-0.0031795368767415662 0.0027880691431968856 3.7400245775932698e-07 0 0 0
leaf_weight=21 33.589910387992859 28.317219138145447 46.670002341270447 12.879519581794737 18
leaf_count=21 24 27 44 12 18
internal_value=7.97506e-05 -0.000904363 0.00103028 0.00191517 -0.00205048
internal_weight=160.457 67.3172 93.1394 46.4694 39
internal_count=146 66 80 36 39
is_linear=0
shrinkage=0.0168771


Tree=238
num_leaves=5
num_cat=0
split_feature=5 1 4 1
split_gain=0.388897 0.367415 0.231844 0.166397
threshold=19.913571428571434 -1.2251785714285717 19.892857142857142 12.133690476190479
decision_type=2 2 2 2
left_child=1 -1 -2 -3
right_child=2 3 -4 -5
leaf_value=8.7747134736051253e-05 0.0021017354680034216 -0.0020565992231794225 0 0
leaf_weight=29.967718005180359 18.208681583404541 56.212822556495667 25.752518653869629 27
leaf_count=27 12 56 24 27
internal_value=-0.000303955 -0.000920123 0.000762732 -0.00153407
internal_weight=157.142 113.181 43.9612 83.2128
internal_count=146 110 36 83
is_linear=0
shrinkage=0.0168771


Tree=239
num_leaves=6
num_cat=0
split_feature=14 0 8 1 1
split_gain=0.386289 0.300577 0.141638 0.147318 0.219435
threshold=16.630714285714287 16.500000000000004 -0.75700049350659049 1.5325595238095244 7.7863095238095257
decision_type=2 2 2 2 2
left_child=1 -1 -2 -4 -5
right_child=2 -3 3 4 -6
leaf_value=-0.003609525424140443 -0.00048143799432775428 0 0 0.0026761873253376375 0
leaf_weight=11.000000000000002 19 15.40443170070648 73.034254431724548 18.599418640136719 28.417403936386108
leaf_count=11 19 15 65 15 28
internal_value=0 -0.00180644 0.000317984 0.000635231 0.0013543
internal_weight=165.456 26.4044 139.051 120.051 47.0168
internal_count=153 26 127 108 43
is_linear=0
shrinkage=0.0168771


Tree=240
num_leaves=2
num_cat=0
split_feature=8
split_gain=0.146538
threshold=-0.13087619000275263
decision_type=2
left_child=-1
right_child=-2
leaf_value=-0.00054991953611794892 0.00047050463948124184
leaf_weight=71.417403936386108 84.089744687080383
leaf_count=71 74
internal_value=0
internal_weight=155.507
internal_count=145
is_linear=0
shrinkage=0.0168771


Tree=241
num_leaves=5
num_cat=0
split_feature=10 0 12 5
split_gain=0.309534 0.217491 0.215318 0.159496
threshold=0.27214285714285719 71.500000000000014 0.57716973551682071 16.283571428571431
decision_type=2 2 2 2
left_child=2 -2 3 -1
right_child=1 -3 -4 -5
leaf_value=0 0.0011995790914806517 0 6.2824686452524862e-05 -0.0018999744689669855
leaf_weight=10.999999999999998 83.161017298698425 27.534735918045044 14.796609520912169 34.495222091674805
leaf_count=11 72 26 14 34
internal_value=0.000109921 0.000738211 -0.000669786 -0.00136058
internal_weight=170.988 110.696 60.2918 45.4952
internal_count=157 98 59 45
is_linear=0
shrinkage=0.0168771


Tree=242
num_leaves=5
num_cat=0
split_feature=8 10 10 10
split_gain=0.224275 0.198731 0.184784 0.342883
threshold=-0.18313238184366909 0.41571428571428576 0.24785714285714289 0.38785714285714284
decision_type=2 2 2 2
left_child=1 -1 -2 -4
right_child=2 -3 3 -5
leaf_value=-0.0012194036091911986 -4.593078496404338e-05 9.7607518603861056e-05 0.0018615464675470867 0
leaf_weight=53 19 16.208701968193054 51.1682368516922 23.021097898483276
leaf_count=53 19 16 40 21
internal_value=0 -0.000608648 0.000621853 0.0010789
internal_weight=162.398 69.2087 93.1893 74.1893
internal_count=149 69 80 61
is_linear=0
shrinkage=0.0168771


Tree=243
num_leaves=5
num_cat=0
split_feature=10 8 10 6
split_gain=0.274626 0.25644 0.303777 0.12594
threshold=0.24285714285714288 -0.18313238184366909 0.38785714285714284 16.341428571428576
decision_type=2 2 2 2
left_child=3 -2 -3 -1
right_child=1 2 -4 -5
leaf_value=0 -0.00030579605940486536 0.0016365417884422878 0 -0.002293288364408716
leaf_weight=14.000000000000002 52 60.206652641296387 22.519198298454285 15.999999999999998
leaf_count=14 52 49 21 16
internal_value=0 0.000325918 0.000981666 -0.0013901
internal_weight=164.726 134.726 82.7259 30
internal_count=152 122 70 30
is_linear=0
shrinkage=0.0168771


Tree=244
num_leaves=5
num_cat=0
split_feature=8 13 5 3
split_gain=0.325758 0.370811 0.219124 0.175508
threshold=-0.18313238184366909 0.14727331454656564 17.022857142857148 0.4121428571428572
decision_type=2 2 2 2
left_child=3 2 -2 -1
right_child=1 -3 -4 -5
leaf_value=-0.001164295460535428 0 -8.4319487033412803e-05 0.0022681294207879581 4.2319615408382605e-05
leaf_weight=52 16.404431700706482 28.23821222782135 43.324881315231323 13.208701968193052
leaf_count=52 16 28 32 13
internal_value=0.000105971 0.000878012 0.0016736 -0.000599447
internal_weight=153.176 87.9675 59.7293 65.2087
internal_count=141 76 48 65
is_linear=0
shrinkage=0.0168771


Tree=245
num_leaves=4
num_cat=0
split_feature=10 8 0
split_gain=0.38864 0.7128 0.217637
threshold=0.29928571428571432 -0.031012018249991054 71.500000000000014
decision_type=2 2 2
left_child=1 -1 -2
right_child=2 -3 -4
leaf_value=-0.0025826780827567417 0.0012666730476102016 0.00037561755310230676 0
leaf_weight=36 66.508985161781311 30.857515573501587 27.290174961090088
leaf_count=36 57 29 26
internal_value=0 -0.000937343 0.000714666
internal_weight=160.657 66.8575 93.7992
internal_count=148 65 83
is_linear=0
shrinkage=0.0168771


Tree=246
num_leaves=3
num_cat=0
split_feature=10 6
split_gain=0.150373 0.149483
threshold=0.24285714285714288 16.481428571428577
decision_type=2 2
left_child=1 -1
right_child=-2 -3
leaf_value=0 0.00048335518549192898 -0.0017847121276622594
leaf_weight=15.000000000000002 128.09138989448547 14.999999999999998
leaf_count=15 116 15
internal_value=0.000118445 -0.000663347
internal_weight=158.091 30
internal_count=146 30
is_linear=0
shrinkage=0.0168771


Tree=247
num_leaves=2
num_cat=0
split_feature=9
split_gain=0.382314
threshold=16.803571428571434
decision_type=2
left_child=-1
right_child=-2
leaf_value=-0.0017535890813688325 0.00033678689579391143
leaf_weight=28.204431653022766 113.49234342575073
leaf_count=28 102
internal_value=0
internal_weight=141.697
internal_count=130
is_linear=0
shrinkage=0.0168771


Tree=248
num_leaves=2
num_cat=0
split_feature=5
split_gain=0.166406
threshold=20.214285714285719
decision_type=2
left_child=-1
right_child=-2
leaf_value=-0.0004124510295897704 0.00085540233063316658
leaf_weight=120.17140138149261 33.24681031703949
leaf_count=117 26
internal_value=0
internal_weight=153.418
internal_count=143
is_linear=0
shrinkage=0.0168771


Tree=249
num_leaves=3
num_cat=0
split_feature=0 12
split_gain=0.376471 0.242103
threshold=13.000000000000002 -0.12298964110336134
decision_type=2 2
left_child=-1 -2
right_child=1 -3
leaf_value=-0.0023024548924433278 -6.0730160716720581e-05 0.0010493261056299225
leaf_weight=12.999999999999998 74.806098103523254 80.22515332698822
leaf_count=13 72 69
internal_value=6.09209e-06 0.000380526
internal_weight=168.031 155.031
internal_count=154 141
is_linear=0
shrinkage=0.0168771


Tree=250
num_leaves=3
num_cat=0
split_feature=1 1
split_gain=0.157136 0.247887
threshold=-1.2251785714285717 7.7863095238095257
decision_type=2 2
left_child=-1 -2
right_child=1 -3
leaf_value=0.00040645181598939688 -0.0015547344078143596 0
leaf_weight=59.903747081756592 41.025732159614563 65.208701968193054
leaf_count=52 39 65
internal_value=-8.51159e-05 -0.000571145
internal_weight=166.138 106.234
internal_count=156 104
is_linear=0
shrinkage=0.0168771


Tree=251
num_leaves=2
num_cat=0
split_feature=0
split_gain=0.313924
threshold=16.500000000000004
decision_type=2
left_child=-1
right_child=-2
leaf_value=-0.0018883810875029768 0.00035304080199527628
leaf_weight=17.441307306289673 132.10064780712128
leaf_count=17 122
internal_value=0
internal_weight=149.542
internal_count=139
is_linear=0
shrinkage=0.0168771


Tree=252
num_leaves=3
num_cat=0
split_feature=2 5
split_gain=0.349436 0.135996
threshold=0.26214285714285718 16.481428571428577
decision_type=2 2
left_child=1 -1
right_child=-2 -3
leaf_value=0 0.00031130014342299465 -0.0018705076443615955
leaf_weight=11.999999999999998 114.11764883995056 33.438212275505066
leaf_count=12 102 33
internal_value=-4.03074e-05 -0.00135254
internal_weight=159.556 45.4382
internal_count=147 45
is_linear=0
shrinkage=0.0168771


Tree=253
num_leaves=4
num_cat=0
split_feature=13 14 14
split_gain=0.342176 0.358639 0.17942
threshold=-0.07759233688262844 17.297857142857151 19.913571428571434
decision_type=2 2 2
left_child=2 -2 -1
right_child=1 -3 -4
leaf_value=0.0014491211730112686 -0.0020151749673445801 0 0
leaf_weight=62.084545731544495 26 58.311028957366943 13.135525345802305
leaf_count=54 26 56 11
internal_value=0.000140179 -0.000418364 0.0010454
internal_weight=159.531 84.311 75.2201
internal_count=147 82 65
is_linear=0
shrinkage=0.0168771


Tree=254
num_leaves=2
num_cat=0
split_feature=0
split_gain=0.278399
threshold=13.000000000000002
decision_type=2
left_child=-1
right_child=-2
leaf_value=-0.0021314539088810023 0
leaf_weight=14.999999999999998 145.59881007671356
leaf_count=15 135
internal_value=-0.000113051
internal_weight=160.599
internal_count=150
is_linear=0
shrinkage=0.0168771


Tree=255
num_leaves=5
num_cat=0
split_feature=2 5 10 4
split_gain=0.35112 0.251283 0.191604 0.124771
threshold=0.25642857142857151 16.481428571428577 0.3535714285714287 17.372142857142858
decision_type=2 2 2 2
left_child=1 -1 -2 -3
right_child=2 3 -4 -5
leaf_value=0 0.0011587761769943617 -0.0029419014300212953 0 0
leaf_weight=13.999999999999998 57.177569389343262 18.000000000000004 50.771786212921143 10.238212227821348
leaf_count=14 49 18 48 10
internal_value=0 -0.00127931 0.000485332 -0.00216094
internal_weight=150.188 42.2382 107.949 28.2382
internal_count=139 42 97 28
is_linear=0
shrinkage=0.0168771


Tree=256
num_leaves=5
num_cat=0
split_feature=9 4 7 5
split_gain=0.446699 0.195653 0.164965 0.435238
threshold=16.552142857142858 17.15071428571429 18.700000000000003 17.237857142857148
decision_type=2 2 2 2
left_child=1 -1 3 -2
right_child=2 -3 -4 -5
leaf_value=-0.0027658609662563139 0 0 0 0.0024371774260243699
leaf_weight=15.000000000000002 25.200000047683716 10.40886330604553 70.303878426551819 33.662816524505615
leaf_count=15 25 10 61 31
internal_value=4.94905e-05 -0.00169441 0.000592092 0.00122888
internal_weight=154.576 25.4089 129.167 58.8628
internal_count=142 25 117 56
is_linear=0
shrinkage=0.0168771


Tree=257
num_leaves=5
num_cat=0
split_feature=7 13 7 0
split_gain=0.187804 0.269997 0.462312 0.149259
threshold=16.556428571428572 0.21362172767647314 18.700000000000003 66.500000000000014
decision_type=2 2 2 2
left_child=-1 2 -2 -4
right_child=1 -3 3 -5
leaf_value=-0.00093361211990092285 0.0023954039221961189 -0.00025186745120715179 -0.0012850722110872039 0.00055986548019237338
leaf_weight=23 38.858546257019043 42.23821222782135 14.38386821746826 41.582159161567688
leaf_count=23 36 42 13 33
internal_value=0.000137091 0.000492618 0.00105123 0
internal_weight=160.063 137.063 94.8246 55.966
internal_count=147 124 82 46
is_linear=0
shrinkage=0.0168771


Tree=258
num_leaves=3
num_cat=0
split_feature=11 13
split_gain=0.267076 0.14881
threshold=16.552142857142858 1.0000000180025095e-35
decision_type=2 2
left_child=1 -1
right_child=-2 -3
leaf_value=0 0.00010236729251535118 -0.0026330030818128656
leaf_weight=10.000000000000002 143.01291215419769 13.999999999999998
leaf_count=10 130 14
internal_value=-4.43479e-05 -0.00166795
internal_weight=167.013 24
internal_count=154 24
is_linear=0
shrinkage=0.0168771


Tree=259
num_leaves=4
num_cat=0
split_feature=13 5 5
split_gain=0.169132 0.178571 0.187715
threshold=-0.10326434779682422 17.317142857142859 16.481428571428577
decision_type=2 2 2
left_child=-1 2 -2
right_child=1 -3 -4
leaf_value=0.00030622711510593559 0 0 -0.0027389685234236803
leaf_weight=63.564459085464478 13.000000000000002 60.66371762752533 17
leaf_count=57 13 60 17
internal_value=-0.000141051 -0.000693975 -0.0017072
internal_weight=154.228 90.6637 30
internal_count=147 90 30
is_linear=0
shrinkage=0.0168771


Tree=260
num_leaves=5
num_cat=0
split_feature=14 1 1 1
split_gain=0.255642 0.433963 0.369312 0.169032
threshold=19.117142857142863 -2.8017857142857134 2.6783928571428577 8.5236904761904775
decision_type=2 2 2 2
left_child=1 -1 -2 -3
right_child=2 3 -4 -5
leaf_value=0.0012652218647919698 0 -0.0018895650594088432 0.0029737787544350577 0
leaf_weight=16.401041269302368 52.90779447555542 45.698956966400146 13.512534856796263 40.208701968193054
leaf_count=15 44 45 11 40
internal_value=0 -0.000557789 0.000760289 -0.00118832
internal_weight=168.729 102.309 66.4203 85.9077
internal_count=155 100 55 85
is_linear=0
shrinkage=0.0168771


Tree=261
num_leaves=2
num_cat=0
split_feature=0
split_gain=0.349193
threshold=16.500000000000004
decision_type=2
left_child=-1
right_child=-2
leaf_value=-0.0020084289346188056 0.00018840796141293947
leaf_weight=20.441307306289673 144.97795689105988
leaf_count=20 133
internal_value=0
internal_weight=165.419
internal_count=153
is_linear=0
shrinkage=0.0168771


Tree=262
num_leaves=4
num_cat=0
split_feature=6 6 9
split_gain=0.317673 0.125954 0.125575
threshold=17.334285714285716 16.177857142857142 20.411428571428569
decision_type=2 2 2
left_child=1 -1 -2
right_child=2 -3 -4
leaf_value=0 0.00089877087734771609 -0.001478605613008986 0
leaf_weight=12.999999999999998 86.776625752449036 38.104085445404053 24.786560416221619
leaf_count=13 80 37 20
internal_value=0 -0.000997991 0.000566073
internal_weight=162.667 51.1041 111.563
internal_count=150 50 100
is_linear=0
shrinkage=0.0168771


Tree=263
num_leaves=3
num_cat=0
split_feature=8 13
split_gain=0.322083 0.369956
threshold=-0.5987870565482547 0.14727331454656564
decision_type=2 2
left_child=-1 -2
right_child=1 -3
leaf_value=-0.0012063873713505043 0.0013517698439819794 -0.00038666595125064505
leaf_weight=42.208701968193054 65.474123954772949 40.438212275505066
leaf_count=42 56 40
internal_value=0 0.000489443
internal_weight=148.121 105.912
internal_count=138 96
is_linear=0
shrinkage=0.0168771


Tree=264
num_leaves=2
num_cat=0
split_feature=12
split_gain=0.148132
threshold=-0.24802088737487793
decision_type=2
left_child=-1
right_child=-2
leaf_value=-0.00070542252809165909 0.00034141576008262029
leaf_weight=60.625956177711487 87.801197052001953
leaf_count=60 77
internal_value=0
internal_weight=148.427
internal_count=137
is_linear=0
shrinkage=0.0168771


Tree=265
num_leaves=5
num_cat=0
split_feature=5 6 8 0
split_gain=0.201868 0.181404 0.192541 0.117779
threshold=18.959285714285716 16.177857142857142 0.070964021734350055 42.500000000000007
decision_type=2 2 2 2
left_child=1 -1 3 -3
right_child=-2 2 -4 -5
leaf_value=0 0.00021486732952004608 -0.0022012780094086831 0 0
leaf_weight=12.999999999999998 67.919787526130676 39 21.821202397346497 11.999999999999998
leaf_count=13 58 39 20 12
internal_value=-0.000237178 -0.000842877 -0.00123071 -0.00177338
internal_weight=153.741 85.8212 72.8212 51
internal_count=142 84 71 51
is_linear=0
shrinkage=0.0168771


Tree=266
num_leaves=2
num_cat=0
split_feature=10
split_gain=0.213648
threshold=0.26214285714285718
decision_type=2
left_child=-1
right_child=-2
leaf_value=-0.0009564343898516098 0.00032358370067600318
leaf_weight=49.696841239929199 118.6417543888092
leaf_count=49 108
internal_value=0
internal_weight=168.339
internal_count=157
is_linear=0
shrinkage=0.0168771


Tree=267
num_leaves=3
num_cat=0
split_feature=0 3
split_gain=0.210777 0.122417
threshold=21.500000000000004 0.23000000000000007
decision_type=2 2
left_child=1 -1
right_child=-2 -3
leaf_value=-0.0023116230446138266 0.0001855488614917882 0
leaf_weight=14.000000000000002 128.38665854930878 12.796609520912169
leaf_count=14 118 12
internal_value=0 -0.00136694
internal_weight=155.183 26.7966
internal_count=144 26
is_linear=0
shrinkage=0.0168771


Tree=268
num_leaves=2
num_cat=0
split_feature=14
split_gain=0.305592
threshold=16.652857142857147
decision_type=2
left_child=-1
right_child=-2
leaf_value=-0.0016577591749841747 0.00027837979241625028
leaf_weight=25.200000047683716 123.28794944286346
leaf_count=25 113
internal_value=0
internal_weight=148.488
internal_count=138
is_linear=0
shrinkage=0.0168771


Tree=269
num_leaves=2
num_cat=0
split_feature=0
split_gain=0.177437
threshold=16.500000000000004
decision_type=2
left_child=-1
right_child=-2
leaf_value=-0.0015676972855308701 5.991847314737375e-05
leaf_weight=17.441307306289673 141.02477312088013
leaf_count=17 130
internal_value=-5.38606e-06
internal_weight=158.466
internal_count=147
is_linear=0
shrinkage=0.0168771


Tree=270
num_leaves=3
num_cat=0
split_feature=2 3
split_gain=0.184594 0.138662
threshold=0.25642857142857151 0.22428571428571434
decision_type=2 2
left_child=1 -1
right_child=-2 -3
leaf_value=0 0.00030714980152184249 -0.0015466096772881169
leaf_weight=15.200000047683714 127.41019022464752 30.438212275505066
leaf_count=15 115 30
internal_value=0 -0.000910877
internal_weight=173.048 45.6382
internal_count=160 45
is_linear=0
shrinkage=0.0168771


Tree=271
num_leaves=3
num_cat=0
split_feature=14 5
split_gain=0.169787 0.175007
threshold=16.652857142857147 16.609285714285718
decision_type=2 2
left_child=1 -1
right_child=-2 -3
leaf_value=-0.0022115761747181903 0.0002761802060553554 0
leaf_weight=15.000000000000002 135.89831805229187 10.40443170070648
leaf_count=15 124 10
internal_value=0 -0.00115493
internal_weight=161.303 25.4044
internal_count=149 25
is_linear=0
shrinkage=0.0168771


Tree=272
num_leaves=2
num_cat=0
split_feature=0
split_gain=0.211592
threshold=21.500000000000004
decision_type=2
left_child=-1
right_child=-2
leaf_value=-0.0013490940636612756 0.0002846313112839837
leaf_weight=24.71306324005127 120.33778834342957
leaf_count=24 111
internal_value=0
internal_weight=145.051
internal_count=135
is_linear=0
shrinkage=0.0168771


Tree=273
num_leaves=4
num_cat=0
split_feature=14 8 8
split_gain=0.186 0.285975 0.276025
threshold=19.117142857142863 -0.031012018249991054 0.070964021734350055
decision_type=2 2 2
left_child=1 -1 -2
right_child=2 -3 -4
leaf_value=-0.0012572484047540964 0.002156296359991353 0.00033567825798117636 0
leaf_weight=66.498795628547668 18.599418640136719 26.421694874763489 44.986443281173706
leaf_count=66 15 25 39
internal_value=0 -0.000573945 0.000567412
internal_weight=156.506 92.9205 63.5859
internal_count=145 91 54
is_linear=0
shrinkage=0.0168771


Tree=274
num_leaves=6
num_cat=0
split_feature=10 7 3 6 0
split_gain=0.339073 0.197353 0.16663 0.130982 0.138996
threshold=0.29928571428571432 19.117142857142863 0.36142857142857149 16.481428571428577 42.500000000000007
decision_type=2 2 2 2 2
left_child=3 -2 -3 -1 -5
right_child=1 2 -4 4 -6
leaf_value=0 0.0022442740727780896 0.0015738698155327478 -0.00014224361078616978 -0.0016552480288878834 0
leaf_weight=18 21.060625314712524 15.819076061248778 49.356615781784058 36.933716893196106 11.452042698860167
leaf_count=18 19 12 45 36 11
internal_value=3.94901e-05 0.000850877 0 -0.000682479 -0.00116467
internal_weight=152.622 86.2363 65.1757 66.3858 48.3858
internal_count=141 76 57 65 47
is_linear=0
shrinkage=0.0168771


Tree=275
num_leaves=2
num_cat=0
split_feature=13
split_gain=0.226247
threshold=-0.070191896784088423
decision_type=2
left_child=-1
right_child=-2
leaf_value=0.0006417234644137971 -0.00062222473617807987
leaf_weight=80.646163940429688 74.655616164207458
leaf_count=71 74
internal_value=0
internal_weight=155.302
internal_count=145
is_linear=0
shrinkage=0.0168771


Tree=276
num_leaves=3
num_cat=0
split_feature=0 8
split_gain=0.315605 0.172737
threshold=13.000000000000002 -0.18313238184366909
decision_type=2 2
left_child=-1 -2
right_child=1 -3
leaf_value=-0.0023916519535446211 -0.00052645578739275191 0.00062143655011648172
leaf_weight=12.999999999999998 53.208701968193054 84.304581761360168
leaf_count=13 53 74
internal_value=-8.73876e-05 1.59264e-05
internal_weight=150.513 137.513
internal_count=140 127
is_linear=0
shrinkage=0.0168771


end of trees

feature_importances:
Column_10=214
Column_1=195
Column_8=163
Column_0=137
Column_13=123
Column_12=99
Column_3=96
Column_5=88
Column_2=69
Column_14=54
Column_6=27
Column_7=26
Column_4=25
Column_9=24
Column_11=21

parameters:
[boosting: gbdt]
[objective: regression]
[metric: l1]
[tree_learner: serial]
[device_type: cpu]
[data_sample_strategy: bagging]
[data: ]
[valid: ]
[num_iterations: 3000]
[learning_rate: 0.0168771]
[num_leaves: 26]
[num_threads: -1]
[seed: 45]
[deterministic: 0]
[force_col_wise: 0]
[force_row_wise: 0]
[histogram_pool_size: -1]
[max_depth: 4]
[min_data_in_leaf: 10]
[min_sum_hessian_in_leaf: 0.001]
[bagging_fraction: 0.743593]
[pos_bagging_fraction: 1]
[neg_bagging_fraction: 1]
[bagging_freq: 1]
[bagging_seed: 45]
[bagging_by_query: 0]
[feature_fraction: 0.681046]
[feature_fraction_bynode: 1]
[feature_fraction_seed: 3942]
[extra_trees: 0]
[extra_seed: 24660]
[early_stopping_round: 0]
[early_stopping_min_delta: 0]
[first_metric_only: 0]
[max_delta_step: 0]
[lambda_l1: 1.32832]
[lambda_l2: 2.91472]
[linear_lambda: 0]
[min_gain_to_split: 0.117378]
[drop_rate: 0.1]
[max_drop: 50]
[skip_drop: 0.5]
[xgboost_dart_mode: 0]
[uniform_drop: 0]
[drop_seed: 5926]
[top_rate: 0.2]
[other_rate: 0.1]
[min_data_per_group: 100]
[max_cat_threshold: 32]
[cat_l2: 10]
[cat_smooth: 10]
[max_cat_to_onehot: 4]
[top_k: 20]
[monotone_constraints: ]
[monotone_constraints_method: basic]
[monotone_penalty: 0]
[feature_contri: ]
[forcedsplits_filename: ]
[refit_decay_rate: 0.9]
[cegb_tradeoff: 1]
[cegb_penalty_split: 0]
[cegb_penalty_feature_lazy: ]
[cegb_penalty_feature_coupled: ]
[path_smooth: 0]
[interaction_constraints: ]
[verbosity: -1]
[saved_feature_importance_type: 0]
[use_quantized_grad: 0]
[num_grad_quant_bins: 4]
[quant_train_renew_leaf: 0]
[stochastic_rounding: 1]
[linear_tree: 0]
[max_bin: 255]
[max_bin_by_feature: ]
[min_data_in_bin: 3]
[bin_construct_sample_cnt: 200000]
[data_random_seed: 185]
[is_enable_sparse: 1]
[enable_bundle: 1]
[use_missing: 1]
[zero_as_missing: 0]
[feature_pre_filter: 1]
[pre_partition: 0]
[two_round: 0]
[header: 0]
[label_column: ]
[weight_column: ]
[group_column: ]
[ignore_column: ]
[categorical_feature: ]
[forcedbins_filename: ]
[precise_float_parser: 0]
[parser_config_file: ]
[objective_seed: 14259]
[num_class: 1]
[is_unbalance: 0]
[scale_pos_weight: 1]
[sigmoid: 1]
[boost_from_average: 1]
[reg_sqrt: 0]
[alpha: 0.9]
[fair_c: 1]
[poisson_max_delta_step: 0.7]
[tweedie_variance_power: 1.5]
[lambdarank_truncation_level: 30]
[lambdarank_norm: 1]
[label_gain: ]
[lambdarank_position_bias_regularization: 0]
[eval_at: ]
[multi_error_top_k: 1]
[auc_mu_weights: ]
[num_machines: 1]
[local_listen_port: 12400]
[time_out: 120]
[machine_list_filename: ]
[machines: ]
[gpu_platform_id: -1]
[gpu_device_id: -1]
[gpu_use_dp: 0]
[num_gpu: 1]

end of parameters

pandas_categorical:null
