tree
version=v4
num_class=1
num_tree_per_iteration=1
label_index=0
max_feature_idx=29
objective=regression
feature_names=Column_0 Column_1 Column_2 Column_3 Column_4 Column_5 Column_6 Column_7 Column_8 Column_9 Column_10 Column_11 Column_12 Column_13 Column_14 Column_15 Column_16 Column_17 Column_18 Column_19 Column_20 Column_21 Column_22 Column_23 Column_24 Column_25 Column_26 Column_27 Column_28 Column_29
feature_infos=[2.6666666666666665:102.66666666666667] [5:106] [1:99] [0:1] [5:106] [-83.333333333333343:400] [-35:33] [-32:43] [0.14285714285714285:3.75] [-54:41] [-51:73] [-51:47] [-66:78] [21.870000000000001:27.687142857142859] [0.1114285714285714:0.20428571428571429] [-83.333333333333343:400] [25.158571428571431:32.627142857142857] [0:160.56] [-990.29670329670353:2065.3351648351645] [0:160.56] [57.547142857142852:94.145714285714277] [0.2014285714285714:0.53142857142857147] [-37.689999999999998:34.645714285714277] [3.1428571428571428:91.857142857142861] [25.158571428571431:32.627142857142857] [0:7] [-71:74] [3.2000000000000002:96] [57.547142857142852:94.145714285714277] [25.158571428571431:32.627142857142857]
tree_sizes=2070 2121 2039 2317 2130 2138 2229 2122 2200 2105 2106 2100 2133 2023 2142 2141 2247 1926 2251 2229 2126 1907 2030 2127 1832 2036 1912 1929 2024 1809 2116 1844 2041 2064 1945 2018 2017 1800 1819 1614 1931 1720 1947 1818 1937 1901 1816 1838 1944 2038 1801 1734 1916 1818 1733 1837 1921 2120 1808 1744 2136 1822 1926 1709 1732 1828 1712 1547 1936 1930 1743 1844 1624 1715 1832 1833 1626 1618 1959 1830 1658 1404 1431 1641 1864 1640 1658 1654 1608 1732 1719 1546 1633 1724 1757 1731 1658 1745 1976 1707 1638 1751 1738 1550 1743 1336 1652 1712 1829 1512 1478 1615 1323 1406 1454 1750 1499 1406 1428 1495 1610 1518 1636 1538 1529 1329 1336 1379 1455 1472 1224 1349 1414 1540 1469 1295 1525 1536 1389 1489 1484 1551 1762 1439 1728 1744 1570 1292 1570 1378 1751 1202 1536 1462 1024 1405 1194 1283 1236 1507 1280 1317 1195 1349 1334 1198 1412 1206 1269 1060 1222 1287 1330 1203 1292 1566 1548 1265 1653 1391 1708 1186 1166 1358 1286 1356 1305 1146 1498 1460 997 1274 1205 1091 1398 994 1193 1366 1153 1033 1480 1098 1268 1033 1219 1217 1141 1314 1013 1343 1379 1326 1307 1369 1303 1121 1115 1139 1183 1189 806 1288 1303 940 946 1115 1096 1115 940 1200 961 1186 1060 1127 1032 1237 1042 1133 829 745 1030 1028 1278 865 1091 1035 1116 1033 838 1096 931 840 722 718 822 808 926 717 718 643 839 734 648 732 649 646 440 455 722 575 725 456 642 734 731 707 732 732 731 715 446 531 551 529 447 531 531 612 816 658 642 528 718 760 557 742 740 470 530 444 471 825 649 447 676 675 676 675 732 740 741 523 361 524 548 530 531 529 531 533 444 644

Tree=0
num_leaves=20
num_cat=0
split_feature=0 3 0 10 26 0 15 0 0 20 0 8 2 7 2 7 7 8 6
split_gain=185031 22802.4 16863.1 5712.82 2551.7 1827.17 1271.03 905.183 691.597 459.109 342.013 339.414 289.839 159.784 121.249 93.6441 71.8083 55.913 55.4636
threshold=45.166666666666679 1.0000000180025095e-35 20.166666666666668 51.000000000000007 19.500000000000004 10.16666666666667 -10.960960960960962 31.500000000000004 53.666666666666671 89.166428571428597 15.500000000000002 0.84558093346573993 25.500000000000004 1.5000000000000002 46.500000000000007 -1.0000000180025095e-35 1.5000000000000002 0.94868421052631591 4.5000000000000009
decision_type=2 2 2 2 2 2 2 2 2 2 2 2 2 2 2 2 2 2 2
left_child=2 6 5 9 7 -1 14 12 -8 -3 15 -9 17 -12 -2 -7 -14 -4 -13
right_child=1 3 4 -5 -6 10 8 11 -10 -11 13 18 16 -15 -16 -17 -18 -19 -20
leaf_value=38.349408760300221 39.414754738631636 40.225610729203318 38.748439920059489 40.926457930582274 39.511528748848626 38.444976700625148 39.684711006322182 38.989022168957156 39.953502533755696 40.459219708338466 38.590287399334073 39.168939602622174 38.941877840915545 38.765847772150408 39.595414896626444 38.579059047609576 39.110614799394753 38.886007167826946 39.275799275770261
leaf_weight=47.799999713897705 6.8190044164657584 18.803678750991821 8.0000000000000018 22.183746814727783 8.7070586681365949 13.999999999999998 15.439819097518919 8.0000000000000018 19.29773736000061 17.472329616546631 12.000000000000002 6.9999999999999982 5.9999999999999982 13.359999656677244 8.8235293626785261 24.399999618530273 5.8999998569488525 13.05999970436096 6.9799997806549072
leaf_count=46 5 6 8 5 4 14 7 8 7 5 12 7 6 11 5 22 5 11 5
internal_value=39.2653 40.1824 38.6953 40.5635 39.0645 38.4853 39.7389 38.9926 39.8357 40.3398 38.5881 39.1373 38.8978 38.6804 39.5203 38.5286 39.0208 38.831 39.2262
internal_weight=284.047 108.84 175.207 58.4598 63.6471 111.56 50.3801 54.94 34.7376 36.276 63.76 21.98 32.96 25.36 15.6425 38.4 11.9 21.06 13.98
internal_count=199 40 159 16 54 105 24 50 14 11 59 20 30 23 10 36 11 19 12
is_linear=0
shrinkage=1


Tree=1
num_leaves=20
num_cat=0
split_feature=0 3 0 10 26 0 15 0 0 10 5 8 0 8 27 17 8 5 8
split_gain=174738 21523.5 15918.2 5388.04 2411.15 1720.92 1197.79 854.705 650.817 416.495 330.31 320.323 214.253 209.911 113.516 69.4576 52.5177 44.4979 11.0556
threshold=45.166666666666679 1.0000000180025095e-35 20.166666666666668 51.000000000000007 19.500000000000004 10.16666666666667 -10.960960960960962 31.500000000000004 53.666666666666671 37.000000000000007 -16.228070175438592 0.84558093346573993 15.500000000000002 0.96026315789473693 56.400000000000013 32.595000000000006 1.1143790849673205 -18.606138107416879 1.0538461538461541
decision_type=2 2 2 2 2 2 2 2 2 2 2 2 2 2 2 2 2 2 2
left_child=2 6 5 9 7 -1 14 13 -8 -3 18 -9 -12 17 -2 -15 -13 -4 -7
right_child=1 3 4 -5 -6 10 8 11 -10 -11 12 16 -14 15 -16 -17 -18 -19 -20
leaf_value=-0.89024242193395065 0.14493336637645376 0.95122118019804303 -0.55330714074488851 1.6138249225114394 0.23896726750397942 -0.79592271556781091 0.40724365382781386 -0.26874993546663895 0.66842278745220252 1.1804813042921567 -0.66709903755506894 -0.09392516295919992 -0.51298800465495198 -0.34841503679790342 0.32047888136195074 -0.21461668286891711 0.0099103256288158303 -0.38525821890945566 -0.64751356894658008
leaf_weight=47.799999713897705 6.8190044164657584 21.888111352920532 5 22.183746814727783 8.7070586681365949 16.000000000000004 15.439819097518919 8.0000000000000018 19.29773736000061 14.387897014617918 24.399999618530273 6.9999999999999982 17.359999656677246 11.059999704360964 8.8235293626785261 8.8999998569488508 6.9799997806549072 7.9999999999999982 5.9999999999999991
leaf_count=46 5 7 5 5 4 16 7 8 7 4 22 7 15 9 5 8 5 8 6
internal_value=-0.000251666 0.890928 -0.554187 1.26125 -0.195526 -0.758291 0.460015 -0.265412 0.554024 1.04387 -0.658422 -0.124648 -0.604446 -0.357564 0.247576 -0.291611 -0.0381504 -0.454383 -0.75816
internal_weight=284.047 108.84 175.207 58.4598 63.6471 111.56 50.3801 54.94 34.7376 36.276 63.76 21.98 41.76 32.96 15.6425 19.96 13.98 13 22
internal_count=199 40 159 16 54 105 24 50 14 11 59 20 37 30 10 17 12 13 22
is_linear=0
shrinkage=0.0283266


Tree=2
num_leaves=19
num_cat=0
split_feature=0 10 0 2 26 0 9 2 8 8 5 26 1 0 8 5 2 5
split_gain=165019 20308.2 15026.1 3486.95 2278.39 1620.73 1577.46 825.664 500.391 393.869 309.575 235.963 208.874 206.754 110.118 55.6776 24.7066 2.63017
threshold=45.166666666666679 45.000000000000007 20.166666666666668 53.500000000000007 19.500000000000004 10.16666666666667 13.500000000000002 21.500000000000004 1.1143790849673205 0.86356589147286833 -16.228070175438592 4.5000000000000009 20.500000000000004 36.833333333333336 0.94868421052631591 1.0000000180025095e-35 11.500000000000002 -41.885964912280691
decision_type=2 2 2 2 2 2 2 2 2 2 2 2 2 2 2 2 2 2
left_child=2 3 5 6 7 17 9 14 13 -2 16 -5 -12 15 -4 -9 -7 -1
right_child=1 -3 4 11 -6 10 -8 8 -10 -11 12 -13 -14 -15 -16 -17 -18 -19
leaf_value=-0.95984190583706697 0.19569301514912388 1.4406743895100518 -0.54193516341766379 0.73998462384939623 0.23220316269663219 -0.78615343977713481 0.68046415359058643 -0.33247323233767345 -0.0073812280343005894 0.41489281367030434 -0.63736487033514766 0.94938444706566683 -0.47669246573938345 -0.083898023248507841 -0.35490578462091277 -0.21075589405618006 -0.64287569423640389 -0.84145581648492074
leaf_weight=8.9999999999999982 11.943438768386843 34.026394844055176 6.0000000000000027 11.436651825904848 8.7070586681365949 14.000000000000002 16.729411840438843 13.000000000000005 10.27999973297119 19.119909405708313 28.399999618530273 15.584038734436033 13.359999656677244 5.9999999999999991 11.05999970436096 8.5999999046325666 7.9999999999999991 38.799999713897705
leaf_count=9 8 8 6 5 4 14 5 13 8 9 26 5 11 6 9 8 8 37
internal_value=-0.000249951 0.865786 -0.538565 0.603478 -0.190066 -0.736873 0.4555 -0.258014 -0.181695 0.33245 -0.639852 0.862997 -0.587366 -0.244602 -0.424101 -0.286646 -0.736767 -0.865028
internal_weight=284.047 108.84 175.207 74.8135 63.6471 111.56 47.7928 54.94 37.88 31.0633 63.76 27.0207 41.76 27.6 17.06 21.6 22 47.8
internal_count=199 40 159 32 54 105 22 50 35 17 59 10 37 27 15 21 22 46
is_linear=0
shrinkage=0.0283266


Tree=3
num_leaves=22
num_cat=0
split_feature=0 3 0 10 26 0 15 0 0 1 8 8 8 0 27 17 6 5 13 5 1
split_gain=155843 19252.1 14183.5 4880.13 2153.24 1526.8 1070.48 769.977 590.058 381.687 292.066 287.505 186.894 170.271 99.988 59.401 46.2495 36.586 26.4253 16.3687 1.65497
threshold=45.166666666666679 1.0000000180025095e-35 20.166666666666668 51.000000000000007 19.500000000000004 10.16666666666667 -10.960960960960962 31.500000000000004 53.666666666666671 84.000000000000014 0.93725490196078443 0.84558093346573993 0.96026315789473693 13.000000000000002 56.400000000000013 32.595000000000006 4.5000000000000009 -18.606138107416879 24.683571428571433 20.576923076923077 9.5000000000000018
decision_type=2 2 2 2 2 2 2 2 2 2 2 2 2 2 2 2 2 2 2 2 2
left_child=2 6 5 9 7 20 14 12 -8 -3 18 -9 17 -12 -2 -14 -13 -4 -7 -15 -1
right_child=1 3 4 -5 -6 10 8 11 -10 -11 13 16 15 19 -16 -17 -18 -19 -20 -21 -22
leaf_value=-0.88341781056539537 0.13529369328040566 0.88360441293036474 -0.52350775198134969 1.5273264646996516 0.22563048674900982 -0.73574919330404176 0.38252115995156155 -0.25361214298584484 0.63172640446069084 1.0998042608361602 -0.65690145982439585 -0.087354040093136687 -0.32904105266516437 -0.55171695679991772 0.30128500641853773 -0.20295321813589814 0.0098387499961887209 -0.36455390504453705 -0.59569767828743936 -0.44142394628489967 -0.79251166123541039
leaf_weight=24.599999904632568 6.8190044164657584 19.624945640563965 5 22.183746814727783 8.7070586681365949 20.000000000000004 15.439819097518919 8.0000000000000018 19.29773736000061 16.651062726974487 13.499999761581419 6.9999999999999982 11.059999704360964 12.59999990463257 8.8235293626785261 8.8999998569488508 6.9799997806549072 7.9999999999999982 6.9999999999999991 10.659999608993528 23.199999809265137
leaf_count=24 5 6 5 5 4 20 7 8 7 5 12 7 9 12 5 8 5 8 7 8 22
internal_value=-0.000265695 0.841341 -0.523405 1.1916 -0.184784 -0.716077 0.433708 -0.250853 0.522644 0.984543 -0.621808 -0.117065 -0.338355 -0.561559 0.232541 -0.275671 -0.0348944 -0.430167 -0.701636 -0.503681 -0.840565
internal_weight=284.047 108.84 175.207 58.4598 63.6471 111.56 50.3801 54.94 34.7376 36.276 63.76 21.98 32.96 36.76 15.6425 19.96 13.98 13 27 23.26 47.8
internal_count=199 40 159 16 54 105 24 50 14 11 59 20 30 32 10 17 12 13 27 20 46
is_linear=0
shrinkage=0.0283266


Tree=4
num_leaves=20
num_cat=0
split_feature=0 3 0 18 12 0 8 1 1 8 0 5 1 5 2 5 1 2 8
split_gain=147181 18172 13390 4630.49 1968.16 1437.82 958.314 813.402 592.437 425.412 278.66 277.682 184.614 139.64 138.616 66.2138 57.7507 18.8127 2.66341
threshold=45.166666666666679 1.0000000180025095e-35 20.166666666666668 796.18846153846164 23.000000000000004 10.16666666666667 0.86356589147286833 35.500000000000007 63.500000000000007 1.1143790849673205 76.166666666666671 -16.228070175438592 20.500000000000004 -18.606138107416879 28.500000000000004 -5.4299754299754301 27.500000000000004 11.500000000000002 0.63525498891352561
decision_type=2 2 2 2 2 2 2 2 2 2 2 2 2 2 2 2 2 2 2
left_child=2 6 5 10 7 18 -2 13 -8 14 -3 17 -13 -4 15 -9 -15 -7 -1
right_child=1 3 4 -5 -6 11 8 9 -10 -11 -12 12 -14 16 -16 -17 -18 -19 -20
leaf_value=-0.90290810383893438 0.2135983133609114 0.85858315457018908 -0.49623195129431164 1.4704745790883735 0.28493886958317804 -0.74354135591785397 0.38574345434099089 -0.37056050263300599 0.62780482636661272 0.0053012198871940069 1.0553003355571389 -0.60164181069284395 -0.44917948037198779 -0.37646035792221016 -0.10335402492351183 -0.18657093190053992 -0.25670091029860576 -0.60695527644944713 -0.79240018045016147
leaf_weight=9.9999999999999982 13.843891263008116 19.624945640563965 5.0000000000000027 23.446779727935791 6.4617645740509024 14.000000000000002 19.72262442111969 5.0000000000000027 16.813574552536011 11.525293827056883 15.388029813766478 28.399999618530273 13.359999656677244 9.1599998474121112 6.9999999999999991 5.0000000000000027 14.499999761581419 7.9999999999999991 37.799999713897705
leaf_count=10 9 6 5 5 3 14 9 5 6 8 5 26 11 8 7 5 13 8 36
internal_value=-0.000275486 0.817603 -0.508674 1.15791 -0.179628 -0.695885 0.421521 -0.233115 0.498741 -0.122934 0.946796 -0.604301 -0.554265 -0.340799 -0.21309 -0.284267 -0.305491 -0.696577 -0.816793
internal_weight=284.047 108.84 175.207 58.4598 63.6471 111.56 50.3801 57.1853 36.5362 28.5253 35.013 63.76 41.76 28.66 17 10 23.66 22 47.8
internal_count=199 40 159 16 54 105 24 51 15 25 11 59 37 26 17 10 21 22 46
is_linear=0
shrinkage=0.0283266


Tree=5
num_leaves=20
num_cat=0
split_feature=0 10 0 3 26 0 15 2 0 6 8 0 0 2 8 7 13 7 1
split_gain=138997 17276.2 12640.2 3801.45 1936.22 1354.29 953.263 707.54 526.652 421.997 265.003 177.343 152.031 92.924 92.8852 46.1531 17.9211 11.8955 0.580508
threshold=45.166666666666679 45.000000000000007 20.166666666666668 1.0000000180025095e-35 19.500000000000004 10.16666666666667 -10.960960960960962 21.500000000000004 53.666666666666671 4.5000000000000009 0.93725490196078443 36.833333333333336 13.000000000000002 46.500000000000007 0.94868421052631591 1.0000000180025095e-35 24.683571428571433 3.5000000000000004 9.5000000000000018
decision_type=2 2 2 2 2 2 2 2 2 2 2 2 2 2 2 2 2 2 2
left_child=2 3 5 6 7 18 13 14 -8 11 16 15 -12 -2 -4 -9 -7 -14 -1
right_child=1 -3 4 -5 -6 10 8 9 -10 -11 12 -13 17 -15 -16 -17 -18 -19 -20
leaf_value=-0.83506952621022423 0.12542010859512465 1.324842900698715 -0.50092566414330042 0.84458553269056835 0.21440141267156887 -0.69564507058339542 0.36076792688502785 -0.30568207899080196 0.59694245239709032 -0.0059467114392118192 -0.62037542055806072 -0.074559556008444841 -0.51980310677598252 0.28571745865603154 -0.32642485511715374 -0.19243953925613208 -0.56364003110635064 -0.41515872725856084 -0.74722431319102889
leaf_weight=24.599999904632568 6.8190044164657584 34.026394844055176 6.0000000000000027 24.43336033821106 8.7070586681365949 20.000000000000004 15.439819097518919 13.000000000000005 19.29773736000061 10.27999973297119 13.499999761581419 5.9999999999999991 12.59999990463257 8.8235293626785261 11.05999970436096 8.5999999046325666 6.9999999999999991 10.659999608993528 23.199999809265137
leaf_count=24 5 8 6 8 4 20 7 13 7 8 12 6 12 5 9 8 7 8 22
internal_value=-0.000284845 0.794523 -0.494351 0.552493 -0.174618 -0.676249 0.409647 -0.237294 0.493647 -0.166467 -0.587264 -0.224238 -0.529578 0.219451 -0.3912 -0.263223 -0.66361 -0.474348 -0.793696
internal_weight=284.047 108.84 175.207 74.8135 63.6471 111.56 50.3801 54.94 34.7376 37.88 63.76 27.6 36.76 15.6425 17.06 21.6 27 23.26 47.8
internal_count=199 40 159 32 54 105 24 50 14 35 59 27 32 10 15 21 27 20 46
is_linear=0
shrinkage=0.0283266


Tree=6
num_leaves=21
num_cat=0
split_feature=0 3 0 13 26 0 15 2 0 6 0 5 0 0 9 2 2 8 5 8
split_gain=131272 16189.7 11931.8 4090.63 1830.01 1275.15 898.068 666.939 495.372 400.39 275.917 249.678 168.871 149.888 88.0022 86.9052 77.9818 37.8534 2.24561 1.60812
threshold=45.166666666666679 1.0000000180025095e-35 20.166666666666668 23.64357142857143 19.500000000000004 10.16666666666667 -10.960960960960962 21.500000000000004 53.666666666666671 7.5000000000000009 76.166666666666671 9.4444444444444446 32.500000000000007 15.500000000000002 4.5000000000000009 46.500000000000007 11.500000000000002 0.84558093346573993 6.3301282051282053 0.63525498891352561
decision_type=2 2 2 2 2 2 2 2 2 2 2 2 2 2 2 2 2 2 2 2
left_child=2 6 5 -3 7 19 15 14 -8 12 -5 16 18 -13 -4 -2 -7 -14 -9 -1
right_child=1 3 4 10 -6 11 8 9 -10 -11 -12 13 17 -15 -16 -17 -18 -19 -20 -21
leaf_value=-0.85445487815081933 0.12187073173853334 1.3884697272577864 -0.47451387388945093 0.80809162872451112 0.20833264372653831 -0.69417761468296668 0.35055286547422049 -0.30163047580432739 0.58003873397354533 0.0058485914403566923 1.0019317783177983 -0.56640197559528793 -0.19530961340410863 -0.41649878142838453 -0.30885642773567223 0.27762996369684567 -0.56142116029295108 -0.075584649317093813 -0.20834679102321899 -0.74763688120607574
leaf_weight=9.9999999999999982 6.8190044164657584 23.344969749450684 7.0000000000000027 19.624945640563965 8.7070586681365949 17.000000000000004 15.439819097518919 11.000000000000005 19.29773736000061 8.2799997329711896 15.489839792251585 19.399999618530273 4.9999999999999991 13.359999656677244 10.05999970436096 8.8235293626785261 13.999999999999998 7.9999999999999991 5.5999999046325675 37.799999713897705
leaf_count=10 5 5 7 6 4 17 7 11 7 6 5 17 5 11 8 5 14 8 5 36
internal_value=-0.000305646 0.772095 -0.480452 1.09334 -0.169773 -0.657185 0.398141 -0.23072 0.479713 -0.161878 0.89534 -0.570735 -0.210653 -0.50705 -0.38022 0.213339 -0.636134 -0.125955 -0.273582 -0.771252
internal_weight=284.047 108.84 175.207 58.4598 63.6471 111.56 50.3801 54.94 34.7376 37.88 35.1148 63.76 29.6 32.76 17.06 15.6425 31 13 16.6 47.8
internal_count=199 40 159 16 54 105 24 50 14 35 11 59 29 28 15 10 31 13 16 46
is_linear=0
shrinkage=0.0283266


Tree=7
num_leaves=20
num_cat=0
split_feature=0 0 0 10 0 7 7 4 8 8 8 2 0 7 26 19 2 10 5
split_gain=144463 15670 11173.1 3453.46 1743.09 1722.77 1420.45 508.235 409.555 399.032 362.06 238.868 146.517 106.018 99.9668 51.394 43.626 39.0013 22.5497
threshold=45.166666666666679 68.500000000000014 23.666666666666668 45.000000000000007 10.833333333333334 3.5000000000000004 12.500000000000002 66.500000000000014 1.0389266817838247 0.93725490196078443 1.0750000000000002 28.500000000000004 15.500000000000002 4.5000000000000009 14.500000000000002 32.390000000000008 13.500000000000002 12.500000000000002 -41.885964912280691
decision_type=2 2 2 2 2 2 2 2 2 2 2 2 2 2 2 2 2 2 2
left_child=2 5 4 -3 13 8 10 -7 -2 16 11 15 -11 18 -12 -4 -6 -14 -1
right_child=1 3 6 -5 9 7 -8 -9 -10 12 14 -13 17 -15 -16 -17 -18 -19 -20
leaf_value=-0.83676282794925294 0.16437341941758771 0.84472982795425244 -0.34244875303063282 1.2929088672903881 -0.64089867238083997 0.44993894700662013 0.20243567011573468 0.69604890055644453 0.40672470394287913 -0.53971197957089079 0.010430319723528016 -0.093636452447446672 -0.43412463208115876 -0.60534384861792567 -0.14406197962047815 -0.22250241891370179 -0.50681950720897639 -0.30821093001794542 -0.7303920688842892
leaf_weight=11.999999999999998 13.6742080450058 24.05895209312439 13.000000000000005 36.149657487869263 21.000000000000004 13.485067725181578 8.7070586681365949 18.791475772857666 11.063348531723021 13.799999713897703 6.4199998378753644 6.9999999999999991 16.759999752044681 8.759999752044676 5.8999998569488525 8.5999999046325666 7.9999999999999991 6.7599997520446768 41.199999809265137
leaf_count=12 9 8 13 8 21 5 4 6 5 12 5 7 15 7 5 8 8 5 40
internal_value=0.0232879 0.795513 -0.48523 1.11485 -0.624957 0.45723 -0.122906 0.595047 0.275071 -0.521022 -0.193504 -0.249439 -0.453465 -0.735247 -0.0591094 -0.29733 -0.605937 -0.400378 -0.755522
internal_weight=295.13 117.223 177.907 60.2086 128.28 57.0141 49.6271 32.2765 24.7376 66.32 40.92 28.6 37.32 61.96 12.32 21.6 29 23.52 53.2
internal_count=203 41 162 16 120 25 42 11 14 61 38 28 32 59 10 21 29 20 52
is_linear=0
shrinkage=0.0283266


Tree=8
num_leaves=21
num_cat=0
split_feature=0 3 0 10 0 26 22 20 6 6 8 19 9 6 10 0 5 5 4 14
split_gain=136429 15293 10549.8 3733.58 1642.63 1342.17 898.366 685.441 457.289 399.053 374.584 224.115 150.677 92.3033 46.5193 45.1196 28.8651 23.0575 21.9864 20.887
threshold=45.166666666666679 1.0000000180025095e-35 23.666666666666668 51.000000000000007 10.833333333333334 19.500000000000004 8.1242857142857172 90.877142857142857 7.5000000000000009 7.5000000000000009 0.93725490196078443 51.175000000000018 4.5000000000000009 5.5000000000000009 6.5000000000000009 35.333333333333336 -13.796068796068798 -41.885964912280691 21.500000000000004 0.17071428571428574
decision_type=2 2 2 2 2 2 2 2 2 2 2 2 2 2 2 2 2 2 2 2
left_child=2 6 4 7 13 9 8 -3 16 11 -6 14 -12 17 19 -13 -2 -1 -14 -4
right_child=1 3 5 -5 10 -7 -8 -9 -10 -11 12 15 18 -15 -16 -17 -18 -19 -20 -21
leaf_value=-0.81307290634314044 0.099949279469789098 0.76782741658713027 -0.35900045798215424 1.3041145676103949 -0.5888341184736291 0.1967055835062255 0.51564715877465528 1.0250877242262721 0.41675250719200524 -0.0018787686441537276 -0.52028569375391531 -0.18661391845005831 -0.45103164917306449 -0.58085446998125312 -0.19503369702375525 -0.052502104995746042 0.20371320584989297 -0.7081804832946329 -0.34126208644560346 -0.23813783989634973
leaf_weight=11.999999999999998 6.8868777751922599 25.152817249298096 10.000000000000002 27.571715354919434 29 8.7070586681365949 23.037556529045105 16.140711069107056 9.9828054904937726 8.0199997425079328 15.299999952316282 4.9999999999999982 7.7999997138977077 7.7599997520446768 6.2999999523162833 6 8.4502261877059954 42.199999809265137 14.21999955177307 5.5999999046325675
leaf_count=12 5 8 10 6 29 4 9 4 4 6 15 5 6 6 6 6 5 41 11 5
internal_value=0.0226008 0.773051 -0.47157 1.04464 -0.607346 -0.119458 0.385062 0.869867 0.263965 -0.188103 -0.506365 -0.23181 -0.44071 -0.714477 -0.286121 -0.118556 0.160782 -0.732517 -0.382774 -0.319271
internal_weight=295.13 117.223 177.907 68.8652 128.28 49.6271 48.3575 41.2935 25.3199 40.92 66.32 32.9 37.32 61.96 21.9 11 15.3371 54.2 22.02 15.6
internal_count=203 41 162 18 120 42 23 12 14 38 61 32 32 59 21 11 10 53 17 15
is_linear=0
shrinkage=0.0283266


Tree=9
num_leaves=20
num_cat=0
split_feature=0 3 0 10 1 7 22 20 6 6 7 2 0 7 1 6 7 14 4
split_gain=128850 14433.8 9956.66 3520.45 1551.15 1269.03 845.805 643.897 430.371 376.734 295.984 248.535 189.662 65.2178 65.1478 43.231 26.9616 15.7355 9.74125
threshold=45.166666666666679 1.0000000180025095e-35 23.666666666666668 51.000000000000007 17.500000000000004 12.500000000000002 8.1242857142857172 90.877142857142857 7.5000000000000009 7.5000000000000009 -2.4999999999999996 28.500000000000004 9.1666666666666696 4.5000000000000009 21.500000000000004 3.5000000000000004 1.0000000180025095e-35 0.15928571428571434 73.500000000000014
decision_type=2 2 2 2 2 2 2 2 2 2 2 2 2 2 2 2 2 2 2
left_child=2 6 4 7 12 9 8 -3 18 11 -6 13 15 17 -12 -1 -14 -4 -2
right_child=1 3 5 -5 10 -7 -8 -9 -10 -11 14 -13 16 -15 -16 -17 -18 -19 -20
leaf_value=-0.73377169036384704 0.1075275632418289 0.74608303371396389 -0.33623426129882716 1.2671821158014798 -0.55800842379774362 0.19113772261906301 0.5010447208758112 0.99606206460425761 0.40495496765395722 -0.0018255919329915617 -0.45041752894098935 -0.089139571500250911 -0.6451778926832854 -0.16170845745918969 -0.33575112619921532 -0.59703305128075923 -0.54320873468985942 -0.23053707888183858 0.18881172512971175
leaf_weight=37.899999856948853 6.8190044164657619 25.152817249298096 12.29999995231629 27.571715354919434 17 8.7070586681365949 23.037556529045105 16.140711069107056 9.9828054904937726 8.0199997425079328 14.499999761581423 8.9999999999999982 22 5.2999999523162833 14.919999599456785 7.4599997997283927 14.499999761581419 6.2999999523162833 8.5180995464324933
leaf_count=37 5 8 12 6 17 4 9 4 4 6 13 9 22 5 12 6 13 6 5
internal_value=0.0219285 0.75124 -0.458313 1.0151 -0.59022 -0.116203 0.374256 0.845272 0.256617 -0.18297 -0.455468 -0.225439 -0.665917 -0.274417 -0.39423 -0.712589 -0.606286 -0.303496 0.156334
internal_weight=295.13 117.223 177.907 68.8652 128.28 49.6271 48.3575 41.2935 25.3199 40.92 46.42 32.9 81.86 23.9 29.42 45.36 36.5 18.6 15.3371
internal_count=203 41 162 18 120 42 23 12 14 38 42 32 78 23 25 43 35 18 10
is_linear=0
shrinkage=0.0283266


Tree=10
num_leaves=20
num_cat=0
split_feature=0 3 0 13 0 7 22 13 6 6 8 19 1 7 0 7 8 4 12
split_gain=121691 13622.6 9398.07 3242.25 1464.72 1199.65 796.247 484.663 404.995 355.498 337.25 200.06 138.781 87.3495 40.5325 26.0361 14.8682 8.60474 2.59735
threshold=45.166666666666679 1.0000000180025095e-35 23.666666666666668 23.64357142857143 10.833333333333334 12.500000000000002 8.1242857142857172 24.117142857142856 7.5000000000000009 7.5000000000000009 0.93725490196078443 51.175000000000018 19.500000000000004 4.5000000000000009 35.333333333333336 1.0000000180025095e-35 0.60645161290322591 73.500000000000014 11.500000000000002
decision_type=2 2 2 2 2 2 2 2 2 2 2 2 2 2 2 2 2 2 2
left_child=2 6 4 -3 13 9 8 -5 17 11 -6 15 -12 16 -13 -4 -1 -2 -14
right_child=1 3 5 7 10 -7 -8 -9 -10 -11 12 14 18 -15 -16 -17 -18 -19 -20
leaf_value=-0.76554399603725398 0.10448455262763472 1.2202123308943231 -0.30430394271600936 0.93785533390633846 -0.55657191531251171 0.18572742598153172 0.4868558026948886 0.71716399241388518 0.39349136023793946 -0.0017739226203332804 -0.49562487682676598 -0.17639156292126995 -0.3859602318551506 -0.55369466718896299 -0.048494182769367913 -0.20372789352758194 -0.66898506084266129 0.18346737427423215 -0.2886540453002216
leaf_weight=12.999999999999998 6.8190044164657619 28.732938289642334 14.000000000000002 17.962110757827759 29 8.7070586681365949 23.037556529045105 22.170194625854492 9.9828054904937726 8.0199997425079328 14.499999761581419 4.9999999999999982 16.619999647140506 8.759999752044676 6 7.8999998569488517 40.199999809265137 8.5180995464324933 6.1999998092651358
leaf_count=13 5 6 14 5 29 4 9 7 4 6 13 5 14 7 6 7 39 5 5
internal_value=0.0212807 0.730047 -0.445423 0.986397 -0.57358 -0.113009 0.363756 0.817451 0.249476 -0.177944 -0.478065 -0.219201 -0.415494 -0.674865 -0.111719 -0.270616 -0.693709 0.152011 -0.362033
internal_weight=295.13 117.223 177.907 68.8652 128.28 49.6271 48.3575 40.1323 25.3199 40.92 66.32 32.9 37.32 61.96 11 21.9 53.2 15.3371 22.82
internal_count=203 41 162 18 120 42 23 12 14 38 61 32 32 59 11 21 52 10 19
is_linear=0
shrinkage=0.0283266


Tree=11
num_leaves=20
num_cat=0
split_feature=0 3 0 10 1 7 22 20 6 6 7 19 8 1 1 10 0 14 4
split_gain=114930 12857 8870.76 3191.45 1386.1 1134.11 749.523 574.487 381.072 335.45 267.908 187.843 167.536 138.096 56.0381 39.9921 37.8486 16.192 7.54807
threshold=45.166666666666679 1.0000000180025095e-35 23.666666666666668 51.000000000000007 17.500000000000004 12.500000000000002 8.1242857142857172 90.877142857142857 7.5000000000000009 7.5000000000000009 -2.4999999999999996 51.175000000000018 0.5590277777777779 12.500000000000002 21.500000000000004 6.5000000000000009 35.333333333333336 0.17071428571428574 73.500000000000014
decision_type=2 2 2 2 2 2 2 2 2 2 2 2 2 2 2 2 2 2 2
left_child=2 6 4 7 12 9 8 -3 18 11 -6 15 -1 -14 -12 17 -13 -4 -2
right_child=1 3 5 -5 10 -7 -8 -9 -10 -11 14 16 13 -15 -16 -17 -18 -19 -20
leaf_value=-0.74386947706692375 0.10152765397548658 0.70249451381264294 -0.33098988273650054 1.1986735958273214 -0.52768635242111017 0.18047030320211188 0.47306869535819296 0.9396192169642914 0.38235227924326831 -0.0017237112729318268 -0.42441866662621647 -0.17140142427805036 -0.64805401115924721 -0.54396961085476325 -0.31581368553786093 -0.17711910578184256 -0.047121981128676528 -0.21804045701679356 0.17827429600139327
leaf_weight=12.999999999999998 6.8190044164657619 25.152817249298096 10.000000000000002 27.571715354919434 17 8.7070586681365949 23.037556529045105 16.140711069107056 9.9828054904937726 8.0199997425079328 14.499999761581423 4.9999999999999982 40.799999713897705 28.059999704360962 14.919999599456785 6.2999999523162833 6 5.5999999046325675 8.5180995464324933
leaf_count=13 5 8 10 6 17 4 9 4 4 6 13 5 39 26 12 6 6 5 5
internal_value=0.0206512 0.709454 -0.432898 0.958509 -0.557411 -0.109904 0.353554 0.796651 0.242538 -0.17306 -0.429827 -0.213138 -0.629045 -0.606498 -0.3713 -0.263026 -0.1087 -0.294091 0.14781
internal_weight=295.13 117.223 177.907 68.8652 128.28 49.6271 48.3575 41.2935 25.3199 40.92 46.42 32.9 81.86 68.86 29.42 21.9 11 15.6 15.3371
internal_count=203 41 162 18 120 42 23 12 14 38 42 32 78 65 25 21 11 15 10
is_linear=0
shrinkage=0.0283266


Tree=12
num_leaves=20
num_cat=0
split_feature=0 3 0 10 0 7 22 20 6 6 8 7 2 2 7 10 2 5 2
split_gain=108546 12134.2 8371.21 3008.97 1308.84 1072.43 705.472 539.411 358.522 316.683 311.428 217.756 211.025 71.9774 56.281 41.6264 30.4003 27.5696 12.2526
threshold=45.166666666666679 1.0000000180025095e-35 23.666666666666668 51.000000000000007 13.000000000000002 12.500000000000002 8.1242857142857172 90.877142857142857 7.5000000000000009 7.5000000000000009 0.94868421052631591 4.5000000000000009 28.500000000000004 3.5000000000000004 4.5000000000000009 12.500000000000002 13.500000000000002 -13.796068796068798 25.500000000000004
decision_type=2 2 2 2 2 2 2 2 2 2 2 2 2 2 2 2 2 2 2
left_child=2 6 4 7 11 9 8 -3 17 12 16 13 14 -1 18 -12 -6 -2 -4
right_child=1 3 5 -5 10 -7 -8 -9 -10 -11 15 -13 -14 -15 -16 -17 -18 -19 -20
leaf_value=-0.73252417995779429 0.085008319593616974 0.68260035877422487 -0.31880898377470468 1.1647271828079451 -0.55463365371554818 0.17536196388928385 0.45967201002832492 0.91301363937479063 0.37152852449923468 -0.001674925285879567 -0.38252620566813772 -0.50025550397238849 -0.08100616948291664 -0.61944422750465866 -0.14642729101643923 -0.26258778651171938 -0.43609374404905976 0.18495016083527671 -0.22431331958497677
leaf_weight=12.999999999999998 6.8868777751922599 25.152817249298096 10.29999995231629 27.571715354919434 14.000000000000002 8.7070586681365949 23.037556529045105 16.140711069107056 9.9828054904937726 8.0199997425079328 20.659999608993534 14.659999608993528 8.9999999999999982 49.199999809265137 5.2999999523162833 6.7599997520446768 9.9999999999999982 8.4502261877059954 8.2999999523162824
leaf_count=13 5 8 10 6 14 4 9 4 4 6 18 12 9 48 5 5 10 5 8
internal_value=0.0200397 0.689444 -0.420728 0.931411 -0.541687 -0.10692 0.34364 0.77413 0.235796 -0.168353 -0.42741 -0.617378 -0.207296 -0.64404 -0.252507 -0.35504 -0.507674 0.143729 -0.279704
internal_weight=295.13 117.223 177.907 68.8652 128.28 49.6271 48.3575 41.2935 25.3199 40.92 51.42 76.86 32.9 62.2 23.9 27.42 24 15.3371 18.6
internal_count=203 41 162 18 120 42 23 12 14 38 47 73 32 61 23 23 24 10 18
is_linear=0
shrinkage=0.0283266


Tree=13
num_leaves=19
num_cat=0
split_feature=2 3 2 10 22 6 6 2 20 7 2 5 2 9 2 2 5 5
split_gain=98647.8 16520 5520.24 2836.8 1536.53 1449.82 692.143 567.094 506.378 443.24 392.363 208.843 171.923 90.9234 24.3992 21.4349 20.8109 4.60015
threshold=28.500000000000004 1.0000000180025095e-35 13.500000000000002 51.000000000000007 8.1242857142857172 12.500000000000002 6.5000000000000009 21.500000000000004 90.877142857142857 5.5000000000000009 37.500000000000007 38.315217391304351 8.5000000000000018 4.5000000000000009 3.5000000000000004 7.5000000000000009 -13.796068796068798 14.718614718614722
decision_type=2 2 2 2 2 2 2 2 2 2 2 2 2 2 2 2 2 2
left_child=2 4 9 8 6 7 10 13 -3 12 -2 17 14 -4 -1 -11 -12 -9
right_child=1 3 5 -5 -6 -7 -8 11 -10 15 16 -13 -14 -15 -16 -17 -18 -19
leaf_value=-0.71178455057605428 -0.10185298416555405 0.66326956603476728 -0.408378216421453 1.1317421528922424 0.4466546966608862 0.12620483623252923 0.31310455475479271 -0.24493112580809459 0.88716139125050364 -0.48450971248367386 0.082602570312065124 -0.0032857060966790361 -0.53236960686855694 -0.29530201821814578 -0.61460136774170004 -0.36367630709457066 0.17197872445107076 -0.16282299104487549
leaf_weight=12.999999999999998 8.0000000000000018 25.152817249298096 19 27.571715354919434 23.037556529045105 7.5917644500732413 13.532805442810057 11.000000000000005 16.140711069107056 11.059999704360964 6.8868777751922634 5.2852940559387198 27.299999952316284 16.559999465942383 40.199999809265137 7.7599997520446768 9.4502261877059919 6.5999999046325675
leaf_count=13 8 8 19 6 9 4 6 11 4 9 5 4 27 13 39 6 6 6
internal_value=0.0194454 0.604198 -0.439142 0.90508 0.263038 -0.23696 0.149822 -0.285087 0.752247 -0.572991 0.0566997 -0.170341 -0.603882 -0.357336 -0.639471 -0.437763 0.137731 -0.21735
internal_weight=295.13 129.773 165.357 68.8652 60.9075 66.0371 37.8699 58.4453 41.2935 99.32 24.3371 22.8853 80.5 35.56 53.2 18.82 16.3371 17.6
internal_count=203 52 151 18 34 57 25 53 12 94 19 21 79 32 52 15 11 17
is_linear=0
shrinkage=0.0283266


Tree=14
num_leaves=20
num_cat=0
split_feature=0 3 0 12 1 16 6 22 1 5 6 0 0 5 1 15 6 4 6
split_gain=93570.2 11885.2 7945.02 2979.74 1222.32 1041.72 938.464 544.389 370.461 246.935 215.873 176.42 121.49 109.156 80.4375 59.7667 43.4151 37.124 18.0472
threshold=45.166666666666679 1.0000000180025095e-35 23.666666666666668 51.000000000000007 15.500000000000002 26.523571428571433 5.5000000000000009 8.1242857142857172 42.000000000000007 -28.285714285714281 7.5000000000000009 31.500000000000004 56.500000000000007 -37.268518518518512 21.500000000000004 -12.720588235294114 -2.4999999999999996 73.500000000000014 3.5000000000000004
decision_type=2 2 2 2 2 2 2 2 2 2 2 2 2 2 2 2 2 2 2
left_child=2 7 4 5 13 -3 11 10 -8 -6 17 16 -9 -1 -11 -13 -4 -2 -15
right_child=1 3 6 -5 9 -7 8 12 -10 14 -12 15 -14 18 -16 -17 -18 -19 -20
leaf_value=-0.68269149993338119 0.091351336936701347 0.90752755869663204 -0.33362037855561166 1.1913101729037772 -0.51745084896025273 0.62643743743697444 -0.051314716730132742 0.33663810336900812 0.19486970418371347 -0.41274469948905163 0.32644384740700183 -0.17035678780159447 0.48929744943303749 -0.58788207093059441 -0.31163160782782756 -0.050567234914210564 -0.20971234759926641 0.19852866974958391 -0.49772493557318614
leaf_weight=14.999999999999998 6.8190044164657655 22.252559900283813 6.0000000000000027 18.914617538452148 15.999999999999998 24.613633632659912 11.139999628067018 12.027149319648744 8.4470586776733381 25.399999618530273 12.14117646217346 9.0000000000000018 12.80904972553253 41.199999809265137 17.65999960899353 7.9999999999999991 12.899999856948851 10.41855204105377 12.759999752044676
leaf_count=15 5 5 6 4 16 8 8 5 4 23 5 9 5 40 15 8 12 6 11
internal_value=0.0141899 0.629418 -0.387816 0.885809 -0.51063 0.761187 -0.103437 0.317241 0.0520632 -0.412838 0.230361 -0.189811 0.417702 -0.593535 -0.372612 -0.117275 -0.252071 0.159385 -0.567648
internal_weight=303.503 119.996 183.507 65.7808 128.02 46.8662 55.4871 54.2149 19.5871 59.06 29.3787 35.9 24.8362 68.96 43.06 17 18.9 17.2376 53.96
internal_count=210 43 167 17 120 13 47 26 12 54 16 35 10 66 38 17 18 11 51
is_linear=0
shrinkage=0.0283266


Tree=15
num_leaves=20
num_cat=0
split_feature=1 3 2 12 1 16 2 19 1 6 7 5 16 17 2 5 19 1 6
split_gain=87556.9 12084 7133.64 2809.57 1109.86 980.676 882.463 657.378 502.616 410.406 261.212 100.725 96.8845 72.252 60.6285 39.9117 34.7383 21.2939 14.8772
threshold=53.000000000000007 1.0000000180025095e-35 18.500000000000004 51.000000000000007 15.500000000000002 26.523571428571433 33.500000000000007 25.840000000000003 63.500000000000007 4.5000000000000009 2.5000000000000004 -37.268518518518512 26.250000000000004 34.375000000000007 11.500000000000002 -5.4299754299754301 30.805000000000003 22.500000000000004 3.5000000000000004
decision_type=2 2 2 2 2 2 2 2 2 2 2 2 2 2 2 2 2 2 2
left_child=2 7 4 5 11 -3 9 -2 15 12 14 -1 -4 -11 -6 -9 -14 -12 -13
right_child=1 3 6 -5 10 -7 -8 8 -10 13 17 18 16 -15 -16 -17 -18 -19 -20
leaf_value=-0.66336147670063073 0.11633090596676747 0.88182781877472072 -0.111197155685379 1.1575759448233356 -0.54722786277551216 0.60869724886263721 0.12722773001338716 0.17734400423229357 0.44433124858117762 -0.11484775657018259 -0.35929523189890461 -0.57123197724912578 -0.30787832256935388 0.0060455985718316134 -0.42371857415776976 0.2856195708330368 -0.20815795725782626 -0.26306501476625499 -0.48363320573921548
leaf_weight=14.999999999999998 13.597284913063048 22.252559900283813 6.2999999523162868 18.914617538452148 8.9999999999999982 24.613633632659912 10.079411745071409 8.9004524946212769 22.582805395126343 6.1599998474121085 14.659999608993532 41.199999809265137 10.299999952316286 8.965293884277342 24.599999904632568 11.516741991043091 12.599999904632567 9.4999997615814191 12.759999752044676
leaf_count=15 9 5 6 4 9 8 7 5 9 5 12 40 10 6 24 5 12 8 11
internal_value=0.0137728 0.599253 -0.381513 0.860773 -0.498113 0.739665 -0.108885 0.294261 0.349214 -0.163833 -0.403192 -0.576772 -0.226287 -0.0395663 -0.458544 0.241195 -0.255497 -0.323823 -0.551601
internal_weight=303.503 122.378 181.125 65.7808 126.72 46.8662 54.4047 56.5973 43 44.3253 57.76 68.96 29.2 15.1253 33.6 20.4172 22.9 24.16 53.96
internal_count=210 45 165 17 119 13 46 28 19 39 53 66 28 11 33 10 22 20 51
is_linear=0
shrinkage=0.0283266


Tree=16
num_leaves=21
num_cat=0
split_feature=0 3 0 12 1 16 11 19 1 0 5 5 8 1 8 1 11 28 5 14
split_gain=83492.1 10578.6 7073.78 2649 1088.31 923.121 877.202 490.746 431.587 314.717 193.123 149.542 116.496 81.1285 64.9445 40.4572 34.9043 8.48694 3.63425 0.884777
threshold=45.166666666666679 1.0000000180025095e-35 23.666666666666668 51.000000000000007 16.500000000000004 26.523571428571433 20.500000000000004 25.840000000000003 63.500000000000007 30.666666666666668 -9.8780487804878003 -9.8780487804878003 0.5590277777777779 12.500000000000002 0.7633053221288516 22.500000000000004 8.5000000000000018 90.382142857142881 -41.885964912280691 0.16214285714285712
decision_type=2 2 2 2 2 2 2 2 2 2 2 2 2 2 2 2 2 2 2 2
left_child=2 7 4 5 12 -3 9 -2 17 14 18 -11 -1 -14 -4 -12 -13 -9 -6 -16
right_child=1 3 6 -5 10 -7 -8 8 -10 11 15 16 13 -15 19 -17 -18 -19 -20 -21
leaf_value=-0.65103619293372339 0.11722146598207371 0.85685587257082818 -0.33258217076809399 1.1247968744384234 -0.53189933487233809 0.59145943337919948 0.17279196229515065 0.19803764059599635 0.43174846159130248 -0.16956404729028982 -0.36004341362499132 -0.06351991892753063 -0.56162320541993083 -0.46755853865850516 -0.21336521910548931 -0.26143752304640383 0.01385055940994635 0.27842726544120633 -0.41815520524805505 -0.13658863301663085
leaf_weight=12.999999999999998 10.450226187705992 22.252559900283813 5.0000000000000027 18.914617538452148 6.0000000000000027 24.613633632659912 8.0217645168304426 9.7398190498352069 22.582805395126343 9.0000000000000018 20.959999561309818 8.5599999427795428 41.799999713897705 21.459999799728394 10.899999856948854 10.799999713897703 8.405293941497801 11.442081332206724 13.999999999999998 5.5999999046325675
leaf_count=13 7 5 5 4 6 8 4 5 9 9 18 8 40 20 10 9 6 5 14 5
internal_value=0.0133671 0.594529 -0.366362 0.836445 -0.482254 0.718752 -0.0979572 0.29992 0.34226 -0.144896 -0.378459 -0.0752665 -0.55194 -0.530637 -0.226369 -0.328312 -0.021941 0.244142 -0.455201 -0.190719
internal_weight=303.503 119.996 183.507 65.7808 128.02 46.8662 55.4871 54.2149 43.7647 47.4653 51.76 25.9653 76.26 63.26 21.5 31.76 16.9653 21.1819 20 16.5
internal_count=210 43 167 17 120 13 47 26 19 43 47 23 73 60 20 27 14 10 20 15
is_linear=0
shrinkage=0.0283266


Tree=17
num_leaves=18
num_cat=0
split_feature=4 2 13 3 2 2 15 7 22 15 5 15 2 12 2 4 7
split_gain=77084.2 10295.6 7480.65 1807.56 1199.45 1066.06 660.223 389.1 373.917 206.406 202.845 159.677 127.193 73.1815 42.4171 34.2717 14.565
threshold=63.500000000000007 19.500000000000004 23.754285714285718 1.0000000180025095e-35 33.500000000000007 13.500000000000002 40.270270270270281 5.5000000000000009 8.1242857142857172 7.4175824175824143 40.238095238095234 23.443223443223452 5.5000000000000009 -17.499999999999996 25.500000000000004 17.500000000000004 2.5000000000000004
decision_type=2 2 2 2 2 2 2 2 2 2 2 2 2 2 2 2 2
left_child=1 5 -2 8 6 7 10 12 13 -6 14 -7 -1 -4 16 -9 -3
right_child=2 4 3 -5 9 11 -8 15 -10 -11 -12 -13 -14 -15 -16 -17 -18
leaf_value=-0.59342203580932096 0.9555170599037478 -0.28312859329115586 0.29804410099415468 0.6270233270926785 0.023960028527352698 -0.35709481098687584 0.12370909915599483 -0.43398388996063225 0.41798505302745098 0.21332253910225066 0 -0.19330034911084179 -0.50053008413112476 0.16820904155361358 -0.15116383923066165 -0.31317831875523378 -0.17883554730963092
leaf_weight=33.599999904632568 37.019587516784668 7.0000000000000018 9.9162895679473895 28.761223554611206 8.122171878814699 25.199999809265137 7.5917644500732413 13.359999656677248 20.085067749023438 13.424208164215086 5.2852940559387198 8.0599997043609601 43.599999904632568 10.21719455718994 17.599999904632568 7.7599997520446768 6.8999998569488525
leaf_count=33 8 7 5 9 7 24 4 11 8 6 4 6 43 6 17 6 6
internal_value=0.0129676 -0.317564 0.629334 0.453407 -0.0277257 -0.462349 -0.112616 -0.510219 0.327796 0.144532 -0.162904 -0.319108 -0.541722 0.234975 -0.190146 -0.392322 -0.235437
internal_weight=303.503 197.503 105.999 68.9798 65.9234 131.58 44.3771 98.32 40.2186 21.5464 36.7853 33.26 77.2 20.1335 31.5 21.12 13.9
internal_count=210 174 36 28 51 123 38 93 19 13 34 30 76 11 30 17 13
is_linear=0
shrinkage=0.0283266


Tree=18
num_leaves=21
num_cat=0
split_feature=0 3 0 12 1 16 11 9 0 17 5 6 5 5 6 1 1 6 5 5
split_gain=74496 9414.92 6303.99 2456.66 971.654 819.922 795.278 372.037 279.736 267.721 170.674 154.053 133.289 104.876 51.2618 46.6408 34.125 31.1364 15.7575 0.88273
threshold=45.166666666666679 1.0000000180025095e-35 23.666666666666668 51.000000000000007 16.500000000000004 26.523571428571433 20.500000000000004 13.500000000000002 30.666666666666668 26.255000000000003 -9.8780487804878003 1.5000000000000002 -9.8780487804878003 -41.885964912280691 1.0000000180025095e-35 12.500000000000002 22.500000000000004 -2.4999999999999996 -13.796068796068798 -41.885964912280691
decision_type=2 2 2 2 2 2 2 2 2 2 2 2 2 2 2 2 2 2 2 2
left_child=2 7 4 5 13 -3 8 9 14 -2 19 18 -10 -1 -4 -15 -12 -14 -11 -6
right_child=1 3 6 -5 10 -7 -8 -9 12 11 16 -13 17 15 -16 -17 -18 -19 -20 -21
leaf_value=-0.61632050048318998 0.3377324672779447 0.80686590080090714 -0.2653171380574576 1.067561312500857 -0.50268549643118254 0.55602950333355317 0.16502227195051891 0.42163114498267951 -0.1606211642899445 0.066363125041844745 -0.33964500128652497 0.26561774437771674 -0.073398271522949976 -0.52872542962699232 -0.15538818507831273 -0.44802867198013774 -0.24630932361389446 0.0027229795361665694 0.14779410381782249 -0.39446462017622164
leaf_weight=12.999999999999998 15.149321317672728 22.252559900283813 11.000000000000002 18.914617538452148 6.0000000000000027 24.613633632659912 8.0217645168304426 12.970588207244871 9.0000000000000018 6.8868777751922563 20.959999561309818 10.723981857299803 6.0000000000000027 40.799999713897705 10.499999761581419 22.459999799728394 10.799999713897703 10.965293884277342 8.4841628074646049 13.999999999999998
leaf_count=13 7 5 11 4 6 8 4 4 9 5 18 5 6 39 9 21 9 8 5 14
internal_value=0.0125896 0.561559 -0.346089 0.78981 -0.455499 0.676403 -0.0926381 0.283535 -0.137364 0.238708 -0.35724 0.179033 -0.0715244 -0.521431 -0.214263 -0.500997 -0.309702 -0.0209602 0.114946 -0.429844
internal_weight=303.503 119.996 183.507 65.7808 128.02 46.8662 55.4871 54.2149 47.4653 41.2443 51.76 26.095 25.9653 76.26 21.5 63.26 31.76 16.9653 15.371 20
internal_count=210 43 167 17 120 13 47 26 43 22 47 15 23 73 20 60 27 14 10 20
is_linear=0
shrinkage=0.0283266


Tree=19
num_leaves=21
num_cat=0
split_feature=1 3 2 12 1 16 2 22 6 6 7 2 11 5 16 1 4 2 19 1
split_gain=69766 9557.12 5645.5 2316.1 879.062 771.581 712.489 554.029 395.534 330.169 157.813 155.348 107.016 96.9816 77.831 42.1327 40.8399 27.01 25.6939 12.2232
threshold=53.000000000000007 1.0000000180025095e-35 18.500000000000004 51.000000000000007 16.500000000000004 26.523571428571433 33.500000000000007 8.1242857142857172 7.5000000000000009 4.5000000000000009 2.5000000000000004 43.500000000000007 -2.4999999999999996 -41.885964912280691 26.250000000000004 12.500000000000002 39.000000000000007 13.500000000000002 30.805000000000003 22.500000000000004
decision_type=2 2 2 2 2 2 2 2 2 2 2 2 2 2 2 2 2 2 2 2
left_child=2 7 4 5 13 -3 9 8 11 14 17 -2 -9 -1 -4 -15 -11 -6 -16 -12
right_child=1 3 6 -5 10 -7 -8 12 -10 16 19 -13 -14 15 18 -17 -18 -19 -20 -21
leaf_value=-0.59887089668377635 -0.018128282715754864 0.78401676071096005 -0.098625303826274185 1.0373312253420199 -0.44791065616653514 0.54028320424729037 0.11391568006329858 0.27715784339375144 0.28834139675453241 -0.089473247825645544 -0.31921350462582143 0.15202546042876974 0.42274745592357832 -0.51375081953573165 -0.27699236578964942 -0.43534118741854144 0 -0.34670116536646284 -0.18671767754613877 -0.23384496719131009
leaf_weight=12.999999999999998 6.5610859394073549 22.252559900283813 6.2999999523162868 18.914617538452148 14.000000000000002 24.613633632659912 10.079411745071409 10.085973024368288 15.052941083908079 6.4599997997283927 14.659999608993532 10.147058725357054 14.750226020812987 40.799999713897705 10.299999952316286 22.459999799728394 8.6652939319610578 12.299999952316282 12.599999904632567 9.4999997615814191
leaf_count=13 6 5 6 4 14 8 7 5 6 5 12 6 5 39 10 21 6 12 12 8
internal_value=0.0122227 0.534865 -0.340606 0.767492 -0.444348 0.657281 -0.0979276 0.26346 0.181531 -0.147356 -0.348961 0.0819211 0.365935 -0.506705 -0.203419 -0.486833 -0.0354323 -0.402774 -0.2298 -0.288003
internal_weight=303.503 122.378 181.125 65.7808 126.72 46.8662 54.4047 56.5973 31.7611 44.3253 50.46 16.7081 24.8362 76.26 29.2 63.26 15.1253 26.3 22.9 24.16
internal_count=210 45 165 17 119 13 46 28 18 39 46 12 10 73 28 60 11 26 22 20
is_linear=0
shrinkage=0.0283266


Tree=20
num_leaves=20
num_cat=0
split_feature=0 3 0 12 1 16 12 22 7 6 6 11 0 0 1 7 23 12 6
split_gain=66480 8378.33 5620.29 2183.47 1158.43 726.012 644.651 411.026 214.749 179.709 155.542 99.6512 95.2199 92.5158 66.241 46.8072 32.2811 26.2434 3.0511
threshold=45.166666666666679 1.0000000180025095e-35 27.166666666666668 51.000000000000007 16.500000000000004 26.523571428571433 23.000000000000004 8.1242857142857172 -1.0000000180025095e-35 4.5000000000000009 7.5000000000000009 -2.4999999999999996 7.5000000000000009 40.333333333333343 20.500000000000004 -1.0000000180025095e-35 59.142857142857146 14.500000000000002 -5.4999999999999991
decision_type=2 2 2 2 2 2 2 2 2 2 2 2 2 2 2 2 2 2 2
left_child=2 7 4 5 12 -3 9 10 -6 13 16 -9 -1 17 -10 -14 -2 18 -4
right_child=1 3 6 -5 8 -7 -8 11 14 -11 -12 -13 15 -15 -16 -17 -18 -19 -20
leaf_value=-0.54307031286395435 0.068037987939579853 0.76181466380070784 -0.24119318467562176 1.0079571879166902 -0.39762285104742223 0.52498282261539908 0.20637147806864442 0.26931191382434316 -0.34337559767584042 -0.0040539867246967053 0.27424330768514565 0.41077770414739734 -0.50476691729377487 -0.01625865117850973 -0.24361597945175195 -0.41630374167436612 0.16689507635438006 -0.093390242390393091 -0.15840284658720963
leaf_weight=30.199999809265137 6.8190044164657655 22.252559900283813 5.0000000000000009 18.914617538452148 23 24.613633632659912 6.4617645740509024 10.085973024368288 12.499999761581419 12.525293827056883 12.14117646217346 14.750226020812987 21 4.9999999999999991 26.159999370574951 25.059999704360962 10.41855204105377 5.9999999999999991 10.599999904632572
leaf_count=29 5 5 5 4 23 8 3 5 11 9 5 5 21 5 22 23 6 6 10
internal_value=0.0118547 0.530458 -0.326967 0.745805 -0.41715 0.638701 -0.052895 0.268094 -0.323148 -0.0971533 0.192144 0.355637 -0.492397 -0.138903 -0.277352 -0.457901 0.131033 -0.164722 -0.188567
internal_weight=303.503 119.996 183.507 65.7808 137.92 46.8662 45.5871 54.2149 61.66 39.1253 29.3787 24.8362 76.26 26.6 38.66 46.06 17.2376 21.6 15.6
internal_count=210 43 167 17 129 13 38 26 56 35 16 10 73 26 33 44 11 21 15
is_linear=0
shrinkage=0.0283266


Tree=21
num_leaves=18
num_cat=0
split_feature=1 3 2 28 1 2 22 6 6 21 9 9 1 16 2 2 2
split_gain=55469.2 5112.14 4783.5 1433.21 665.216 447.755 423.674 270.907 176.924 161.523 132.196 109.012 72.9621 58.8618 47.956 17.7897 12.9034
threshold=54.500000000000007 1.0000000180025095e-35 18.500000000000004 91.802142857142869 17.500000000000004 33.500000000000007 8.1242857142857172 4.5000000000000009 7.5000000000000009 0.31214285714285711 2.5000000000000004 3.5000000000000004 37.500000000000007 26.250000000000004 5.5000000000000009 11.500000000000002 25.500000000000004
decision_type=2 2 2 2 2 2 2 2 2 2 2 2 2 2 2 2 2
left_child=2 6 4 9 11 7 8 13 -2 -3 15 14 -9 -4 -1 -6 -15
right_child=1 3 5 -5 10 -7 -8 12 -10 -11 -12 -13 -14 16 -16 -17 -18
leaf_value=-0.53149071837176576 0.10605133974478287 0.62127454771190138 -0.092866531191013901 0.84962122003965945 -0.46864786584814178 0.085447077522716075 0.36052185021086403 -0.12225068669425856 0.2664790471183473 0.4750256645312238 -0.25955224410016275 -0.39438746200346064 0 -0.23631030772475894 -0.45489532165058572 -0.34908543437383843 -0.16478617012299568
leaf_weight=30.599999904632568 13.147058725357057 18.376753091812134 6.2999999523162833 22.337150812149048 5.0000000000000027 7.8294117450714102 23.037556529045105 5.8999998569488552 12.14117646217346 17.607962369918823 18.519999504089355 19.099999666213989 10.525293827056883 15.59999990463257 33.899999856948853 19 11.299999952316282
leaf_count=30 9 5 6 5 5 6 9 5 5 6 15 17 7 15 33 19 11
internal_value=-0.0261202 0.487446 -0.324784 0.666613 -0.42253 -0.109233 0.270015 -0.141068 0.185307 0.551345 -0.326861 -0.470499 -0.042535 -0.188134 -0.49214 -0.376415 -0.208365
internal_weight=290.222 106.648 183.575 58.3219 126.12 57.4547 48.3258 49.6253 25.2882 35.9847 42.52 83.6 16.4253 33.2 64.5 24 26.9
internal_count=208 39 169 16 119 50 23 44 14 11 39 80 12 32 63 24 26
is_linear=0
shrinkage=0.0283266


Tree=22
num_leaves=19
num_cat=0
split_feature=0 3 2 28 0 22 6 15 21 17 2 6 0 5 2 2 2 6
split_gain=53298.3 4968.03 3901.44 1350.21 669.708 381.428 232.658 154.234 150.415 137.898 131.991 109.857 82.7936 49.2293 42.3594 25.1073 19.6399 2.16196
threshold=45.166666666666679 1.0000000180025095e-35 18.500000000000004 91.802142857142869 13.000000000000002 8.1242857142857172 4.5000000000000009 -7.3757763975155255 0.31214285714285711 64.305000000000007 28.500000000000004 3.5000000000000004 30.000000000000004 6.3301282051282053 46.500000000000007 3.5000000000000004 24.500000000000004 4.5000000000000009
decision_type=2 2 2 2 2 2 2 2 2 2 2 2 2 2 2 2 2 2
left_child=2 5 4 8 11 9 10 -6 -3 14 13 15 -8 16 -2 -1 -4 -9
right_child=1 3 6 -5 7 -7 12 17 -10 -11 -12 -13 -14 -15 -16 -17 -18 -19
leaf_value=-0.5528702272714352 0.1705159865609151 0.60368213832867679 -0.27425714592554923 0.82556126331179502 -0.38931726142910772 0.35031233718175814 -0.11590543333496911 -0.30400519745424032 0.46157471392712435 0.072584761442509055 -0.059909535679808119 -0.38431421774094943 0.0073867435200197871 -0.12417675333674344 0.2786290585206761 -0.46683391388907125 -0.18152317894122272 -0.23574894112350389
leaf_weight=12.999999999999998 10.181900382041936 18.376753091812134 8.2999999523162895 22.337150812149048 21 23.037556529045105 6.4599997997283962 14.59999990463257 17.607962369918823 7.5497736930847159 8.9999999999999982 17.399999618530273 11.265293836593626 8.8999998569488508 10.085972905158995 46.899999856948853 10.999999999999998 13.21999955177307
leaf_count=13 5 5 8 5 21 9 5 14 6 5 9 15 8 8 5 46 11 10
internal_value=-0.025389 0.468714 -0.323663 0.64779 -0.410627 0.262204 -0.122945 -0.324563 0.535777 0.187186 -0.16361 -0.464236 -0.0344568 -0.194725 0.227114 -0.486486 -0.224344 -0.273618
internal_weight=290.222 109.177 181.045 58.3219 126.12 50.8552 54.9253 48.82 35.9847 27.8176 37.2 77.3 17.7253 28.2 20.2679 59.9 19.3 27.82
internal_count=208 40 168 16 119 24 49 45 11 15 36 74 13 27 10 59 19 24
is_linear=0
shrinkage=0.0283266


Tree=23
num_leaves=20
num_cat=0
split_feature=0 3 0 28 0 0 22 6 21 17 9 8 0 9 12 12 8 0 9
split_gain=50344.1 4687.86 3636.04 1271.93 450.218 373.879 358.559 206.405 139.986 129.642 103.361 103.209 85.7515 66.68 55.3581 29.9713 17.808 12.8235 1.22596
threshold=45.166666666666679 1.0000000180025095e-35 20.166666666666668 91.802142857142869 13.000000000000002 27.166666666666668 8.1242857142857172 4.5000000000000009 0.31214285714285711 64.305000000000007 3.5000000000000004 0.94868421052631591 40.333333333333343 4.5000000000000009 -17.499999999999996 14.500000000000002 0.5590277777777779 33.166666666666679 1.0000000180025095e-35
decision_type=2 2 2 2 2 2 2 2 2 2 2 2 2 2 2 2 2 2 2
left_child=2 6 4 8 10 13 9 12 -3 14 16 -6 15 -4 -2 18 -1 -9 -7
right_child=1 3 5 -5 11 7 -8 17 -10 -11 -12 -13 -14 -15 -16 -17 -18 -19 -20
leaf_value=-0.53536376360172755 0.28831854568380211 0.5865878585645613 -0.30883558064699562 0.80218267433828583 -0.38396104230642414 -0.20047561981191961 0.34039196698106666 -0.030968153471711057 0.44850466693582647 0.070530432256985354 -0.37136688822421432 -0.27293592506369579 -0.015628827271797117 -0.18684028753513227 0.16962649224822057 -0.08382326368070514 -0.45383720893026092 0.023595196427372737 -0.12649344839981927
leaf_weight=12.999999999999998 8.2533936500549352 18.376753091812134 9.0000000000000018 22.337150812149048 18 12.000000000000009 23.037556529045105 6.4199998378753644 17.607962369918823 7.5497736930847159 16.799999713897705 20.959999561309814 4.9999999999999991 13.359999656677244 12.014479637145996 5.9999999999999991 47.499999761581421 7.4052939414978027 5.5999999046325675
leaf_count=13 4 5 9 5 18 12 9 5 6 5 15 18 5 11 6 6 46 5 5
internal_value=-0.0246808 0.455528 -0.314576 0.6295 -0.409594 -0.143185 0.254872 -0.0916249 0.520649 0.182 -0.45113 -0.325704 -0.135063 -0.238489 0.220761 -0.158015 -0.472324 0 -0.180129
internal_weight=290.222 109.177 181.045 58.3219 116.26 64.7853 50.8552 42.4253 35.9847 27.8176 77.3 38.96 28.6 22.36 20.2679 23.6 60.5 13.8253 17.6
internal_count=208 40 168 16 110 58 24 38 11 15 74 36 28 20 10 23 59 10 17
is_linear=0
shrinkage=0.0283266


Tree=24
num_leaves=17
num_cat=0
split_feature=0 3 2 28 0 2 6 6 5 21 2 9 0 9 0 1
split_gain=47555.3 4423.42 3489.66 1198.11 632.559 330.642 246.337 200.964 196.552 130.197 70.7548 66.9782 57.1357 34.6223 28.6691 4.83521
threshold=45.166666666666679 1.0000000180025095e-35 13.500000000000002 91.802142857142869 27.166666666666668 48.500000000000007 3.5000000000000004 1.5000000000000002 7.3214285714285685 0.31214285714285711 28.500000000000004 4.5000000000000009 9.1666666666666696 10.500000000000002 13.000000000000002 24.500000000000004
decision_type=2 2 2 2 2 2 2 2 2 2 2 2 2 2 2 2
left_child=2 5 6 9 11 7 12 -2 10 -3 -6 -4 -1 -10 -8 -13
right_child=1 3 4 -5 8 -7 14 -9 13 -11 -12 15 -14 -15 -16 -17
leaf_value=-0.48227242299301809 0.088538742507744933 0.56997764811972329 -0.29560171821990294 0.77946613746286908 -0.18667271869912808 0.3434604972657786 -0.36172180485546385 0.24501944695447456 -0.053734678640945624 0.43580469905096408 -0.071928423413592277 -0.23804706684255073 -0.41050516816997401 0.019928215067207013 -0.25434205514510266 -0.16498261865886746
leaf_weight=36.599999904632568 12.011312127113344 18.376753091812134 19 22.337150812149048 14.299999952316286 19.352036237716675 17.399999618530277 19.491855144500732 10.719999790191652 17.607962369918823 8.9999999999999982 9.7999997138977069 38.299999952316284 8.405293941497801 7.4599997997283927 10.05999970436096
leaf_count=36 8 5 19 5 14 8 15 8 9 6 9 8 38 6 6 8
internal_value=-0.023998 0.442715 -0.305754 0.611728 -0.166828 0.247748 -0.418381 0.187141 -0.089142 0.505949 -0.144754 -0.250191 -0.44635 -0.0184769 -0.331796 -0.203883
internal_weight=290.222 109.177 181.045 58.3219 81.2853 50.8552 99.76 31.5032 42.4253 35.9847 23.3 38.86 74.9 19.1253 24.86 19.86
internal_count=208 40 168 16 73 24 95 16 38 11 23 35 74 15 21 16
is_linear=0
shrinkage=0.0283266


Tree=25
num_leaves=19
num_cat=0
split_feature=0 3 0 28 0 1 22 9 17 9 8 8 17 12 4 8 17 0
split_gain=44917.6 4174.56 3238.44 1128.48 400.024 334.212 321.966 151.321 114.686 93.1979 89.5066 70.3973 51.1993 50.2819 44.6111 14.9267 14.0505 12.9921
threshold=45.166666666666679 1.0000000180025095e-35 20.166666666666668 91.802142857142869 13.000000000000002 35.500000000000007 8.1242857142857172 4.5000000000000009 64.305000000000007 3.5000000000000004 0.94868421052631591 0.7633053221288516 35.455000000000005 -17.499999999999996 54.500000000000007 0.5590277777777779 36.185000000000009 25.500000000000004
decision_type=2 2 2 2 2 2 2 2 2 2 2 2 2 2 2 2 2 2
left_child=2 6 4 12 9 11 8 14 13 15 -6 -4 -3 -2 -7 -1 -9 -13
right_child=1 3 5 -5 10 7 -8 16 -10 -11 -12 17 -14 -15 -16 -17 -18 -19
leaf_value=-0.50686446921640627 0.27275842901317987 0.54319905242351441 -0.29949710024423881 0.75739285933545986 -0.3623683655538491 -0.1748088090123355 0.32196494295368433 -0.037914674845763503 0.066028387498814733 -0.34968457582302137 -0.25760218060578882 -0.19955062550141975 0.43941326037533518 0.15890673857550069 -0.049531117510300669 -0.4286056327743018 0.013161385079698822 -0.13366958988004007
leaf_weight=12.999999999999998 8.2533936500549352 17.554325580596924 5.9999999999999991 22.337150812149048 18 9.0000000000000018 23.037556529045105 6.8599998950958279 7.5497736930847159 16.799999713897705 20.959999561309814 16.059999704360965 18.430389881134033 12.014479637145996 4.9999999999999991 47.499999761581421 9.965293884277342 11.899999856948851
leaf_count=13 4 5 6 5 18 9 9 6 5 15 18 14 6 6 5 46 7 11
internal_value=-0.023329 0.43025 -0.297165 0.594459 -0.386853 -0.135341 0.240794 -0.0650866 0.171527 -0.426116 -0.307475 -0.19746 0.491666 0.208066 -0.134055 -0.446387 -0.00438706 -0.173524
internal_weight=290.222 109.177 181.045 58.3219 116.26 64.7853 50.8552 30.8253 27.8176 77.3 38.96 33.96 35.9847 20.2679 14 60.5 16.8253 27.96
internal_count=208 40 168 16 110 58 24 27 15 74 36 31 11 10 14 59 13 25
is_linear=0
shrinkage=0.0283266


Tree=26
num_leaves=18
num_cat=0
split_feature=0 3 2 16 0 22 0 8 8 17 0 9 12 12 0 1 5
split_gain=42429.5 3938.93 3112.73 857.483 562.071 302.542 191.736 179.561 110.71 107.773 74.5647 59.0242 46.6891 23.5226 11.0959 3.48824 0.814049
threshold=45.166666666666679 1.0000000180025095e-35 13.500000000000002 26.609285714285718 27.166666666666668 8.1242857142857172 9.1666666666666696 1.1143790849673205 1.0750000000000002 64.305000000000007 40.333333333333343 4.5000000000000009 -17.499999999999996 14.500000000000002 33.166666666666679 24.500000000000004 -21.82846932698034
decision_type=2 2 2 2 2 2 2 2 2 2 2 2 2 2 2 2 2
left_child=2 5 6 -3 11 9 -1 10 -8 12 13 -4 -2 16 -9 -13 -6
right_child=1 3 4 -5 7 -7 8 14 -10 -11 -12 15 -14 -15 -16 -17 -18
leaf_value=-0.44641109847758575 0.26503814681233023 0.67567211765924873 -0.27925226486463844 0.44611884297907456 -0.20871484427810624 0.31284732459920778 -0.39305077282853512 -0.027623230537271205 -0.29570894112930529 0.064159621504973119 -0.012625023751343806 -0.22456959452684955 0.15440785902860618 -0.077796083436610625 0.023230125413366238 -0.15490424599765201 -0.1393917525422817
leaf_weight=42.499999761581421 8.2533936500549352 33.169049024581909 19 25.152817249298096 6.0000000000000062 23.037556529045105 35 6.4199998378753644 22.259999513626099 7.5497736930847159 4.9999999999999991 9.7999997138977069 12.014479637145996 5.9999999999999991 7.4052939414978027 10.05999970436096 11.59999990463257
leaf_count=41 4 8 19 8 6 9 35 5 19 5 5 8 6 6 5 8 11
internal_value=-0.0226791 0.418153 -0.288828 0.577679 -0.157556 0.234069 -0.395219 -0.0842075 -0.356211 0.166784 -0.124718 -0.236185 0.202254 -0.146115 0 -0.192124 -0.166231
internal_weight=290.222 109.177 181.045 58.3219 81.2853 50.8552 99.76 42.4253 57.26 27.8176 28.6 38.86 20.2679 23.6 13.8253 19.86 17.6
internal_count=208 40 168 16 73 24 95 38 54 15 28 35 10 23 10 16 17
is_linear=0
shrinkage=0.0283266


Tree=27
num_leaves=18
num_cat=0
split_feature=0 3 2 28 0 22 6 5 21 6 2 9 2 9 20 0 7
split_gain=40078 3715.88 2935.6 1025.28 529.851 284.244 212.268 170.388 116.596 101.627 58.0844 54.663 51.0338 30.1839 25.4886 21.665 1.28002
threshold=45.166666666666679 1.0000000180025095e-35 13.500000000000002 91.802142857142869 27.166666666666668 8.1242857142857172 3.5000000000000004 7.3214285714285685 0.31214285714285711 7.5000000000000009 28.500000000000004 4.5000000000000009 3.5000000000000004 10.500000000000002 87.865714285714304 13.000000000000002 5.5000000000000009
decision_type=2 2 2 2 2 2 2 2 2 2 2 2 2 2 2 2 2
left_child=2 5 6 8 11 9 12 10 -3 14 -6 -4 -1 -9 -2 -8 -14
right_child=1 3 4 -5 7 -7 15 13 -10 -11 -12 -13 16 -15 -16 -17 -18
leaf_value=-0.48385146482844171 0.14424324746856773 0.5239242939983072 -0.27134468131486772 0.7168107429055729 -0.17201526159173736 0.30398790168060763 -0.3306142094379026 -0.049050191201265518 0.39651022569451611 0.22809895605252081 -0.066646559947892203 -0.18676399464896842 -0.40108589643036952 0.019726106585108545 0.052998462640539652 -0.23148373230019023 -0.30426304613593275
leaf_weight=12.999999999999998 8.7556561231613177 18.376753091812134 19 22.337150812149048 14.299999952316286 23.037556529045105 17.399999618530277 10.719999790191652 17.607962369918823 12.14117646217346 8.9999999999999982 19.859999418258667 56.599999904632568 8.405293941497801 6.9208143949508658 7.4599997997283927 5.2999999523162833
leaf_count=13 5 5 19 5 14 9 15 9 6 5 9 16 56 6 5 6 5
internal_value=-0.0220531 0.406383 -0.280727 0.561346 -0.153211 0.227534 -0.384057 -0.0819348 0.463196 0.162175 -0.133715 -0.229578 -0.410142 -0.0159394 0.107522 -0.303157 -0.393721
internal_weight=290.222 109.177 181.045 58.3219 81.2853 50.8552 99.76 42.4253 35.9847 27.8176 23.3 38.86 74.9 19.1253 15.6765 24.86 61.9
internal_count=208 40 168 16 73 24 95 38 11 15 23 35 74 15 10 21 61
is_linear=0
shrinkage=0.0283266


Tree=28
num_leaves=19
num_cat=0
split_feature=0 13 2 3 1 5 6 25 0 5 5 5 8 5 11 5 23 2
split_gain=42429 5568.14 3021.68 1290.9 463.382 440.763 282.131 240.838 160.465 115.674 71.9516 48.2991 39.1945 31.7354 30.7269 17.2664 14.389 13.2125
threshold=42.000000000000007 23.754285714285718 18.500000000000004 1.0000000180025095e-35 17.500000000000004 67.94871794871797 7.5000000000000009 5.5000000000000009 32.500000000000007 20.576923076923077 -41.885964912280691 6.3301282051282053 0.92962962962962969 -1.0000000180025095e-35 5.5000000000000009 -41.885964912280691 22.357142857142858 24.500000000000004
decision_type=2 2 2 2 2 2 2 2 2 2 2 2 2 2 2 2 2 2
left_child=2 -2 4 6 10 8 7 -3 11 15 -1 17 -10 -9 -12 -6 -13 -4
right_child=1 3 5 -5 9 -7 -8 13 12 -11 14 16 -14 -15 -16 -17 -18 -19
leaf_value=-0.47068810343241463 0.72203417750232679 0.26354321267439418 -0.2350956425748649 0.45142905558848584 -0.38582483104812276 0.13188261539193599 0.29278781828939804 0.04924263961058413 -0.10081961977147821 -0.2029114789805222 -0.38222896220776598 -0.13368188453008317 0 0.13633136037589808 -0.28708990510382254 -0.28353566012465858 -0.049674392099182667 -0.14876546708986826
leaf_weight=11.999999999999998 37.019587516784668 10.394796371459963 7.2999999523162904 29.30040717124939 6.0000000000000027 6.4570586681365958 21.46289587020874 11.484162807464601 4.9999999999999991 18.559999465942383 55.099999666213989 7.4999997615814191 10.419999837875364 7.6968325376510611 8.4599997997283918 20.299999952316284 5.5999999046325684 9.9999999999999982
leaf_count=12 8 5 7 9 6 3 8 8 5 15 53 6 9 4 7 20 5 10
internal_value=0.0177888 0.433548 -0.264432 0.299882 -0.342648 -0.0831859 0.211752 0.151027 -0.114714 -0.266411 -0.387152 -0.153062 -0.035498 0.0871029 -0.370465 -0.309061 -0.102028 -0.188461
internal_weight=290.056 117.359 172.697 80.3391 120.42 52.2771 51.0387 29.5758 45.82 44.86 75.56 30.4 15.42 19.181 63.56 26.3 13.1 17.3
internal_count=200 42 158 34 113 45 25 17 42 41 72 28 14 12 60 26 11 17
is_linear=0
shrinkage=0.0283266


Tree=29
num_leaves=17
num_cat=0
split_feature=1 3 2 18 1 6 20 28 6 11 2 2 6 2 5 11
split_gain=40007.5 5619.15 2493.79 2229.28 605.386 421.502 252.976 231.668 216.789 137.449 93.1334 74.9389 54.0617 20.1853 17.3653 15.6097
threshold=50.500000000000007 1.0000000180025095e-35 13.500000000000002 796.18846153846164 35.500000000000007 7.5000000000000009 91.425000000000011 92.596428571428575 3.5000000000000004 8.5000000000000018 46.500000000000007 19.500000000000004 4.5000000000000009 7.5000000000000009 -9.8780487804878003 3.5000000000000004
decision_type=2 2 2 2 2 2 2 2 2 2 2 2 2 2 2 2
left_child=2 5 8 6 11 7 -3 10 13 14 -2 12 -4 -1 -6 -10
right_child=1 3 4 -5 9 -7 -8 -9 15 -11 -12 -13 -14 -15 -16 -17
leaf_value=-0.41517692463022188 -0.0065824561278814923 0.41232879877554512 -0.25229389801757018 0.83195162655698263 -0.14202211956644556 0.28596027926696499 0.5674535738826606 0.23784103452373889 -0.31835504114057028 0.039558911692456095 0.11186895699459713 -0.14536327508724564 -0.14386731413037496 -0.35631825654878058 -0.045843870015009253 -0.23309596685491465
leaf_weight=37.899999856948853 7.6968325376510682 28.342790842056274 23.19999980926514 20.901530742645264 5 24.374660491943359 17.07567310333252 9.8416289091110212 12.499999761581423 12.955293893814085 12.787330269813536 20.499999761581421 7.7999997138977042 32 5.5599999427795428 11.619999647140501
leaf_count=37 7 9 22 4 5 9 4 5 11 9 7 19 6 32 5 9
internal_value=0.0172533 0.410593 -0.264035 0.586304 -0.141 0.196503 0.471939 0.122734 -0.361597 -0.0192784 0.0646767 -0.195497 -0.22683 -0.389057 -0.096671 -0.279644
internal_weight=290.056 121.02 169.035 66.32 75.0153 54.7005 45.4185 30.3258 94.02 23.5153 20.4842 51.5 31 69.9 10.56 24.12
internal_count=200 45 155 17 66 28 13 19 89 19 14 47 28 69 10 20
is_linear=0
shrinkage=0.0283266


Tree=30
num_leaves=20
num_cat=0
split_feature=0 13 2 3 1 9 9 6 17 9 6 7 0 0 1 2 7 8 2
split_gain=37876.5 4947.55 2686.22 1146.92 413.12 404.804 347.516 142.058 139.466 105.323 78.7669 54.8052 47.0813 34.0569 22.9856 8.60016 6.62437 5.03363 4.80747
threshold=42.000000000000007 23.754285714285718 18.500000000000004 1.0000000180025095e-35 17.500000000000004 15.000000000000002 13.500000000000002 4.5000000000000009 26.255000000000003 2.5000000000000004 1.5000000000000002 -1.0000000180025095e-35 30.666666666666668 31.500000000000004 12.500000000000002 24.500000000000004 -7.4999999999999991 0.88444444444444448 13.500000000000002
decision_type=2 2 2 2 2 2 2 2 2 2 2 2 2 2 2 2 2 2 2
left_child=2 -2 4 6 11 7 8 13 -3 18 16 -1 -9 15 -13 -4 -10 -15 -6
right_child=1 3 5 -5 9 -7 -8 12 10 -11 -12 14 -14 17 -16 -17 -18 -19 -20
leaf_value=-0.39928218448631247 0.68157422358530972 0.23207950791942755 -0.20547246003505365 0.42645717533422495 -0.32943769289165775 0.1060154653231994 0.35471349275375247 -0.090589435307058902 0.032457011764102102 -0.19397036380266219 0.17797875852329051 -0.36449352338522606 0.011536354856533874 -0.1213018526665888 -0.28793606341635319 -0.13553517225903178 0.090892532410458929 -0.047291290775172093 -0.25259030456326281
leaf_weight=37 37.019587516784668 15.498868823051451 9.5999999046325737 29.30040717124939 13.000000000000002 7.7717645168304434 10.005882263183592 5.8999998569488508 6.8868777751922572 19.859999418258667 10.723981857299803 21.499999761581421 7.4052939414978027 4.9999999999999982 17.059999704360962 11.599999904632567 7.9230768680572563 5 11.999999999999998
leaf_count=37 8 7 9 9 13 5 3 5 5 16 5 20 5 5 15 11 5 5 12
internal_value=0.0167433 0.409575 -0.249897 0.283508 -0.323653 -0.0789245 0.200318 -0.112472 0.161272 -0.251447 0.116082 -0.365765 -0.0296206 -0.14602 -0.332109 -0.169863 0.0674743 -0.0898728 -0.294835
internal_weight=290.056 117.359 172.697 80.3391 120.42 52.2771 51.0387 44.5053 41.0328 44.86 25.5339 75.56 13.3053 31.2 38.56 21.2 14.81 10 25
internal_count=200 42 158 34 113 45 25 40 22 41 15 72 10 30 35 20 10 10 25
is_linear=0
shrinkage=0.0283266


Tree=31
num_leaves=17
num_cat=0
split_feature=1 3 2 18 1 9 27 20 11 7 9 19 2 2 8 1
split_gain=35723.7 4994.8 2217.98 2046.77 534.903 426.118 247.153 218.881 162.872 160.692 141.806 102.54 65.4558 48.6235 48.5361 47.015
threshold=50.500000000000007 1.0000000180025095e-35 13.500000000000002 796.18846153846164 35.500000000000007 13.500000000000002 54.400000000000006 91.425000000000011 -14.499999999999998 5.5000000000000009 4.5000000000000009 60.735000000000007 19.500000000000004 8.5000000000000018 1.1742424242424245 42.000000000000007
decision_type=2 2 2 2 2 2 2 2 2 2 2 2 2 2 2 2
left_child=2 5 9 7 12 6 11 -3 -8 13 -6 -2 14 -1 -4 -12
right_child=1 3 4 -5 10 -7 8 -9 -10 -11 15 -13 -14 -15 -16 -17
leaf_value=-0.38590132434585001 -0.021743719543617358 0.3879513949765116 -0.23848748013752141 0.78909181309403953 -0.11707613400007211 0.33137434550159461 0.085369205461639036 0.53352502152969727 0.24823387986792381 -0.25662967569680778 -0.0083533987242206034 0.11630211855628503 -0.13726192062900683 -0.31815335920108989 -0.13479309375797807 0.086985111175147414
leaf_weight=47.899999856948853 7.5610859394073513 28.342790842056274 23.19999980926514 20.901530742645264 8.0000000000000018 12.917646884918211 8.6877827644348127 17.07567310333252 16.927601814270023 18.81999945640564 8.9799997806549055 8.6063348054885846 20.499999761581421 27.299999952316284 7.7999997138977042 6.5352940559387198
leaf_count=47 7 9 22 4 8 4 5 4 8 15 7 4 19 27 6 4
internal_value=0.0162526 0.387948 -0.24954 0.553636 -0.133436 0.186013 0.139706 0.443966 0.195188 -0.341571 -0.0188505 0.0483424 -0.184675 -0.362071 -0.214212 0.0282643
internal_weight=290.056 121.02 169.035 66.32 75.0153 54.7005 41.7828 45.4185 25.6154 94.02 23.5153 16.1674 51.5 75.2 31 15.5153
internal_count=200 45 155 17 66 28 24 13 13 89 19 11 47 74 28 11
is_linear=0
shrinkage=0.0283266


Tree=32
num_leaves=19
num_cat=0
split_feature=0 0 2 18 9 1 9 16 0 8 7 0 5 7 11 2 8 5
split_gain=33815 4396.01 2388.45 1617.87 699.327 369.096 358.061 120.355 115.504 103.794 95.6647 80.6352 61.2461 55.9691 20.3647 17.2328 12.0962 6.08748
threshold=42.000000000000007 68.500000000000014 18.500000000000004 796.18846153846164 13.500000000000002 17.500000000000004 15.000000000000002 26.609285714285718 33.166666666666679 0.74537037037037046 2.5000000000000004 56.500000000000007 -41.885964912280691 4.5000000000000009 5.5000000000000009 24.500000000000004 1.0538461538461541 5.3977272727272716
decision_type=2 2 2 2 2 2 2 2 2 2 2 2 2 2 2 2 2 2
left_child=2 4 5 7 9 12 8 -3 13 -2 16 17 -1 15 -14 -4 -7 -11
right_child=1 3 6 -5 -6 10 -8 -9 -10 11 -12 -13 14 -15 -16 -17 -18 -19
leaf_value=-0.42337839457083432 0.026979892967617131 0.50252168179230228 -0.19946487088215153 0.76674640989039244 0.34877598217409334 -0.30148234105391658 0.098850278544348413 0.37533022035488484 -0.021188223011839414 0.088973970358696267 -0.1814172534955466 0.23185971490643115 -0.34046197497156455 -0.062922093419459563 -0.25511381894426816 -0.12601946761856539 -0.21286568614551638 0.14830593540344283
leaf_weight=11.999999999999998 6.4615384340286246 20.265646696090698 9.5999999046325701 20.901530742645264 20.936271905899048 18.000000000000004 7.7717645168304434 16.496183156967163 11.105293989181517 9.4615384340286273 19.559999465942383 10.852941274642943 55.099999666213989 9.1999998092651349 8.4599997997283918 14.599999904632567 7.2999999523162833 11.98303163051605
leaf_count=12 5 5 9 4 6 18 5 6 9 5 16 5 53 8 7 14 7 6
internal_value=0.015782 0.386965 -0.236146 0.563947 0.215039 -0.305703 -0.0748459 0.447025 -0.106429 0.141328 -0.23724 0.162484 -0.345594 -0.133107 -0.329998 -0.157483 -0.278157 0.124739
internal_weight=290.056 117.359 172.697 57.6634 59.6953 120.42 52.2771 36.7618 44.5053 38.759 44.86 32.2975 75.56 33.4 63.56 24.2 25.3 21.4446
internal_count=200 42 158 15 27 113 45 11 40 21 41 16 72 31 60 23 25 11
is_linear=0
shrinkage=0.0283266


Tree=33
num_leaves=20
num_cat=0
split_feature=0 0 2 18 7 0 5 0 7 6 16 6 0 5 2 15 4 4 19
split_gain=31944.6 4147.82 2254.29 1524.95 532.03 344.879 337.9 172.57 124.891 119.07 111.939 111.276 62.1818 31.4571 24.9811 20.8021 11.8796 10.6505 9.31746
threshold=42.000000000000007 68.500000000000014 18.500000000000004 796.18846153846164 3.5000000000000004 10.833333333333334 67.94871794871797 53.666666666666671 3.5000000000000004 7.5000000000000009 26.609285714285718 7.5000000000000009 31.500000000000004 -27.525252525252522 12.500000000000002 -12.720588235294114 75.500000000000014 21.500000000000004 32.390000000000008
decision_type=2 2 2 2 2 2 2 2 2 2 2 2 2 2 2 2 2 2 2
left_child=2 4 5 10 11 13 9 -6 14 12 -3 16 18 -1 -7 -14 -2 -10 -4
right_child=1 3 6 -5 7 8 -8 -9 17 -11 -12 -13 15 -15 -16 -17 -18 -19 -20
leaf_value=-0.39416717801532569 0.028257539216458582 0.48829147485473129 -0.17340518192398249 0.74503378504762174 0.19566941562711118 -0.31221037386595407 0.11502751442604545 0.3467482951332877 -0.22486119070494986 0 0.36470255001160745 0.18680001899551735 -0.11296146381594217 -0.3237783793112663 -0.24136408756387309 -0.025622297227638868 0.091130904006604119 -0.1532947928838006 -0.11016070885630036
leaf_weight=21 8.0226243734359777 20.265646696090698 14.59999990463257 20.901530742645264 12.212443470954897 23 6.4570586681365958 19.349394083023071 10.799999713897707 8.0199997425079328 16.496183156967163 11.457013607025145 5 34.65999960899353 18.599999904632568 7.9999999999999982 8.6538461446762085 12.359999656677244 10.199999809265135
leaf_count=21 6 5 14 4 5 23 3 6 9 6 6 5 5 32 18 8 5 10 9
internal_value=0.0153245 0.376101 -0.229531 0.548032 0.209055 -0.297111 -0.0727867 0.290093 -0.249592 -0.100472 0.43441 0.116133 -0.121504 -0.351371 -0.281904 -0.0635019 0.0642188 -0.189106 -0.149656
internal_weight=290.056 117.359 172.697 57.6634 59.6953 120.42 52.2771 31.5618 64.76 45.82 36.7618 28.1335 37.8 55.66 41.6 13 16.6765 23.16 24.8
internal_count=200 42 158 15 27 113 45 11 60 42 11 16 36 53 41 13 11 19 23
is_linear=0
shrinkage=0.0283266


Tree=34
num_leaves=18
num_cat=0
split_feature=0 0 2 13 9 1 9 6 8 6 0 5 0 2 11 2 5
split_gain=30178.3 3913.57 2127.52 914.945 625.818 327.714 324.357 118.188 93.3346 84.512 72.5131 53.0885 36.7299 26.3787 17.4229 16.3474 4.49844
threshold=42.000000000000007 68.500000000000014 18.500000000000004 23.64357142857143 13.500000000000002 17.500000000000004 15.000000000000002 4.5000000000000009 0.74537037037037046 1.5000000000000002 56.500000000000007 -41.885964912280691 30.666666666666668 25.500000000000004 5.5000000000000009 13.500000000000002 5.3977272727272716
decision_type=2 2 2 2 2 2 2 2 2 2 2 2 2 2 2 2 2
left_child=2 4 5 -3 8 11 7 13 -2 15 16 -1 -9 -4 -13 -7 -10
right_child=1 3 6 -5 -6 9 -8 12 10 -11 -12 14 -14 -15 -16 -17 -18
leaf_value=-0.40023253336676207 0.024463611596273947 0.64934021025053612 -0.16576114695662961 0.41456350370846662 0.32984831069145198 -0.30973887030231123 0.094365883974242878 -0.07902314476394201 0.083549941143081258 -0.17610132142231791 0.21951634361359645 -0.32158995478988711 0.010755061969061598 -0.097975067729090509 -0.23988660969301409 -0.22325244936731234 0.13943923338607206
leaf_weight=11.999999999999998 6.4615384340286246 28.732938289642334 14.59999990463257 28.930422306060791 20.936271905899048 11.000000000000002 7.7717645168304434 5.8999998569488508 9.4615384340286273 21.859999418258667 10.852941274642943 55.099999666213989 7.4052939414978027 16.599999904632568 8.4599997997283918 11.999999999999998 11.98303163051605
leaf_count=12 5 6 14 9 6 11 5 5 5 18 5 53 5 16 7 12 6
internal_value=0.0148789 0.365544 -0.223106 0.532567 0.203241 -0.288762 -0.0707916 -0.100883 0.133383 -0.224016 0.153454 -0.326448 -0.0249236 -0.131494 -0.31161 -0.267092 0.117389
internal_weight=290.056 117.359 172.697 57.6634 59.6953 120.42 52.2771 44.5053 38.759 44.86 32.2975 75.56 13.3053 31.2 63.56 23 21.4446
internal_count=200 42 158 15 27 113 45 40 21 41 16 72 10 30 60 23 11
is_linear=0
shrinkage=0.0283266


Tree=35
num_leaves=19
num_cat=0
split_feature=0 13 0 3 10 6 17 11 23 27 0 6 1 23 11 19 5 22
split_gain=26568.2 3574.35 2156.77 908.888 524.756 258.635 183.015 163.886 91.7198 83.7609 82.0575 53.9336 50.3844 13.2859 12.1982 11.4218 8.12165 0.859692
threshold=45.166666666666679 23.754285714285718 20.166666666666668 1.0000000180025095e-35 21.500000000000004 1.5000000000000002 31.925000000000004 8.5000000000000018 25.642857142857146 30.400000000000002 12.16666666666667 1.5000000000000002 17.500000000000004 42.500000000000007 20.500000000000004 69.055000000000021 -8.6028323821602228 1.6042857142857148
decision_type=2 2 2 2 2 2 2 2 2 2 2 2 2 2 2 2 2 2
left_child=2 -2 5 6 7 10 -3 9 17 16 -1 -8 -7 15 -5 -11 -4 -9
right_child=1 3 4 14 -6 12 11 8 -10 13 -12 -13 -14 -15 -16 -17 -18 -19
leaf_value=-0.34863305535593336 0.601178025572908 0.22517133820728549 -0.2337567354686827 0.39931111802691172 0.16219881682527346 -0.258960198544122 0.055713348610709208 -0.061425670251295077 0.017102265562922419 -0.13949699823071932 -0.26820859253825319 0.14816521069534858 -0.18052639402639203 -0.047342169722851109 0.31973242934236851 -0.059371725944959465 -0.15428830734764529 -0.12025592584142361
leaf_weight=46 31.631618976593018 21.63257908821106 8.0000000000000018 15.858705282211305 6.1617646217346183 25.859999418258667 12.147058725357057 6.4599997997283953 9.7052938938140851 11.000000000000005 24 13.688687801361082 18.259999513626099 5.9999999999999991 15.986950874328612 4.9999999999999991 9.8599998950958234 6.1999998092651367
leaf_count=46 7 9 8 5 3 22 8 5 7 11 24 6 15 6 5 5 9 5
internal_value=-8.4439e-05 0.345409 -0.210417 0.242668 -0.0834702 -0.285997 0.161965 -0.108699 -0.0436924 -0.143776 -0.321875 0.106861 -0.227782 -0.101219 0.361169 -0.117944 -0.193049 -0.0946456
internal_weight=293.453 110.946 182.507 79.314 68.3871 114.12 47.4683 62.2253 22.3653 39.86 70 25.8357 44.12 22 31.8457 16 17.86 12.66
internal_count=206 40 166 33 59 107 23 56 17 39 70 14 37 22 10 16 17 10
is_linear=0
shrinkage=0.0283266


Tree=36
num_leaves=19
num_cat=0
split_feature=0 13 0 3 10 6 17 5 2 0 2 6 0 18 29 6 19 5
split_gain=25097.7 3371.86 2034.45 857.065 496.27 243.02 171.972 152.756 120.52 89.1149 78.2865 50.5176 35.3121 19.7223 8.38552 4.49756 4.22255 0.29967
threshold=45.166666666666679 23.754285714285718 20.166666666666668 1.0000000180025095e-35 21.500000000000004 1.5000000000000002 31.925000000000004 7.3214285714285685 24.500000000000004 29.333333333333339 8.5000000000000018 1.5000000000000002 15.500000000000002 138.60225274725275 26.937142857142863 7.5000000000000009 30.510000000000002 77.500000000000014
decision_type=2 2 2 2 2 2 2 2 2 2 2 2 2 2 2 2 2 2
left_child=2 -2 5 6 7 10 -3 8 -4 -9 17 -8 15 -10 -11 -7 -5 -1
right_child=1 3 4 16 -6 12 11 9 13 14 -12 -13 -14 -15 -16 -17 -18 -19
leaf_value=-0.35599758889655603 0.58415214917621727 0.2187948984492292 -0.21424453754502346 0.38609416985165967 0.15760907952246217 -0.26356448676285954 0.05413601702869475 -0.10480423826851375 -0.12237763829520995 0.017082414859579776 -0.26748758576709297 0.14397016978596835 -0.17018130961869313 -0.044128458210085542 -0.024401904885809785 -0.19359792051406874 0.31272991128644484 -0.27419830446085591
leaf_weight=34 31.631618976593018 21.63257908821106 14.299999952316282 15.82476854324341 6.1617646217346183 20.699999570846561 12.147058725357057 15.219999551773073 11.000000000000002 6.2852940559387198 29 13.688687801361082 14.359999656677244 6.9999999999999991 8.4199998378753644 9.0599997043609601 16.020887613296509 6.9999999999999991
leaf_count=34 7 9 14 5 3 18 8 12 11 5 29 6 12 7 7 7 5 7
internal_value=-9.26825e-05 0.335698 -0.204527 0.235875 -0.0811991 -0.277939 0.157445 -0.105748 -0.149559 -0.0565934 -0.312782 0.103896 -0.221367 -0.0950427 -0.00291522 -0.244167 0.350992 -0.343425
internal_weight=293.453 110.946 182.507 79.314 68.3871 114.12 47.4683 62.2253 32.3 29.9253 70 25.8357 44.12 18 14.7053 29.76 31.8457 41
internal_count=206 40 166 33 59 107 23 56 32 24 70 14 37 18 12 25 10 41
is_linear=0
shrinkage=0.0283266


Tree=37
num_leaves=17
num_cat=0
split_feature=4 1 13 9 1 8 27 1 5 8 12 16 1 24 13 23
split_gain=23687.2 2948.22 2535.06 609.721 490.074 377.699 200.33 137.702 118.514 77.2699 68.6581 55.9695 34.5336 28.4512 11.7728 8.77959
threshold=63.500000000000007 32.500000000000007 23.64357142857143 11.500000000000002 17.500000000000004 1.0538461538461541 64.100000000000009 44.500000000000007 -9.8780487804878003 1.0538461538461541 11.500000000000002 26.988571428571436 24.500000000000004 27.161428571428573 24.606428571428573 6.2142857142857153
decision_type=2 2 2 2 2 2 2 2 2 2 2 2 2 2 2 2
left_child=1 4 -2 6 9 10 14 -7 -6 15 13 -5 -10 -3 -4 -1
right_child=2 5 3 11 8 7 -8 -9 12 -11 -12 -13 -14 -15 -16 -17
leaf_value=-0.38030043259005225 0.62115132639067849 -0.069329602244463204 0.077945259764572325 0.39662431855183333 -0.24890344902638686 0 0.26387528304325586 0.1230177036286645 -0.17865507447108014 -0.24465751540817041 -0.0093011020269262619 0.30238823283444166 -0.11114686372185889 -0.15817112183077672 0.14830598354001115 -0.30475874775118772
leaf_weight=8.9999999999999982 23.344969749450684 10.000000000000005 8.4864252805709857 22.168614149093628 19 12.26529383659363 16.319726943969727 16.035972833633423 26.559999465942383 25.859999418258667 9.1221718788146955 16.882878303527832 15.659999608993528 7.9999999999999991 9.746606230735777 45
leaf_count=9 5 10 5 6 19 9 7 7 23 22 8 5 13 8 5 45
internal_value=-0.000100822 -0.179048 0.362019 0.279033 -0.247821 -0.00297997 0.188864 0.0683599 -0.185031 -0.295245 -0.0794566 0.357355 -0.154945 -0.111926 0.118626 -0.318416
internal_weight=293.453 196.503 96.9492 73.6043 141.08 55.4234 34.5528 28.3013 61.22 79.86 27.1222 39.0515 42.22 18 18.233 54
internal_count=206 173 33 28 131 42 17 16 55 76 26 11 36 18 10 54
is_linear=0
shrinkage=0.0283266


Tree=38
num_leaves=17
num_cat=0
split_feature=0 12 0 18 0 11 15 8 1 0 8 0 1 5 8 23
split_gain=22396.6 2981.45 1814.81 1108.48 562.594 448.018 280.284 217.127 151.425 84.4405 74.6663 67.7343 41.689 40.1958 27.7356 0.661216
threshold=45.166666666666679 38.500000000000007 20.166666666666668 796.18846153846164 58.666666666666679 14.500000000000002 -10.960960960960962 1.0389266817838247 42.000000000000007 31.500000000000004 1.0086206896551726 12.16666666666667 17.500000000000004 -18.606138107416879 0.84558093346573993 31.285714285714288
decision_type=2 2 2 2 2 2 2 2 2 2 2 2 2 2 2 2
left_child=2 4 7 -3 10 9 -6 11 -7 13 -2 -1 -9 -4 -11 -15
right_child=1 3 5 -5 6 8 -8 12 -10 14 -12 -13 -14 15 -16 -17
leaf_value=-0.32034807388915976 0.055038336896649186 0.35630155038613665 -0.20335482500344459 0.65439240393759501 0.14442190507687228 -0.032324158967692376 0.33723711364858683 -0.23772892845764698 0.13397886573682022 -0.10232108428167584 0.15013196816721935 -0.24585631494147633 -0.16492715631700644 -0.13038541659407868 -0.022936028915665558 -0.071172369817158687
leaf_weight=46 12.708144664764403 21.716511011123657 9.9999999999999982 20.901530742645264 9.6877830028533918 8.3199996948242205 23.96918797492981 25.859999418258667 8.4470586776733381 9.0000000000000018 21.962443351745605 24 18.259999513626099 18.059999704360965 9.5599999427795392 4.9999999999999991
leaf_count=46 8 6 10 4 5 6 8 22 4 9 9 24 15 16 9 5
internal_value=-0.000106863 0.31709 -0.193237 0.50387 0.199744 -0.0766933 0.283417 -0.262584 0.0481826 -0.118326 0.116887 -0.295622 -0.208879 -0.146895 -0.0644292 -0.119965
internal_weight=293.453 110.946 182.507 42.618 68.3276 68.3871 33.657 114.12 16.7671 51.62 34.6706 70 44.12 33.06 18.56 23.06
internal_count=206 40 166 10 30 59 13 107 10 49 17 70 37 31 18 21
is_linear=0
shrinkage=0.0283266


Tree=39
num_leaves=15
num_cat=0
split_feature=4 0 29 0 6 15 0 1 9 9 0 16 6 0
split_gain=21162.5 2661.71 2284.92 403.761 357.003 301.538 247.321 122.683 115.654 97.7409 91.0914 12.2754 11.7751 7.0662
threshold=63.500000000000007 27.166666666666668 26.468571428571433 14.833333333333334 3.5000000000000004 -10.960960960960962 58.666666666666679 44.500000000000007 3.5000000000000004 4.5000000000000009 40.333333333333343 26.402142857142859 -3.4999999999999996 5.8333333333333348
decision_type=2 2 2 2 2 2 2 2 2 2 2 2 2 2
left_child=1 3 -2 8 10 -4 -7 -6 13 12 11 -3 -5 -1
right_child=2 4 5 9 7 6 -8 -9 -10 -11 -12 -13 -14 -15
leaf_value=-0.36399605907397653 0.51340489273344692 -0.051977083269826085 0.097185264476625011 -0.2455519789730525 0 0.17875997152008274 0.32103757988708764 0.11573622786809233 -0.21666982196582973 -0.12400084801404054 0 -0.12676711768488355 -0.17789221569805877 -0.28874076044544117
leaf_weight=7.9999999999999991 38.324457883834839 5.2999999523162904 12.300904989242552 13.000000000000002 12.26529383659363 19.274660587310791 27.049197196960449 16.035972833633423 25.559999465942383 24.019999265670776 9.1221718788146955 14.999999999999998 15.999999999999998 52.199999809265137
leaf_count=8 9 5 7 13 9 8 9 7 22 19 8 15 16 51
internal_value=-0.000114317 -0.169266 0.342153 -0.236512 -0.00662692 0.229215 0.263064 0.0641371 -0.275614 -0.172197 -0.0765718 -0.109984 -0.210175 -0.299697
internal_weight=293.453 196.503 96.9492 138.78 57.7234 58.6248 46.3239 28.3013 85.76 53.02 29.4222 20.3 29 60.2
internal_count=206 173 33 129 44 24 17 16 81 48 28 20 29 59
is_linear=0
shrinkage=0.0283266


Tree=40
num_leaves=18
num_cat=0
split_feature=0 13 0 3 11 6 17 2 7 2 13 6 11 0 12 6 6
split_gain=19980.9 2731.11 1620.97 917.234 406.785 194.955 136.036 107.944 89.4007 63.4499 44.3508 41.9554 39.3754 25.3239 17.7941 11.0361 4.01182
threshold=45.166666666666679 23.64357142857143 20.166666666666668 1.0000000180025095e-35 20.500000000000004 1.5000000000000002 31.925000000000004 25.500000000000004 2.5000000000000004 8.5000000000000018 24.117142857142856 1.5000000000000002 18.500000000000004 15.500000000000002 16.500000000000004 3.5000000000000004 7.5000000000000009
decision_type=2 2 2 2 2 2 2 2 2 2 2 2 2 2 2 2 2
left_child=2 -2 5 6 7 9 -3 8 -4 -1 -9 -8 -5 16 -10 -12 -7
right_child=1 3 4 12 -6 13 11 10 14 -11 15 -13 -14 -15 -16 -17 -18
leaf_value=-0.30751752274019295 0.57323574484724071 0.19428751625785645 -0.18025863985841706 0.37011287604126536 0.11394541726431956 -0.23540225837595435 0.045610641344924666 0.0087171477095931375 -0.10803969876457231 -0.23793466235666572 -0.087288148746089464 0.12799205326205876 0.28731548588590111 -0.15117689540455756 -0.033520365873226141 -0.024021661177927419 -0.16945758534478808
leaf_weight=41 23.344969749450684 21.63257908821106 17.299999952316284 18.330976247787476 8.0217645168304426 20.699999570846561 12.147058725357057 5.9852941036224392 9.7599997520446795 29 14.299999952316286 13.688687801361082 21.801329135894775 14.359999656677244 7.1599998474121085 5.8599998950958243 9.0599997043609601
leaf_count=41 5 9 17 5 4 18 8 5 8 29 14 6 7 12 6 5 7
internal_value=-0.000127876 0.299464 -0.182556 0.225838 -0.0723494 -0.248106 0.139483 -0.0980303 -0.132223 -0.279504 -0.0511428 0.0914184 0.326564 -0.197004 -0.0797947 -0.0716517 -0.217224
internal_weight=293.453 110.946 182.507 87.6006 68.3871 114.12 47.4683 60.3653 34.22 70 26.1453 25.8357 40.1323 44.12 16.92 20.16 29.76
internal_count=206 40 166 35 59 107 23 55 31 70 24 14 12 37 14 19 25
is_linear=0
shrinkage=0.0283266


Tree=41
num_leaves=16
num_cat=0
split_feature=4 0 12 3 0 6 19 1 7 6 6 0 6 16 8
split_gain=18913.2 2366.04 2095.99 517.307 359.428 318.318 146.618 109.842 99.0726 92.6977 85.4751 80.6484 10.7154 10.5198 10.4381
threshold=63.500000000000007 27.166666666666668 51.000000000000007 1.0000000180025095e-35 14.833333333333334 3.5000000000000004 43.390000000000008 44.500000000000007 3.5000000000000004 9.5000000000000018 -3.4999999999999996 40.333333333333343 4.5000000000000009 26.402142857142859 0.52272727272727282
decision_type=2 2 2 2 2 2 2 2 2 2 2 2 2 2 2
left_child=1 4 3 6 8 11 -2 -7 14 -5 -6 13 -12 -3 -1
right_child=2 5 -4 9 10 7 -8 -9 -10 -11 12 -13 -14 -15 -16
leaf_value=-0.33557481783105597 0.078419718084377213 -0.048836475661260759 0.56851954732878307 0.26363209700928797 -0.23246536391364769 0 0.21084332589015237 0.10894224380748702 -0.20241712451394026 0.36682332249339406 -0.15687979519229844 0 -0.10685374560986978 -0.12003178129590274 -0.2691070514208051
leaf_weight=10.999999999999998 12.171945571899412 5.2999999523162904 21.999050140380859 19.769057989120483 12.999999999999998 12.26529383659363 21.299999952316284 16.035972833633423 23.859999418258667 21.709167003631592 24.199999809265137 9.1221718788146955 15.819999456405638 14.999999999999998 50.899999856948853
leaf_count=11 7 5 5 7 13 9 9 7 20 5 23 8 12 15 50
internal_value=-0.000129472 -0.16005 0.323428 0.25071 -0.223453 -0.00665133 0.164363 0.0601039 -0.260408 0.319022 -0.162611 -0.0727401 -0.138505 -0.104186 -0.281845
internal_weight=293.453 196.503 96.9492 74.9502 138.78 57.7234 33.4719 28.3013 85.76 41.4782 53.02 29.4222 40.02 20.3 61.9
internal_count=206 173 33 28 129 44 16 16 81 12 48 28 35 20 61
is_linear=0
shrinkage=0.0283266


Tree=42
num_leaves=18
num_cat=0
split_feature=1 10 0 3 7 6 0 0 28 6 5 29 10 5 0 0 0
split_gain=18320.5 2526.13 1397.47 787.405 234.373 175.348 171.351 166.952 164.367 92.4691 69.6921 53.742 31.5516 30.2974 19.7787 8.50534 1.8722
threshold=53.000000000000007 51.000000000000007 20.166666666666668 1.0000000180025095e-35 2.5000000000000004 7.5000000000000009 33.166666666666679 9.1666666666666696 92.596428571428575 9.5000000000000018 7.3214285714285685 27.452857142857148 -1.0000000180025095e-35 -32.738095238095234 29.333333333333339 32.500000000000007 15.500000000000002
decision_type=2 2 2 2 2 2 2 2 2 2 2 2 2 2 2 2 2
left_child=2 3 7 5 13 8 14 -1 12 -5 -9 -7 -2 -4 -6 -15 -12
right_child=1 -3 4 9 6 11 -8 10 -10 -11 16 -13 -14 15 -16 -17 -18
leaf_value=-0.28624935734069773 0.065311559838949623 0.55220799518257824 -0.19143661008082741 0.25361393663026782 -0.088060864719289145 0.14302517984371679 0.065491323930680481 -0.24106766900503673 0.19577136624248018 0.35643555549853201 -0.19092207544864973 0.24040155500691707 -0.0043824298789573845 -0.12132255300364177 -0.020319490623143349 -0.056495737454816876 -0.14077366447596179
leaf_weight=41.759999752044678 13.056560993194582 22.183746814727783 7.0000000000000027 19.58436131477356 13.919999599456789 13.328959226608278 12.184705734252928 35 8.2805429697036725 21.709167003631592 22.699999570846558 14.010407209396361 6.3597284555435207 16.599999904632572 7.8599998950958243 5.9999999999999991 13.05999970436096
leaf_count=40 8 5 7 7 11 5 7 35 4 5 20 5 5 16 7 6 11
internal_value=0.00566477 0.278124 -0.177403 0.214399 -0.0699835 0.142346 -0.017303 -0.237588 0.0883513 0.309055 -0.208065 0.194992 0.0396448 -0.128549 -0.0661637 -0.106577 -0.174181
internal_weight=294.598 118.513 176.085 96.3297 63.5647 55.0362 33.9647 112.52 27.6968 41.2935 70.76 27.3394 19.4163 29.6 21.78 22.6 35.76
internal_count=204 44 160 39 54 27 25 106 17 12 66 10 13 29 18 22 31
is_linear=0
shrinkage=0.0283266


Tree=43
num_leaves=17
num_cat=0
split_feature=1 13 0 0 6 7 5 0 0 0 5 23 0 8 0 6
split_gain=17307.6 2408.78 1318.22 650.849 277.859 230.987 221.571 166.662 156.502 70.472 64.881 28.9158 18.2236 1.49326 1.1066 0.239657
threshold=53.000000000000007 23.64357142857143 20.166666666666668 58.666666666666679 -8.4999999999999982 8.5000000000000018 5.3977272727272716 33.166666666666679 9.1666666666666696 49.666666666666679 7.3214285714285685 30.214285714285719 29.333333333333339 0.52272727272727282 15.500000000000002 1.5000000000000002
decision_type=2 2 2 2 2 2 2 2 2 2 2 2 2 2 2 2
left_child=2 -2 8 5 -5 9 11 12 13 -3 15 -4 -8 -1 -12 -10
right_child=1 3 6 4 -6 -7 7 -9 10 -11 14 -13 -14 -15 -16 -17
leaf_value=-0.32636461174961018 0.52965132352365873 -0.0039631381495215372 -0.1734453841139042 0.1374249060385177 0.30747611885158305 0.19872662627496748 -0.084387167980863362 0.063637157091022481 -0.24876000017295255 0.09340646971948631 -0.18551543917840768 -0.098028260622685867 -0.019744380343397226 -0.26115618040364597 -0.13678799091599356 -0.18601143467135178
leaf_weight=9.9999999999999982 23.344969749450684 7.7194569110870388 10.299999952316286 11.079185724258421 41.926875352859497 18.024434328079224 15.219999551773073 12.184705734252928 26 16.418551921844482 22.699999570846558 18 7.8599998950958243 31.759999752044678 13.05999970436096 8.9999999999999982
leaf_count=10 5 6 10 6 13 6 12 7 26 8 20 18 7 30 11 9
internal_value=0.00548869 0.270314 -0.172441 0.206086 0.272996 0.120629 -0.0680762 -0.0188376 -0.230901 0.0599859 -0.202217 -0.127462 -0.0647778 -0.278142 -0.169292 -0.23424
internal_weight=294.598 118.513 176.085 95.1685 53.0061 42.1624 63.5647 35.2647 112.52 24.138 70.76 28.3 23.08 41.76 35.76 35
internal_count=204 44 160 39 19 20 54 26 106 14 66 28 19 40 31 35
is_linear=0
shrinkage=0.0283266


Tree=44
num_leaves=18
num_cat=0
split_feature=1 12 0 3 2 9 19 0 6 0 6 5 2 0 16 2 0
split_gain=16349.7 2285.74 1244.28 699.221 238.577 173.368 184.546 146.741 119.537 111.394 82.8821 60.4886 35.2074 34.3549 6.77824 2.06541 0.402311
threshold=53.000000000000007 51.000000000000007 20.166666666666668 1.0000000180025095e-35 33.500000000000007 13.500000000000002 24.130000000000003 9.1666666666666696 4.5000000000000009 56.500000000000007 9.5000000000000018 7.3214285714285685 21.500000000000004 30.000000000000004 26.210714285714293 11.500000000000002 15.500000000000002
decision_type=2 2 2 2 2 2 2 2 2 2 2 2 2 2 2 2 2
left_child=2 3 7 5 8 6 -2 -1 12 -8 -5 15 -4 -10 -14 -9 -13
right_child=1 -3 4 10 -6 -7 9 11 13 -11 -12 16 14 -15 -16 -17 -18
leaf_value=-0.27030336122543813 -0.020938802436052839 0.52482400515644567 -0.16832519887163241 0.23872227412451075 0.073908965341038663 0.21627258044663022 0.073570200675585617 -0.24740339638367806 -0.065634150820857537 0.18811481437066066 0.3366064860106186 -0.1802619093704925 -0.044180588765441869 0.002855164462045551 -0.10619502474617404 -0.1898723653485801 -0.13291516757461369
leaf_weight=41.759999752044678 7.4615384340286246 21.999050140380859 11.299999952316282 19.769057989120483 8.0794117450714094 15.88235282897949 16.665158271789554 22 10.619999647140505 15.027149319648741 21.709167003631592 22.699999570846558 5.2999999523162868 9.965293884277342 18.299999952316284 12.999999999999998 13.05999970436096
leaf_count=40 6 5 11 7 5 5 9 22 8 7 5 20 5 7 18 13 11
internal_value=0.00530109 0.262699 -0.167629 0.202347 -0.0661979 0.134255 0.0995448 -0.224432 -0.0876014 0.129653 0.29133 -0.196557 -0.120097 -0.0298047 -0.0946246 -0.227652 -0.164542
internal_weight=294.598 118.513 176.085 96.5144 63.5647 55.0362 39.1538 112.52 55.4853 31.6923 41.4782 70.76 34.9 20.5853 23.6 35 35.76
internal_count=204 44 160 39 54 27 22 106 49 16 12 66 34 15 23 35 31
is_linear=0
shrinkage=0.0283266


Tree=45
num_leaves=18
num_cat=0
split_feature=1 10 0 3 2 8 0 0 5 5 8 5 0 2 1 8 2
split_gain=15444.7 2176.17 1174.64 649.545 225.674 199.667 152.565 137.374 113.804 100.591 82.7228 56.3631 51.5069 39.4141 15.4705 1.45143 1.08597
threshold=53.000000000000007 51.000000000000007 20.166666666666668 1.0000000180025095e-35 33.500000000000007 0.72902097902097907 58.666666666666679 9.1666666666666696 14.718614718614722 6.3301282051282053 1.1266025641025643 7.3214285714285685 30.000000000000004 24.500000000000004 59.500000000000007 0.52272727272727282 11.500000000000002
decision_type=2 2 2 2 2 2 2 2 2 2 2 2 2 2 2 2 2
left_child=2 3 7 5 9 -2 8 15 14 13 -5 16 -11 -4 -7 -1 -9
right_child=1 -3 4 10 -6 6 -8 11 -10 12 -12 -13 -14 -15 -16 -17 -18
leaf_value=-0.30947392813715957 0 0.50979505458564911 -0.16810392450262765 0.22953033807448758 0.07181704554277768 0.034069907866529477 0.24293644860438859 -0.24039735548341479 0.18347984202486567 -0.077392338557251528 0.32707440841347268 -0.15992668041164584 0 -0.086127488822933584 0.096796993840127687 -0.24610479579797367 -0.18449659080466585
leaf_weight=9.9999999999999982 7.4615384340286246 22.183746814727783 12.299999952316286 19.58436131477356 8.0794117450714094 8.9886876344680804 12.171040892601011 22 14.265610694885252 16.219999551773075 21.709167003631592 35.75999927520752 11.965293884277342 14.999999999999998 12.149321198463438 31.759999752044678 12.999999999999998
leaf_count=10 6 5 12 7 5 5 5 22 5 13 5 31 9 15 6 30 13
internal_value=0.00513514 0.255312 -0.162936 0.196104 -0.0643483 0.130482 0.151864 -0.218132 0.118956 -0.0851776 0.282193 -0.191057 -0.0445135 -0.125116 0.0727548 -0.262648 -0.22125
internal_weight=294.598 118.513 176.085 96.3297 63.5647 55.0362 47.5747 112.52 35.4036 55.4853 41.2935 70.76 28.1853 27.3 21.138 41.76 35
internal_count=204 44 160 39 54 27 21 106 16 49 12 66 22 27 11 40 35
is_linear=0
shrinkage=0.0283266


Tree=46
num_leaves=17
num_cat=0
split_feature=1 13 2 3 2 8 6 6 22 6 27 2 8 22 7 5
split_gain=14591.1 2084.08 1104.28 577.224 263.405 189.156 129.783 117.528 116.946 58.3914 46.5085 45.4269 33.3886 25.7549 8.4406 0.373356
threshold=53.000000000000007 23.64357142857143 13.500000000000002 1.0000000180025095e-35 33.500000000000007 0.72902097902097907 4.5000000000000009 6.5000000000000009 11.081428571428576 7.5000000000000009 27.700000000000006 21.500000000000004 0.52272727272727282 9.6007142857142878 7.5000000000000009 6.3301282051282053
decision_type=2 2 2 2 2 2 2 2 2 2 2 2 2 2 2 2
left_child=2 -2 7 5 6 -3 11 12 9 -7 -8 -4 -1 -5 -14 -13
right_child=1 3 4 13 -6 8 10 -9 -10 -11 -12 15 14 -15 -16 -17
leaf_value=-0.29003639961944733 0.48945624198543008 0 -0.15378339768668889 0.24254688595470331 0.069784336904295155 0.069716321236062098 -0.076497532467868987 -0.13351574640835048 0.22376857574659723 0.15343762377841408 0 -0.1001663393124668 -0.22985393833590012 0.31640901724613824 -0.15120216397517625 -0.054039142619545559
leaf_weight=14.999999999999998 23.344969749450684 7.4615384340286246 25.199999809265137 25.295557737350464 8.0794117450714094 15.789592623710631 12.219999551773073 12.919999599456785 13.290950298309324 18.494117498397827 10.965293884277342 17.000000000000004 62.499999761581421 14.836747646331785 5.5999999046325675 6.5999999046325675
leaf_count=15 5 6 24 8 5 9 9 10 5 7 8 17 61 4 5 6
internal_value=0.00498038 0.248152 -0.158375 0.18835 -0.0796046 0.126851 -0.0971438 -0.223471 0.147663 0.116511 -0.0384178 -0.123904 -0.23678 0.271276 -0.224212 -0.0896253
internal_weight=294.598 118.513 176.085 95.1685 80.0647 55.0362 71.9853 96.02 47.5747 34.2837 23.1853 48.8 83.1 40.1323 68.1 23.6
internal_count=204 44 160 39 69 27 64 91 21 16 17 47 81 12 66 23
is_linear=0
shrinkage=0.0283266


Tree=47
num_leaves=17
num_cat=0
split_feature=4 0 12 9 2 8 7 1 26 18 12 2 2 7 16 0
split_gain=13809.2 1641.27 1600.59 500.571 247.842 246.891 107.155 86.9544 82.2348 76.5067 40.1223 35.4353 29.6357 25.7768 8.27031 7.84226
threshold=63.500000000000007 27.166666666666668 51.000000000000007 11.500000000000002 13.500000000000002 1.0538461538461541 5.5000000000000009 44.500000000000007 -4.4999999999999991 344.28131868131874 14.500000000000002 33.500000000000007 3.5000000000000004 7.5000000000000009 26.210714285714293 33.166666666666679
decision_type=2 2 2 2 2 2 2 2 2 2 2 2 2 2 2 2
left_child=1 4 3 8 6 11 12 15 -2 -5 -10 14 -1 -6 -3 -7
right_child=2 5 -4 9 13 7 -8 -9 10 -11 -12 -13 -14 -15 -16 -17
leaf_value=-0.29283385891056313 0.19270141992664255 -0.039452673893568352 0.48451548384662363 0.23027137884996859 -0.13905176943283651 -0.025166644911392758 -0.15221323235015144 0.089039700871003241 0.04829222992593224 0.32197290034948062 0.13168357280376145 0 -0.2224399416385256 -0.057217223983870358 -0.10387265429772434 0.014120422788024329
leaf_weight=11.999999999999998 13.038461565971373 5.2999999523162904 21.999050140380859 22.98461651802063 31.65999960899353 7.7199997901916522 20.81999945640564 16.035972833633423 11.350678682327272 20.965553760528564 13.357466340065001 4.5610859394073477 63.199999809265137 6.1999998092651358 15.999999999999998 7.4052939414978027
leaf_count=12 6 5 5 7 29 6 17 7 7 5 6 4 62 5 16 5
internal_value=0.00482896 -0.137914 0.268142 0.209168 -0.19214 -0.00962269 -0.217191 0.0429489 0.130653 0.275314 0.0956327 -0.0750998 -0.234432 -0.127122 -0.0904534 -0.00228239
internal_weight=294.598 190.902 103.696 81.6968 133.88 57.0224 96.02 31.1613 37.7466 43.9502 24.7081 25.8611 75.2 37.86 21.3 15.1253
internal_count=204 168 36 31 125 43 91 18 19 12 13 25 74 34 21 11
is_linear=0
shrinkage=0.0283266


Tree=48
num_leaves=18
num_cat=0
split_feature=0 13 0 3 11 0 17 1 13 5 5 23 11 6 15 11 5
split_gain=13025.3 1829.15 1068.85 471.578 268.77 117.949 113.467 92.195 70.2939 47.4982 46.8487 27.3082 23.3464 9.70025 5.84361 1.07408 0.993093
threshold=45.166666666666679 23.64357142857143 20.166666666666668 1.0000000180025095e-35 14.500000000000002 9.1666666666666696 31.925000000000004 42.000000000000007 24.582142857142863 -37.268518518518512 7.3214285714285685 31.285714285714288 20.500000000000004 4.5000000000000009 5.9821428571428585 -10.499999999999998 38.315217391304351
decision_type=2 2 2 2 2 2 2 2 2 2 2 2 2 2 2 2 2
left_child=2 -2 5 6 9 -1 -3 -6 14 -4 -7 16 -5 15 -8 -13 -11
right_child=1 3 4 12 7 10 8 -9 -10 11 -12 13 -14 -15 -16 -17 -18
leaf_value=-0.24179011603109313 0.46398274602572298 0.17420462945359441 -0.16455452487141356 0.28697040481819536 -0.021158205121559255 -0.20295580434810609 0.016158177476082163 0.10742005435161887 0.13710471331128501 -0.10682063222590692 -0.14614981392211554 -0.025275336245882844 0.21826420171590963 -0.0034333116882229796 0.061861302858859421 -0.074629008136382291 -0.055198821802951097
leaf_weight=41.759999752044678 23.344969749450684 22.243438959121704 6.9999999999999991 20.876225233078003 8.3199996948242205 35 8.5837103128433281 8.4470586776733381 12.658370852470396 18.459999799728397 35.75999927520752 5.0000000000000009 19.256080150604248 6.1199998855590811 9.1683259010314924 7.0000000000000009 5.5999999046325675
leaf_count=40 5 9 7 6 6 35 6 4 6 17 31 5 6 5 4 7 5
internal_value=0.00468568 0.238355 -0.14706 0.180964 -0.0553396 -0.20032 0.12314 0.0403403 0.083943 -0.0890843 -0.175044 -0.0752267 0.255421 -0.0430845 0.0428877 -0.0586917 -0.0971195
internal_weight=294.598 116.131 178.467 92.7862 65.9471 112.52 52.6538 16.7671 30.4104 49.18 70.76 42.18 40.1323 18.12 17.752 12 24.06
internal_count=204 42 162 37 56 106 25 10 16 46 66 39 12 17 10 12 22
is_linear=0
shrinkage=0.0283266


Tree=49
num_leaves=19
num_cat=0
split_feature=0 0 12 18 9 0 7 28 7 13 2 8 5 27 19 5 24 6
split_gain=13236 1453.44 1402.37 539.895 243.407 219.028 140.096 96.4577 75.3293 72.7527 49.5176 43.5542 30.7348 28.664 28.3556 3.50108 3.32048 2.39896
threshold=52.166666666666679 27.166666666666668 38.500000000000007 796.18846153846164 13.500000000000002 14.833333333333334 2.5000000000000004 90.981428571428594 7.5000000000000009 24.435000000000006 33.500000000000007 0.72902097902097907 14.718614718614722 6.1000000000000005 60.735000000000007 -11.805555555555555 27.161428571428573 4.5000000000000009
decision_type=2 2 2 2 2 2 2 2 2 2 2 2 2 2 2 2 2 2
left_child=1 5 4 -4 7 8 10 14 13 -8 16 -7 -11 -1 -2 -15 -3 -13
right_child=2 6 3 -5 -6 11 9 -9 -10 12 -12 17 -14 15 -16 -17 -18 -19
leaf_value=-0.27722523038667196 0.033674435278075586 -0.048605538421230464 0.28722405891295272 0.49513253654721823 0.24231392097968971 -0.1908345591554208 0.08712630356808676 0.18591776862413481 -0.13543956021818943 0.037227852234969279 0 -0.12844747024399242 -0.037874018035191116 -0.23041559590568383 0.11080710393517157 -0.18952156218122232 -0.10539272181237433 -0.088169850349316417
leaf_weight=13.299999952316282 10.230769276618959 6.0000000000000062 23.345655918121338 20.901530742645264 23.331178665161133 10.999999999999998 11.6264705657959 11.51131224632263 12.659999608993528 7.745791673660281 7.7194569110870352 23.599999904632568 9.7199997901916486 31.999999999999996 10.601809978485106 31.099999666213993 10.299999952316282 14.519999504089354
leaf_count=13 6 6 6 4 7 11 6 5 10 5 6 23 8 32 5 29 10 11
internal_value=0.00230642 -0.135524 0.266714 0.386742 0.170296 -0.183951 -0.00848509 0.116601 -0.211531 0.0320891 -0.0599237 -0.132798 -0.00140367 -0.223404 0.0756013 -0.211157 -0.0879055 -0.114572
internal_weight=291.214 191.292 99.9223 44.2472 55.6751 138.18 53.1117 32.3439 89.06 29.0923 24.0195 49.12 17.4658 76.4 20.8326 63.1 16.3 38.12
internal_count=203 170 33 10 23 129 41 16 84 19 22 45 13 74 11 61 16 34
is_linear=0
shrinkage=0.0283266


Tree=50
num_leaves=17
num_cat=0
split_feature=4 12 2 18 9 6 9 2 19 2 7 2 27 4 5 5
split_gain=12582.8 1340.69 1294.87 508.286 229.006 179.015 123.534 93.2653 91.7755 82.3227 44.2476 22.9501 19.9022 17.1149 11.8547 10.438
threshold=63.500000000000007 38.500000000000007 18.500000000000004 796.18846153846164 13.500000000000002 12.500000000000002 4.5000000000000009 33.500000000000007 25.840000000000003 11.500000000000002 9.5000000000000018 51.500000000000007 6.1000000000000005 19.500000000000004 -18.606138107416879 -11.805555555555555
decision_type=2 2 2 2 2 2 2 2 2 2 2 2 2 2 2 2
left_child=2 4 6 -3 8 7 9 10 -2 12 14 -10 -1 -8 -4 -14
right_child=1 3 5 -5 -6 -7 13 -9 11 -11 -12 -13 15 -15 -16 -17
leaf_value=-0.26937618855191103 0.036591373307728693 0.27909022810646489 -0.12640348624346312 0.48111143821631508 0.23545189518750584 0.065583171732188125 -0.15531627107830792 0.013503977582722386 0.10689471155745604 -0.15109316579141099 0 0.18439846960385342 -0.22852382760614762 -0.09481896240250616 -0.070624091053434049 -0.18116788471135351
leaf_weight=13.299999952316282 10.332579255104063 23.345655918121338 7.9999999999999956 20.901530742645264 23.331178665161133 12.714841365814207 18.659999608993534 11.892760038375853 12.006787180900576 25 5.2852940559387198 11.06334865093231 31 13.21999955177307 25.35999965667725 25.799999713897705
leaf_count=13 6 6 8 4 7 6 16 9 6 25 4 5 31 10 23 24
internal_value=0.00222438 0.257965 -0.133244 0.375826 0.165039 -0.0275003 -0.185479 -0.0520177 0.114167 -0.20282 -0.0736099 0.146497 -0.220464 -0.131986 -0.0856783 -0.208009
internal_weight=291.214 100.981 190.233 44.2472 56.7339 63.2529 126.98 50.5381 33.4027 95.1 38.6453 23.0701 70.1 31.88 33.36 56.8
internal_count=203 34 169 10 24 50 119 44 17 93 35 11 68 26 31 55
is_linear=0
shrinkage=0.0283266


Tree=51
num_leaves=16
num_cat=0
split_feature=0 0 10 5 0 0 7 2 11 13 2 15 5 0 24
split_gain=11816.8 1299.48 1226.9 258.181 193.694 159.812 126.485 102.462 79.2008 67.2197 43.1558 41.4921 27.1344 9.42966 2.68387
threshold=52.166666666666679 27.166666666666668 51.000000000000007 -11.805555555555555 14.833333333333334 58.666666666666679 2.5000000000000004 53.500000000000007 4.5000000000000009 24.435000000000006 33.500000000000007 -23.623511904761902 14.718614718614722 4.666666666666667 27.161428571428573
decision_type=2 2 2 2 2 2 2 2 2 2 2 2 2 2 2
left_child=1 4 3 7 8 -5 10 -2 13 -8 14 -6 -11 -1 -3
right_child=2 6 -4 5 11 -7 9 -9 -10 12 -12 -13 -14 -15 -16
leaf_value=-0.26951418605681032 0.034069023415691971 -0.045231793246434102 0.4144844589130573 0.1439090811394329 -0.17892316578475342 0.26604114069021867 0.083531100316013213 0.15988355831283541 -0.13809915832564537 0.034596057536017404 0 -0.10678970673552381 -0.035894558960068441 -0.20613371301075939 -0.099490046208585356
leaf_weight=8.9999999999999982 10.149321198463442 6.0000000000000062 27.571715354919434 15.040723681449888 11.999999999999998 32.741222143173218 11.6264705657959 14.419274449348448 18.259999513626099 7.745791673660281 7.7194569110870352 37.119999408721924 9.7199997901916486 61.799999713897705 10.299999952316282
leaf_count=9 6 6 6 6 12 9 6 6 15 5 6 33 8 60 10
internal_value=0.0021574 -0.128063 0.251998 0.189282 -0.173854 0.228777 -0.00788283 0.11018 -0.19986 0.0306124 -0.0568036 -0.125558 -0.00146944 -0.214995 -0.082932
internal_weight=291.214 191.292 99.9223 72.3505 138.18 47.7819 53.1117 24.5686 89.06 29.0923 24.0195 49.12 17.4658 70.8 16.3
internal_count=203 170 33 27 129 15 41 12 84 19 22 45 13 69 16
is_linear=0
shrinkage=0.0283266


Tree=52
num_leaves=18
num_cat=0
split_feature=0 0 10 9 0 7 11 1 28 6 15 1 0 24 0 0 6
split_gain=11163.4 1227.02 1156.72 369.919 182.232 119.683 74.0764 63.4932 54.0357 39.054 38.7021 34.5165 20.7785 8.8876 8.09365 2.79286 0.409188
threshold=52.166666666666679 27.166666666666668 51.000000000000007 11.500000000000002 14.833333333333334 2.5000000000000004 4.5000000000000009 42.000000000000007 90.981428571428594 3.5000000000000004 -23.623511904761902 54.500000000000007 68.500000000000014 27.161428571428573 4.666666666666667 31.500000000000004 4.5000000000000009
decision_type=2 2 2 2 2 2 2 2 2 2 2 2 2 2 2 2 2
left_child=1 4 3 8 6 11 14 15 9 -2 -6 13 -5 -3 -1 -7 -12
right_child=2 5 -4 12 10 7 -8 -9 -10 -11 16 -13 -14 -15 -16 -17 -18
leaf_value=-0.26188522659173824 0.048803757311436304 -0.038574510267381082 0.40274626124408719 0.20936482615286015 -0.17385760537879713 -0.027612042687751043 -0.13418866195653634 0.067570278523184646 0.17137958021773536 0.13241763848721461 -0.11653723110477303 0 0.27887303587711287 -0.096673594438444102 -0.2002952556447434 0 -0.080039317089914006
leaf_weight=8.9999999999999982 13.828054308891298 8.0000000000000053 27.571715354919434 17.177448272705078 11.999999999999998 6.1599998474121112 18.259999513626099 16.252262353897095 11.51131224632263 10.088957548141478 22.599999904632568 5.7194569110870352 19.744769096374512 10.299999952316282 61.799999713897705 6.679999828338623 14.519999504089354
leaf_count=9 8 8 6 5 12 5 15 9 5 4 22 4 5 10 60 5 11
internal_value=0.00208437 -0.124479 0.244924 0.183986 -0.168976 -0.00766638 -0.194235 0.0297457 0.115604 0.0864106 -0.122034 -0.0552754 0.248074 -0.074316 -0.208928 -0.0138394 -0.103765
internal_weight=291.214 191.292 99.9223 72.3505 138.18 53.1117 89.06 29.0923 35.4283 23.917 49.12 24.0195 36.9222 18.3 70.8 12.84 37.12
internal_count=203 170 33 27 129 41 84 19 17 12 45 22 10 18 69 10 33
is_linear=0
shrinkage=0.0283266


Tree=53
num_leaves=17
num_cat=0
split_feature=4 13 0 9 2 9 6 1 1 2 6 6 27 11 6 5
split_gain=10623.9 1110.46 1098.07 253.606 171.276 119.978 93.5098 64.929 44.1391 43.6596 30.964 30.6731 23.915 10.5598 8.65397 6.30538
threshold=63.500000000000007 23.64357142857143 27.166666666666668 11.500000000000002 13.500000000000002 10.500000000000002 6.5000000000000009 80.500000000000014 53.000000000000007 33.500000000000007 4.5000000000000009 1.5000000000000002 6.1000000000000005 16.500000000000004 2.5000000000000004 -11.805555555555555
decision_type=2 2 2 2 2 2 2 2 2 2 2 2 2 2 2 2
left_child=2 -2 4 7 6 9 12 11 -7 10 -4 -3 -1 -5 -6 -14
right_child=1 3 5 13 14 8 -8 -9 -10 -11 -12 -13 15 -15 -16 -17
leaf_value=-0.2478478764337825 0.38759084708841623 0.050182909495024179 -0.080388483305745925 0.25664596644595206 -0.12704248466814802 0.00091662018339267565 -0.11426140869052354 0.18241664646686145 0.09772246554509012 0.0043831874821487118 0 0.12597492320346362 -0.2041632347555449 0.19705661326092522 -0.081691689263390377 -0.16579117321721615
leaf_weight=13.299999952316282 28.732938289642334 13.149321198463442 18.599999904632572 18.899484872817993 21.299999952316284 9.4052939414978045 16.519999504089355 10.075382947921751 8.0348415374755842 9.5927600860595685 6.4199998378753653 10.819004535675047 38 19.304948568344116 16.259999513626099 32.799999713897705
leaf_count=13 6 8 18 5 21 7 13 4 3 7 5 5 38 6 13 31
internal_value=0.00201174 0.237019 -0.12245 0.176343 -0.164248 -0.0104273 -0.184351 0.116696 0.0487028 -0.0418205 -0.0617396 0.0867239 -0.197452 0.228019 -0.108898 -0.187183
internal_weight=291.214 100.981 190.233 72.2481 138.18 52.0529 100.62 34.0437 17.4401 34.6128 25.02 23.9683 84.1 38.2044 37.56 70.8
internal_count=203 34 169 28 129 40 95 17 10 30 23 13 82 11 34 69
is_linear=0
shrinkage=0.0283266


Tree=54
num_leaves=16
num_cat=0
split_feature=4 12 0 25 9 0 9 19 11 16 2 15 6 0 4
split_gain=10037 1095.34 1037.98 391.744 176.03 162.612 113.531 81.6227 65.722 42.6408 41.4481 34.2871 29.026 17.4969 5.9505
threshold=63.500000000000007 38.500000000000007 27.166666666666668 4.5000000000000009 13.500000000000002 14.833333333333334 10.500000000000002 25.840000000000003 4.5000000000000009 27.161428571428573 33.500000000000007 -23.623511904761902 4.5000000000000009 62.000000000000007 7.5000000000000009
decision_type=2 2 2 2 2 2 2 2 2 2 2 2 2 2 2
left_child=2 4 5 -3 7 8 10 -2 14 -8 12 -7 -4 -9 -1
right_child=1 3 6 -5 -6 11 9 13 -10 -11 -12 -13 -14 -15 -16
leaf_value=-0.24133649506962418 0.02799149072551297 0.42997352392638449 -0.078112139028551422 0.25128284643431947 0.20828013503090262 -0.16433753608746771 0.0033166856768901223 0.09540869748142114 -0.12649634805717605 0.099256152518527332 0.0042591099046166521 -0.097724010378402421 0 0.16581518789549143 -0.1882196676734923
leaf_weight=11.299999952316282 10.332579255104063 20.901530742645264 18.599999904632572 23.345655918121338 23.331178665161133 11.999999999999998 10.003664970397951 12.006787180900576 18.259999513626099 7.4364705085754386 9.5927600860595685 37.119999408721924 6.4199998378753653 11.06334865093231 59.499999761581421
leaf_count=11 6 4 18 6 7 12 7 6 15 3 7 33 5 5 58
internal_value=0.0019555 0.230385 -0.119015 0.336992 0.146239 -0.159653 -0.0100686 0.101218 -0.183572 0.0474139 -0.0406314 -0.115142 -0.0600472 0.131604 -0.197499
internal_weight=291.214 100.981 190.233 44.2472 56.7339 138.18 52.0529 33.4027 89.06 17.4401 34.6128 49.12 25.02 23.0701 70.8
internal_count=203 34 169 10 24 129 40 17 84 10 30 45 23 11 69
is_linear=0
shrinkage=0.0283266


Tree=55
num_leaves=17
num_cat=0
split_feature=4 12 2 13 9 6 6 19 2 2 7 2 2 15 1 7
split_gain=9482.28 1032.75 978.101 342.546 165.303 139.377 99.298 76.7979 74.5429 68.9504 32.3916 18.3972 16.0216 10.3865 8.39538 1.90516
threshold=63.500000000000007 38.500000000000007 18.500000000000004 23.682857142857141 13.500000000000002 12.500000000000002 4.5000000000000009 25.840000000000003 12.500000000000002 33.500000000000007 9.5000000000000018 3.5000000000000004 51.500000000000007 -22.086720867208665 22.500000000000004 4.5000000000000009
decision_type=2 2 2 2 2 2 2 2 2 2 2 2 2 2 2 2
left_child=2 4 6 -3 7 9 8 -2 11 10 13 -1 -9 -4 -8 -15
right_child=1 3 5 -5 -6 -7 14 12 -10 -11 -12 -13 -14 15 -16 -17
leaf_value=-0.23746618493660954 0.027199081746379392 0.39554611283671104 -0.11213504531893562 0.22466166747744962 0.20238190196895856 0.058303653431691881 -0.12262568940202544 0.092707540945620837 -0.1228357037545971 0.010404059322013695 0 -0.17970840150019493 0.16112094633748228 -0.068006383974106868 -0.064952328974602125 -0.026424383980512341
leaf_weight=12.999999999999998 10.332579255104063 26.289499282836914 7.9999999999999956 17.957687377929688 23.331178665161133 12.714841365814207 20.419999361038212 12.006787180900576 22.599999904632568 11.892760038375853 5.2852940559387198 63.199999809265137 11.06334865093231 19.199999809265144 7.7599997520446768 6.1599998474121085
leaf_count=13 6 5 8 5 7 6 16 6 22 9 4 62 5 18 6 5
internal_value=0.0019063 0.223939 -0.115668 0.327484 0.142181 -0.0236307 -0.161076 0.0984465 -0.175441 -0.0453426 -0.0639266 -0.190306 0.127946 -0.0742488 -0.108723 -0.0600936
internal_weight=291.214 100.981 190.233 44.2472 56.7339 63.2529 126.98 33.4027 98.8 50.5381 38.6453 76.2 23.0701 33.36 28.18 25.36
internal_count=203 34 169 10 24 50 119 17 97 44 35 75 11 31 22 23
is_linear=0
shrinkage=0.0283266


Tree=56
num_leaves=18
num_cat=0
split_feature=4 10 0 9 9 6 2 2 5 4 16 0 2 11 16 0 6
split_gain=9067.28 982.516 972.154 266.876 185.517 129.308 63.9859 61.275 56.9923 52.402 49.4856 29.3877 27.1508 9.18015 4.2864 4.07464 0.974141
threshold=63.500000000000007 51.000000000000007 27.166666666666668 11.500000000000002 4.5000000000000009 3.5000000000000004 8.5000000000000018 53.500000000000007 -5.4299754299754301 53.000000000000007 26.988571428571436 18.833333333333339 33.500000000000007 1.0000000180025095e-35 26.210714285714293 33.166666666666679 8.5000000000000018
decision_type=2 2 2 2 2 2 2 2 2 2 2 2 2 2 2 2 2
left_child=2 3 4 7 6 12 13 8 -2 15 -5 16 14 -1 -4 -7 -6
right_child=1 -3 5 10 11 9 -8 -9 -10 -11 -12 -13 -14 -15 -16 -17 -18
leaf_value=-0.21159654551208698 0.023139019956524991 0.36069667250578402 -0.027850285991966213 0.2507551702039042 -0.13532268050447496 -0.019314963454085541 -0.13935259981302836 0.15397653741456546 0.11796693305717415 0.070787648629589653 0.17169960340751733 -0.064109796960807 0 -0.1661088413005358 -0.080543328927347113 0.0079484831005411476 -0.084984277715869971
leaf_weight=34 11.947963714599609 27.571715354919434 5.2999999523162904 20.886398077011108 16.799999713897709 7.7199997901916522 40.299999952316284 15.064070940017698 11.918552041053772 13.785972833633421 19.794642925262451 18.559999465942383 7.1221718788146964 23.799999713897705 15.999999999999998 7.4052939414978027 8.319999694824217
leaf_count=34 7 6 5 5 15 6 40 6 6 6 6 15 6 22 16 5 6
internal_value=0.00309535 0.213326 -0.109798 0.161568 -0.149629 -0.0103298 -0.172032 0.105668 0.0728282 0.030639 0.21368 -0.098033 -0.0539447 -0.193843 -0.0700377 -0.00231756 -0.120875
internal_weight=306.297 107.183 199.113 79.6116 141.78 57.3334 98.1 38.9306 23.8665 28.9113 40.681 43.68 28.4222 57.8 21.3 15.1253 25.12
internal_count=212 36 176 30 132 44 96 19 13 17 11 36 27 56 21 11 21
is_linear=0
shrinkage=0.0283266


Tree=57
num_leaves=20
num_cat=0
split_feature=4 17 0 9 9 6 0 0 17 26 1 5 23 6 23 6 0 8 5
split_gain=8567.89 947.504 917.927 281.332 174.366 122.921 95.7204 55.9322 42.8918 41.1615 29.4743 24.0368 9.36167 9.22126 5.02229 3.44791 1.41727 6.87785 0.639712
threshold=63.500000000000007 11.640000000000002 27.166666666666668 6.5000000000000009 4.5000000000000009 12.500000000000002 62.000000000000007 10.833333333333334 34.375000000000007 9.5000000000000018 23.500000000000004 -5.4299754299754301 42.500000000000007 12.500000000000002 32.785714285714292 -9.4999999999999982 5.8333333333333348 0.88444444444444448 -32.738095238095234
decision_type=2 2 2 2 2 2 2 2 2 2 2 2 2 2 2 2 2 2 2
left_child=2 -2 4 8 7 9 -5 16 -3 12 -6 -10 15 -8 -11 -4 -1 -18 -9
right_child=1 3 5 6 10 -7 13 18 11 14 -12 -13 -14 -15 -16 -17 17 -19 -20
leaf_value=-0.22337886690210454 0.39672065850460986 0.13906048755867492 -0.10440906815211419 0.14634088868830056 -0.11527221326468011 0.058243106402162736 0.20368247718913837 -0.15848245525697993 0.019467953860347931 -0.012581185952119153 -0.05719716197426792 0.095473314740547072 -0.02060619311680327 0.26301928486050796 0.020137159216322122 -0.051965487885910433 -0.19663937154994743 -0.14757061130811319 -0.11946812967459534
leaf_weight=13.299999952316282 18.058811187744141 13.862713217735289 4.9999999999999991 18.828054308891296 27.719999313354492 14.995384454727171 18.823579549789429 18 8.4321267604827863 7.4599997997283918 15.959999561309813 9.7466062307357806 8.5610859394073469 19.431451797485352 7.0169682502746582 14.29999995231629 24 18.499999761581421 24.299999952316284
leaf_count=13 4 6 5 6 23 7 6 18 5 6 13 5 8 4 4 14 24 17 24
internal_value=0.00299377 0.207358 -0.106742 0.168342 -0.145447 -0.0100578 0.20695 -0.167192 0.0978099 -0.0355588 -0.0953289 0.0632764 -0.0557356 0.235306 0 -0.0684442 -0.188769 -0.176606 -0.137398
internal_weight=306.297 107.183 199.113 89.1245 141.78 57.3334 57.0831 98.1 32.0414 42.3381 43.68 18.1787 27.8611 38.255 14.477 19.3 55.8 42.5 42.3
internal_count=212 36 176 32 132 44 16 96 16 37 36 10 27 10 10 19 54 41 42
is_linear=0
shrinkage=0.0283266


Tree=58
num_leaves=17
num_cat=0
split_feature=4 12 0 9 9 6 0 28 2 13 4 2 19 11 16 26
split_gain=8097.53 900.084 866.782 285.533 164.22 116.299 85.7067 67.9165 56.2528 55.1225 25.9187 24.4997 12.7947 7.55407 3.52809 2.23625
threshold=63.500000000000007 51.000000000000007 27.166666666666668 6.5000000000000009 4.5000000000000009 3.5000000000000004 62.000000000000007 90.981428571428594 8.5000000000000018 24.683571428571433 19.500000000000004 33.500000000000007 24.130000000000003 1.0000000180025095e-35 26.210714285714293 14.500000000000002
decision_type=2 2 2 2 2 2 2 2 2 2 2 2 2 2 2 2
left_child=2 3 4 7 8 11 -5 12 13 -7 -6 14 -2 -1 -4 -11
right_child=1 -3 5 6 10 9 -8 -9 -10 15 -12 -13 -14 -15 -16 -17
leaf_value=-0.20007049062757631 0.016818642657880762 0.36504497655095686 -0.026137162040867367 0.14219696422064859 -0.122676403034451 0.065230161853118543 0.22845747605568353 0.14544659466872883 -0.13154406588440784 0 -0.068695897801322667 0 0.073615955881571243 -0.15659987185700014 -0.076382766415133169 -0.022291059024763495
leaf_weight=34 8.6696833372116142 21.999050140380859 5.2999999523162904 18.828054308891296 18.359999656677246 15.771266937255861 34.853976011276245 11.51131224632263 40.299999952316284 6.7199997901916486 25.319999217987061 7.1221718788146964 11.321267008781431 23.799999713897705 15.999999999999998 6.4199998378753662
leaf_count=34 5 5 5 6 16 7 9 5 40 5 20 6 6 22 16 5
internal_value=0.00289371 0.201574 -0.103782 0.158684 -0.141394 -0.00980051 0.199253 0.087771 -0.162521 0.0289897 -0.0926651 -0.0511995 0.0517606 -0.183146 -0.0664854 -0.0103154
internal_weight=306.297 107.183 199.113 85.1843 141.78 57.3334 53.682 31.5023 98.1 28.9113 43.68 28.4222 19.991 57.8 21.3 13.14
internal_count=212 36 176 31 132 44 15 16 96 17 36 27 11 56 21 10
is_linear=0
shrinkage=0.0283266


Tree=59
num_leaves=16
num_cat=0
split_feature=1 13 2 2 5 2 7 7 1 7 2 1 19 1 8
split_gain=7653.16 1109.48 514.037 210.669 181.8 90.9817 62.3549 43.5404 40.6374 30.4249 20.351 15.8602 14.8867 11.507 6.8561
threshold=53.000000000000007 23.754285714285718 13.500000000000002 53.500000000000007 -5.4299754299754301 25.500000000000004 4.5000000000000009 2.5000000000000004 59.500000000000007 2.5000000000000004 3.5000000000000004 28.500000000000004 24.130000000000003 39.000000000000007 0.88444444444444448
decision_type=2 2 2 2 2 2 2 2 2 2 2 2 2 2 2
left_child=2 -2 6 4 12 7 10 -4 -6 -7 -1 -9 -3 -11 -12
right_child=1 3 5 -5 8 9 -8 11 -10 13 14 -13 -14 -15 -16
leaf_value=-0.2145784821530006 0.30588788849866094 -0.014580240144913069 -0.11229043164914614 0.18211519816542152 0.074195297397379428 -0.047129956940003839 -0.10837918742319948 -0.068788547747056436 0.14871650999671046 -0.015980528972508103 -0.17516428667911194 -0.0098652454045793595 0.032887464241941514 0.030692244658563017 -0.13685664043136608
leaf_weight=13.999999999999998 37.019587516784668 6.4615384340286282 24.899999856948853 29.267827987670898 12.944343805313109 16.299999952316288 23.119999408721924 16.959999561309818 23.382352948188782 7.1599998474121085 36 7.7199997901916495 14.486425280570982 8.3747057914733869 28.199999809265137
leaf_count=14 8 5 24 10 6 16 19 14 8 6 36 6 8 5 27
internal_value=0.00279877 0.175161 -0.113449 0.118584 0.0851375 -0.0593415 -0.156375 -0.0837041 0.123701 -0.0196541 -0.169849 -0.0526028 0.0156088 0.00562748 -0.159214
internal_weight=306.297 123.562 182.735 86.5425 57.2747 81.4147 101.32 49.58 36.3267 31.8347 78.2 24.68 20.948 15.5347 64.2
internal_count=212 45 167 37 27 71 96 44 14 27 77 20 13 11 63
is_linear=0
shrinkage=0.0283266


Tree=60
num_leaves=20
num_cat=0
split_feature=4 17 0 9 9 6 0 0 17 11 1 5 27 6 0 6 21 4 5
split_gain=7234.83 830.307 770.574 235.767 147.04 107.281 76.1248 46.7327 36.1844 30.9738 24.8674 21.9101 7.98544 7.66227 4.5721 2.71611 1.65695 1.23925 0.217714
threshold=63.500000000000007 11.640000000000002 27.166666666666668 6.5000000000000009 4.5000000000000009 12.500000000000002 62.000000000000007 10.833333333333334 34.375000000000007 6.5000000000000009 21.500000000000004 -5.4299754299754301 38.70000000000001 12.500000000000002 35.333333333333336 -9.4999999999999982 0.27428571428571435 27.500000000000004 -32.738095238095234
decision_type=2 2 2 2 2 2 2 2 2 2 2 2 2 2 2 2 2 2 2
left_child=2 -2 4 8 7 9 -5 16 -3 12 -6 -10 15 -8 -11 -4 -1 -12 -9
right_child=1 3 5 6 10 -7 13 18 11 14 17 -13 -14 -15 -16 -17 -18 -19 -20
leaf_value=-0.19589295859596381 0.36785884471412428 0.12719373446633442 -0.097910233281107345 0.13427252740838283 -0.11157861602372279 0.054257909131664769 0.18498115167385978 -0.14585963445772621 0.015061016748561407 -0.017831180122383078 -0.070988503730351205 0.087475511727500788 -0.019048703647130207 0.2410963236143491 0.012471812588313072 -0.047529130237589236 -0.15670942293490189 -0.032198723396599134 -0.10890948414161307
leaf_weight=22.599999904632568 18.058811187744141 13.862713217735289 4.9999999999999991 18.828054308891296 22.259999513626099 14.995384454727171 18.823579549789429 18 8.4321267604827863 7.4599997997283927 13.659999608993532 9.7466062307357806 8.5610859394073469 19.431451797485352 8.3169682025909406 13.000000000000005 33.199999809265137 7.7599997520446768 24.299999952316284
leaf_count=22 4 6 5 6 19 7 6 18 5 6 11 5 8 4 5 13 32 6 24
internal_value=0.00269386 0.190502 -0.0981292 0.153921 -0.133596 -0.00945559 0.189335 -0.153625 0.08908 -0.0333315 -0.0873314 0.0569421 -0.0520213 0.214965 0 -0.0646226 -0.17359 -0.0595286 -0.125959
internal_weight=306.297 107.183 199.113 89.1245 141.78 57.3334 57.0831 98.1 32.0414 42.3381 43.68 18.1787 26.5611 38.255 15.777 18 55.8 21.42 42.3
internal_count=212 36 176 32 132 44 16 96 16 37 36 10 26 10 11 18 54 17 42
is_linear=0
shrinkage=0.0283266


Tree=61
num_leaves=17
num_cat=0
split_feature=4 12 0 9 9 6 0 28 2 2 6 0 5 11 6 6
split_gain=6838.24 789.999 727.644 242.161 138.199 101.51 68.1612 57.0128 47.3298 29.7731 23.4123 21.333 12.69 6.17542 2.16143 1.33559
threshold=63.500000000000007 51.000000000000007 27.166666666666668 6.5000000000000009 4.5000000000000009 12.500000000000002 62.000000000000007 90.981428571428594 8.5000000000000018 33.500000000000007 4.5000000000000009 18.833333333333339 -23.095238095238088 1.0000000180025095e-35 -9.4999999999999982 8.5000000000000018
decision_type=2 2 2 2 2 2 2 2 2 2 2 2 2 2 2 2
left_child=2 3 4 7 8 9 -5 12 13 10 14 15 -2 -1 -4 -6
right_child=1 -3 5 6 11 -7 -8 -9 -10 -11 -12 -13 -14 -15 -16 -17
leaf_value=-0.18441130417998722 0.011565820870312478 0.33841765179381605 -0.090592806691690134 0.13047034400318633 -0.11834944013449641 0.052721625886353644 0.20878734815385411 0.13243008043822446 -0.1205006390008385 0.00337243951463332 0 -0.055015085715485128 0.067150765869027157 -0.14327346348837874 -0.047433089097164177 -0.070776815265126553
leaf_weight=34 8.5678733587265032 21.999050140380859 6.0000000000000027 18.828054308891296 16.799999713897709 14.995384454727171 34.853976011276245 11.51131224632263 40.299999952316284 10.892760038375853 7.8452939987182608 18.559999465942383 11.423076987266542 23.799999713897705 17.599999904632572 8.319999694824217
leaf_count=34 5 5 6 6 15 7 9 5 40 8 6 15 6 22 17 6
internal_value=0.00260235 0.185195 -0.0954133 0.144954 -0.129879 -0.00921541 0.182367 0.0794218 -0.149322 -0.032462 -0.0466301 -0.0849302 0.0461023 -0.168446 -0.0607683 -0.104814
internal_weight=306.297 107.183 199.113 85.1843 141.78 57.3334 53.682 31.5023 98.1 42.3381 31.4453 43.68 19.991 57.8 23.6 25.12
internal_count=212 36 176 31 132 44 15 16 96 37 29 36 11 56 23 21
is_linear=0
shrinkage=0.0283266


Tree=62
num_leaves=18
num_cat=0
split_feature=1 13 2 0 7 7 0 6 6 19 7 2 1 2 5 12 6
split_gain=6474.58 959.318 431.299 235.884 104.111 89.3977 77.1694 63.0836 33.6072 31.9528 23.3728 12.4726 9.72518 5.6982 4.9272 3.05651 2.12807
threshold=53.000000000000007 23.64357142857143 13.500000000000002 58.666666666666679 8.5000000000000018 -11.499999999999998 31.500000000000004 3.5000000000000004 -1.0000000180025095e-35 25.840000000000003 8.5000000000000018 3.5000000000000004 59.500000000000007 24.500000000000004 -5.4299754299754301 7.5000000000000009 7.5000000000000009
decision_type=2 2 2 2 2 2 2 2 2 2 2 2 2 2 2 2 2
left_child=2 -2 7 4 9 -5 10 11 14 -3 13 -1 -11 16 -8 -10 -4
right_child=1 3 6 5 -6 -7 8 -9 15 12 -12 -13 -14 -15 -16 -17 -18
leaf_value=-0.19725505903147428 0.3056459831735801 -0.023533604903679704 -0.093731251516048775 0.083682062780347496 0.11928496572855862 0.1813114691753642 -0.076248554741499497 -0.098535483552323 0.026243994062475118 0.015194501926032396 -0.017429023144851997 -0.14814071165250692 0.066401247339108238 -0.047956893571610704 -0.015202469626633481 0 -0.044390001016068617
leaf_weight=13.999999999999998 28.732938289642334 6.2239818572998074 33.099999666213989 12.364975571632383 18.024434328079224 38.740633010864258 5 25.119999408721924 8.0747058391571027 8.9886876344680804 7.7599997520446768 62.199999809265137 10.486425280570982 10.599999904632567 5.0000000000000018 6.4199998378753653 5.4599997997283927
leaf_count=14 6 5 31 6 6 12 5 21 5 5 6 61 5 10 5 5 4
internal_value=0.00252063 0.161071 -0.104388 0.116664 0.0661528 0.158785 -0.0547298 -0.143738 -0.0100145 0.0267177 -0.0729985 -0.157905 0.045616 -0.0806429 -0.0512769 0.0146525 -0.088186
internal_weight=306.297 123.562 182.735 94.8291 43.7235 51.1056 81.4147 101.32 24.4947 25.6991 56.92 76.2 19.4751 49.16 10 14.4947 38.56
internal_count=212 45 167 39 21 18 71 96 20 15 51 75 10 45 10 10 35
is_linear=0
shrinkage=0.0283266


Tree=63
num_leaves=16
num_cat=0
split_feature=1 13 2 15 2 0 7 0 5 1 9 2 6 16 8
split_gain=5779.62 912.97 423.46 195.255 76.8533 73.4736 53.2328 51.6927 39.1927 36.3408 16.2959 11.4967 11.2278 6.8421 1.89803
threshold=53.000000000000007 23.64357142857143 13.500000000000002 -10.960960960960962 21.500000000000004 58.666666666666679 4.5000000000000009 62.000000000000007 14.718614718614722 40.500000000000007 4.5000000000000009 3.5000000000000004 7.5000000000000009 26.905714285714286 0.88444444444444448
decision_type=2 2 2 2 2 2 2 2 2 2 2 2 2 2 2
left_child=2 -2 6 7 10 8 11 -3 -5 12 -4 -1 -6 -11 -13
right_child=1 3 4 5 9 -7 -8 -9 -10 13 -12 14 -14 -15 -16
leaf_value=-0.19368417515961736 0.29699001955088228 0 -0.10094458960244476 0.054037822269042884 -0.055233069637001163 0.16457517263184065 -0.095075389437125471 0.082815781692946178 0.13103399492636469 -0.0032702028458068198 -0.053028081181068665 -0.15732590502572175 -0.0023067333901385335 0.029581896979500123 -0.12281581755498004
leaf_weight=12.999999999999998 28.732938289642334 12.280542850494387 20 13.418551921844484 17.599999904632572 36.909355401992798 22.119999408721924 10.079185724258421 15.059728384017943 7.2852940559387198 18.119999408721924 36 6.7199997901916495 8.0894117355346662 24.899999856948853
leaf_count=13 6 9 20 6 17 12 18 5 5 6 14 36 5 6 24
internal_value=0.00267572 0.157258 -0.100588 0.110854 -0.0503571 0.135877 -0.140714 0.0351881 0.0967148 -0.0208453 -0.07963 -0.153617 -0.0428846 0.0104277 -0.144138
internal_weight=290.315 116.48 173.835 87.7474 77.8147 65.3876 96.02 22.3597 28.4783 39.6947 38.12 73.9 24.32 15.3747 60.9
internal_count=202 43 159 37 68 23 91 14 11 34 34 73 22 12 60
is_linear=0
shrinkage=0.0283266


Tree=64
num_leaves=16
num_cat=0
split_feature=1 13 2 15 2 19 18 7 1 9 8 2 16 21 8
split_gain=5461.49 861.019 399.319 184.371 72.3705 60.6841 60.4901 49.8248 34.3563 15.0841 10.4383 10.2385 6.49956 5.75095 1.24534
threshold=53.000000000000007 23.64357142857143 13.500000000000002 -10.960960960960962 21.500000000000004 65.670000000000016 579.43285714285719 4.5000000000000009 40.500000000000007 4.5000000000000009 1.220940550133097 3.5000000000000004 26.905714285714286 0.31500000000000006 0.88444444444444448
decision_type=2 2 2 2 2 2 2 2 2 2 2 2 2 2 2
left_child=2 -2 7 6 9 -5 13 11 10 -4 -6 -1 -10 -3 -13
right_child=1 3 4 5 8 -7 -8 -9 12 -11 -12 14 -14 -15 -16
leaf_value=-0.18820048037003145 0.28857918090903983 -0.023922279143487369 -0.098086092550201093 0.15331387987688855 -0.053669075238889724 0.087376343280823207 0.094873974520528065 -0.092383011914692836 -0.0031776509900583315 -0.051526509874395721 -0.0022414532856770081 -0.15287019551215106 0.028744608431353406 0.012944524997386913 -0.11933776155018536
leaf_weight=12.999999999999998 28.732938289642334 5.5610859394073513 20 43.479490756988525 17.599999904632572 21.908144950866699 8.2805432081222516 22.119999408721924 7.2852940559387198 18.119999408721924 6.7199997901916495 36 8.0894117355346662 8.5180994272232038 24.899999856948853
leaf_count=13 6 5 20 15 17 8 4 18 6 14 5 36 6 5 24
internal_value=0.00257364 0.152846 -0.0978026 0.107753 -0.0489914 0.132077 0.0341309 -0.136778 -0.0202944 -0.0774161 -0.0417346 -0.149309 0.0100309 0 -0.140081
internal_weight=290.315 116.48 173.835 87.7474 77.8147 65.3876 22.3597 96.02 39.6947 38.12 24.32 73.9 15.3747 14.0792 60.9
internal_count=202 43 159 37 68 23 14 91 34 34 22 73 12 10 60
is_linear=0
shrinkage=0.0283266


Tree=65
num_leaves=17
num_cat=0
split_feature=1 12 0 15 0 7 7 0 4 7 27 6 15 0 0 0
split_gain=5160.92 836.146 355.19 248.929 114.002 59.2715 54.8275 38.4549 36.6907 36.567 14.5181 13.5548 11.2197 11.1448 3.42675 3.30181
threshold=53.000000000000007 51.000000000000007 20.166666666666668 -10.960960960960962 58.666666666666679 1.0000000180025095e-35 1.5000000000000002 33.166666666666679 73.500000000000014 8.5000000000000018 10.4 9.5000000000000018 -35.499999999999993 7.5000000000000009 35.333333333333336 30.000000000000004
decision_type=2 2 2 2 2 2 2 2 2 2 2 2 2 2 2 2
left_child=2 3 6 8 9 12 10 15 -2 -5 -1 -6 -4 -8 -14 -7
right_child=1 -3 5 4 11 7 13 -9 -10 -11 -12 -13 14 -15 -16 -17
leaf_value=-0.16458736023662082 -0.0040992916472192597 0.30725689854963639 -0.11527998472909305 0.049456992284299769 0.14030631944788571 -0.042039176010562111 -0.13815998073098182 0.028960952395865946 0.06118690586010897 0.12387543481032792 -0.12340247465129103 0.1942252840076997 -0.064172849291378856 -0.086720944778726994 -0.016285029526045557 -0.0060957401199063493
leaf_weight=31.299999952316284 10.61764693260193 21.999050140380859 6.0000000000000027 13.418551921844484 19.226071357727051 16.519999504089359 9.2999999523162824 10.934705734252928 14.185520648956297 15.059728384017943 34 21.973733186721802 16.000000000000004 37.919999122619629 4.9999999999999991 6.8599998950958243
leaf_count=31 8 5 6 6 7 13 9 7 7 5 34 5 16 32 5 6
internal_value=0.0024737 0.148558 -0.0950959 0.111003 0.138676 -0.0389204 -0.125212 -0.01223 0.0310185 0.0907695 -0.144004 0.170431 -0.0707847 -0.0980394 -0.0554099 -0.0338602
internal_weight=290.315 116.48 173.835 94.4813 69.6781 61.3147 112.52 34.3147 24.8032 28.4783 65.3 41.1998 27 47.22 21 23.38
internal_count=202 43 159 38 23 53 106 26 15 11 65 12 27 41 21 19
is_linear=0
shrinkage=0.0283266


Tree=66
num_leaves=16
num_cat=0
split_feature=1 12 2 15 19 2 7 1 1 6 9 6 2 16 8
split_gain=4877.58 788.468 357.015 235.228 88.4101 63.9195 43.8833 34.8611 30.6284 24.9496 13.0856 8.99769 8.79352 6.00368 1.13492
threshold=53.000000000000007 51.000000000000007 13.500000000000002 -10.960960960960962 65.670000000000016 21.500000000000004 4.5000000000000009 73.500000000000014 40.500000000000007 12.500000000000002 4.5000000000000009 7.5000000000000009 3.5000000000000004 26.905714285714286 0.78174603174603186
decision_type=2 2 2 2 2 2 2 2 2 2 2 2 2 2 2
left_child=2 3 6 7 9 10 12 -2 11 -5 -4 -7 -1 -10 -14
right_child=1 -3 5 4 -6 8 -8 -9 13 -11 -12 -13 14 -15 -16
leaf_value=-0.17838482094485597 0 0.29855590250598824 -0.092518491141854647 0.13180557771605858 0.08217044150041064 -0.050565087422602725 -0.087225474212588208 0.063434405873493263 -0.0032042805430113966 0.18829189395183366 -0.048388600905912141 -0.0020390456413208699 -0.14874109627304219 0.027392281370367838 -0.1166363411988396
leaf_weight=12.999999999999998 12.280542850494387 21.999050140380859 20 26.79130220413208 21.908144950866699 17.599999904632572 22.119999408721924 12.522624731063841 7.2852940559387198 20.9786376953125 18.119999408721924 6.7199997901916495 28 8.0894117355346662 32.899999856948853
leaf_count=13 9 5 20 10 8 17 18 6 6 5 14 5 28 6 32
internal_value=0.00238216 0.144405 -0.092466 0.107909 0.134817 -0.0462526 -0.129336 0.0300771 -0.0191643 0.157791 -0.0730027 -0.0394321 -0.141185 0.00930646 -0.132319
internal_weight=290.315 116.48 173.835 94.4813 69.6781 77.8147 96.02 24.8032 39.6947 47.7699 38.12 24.32 73.9 15.3747 60.9
internal_count=202 43 159 38 23 68 91 15 34 15 34 22 73 12 60
is_linear=0
shrinkage=0.0283266


Tree=67
num_leaves=14
num_cat=0
split_feature=1 13 2 15 2 19 1 7 1 7 8 6 16
split_gain=4609.45 746.284 336.623 150.249 60.1741 47.8205 42.4266 41.1431 28.9603 11.3989 9.42556 8.34577 5.70368
threshold=53.000000000000007 23.64357142857143 13.500000000000002 -10.960960960960962 21.500000000000004 65.670000000000016 73.500000000000014 5.5000000000000009 40.500000000000007 5.5000000000000009 0.52272727272727282 7.5000000000000009 26.905714285714286
decision_type=2 2 2 2 2 2 2 2 2 2 2 2 2
left_child=2 -2 7 6 9 -5 -3 10 11 -4 -1 -6 -10
right_child=1 3 4 5 8 -7 -8 -9 12 -11 -12 -13 -14
leaf_value=-0.16916752106961863 0.26678032110551414 0 -0.08350956326549952 0.13941587959617455 -0.049133274576037819 0.079843517012716914 0.074671692313742946 -0.081777569748350765 -0.0031135950899860544 -0.037768720894454072 -0.12678126626093966 -0.0019813415466139262 0.026616967759831002
leaf_weight=15.999999999999998 28.732938289642334 12.280542850494387 26.459999799728394 43.479490756988525 17.599999904632572 21.908144950866699 10.079185724258421 19.81999945640564 7.2852940559387198 11.659999608993528 60.199999809265137 6.7199997901916495 8.0894117355346662
leaf_count=16 6 9 25 15 17 8 5 16 6 9 59 5 6
internal_value=0.00228842 0.140357 -0.0899105 0.0983139 -0.0450032 0.120311 0.0315002 -0.125723 -0.018661 -0.0709765 -0.13642 -0.0383798 0.00894136
internal_weight=290.315 116.48 173.835 87.7474 77.8147 65.3876 22.3597 96.02 39.6947 38.12 76.2 24.32 15.3747
internal_count=202 43 159 37 68 23 14 91 34 34 75 22 12
is_linear=0
shrinkage=0.0283266


Tree=68
num_leaves=18
num_cat=0
split_feature=1 12 2 15 0 0 18 9 9 8 11 6 2 16 8 6 1
split_gain=4355.28 718.518 317.246 211.72 99.0042 57.0258 53.8643 37.212 30.4121 29.1004 12.0286 8.3006 7.81369 6.48861 4.56409 1.17291 1.02194
threshold=53.000000000000007 51.000000000000007 13.500000000000002 -10.960960960960962 58.666666666666679 31.500000000000004 579.43285714285719 3.5000000000000004 13.500000000000002 0.84558093346573993 8.5000000000000018 9.5000000000000018 5.5000000000000009 26.905714285714286 0.74537037037037046 8.5000000000000018 27.500000000000004
decision_type=2 2 2 2 2 2 2 2 2 2 2 2 2 2 2 2 2
left_child=2 3 7 6 8 10 14 12 -5 -7 -4 -6 -1 -11 -2 -9 -12
right_child=1 -3 5 4 11 9 -8 15 -10 13 16 -13 -14 -15 -16 -17 -18
leaf_value=-0.15485483339510922 -0.016793537929205241 0.28360983930527295 -0.071713452383890777 0.048799152515549934 0.12952750633274746 -0.055739760233553017 0.086547705316121271 -0.099496053711261315 0.11754861370718767 0 -0.053313375076277751 0.17796068681014454 -0.11942615080293996 0.032556430405205221 0.012696812001844847 -0.05765358579680642 -0.020025667169706714
leaf_weight=28.299999952316284 8.2420815229415947 21.999050140380859 35.459999799728394 15.454751014709474 19.226071357727051 7.0000000000000027 8.2805432081222516 16.499999761581424 13.023529291152952 10.405293941497805 6.1999998092651394 21.973733186721802 41.899999856948853 7.0894117355346671 8.280542850494383 9.319999694824217 11.659999608993528
leaf_count=28 6 5 34 7 7 7 4 15 4 8 5 5 41 5 5 7 9
internal_value=0.00219731 0.136411 -0.0874182 0.101535 0.127068 -0.0437891 0.0275666 -0.122195 0.0821986 -0.00546975 -0.0603537 0.156724 -0.134509 0.0115002 0 -0.0865502 -0.0346891
internal_weight=290.315 116.48 173.835 94.4813 69.6781 77.8147 24.8032 96.02 28.4783 24.4947 53.32 41.1998 70.2 17.4947 16.5226 25.82 17.86
internal_count=202 43 159 38 23 68 15 91 11 20 48 12 69 13 11 22 14
is_linear=0
shrinkage=0.0283266


Tree=69
num_leaves=18
num_cat=0
split_feature=1 12 2 15 0 2 18 7 7 7 0 9 6 2 8 6 8
split_gain=4116.88 677.352 299.175 199.803 92.9359 54.2446 50.8582 36.5855 32.0093 26.0665 14.4763 11.2153 7.24293 7.20387 4.30938 1.57065 1.00581
threshold=53.000000000000007 51.000000000000007 13.500000000000002 -10.960960960960962 58.666666666666679 21.500000000000004 579.43285714285719 4.5000000000000009 8.5000000000000018 2.5000000000000004 33.166666666666679 4.5000000000000009 9.5000000000000018 3.5000000000000004 0.74537037037037046 1.0000000180025095e-35 0.88444444444444448
decision_type=2 2 2 2 2 2 2 2 2 2 2 2 2 2 2 2 2
left_child=2 3 7 6 8 11 14 13 -5 15 -11 -4 -6 -1 -2 -7 -15
right_child=1 -3 5 4 12 9 -8 -9 -10 10 -12 -13 -14 16 -16 -17 -18
leaf_value=-0.16471426336705999 -0.016318206038263131 0.27557848078447611 -0.085551748197492367 0.041132372314113347 0.12585966126160081 -0.050382148248570686 0.084098011184219529 -0.079733346310549069 0.11079245404956177 -0.020145803477343315 0.026846298134045845 -0.04404703328441701 0.17292113844924498 -0.13312534012892341 0.012337434392045366 -0.013819395457234767 -0.10200589822303083
leaf_weight=12.999999999999998 8.2420815229415947 21.999050140380859 20 13.418551921844484 19.226071357727051 13.000000000000002 8.2805432081222516 22.119999408721924 15.059728384017943 9.4599997997283953 10.934705734252928 18.119999408721924 21.973733186721802 36 8.280542850494383 6.2999999523162833 24.899999856948853
leaf_count=13 6 5 20 6 7 13 4 18 5 8 7 14 5 36 5 6 24
internal_value=0.00212153 0.132615 -0.0850014 0.0987264 0.123537 -0.0426001 0.0267863 -0.118783 0.0799262 -0.0174977 0.00234129 -0.0672829 0.152324 -0.129716 0 -0.0413178 -0.121321
internal_weight=290.315 116.48 173.835 94.4813 69.6781 77.8147 24.8032 96.02 28.4783 39.6947 20.3947 38.12 41.1998 73.9 16.5226 19.3 60.9
internal_count=202 43 159 38 23 68 15 91 11 34 15 34 12 73 11 19 60
is_linear=0
shrinkage=0.0283266


Tree=70
num_leaves=16
num_cat=0
split_feature=0 12 1 13 9 5 0 17 15 26 4 5 2 2 17
split_gain=3388.43 431.711 241.531 152.028 119.609 109.529 79.2839 57.136 26.4661 22.3484 15.9107 6.59828 6.17314 1.93614 0.2717
threshold=40.333333333333343 38.500000000000007 20.500000000000004 23.937857142857151 18.500000000000004 -5.4299754299754301 53.666666666666671 26.255000000000003 -23.623511904761902 7.5000000000000009 35.500000000000007 -9.8780487804878003 7.5000000000000009 43.500000000000007 36.185000000000009
decision_type=2 2 2 2 2 2 2 2 2 2 2 2 2 2 2
left_child=2 5 9 -3 8 7 -7 -2 -4 12 -10 -12 -1 -9 -13
right_child=1 3 4 -5 -6 6 -8 13 10 -11 11 14 -14 -15 -16
leaf_value=-0.13572333869474287 0.073261772120295388 0.23037212407483212 -0.093375449716602915 0.11223491609998566 0.077042593722392402 0.048331807608092948 0.13225163206755433 -0.014874554578773388 -0.057732438532499888 -0.077769981681426292 -0.046106722237741281 -0.011733872424398046 -0.10338952339364973 0.0016687359411682334 0
leaf_weight=44.199999809265137 13.052036285400392 26.33683443069458 14.999999999999998 16.698991060256958 5.5117645263671866 17.50882351398468 26.894541501998901 7.1583709716796902 37.459999322891235 18.359999656677246 7.0000000000000027 5.5599999427795401 29.899999856948853 10.791855216026304 8.9799997806549055
leaf_count=43 6 5 15 5 3 9 9 6 33 16 7 5 29 6 7
internal_value=-0.0029462 0.113443 -0.0834291 0.185839 -0.0460523 0.0713797 0.100417 0.0279964 -0.0559733 -0.114968 -0.0455187 -0.0217026 -0.123432 -0.00185439 -0.00614002
internal_weight=290.413 118.441 171.972 43.0358 79.5118 75.4056 44.4034 31.0023 74 92.46 59 21.54 74.1 17.9502 14.54
internal_count=204 46 158 10 70 36 18 18 67 88 52 19 72 12 12
is_linear=0
shrinkage=0.0283266


Tree=71
num_leaves=17
num_cat=0
split_feature=4 2 10 9 12 1 2 19 23 6 6 20 15 19 11 15
split_gain=3201.58 376.468 305.887 124.203 106.697 65.9082 38.8035 33.7103 27.138 19.5899 15.6047 13.4716 10.4967 6.12132 2.36198 0.486453
threshold=63.500000000000007 19.500000000000004 63.000000000000007 11.500000000000002 23.000000000000004 17.500000000000004 33.500000000000007 25.840000000000003 60.071428571428577 7.5000000000000009 4.5000000000000009 91.425000000000011 -31.97115384615384 75.000000000000014 4.5000000000000009 -12.720588235294114
decision_type=2 2 2 2 2 2 2 2 2 2 2 2 2 2 2 2
left_child=1 5 3 7 6 12 9 -2 -9 13 -7 -5 -1 15 -14 -3
right_child=2 4 -4 11 -6 10 -8 8 -10 -11 -12 -13 14 -15 -16 -17
leaf_value=-0.1480360061310248 0.022710545671476151 -0.074644532831738178 0.24272497703714019 0.11351313493885178 0.094947593840073036 -0.0838511966061639 0.010484358806487031 0.036712539062220689 0.10712124280445347 0 -0.041600442186190668 0.16245166553031543 -0.1122384992507329 -0.0080615140159823861 -0.069514248216884608 -0.042401554516907025
leaf_weight=15.999999999999998 13.417011857032774 9.9999999999999982 15.931345939636229 22.98461651802063 6.4617645740509024 33.899999856948853 14.715837001800535 9.6583709716796893 17.755656361579895 6.9799997806549063 17.119999408721924 20.728614330291748 53.799999713897705 5.2999999523162833 8.759999752044676 16.899999856948856
leaf_count=16 7 10 3 7 3 33 9 5 8 5 13 5 52 5 7 16
internal_value=-0.002865 -0.0714562 0.126245 0.103626 -0.0119735 -0.0987346 -0.0258276 0.0654517 0.0843448 -0.0408758 -0.0707637 0.138004 -0.116189 -0.0502097 -0.107147 -0.0564564
internal_weight=290.413 189.938 100.476 84.5443 60.3576 129.58 53.8958 40.831 27.414 39.18 51.02 43.7132 78.56 32.2 62.56 26.9
internal_count=204 169 35 32 48 121 45 20 13 36 46 12 75 31 59 26
is_linear=0
shrinkage=0.0283266


Tree=72
num_leaves=15
num_cat=0
split_feature=0 17 1 0 7 9 16 13 8 26 4 6 8 7
split_gain=3028.51 392.848 215.324 176.116 123.261 107.702 43.9112 44.0694 24.4787 19.6269 10.7745 8.31793 5.97111 4.37183
threshold=40.333333333333343 2.1250000000000004 20.500000000000004 58.666666666666679 -11.499999999999998 18.500000000000004 26.905714285714286 24.535714285714295 0.7633053221288516 7.5000000000000009 37.500000000000007 9.5000000000000018 0.52272727272727282 2.5000000000000004
decision_type=2 2 2 2 2 2 2 2 2 2 2 2 2 2
left_child=2 -2 9 6 -5 8 -3 -8 -4 12 -10 -6 -1 -12
right_child=1 3 5 4 11 -7 7 -9 10 -11 13 -13 -14 -15
leaf_value=-0.15113032054128969 0.27483836953247959 0 -0.084921686806287311 0.050587886202639501 0.12238865297608928 0.073087614056082745 0.021035910318508252 0.092357536631761453 -0.05106662697845888 -0.073243940370330968 -0.036163206700340546 0.16709091245778726 -0.10914753657439245 -0.00061428692121284236
leaf_weight=11.999999999999998 10.543377399444578 11.742081284523008 18 16.708867073059082 22.525316953659058 5.5117645263671866 14.921719431877134 18.646832466125488 38.459999322891235 18.359999656677246 7.0000000000000027 23.353258371353149 62.099999666213989 10.539999723434446
leaf_count=12 2 8 18 8 8 3 8 7 34 16 7 5 60 8
internal_value=-0.00277683 0.107247 -0.0788753 0.0903427 0.121688 -0.0435188 0.045815 0.0623099 -0.0529563 -0.108678 -0.0416866 0.146368 -0.116705 -0.0179586
internal_weight=290.413 118.441 171.972 107.898 62.5874 79.5118 45.3106 33.5686 74 92.46 56 45.8786 74.1 17.54
internal_count=204 46 158 44 21 70 23 15 67 88 49 13 72 15
is_linear=0
shrinkage=0.0283266


Tree=73
num_leaves=16
num_cat=0
split_feature=0 17 1 0 5 9 5 8 26 27 1 8 8 8 24
split_gain=2862.83 370.279 202.959 166.057 116.011 101.964 58.6844 22.826 18.1489 10.1007 9.71137 7.29869 5.98051 5.19711 2.20429
threshold=40.333333333333343 2.1250000000000004 20.500000000000004 58.666666666666679 -16.228070175438592 18.500000000000004 -5.4299754299754301 0.7633053221288516 7.5000000000000009 24.900000000000002 57.000000000000007 1.1266025641025643 1.1143790849673205 0.52272727272727282 26.667857142857144
decision_type=2 2 2 2 2 2 2 2 2 2 2 2 2 2 2
left_child=2 -2 8 6 -5 7 14 -4 13 -9 -8 -6 -11 -1 -3
right_child=1 3 5 4 11 -7 10 9 -10 12 -12 -13 -14 -15 -16
leaf_value=-0.14685161102988906 0.26705789141545921 0.0081263489820384074 -0.082517005527653745 0.049155454745935419 0.11892278659077717 0.071019706256610055 0.041166804977267733 -0.052931856997199982 -0.071169914448047544 -0.034031928298679334 0.08621932481079532 0.16235910205627635 0 -0.10605607901848846 -0.013733697831291105
leaf_weight=11.999999999999998 10.543377399444578 8.9819003343582136 18 16.708867073059082 22.525316953659058 5.5117645263671866 13.77579188346863 31.159999370574951 18.359999656677246 15.299999952316286 16.328959107398987 23.353258371353149 9.5399997234344465 62.099999666213989 6.2239818572998038
leaf_count=12 2 5 18 8 8 3 7 27 16 15 6 5 7 60 5
internal_value=-0.00269414 0.104272 -0.076687 0.0878382 0.118292 -0.0423257 0.0445423 -0.0515201 -0.105634 -0.0405619 0.0674518 0.142257 -0.0228111 -0.11342 0
internal_weight=290.413 118.441 171.972 107.898 62.5874 79.5118 45.3106 74 92.46 56 30.1048 45.8786 24.84 74.1 15.2059
internal_count=204 46 158 44 21 70 23 67 88 49 13 13 22 72 10
is_linear=0
shrinkage=0.0283266


Tree=74
num_leaves=17
num_cat=0
split_feature=0 12 0 18 6 5 0 2 8 7 2 2 7 6 11 5
split_gain=2706.38 347.209 191.338 133.352 102.425 89.8257 61.2587 40.6282 22.1438 17.5251 6.94423 5.81341 4.8984 2.09421 1.69512 1.28525
threshold=40.333333333333343 38.500000000000007 15.500000000000002 382.40703296703299 12.500000000000002 -5.4299754299754301 53.666666666666671 53.500000000000007 0.84558093346573993 7.5000000000000009 25.500000000000004 5.5000000000000009 8.5000000000000018 4.5000000000000009 -9.4999999999999982 -23.095238095238088
decision_type=2 2 2 2 2 2 2 2 2 2 2 2 2 2 2 2
left_child=2 5 9 -3 8 7 -7 14 15 11 12 -1 -10 -12 -2 -4
right_child=1 3 4 -5 -6 6 -8 -9 10 -11 13 -13 -14 -15 -16 -17
leaf_value=-0.12730655165502405 -0.0079930739905393622 0.11249759726320945 -0.098646164586183471 0.2205196130828237 0.065419294750824267 0.0434127479023435 0.11803164332862105 0.06675451824941199 -0.053304167846247565 -0.059450265358796092 -0.026572165064353209 -0.097068937304024799 -0.011290978953419049 0 0.0086969149011260419 -0.058305910090964613
leaf_weight=31.599999904632568 10.923076868057253 22.086959600448608 10.000000000000002 20.94886589050293 6.0317645072937003 17.50882351398468 26.894541501998901 11.334841847419737 31.519999504089355 11.359999656677244 10.59999990463257 44.499999761581421 6.1999998092651358 6.1599998474121085 8.7443437576293963 13.999999999999998
leaf_count=31 8 6 10 4 3 9 9 5 28 9 10 43 5 5 5 14
internal_value=-0.00261134 0.101386 -0.0745592 0.166389 -0.0430339 0.0635428 0.0898632 0.0240522 -0.052078 -0.104385 -0.0398843 -0.110361 -0.0478662 -0.018613 0 -0.077438
internal_weight=290.413 118.441 171.972 43.0358 84.5118 75.4056 44.4034 31.0023 78.48 87.46 54.48 76.1 37.72 16.76 19.6674 24
internal_count=204 46 158 10 75 36 18 18 72 83 48 74 33 15 13 24
is_linear=0
shrinkage=0.0283266


Tree=75
num_leaves=17
num_cat=0
split_feature=4 0 10 16 12 0 5 2 5 7 0 0 8 12 1 14
split_gain=2558.65 310.392 244.84 95.2097 80.1936 65.4879 45.8702 32.9993 23.8007 16.6923 13.9215 6.83289 3.71509 2.84914 2.84743 1.28395
threshold=63.500000000000007 27.166666666666668 63.000000000000007 25.991428571428575 18.500000000000004 10.833333333333334 -5.4299754299754301 53.500000000000007 -9.8780487804878003 2.5000000000000004 53.666666666666671 45.166666666666679 1.1143790849673205 7.5000000000000009 24.500000000000004 0.15642857142857147
decision_type=2 2 2 2 2 2 2 2 2 2 2 2 2 2 2 2
left_child=1 5 3 -2 8 13 7 -5 15 -7 -8 12 -10 -1 -11 -3
right_child=2 4 -4 6 -6 9 10 -9 11 14 -12 -13 -14 -15 -16 -17
leaf_value=-0.11581813556637782 0.14813675183926153 -0.066204797940170534 0.21733313704808788 0.0014225513551043563 0.07110593966062842 -0.08136568528567345 0.056273960865698039 0.070194885351252567 -0.025099487949261194 -0.056557406637357012 0.10898974108801619 0.01325139407756403 0 -0.066736823130646244 -0.023952227324940633 -0.024730444179803725
leaf_weight=50.799999713897705 20.649458646774292 7.9999999999999982 15.931345939636229 11.947963714599611 9.0228505134582502 44.899999856948853 11.021267056465147 14.419274449348448 11.599999904632574 24.559999465942383 26.506306171417236 9.1547510623931867 7.9799997806549063 6.8599998950958243 10.05999970436096 7
leaf_count=49 5 8 3 7 5 44 5 6 11 21 9 4 6 6 8 7
internal_value=-0.00254564 -0.0638838 0.112854 0.0924975 -0.00438089 -0.0863638 0.0736382 0.0411347 -0.0212259 -0.0678376 0.0949924 -0.0039872 -0.01487 -0.110945 -0.0486849 -0.0505511
internal_weight=290.413 189.938 100.476 84.5443 52.7576 137.18 63.8948 26.3672 43.7348 79.52 37.5276 28.7348 19.58 57.66 34.62 15
internal_count=204 169 35 32 41 128 27 13 36 73 14 21 17 55 29 15
is_linear=0
shrinkage=0.0283266


Tree=76
num_leaves=15
num_cat=0
split_feature=4 2 10 15 11 2 2 18 2 6 11 6 6 19
split_gain=2419.14 285.462 230.435 90.1863 83.5406 59.1574 47.9725 25.9799 24.7581 17.8583 16.6806 14.4928 6.43507 5.39247
threshold=63.500000000000007 19.500000000000004 63.000000000000007 -10.960960960960962 24.500000000000004 48.500000000000007 8.5000000000000018 508.59714285714284 33.500000000000007 4.5000000000000009 4.5000000000000009 7.5000000000000009 18.500000000000004 75.000000000000014
decision_type=2 2 2 2 2 2 2 2 2 2 2 2 2 2
left_child=1 6 3 7 8 -5 10 -2 11 -8 -1 13 -7 -3
right_child=2 4 -4 5 -6 12 9 -9 -10 -11 -12 -13 -14 -15
leaf_value=-0.11282608704322088 0 -0.049395951139899058 0.21117931746492077 0.06350468889772537 0.072605990512644492 0.11080327258617846 -0.075794207951921849 0.062076613836489533 0.0061949078741835584 -0.033312135259438241 -0.06001924882186635 0 0.15575250070756647 -0.0041613413065991504
leaf_weight=53.499999761581421 8.7036199569702166 26.899999856948853 15.931345939636229 22.539366483688354 8.1264705657958967 29.265478134155273 49.499999761581421 9.9773757457733137 13.05113101005554 15.819999456405638 10.759999752044676 6.9799997806549063 14.058429718017576 5.2999999523162833
leaf_count=52 5 26 3 9 3 10 48 5 9 12 9 5 3 5
internal_value=-0.002468 -0.0621158 0.109736 0.0899522 -0.010186 0.105911 -0.0858762 0.030712 -0.0241325 -0.0663555 -0.104851 -0.0356442 0.126685 -0.0436685
internal_weight=290.413 189.938 100.476 84.5443 60.3576 65.8633 129.58 18.681 52.2311 65.32 64.26 39.18 43.3239 32.2
internal_count=204 169 35 32 48 22 121 10 45 60 61 36 13 31
is_linear=0
shrinkage=0.0283266


Tree=77
num_leaves=15
num_cat=0
split_feature=4 26 0 22 12 8 9 0 0 9 9 0 8 26
split_gain=2777.39 444.765 332.298 120.518 66.2123 59.3921 57.3643 19.3338 17.2385 13.7615 9.70004 6.06781 3.237 0.444175
threshold=63.500000000000007 52.500000000000007 27.166666666666668 12.65 23.000000000000004 0.89827586206896559 4.5000000000000009 45.166666666666679 14.16666666666667 4.5000000000000009 10.500000000000002 18.833333333333339 1.0983870967741938 3.5000000000000004
decision_type=2 2 2 2 2 2 2 2 2 2 2 2 2 2
left_child=2 3 6 5 7 -2 8 10 -1 -7 12 -8 -4 -13
right_child=1 -3 4 -5 -6 9 11 -9 -10 -11 -12 13 -14 -15
leaf_value=-0.10607205490517632 0.014405804321481266 0.24274153400833373 -0.036855511671020261 0.14696211845992566 0.083336315834344907 0.050139463059960532 -0.064910095224668909 0.013311246901357071 -0.071968017172181306 0.09757586780961873 0 -0.010747645538120319 -0.0018622765017985718 -0.041203222491079702
leaf_weight=65.099999666213989 14.812217354774473 20.242955684661865 23.299999952316288 24.298675775527954 6.4617645740509024 12.810677051544188 26.419999361038208 13.996380090713499 31 31.014292240142822 8.1052939891815168 6.4599997997283962 6.1599998474121085 12.099999666213987
leaf_count=63 8 4 23 6 3 6 22 7 31 10 6 5 5 10
internal_value=0.00258052 0.122026 -0.0590428 0.0918794 -0.00101 0.0680978 -0.0825177 -0.012661 -0.0956513 0.0849796 -0.0238092 -0.05322 -0.0314157 -0.0335863
internal_weight=302.282 103.179 199.103 82.9359 58.0234 58.6372 141.08 51.5617 96.1 43.825 37.5653 44.98 29.46 18.56
internal_count=209 34 175 30 44 24 131 41 94 16 34 37 28 15
is_linear=0
shrinkage=0.0283266


Tree=78
num_leaves=18
num_cat=0
split_feature=4 12 4 5 12 11 17 23 5 20 27 5 20 4 8 22 17
split_gain=2624.93 402.067 295.774 99.3639 62.2634 51.5962 41.5468 23.2359 22.8853 21.7676 9.69471 6.03022 4.95631 4.93639 3.54177 0.75387 0.602085
threshold=63.500000000000007 51.000000000000007 35.500000000000007 -8.6028323821602228 23.000000000000004 4.5000000000000009 35.455000000000005 21.357142857142858 -9.8780487804878003 91.576428571428593 33.600000000000001 -43.650793650793645 90.642857142857153 27.500000000000004 0.91153470185728258 -0.51357142857142857 65.670000000000016
decision_type=2 2 2 2 2 2 2 2 2 2 2 2 2 2 2 2 2
left_child=2 3 5 6 8 7 -2 11 12 -5 16 -1 -4 -7 -9 -12 -10
right_child=1 -3 4 9 -6 13 -8 14 10 -11 15 -13 -14 -15 -16 -17 -18
leaf_value=-0.12745106358546382 0.068233855473334257 0.22765688977710033 -0.0591756115945202 0.092465786346477244 0.080978033950302925 -0.055561272287018529 0 -0.074720896398403971 -0.025307546713304693 0.14116415259297851 0.00060459520594780577 -0.090804665937490023 -0.014739369137252677 -0.020251975370839632 -0.033137901282922023 0.022969067631814562 -0.0016844738495363641
leaf_weight=13.999999999999998 16.242009878158573 21.999050140380859 8.0000000000000018 35.260590553283691 6.4617645740509024 30.319999217987061 10.230769276618956 10.000000000000002 6.1199998855590847 19.446398258209229 8.1083710193634051 69.399999618530273 8.5610859394073469 9.7999997138977033 10.599999904632567 9.3122172355651838 8.4199998378753644
leaf_count=14 7 5 8 12 3 25 6 10 5 4 4 67 8 8 10 6 7
internal_value=0.00250536 0.118631 -0.0573975 0.08839 -0.000483282 -0.0787266 0.0399748 -0.0899223 -0.0124796 0.110801 0 -0.0976282 -0.0395546 -0.048318 -0.0560223 0.0157343 -0.015433
internal_weight=302.282 103.179 199.103 81.1798 54.9834 144.12 26.4728 104 48.5217 54.707 31.9606 83.4 16.5611 40.12 20.6 17.4206 14.54
internal_count=209 34 175 29 41 134 13 101 38 16 22 81 16 33 20 10 12
is_linear=0
shrinkage=0.0283266


Tree=79
num_leaves=17
num_cat=0
split_feature=4 26 0 15 12 22 9 1 0 9 9 1 8 8 12 21
split_gain=2480.66 405.943 297.255 106.606 59.0035 52.3545 51.0839 17.9247 15.0438 13.4691 9.36687 7.05367 3.31281 0.440862 0.426843 0.349895
threshold=63.500000000000007 52.500000000000007 27.166666666666668 -10.960960960960962 23.000000000000004 12.65 4.5000000000000009 54.500000000000007 14.16666666666667 4.5000000000000009 10.500000000000002 24.500000000000004 1.0983870967741938 0.81087662337662347 10.500000000000002 0.27428571428571435
decision_type=2 2 2 2 2 2 2 2 2 2 2 2 2 2 2 2
left_child=2 3 6 -2 7 9 8 10 15 -5 12 14 -4 -10 -8 -1
right_child=1 -3 4 5 -6 -7 11 -9 13 -11 -12 -13 -14 -15 -16 -17
leaf_value=-0.11940831176334708 0.013183449040366243 0.23067998724477343 -0.036549913392964692 0.045763037916346137 0.078686484530821554 0.13830263207712568 -0.067447690491618945 0.011792756358078511 -0.083576407458896163 0.092264339319143601 0 -0.021894307412861854 -0.0013980299280792236 -0.051732938641751415 -0.038325612972444863 -0.090705452439037978
leaf_weight=19.899999856948853 14.812217354774473 20.242955684661865 22.299999952316288 12.810677051544188 6.4617645740509024 24.298675775527954 20.959999561309814 14.996380090713499 14.000000000000002 31.014292240142822 8.1052939891815168 11.359999656677244 6.1599998474121085 17 12.659999608993528 45.199999809265137
leaf_count=19 8 4 22 6 3 6 18 8 14 10 6 9 5 17 10 44
internal_value=0.00240905 0.115304 -0.0558192 0.0864607 -0.000879676 0.10158 -0.078022 -0.0119311 -0.0904584 0.0799407 -0.0231721 -0.0502142 -0.0308846 -0.0679103 -0.0581341 -0.100339
internal_weight=302.282 103.179 199.103 82.9359 58.0234 68.1236 141.08 51.5617 96.1 43.825 36.5653 44.98 28.46 31 33.62 65.1
internal_count=209 34 175 30 44 22 131 41 94 16 33 37 27 31 28 63
is_linear=0
shrinkage=0.0283266


Tree=80
num_leaves=15
num_cat=0
split_feature=4 26 2 22 11 8 6 2 2 2 6 4 13 2
split_gain=2345.07 382.514 274.903 99.8068 61.7146 49.5972 45.0885 25.2604 24.9018 13.9581 9.28024 3.76711 2.55836 0.739653
threshold=63.500000000000007 52.500000000000007 19.500000000000004 12.65 24.500000000000004 0.89827586206896559 3.5000000000000004 12.500000000000002 36.000000000000007 48.500000000000007 4.5000000000000009 27.500000000000004 24.215714285714288 5.5000000000000009
decision_type=2 2 2 2 2 2 2 2 2 2 2 2 2 2
left_child=2 3 6 5 8 -2 7 13 10 -7 12 -8 -4 -1
right_child=1 -3 4 -5 -6 9 11 -9 -10 -11 -12 -13 -14 -15
leaf_value=-0.11491715914787749 0.012810169770018408 0.22414768466162879 -0.0039890925917091874 0.13438603351633174 0.065916754059484398 0.053800086657646767 -0.054648409060775033 -0.059241755650611815 0.014848592830628863 0.096345676679731262 -0.002860119192903428 -0.018488962303980935 -0.040862205177455896 -0.088236560084812218
leaf_weight=26.299999952316284 14.812217354774473 20.242955684661865 5.2999999523162868 24.298675775527954 8.1264705657958967 20.503167390823364 30.919999122619629 25.899999856948853 13.03167414665222 23.321801900863647 13.305293798446653 8.0199997425079328 25.599999904632568 42.599999904632568
leaf_count=26 8 4 5 6 3 8 25 25 8 8 10 6 25 42
internal_value=0.00232831 0.112099 -0.054281 0.0840688 -0.00575011 0.0622631 -0.0775853 -0.0888944 -0.0168969 0.0777125 -0.027506 -0.0486241 -0.0363277 -0.0992326
internal_weight=302.282 103.179 199.103 82.9359 65.3634 58.6372 133.74 94.8 57.237 43.825 44.2053 38.94 30.9 68.9
internal_count=209 34 175 30 51 24 124 93 48 16 40 31 30 68
is_linear=0
shrinkage=0.0283266


Tree=81
num_leaves=13
num_cat=0
split_feature=1 17 0 8 9 2 7 2 2 8 1 24
split_gain=2218.03 390.584 280.685 94.3512 45.6053 40.3126 37.9937 24.8225 19.2385 6.79517 6.05315 1.8933
threshold=59.500000000000007 11.640000000000002 27.166666666666668 0.86356589147286833 4.5000000000000009 48.500000000000007 12.500000000000002 36.000000000000007 10.500000000000002 1.1143790849673205 27.500000000000004 27.161428571428573
decision_type=2 2 2 2 2 2 2 2 2 2 2 2
left_child=2 -2 4 -3 8 -5 7 9 -1 -4 -6 -9
right_child=1 3 6 5 10 -7 -8 11 -10 -11 -12 -13
leaf_value=-0.096123394693725855 0.23177306429461422 0.003070738780181854 -0.032778927525939389 0.054600329491378684 -0.052113881554626693 0.1098256022468138 0.053983087866854775 0 -0.061684765510589427 0 -0.0087989265190538991 0.025437559405032735
leaf_weight=65.099999666213989 18.058811187744141 11.468325853347777 24.599999904632568 19.254298686981201 38.779999017715454 52.349871158599854 8.7070586681365949 9.4828053712844866 31 8.7199997901916486 6.1999998092651358 8.5610859394073469
leaf_count=63 4 7 24 7 32 15 4 5 31 7 5 5
internal_value=0.00225213 0.110639 -0.0519678 0.0836247 -0.0738027 0.0957534 0 -0.00995739 -0.085594 -0.0250941 -0.0473738 0.0149321
internal_weight=302.282 101.131 201.151 83.0725 141.08 71.6042 60.0709 51.3639 96.1 33.32 44.98 18.0439
internal_count=209 33 176 29 131 22 45 41 94 31 37 10
is_linear=0
shrinkage=0.0283266


Tree=82
num_leaves=13
num_cat=0
split_feature=4 0 0 15 12 2 9 2 2 6 0 8
split_gain=2095.68 341.619 251.723 66.6015 51.7346 44.6194 42.723 19.7531 18.211 6.7687 3.99661 1.45658
threshold=63.500000000000007 89.166666666666671 27.166666666666668 -10.960960960960962 23.000000000000004 48.500000000000007 4.5000000000000009 36.000000000000007 8.5000000000000018 4.5000000000000009 18.833333333333339 0.91153470185728258
decision_type=2 2 2 2 2 2 2 2 2 2 2 2
left_child=2 3 6 -2 7 -5 8 9 -1 -4 -8 -10
right_child=1 -3 4 5 -6 -7 10 -9 11 -11 -12 -13
leaf_value=-0.097163415783183049 0.014943103342588462 0.22007324572752793 -0.03185065502548344 0.050872594593627682 0.073765709592424053 0.10671499959996798 -0.056177356758058968 0.012895469337430026 -0.074816346067566958 0 -0.028684098497161171 -0.046310963419073821
leaf_weight=51.799999713897705 12.368778347969053 17.957001209259033 24.599999904632568 20.503167390823364 6.4617645740509024 52.349871158599854 26.419999361038208 15.996380090713499 28 10.965293884277342 18.559999465942383 16.299999952316284
leaf_count=50 7 4 24 8 3 15 22 9 28 8 15 16
internal_value=0.00219053 0.10597 -0.051314 0.0812643 -0.000680943 0.0917634 -0.0717457 -0.0110902 -0.083186 -0.0234321 -0.0460669 -0.0655833
internal_weight=302.282 103.179 199.103 85.2218 58.0234 72.853 141.08 51.5617 96.1 35.5653 44.98 44.3
internal_count=209 34 175 30 44 23 131 41 94 32 37 44
is_linear=0
shrinkage=0.0283266


Tree=83
num_leaves=15
num_cat=0
split_feature=1 17 0 9 0 7 27 17 6 15 0 17 7 0
split_gain=1981.87 352.897 251.074 79.3477 59.0874 40.2181 24.3992 19.3008 16.5387 16.0434 7.6193 4.95186 2.2383 0.666761
threshold=59.500000000000007 11.640000000000002 31.500000000000004 -10.499999999999998 14.833333333333334 12.500000000000002 54.400000000000006 35.455000000000005 3.5000000000000004 -4.1958041958041914 45.166666666666679 65.670000000000016 8.5000000000000018 7.166666666666667
decision_type=2 2 2 2 2 2 2 2 2 2 2 2 2 2
left_child=2 -2 4 7 8 10 -5 -3 13 -6 11 -4 -11 -1
right_child=1 3 5 6 9 -7 -8 -9 -10 12 -12 -13 -14 -15
leaf_value=-0.10763093234911503 0.21979704524722915 0.049863985876736572 -0.024630417932503607 0.057396763574446841 -0.067245256986772542 0.072166059160113122 0.10688389632349972 -0.00092110929110325243 -0.053506378621724568 -0.036904148667482255 0.012779457573118842 0 -0.0098738271070536194 -0.080739540594870915
leaf_weight=21.599999904632568 18.058811187744141 11.419274091720583 12.299999952316286 16.657013654708862 22 7.1470587253570548 46.564081192016602 8.4321267604827863 21.859999418258667 39.419999361038208 16.043891310691833 7.1199998855590811 9.0599997043609601 44.599999904632568
leaf_count=21 4 5 12 6 22 3 13 5 18 35 8 6 7 44
internal_value=0.00211872 0.104582 -0.0491233 0.0788561 -0.0655811 0.0108144 0.0947265 0.0255166 -0.081842 -0.0444746 -2.88513e-06 -0.0134081 -0.0329943 -0.090358
internal_weight=302.282 101.131 201.151 83.0725 158.54 42.6109 63.2211 19.8514 88.06 70.48 35.4639 19.42 48.48 66.2
internal_count=209 33 176 29 147 29 19 10 83 64 26 18 42 65
is_linear=0
shrinkage=0.0283266


Tree=84
num_leaves=17
num_cat=0
split_feature=4 17 0 5 12 0 0 17 5 11 27 15 29 28 27 14
split_gain=1829.83 342.454 221.224 58.4525 48.5612 38.6172 31.3577 22.4453 19.1036 18.2213 7.653 4.96078 3.4465 2.76481 0.724643 0.452817
threshold=63.500000000000007 11.640000000000002 27.166666666666668 -8.6028323821602228 23.000000000000004 14.833333333333334 62.000000000000007 33.365000000000002 -9.8780487804878003 4.5000000000000009 31.300000000000001 -23.623511904761902 26.95214285714286 90.382142857142881 6.1000000000000005 0.18214285714285719
decision_type=2 2 2 2 2 2 2 2 2 2 2 2 2 2 2 2
left_child=2 -2 5 7 8 9 -5 -3 12 14 -10 -7 -4 -12 -1 -13
right_child=1 3 4 6 -6 11 -8 -9 10 -11 13 15 -14 -15 -16 -17
leaf_value=-0.11287570384111492 0.21357315756968936 0.060210878663504497 -0.0077395876467995653 0.059386919201622181 0.070187156621110317 -0.069348594555087351 0.10906623575719222 0.0013781514541498952 -0.019706250141773705 -0.044629276508648397 0.019359568320437327 -0.039313313422792505 -0.047701735968074747 0 -0.081126883957726631 -0.011020408594978602
leaf_weight=12.299999952316282 18.058811187744141 13.696760892868044 6.5610859394073513 23.123076796531677 6.4617645740509024 9.9999999999999982 37.237003564834595 11.652305960655211 11.019999742507933 15.659999608993528 10.872217178344728 28.959999561309814 10.999999999999998 14.668370962142943 58.499999761581421 6.4599997997283927
leaf_count=12 4 6 6 9 3 10 10 6 9 13 7 26 11 10 57 5
internal_value=0.00374461 0.0997936 -0.0477554 0.0751615 -0.00200113 -0.068354 0.0909585 0.0353534 -0.0116481 -0.0803229 0 -0.0443458 -0.0359249 0.00852987 -0.0874327 -0.0357158
internal_weight=296.231 103.768 192.463 85.7091 60.5834 131.88 60.3601 25.3491 54.1217 86.46 36.5606 45.42 17.5611 25.5406 70.8 35.42
internal_count=204 35 169 31 46 123 19 12 43 82 26 41 17 17 69 31
is_linear=0
shrinkage=0.0283266


Tree=85
num_leaves=15
num_cat=0
split_feature=1 26 2 22 15 6 2 2 0 7 15 9 1 0
split_gain=1713.19 379.247 149.395 97.7648 64.3267 36.0318 16.6835 16.4346 12.797 14.8976 9.85468 5.97824 2.24803 1.90179
threshold=53.000000000000007 52.500000000000007 21.500000000000004 12.65 -8.9898989898989914 3.5000000000000004 12.500000000000002 33.500000000000007 58.666666666666679 8.5000000000000018 -26.393188854489161 9.5000000000000018 24.500000000000004 7.166666666666667
decision_type=2 2 2 2 2 2 2 2 2 2 2 2 2 2
left_child=2 3 5 4 10 6 13 11 9 -6 -2 -4 -7 -1
right_child=1 -3 7 -5 8 12 -8 -9 -10 -11 -12 -13 -14 -15
leaf_value=-0.10565452270848961 -0.020687828857099119 0.19932309648159741 -0.023392103662480755 0.11269540771816475 0.014305454036933653 -0.046065705117892396 -0.052022832781943411 0.023147822156425316 0.080776947342819358 0.062462037787585439 0.018551737092086483 0 -0.015846071770858765 -0.077542060948884509
leaf_weight=19.299999952316284 8.2420815229415911 20.242955684661865 26.459999799728394 25.098223447799683 12.13800883293152 26.319999217987061 25.899999856948853 10.079411745071409 23.674743175506592 18.024434328079224 12.726244330406187 8.405293941497801 9.0199997425079328 50.599999904632568
leaf_count=19 6 4 25 7 6 21 25 7 8 6 7 6 7 50
internal_value=0.00362345 0.0862634 -0.052451 0.0627903 0.0452996 -0.0677751 -0.0774706 -0.00650562 0.0617228 0.0449215 0.000491743 -0.0166655 -0.0399201 -0.0861036
internal_weight=296.231 120.147 176.085 99.9037 74.8055 131.14 95.8 44.9447 53.8372 30.1624 20.9683 34.8653 35.34 69.9
internal_count=204 44 160 40 33 122 94 38 20 12 13 31 28 69
is_linear=0
shrinkage=0.0283266


Tree=86
num_leaves=15
num_cat=0
split_feature=4 17 2 7 5 11 2 17 2 13 17 8 9 12
split_gain=1638.91 313.706 203.187 53.9254 51.2002 28.7581 26.7404 20.4581 20.3013 15.9091 6.09297 3.54577 3.03688 1.25604
threshold=63.500000000000007 11.640000000000002 19.500000000000004 12.500000000000002 -8.6028323821602228 4.5000000000000009 48.500000000000007 33.365000000000002 36.000000000000007 24.965000000000003 4.9450000000000012 0.52272727272727282 9.5000000000000018 13.500000000000002
decision_type=2 2 2 2 2 2 2 2 2 2 2 2 2 2
left_child=2 -2 5 8 7 9 -6 -3 10 11 -4 -1 -12 -7
right_child=1 4 3 -5 6 13 -8 -9 -10 -11 12 -13 -14 -15
leaf_value=-0.10451451329597414 0.20337384613947279 0.05701528935476851 -0.052438850558737767 0.067762647323647687 0.05282955626916782 -0.043783337179199848 0.10077877762197116 0.00069304628492877502 0.010986511567089898 -0.035405332537869004 -0.022040381040162524 -0.073692808797705164 0 -0.012850431089710495
leaf_weight=14.999999999999998 18.058811187744141 13.696760892868044 7.2999999523162833 7.1470587253570548 20.211312174797058 23.259999513626102 40.148768186569214 11.652305960655211 15.996380090713499 12.159999847412108 27.459999799728394 68.099999666213989 9.0199997425079328 7.0199997425079337
leaf_count=15 4 6 7 3 8 20 11 6 9 11 26 66 7 5
internal_value=0.00351925 0.0944287 -0.0452096 -0.00445445 0.0708159 -0.0664941 0.0856459 0.0333114 -0.0140196 -0.0748282 -0.0244186 -0.0799288 -0.0172887 -0.0384407
internal_weight=296.231 103.768 192.463 66.9234 85.7091 125.54 60.3601 25.3491 59.7764 95.26 43.78 83.1 36.48 30.28
internal_count=204 35 169 52 31 117 19 12 49 92 40 81 33 25
is_linear=0
shrinkage=0.0283266


Tree=87
num_leaves=15
num_cat=0
split_feature=4 17 2 7 5 6 2 2 17 2 6 1 17 26
split_gain=1549.62 295.566 192.076 50.9496 47.9861 31.111 24.9221 19.2788 19.1897 14.5331 5.94606 4.11763 2.28679 1.73079
threshold=63.500000000000007 11.640000000000002 19.500000000000004 12.500000000000002 -8.6028323821602228 3.5000000000000004 48.500000000000007 36.000000000000007 33.365000000000002 12.500000000000002 7.5000000000000009 24.500000000000004 4.9450000000000012 7.5000000000000009
decision_type=2 2 2 2 2 2 2 2 2 2 2 2 2 2
left_child=2 -2 5 7 8 9 -6 10 -3 13 12 -7 -4 -1
right_child=1 4 3 -5 6 11 -8 -9 -10 -11 -12 -13 -14 -15
leaf_value=-0.084863607270598121 0.19761501342975582 0.055400999165711354 -0.050954745953823315 0.065844897790606052 0.051333553168593095 -0.043323823068200505 0.097924518565961391 0.010675426201853978 0.00067342402848921473 -0.047437182500591618 0 -0.0062606585538532641 -0.021463289471281961 -0.045007771884525254
leaf_weight=62.599999904632568 18.058811187744141 13.696760892868044 7.2999999523162833 7.1470587253570548 20.211312174797058 26.319999217987061 40.148768186569214 15.996380090713499 11.652305960655211 22.599999904632568 9.5799996852874738 6.7199997901916495 26.899999856948853 7.2999999523162833
leaf_count=62 4 6 7 3 8 21 11 9 6 22 7 5 26 7
internal_value=0.00341194 0.0918149 -0.0439655 -0.00431563 0.0688652 -0.0646608 0.0832462 -0.0136347 0.0324299 -0.073776 -0.0237794 -0.0374603 -0.029382 -0.0814962
internal_weight=296.231 103.768 192.463 66.9234 85.7091 125.54 60.3601 59.7764 25.3491 92.5 43.78 33.04 34.2 69.9
internal_count=204 35 169 52 31 117 19 49 12 91 40 26 33 69
is_linear=0
shrinkage=0.0283266


Tree=88
num_leaves=15
num_cat=0
split_feature=1 12 2 15 0 8 5 0 18 2 8 1 19 10
split_gain=1451.55 318.739 125.451 75.9309 50.1146 30.8551 23.3615 20.1139 19.9591 13.7154 4.86662 4.46181 3.74941 0.350098
threshold=53.000000000000007 51.000000000000007 21.500000000000004 -10.960960960960962 62.000000000000007 0.72902097902097907 -5.4299754299754301 7.166666666666667 508.59714285714284 33.500000000000007 1.1143790849673205 21.500000000000004 24.130000000000003 9.5000000000000018
decision_type=2 2 2 2 2 2 2 2 2 2 2 2 2 2
left_child=2 3 5 8 6 -1 -5 -7 12 10 -4 13 -2 -9
right_child=1 -3 9 4 -6 7 -8 11 -10 -11 -12 -13 -14 -15
leaf_value=-0.085792622847530364 -0.023066384933920821 0.17802097529857264 -0.023234681359628973 0 0.094045469970752416 -0.084918203464221992 0.057233392602200117 -0.053681465179107817 0.045280598368810092 0.020799252318223493 0 -0.028425636743175529 0 -0.020832447883257586
leaf_weight=39 7.2420815229415911 21.999050140380859 22.599999904632568 9.463800907135008 39.29967737197876 15.899999856948851 26.24389123916626 44.999999523162842 8.3144798278808576 10.079411745071409 12.265293836593626 25.079999446868896 7.5837103128433228 6.1599998474121085
leaf_count=39 5 5 22 5 11 15 9 42 4 7 9 21 5 5
internal_value=0.00330666 0.0793887 -0.0482931 0.0567079 0.0706735 -0.062341 0.0433911 -0.0518098 0.00904502 -0.00607172 -0.0154269 -0.0441736 -0.00756182 -0.0508093
internal_weight=296.231 120.147 176.085 98.1476 75.0074 131.14 35.7077 92.14 23.1403 44.9447 34.8653 76.24 14.8258 51.16
internal_count=204 44 160 39 25 122 14 83 14 38 31 68 10 47
is_linear=0
shrinkage=0.0283266


Tree=89
num_leaves=16
num_cat=0
split_feature=1 26 2 22 8 6 2 2 24 13 8 9 1 2 5
split_gain=1372.45 322.208 118.599 77.5559 55.519 29.2154 12.9809 12.7205 8.3179 8.39924 7.28367 4.74648 1.68981 1.33122 0.441491
threshold=53.000000000000007 52.500000000000007 21.500000000000004 12.65 0.89827586206896559 3.5000000000000004 33.500000000000007 12.500000000000002 26.370714285714289 24.427142857142865 0.72902097902097907 9.5000000000000018 24.500000000000004 3.5000000000000004 -9.8780487804878003
decision_type=2 2 2 2 2 2 2 2 2 2 2 2 2 2 2
left_child=2 3 5 4 10 7 11 13 -6 -10 -2 -4 -7 -1 -9
right_child=1 -3 6 -5 8 12 -8 14 9 -11 -12 -13 -14 -15 -16
leaf_value=-0.10083748556843021 -0.020032844751259878 0.18144942426284133 -0.020985065835600069 0.10009631643611983 0.030602756643187068 -0.040752812208249015 0.020210455438325385 -0.058591654198618191 0.079486766313598231 0.04092755313995914 0.014107649167672945 0 -0.013016051168178576 -0.070744997259880232 -0.029785813069438068
leaf_weight=12.999999999999998 8.2420815229415911 20.242955684661865 26.459999799728394 25.098223447799683 16.23157262802124 26.319999217987061 10.079411745071409 13.000000000000002 21.145432710647583 16.460180997848511 12.726244330406187 8.405293941497801 9.0199997425079328 56.899999856948853 12.899999856948851
leaf_count=13 6 4 25 7 6 21 7 13 7 7 7 6 7 56 12
internal_value=0.00320576 0.0771906 -0.046963 0.0555018 0.0397939 -0.0606232 -0.00587293 -0.0694071 0.0550236 0.0640882 0 -0.0150004 -0.0352403 -0.0771408 -0.0463882
internal_weight=296.231 120.147 176.085 99.9037 74.8055 131.14 44.9447 95.8 53.8372 37.6056 20.9683 34.8653 35.34 69.9 25.9
internal_count=204 44 160 40 33 122 38 94 20 14 13 31 28 69 25
is_linear=0
shrinkage=0.0283266


Tree=90
num_leaves=16
num_cat=0
split_feature=4 17 2 7 5 7 2 17 2 0 17 23 8 9 26
split_gain=1314.45 259.617 160.668 45.484 40.7 23.6583 19.1259 17.4544 16.0863 9.13706 5.0036 4.09333 3.10848 2.51786 0.755738
threshold=63.500000000000007 11.640000000000002 19.500000000000004 12.500000000000002 -8.6028323821602228 2.5000000000000004 48.500000000000007 33.365000000000002 36.000000000000007 7.5000000000000009 4.9450000000000012 15.214285714285717 1.0538461538461541 9.5000000000000018 10.500000000000002
decision_type=2 2 2 2 2 2 2 2 2 2 2 2 2 2 2
left_child=2 -2 5 8 7 9 -6 -3 10 -1 -4 14 -11 -12 -7
right_child=1 4 3 -5 6 11 -8 -9 -10 12 13 -13 -14 -15 -16
leaf_value=-0.094352713534078134 0.1837619883565928 0.050947136786723635 -0.048066126189767036 0.062039639974279005 0.047377882255333431 -0.054257968138525917 0.089412499913652008 0 0.0089231305147691262 -0.067140458654099441 -0.019933754755226268 -0.021573448221049684 -0.036933625888760778 0 -0.020763466116169367
leaf_weight=18.299999952316284 18.058811187744141 13.696760892868044 7.2999999523162833 7.1470587253570548 20.211312174797058 23.399999618530277 40.148768186569214 11.652305960655211 15.996380090713499 48 27.459999799728394 16.179999589920044 12.899999856948851 9.0199997425079328 6.7599997520446768
leaf_count=18 4 6 7 3 8 21 11 6 9 48 26 13 12 7 5
internal_value=0.00310754 0.0845405 -0.0405119 -0.00416834 0.0629778 -0.0594447 0.0762593 0.029162 -0.0130145 -0.0699139 -0.0222921 -0.0403524 -0.0616538 -0.0156125 -0.0485883
internal_weight=296.231 103.768 192.463 66.9234 85.7091 125.54 60.3601 25.3491 59.7764 79.2 43.78 46.34 60.9 36.48 30.16
internal_count=204 35 169 52 31 117 19 12 49 78 40 39 60 33 26
is_linear=0
shrinkage=0.0283266


Tree=91
num_leaves=14
num_cat=0
split_feature=4 10 2 5 6 0 2 6 2 5 5 8 0
split_gain=1250.69 287.191 134.829 54.5223 40.1844 23.572 15.92 15.3814 15.048 7.62811 6.95095 4.71698 2.0879
threshold=63.500000000000007 51.000000000000007 12.500000000000002 -8.6028323821602228 12.500000000000002 56.500000000000007 53.500000000000007 6.5000000000000009 24.500000000000004 7.3214285714285685 -1.0000000180025095e-35 0.52272727272727282 35.333333333333336
decision_type=2 2 2 2 2 2 2 2 2 2 2 2 2
left_child=2 3 7 6 8 -5 -2 11 9 -4 -10 -1 -12
right_child=1 -3 4 5 -6 -7 -8 -9 10 -11 12 -13 -14
leaf_value=-0.094204184589990331 0 0.18299728058055692 -0.051966431419408758 0.038217553372573383 0.022766292974101932 0.089988118945016654 0.041358741875905131 -0.027994165833973225 -0.022188909093141428 -0.022681401933815681 -0.0045522212718329862 -0.064406201150486314 0.014410164416477775
leaf_weight=15.999999999999998 11.947963714599611 18.914617538452148 21.299999952316284 14.462443470954893 14.995384454727171 34.227719068527222 15.437302231788633 12.359999656677244 18.561085939407349 26.559999465942383 10.459999799728395 70.399999618530273 7.0169682502746573
leaf_count=16 7 4 21 6 7 10 6 10 18 23 9 68 4
internal_value=-0.00139382 0.082879 -0.0421753 0.057247 -0.0180175 0.0757525 0.0223175 -0.0658036 -0.0259667 -0.0368743 -0.00994411 -0.0705704 0
internal_weight=292.643 94.99 197.653 76.0754 98.8934 48.6902 27.3853 98.76 83.8981 47.86 36.0381 86.4 17.477
internal_count=209 33 176 29 82 16 13 94 75 44 31 84 13
is_linear=0
shrinkage=0.0283266


Tree=92
num_leaves=15
num_cat=0
split_feature=4 10 2 5 6 0 2 6 2 7 7 7 0 6
split_gain=1182.28 270.697 127.227 51.3965 38.0694 21.9681 15.0732 14.2908 14.1506 9.36002 6.71233 5.6884 1.64663 1.5015
threshold=63.500000000000007 51.000000000000007 12.500000000000002 -8.6028323821602228 12.500000000000002 56.500000000000007 53.500000000000007 6.5000000000000009 24.500000000000004 8.5000000000000018 2.5000000000000004 2.5000000000000004 35.333333333333336 -6.4999999999999991
decision_type=2 2 2 2 2 2 2 2 2 2 2 2 2 2
left_child=2 3 7 6 8 -5 -2 11 9 13 -10 -1 -12 -4
right_child=1 -3 4 5 -6 -7 -8 -9 10 -11 12 -13 -14 -15
leaf_value=-0.075042316120941324 0 0.17781536019296204 -0.063092116377632568 0.037135463256553286 0.02212167683643574 0.087439541233325466 0.040187678885928606 -0.027201600040910229 -0.01992156371725538 0 -0.0015332980398950018 -0.048152032874259211 0.014002348893352766 -0.033626532832832248
leaf_weight=63.599999904632568 11.947963714599611 18.914617538452148 7.9999999999999991 14.462443470954893 14.995384454727171 34.227719068527222 15.437302231788633 12.359999656677244 21.861085891723633 5.8999998569488517 7.1599998474121076 22.799999713897705 7.0169682502746582 33.959999561309814
leaf_count=63 7 4 8 6 7 10 6 10 21 5 6 21 4 31
internal_value=-0.00135692 0.0805733 -0.0410126 0.0556567 -0.0175231 0.0736393 0.0216573 -0.0639716 -0.0252687 -0.0358627 -0.00966248 -0.0685899 0.00226326 -0.0405699
internal_weight=292.643 94.99 197.653 76.0754 98.8934 48.6902 27.3853 98.76 83.8981 47.86 36.0381 86.4 14.177 41.96
internal_count=209 33 176 29 82 16 13 94 75 44 31 84 10 39
is_linear=0
shrinkage=0.0283266


Tree=93
num_leaves=16
num_cat=0
split_feature=4 10 2 5 0 0 13 2 8 7 8 7 2 0 2
split_gain=1117.68 255.137 120.029 48.4475 33.878 20.4619 20.2027 14.2724 10.4362 10.2442 6.97697 4.16998 1.09633 0.749761 0.260593
threshold=63.500000000000007 51.000000000000007 12.500000000000002 -8.6028323821602228 31.500000000000004 56.500000000000007 24.34714285714286 53.500000000000007 0.75192307692307703 2.5000000000000004 1.420168067226891 8.5000000000000018 9.5000000000000018 45.166666666666679 26.500000000000004
decision_type=2 2 2 2 2 2 2 2 2 2 2 2 2 2 2
left_child=2 3 9 7 11 -5 -6 -2 -8 10 -1 -4 -11 14 -10
right_child=1 -3 4 5 6 -7 8 -9 13 12 -12 -13 -14 -15 -16
leaf_value=-0.0732165306047112 0 0.17278016359209009 -0.033846159397835217 0.036084011901739294 0.031793522921887453 0.084963142554902477 -0.040418791914224754 0.03904977358093778 0 -0.048007970956629904 -0.021043858218466431 -0.0023674312334127905 -0.013749969978111863 0.006733295227910773 -0.0083606425948330905
leaf_weight=62.599999904632568 11.947963714599611 18.914617538452148 51.559999465942383 14.462443470954893 13.142307758331297 34.227719068527222 7.0000000000000027 15.437302231788633 5.1199998855590838 24.999999523162845 5.2999999523162833 7.7599997520446768 5.8599998950958243 7.7511310577392569 6.559999942779541
leaf_count=62 7 4 48 6 7 10 7 6 4 22 5 6 5 4 6
internal_value=-0.00132243 0.0783328 -0.0398847 0.0541115 -0.0170467 0.071586 0.00196542 0.0210157 -0.0107801 -0.0621915 -0.0699602 -0.0306603 -0.0432971 0 -0.00462423
internal_weight=292.643 94.99 197.653 76.0754 98.8934 48.6902 39.5734 27.3853 26.4311 98.76 67.9 59.32 30.86 19.4311 11.68
internal_count=209 33 176 29 82 16 28 13 21 94 67 54 27 14 10
is_linear=0
shrinkage=0.0283266


Tree=94
num_leaves=16
num_cat=0
split_feature=4 25 2 5 6 2 2 17 6 7 8 15 26 7 2
split_gain=1056.77 244.349 113.352 70.3137 33.714 24.9907 12.416 12.2734 11.958 11.7184 4.88867 4.2876 2.13604 1.15667 0.581183
threshold=63.500000000000007 1.5000000000000002 13.500000000000002 -8.6028323821602228 12.500000000000002 48.500000000000007 36.000000000000007 35.455000000000005 6.5000000000000009 8.5000000000000018 0.52272727272727282 -8.9898989898989914 38.000000000000007 7.5000000000000009 24.500000000000004
decision_type=2 2 2 2 2 2 2 2 2 2 2 2 2 2 2
left_child=2 -2 8 7 6 -5 9 -3 10 11 -1 -4 -7 -12 -13
right_child=1 3 4 5 -6 12 -8 -9 -10 -11 13 14 -14 -15 -16
leaf_value=-0.087338797232895338 0.19690562915726711 0.032431917720316623 -0.046584327842990859 0.039963109401733768 0.021009785982011277 0.071040347339546395 0.0033236526322163546 -0.0039404324400711304 -0.025562293430501551 0 -0.060505983089375069 -0.029279371952587698 0.10459615832782067 -0.022794074226431926 -0.011890132321652482
leaf_weight=15.999999999999998 12.111222743988035 14.880741119384767 19.999999999999993 16.946606278419495 14.995384454727171 21.101128339767456 8.5927600860595685 10.230769276618956 12.359999656677244 10.185293912887571 66.799999713897705 26.959999561309822 19.719578266143799 5.5999999046325675 16.159999847412109
leaf_count=16 3 6 20 7 7 7 6 6 10 8 65 24 4 5 15
internal_value=-0.00129281 0.0761558 -0.0387946 0.0578299 -0.0161304 0.0753069 -0.0236064 0.0154163 -0.0600383 -0.0275168 -0.0642315 -0.0320671 0.0886178 -0.0583545 -0.0240464
internal_weight=292.643 94.99 197.653 82.8788 96.8934 57.7673 81.8981 25.1115 100.76 73.3053 88.4 63.12 40.8207 72.4 43.12
internal_count=209 33 176 30 80 18 73 12 96 67 86 59 11 70 39
is_linear=0
shrinkage=0.0283266


Tree=95
num_leaves=16
num_cat=0
split_feature=4 25 2 9 6 18 2 6 24 9 26 8 27 12 6
split_gain=999.201 230.283 107.259 59.424 32.5353 16.6299 12.1959 11.5905 7.59468 4.75962 4.24894 3.68546 1.74176 1.45772 0.989875
threshold=63.500000000000007 1.5000000000000002 12.500000000000002 6.5000000000000009 12.500000000000002 382.40703296703299 24.500000000000004 6.5000000000000009 26.667857142857144 12.500000000000002 9.5000000000000018 0.52272727272727282 33.600000000000001 10.500000000000002 2.5000000000000004
decision_type=2 2 2 2 2 2 2 2 2 2 2 2 2 2 2
left_child=2 -2 7 8 6 -5 9 11 -3 14 13 -1 -12 -8 -4
right_child=1 3 4 5 -6 -7 10 -9 -10 -11 12 -13 -14 -15 -16
leaf_value=-0.084865783361116331 0.19133094043115856 0.0028310944306840862 -0.042823995836095897 0.055648398458361066 0.020414905853453756 0.097094952533672924 -0.02112675372451165 -0.024838578357929127 0.035911519106318734 0 -0.0053111147297662193 -0.057294118746543048 0.013046338433815188 0 -0.019844747764431056
leaf_weight=15.999999999999998 12.111222743988035 13.746606469154356 28.299999952316284 27.464857459068298 14.995384454727171 23.372519493103027 16.299999952316288 12.359999656677244 18.294839859008789 6.1999998092651358 7.1599998474121076 70.399999618530273 7.0169682502746582 5.5610859394073477 13.359999656677244
leaf_count=16 3 7 28 9 7 5 16 10 9 5 6 68 4 5 11
internal_value=-0.0012554 0.0740489 -0.0377266 0.05623 -0.0160953 0.0758001 -0.0232805 -0.0588251 0.0234467 -0.0331374 -0.00865365 -0.0630454 0 -0.0167136 -0.0367851
internal_weight=292.643 94.99 197.653 82.8788 98.8934 50.8374 83.8981 98.76 32.0414 47.86 36.0381 86.4 14.177 21.8611 41.66
internal_count=209 33 176 30 82 14 75 94 16 44 31 84 10 21 39
is_linear=0
shrinkage=0.0283266


Tree=96
num_leaves=15
num_cat=0
split_feature=1 26 2 15 0 18 5 5 6 0 2 5 15 0
split_gain=946.364 240.91 64.9657 49.589 29.4236 14.247 14.0012 12.1909 10.736 10.3713 4.92352 3.44422 3.21938 0.887185
threshold=53.000000000000007 52.500000000000007 12.500000000000002 -10.960960960960962 58.666666666666679 579.43285714285719 5.3977272727272716 25.304878048780491 6.5000000000000009 30.666666666666668 24.500000000000004 -43.650793650793645 -24.548192771084334 33.166666666666679
decision_type=2 2 2 2 2 2 2 2 2 2 2 2 2 2
left_child=2 3 8 5 7 12 10 -5 11 -8 -4 -1 -2 -11
right_child=1 -3 6 4 -6 -7 9 -9 -10 13 -12 -13 -14 -15
leaf_value=-0.082651850275415606 -0.019668184003889359 0.15303992206482775 -0.046153452196540767 0.016615542264646489 0.075880948939576323 0.037755354311013151 -0.019696700349644884 0.05898909763456827 -0.024135352210783657 0 -0.01701646644853981 -0.055628338915575636 0.00076743002440546684 0.012287488370696785
leaf_weight=15.999999999999998 8.2420815229415911 20.242955684661865 21.299999952316284 20.824434280395508 33.879669427871704 8.2805432081222516 29.719999313354492 11.618551969528196 12.359999656677244 5.8599998950958243 15.999999999999998 70.399999618530273 8.2805428504943865 9.6347057819366437
leaf_count=16 6 4 21 9 10 4 25 4 10 5 16 68 5 6
internal_value=-0.0012216 0.0635704 -0.0413332 0.0430796 0.0559888 0.00632837 -0.0216809 0.033502 -0.0571908 -0.00935145 -0.0351412 -0.061278 -0.00608738 0.00692688
internal_weight=292.643 111.369 181.275 91.1258 66.3227 24.8032 82.5147 32.443 98.76 45.2147 37.3 86.4 16.5226 15.4947
internal_count=209 42 167 38 23 15 73 13 94 36 37 84 11 11
is_linear=0
shrinkage=0.0283266


Tree=97
num_leaves=16
num_cat=0
split_feature=4 10 23 5 15 11 12 16 24 16 27 13 21 27 19
split_gain=894.3 213.549 88.1411 40.2579 31.938 17.2592 17.0352 8.61038 7.68572 6.66495 3.64626 3.96076 2.98833 0.945482 0.773247
threshold=63.500000000000007 51.000000000000007 20.928571428571434 -8.6028323821602228 -20.606060606060602 4.5000000000000009 18.500000000000004 26.769285714285719 27.754999999999999 26.905714285714286 6.1000000000000005 24.884999999999998 0.3228571428571429 32.900000000000006 30.805000000000003
decision_type=2 2 2 2 2 2 2 2 2 2 2 2 2 2 2
left_child=2 3 5 7 14 10 8 -2 12 -5 -1 -12 -6 -14 -4
right_child=1 -3 4 9 6 -7 -8 -9 -10 -11 11 -13 13 -15 -16
leaf_value=-0.081966861063125826 0.032367344020239656 0.15652572895945219 -0.053310981585824695 0.081782501724612169 0.013127233209314335 -0.028691454303328114 0.040878026448066145 0 -0.024259807624863756 0.049375769060550863 -0.055412610603791587 -0.011444172977095652 -0.0095224235882036806 0 -0.018772271706523395
leaf_weight=13.299999952316282 14.554949164390566 18.914617538452148 12.000000000000002 19.868370294570923 10.172217130661009 30.019999265670776 6.7728505134582511 12.830316781997679 14.459999799728392 28.821792244911194 70.799999713897705 4.9999999999999991 15.459999799728395 12.668370962142943 6.9999999999999991
leaf_count=13 6 4 12 5 6 25 4 7 13 11 69 5 14 8 7
internal_value=-0.00118266 0.0700486 -0.0356963 0.0478101 -0.0114802 -0.0511962 -0.000328193 0.0174556 -0.00666932 0.0637433 -0.0581559 -0.0532424 0 -0.00478356 -0.0435041
internal_weight=292.643 94.99 197.653 76.0754 78.5334 119.12 59.5334 27.3853 52.7606 48.6902 89.1 75.8 38.3006 28.1284 19
internal_count=209 33 176 29 64 112 45 13 41 16 87 74 28 22 19
is_linear=0
shrinkage=0.0283266


Tree=98
num_leaves=18
num_cat=0
split_feature=1 26 0 15 0 2 7 7 8 6 6 6 7 2 14 2 2
split_gain=855.563 215.693 66.7617 45.6618 20.9915 18.8364 11.8331 10.817 8.25625 7.20679 3.66819 3.06677 2.65032 2.80993 1.95383 1.27021 0.515655
threshold=53.000000000000007 52.500000000000007 19.500000000000004 -10.960960960960962 58.666666666666679 33.500000000000007 2.5000000000000004 12.500000000000002 0.72902097902097907 5.5000000000000009 2.5000000000000004 7.5000000000000009 5.5000000000000009 24.500000000000004 0.15928571428571434 5.5000000000000009 9.5000000000000018
decision_type=2 2 2 2 2 2 2 2 2 2 2 2 2 2 2 2 2
left_child=2 3 6 8 7 9 10 -5 -2 12 15 -6 13 -4 -11 -1 -8
right_child=1 -3 5 4 11 -7 16 -9 -10 14 -12 -13 -14 -15 -16 -17 -18
leaf_value=-0.077854506734380699 -0.011719790324191849 0.1453617410014621 -0.042165832486914336 0.015695358216594252 0.048996823076821412 0.020485204916963626 -0.04065064017729466 0.055981483237963522 0.02080440626164504 -0.012631759220043998 -0.030741013921828878 0.07874854711657496 -0.0026129983842344893 -0.01691666314078662 0.0032411540211015511 -0.054086609505180072 -0.01865962696916583
leaf_weight=21.299999952316284 9.9049774408340472 20.242955684661865 17.599999904632568 20.824434280395508 20.138558149337769 9.0794117450714094 25.259999513626099 11.618551969528196 13.235294222831724 9.8799996376037615 10.599999904632567 24.433805465698242 7.5999999046325675 17.599999904632568 8.405293941497801 41.599999904632568 13.05999970436096
leaf_count=21 7 4 17 9 7 6 22 4 7 7 10 6 7 17 6 41 11
internal_value=0.00115327 0.0599082 -0.0374153 0.0420768 0.0526497 -0.0146336 -0.0512145 0.0318338 0.00449617 -0.0207596 -0.0591202 0.0665547 -0.0273468 -0.0311161 -0.00231603 -0.0630207 -0.0346019
internal_weight=302.383 120.399 181.985 100.156 77.0153 70.1647 111.82 32.443 23.1403 61.0853 73.5 44.5724 42.8 35.2 18.2853 62.9 38.32
internal_count=209 44 165 40 26 60 105 13 14 54 72 13 41 34 13 62 33
is_linear=0
shrinkage=0.0283266


Tree=99
num_leaves=16
num_cat=0
split_feature=1 12 0 5 0 2 8 19 5 8 1 0 12 21 7
split_gain=809.566 227.072 63.0147 48.3193 29.6573 17.887 16.98 14.5599 11.5735 6.0012 3.88735 3.55294 1.71654 1.36653 0.33191
threshold=53.000000000000007 51.000000000000007 19.500000000000004 -16.228070175438592 56.500000000000007 33.500000000000007 1.3707776904948943 24.130000000000003 -28.285714285714281 0.84558093346573993 7.5000000000000009 31.500000000000004 13.500000000000002 0.34785714285714292 8.5000000000000018
decision_type=2 2 2 2 2 2 2 2 2 2 2 2 2 2 2
left_child=2 3 8 7 6 9 13 -2 -1 -4 -10 14 -12 -5 -11
right_child=1 -3 5 4 -6 -7 -8 -9 10 11 12 -13 -14 -15 -16
leaf_value=-0.067089518737007456 -0.02462633568194144 0.15039068467382141 -0.035877950173799231 0.012808045643926734 0.064574607610967533 0.019905341385024818 0.055278911383462019 0.022582900070790359 -0.06822789126018311 -0.019859121703652293 -0.039357227978196158 0 -0.0063335800630140646 0 -0.0011727974452719289
leaf_weight=33 8.9049774408340472 18.597994804382324 18 10.348416328430181 51.511442184448242 9.0794117450714094 10.111764669418333 12.305429816246031 9.2999999523162824 24.65999960899353 64.059999227523804 10.665293931961058 5.4599997997283927 8.6185519695281965 7.7599997520446768
leaf_count=33 6 4 18 6 15 6 3 6 9 22 59 8 4 4 6
internal_value=0.00110512 0.0582637 -0.0364073 0.0408818 0.0509137 -0.0142415 0.0248053 0.000156807 -0.0498202 -0.020223 -0.041884 -0.012396 -0.0375592 0.00563363 -0.0170915
internal_weight=302.383 120.399 181.985 101.801 80.5902 70.1647 29.0787 21.2104 111.82 61.0853 78.82 43.0853 69.52 18.967 32.42
internal_count=209 44 165 40 28 60 13 12 105 54 72 36 63 10 28
is_linear=0
shrinkage=0.0283266


Tree=100
num_leaves=15
num_cat=0
split_feature=1 12 1 5 24 5 19 27 27 26 8 27 27 5
split_gain=765.575 214.073 55.2547 45.6791 25.8423 17.3045 13.7476 12.2608 11.801 9.11107 5.38618 3.74807 1.99667 1.09748
threshold=53.000000000000007 51.000000000000007 21.500000000000004 -16.228070175438592 26.221428571428579 5.3977272727272716 24.130000000000003 33.600000000000001 54.400000000000006 10.500000000000002 0.7633053221288516 6.1000000000000005 27.700000000000006 -11.805555555555555
decision_type=2 2 2 2 2 2 2 2 2 2 2 2 2 2
left_child=2 3 9 6 -5 10 -2 12 -6 11 -4 -1 -7 -13
right_child=1 -3 5 4 8 7 -8 -9 -10 -11 -12 13 -14 -15
leaf_value=-0.076572925350188809 -0.023929260781654794 0.14613210937564944 -0.04861131614063767 0.014253424005045172 0.035090942446928029 -0.017002586352322518 0.021943539002187661 0.021479518403436718 0.06859601526828063 -0.011741288291724387 -0.017964658550746821 -0.057028867687346906 0 -0.039538824478768463
leaf_weight=12.299999952316282 8.9049774408340472 18.597994804382324 13.999999999999998 17.229310154914856 21.29502260684967 25.279999256134033 12.305429816246031 10.324705839157103 42.065842390060425 8.4599997997283918 20.299999952316284 36 9.7199997901916486 45.59999942779541
leaf_count=12 6 4 14 7 9 20 6 6 12 7 20 36 8 42
internal_value=0.00105779 0.0566467 -0.0354161 0.0397476 0.0495016 -0.016652 7.85766e-05 -0.00374667 0.058212 -0.0494708 -0.0320909 -0.0522806 -0.0127692 -0.047936
internal_weight=302.383 120.399 181.985 101.801 80.5902 79.6247 21.2104 45.3247 63.3609 102.36 34.3 93.9 35 81.6
internal_count=209 44 165 40 28 68 12 34 21 97 34 90 28 78
is_linear=0
shrinkage=0.0283266


Tree=101
num_leaves=16
num_cat=0
split_feature=4 12 27 5 7 2 8 11 6 27 2 5 17 14 5
split_gain=724.529 175.816 84.1322 32.5157 31.753 17.9076 12.7472 7.87674 5.29709 6.59149 4.5423 4.4527 1.77961 0.928077 0.684992
threshold=63.500000000000007 51.000000000000007 26.100000000000005 -16.228070175438592 12.500000000000002 9.5000000000000018 0.75192307692307703 4.5000000000000009 7.5000000000000009 59.70000000000001 36.000000000000007 25.304878048780491 65.670000000000016 0.18214285714285719 -1.0000000180025095e-35
decision_type=2 2 2 2 2 2 2 2 2 2 2 2 2 2 2
left_child=2 3 5 -2 6 7 -4 -1 9 -5 12 -7 14 -13 -8
right_child=1 -3 4 8 -6 11 10 -9 -10 -11 -12 13 -14 -15 -16
leaf_value=-0.058903791453502295 0.0057017521839953277 0.1419941134640636 -0.038601722522088815 0.011042312925367923 0.053896548101497778 -0.036314672774214615 -0.021705079052939495 -0.023921820258271231 0.061445879127983258 0.049500401481680056 0.010134550382885715 -0.019100315767582633 0 0 -0.00035529715649231674
leaf_weight=58.099999666213989 17.649321317672729 18.597994804382324 9.9999999999999982 10.289592742919924 7.1470587253570548 48.099999666213989 8.9999999999999982 12.05999970436096 41.759126424789429 15.723809003829954 13.996380090713499 15.659999608993532 9.4199998378753644 6.4599997997283927 8.4199998378753715
leaf_count=56 9 4 10 5 3 46 9 10 11 6 7 13 8 5 7
internal_value=0.00101071 0.0617352 -0.030555 0.043605 -0.000866059 -0.0424237 -0.00965774 -0.0536809 0.0526591 0.0364184 -0.00121211 -0.0303855 -0.00918831 -0.0149884 -0.0145603
internal_weight=302.383 104.02 198.363 85.4218 57.9834 140.38 50.8364 70.16 67.7725 26.0134 40.8364 70.22 26.84 22.12 17.42
internal_count=209 35 174 31 44 130 41 66 22 11 31 64 24 18 16
is_linear=0
shrinkage=0.0283266


Tree=102
num_leaves=16
num_cat=0
split_feature=1 26 0 5 0 2 15 5 0 15 26 18 21 17 11
split_gain=685.786 183.134 53.3743 36.8725 26.1403 15.4338 11.9558 9.93078 7.51594 4.38663 3.9917 1.9285 1.54647 1.39644 0.257335
threshold=53.000000000000007 52.500000000000007 19.500000000000004 -16.228070175438592 56.500000000000007 33.500000000000007 36.038961038961041 -28.285714285714281 62.000000000000007 -12.720588235294114 10.500000000000002 579.43285714285719 0.30928571428571433 51.175000000000018 10.500000000000002
decision_type=2 2 2 2 2 2 2 2 2 2 2 2 2 2 2
left_child=2 3 7 8 6 9 -5 -1 -2 -4 12 -6 -9 -11 -15
right_child=1 -3 5 4 11 -7 -8 10 -10 13 -12 -13 -14 14 -16
leaf_value=-0.06207891671308409 -0.013800267960425329 0.13237794114173207 -0.03305528319241887 0.00043783259685783597 0.050474902684372373 0.01848184898794477 0.041050338510029406 -0.052040889314380667 0.017506813134705673 -0.016091927497701525 -0.011914752429549355 0.078816765264145147 -0.033272569467982085 -0.0047111638582073992 0
leaf_weight=33 8.5859727859497088 20.242955684661865 17 14.528054237365724 31.643071889877319 9.0794117450714094 14.550678730010985 26.799999713897705 15.70886707305908 28.079999446868896 9.759999752044676 15.138976812362669 42.259999513626099 9.859999895095827 6.145293951034545
leaf_count=33 6 4 17 8 10 6 5 25 7 24 8 4 39 9 4
internal_value=0.000974611 0.0535966 -0.0335364 0.0371146 0.0469363 -0.0130481 0.0226642 -0.0458968 0.00416818 -0.0186404 -0.0384163 0.0608371 -0.0413602 -0.0118246 -0.000883636
internal_weight=302.383 120.399 181.985 100.156 75.8608 70.1647 29.0787 111.82 24.2948 61.0853 78.82 46.782 69.06 44.0853 16.0053
internal_count=209 44 165 40 27 60 13 105 13 54 72 14 64 37 13
is_linear=0
shrinkage=0.0283266


Tree=103
num_leaves=14
num_cat=0
split_feature=1 12 2 5 7 24 27 6 2 27 4 2 6
split_gain=648.874 184.297 50.5631 38.4563 22.6913 22.4458 8.97242 7.37596 6.26827 4.64567 4.43441 1.62943 1.37762
threshold=53.000000000000007 51.000000000000007 24.500000000000004 -16.228070175438592 2.5000000000000004 26.221428571428579 54.400000000000006 2.5000000000000004 33.500000000000007 64.100000000000009 27.500000000000004 5.5000000000000009 5.5000000000000009
decision_type=2 2 2 2 2 2 2 2 2 2 2 2 2
left_child=2 3 4 9 7 -5 -7 11 12 -2 -6 -1 -4
right_child=1 -3 8 5 10 6 -8 -9 -10 -11 -12 -13 -14
leaf_value=-0.068687840190794186 -0.013409646349638968 0.13522713872626632 -0.013138155419331547 0.012271759903689601 -0.028772695858693093 0.03240247544380781 0.062812792422236696 -0.022693476296009717 0.017958691409506913 0.013145263530736268 -0.0039377624229912445 -0.046904105987018704 0
leaf_weight=21.299999952316284 8.5859727859497088 18.597994804382324 18.599999904632572 17.229310154914856 45.219999074935913 21.29502260684967 42.065842390060425 13.899999856948851 9.0794117450714094 12.624434471130369 12.879999637603758 53.599999904632568 7.4052939414978018
leaf_count=21 6 4 18 7 39 9 12 13 6 6 10 53 5
internal_value=0.000939748 0.0521309 -0.0326246 0.0363996 -0.0399335 0.0453483 0.0534685 -0.0495905 -0.000445793 0 -0.0242191 -0.053842 -0.00899858
internal_weight=302.383 120.399 181.985 101.801 146.9 80.5902 63.3609 88.8 35.0847 21.2104 58.1 74.9 26.0053
internal_count=209 44 165 40 136 28 21 87 29 12 49 74 23
is_linear=0
shrinkage=0.0283266


Tree=104
num_leaves=16
num_cat=0
split_feature=4 12 0 7 7 2 0 19 6 7 2 2 14 6 7
split_gain=613.942 151.504 73.8472 26.85 23.2711 20.6364 12.6367 8.6247 5.82137 3.7784 3.40922 1.62582 1.20956 0.419918 0.295218
threshold=63.500000000000007 51.000000000000007 31.500000000000004 -11.499999999999998 12.500000000000002 9.5000000000000018 56.500000000000007 22.725000000000005 6.5000000000000009 2.5000000000000004 24.500000000000004 37.500000000000007 0.18214285714285719 -3.4999999999999996 2.5000000000000004
decision_type=2 2 2 2 2 2 2 2 2 2 2 2 2 2 2
left_child=2 3 5 -2 7 8 -5 -4 14 10 -7 13 -11 -9 -1
right_child=1 -3 4 6 -6 9 -8 11 -10 12 -12 -13 -14 -15 -16
leaf_value=-0.059463893930367689 0.0051388222844369353 0.13139793568770569 -0.030751313622338513 0.020494298011535357 0.051199630861414262 -0.036562515198769817 0.055823728762039497 -0.0079953456093215282 -0.019399089829613959 -0.018033289521414971 -0.0091317014163923588 0.010583120807000078 0 0 -0.037582072280966709
leaf_weight=41.599999904632568 17.649321317672729 18.597994804382324 7.8599998950958243 16.261085987091064 7.1470587253570548 42.899999856948853 51.511442184448242 5.9999999999999991 10.05999970436096 26.419999361038208 10.299999952316282 11.838009119033812 6.4599997997283927 9.2783708572387713 18.499999761581421
leaf_count=41 9 4 7 7 3 42 15 6 8 22 10 6 5 7 17
internal_value=0.000903795 0.0568163 -0.0281385 0.039923 0.00397911 -0.0371511 0.0481649 -0.00409807 -0.0495305 -0.0264164 -0.0322919 0.00159594 -0.0152252 -0.00175402 -0.0536523
internal_weight=302.383 104.02 198.363 85.4218 42.1234 156.24 67.7725 34.9764 70.16 86.08 53.2 27.1164 32.88 15.2784 60.1
internal_count=209 35 174 31 29 145 22 26 66 79 52 19 27 13 58
is_linear=0
shrinkage=0.0283266


Tree=105
num_leaves=12
num_cat=0
split_feature=4 12 0 7 5 0 26 8 14 0 17
split_gain=582.135 134.594 64.641 26.0152 18.7872 10.7889 10.0072 9.41393 5.11353 4.38222 2.27894
threshold=63.500000000000007 51.000000000000007 19.500000000000004 12.500000000000002 -16.228070175438592 56.500000000000007 7.5000000000000009 0.78174603174603186 0.17785714285714288 40.333333333333343 51.790000000000006
decision_type=2 2 2 2 2 2 2 2 2 2 2
left_child=2 4 6 7 -2 -6 8 -4 -1 10 -9
right_child=1 -3 3 -5 5 -7 -8 9 -10 -11 -12
leaf_value=-0.051112975909881488 0.0085212292961928428 0.12619007153288386 -0.03334355825492525 0.033022373124150621 0.019217870271292833 0.054609963433984644 -0.021193397396177167 -0.016250074305962633 -0.024678382740499886 0.0041950581416925984 0
leaf_weight=73.099999666213989 16.649321317672729 18.914617538452148 18 10.007058620452879 14.496380090713499 46.123473644256592 24.259999513626099 31.219999551773071 16.199999809265137 12.715837001800535 12.019999742507933
leaf_count=71 8 4 18 5 6 14 21 28 15 7 10
internal_value=0 0.0571078 -0.0278672 -0.00819235 0.0394731 0.0470608 -0.0419264 -0.0145186 -0.0469383 -0.00747247 -0.0121814
internal_weight=293.707 96.1838 197.523 83.9629 77.2692 60.6199 113.56 73.9558 89.3 55.9558 43.24
internal_count=207 32 175 68 28 20 107 63 86 45 38
is_linear=0
shrinkage=0.0283266


Tree=106
num_leaves=15
num_cat=0
split_feature=4 26 0 7 6 15 0 0 24 29 15 9 23 2
split_gain=550.527 130.512 61.5849 25.6438 17.1849 15.5368 11.6744 8.07433 6.85384 6.05582 2.73327 1.50659 2.09548 0.382061
threshold=63.500000000000007 52.500000000000007 28.166666666666668 12.500000000000002 1.0000000180025095e-35 -13.961038961038961 7.166666666666667 62.000000000000007 27.877142857142861 26.569285714285719 -20.606060606060602 12.500000000000002 21.857142857142861 37.500000000000007
decision_type=2 2 2 2 2 2 2 2 2 2 2 2 2 2
left_child=2 4 5 8 9 -1 -7 -6 10 -2 -4 12 -8 -12
right_child=1 -3 3 -5 7 6 11 -9 -10 -11 13 -13 -14 -15
leaf_value=-0.052463243170533809 0.031111595105172966 0.12070180780815928 -0.017846146759069002 0.048816058620517383 0.034814748453833755 -0.052458116889335854 -0.027477243464766748 0.068435026198424079 -0.037997836399523637 0.0019721309642408537 -0.0012312025681241714 -0.00061059275682969253 -0.0069399302021347867 0.0053382438019114785
leaf_weight=44 16.851108551025391 20.242955684661865 7.9999999999999991 7.1470587253570548 25.676470518112183 18.199999809265137 62.699999094009399 17.938144683837891 5.9999999999999991 15.47511315345764 22.438370704650882 7.0199997425079337 12.459999799728392 9.5574660301208478
leaf_count=44 6 4 8 3 9 17 57 5 6 8 19 5 11 5
internal_value=0 0.0555393 -0.0270966 0 0.0374331 -0.0366975 -0.0292335 0.0499171 -0.00875937 0.0188742 -0.00298643 -0.023414 -0.0248086 0
internal_weight=293.707 96.1838 197.523 53.1429 75.9408 144.38 100.38 43.6146 45.9958 32.3262 39.9958 82.18 75.16 31.9958
internal_count=207 32 175 41 28 134 90 14 38 14 32 73 68 24
is_linear=0
shrinkage=0.0283266


Tree=107
num_leaves=16
num_cat=0
split_feature=4 12 0 12 8 15 0 29 8 2 14 23 13 8 21
split_gain=521.144 122.957 58.1887 23.0804 15.5183 14.5731 8.41235 5.93281 5.5137 4.65342 1.41139 1.54792 1.03548 1.84198 0.293146
threshold=63.500000000000007 51.000000000000007 28.166666666666668 18.500000000000004 0.83666666666666678 1.0000000180025095e-35 7.166666666666667 26.569285714285719 0.75192307692307703 48.500000000000007 0.18357142857142864 21.857142857142861 24.582142857142863 1.1143790849673205 0.40357142857142864
decision_type=2 2 2 2 2 2 2 2 2 2 2 2 2 2 2
left_child=2 5 4 8 14 7 -6 -2 -4 -7 11 -8 -10 -14 -1
right_child=1 -3 3 -5 6 9 10 -9 12 -11 -12 -13 13 -15 -16
leaf_value=-0.053499308073035406 0.032287599330225673 0.12009916190358752 -0.030032568685092572 0.040190638779268636 -0.049348996238788571 0.029511449386225165 -0.026037396047517401 0.0019162909615267484 0 0.057305625429289936 -0.0010367431937383647 -0.0067434471332123774 -0.016807644356242386 0 -0.02975753835320713
leaf_weight=42 13.450053215026857 18.914617538452148 8.9999999999999982 9.0228505134582502 15.199999809265135 19.111764669418335 53.819998979568481 15.47511315345764 18.140045166015625 29.23224401473999 7.8999998569488517 12.459999799728392 9.0000000000000018 7.9799997806549063 12.999999999999998
leaf_count=42 5 4 9 5 14 7 47 8 12 8 7 11 9 6 13
internal_value=0 0.0540316 -0.0263688 0 -0.0357015 0.0371354 -0.0269611 0.0179527 -0.00944289 0.047466 -0.0216249 -0.0232449 -0.00258892 -0.00792297 -0.0488963
internal_weight=293.707 96.1838 197.523 53.1429 144.38 77.2692 89.38 28.9252 44.12 48.344 74.18 66.28 35.12 16.98 55
internal_count=207 32 175 41 134 28 79 13 36 15 65 58 27 15 55
is_linear=0
shrinkage=0.0283266


Tree=108
num_leaves=17
num_cat=0
split_feature=4 26 2 7 6 8 2 8 17 1 26 25 5 2 1 5
split_gain=493.356 118.875 53.0244 26.5298 15.198 12.1641 6.67303 6.64441 6.41736 5.31912 3.82152 3.15324 1.12875 1.09804 1.09677 0.271332
threshold=63.500000000000007 52.500000000000007 19.500000000000004 12.500000000000002 1.0000000180025095e-35 0.58898944193061853 53.500000000000007 0.78174603174603186 34.375000000000007 21.500000000000004 10.500000000000002 2.5000000000000004 -29.70588235294117 15.000000000000002 37.500000000000007 14.718614718614722
decision_type=2 2 2 2 2 2 2 2 2 2 2 2 2 2 2 2
left_child=2 4 5 7 8 -1 -6 -4 -2 10 12 -9 -7 -11 -13 -16
right_child=1 -3 3 -5 6 9 -8 11 -10 13 -12 14 -14 -15 15 -17
leaf_value=-0.058228213448120528 0.029756758474239482 0.11479693701844154 -0.030317202218901176 0.046613028373079637 0.032791822428747452 -0.049973300998820774 0.064311867320757485 -0.021879514398659945 0.00026839896706634458 -2.9118284949819892e-05 -0.00704980291258182 -0.0064698570889018554 -0.031742771440277866 -0.020338440937992228 0.0053881436030625753 0
leaf_weight=22 17.149148225784302 20.242955684661865 11.999999999999998 7.1470587253570548 25.676470518112183 20 17.938144683837891 6.8999998569488517 15.177073478698729 9.4599997997283953 8.4599997997283918 15.899999856948851 59.199999332427979 14.759999752044676 14.871130943298342 6.8247058391571036
leaf_count=22 7 4 12 3 9 20 5 6 7 8 7 15 55 13 10 4
internal_value=0 0.0525667 -0.0256609 -0.0033998 0.0352425 -0.0358298 0.0470299 -0.0107092 0.0176238 -0.0309285 -0.0347837 -0.00417595 -0.0370477 -0.0146888 0 0.00314173
internal_weight=293.707 96.1838 197.523 63.6429 75.9408 133.88 43.6146 56.4958 32.3262 111.88 87.66 44.4958 79.2 24.22 37.5958 21.6958
internal_count=207 32 175 50 28 125 14 47 14 103 82 35 75 21 29 14
is_linear=0
shrinkage=0.0283266


Tree=109
num_leaves=14
num_cat=0
split_feature=27 14 7 6 2 10 11 8 23 5 2 3 11
split_gain=441.982 120.578 56.6388 27.3137 26.4866 16.538 15.2533 14.176 5.90361 3.73663 1.80467 0.979331 0.963813
threshold=48.900000000000006 0.17785714285714288 11.500000000000002 7.5000000000000009 24.500000000000004 21.500000000000004 -10.499999999999998 0.58898944193061853 26.714285714285719 -29.70588235294117 36.000000000000007 1.0000000180025095e-35 7.5000000000000009
decision_type=2 2 2 2 2 2 2 2 2 2 2 2 2
left_child=2 3 4 6 7 -4 -2 -1 9 -9 -6 -5 -11
right_child=1 -3 5 11 10 -7 -8 8 -10 12 -12 -13 -14
leaf_value=-0.057768338170615642 -0.0044118342843306553 0.13082249372603649 0 0.037006709585994196 -0.0099553688845538443 0.048796442744671251 0.029285250023079919 -0.045797289276040071 0 -0.029708792719226152 0.00046262540128440982 0.062890717723704664 -0.012740089670227567
leaf_weight=24 12.504524946212767 13.102173089981077 9.745293855667116 17.023981809616089 27.019999742507935 8.9205882549285871 31.199524879455566 24 7.1199998855590811 70.799999237060547 8.6841628551483137 23.62643837928772 15.959999561309813
leaf_count=24 7 3 7 6 25 3 13 24 6 66 5 5 13
internal_value=0 0.0492558 -0.0245398 0.0359226 -0.0296047 0.0206807 0.0183806 -0.0351864 -0.0301172 -0.0317508 -0.00587452 0.0534174 -0.0272253
internal_weight=293.707 97.4566 196.25 84.3545 177.584 18.6659 43.704 141.88 117.88 110.76 35.7042 40.6504 86.76
internal_count=207 34 173 31 163 10 20 133 109 103 30 11 79
is_linear=0
shrinkage=0.0283266


Tree=110
num_leaves=14
num_cat=0
split_feature=4 12 0 12 5 8 0 0 5 14 14 23 11
split_gain=442.102 108.516 49.4411 20.0329 14.3111 12.833 7.74193 7.42034 5.92592 2.67642 1.4154 1.24649 0.33209
threshold=63.500000000000007 51.000000000000007 28.166666666666668 18.500000000000004 -16.228070175438592 0.83666666666666678 56.500000000000007 7.166666666666667 -9.8780487804878003 0.15642857142857147 0.18357142857142864 21.857142857142861 6.5000000000000009
decision_type=2 2 2 2 2 2 2 2 2 2 2 2 2
left_child=2 4 5 8 -2 -1 -6 -7 9 -4 11 -9 -10
right_child=1 -3 3 -5 6 7 -8 10 12 -11 -12 -13 -14
leaf_value=-0.045045560098080438 0.0063520459022535737 0.1118495294925099 -0.035890624208029069 0.037449651214716662 0.015902824593746454 -0.045956005685753254 0.046958203541864689 -0.023864103558548826 -0.0041812134543064783 0 0 -0.0057792635048738014 0.00076599678371220713
leaf_weight=55 16.649321317672729 18.914617538452148 7.9999999999999982 9.0228505134582502 14.496380090713499 15.199999809265135 46.123473644256592 53.819998979568481 14.71837091445923 6 7.8999998569488517 12.459999799728392 15.401674032211302
leaf_count=55 8 4 8 5 6 14 14 47 13 6 7 11 9
internal_value=0 0.0497419 -0.0243106 0 0.0338156 -0.0329134 0.0404456 -0.0248269 -0.00879195 -0.0241455 -0.019749 -0.0212988 0
internal_weight=293.707 96.1838 197.523 53.1429 77.2692 144.38 60.6199 89.38 44.12 14 74.18 66.28 30.12
internal_count=207 32 175 41 28 134 20 79 36 14 65 58 22
is_linear=0
shrinkage=0.0283266


Tree=111
num_leaves=15
num_cat=0
split_feature=1 25 2 15 27 7 13 8 24 1 12 8 12 26
split_gain=417.732 121.272 30.3762 26.2714 16.361 15.0471 8.67571 5.28153 5.13714 3.50217 2.29918 0.849953 0.455876 1.21006
threshold=53.000000000000007 1.5000000000000002 24.500000000000004 1.0000000180025095e-35 56.400000000000013 2.5000000000000004 24.402142857142859 0.52272727272727282 26.667857142857144 27.500000000000004 16.500000000000004 1.0389266817838247 13.500000000000002 3.5000000000000004
decision_type=2 2 2 2 2 2 2 2 2 2 2 2 2 2
left_child=2 -2 5 6 -5 7 8 -1 -3 12 11 -4 13 -7
right_child=1 3 10 4 -6 9 -8 -9 -10 -11 -12 -13 -14 -15
leaf_value=-0.060451200655659107 0.11630883159792441 0.0032966788347798025 -0.0098144772227123193 0.022017458822677211 0.05659650576605612 -0.0075925280191043191 -0.0083541176753030785 -0.034852876643577516 0.034946905540078878 0 0.013305326383299189 0 0 -0.028274746820926747
leaf_weight=15.999999999999998 16.022987365722656 14.170184850692751 16.299999952316288 26.985067844390869 32.86399507522583 11.459999799728392 11.280542850494383 74.499999761581421 10.723910331726072 10.319999694824217 5.5499999523162833 12.469999790191649 5.4599997997283927 29.59999942779541
leaf_count=16 5 5 16 9 9 10 8 73 5 8 4 9 4 26
internal_value=0 0.0429457 -0.0265983 0.0301216 0.0419325 -0.03221 0.00904991 -0.039993 0.0191556 -0.0188428 -0.000895295 -0.00555725 -0.0222307 -0.0238499
internal_weight=293.707 112.047 181.66 96.0237 59.8491 147.34 36.1746 90.5 24.8941 56.84 34.32 28.77 46.52 41.06
internal_count=207 41 166 36 18 137 18 89 10 48 29 25 40 36
is_linear=0
shrinkage=0.0283266


Tree=112
num_leaves=12
num_cat=0
split_feature=4 26 0 6 7 0 15 11 11 22 0
split_gain=377.075 110.963 46.5395 17.9444 15.8083 13.435 8.99921 5.99236 4.12077 1.80587 1.19852
threshold=63.500000000000007 52.500000000000007 31.500000000000004 7.5000000000000009 12.500000000000002 7.166666666666667 -4.1958041958041914 -10.499999999999998 4.5000000000000009 -3.5549999999999993 18.833333333333339
decision_type=2 2 2 2 2 2 2 2 2 2 2
left_child=2 3 5 7 9 -1 -7 -2 -9 -4 -8
right_child=1 -3 4 -5 -6 6 10 8 -10 -11 -12
leaf_value=-0.050452595194615008 0 0.10418325672278543 -0.013975469499414661 0.043455983404188922 0.042065373283192015 -0.035776272300731563 -0.022347252960122722 0.04372072980253542 0.012256700772895084 0 -0.010283104788276655
leaf_weight=26.199999809265137 18.016559362411499 20.242955684661865 9.5610859394073469 39.391723871231079 7.1470587253570548 50 46.019999265670776 8.0090497732162493 20.878257870674133 24.134750843048096 35.019999265670776
leaf_count=25 9 4 9 11 3 50 41 4 8 17 30
internal_value=0.000294934 0.043445 -0.022635 0.0285503 0.00310249 -0.0296715 -0.0250926 0.0148497 0.0229003 -0.00352869 -0.0178169
internal_weight=304.621 106.539 198.083 86.2956 40.8429 157.24 131.04 46.9039 28.8873 33.6958 81.04
internal_count=211 36 175 32 29 146 121 21 12 26 71
is_linear=0
shrinkage=0.0283266


Tree=113
num_leaves=13
num_cat=0
split_feature=4 17 0 7 6 5 11 23 17 6 5 14
split_gain=356.853 105.353 44.0354 14.9312 12.9373 12.7015 7.0966 5.68756 3.0195 2.71622 1.64438 1.56265
threshold=63.500000000000007 11.640000000000002 31.500000000000004 12.500000000000002 7.5000000000000009 -36.038961038961027 -10.499999999999998 14.857142857142859 34.375000000000007 8.5000000000000018 -9.8780487804878003 0.18642857142857142
decision_type=2 2 2 2 2 2 2 2 2 2 2 2
left_child=2 -2 5 10 6 -1 -3 9 -8 -7 -4 -9
right_child=1 4 3 -5 -6 7 8 11 -10 -11 -12 -13
leaf_value=-0.047494355542783799 0.10577801157998874 0 -0.013379936306034982 0.04087487871415172 0.040441697230557468 -0.033291337846292228 0.037328685581512873 -0.017281755022722216 0.0095260576621702606 -0.0048608750840310163 0 0
leaf_weight=30 18.058811187744141 18.016559362411499 9.5610859394073469 7.1470587253570548 44.121117353439331 58.59999942779541 12.805256724357607 54.719999313354492 13.536801934242247 7.7599997520446768 24.134750843048096 6.1599998474121085
leaf_count=30 4 9 9 3 12 55 5 50 6 6 17 5
internal_value=0.000286132 0.0422681 -0.0220155 0.00298667 0.0286744 -0.028861 0.0157205 -0.0240313 0.0251442 -0.0308001 -0.00341638 -0.0157432
internal_weight=304.621 106.539 198.083 40.8429 88.4797 157.24 44.3586 127.24 26.3421 66.36 33.6958 60.88
internal_count=211 36 175 29 32 146 20 116 11 61 26 55
is_linear=0
shrinkage=0.0283266


Tree=114
num_leaves=13
num_cat=0
split_feature=4 26 0 7 7 0 15 6 22 20 0 14
split_gain=337.76 101.298 41.6713 16.7071 14.1036 12.1497 8.11026 6.14859 1.66826 1.41148 1.04776 0.436806
threshold=63.500000000000007 52.500000000000007 31.500000000000004 -15.499999999999998 12.500000000000002 7.166666666666667 -4.1958041958041914 7.5000000000000009 -3.5549999999999993 90.991428571428585 18.833333333333339 0.16214285714285712
decision_type=2 2 2 2 2 2 2 2 2 2 2 2
left_child=2 3 5 -2 8 -1 -7 9 -4 -5 -8 -12
right_child=1 -3 4 7 -6 6 10 -9 -10 -11 11 -13
leaf_value=-0.047927477560023066 0.00038277286157844604 0.099188701669437274 -0.013359561632491759 0.026903654445891892 0.039718074313895388 -0.033871396850149567 -0.021019276429011385 0.042934206779490752 0 0.0057072660438770217 -0.012826953651465519 -0.00031015252397753476
leaf_weight=26.199999809265137 19.070858001708984 20.242955684661865 9.5610859394073469 18.027077794075016 7.1470587253570548 50 46.019999265670776 37.029732942581177 24.134750843048096 12.167922139167784 21.219999551773071 13.799999713897703
leaf_count=25 9 4 9 8 3 50 41 10 17 5 18 12
internal_value=0.000276216 0.0411244 -0.0214156 0.0268573 0.0028728 -0.0280758 -0.0236828 0.0335451 -0.00330886 0.0201946 -0.0167127 -0.00947307
internal_weight=304.621 106.539 198.083 86.2956 40.8429 157.24 131.04 67.2247 33.6958 30.195 81.04 35.02
internal_count=211 36 175 32 29 146 121 23 26 13 71 30
is_linear=0
shrinkage=0.0283266


Tree=115
num_leaves=16
num_cat=0
split_feature=1 24 29 6 2 21 29 11 6 2 14 19 14 11 6
split_gain=318.695 157.353 46.4007 27.0234 14.0413 11.3875 8.42112 5.99985 4.98968 2.44813 3.14143 2.13902 1.58345 0.576698 0.424729
threshold=40.500000000000007 25.264285714285723 25.76857142857143 6.5000000000000009 8.5000000000000018 0.36071428571428571 27.568571428571435 -10.499999999999998 8.5000000000000018 24.500000000000004 0.18642857142857142 38.38000000000001 0.15642857142857147 1.0000000180025095e-35 3.5000000000000004
decision_type=2 2 2 2 2 2 2 2 2 2 2 2 2 2 2
left_child=4 -2 -3 6 8 -5 7 11 13 10 -6 -4 -9 -1 -11
right_child=1 2 3 5 9 -7 -8 12 -10 14 -12 -13 -14 -15 -16
leaf_value=-0.046929363233370734 0.19019314091526499 0.078717754530665693 -0.010604801509254332 0.041765661729598065 -0.022847815745142226 0.0096860868906411754 -0.024011345962424803 0.022572661470112162 -0.002647564927404345 -0.0089144213224353498 0 0.0071068868628372441 0.0035641665869191219 -0.028971549716551984 0
leaf_weight=33.299999952316284 4.9701848030090323 12.715323209762571 11.46832585334778 42.86776876449585 69.319999217987061 17.482622623443604 5.9999999999999991 21.536025762557983 6.4599997997283927 15.299999952316286 6.1599998474121085 8.463800907135008 13.757390260696409 27.099999666213989 7.7199997901916495
leaf_count=33 1 3 7 12 64 7 6 10 5 15 5 6 6 25 6
internal_value=0.00026482 0.032015 0.0257404 0.0197413 -0.0261403 0.0333902 0.00538304 0.00957945 -0.037029 -0.0181864 -0.0211195 -0.00031273 0.0167305 -0.0397908 -0.00616635
internal_weight=304.621 139.261 134.291 121.576 165.36 60.3504 61.2255 55.2255 66.86 98.5 75.48 19.9321 35.2934 60.4 23.02
internal_count=211 58 57 54 153 19 35 29 63 90 69 13 16 58 21
is_linear=0
shrinkage=0.0283266


Tree=116
num_leaves=14
num_cat=0
split_feature=4 17 2 7 5 5 7 8 2 2 8 19 8
split_gain=303.578 90.9746 34.2204 17.2476 10.8185 8.5851 3.79319 3.35767 2.91279 2.76179 1.07442 1.52299 0.518043
threshold=63.500000000000007 11.640000000000002 19.500000000000004 12.500000000000002 -16.228070175438592 -43.650793650793645 7.5000000000000009 1.1143790849673205 36.000000000000007 5.5000000000000009 1.220940550133097 75.000000000000014 1.2290209790209794
decision_type=2 2 2 2 2 2 2 2 2 2 2 2 2
left_child=2 -2 5 8 -3 -1 9 -6 10 -7 11 -4 -8
right_child=1 4 3 -5 7 6 12 -9 -10 -11 -12 -13 -14
leaf_value=-0.052481297140394678 0.098071240159179687 0.0032076528594329199 -0.017118288185993376 0.037712317141154465 0.019393134755980004 -0.040102398220423566 0 0.038417568920262095 0 -0.023030304659243453 0 0 -0.012439137070329488
leaf_weight=14.999999999999998 18.058811187744141 18.188504934310913 28.899999856948853 7.1470587253570548 28.532104015350342 23.599999904632568 7.1999998092651394 41.759126424789429 13.715837001800535 75.719999313354492 9.5799996852874738 5.2999999523162833 11.919999599456785
leaf_count=15 4 9 28 3 12 23 6 11 8 71 7 5 9
internal_value=0.000250835 0.0389863 -0.0203046 -0.00243631 0.0262963 -0.028546 -0.0250455 0.0314838 -0.0083916 -0.0276455 -0.012077 -0.014557 -0.00864589
internal_weight=304.621 106.539 198.083 64.6429 88.4797 133.44 118.44 70.2912 57.4958 99.32 43.78 34.2 19.12
internal_count=211 36 175 51 32 124 109 23 48 94 40 33 15
is_linear=0
shrinkage=0.0283266


Tree=117
num_leaves=13
num_cat=0
split_feature=4 26 0 7 7 5 8 23 12 22 14 20
split_gain=287.309 87.6843 35.3509 14.4274 12.049 10.6079 4.48604 4.42821 1.95947 1.44011 1.36226 1.26407
threshold=63.500000000000007 52.500000000000007 31.500000000000004 -15.499999999999998 12.500000000000002 -36.038961038961027 1.1143790849673205 14.857142857142859 10.500000000000002 -3.5549999999999993 0.18642857142857142 90.991428571428585
decision_type=2 2 2 2 2 2 2 2 2 2 2 2
left_child=2 3 5 -2 9 -1 11 8 -7 -4 -9 -5
right_child=1 -3 4 6 -6 7 -8 10 -10 -11 -12 -13
leaf_value=-0.043038892283128884 0 0.092004825756998282 -0.012422845657753168 0.025036560372056513 0.036645018054487964 -0.02968197662222961 0.03916564461956349 -0.015295028361092795 -0.0038685008228433061 0 0 0.0047799445413955113
leaf_weight=30 19.070858001708984 20.242955684661865 9.5610859394073469 18.027077794075016 7.1470587253570548 58.59999942779541 37.029732942581177 54.719999313354492 7.7599997520446768 24.134750843048096 6.1599998474121085 12.167922139167784
leaf_count=30 9 4 9 8 3 55 10 50 6 17 5 5
internal_value=0.000238184 0.0379263 -0.0197539 0.0245945 0.0025184 -0.0258904 0.0308004 -0.021411 -0.0274966 -0.00308615 -0.0138678 0.0187059
internal_weight=304.621 106.539 198.083 86.2956 40.8429 157.24 67.2247 127.24 66.36 33.6958 60.88 30.195
internal_count=211 36 175 32 29 146 23 116 61 26 55 13
is_linear=0
shrinkage=0.0283266


Tree=118
num_leaves=13
num_cat=0
split_feature=4 0 0 7 5 0 15 0 5 24 0 7
split_gain=272.047 84.0707 33.5283 13.1844 9.22312 8.39945 6.89026 3.80177 3.05104 0.759619 0.377934 0.286011
threshold=63.500000000000007 89.166666666666671 28.166666666666668 12.500000000000002 -16.228070175438592 6.3333333333333348 -14.928698752228163 56.500000000000007 -1.0000000180025095e-35 26.769285714285719 18.833333333333339 7.5000000000000009
decision_type=2 2 2 2 2 2 2 2 2 2 2 2
left_child=2 4 5 8 -2 -1 -7 -6 9 -4 11 -8
right_child=1 -3 3 -5 7 6 10 -9 -10 -11 -12 -13
leaf_value=-0.047021183873062443 0.0031668006513703197 0.093922272703439114 0 0.035607920831116122 0.012606951208152792 -0.034954533054827583 -0.022170667181747792 0.034285562022357614 0 -0.016602334050760576 -0.0094718347706802333 -0.0060506837292012014
leaf_weight=18.899999856948853 18.290314912796021 17.957001209259033 7.1583709716796902 7.1470587253570548 17.923981904983521 36 48.959999561309814 52.36724853515625 23.276379823684692 16.561085939407349 28.719999313354492 11.359999656677244
leaf_count=18 9 4 6 3 8 36 46 15 17 16 24 9
internal_value=0.000231872 0.0369101 -0.0192171 0 0.024723 -0.0263647 -0.0227982 0.0295453 -0.00566607 -0.0129145 -0.0172606 -0.0200517
internal_weight=304.621 106.539 198.083 54.1429 88.5815 143.94 125.04 70.2912 46.9958 23.7195 89.04 60.32
internal_count=211 36 175 42 32 133 115 23 39 22 79 55
is_linear=0
shrinkage=0.0283266


Tree=119
num_leaves=14
num_cat=0
split_feature=1 25 5 5 27 1 15 0 17 14 5 7 7
split_gain=250.107 101.639 18.8817 18.6034 14.7646 13.7304 3.15811 2.21971 2.2061 1.96751 0.928391 0.861994 0.643092
threshold=53.000000000000007 1.5000000000000002 -29.70588235294117 -16.228070175438592 26.100000000000005 59.500000000000007 -12.720588235294114 40.333333333333343 35.455000000000005 0.18357142857142864 -48.684210526315788 -2.4999999999999996 -1.0000000180025095e-35
decision_type=2 2 2 2 2 2 2 2 2 2 2 2 2
left_child=2 -2 10 8 6 -5 11 12 -3 -8 -1 -4 -6
right_child=1 3 4 5 7 -7 9 -9 -10 -11 -12 -13 -14
leaf_value=-0.05193363781130745 0.098696964564953887 0.0029835472351010047 -0.0053014910202195797 0 -0.0094925645552542091 0.031988657118501844 -0.018568788926723898 0.011760729947921114 -0.014653113722177223 0 -0.029593273828802467 -0.038330508989007341 0
leaf_weight=14.999999999999998 16.022987365722656 13.251853466033937 5.0000000000000027 14.989592671394346 12.000000000000002 67.752769112586975 66.019998788833618 8.7794117927551252 7.7692308425903311 8.1599998474121076 29 18 17.825293779373169
leaf_count=15 5 6 5 8 12 21 58 6 5 7 29 18 14
internal_value=-0.000136338 0.0313851 -0.021446 0.0204529 -0.0155206 0.0265475 -0.0214121 0 -0.000909565 -0.0168995 -0.0384714 -0.0335555 -0.00435532
internal_weight=299.571 119.786 179.785 103.763 135.785 82.7424 97.18 38.6047 21.0211 74.18 44 23 29.8253
internal_count=209 45 164 40 120 29 88 32 11 65 44 23 26
is_linear=0
shrinkage=0.0283266


Tree=120
num_leaves=15
num_cat=0
split_feature=1 25 2 15 8 24 2 10 7 2 23 8 6 27
split_gain=236.712 95.8241 20.8969 16.7315 10.3076 9.66301 5.68285 4.27237 1.9666 1.75273 0.701913 0.659048 0.345027 0.343668
threshold=53.000000000000007 1.5000000000000002 24.500000000000004 -26.393188854489161 0.58898944193061853 26.221428571428579 48.500000000000007 9.5000000000000018 8.5000000000000018 33.500000000000007 22.357142857142858 1.220940550133097 3.5000000000000004 79.40000000000002
decision_type=2 2 2 2 2 2 2 2 2 2 2 2 2 2
left_child=2 -2 4 -3 -1 -5 -7 8 -6 12 11 -9 -4 -8
right_child=1 3 9 5 7 6 13 10 -10 -11 -12 -13 -14 -15
leaf_value=-0.045050570809009503 0.095902334788497287 -0.011559278440415632 -0.0079057844668430355 0.0038977500556415072 -0.025965954199307882 0.010884632339781109 0.038724107838952748 0 -0.0029144280120295121 0.007756572105178188 0 -0.013608990745439989 0 0.019447489389998348
leaf_weight=24 16.022987365722656 9.9049774408340436 17.299999952316288 21.437455058097839 86.859999418258667 19.071040749549866 38.286542773246765 5.2999999523162904 8.7999997138977033 10.079411745071409 6.1199998855590811 11.619999647140501 9.7052938938140851 15.063430070877073
leaf_count=24 5 7 17 9 83 8 12 5 7 7 5 9 7 4
internal_value=-0.0001443 0.0305162 -0.0208804 0.0198816 -0.0258215 0.0237888 0.028913 -0.0214659 -0.0244233 -0.000376302 -0.00678587 -0.0097965 -0.00545853 0.0343199
internal_weight=299.571 119.786 179.785 103.763 142.7 93.8585 72.421 118.7 95.66 37.0847 23.04 16.92 27.0053 53.35
internal_count=209 45 164 40 133 33 24 109 90 31 19 14 24 16
is_linear=0
shrinkage=0.0283266


Tree=121
num_leaves=14
num_cat=0
split_feature=0 18 9 5 5 0 8 27 6 6 27 0 10
split_gain=224.718 115.965 20.8981 19.6765 13.1482 7.84651 6.50616 4.66001 2.70441 2.01158 1.9348 0.988157 0.221826
threshold=40.333333333333343 1048.3971428571431 18.500000000000004 -16.228070175438592 -36.038961038961027 56.500000000000007 0.84558093346573993 22.900000000000002 -2.4999999999999996 -8.4999999999999982 31.800000000000004 76.166666666666671 6.5000000000000009
decision_type=2 2 2 2 2 2 2 2 2 2 2 2 2
left_child=2 3 4 9 -1 8 10 -8 -5 -2 -6 -7 -10
right_child=1 -3 -4 5 6 11 7 -9 12 -11 -12 -13 -14
leaf_value=-0.040187165726242938 -0.011634121955962098 0.11443358074860821 0.028979474381496104 0 -0.030313055652967793 0.037336033805490061 -0.017145907021628333 -0.00092962359557767233 0.006943058133344439 0.0032738159112652918 0 0.017420116052795188 0.024241207952360636
leaf_weight=34 11.450226426124575 11.737919688224791 5.5117645263671866 8.7194569110870344 41 39.664370775222778 60.979998826980591 28.425293684005737 14.403620004653932 11.944160938262938 4.9999999999999991 15.248126745223997 11.486199140548704
leaf_count=34 7 3 3 6 41 12 53 24 7 6 5 4 4
internal_value=-0.000135776 0.0287389 -0.0210294 0.0193354 -0.0229837 0.0254397 -0.0182542 -0.0126086 0.0121382 -0.00166272 -0.0280227 0.0328146 0.0167553
internal_weight=299.571 124.654 174.917 112.916 169.405 89.5218 135.405 89.4053 34.6093 23.3944 46 54.9125 25.8898
internal_count=209 49 160 46 157 33 123 77 17 13 46 16 11
is_linear=0
shrinkage=0.0283266


Tree=122
num_leaves=15
num_cat=0
split_feature=0 18 9 5 8 0 5 0 6 6 12 23 0 17
split_gain=212.806 109.285 19.8399 18.6354 12.5013 7.30174 5.51317 3.49178 2.58243 1.90546 1.14025 0.894865 0.808474 0.253043
threshold=40.333333333333343 1048.3971428571431 18.500000000000004 -16.228070175438592 0.58898944193061853 56.500000000000007 -29.70588235294117 30.666666666666668 -2.4999999999999996 -8.4999999999999982 18.500000000000004 29.285714285714288 76.166666666666671 40.830000000000005
decision_type=2 2 2 2 2 2 2 2 2 2 2 2 2 2
left_child=2 3 4 9 -1 8 13 11 -5 -2 -10 -8 -7 -6
right_child=1 -3 -4 5 6 12 7 -9 10 -11 -12 -13 -14 -15
leaf_value=-0.042673215787469153 -0.01130475224587738 0.11119385048227313 0.028159545053935583 0 -0.035016673784721772 0.036278603701036742 -0.018075208112969997 0 0.0045262905400453102 0.0031811297507457741 0.024592680351919752 -0.00084740186470465067 0.016926872660284659 -0.0054124900420533641
leaf_weight=25 11.450226426124575 11.737919688224791 5.5117645263671866 8.7194569110870344 23.000000000000004 39.664370775222778 88.879998683929443 17.965293884277344 13.403620004653932 11.944160938262938 12.486199140548704 9.5599999427795392 15.248126745223997 4.9999999999999991
leaf_count=25 7 3 3 6 23 12 80 15 6 6 5 9 4 5
internal_value=-0.000121841 0.0279722 -0.0204592 0.018826 -0.0223682 0.0247674 -0.0184686 -0.0148083 0.0118285 -0.0015488 0.0163414 -0.0169636 0.0319137 -0.0317056
internal_weight=299.571 124.654 174.917 112.916 169.405 89.5218 144.405 116.405 34.6093 23.3944 25.8898 98.44 54.9125 28
internal_count=209 49 160 46 157 33 132 104 17 13 11 89 16 28
is_linear=0
shrinkage=0.0283266


Tree=123
num_leaves=14
num_cat=0
split_feature=0 18 9 5 5 0 15 23 6 6 0 6 10
split_gain=201.631 102.983 18.8463 17.6511 11.512 6.79012 5.10813 5.0559 2.46657 1.80484 0.642244 0.347959 0.220191
threshold=40.333333333333343 1048.3971428571431 18.500000000000004 -16.228070175438592 -36.038961038961027 56.500000000000007 -38.013136288998346 25.642857142857146 -2.4999999999999996 -8.4999999999999982 76.166666666666671 6.5000000000000009 9.5000000000000018
decision_type=2 2 2 2 2 2 2 2 2 2 2 2 2
left_child=2 3 4 9 -1 8 -6 12 -5 -2 -7 -9 -8
right_child=1 -3 -4 5 6 10 7 11 -10 -11 -12 -13 -14
leaf_value=-0.037986294673015293 -0.010984707079796339 0.10804583480383806 0.027362811482398747 0 -0.039253583240842833 0.035251121657144981 -0.019928558070445076 -0.004605357240083042 0.015939128383862983 0.0030910679603480939 0.01644759354733737 0 -0.0080227836793705723
leaf_weight=34 11.450226426124575 11.737919688224791 5.5117645263671866 8.7194569110870344 10.999999999999998 39.664370775222778 76.959999084472656 18.98529410362244 25.889819145202637 11.944160938262938 15.248126745223997 9.5399997234344465 18.919999599456787
leaf_count=34 7 3 3 6 11 12 71 18 11 6 4 7 16
internal_value=-0.000114263 0.0272273 -0.0199153 0.018331 -0.0217807 0.0241141 -0.0173018 -0.0149147 0.0115276 -0.0014381 0.0310384 -0.00208136 -0.0181561
internal_weight=299.571 124.654 174.917 112.916 169.405 89.5218 135.405 124.405 34.6093 23.3944 54.9125 28.5253 95.88
internal_count=209 49 160 46 157 33 123 112 17 13 16 25 87
is_linear=0
shrinkage=0.0283266


Tree=124
num_leaves=14
num_cat=0
split_feature=0 18 9 5 8 0 5 0 6 19 2 0 14
split_gain=190.845 97.0729 17.8947 16.6987 11.0412 6.35761 4.8028 3.0727 2.3397 1.74552 0.592042 0.488617 0.433675
threshold=40.333333333333343 1048.3971428571431 18.500000000000004 -16.228070175438592 0.58898944193061853 56.500000000000007 -29.70588235294117 30.666666666666668 -2.4999999999999996 24.130000000000003 24.500000000000004 76.166666666666671 0.16071428571428573
decision_type=2 2 2 2 2 2 2 2 2 2 2 2 2
left_child=2 3 4 9 12 8 -6 10 -5 -2 -8 -7 -1
right_child=1 -3 -4 5 6 11 7 -9 -10 -11 -12 -13 -14
leaf_value=-0.046727317979184009 -0.011050215898098568 0.104986945417108 0.026588620730723902 0 -0.029987915965328838 0.034252739023993839 -0.017116961176094056 0 0.01548773964997349 0.0028292925527965669 -0.001811030864672668 0.015981885878143188 -0.016203014085825692
leaf_weight=18.000000000000004 10.989410042762758 11.737919688224791 5.5117645263671866 8.7194569110870344 28 39.664370775222778 87.839998722076416 17.965293884277344 25.889819145202637 12.404977321624754 10.599999904632567 15.248126745223997 6.9999999999999991
leaf_count=18 6 3 3 6 28 12 79 15 11 7 10 4 7
internal_value=-0.000104393 0.0264908 -0.0193735 0.0178361 -0.0211961 0.0234617 -0.0174877 -0.0140048 0.0111899 -0.00133054 -0.0160303 0.0301879 -0.0403965
internal_weight=299.571 124.654 174.917 112.916 169.405 89.5218 144.405 116.405 34.6093 23.3944 98.44 54.9125 25
internal_count=209 49 160 46 157 33 132 104 17 13 89 16 25
is_linear=0
shrinkage=0.0283266


Tree=125
num_leaves=12
num_cat=0
split_feature=0 18 9 5 5 24 15 27 0 19 27
split_gain=180.755 91.4968 17.0036 15.7987 10.2297 5.97843 4.6757 4.4044 2.55182 1.653 1.64175
threshold=40.333333333333343 1048.3971428571431 18.500000000000004 -16.228070175438592 -36.038961038961027 26.221428571428579 -12.720588235294114 22.900000000000002 56.500000000000007 24.130000000000003 31.800000000000004
decision_type=2 2 2 2 2 2 2 2 2 2 2
left_child=2 3 4 9 -1 -5 10 -8 -7 -2 -6
right_child=1 -3 -4 5 6 8 7 -9 -10 -11 -12
leaf_value=-0.036004584810056493 -0.010737384230858403 0.10201465038070404 0.025836335467128092 0.0047656880363975461 -0.029099196867721659 0.012247147100412924 -0.015948145836752359 -0.00048430041585048047 0.03118231588112251 0.00274919007284717 0
leaf_weight=34 10.989410042762758 11.737919688224791 5.5117645263671866 18.892206072807312 32 18.986199259757996 69.979998826980591 28.425293684005737 51.643368244171143 12.404977321624754 4.9999999999999991
leaf_count=34 6 3 3 8 32 10 62 24 15 7 5
internal_value=-0.000102398 0.0257752 -0.0188601 0.0173552 -0.0206415 0.0228279 -0.0163742 -0.0120431 0.0268761 -0.00122603 -0.0263962
internal_weight=299.571 124.654 174.917 112.916 169.405 89.5218 135.405 98.4053 70.6296 23.3944 37
internal_count=209 49 160 46 157 33 123 86 25 13 37
is_linear=0
shrinkage=0.0283266


Tree=126
num_leaves=12
num_cat=0
split_feature=0 0 7 8 5 0 9 7 0 25 7
split_gain=191.951 57.0365 24.7672 11.7897 9.16168 6.57716 2.74127 2.53695 2.21548 1.01544 0.402837
threshold=49.666666666666679 89.166666666666671 11.500000000000002 0.58898944193061853 -16.228070175438592 18.833333333333339 -15.999999999999998 -6.4999999999999991 6.3333333333333348 5.5000000000000009 7.5000000000000009
decision_type=2 2 2 2 2 2 2 2 2 2 2
left_child=2 4 3 -1 6 8 -2 -7 -5 -9 -10
right_child=1 -3 -4 5 -6 7 -8 9 10 -11 -12
leaf_value=-0.038927035851120971 0.013127001258380202 0.078835104500600911 0.015621933432806415 -0.03517820473563972 0.026416946821197294 -0.017450255957014726 -0.0064970724714795581 -0.0070180741909911153 -0.018810209019316178 0 -0.004284716334757503
leaf_weight=24 10.720179080963137 17.957001209259033 16.680588006973267 14.899999856948851 67.984895586967468 17 9.1312217712402326 23.219999551773071 62.959999561309814 25.908868551254272 12.359999656677244
leaf_count=24 5 4 9 14 22 17 5 20 60 20 10
internal_value=0.000703856 0.0316539 -0.0156345 -0.0188323 0.0213742 -0.0153928 0.00131863 -0.00724581 -0.020751 -0.0025884 -0.0171607
internal_weight=302.823 105.793 197.029 180.349 87.8363 156.349 19.8514 66.1289 90.22 49.1289 75.32
internal_count=210 36 174 165 32 141 10 57 84 40 70
is_linear=0
shrinkage=0.0283266


Tree=127
num_leaves=13
num_cat=0
split_feature=4 17 12 7 2 18 7 8 12 14 9 0
split_gain=184.224 54.5962 18.4269 8.7458 8.67122 7.55585 3.98598 2.25434 1.27417 1.21447 0.435878 0.313189
threshold=63.500000000000007 11.640000000000002 10.500000000000002 -15.499999999999998 8.5000000000000018 178.93225274725276 2.5000000000000004 1.0983870967741938 7.5000000000000009 0.16214285714285712 7.5000000000000009 29.333333333333339
decision_type=2 2 2 2 2 2 2 2 2 2 2 2
left_child=2 -2 4 -3 8 9 7 -6 -1 10 -4 -8
right_child=1 3 5 -5 6 -7 11 -9 -10 -11 -12 -13
leaf_value=-0.030769647241383626 0.076751500086053193 0 0 0.024964156569207623 -0.019523507476153362 0.020143860412526266 -0.0039594833163548162 0 -0.0054413311986105314 0 -0.014556199593559138 0
leaf_weight=57.699999570846558 18.058811187744141 16.525609016418457 5.861085891723639 72.700732827186584 52.299999952316284 11.761764526367186 18.219999551773075 9.4583709239959699 7.2999999523162833 13.285791635513304 12.319999694824217 7.3305881023406974
leaf_count=55 4 8 5 24 52 8 15 8 7 9 10 5
internal_value=0.000666598 0.0306672 -0.0155116 0.0207159 -0.0201487 0 -0.0130915 -0.0171322 -0.0287759 -0.006396 -0.0111522 -0.00116091
internal_weight=302.823 107.285 195.538 89.2263 152.309 43.2286 87.309 61.7584 65 31.4669 18.1811 25.5506
internal_count=210 36 174 32 142 32 80 60 62 24 15 20
is_linear=0
shrinkage=0.0283266


Tree=128
num_leaves=13
num_cat=0
split_feature=0 0 7 8 5 0 7 0 2 25 14 7
split_gain=172.133 51.2322 22.5412 10.6597 8.40881 5.8004 2.25705 1.87108 0.974751 0.927824 0.573583 0.274617
threshold=49.666666666666679 89.166666666666671 11.500000000000002 0.58898944193061853 -16.228070175438592 18.833333333333339 -6.4999999999999991 6.3333333333333348 53.500000000000007 5.5000000000000009 0.16071428571428573 7.5000000000000009
decision_type=2 2 2 2 2 2 2 2 2 2 2 2
left_child=2 4 3 10 8 7 -7 -5 -2 -8 -1 -9
right_child=1 -3 -4 5 -6 6 9 11 -10 -11 -12 -13
leaf_value=-0.042605121342726586 -0.0014704535264609907 0.074725176192982537 0.014915788468997462 -0.033310933790889917 0.024987328729542346 -0.016510176242021456 -0.0066367515951830918 -0.017738592211685104 0.0088894944426645781 0 -0.011218700378014207 -0.0039252158608032977
leaf_weight=18.000000000000004 10.047511219978334 17.957001209259033 16.680588006973267 14.899999856948851 67.984895586967468 17 23.219999551773071 62.959999561309814 9.8038896322250348 25.908868551254272 5.9999999999999991 12.359999656677244
leaf_count=18 6 4 9 14 22 17 20 60 4 20 6 10
internal_value=0.000633841 0.0299521 -0.0148284 -0.0178862 0.020165 -0.0145874 -0.00685 -0.0196454 0.000864637 -0.00238102 -0.0370653 -0.0162059
internal_weight=302.823 105.793 197.029 180.349 87.8363 156.349 66.1289 90.22 19.8514 49.1289 24 75.32
internal_count=210 36 174 165 32 141 57 84 10 40 24 70
is_linear=0
shrinkage=0.0283266


Tree=129
num_leaves=14
num_cat=0
split_feature=4 26 7 7 5 23 19 24 2 6 14 20 20
split_gain=165.067 48.7277 16.6453 11.5268 10.6262 7.12164 2.06957 1.78588 4.21706 1.51148 1.35266 0.930282 0.344052
threshold=63.500000000000007 52.500000000000007 11.500000000000002 -15.499999999999998 -36.038961038961027 14.857142857142859 34.985000000000007 26.59500000000001 51.500000000000007 8.5000000000000018 0.17785714285714288 93.030000000000015 73.327857142857155
decision_type=2 2 2 2 2 2 2 2 2 2 2 2 2
left_child=2 3 4 -2 -1 9 11 -5 -9 10 -6 12 -7
right_child=1 -3 -4 7 5 6 -8 8 -10 -11 -12 -13 -14
leaf_value=-0.032521858637561907 0 0.069641927149905206 0.014099185512593477 0.013577840192213185 -0.024207918487845686 0 0 0.015848752773500195 0.04077271763038802 0 -0.0049091468730697212 0 -0.013601008574945804
leaf_weight=34 19.070858001708984 20.242955684661865 12.921764373779295 25.5785151720047 51.999999523162842 7.8599998950958243 34.354750871658325 21.264705896377563 21.128118276596069 7.7599997520446768 11.199999809265135 5.1210858821868888 30.319999694824219
leaf_count=34 9 4 8 9 49 7 28 8 6 6 10 4 28
internal_value=0.000593512 0.0290011 -0.0147107 0.0189102 -0.0170522 -0.0131401 -0.00613899 0.0243717 0.0295781 -0.0200219 -0.0216629 -0.0102921 -0.0118187
internal_weight=302.823 107.285 195.538 87.0422 182.616 148.616 77.6558 67.9713 42.3928 70.96 63.2 43.3011 38.18
internal_count=210 36 174 32 166 132 67 23 14 65 59 39 35
is_linear=0
shrinkage=0.0283266


Tree=130
num_leaves=11
num_cat=0
split_feature=4 17 7 8 7 27 5 0 24 25
split_gain=156.393 47.5672 15.8171 10.1181 7.4777 6.13653 2.34079 1.75265 0.800501 0.3553
threshold=63.500000000000007 11.640000000000002 11.500000000000002 0.58898944193061853 -15.499999999999998 20.200000000000003 -1.0000000180025095e-35 6.3333333333333348 26.527857142857147 5.5000000000000009
decision_type=2 2 2 2 2 2 2 2 2 2
left_child=2 -2 3 -1 -3 7 8 -5 -7 -8
right_child=1 4 -4 5 -6 6 9 -9 -10 -11
leaf_value=-0.035273326951337156 0.071287831761208356 0 0.013700002769930719 -0.03161912932980334 0.022804004755061953 0 -0.0036436038304550333 -0.015149008513873786 -0.013691196500847888 0.0022081034898440207
leaf_weight=24 18.058811187744141 16.525609016418457 12.921764373779295 14.899999856948851 72.700732827186584 7.1583709716796902 14.319999694824217 79.219999074935913 23.561085939407349 19.456379890441895
leaf_count=24 4 8 8 14 24 6 12 73 23 14
internal_value=0.000564909 0.0282208 -0.0143268 -0.016613 0.0188806 -0.0134398 -0.0054233 -0.0183454 -0.0110848 0
internal_weight=302.823 107.285 195.538 182.616 89.2263 158.616 64.4958 94.12 30.7195 33.7764
internal_count=210 36 174 166 32 142 55 87 29 26
is_linear=0
shrinkage=0.0283266


Tree=131
num_leaves=13
num_cat=0
split_feature=4 0 12 7 2 18 6 7 23 11 2 26
split_gain=147.949 44.8031 15.2689 6.8694 6.83932 6.82981 3.3268 1.59699 1.49483 1.30397 0.609585 0.2155
threshold=63.500000000000007 89.166666666666671 10.500000000000002 -15.499999999999998 8.5000000000000018 178.93225274725276 3.5000000000000004 5.5000000000000009 29.285714285714288 1.0000000180025095e-35 15.000000000000002 8.5000000000000018
decision_type=2 2 2 2 2 2 2 2 2 2 2 2
left_child=2 3 4 -2 9 8 7 11 10 -1 -4 -6
right_child=1 -3 5 -5 6 -7 -8 -9 -10 -11 -12 -13
leaf_value=-0.032142091148802149 0 0.069420004926031356 0 0.022158102626587288 -0.017016122838691056 0.019287305133967692 0 0 0 -0.016658306098279691 -0.014086044233812385 0
leaf_weight=35.299999952316284 16.627418994903564 17.957001209259033 7.759999752044684 72.700732827186584 55.899999856948853 11.761764526367186 20.808958768844604 5.5999999046325675 9.6468777656555158 29.699999570846558 14.05999970436096 4.9999999999999991
leaf_count=35 8 4 6 24 55 8 15 5 6 27 12 5
internal_value=0.000539402 0.0274432 -0.0139397 0.018382 -0.0181631 0 -0.0117543 -0.0148839 -0.00591843 -0.0259195 -0.0102695 -0.0162154
internal_weight=302.823 107.285 195.538 89.3282 152.309 43.2286 87.309 66.5 31.4669 65 21.82 60.9
internal_count=210 36 174 32 142 32 80 65 24 62 18 60
is_linear=0
shrinkage=0.0283266


Tree=132
num_leaves=13
num_cat=0
split_feature=4 26 12 21 18 15 28 8 23 14 23 13
split_gain=140.021 43.4416 14.4815 6.61052 6.44375 5.87786 6.91594 3.48084 2.9829 2.26812 1.43454 0.927271
threshold=63.500000000000007 52.500000000000007 10.500000000000002 0.23928571428571432 178.93225274725276 1.0000000180025095e-35 92.596428571428575 0.88444444444444448 21.857142857142861 0.13928571428571432 29.285714285714288 24.992142857142859
decision_type=2 2 2 2 2 2 2 2 2 2 2 2
left_child=2 5 3 -1 10 6 9 -5 -9 -2 11 -4
right_child=1 -3 4 7 -6 -7 -8 8 -10 -11 -12 -13
leaf_value=-0.037029167363779716 0.0048786669178405226 0.065079016781183899 0 -0.020722005634061586 0.018741259804826976 0.023605335245696579 0.024724341866925802 -0.013471765766386827 0 -0.011696794652617972 0 -0.014980072180475278
leaf_weight=16.599999904632568 12.805328369140627 20.242955684661865 8.7599997520446831 62 11.761764526367186 52.087016344070435 11.036730289459227 48.059999227523804 25.648958921432495 11.113122344017027 9.6468777656555158 13.05999970436096
leaf_count=16 6 4 7 62 8 16 4 43 21 6 6 11
internal_value=0.000510805 0.0266888 -0.01357 -0.0176832 0 0.0171216 0.0058772 -0.014908 -0.00926668 -0.000514264 -0.00574018 -0.0100125
internal_weight=302.823 107.285 195.538 152.309 43.2286 87.0422 34.9552 135.709 73.709 23.9185 31.4669 21.82
internal_count=210 36 174 142 32 32 16 126 64 12 24 18
is_linear=0
shrinkage=0.0283266


Tree=133
num_leaves=15
num_cat=0
split_feature=0 25 0 6 4 8 0 21 19 29 17 14 2 8
split_gain=139.211 43.8948 30.0664 8.6137 4.76846 4.36816 4.35907 3.88669 3.8011 2.04757 1.13131 0.935679 0.623618 0.592681
threshold=62.000000000000007 2.5000000000000004 31.500000000000004 6.5000000000000009 7.5000000000000009 0.89827586206896559 76.166666666666671 0.36071428571428571 38.38000000000001 26.905714285714286 48.925000000000004 0.18357142857142864 24.500000000000004 2.0625000000000004
decision_type=2 2 2 2 2 2 2 2 2 2 2 2 2 2
left_child=2 -2 4 8 -1 -6 -3 -5 9 -4 -10 12 13 -7
right_child=1 6 3 7 5 11 -8 -9 10 -11 -12 -13 -14 -15
leaf_value=-0.03872716894749962 0.074866704119778971 0.028142797503331467 0 0.024487792147205208 -0.022216606034218718 -0.013371698321766209 0.0066578748788523115 0 0 -0.021129203579547774 0.009802085719935117 0 0 0
leaf_weight=11.299999952316282 17.787317752838135 30.201474905014038 6.5463800430297878 18.157058715820316 60 62.119998931884766 20.877808332443237 13.187873125076292 9.1674207448959368 11.226244330406187 11.024886846542357 9.4599997997283918 11.899999856948851 6.4599997997283927
leaf_count=11 4 10 5 7 60 55 6 6 7 9 8 8 11 5
internal_value=0 0.0353092 -0.0105858 0.00438933 -0.0173655 -0.0153855 0.0204448 0.015746 -0.00353294 -0.0137713 0.00274451 -0.0102128 -0.01122 -0.012451
internal_weight=299.416 68.8666 230.55 69.3099 161.24 149.94 51.0793 31.3449 37.9649 17.7726 20.1923 89.94 80.48 68.58
internal_count=212 20 192 42 150 139 16 13 29 14 15 79 71 60
is_linear=0
shrinkage=0.0283266


Tree=134
num_leaves=14
num_cat=0
split_feature=0 25 0 6 4 0 21 19 15 1 17 2 7
split_gain=131.818 41.254 28.5084 8.19026 4.41709 4.03811 3.61684 3.58504 3.37992 1.76155 1.07794 0.569024 0.251434
threshold=62.000000000000007 2.5000000000000004 31.500000000000004 6.5000000000000009 7.5000000000000009 76.166666666666671 0.36071428571428571 38.38000000000001 -13.961038961038961 53.000000000000007 48.925000000000004 24.500000000000004 -2.4999999999999996
decision_type=2 2 2 2 2 2 2 2 2 2 2 2 2
left_child=2 -2 4 7 -1 -3 -5 9 -6 -4 -9 12 -10
right_child=1 5 3 6 8 -7 -8 10 11 -11 -12 -13 -14
leaf_value=-0.03763078554937177 0.072746751729356587 0.027345777845989801 0 0.023794382113291927 -0.022962899097638774 0.0064693381307071541 0 0 -0.018880511157426373 -0.022578036922770359 0.0095245882616476051 0 -0.0092952517429030559
leaf_weight=11.299999952316282 17.787317752838135 30.201474905014038 8.7500000000000018 18.157058715820316 44 20.877808332443237 13.187873125076292 9.1674207448959368 21 9.0226243734359723 11.024886846542357 11.899999856948851 73.039998531341553
leaf_count=11 4 10 7 7 44 6 6 7 21 7 8 11 63
internal_value=0 0.0343547 -0.0103049 0.0042604 -0.0169085 0.0198964 0.0153442 -0.00343661 -0.0149768 -0.0133934 0.00259296 -0.0111372 -0.0120244
internal_weight=299.416 68.8666 230.55 69.3099 161.24 51.0793 31.3449 37.9649 149.94 17.7726 20.1923 105.94 94.04
internal_count=212 20 192 42 150 16 13 29 139 14 15 95 84
is_linear=0
shrinkage=0.0283266


Tree=135
num_leaves=12
num_cat=0
split_feature=0 25 0 6 0 8 0 19 21 29 17
split_gain=124.859 38.7658 27.015 7.80313 4.14069 3.91308 3.73715 3.39975 3.3634 1.87481 1.027
threshold=62.000000000000007 2.5000000000000004 31.500000000000004 6.5000000000000009 6.3333333333333348 0.81087662337662347 76.166666666666671 38.38000000000001 0.36071428571428571 26.905714285714286 48.925000000000004
decision_type=2 2 2 2 2 2 2 2 2 2 2
left_child=2 -2 4 7 -1 -6 -3 9 -5 -4 -9
right_child=1 6 3 8 5 -7 -8 10 -10 -11 -12
leaf_value=-0.031593120688477951 0.070686830546684995 0.026571330382267208 0 0.023120607896357157 -0.022108303997249022 -0.0097843552422046502 0.0062861399305722647 0 0 -0.020106188826839549 0.0092549468023637518
leaf_weight=18.899999856948853 17.787317752838135 30.201474905014038 6.5463800430297878 18.157058715820316 45 97.339998483657837 20.877808332443237 9.1674207448959368 13.187873125076292 11.226244330406187 11.024886846542357
leaf_count=18 4 10 5 7 45 87 6 7 6 9 8
internal_value=0 0.0334273 -0.0100374 0.00412418 -0.0164674 -0.0140695 0.0193636 -0.00336297 0.0149539 -0.0130688 0.0024457
internal_weight=299.416 68.8666 230.55 69.3099 161.24 142.34 51.0793 37.9649 31.3449 17.7726 20.1923
internal_count=212 20 192 42 150 132 16 29 13 14 15
is_linear=0
shrinkage=0.0283266


Tree=136
num_leaves=14
num_cat=0
split_feature=0 25 0 5 2 12 0 12 20 21 5 15 12
split_gain=118.186 36.4215 25.5833 8.04497 3.96179 3.71937 3.45501 2.54336 1.92611 1.37366 1.25583 0.597757 0.552652
threshold=62.000000000000007 2.5000000000000004 31.500000000000004 -8.6028323821602228 8.5000000000000018 18.500000000000004 76.166666666666671 7.5000000000000009 90.642857142857153 0.31928571428571434 25.304878048780491 31.547619047619047 -28.499999999999996
decision_type=2 2 2 2 2 2 2 2 2 2 2 2 2
left_child=2 -2 4 8 7 9 -3 -1 -4 -5 12 -12 -6
right_child=1 6 3 5 10 -7 -8 -9 -10 -11 11 -13 -14
leaf_value=-0.024720571714512429 0.068685240576319528 0.025818815869428951 -0.023090752712867351 0.0086693481031233696 0 0.022192564123783082 0.0061081298655001753 -0.0029722214792017435 0 -0.00035665543183042059 0 -0.0069133975730254638 -0.014219319350551278
leaf_weight=58.399999618530273 17.787317752838135 30.201474905014038 6.6628959178924587 18.797556400299072 4.9999999999999991 16.697963714599609 20.877808332443237 11.159999847412108 12.384615302085875 14.766832470893858 12.799999713897707 14.21999955177307 59.65999960899353
leaf_count=56 4 10 6 10 5 7 6 10 9 10 11 11 57
internal_value=0 0.0325262 -0.00976117 0.00400317 -0.0160204 0.0105127 0.0188458 -0.0220262 -0.010272 0.00305307 -0.0108598 -0.00272247 -0.0134052
internal_weight=299.416 68.8666 230.55 69.3099 161.24 50.2624 51.0793 69.56 19.0475 33.5644 91.68 27.02 64.66
internal_count=212 20 192 42 150 27 16 66 15 20 84 22 62
is_linear=0
shrinkage=0.0283266


Tree=137
num_leaves=14
num_cat=0
split_feature=0 25 0 5 15 12 0 0 20 21 14 23 21
split_gain=111.968 34.213 24.1686 7.65188 3.78576 3.50025 3.19059 2.6155 1.78917 1.30845 0.765584 0.819681 0.460841
threshold=62.000000000000007 2.5000000000000004 31.500000000000004 -8.6028323821602228 -38.013136288998346 18.500000000000004 76.166666666666671 7.166666666666667 90.642857142857153 0.31928571428571434 0.18357142857142864 25.642857142857146 0.25500000000000006
decision_type=2 2 2 2 2 2 2 2 2 2 2 2 2
left_child=2 -2 4 8 -1 9 -3 -6 -4 -5 11 12 -9
right_child=1 6 3 5 7 -7 -8 10 -10 -11 -12 -13 -14
leaf_value=-0.029662770024159724 0.066740326609478165 0.025087612503206097 -0.022437302509583396 0.008423859287815777 -0.02506762874973328 0.021564166913198016 0.0059351612010110936 -0.00070530627169602728 0 -0.00034655717078598897 0 -0.0013193089605701908 -0.013966317510925301
leaf_weight=20 17.787317752838135 30.201474905014038 6.6628959178924587 18.797556400299072 20.199999809265137 16.697963714599609 20.877808332443237 11.459999799728392 12.384615302085875 14.766832470893858 12.459999799728392 16.859999895095825 80.25999903678894
leaf_count=20 4 10 6 10 19 7 6 10 9 10 11 16 74
internal_value=0 0.0316505 -0.00950941 0.00385016 -0.0155947 0.0102151 0.0183427 -0.0132102 -0.0100433 0.00292001 -0.0107736 -0.0116209 -0.012912
internal_weight=299.416 68.8666 230.55 69.3099 161.24 50.2624 51.0793 141.24 19.0475 33.5644 121.04 108.58 91.72
internal_count=212 20 192 42 150 27 16 130 15 20 111 100 84
is_linear=0
shrinkage=0.0283266


Tree=138
num_leaves=13
num_cat=0
split_feature=0 25 0 5 4 14 14 0 5 20 14 2
split_gain=106.156 32.1325 22.8763 7.27906 3.61455 3.1304 3.32959 2.94284 2.86931 1.66053 0.863735 0.576889
threshold=62.000000000000007 2.5000000000000004 31.500000000000004 -8.6028323821602228 7.5000000000000009 0.14928571428571433 0.13500000000000004 76.166666666666671 -21.82846932698034 90.642857142857153 0.18357142857142864 24.500000000000004
decision_type=2 2 2 2 2 2 2 2 2 2 2 2
left_child=2 -2 4 9 -1 6 -5 -3 -6 -4 11 -10
right_child=1 7 3 5 8 -7 -8 -9 10 -11 -12 -13
leaf_value=-0.034226962248857483 0.064850483537713541 0.024377116756183263 -0.021802344292338436 0.00043570445859269157 -0.020556530350962186 0 0.023933377129652565 0.0057670898301021368 -0.011642380401246511 0 0 0
leaf_weight=11.299999952316282 17.787317752838135 30.201474905014038 6.6628959178924587 13.778280496597292 46 18.799682974815369 17.684389114379883 20.877808332443237 80.579998731613159 12.384615302085875 11.459999799728392 11.899999856948851
leaf_count=11 4 10 6 7 46 11 9 6 72 9 10 11
internal_value=0 0.0307997 -0.00927756 0.00370149 -0.0151993 0.00992582 0.0154012 0.0178539 -0.0133954 -0.00982107 -0.00969346 -0.0106348
internal_weight=299.416 68.8666 230.55 69.3099 161.24 50.2624 31.4627 51.0793 149.94 19.0475 103.94 92.48
internal_count=212 20 192 42 150 27 16 16 139 15 93 83
is_linear=0
shrinkage=0.0283266


Tree=139
num_leaves=14
num_cat=0
split_feature=0 25 0 5 5 12 0 8 23 14 21 19 9
split_gain=100.559 30.1727 21.6827 6.95533 3.41037 3.15176 2.71078 2.27683 1.36875 1.43666 1.20468 1.13917 0.254999
threshold=62.000000000000007 2.5000000000000004 31.500000000000004 -8.6028323821602228 -48.684210526315788 18.500000000000004 76.166666666666671 0.89827586206896559 21.857142857142861 0.18214285714285719 0.31928571428571434 38.38000000000001 -2.4999999999999996
decision_type=2 2 2 2 2 2 2 2 2 2 2 2 2
left_child=2 -2 4 11 -1 10 -3 -6 9 12 -5 -4 -9
right_child=1 6 3 5 7 -7 -8 8 -10 -11 -12 -13 -14
leaf_value=-0.032001095406122948 0.063014155214268938 0.023686743489583686 -0.015564846399650067 0.0079983557134346364 -0.018454500981697885 0.020477448727417875 0.005603778113405896 0 0 0 -0.00038347031931306076 0 -0.013667381744335211
leaf_weight=12.999999999999998 17.787317752838135 30.201474905014038 11.022624373435976 18.797556400299072 57 16.697963714599609 20.877808332443237 6.9999999999999991 20.759999752044678 12.05999970436096 14.766832470893858 8.0248868465423566 51.41999888420105
leaf_count=13 4 10 9 10 57 7 6 7 19 10 10 6 44
internal_value=0 0.0299729 -0.0090335 0.00358544 -0.0148004 0.00968393 0.0173789 -0.0129179 -0.00885248 -0.010818 0.00266543 -0.00960511 -0.0126852
internal_weight=299.416 68.8666 230.55 69.3099 161.24 50.2624 51.0793 148.24 91.24 70.48 33.5644 19.0475 58.42
internal_count=212 20 192 42 150 27 16 137 80 61 20 15 51
is_linear=0
shrinkage=0.0283266


Tree=140
num_leaves=14
num_cat=0
split_feature=1 25 5 11 1 5 17 23 24 8 7 7 25
split_gain=86.1223 44.9234 10.9152 7.40905 5.93868 4.51935 2.3879 2.19385 1.94318 0.503144 0.473778 0.390043 0.231711
threshold=53.000000000000007 1.5000000000000002 -16.228070175438592 8.5000000000000018 59.500000000000007 -48.684210526315788 35.455000000000005 13.000000000000002 26.59500000000001 2.0625000000000004 4.5000000000000009 11.500000000000002 5.5000000000000009
decision_type=2 2 2 2 2 2 2 2 2 2 2 2 2
left_child=3 -2 6 5 -4 -1 -3 9 -6 -7 -9 12 -5
right_child=1 2 4 11 8 7 -8 10 -10 -11 -12 -13 -14
leaf_value=-0.033364007066443109 0.06310925215213431 0 0 -0.0048338928832003776 0.0082914506606529183 -0.018545056283611878 -0.018203321413799576 -0.0089254875153614906 0.023650054176435238 0 0 0.0056424062413687115 0
leaf_weight=13.999999999999998 16.022987365722656 13.251853466033937 14.989592671394346 10.659999608993536 23.542316079139709 60.699999570846558 7.7692308425903311 61.224705696105957 44.498579502105713 5.8999998569488517 10.159999847412108 7.835294008255004 11.319999694824217
leaf_count=14 5 6 8 8 8 58 5 59 13 5 9 5 9
internal_value=-0.000204064 0.018225 0.0107787 -0.0126801 0.0155921 -0.0152132 -0.00560462 -0.0129697 0.0191492 -0.0175326 -0.00793738 0 -0.00169696
internal_weight=301.875 120.075 104.052 181.8 83.0305 151.985 21.0211 137.985 68.0409 66.6 71.3847 29.8153 21.98
internal_count=212 45 40 167 29 145 11 131 21 63 68 22 17
is_linear=0
shrinkage=0.0283266


Tree=141
num_leaves=14
num_cat=0
split_feature=12 1 5 11 24 5 13 23 29 8 1 22 12
split_gain=87.0325 48.8592 12.9368 7.03778 5.86465 4.19134 3.64343 2.02829 1.72497 0.424527 0.408924 0.388327 0.523962
threshold=70.500000000000014 53.000000000000007 -25.536314293098993 8.5000000000000018 26.59500000000001 -48.684210526315788 24.427142857142865 13.000000000000002 26.517857142857149 2.0625000000000004 73.500000000000014 1.2557142857142856 18.500000000000004
decision_type=2 2 2 2 2 2 2 2 2 2 2 2 2
left_child=1 3 -3 5 8 -1 -6 9 -4 -7 -10 12 -5
right_child=-2 2 4 11 6 7 -8 -9 10 -11 -12 -13 -14
leaf_value=-0.032419353440473545 0.082438844069100306 -0.015333475943864531 -8.2401904591243965e-05 0 0.027106773299770091 -0.018019793912432833 0.0068252840120814912 -0.0077205513229023524 0.0018915478731285696 0 0.014955299127205054 -0.0031358924150252051 0.010055107433486567
leaf_weight=13.999999999999998 9.8374671936035138 10.989410042762755 12.373804569244383 9.745293855667116 37.912081360816956 60.699999570846558 19.093285322189331 71.384705543518066 17.523529291152958 5.8999998569488517 12.344982147216795 14.21999955177307 5.8499999046325675
leaf_count=14 2 6 5 7 12 58 8 68 8 5 4 11 4
internal_value=-0.000201325 -0.00317608 0.0114448 -0.0123457 0.0149674 -0.0148145 0.0212845 -0.0126264 0.00513288 -0.0170539 0.00914255 0 0.00331733
internal_weight=301.875 292.037 110.237 181.8 99.2477 151.985 57.0054 137.985 42.2423 66.6 29.8685 29.8153 15.5953
internal_count=212 210 43 167 37 145 20 131 17 63 12 22 11
is_linear=0
shrinkage=0.0283266


Tree=142
num_leaves=17
num_cat=0
split_feature=12 0 5 7 24 15 0 12 6 12 12 17 5 14 23 2
split_gain=82.1855 45.1888 9.81335 9.78432 4.29399 3.93521 2.86504 2.5265 1.35762 1.1409 1.11244 1.07513 1.06679 1.04533 0.979589 0.356982
threshold=70.500000000000014 40.333333333333343 -25.536314293098993 8.5000000000000018 26.265714285714292 -38.013136288998346 56.500000000000007 13.500000000000002 8.5000000000000018 -17.499999999999996 -34.499999999999993 51.790000000000006 -33.90804597701149 0.16071428571428573 27.785714285714288 46.500000000000007
decision_type=2 2 2 2 2 2 2 2 2 2 2 2 2 2 2 2
left_child=1 3 -3 5 15 13 9 -5 10 -6 -7 -8 -12 -1 -14 -4
right_child=-2 2 4 7 6 8 11 -9 -10 -11 12 -13 14 -15 -16 -17
leaf_value=-0.032477381479178363 0.080105161248502477 -0.011171178055343367 0.0048014874230790485 0 0 0 0.025718247588949146 0.017885821601014724 0 0.0099598446986635444 -0.021945168024062885 0.010088015056088443 -0.011927953180438492 -0.0011937862226842082 0 0
leaf_weight=17.000000000000004 9.8374671936035138 11.989410042762755 14.523529291152956 13.085293769836428 7.1674207448959377 5.9999999999999991 35.352086186408997 7.5117645263671866 8.7999997138977033 12.615158557891844 23 20.142756938934326 86.299998998641968 4.9999999999999991 11.999999999999998 11.549672245979307
leaf_count=17 2 7 6 10 5 6 10 5 6 6 23 7 80 5 12 5
internal_value=-0.000195006 -0.00309088 0.0106428 -0.0121108 0.013769 -0.0145961 0.0173311 0.00428238 -0.0120415 0.00412421 -0.0127897 0.0210424 -0.0133801 -0.0278808 -0.0108126 0.00136422
internal_weight=301.875 292.037 113.34 178.697 101.351 158.1 75.2774 20.5971 136.1 19.7826 127.3 55.4948 121.3 22 98.3 26.0732
internal_count=212 210 46 164 39 149 28 15 127 11 121 17 115 22 92 11
is_linear=0
shrinkage=0.0283266


Tree=143
num_leaves=13
num_cat=0
split_feature=12 1 5 9 22 17 5 23 20 12 26 10
split_gain=77.6226 43.9645 11.7351 6.30943 4.11812 5.26093 3.76521 1.77626 1.09305 0.540313 0.462548 0.31375
threshold=70.500000000000014 53.000000000000007 -25.536314293098993 9.5000000000000018 -2.7764285714285708 57.945 -48.684210526315788 13.000000000000002 87.865714285714304 16.500000000000004 8.5000000000000018 12.500000000000002
decision_type=2 2 2 2 2 2 2 2 2 2 2 2
left_child=1 3 -3 6 -4 -6 -1 10 -7 -5 -8 -9
right_child=-2 2 4 9 5 8 7 11 -10 -11 -12 -13
leaf_value=-0.030709698199204178 0.077837545342456751 -0.014555375063060408 9.0193058046663567e-05 -0.0014931076897100007 0.022724348589387922 0.0099120242530337816 -0.017530910301748567 -0.0078131210418540872 0 0.0068405909614896662 -0.0019816068473599798 0
leaf_weight=13.999999999999998 9.8374671936035138 10.989410042762755 20.809853196144104 17.80529356002808 52.587380051612854 13.088760614395143 57.699999570846558 67.524705648422241 12.761688828468321 8.4099998474121076 10.199999809265135 6.1599998474121085
leaf_count=14 2 6 10 13 17 4 55 65 6 6 9 5
internal_value=-0.000195383 -0.00301484 0.010841 -0.0117205 0.0142105 0.017252 -0.0138944 -0.0118401 0.00397971 0 -0.0160092 -0.00724746
internal_weight=301.875 292.037 110.237 181.8 99.2477 78.4378 155.585 141.585 25.8504 26.2153 67.9 73.6847
internal_count=212 210 43 167 37 27 148 134 10 19 64 70
is_linear=0
shrinkage=0.0283266


Tree=144
num_leaves=17
num_cat=0
split_feature=12 1 7 7 22 17 15 12 19 8 12 26 23 23 14 23
split_gain=73.3079 41.6508 8.89228 5.63684 4.12587 6.16163 2.32891 1.88247 1.23419 1.08843 0.763131 0.699121 0.58121 0.395078 0.37053 0.284451
threshold=70.500000000000014 53.000000000000007 -15.499999999999998 2.5000000000000004 -2.7764285714285708 57.945 -56.349206349206341 13.500000000000002 23.210000000000004 1.420168067226891 -9.4999999999999982 2.5000000000000004 29.285714285714288 13.000000000000002 0.14928571428571433 22.357142857142858
decision_type=2 2 2 2 2 2 2 2 2 2 2 2 2 2 2 2
left_child=1 3 8 6 -4 -6 -1 10 -3 13 -5 -12 -9 -8 -7 -13
right_child=-2 2 4 7 5 14 9 12 -10 -11 11 15 -14 -15 -16 -17
leaf_value=-0.030567492612044556 0.075634108293590741 -0.012248478846480471 0 0 0.024192422775021372 0.0071620848550314345 -0.01821494449969089 0 0 0 0 -0.011566612218246876 0.0097498754906128176 -0.0093925531764121068 0 0
leaf_weight=12.999999999999998 9.8374671936035138 9.3265141248703021 18.447862267494202 8.1999998092651349 45.867923021316528 13.213195085525514 39.899999856948853 10.359999656677248 10.744343876838682 5.2999999523162833 8.1599998474121076 28.859999418258667 5.8099999427795401 54.899999856948853 12.63725435733795 7.3099999427795401
leaf_count=13 2 5 9 7 14 5 39 8 5 5 7 25 4 54 5 5
internal_value=-0.000192951 -0.00293805 0.0105412 -0.0114154 0.0145063 0.017627 -0.0155012 -0.00388399 -0.00451823 -0.0129907 -0.0068434 -0.00832495 0.0023131 -0.0136896 0.00383758 -0.0100222
internal_weight=301.875 292.037 110.237 181.8 90.1662 71.7184 113.1 68.7 20.0709 100.1 52.53 44.33 16.17 94.8 25.8504 36.17
internal_count=212 210 43 167 33 24 111 56 10 98 44 37 12 93 10 30
is_linear=0
shrinkage=0.0283266


Tree=145
num_leaves=16
num_cat=0
split_feature=24 1 6 11 15 15 6 23 22 27 14 7 7 22 12
split_gain=70.5521 43.3793 9.61956 5.82319 3.26016 3.14435 2.253 1.54131 1.31769 1.07757 0.867477 0.744988 0.343336 0.312036 0.450749
threshold=25.264285714285723 53.000000000000007 1.0000000180025095e-35 8.5000000000000018 -26.393188854489161 -38.013136288998346 -7.4999999999999991 23.357142857142858 -5.2249999999999988 56.400000000000013 0.16071428571428573 8.5000000000000018 -1.0000000180025095e-35 1.2557142857142856 18.500000000000004
decision_type=2 2 2 2 2 2 2 2 2 2 2 2 2 2 2
left_child=-1 3 4 5 -3 10 -6 8 -7 -4 -2 -10 -9 14 -5
right_child=1 2 9 13 6 7 -8 12 11 -11 -12 -13 -14 -15 -16
leaf_value=0.095961821272050274 -0.030270730043565452 -0.014099498898891063 0.0096717150595543137 0 0.012001872022048245 -0.00056206442522993864 -0.00048748479747237622 -0.0051565960333866505 -0.015324716463668569 0.021861017570656938 -0.00039357032031481757 0 0 -0.0026926333214418547 0.0093218836025366607
leaf_weight=5.9701848030090323 16.000000000000004 9.9049774408340436 33.177375555038452 9.745293855667116 17.002190828323364 14.899999856948851 14.204121232032778 20.000000000000004 77.559999465942383 40.815710067749023 4.9999999999999991 6.1999998092651358 11.324705839157103 14.21999955177307 5.8499999046325675
leaf_count=2 16 7 12 7 8 14 6 20 74 11 5 5 10 11 4
internal_value=-0.000185175 -0.00231382 0.01104 -0.0111211 0 -0.0133808 0.00454791 -0.0109498 -0.0129575 0.0171435 -0.0257898 -0.0145027 -0.00286119 0 0.00307194
internal_weight=301.875 295.904 115.104 180.8 41.1113 150.985 31.2063 129.985 98.66 73.9931 21 83.76 31.3247 29.8153 15.5953
internal_count=212 210 44 166 21 144 14 123 93 23 21 79 30 22 11
is_linear=0
shrinkage=0.0283266


Tree=146
num_leaves=15
num_cat=0
split_feature=12 1 7 11 22 14 8 13 19 1 12 7 22 12
split_gain=66.1274 37.4668 8.26063 5.53526 3.76062 4.00577 2.94003 1.33213 1.14215 0.919358 0.340481 0.295281 0.293223 0.427002
threshold=70.500000000000014 53.000000000000007 -15.499999999999998 8.5000000000000018 -2.7764285714285708 0.16071428571428573 0.52272727272727282 24.427142857142865 23.210000000000004 8.5000000000000018 -34.499999999999993 8.5000000000000018 1.2557142857142856 18.500000000000004
decision_type=2 2 2 2 2 2 2 2 2 2 2 2 2 2
left_child=1 3 8 6 -4 7 -1 -6 -3 -8 -11 -12 13 -5
right_child=-2 2 4 12 5 -7 9 -9 -10 10 11 -13 -14 -15
leaf_value=-0.026734685325823567 0.071814421410809931 -0.011911442596942011 0 0 0.025633341019668576 0 -0.021332919109434325 0.01017571220053113 0 0 -0.010024742653561113 0 -0.0026163946997836982 0.0090581184716018517
leaf_weight=17 9.8374671936035138 9.3265141248703021 18.447862267494202 9.745293855667116 33.595339298248291 15.113458275794981 14.599999904632567 23.009574890136719 10.744343876838682 6.9999999999999991 106.18470525741577 7.1999998092651358 14.21999955177307 5.8499999046325675
leaf_count=17 2 5 9 7 10 5 14 9 5 7 101 6 11 4
internal_value=-0.000192062 -0.00280838 0.00996197 -0.0108559 0.0137955 0.0167731 -0.0130457 0.0203278 -0.00450643 -0.0109112 -0.00918721 -0.00959296 0 0.00297294
internal_weight=301.875 292.037 110.237 181.8 90.1662 71.7184 151.985 56.6049 20.0709 134.985 120.385 113.385 29.8153 15.5953
internal_count=212 210 43 167 33 24 145 19 10 128 114 107 22 11
is_linear=0
shrinkage=0.0283266


Tree=147
num_leaves=12
num_cat=0
split_feature=12 1 5 15 17 4 1 5 4 27 8
split_gain=61.5253 34.8079 13.0156 3.87327 3.60784 3.34572 2.60503 1.52402 0.889835 0.422653 0.377153
threshold=70.500000000000014 40.500000000000007 -25.536314293098993 -10.960960960960962 17.260000000000002 7.5000000000000009 57.000000000000007 -21.82846932698034 73.500000000000014 27.700000000000006 2.0625000000000004
decision_type=2 2 2 2 2 2 2 2 2 2 2
left_child=1 5 -3 8 -5 -1 -6 -7 -4 10 -9
right_child=-2 2 3 4 6 7 -8 9 -10 -11 -12
leaf_value=-0.028635906339221778 0.069781492682715246 -0.019003041953890298 -0.0042979851584399702 0.026959102558934252 0 -0.014753511564237067 0.013289918209128549 -0.0078584046467827257 0.0070836915292176025 0 0
leaf_weight=11.299999952316282 9.8374671936035138 10.904977440834044 11.61764693260193 19.939583539962769 18.968370914459229 47 54.403347969055176 79.319998741149902 9.9434391260147077 17.419999837875366 6.4599997997283927
leaf_count=11 2 8 9 6 11 47 17 71 5 16 5
internal_value=0 -0.00223351 0.00869522 0.0118066 0.0143146 -0.011087 0.0101232 -0.00939774 0 -0.00642242 -0.0073196
internal_weight=297.115 287.277 125.777 114.872 93.3113 161.5 73.3717 150.2 21.5611 103.2 85.78
internal_count=208 206 56 48 34 150 28 139 14 92 76
is_linear=0
shrinkage=0.0283266


Tree=148
num_leaves=15
num_cat=0
split_feature=12 0 5 15 4 14 21 0 5 14 14 7 22 22
split_gain=58.1027 32.8772 10.8851 5.46783 2.94879 2.38241 1.69605 1.85748 1.30561 0.580032 0.491955 0.531921 0.418562 0.231563
threshold=70.500000000000014 32.500000000000007 -29.70588235294117 -10.960960960960962 7.5000000000000009 0.15928571428571434 0.34785714285714292 53.666666666666671 -21.82846932698034 0.18357142857142864 0.12928571428571431 -3.4999999999999996 -2.7764285714285708 0.91428571428571426
decision_type=2 2 2 2 2 2 2 2 2 2 2 2 2 2
left_child=1 4 -3 6 -1 12 7 -4 -6 10 -10 -12 -5 -7
right_child=-2 2 3 5 8 13 -8 -9 9 -11 11 -13 -14 -15
leaf_value=-0.027825210941509991 0.067806122261784396 -0.023714904698104618 0 0.0034581121742518648 -0.014452876679309397 0 -0.009727047584300855 0.015699975007593264 0 0 0 -0.0083561421589740704 0.01772020436970383 0.0049064742437959427
leaf_weight=11.299999952316282 9.8374671936035138 7.1063349246978751 7.122171878814699 12.211436986923216 47 10.214705944061281 10.839366555213926 7.3981901407241821 8.7199997901916486 8.5999999046325666 4.9999999999999991 76.319998741149902 62.536135673522949 12.909023761749266
leaf_count=11 2 5 6 5 47 5 7 4 7 8 5 68 23 5
internal_value=0 -0.00217766 0.00809493 0.0103788 -0.011061 0.0134333 0 0.0048002 -0.00937974 -0.00640156 -0.00707548 -0.00776428 0.0161299 0.00232576
internal_weight=297.115 287.277 130.337 123.231 156.94 97.8713 25.3597 14.5204 145.64 98.64 90.04 81.32 74.7476 23.1237
internal_count=208 206 60 55 146 38 17 10 135 88 80 73 28 10
is_linear=0
shrinkage=0.0283266


Tree=149
num_leaves=13
num_cat=0
split_feature=1 24 5 15 4 17 5 4 4 14 9 8
split_gain=50.4278 57.0783 12.7304 4.25852 3.19454 2.78038 1.70942 0.844781 0.726179 0.594404 0.729936 0.549253
threshold=44.500000000000007 25.264285714285723 -25.536314293098993 -10.960960960960962 7.5000000000000009 13.365000000000002 -21.82846932698034 73.500000000000014 40.500000000000007 0.18357142857142864 -2.4999999999999996 2.0625000000000004
decision_type=2 2 2 2 2 2 2 2 2 2 2 2
left_child=4 -2 -3 7 -1 -5 -6 -4 9 10 -8 -12
right_child=1 2 3 5 6 -7 8 -9 -10 -11 11 -13
leaf_value=-0.027037467039367217 0.10868183471869942 -0.017957364627670943 -0.0047668444018786234 0.026262333273563903 -0.013929155255510658 0.010857255289679398 0 0.0066229738624547785 0 0 -0.0091954458790987972 0
leaf_weight=11.299999952316282 4.9701848030090323 10.904977440834044 10.61764693260193 21.168871164321899 47 70.164419651031494 15.999999999999998 9.9434391260147077 13.965293884277342 8.5999999046325666 66.019998788833618 6.4599997997283927
leaf_count=11 1 8 8 6 47 24 16 5 11 8 58 5
internal_value=0 0.013566 0.00926088 0.0124082 -0.0100036 0.0150343 -0.0084351 0 -0.0056115 -0.00648229 -0.00717594 -0.00842262
internal_weight=297.115 127.77 122.799 111.894 169.345 91.3333 158.045 20.5611 111.045 97.08 88.48 72.48
internal_count=208 52 51 43 156 30 145 13 98 87 79 63
is_linear=0
shrinkage=0.0283266


Tree=150
num_leaves=17
num_cat=0
split_feature=12 4 5 15 19 4 17 22 20 5 8 21 14 10 14 14
split_gain=51.7226 27.9491 12.1141 4.25738 2.86811 2.5236 1.94029 1.88802 1.32319 0.763416 0.874719 0.436115 0.435798 0.434445 0.428028 0.459767
threshold=70.500000000000014 40.500000000000007 -29.70588235294117 -10.960960960960962 7.6150000000000011 7.5000000000000009 9.2200000000000006 -2.7764285714285708 87.865714285714304 20.576923076923077 1.4037037037037039 0.34785714285714292 0.15642857142857147 9.5000000000000018 0.13071428571428573 0.18214285714285719
decision_type=2 2 2 2 2 2 2 2 2 2 2 2 2 2 2 2
left_child=1 5 -3 8 -5 -1 -6 -8 -4 10 13 -10 -9 -7 -11 -16
right_child=-2 2 3 4 6 9 7 12 11 14 -12 -13 -14 -15 15 -17
leaf_value=-0.026272023850615053 0.063964450350479415 -0.022712433999039126 0.0085383675217453221 0 0.028926852772588704 -0.012282083814616153 0 0.015227809546310199 0 0 0 -0.0093562094979621185 0.0026821292806482721 0 -0.0065227341315844279 0
leaf_weight=11.299999952316282 9.8374671936035138 9.1063349246978742 8.7352942228317279 7.2610552310943595 10.837859630584715 79.199999809265137 16.211436986923218 50.648276090621948 8.7850677967071551 7.4599997997283927 4.5599999427795401 8.8393665552139264 14.47267436981201 6.5999999046325675 36.059999227523804 7.1999998092651358
leaf_count=11 2 7 6 4 3 78 7 18 7 6 4 5 7 6 31 6
internal_value=0 -0.00206589 0.00708195 0.00967914 0.0123643 -0.0105268 0.0137798 0.01108 0 -0.00887284 -0.0109816 -0.00490634 0.0132886 -0.0116269 -0.00402579 -0.00519031
internal_weight=297.115 287.277 134.897 125.791 99.4313 152.38 92.1702 81.3324 26.3597 141.08 90.36 17.6244 65.121 85.8 50.72 43.26
internal_count=208 206 64 57 39 142 35 32 18 131 88 12 25 84 43 37
is_linear=0
shrinkage=0.0283266


Tree=151
num_leaves=11
num_cat=0
split_feature=12 1 8 7 17 1 4 8 14 20
split_gain=48.8353 28.0574 8.66584 3.29549 3.08581 2.98189 2.47976 0.816645 0.767882 0.279597
threshold=70.500000000000014 40.500000000000007 0.72902097902097907 -15.499999999999998 13.365000000000002 59.500000000000007 7.5000000000000009 0.78174603174603186 0.18214285714285719 86.912857142857149
decision_type=2 2 2 2 2 2 2 2 2 2
left_child=1 6 -3 -4 -5 -6 -1 -8 -9 -7
right_child=-2 2 3 4 5 9 7 8 -10 -11
leaf_value=-0.025528251499340602 0.062153742270352495 -0.013260132637125686 0 0.026944742430485807 0 0.018596482138621001 -0.013081593916408325 -0.0068206953143690264 0 0.007886731947009713
leaf_weight=11.299999952316282 9.8374671936035138 11.904977440834044 12.744343876838682 14.027833223342894 27.925384402275085 22.341235160827637 44 94.999998569488525 11.199999809265135 36.833591818809509
leaf_count=11 2 9 7 4 17 8 44 85 10 11
internal_value=0 -0.00200711 0.00777961 0.0104651 0.0122256 0.00921885 -0.0099712 -0.00843189 -0.00598452 0.0128654
internal_weight=297.115 287.277 125.777 113.872 101.128 87.1002 161.5 150.2 106.2 59.1748
internal_count=208 206 56 47 40 36 150 139 95 19
is_linear=0
shrinkage=0.0283266


Tree=152
num_leaves=15
num_cat=0
split_feature=18 0 5 14 19 22 4 13 5 14 29 8 7 0
split_gain=44.5746 25.7315 9.95922 3.38644 3.03796 2.69323 2.16385 1.11052 1.01954 0.485996 0.45225 0.393376 0.396359 0.23424
threshold=1048.3971428571431 32.500000000000007 -16.228070175438592 0.15928571428571434 24.130000000000003 -2.7764285714285708 7.5000000000000009 24.251428571428573 -21.82846932698034 0.18357142857142864 29.681428571428572 2.0625000000000004 -3.4999999999999996 58.666666666666679
decision_type=2 2 2 2 2 2 2 2 2 2 2 2 2 2
left_child=1 6 4 5 -3 -4 -1 -7 -8 10 11 12 -10 -5
right_child=-2 2 3 13 -6 7 8 -9 9 -11 -12 -13 -14 -15
leaf_value=-0.024805534893347254 0.054196737589335971 -0.021179163631822023 0 0 0 0.024375389461601726 -0.013029082035514297 0.010808317430893047 0 0 0 0 -0.0080967472489725401 0.003948770613707066
leaf_weight=11.299999952316282 11.737919688224791 8.9049774408340472 15.209174513816832 14.429728388786316 15.404977321624754 23.620240211486816 47 38.814085721969604 3.9999999999999991 8.5999999046325666 10.199999809265135 6.4599997997283927 69.379998922348022 12.053729772567749
leaf_count=11 3 6 8 9 10 7 47 16 4 8 9 5 62 3
internal_value=0 -0.00210945 0.00704347 0.0110885 -0.00800869 0.014138 -0.00995209 0.0168279 -0.00841921 -0.00566185 -0.00628083 -0.00700235 -0.00759278 6.09606e-05
internal_weight=297.115 285.377 128.437 104.127 24.31 77.6435 156.94 62.4343 145.64 98.64 90.04 79.84 73.38 26.4835
internal_count=208 205 59 43 16 31 146 23 135 88 80 71 66 12
is_linear=0
shrinkage=0.0283266


Tree=153
num_leaves=14
num_cat=0
split_feature=12 1 5 8 17 1 27 21 23 5 23 14 8
split_gain=43.796 25.1821 9.84942 2.51616 2.55535 2.30905 2.12666 1.41297 2.10446 1.00808 0.738174 0.656365 0.458293
threshold=70.500000000000014 40.500000000000007 -29.70588235294117 0.89827586206896559 13.365000000000002 57.000000000000007 5.4000000000000012 0.34785714285714292 60.071428571428577 -21.82846932698034 23.357142857142858 0.18357142857142864 2.0625000000000004
decision_type=2 2 2 2 2 2 2 2 2 2 2 2 2
left_child=1 6 -3 7 -5 -6 -1 8 -4 -8 11 12 -11
right_child=-2 2 3 4 5 -7 9 -9 -10 10 -12 -13 -14
leaf_value=-0.024103279249382031 0.058860086558127668 -0.020747531408416661 0 0.025602384173168111 0 0.011698806639197968 -0.012556130594484049 -0.007073418003675217 0.015680762303298536 -0.0082056475676276306 0 0 0
leaf_weight=11.299999952316282 9.8374671936035138 8.1063349246978742 7.1221718788147035 14.027833223342894 19.968370914459229 58.041342735290527 47 8.8393665552139264 9.6719456911087018 66.159998893737793 21.979999780654907 8.5999999046325666 6.4599997997283927
leaf_count=11 2 6 6 4 12 18 47 5 5 59 20 8 5
internal_value=0 -0.00190031 0.00735841 0.0097652 0.0119938 0.00883648 -0.0094532 0 0.00641405 -0.00798219 -0.00536305 -0.00662099 -0.00750201
internal_weight=297.115 287.277 125.777 117.671 92.0375 78.0097 161.5 25.6335 16.7941 150.2 103.2 81.22 72.62
internal_count=208 206 56 50 34 30 150 16 11 139 92 72 64
is_linear=0
shrinkage=0.0283266


Tree=154
num_leaves=9
num_cat=0
split_feature=12 18 2 8 15 22 26 0
split_gain=46.9534 15.9842 8.90493 3.80564 3.53974 1.80182 1.65793 1.22
threshold=18.500000000000004 508.59714285714284 46.500000000000007 0.89827586206896559 -38.013136288998346 -1.8728571428571428 3.5000000000000004 7.166666666666667
decision_type=2 2 2 2 2 2 2 2
left_child=2 3 4 -2 -1 -5 -4 -6
right_child=1 -3 6 5 7 -7 -8 -9
leaf_value=-0.021680779731867751 -0.013035449464407727 0.036234761510966024 0.012124562819128125 0 -0.017188815750698326 0.01475606079784614 0 -0.0062285406785177648
leaf_weight=23 4.2420815229415885 27.711471319198608 15.169683098793028 16.121129274368286 16.899999856948853 30.444481134414673 18.069230914115906 142.36628806591034
leaf_count=23 2 7 7 8 16 9 8 127
internal_value=-0.00021351 0.0183425 -0.00723112 0.00749298 -0.00980226 0.0105511 0.0052049 -0.00773912
internal_weight=294.024 78.5192 215.505 50.8077 182.266 46.5656 33.2389 159.266
internal_count=207 26 181 19 166 17 15 143
is_linear=0
shrinkage=0.0283266


Tree=155
num_leaves=13
num_cat=0
split_feature=12 18 5 0 8 20 21 6 21 6 24 23
split_gain=44.4177 15.032 8.09293 5.97835 3.63049 1.25392 1.22266 1.13175 0.804998 0.76728 0.735728 0.357088
threshold=18.500000000000004 508.59714285714284 -36.038961038961027 49.666666666666679 0.89827586206896559 90.939285714285731 0.31214285714285711 -8.4999999999999982 0.41642857142857154 11.000000000000002 29.636428571428574 16.071428571428573
decision_type=2 2 2 2 2 2 2 2 2 2 2 2
left_child=2 4 8 5 -2 9 -6 -5 -1 10 -4 -7
right_child=1 -3 3 7 6 11 -8 -9 -10 -11 -12 -13
leaf_value=-0.021849793629424737 -0.012666757752435245 0.035208592573660401 -0.010840400279147481 0 0.021635715249234889 -0.0048273149344972323 0.0055788433207771262 0.010163274527301491 0 0 0 0
leaf_weight=30.662895917892456 4.2420815229415885 27.711471319198608 74.949999332427979 11.26696836948395 10.179284572601317 20.059999704360962 36.386325836181641 20.24117636680603 4.9999999999999991 7.6447057723999015 12.199999809265135 33.479456663131714
leaf_count=30 2 7 69 6 3 18 14 8 5 4 11 30
internal_value=-0.000204465 0.0178382 -0.00703502 -0.00419414 0.00727337 -0.00675929 0.0102778 0.00612765 -0.0198087 -0.00895509 -0.00971038 -0.00183897
internal_weight=294.024 78.5192 215.505 179.842 50.8077 148.334 46.5656 31.5081 35.6629 94.7947 87.15 53.5395
internal_count=207 26 181 146 19 132 17 14 35 84 80 48
is_linear=0
shrinkage=0.0283266


Tree=156
num_leaves=11
num_cat=0
split_feature=9 2 17 5 6 26 8 17 8 8
split_gain=39.104 19.2081 5.19781 3.35604 1.20792 1.14554 0.542926 0.373869 0.258864 0.313307
threshold=18.500000000000004 33.500000000000007 28.825000000000006 -48.684210526315788 -2.4999999999999996 22.500000000000004 0.84558093346573993 60.735000000000007 0.93725490196078443 2.0625000000000004
decision_type=2 2 2 2 2 2 2 2 2 2
left_child=1 3 -3 -1 5 -4 -5 -6 -8 -10
right_child=-2 2 4 6 7 -7 8 -9 9 -11
leaf_value=-0.025580008246543304 0.028984654074104308 0.013289533060123359 0 -0.011250648056732156 0.0055592675449548604 -0.015443552370613602 0 0 -0.0064342396842847266 0
leaf_weight=12.999999999999998 32.325559854507446 44.083409786224365 7.886877775192259 61 17.204341888427738 6.9389140605926514 11.999999999999998 11.539969444274901 81.58529257774353 6.4599997997283927
leaf_count=13 9 14 6 61 8 4 12 5 70 5
internal_value=-0.000201728 -0.00401865 0.00642271 -0.00959468 0 -0.00705054 -0.00796024 0.00284015 -0.00540114 -0.00595878
internal_weight=294.024 261.699 87.6535 174.045 43.5701 14.8258 161.045 28.7443 100.045 88.0453
internal_count=207 198 37 161 23 10 148 13 87 75
is_linear=0
shrinkage=0.0283266


Tree=157
num_leaves=12
num_cat=0
split_feature=12 13 2 5 14 26 21 21 24 22 21
split_gain=40.0797 17.7807 7.52135 3.98434 3.65786 1.53613 0.830451 0.683113 0.602534 0.385608 0.284111
threshold=18.500000000000004 23.222857142857148 46.500000000000007 -36.038961038961027 0.15642857142857147 3.5000000000000004 0.26928571428571441 0.41642857142857154 29.636428571428574 -1.8728571428571428 0.31642857142857145
decision_type=2 2 2 2 2 2 2 2 2 2 2
left_child=2 -2 3 7 9 -4 8 -1 -5 -3 -8
right_child=1 4 5 6 -6 -7 10 -9 -10 -11 -12
leaf_value=-0.020778481268185493 0.044487075052689576 0.0015347927320815992 0.011329369110551683 -0.013982710581405088 0 0 0 0 0 0.017424711460818001 -0.0051779059438516644
leaf_weight=29 16.034248352050781 9.9964234828948957 15.169683098793028 26.059999704360962 25.32309353351593 18.069230914115906 21.581085681915283 4.9999999999999991 7.8999998569488517 27.165397882461548 92.725202679634094
leaf_count=29 3 5 7 24 9 8 19 5 7 9 82
internal_value=-0.000198597 0.0169302 -0.00669619 -0.0090665 0.00897082 0.00463865 -0.00646895 -0.0187656 -0.0116537 0.014638 -0.00444464
internal_weight=294.024 78.5192 215.505 182.266 62.4849 33.2389 148.266 34 33.96 37.1618 114.306
internal_count=207 26 181 166 23 15 132 34 31 14 101
is_linear=0
shrinkage=0.0283266


Tree=158
num_leaves=11
num_cat=0
split_feature=12 13 23 22 15 17 19 14 0 14
split_gain=38.0669 16.6846 6.16476 3.50578 3.01068 1.69097 1.67794 1.13676 1.11732 0.283136
threshold=18.500000000000004 23.222857142857148 51.928571428571438 -1.8728571428571428 -38.013136288998346 29.040000000000003 38.38000000000001 0.16071428571428573 7.166666666666667 0.18214285714285719
decision_type=2 2 2 2 2 2 2 2 2 2
left_child=2 -2 4 -3 7 -5 -4 -1 -6 -10
right_child=1 3 6 5 8 -7 -8 -9 9 -11
leaf_value=-0.023372732615521367 0.043227413343559194 0 -0.00060848084441933394 0.017706789268023077 -0.015673841652101766 0.0011611705984475001 0.0095975326285554757 0 -0.0057377642012818491 0
leaf_weight=18.000000000000004 16.034248352050781 18.564568281173706 15.429864287376402 28.484449625015259 16.899999856948853 15.435896992683409 18.809049725532532 4.9999999999999991 127.60628831386566 13.759999752044676
leaf_count=18 3 9 8 8 16 6 8 5 114 12
internal_value=-0.000191544 0.0164966 -0.00652857 0.0087493 -0.00870607 0.0131507 0.00338541 -0.0196955 -0.00675918 -0.00530194
internal_weight=294.024 78.5192 215.505 62.4849 181.266 43.9203 34.2389 23 158.266 141.366
internal_count=207 26 181 23 165 14 16 23 142 126
is_linear=0
shrinkage=0.0283266


Tree=159
num_leaves=14
num_cat=0
split_feature=12 1 5 12 17 14 6 27 27 27 17 8 8
split_gain=36.2947 17.6242 11.4456 3.13714 1.68179 1.45817 1.12094 1.02239 0.583145 0.561877 0.396559 0.290461 0.368033
threshold=70.500000000000014 40.500000000000007 -29.70588235294117 18.500000000000004 25.440000000000001 0.18214285714285719 -10.499999999999998 4.8000000000000007 42.100000000000009 30.900000000000002 51.790000000000006 1.0983870967741938 1.1371473354231978
decision_type=2 2 2 2 2 2 2 2 2 2 2 2 2
left_child=1 5 -3 6 -5 7 -4 -1 -8 11 -6 -9 -13
right_child=-2 2 3 4 10 -7 8 9 -10 -11 -12 12 -14
leaf_value=-0.023614765413784048 0.053068272980890112 -0.023216827878445454 -0.0021044959597677163 0.02039607682365531 0.0096695102999228653 0 0 -0.010680964066029584 0.0074257652878311634 0 0 0 -0.0054986077465529106
leaf_weight=7.9999999999999991 9.8374671936035138 9.1063349246978742 15.266968369483946 24.855293750762939 19.66353702545166 16.059999704360962 8.5099999904632551 76.899999856948853 27.72533917427063 11.999999999999998 15.259426474571226 6.8999998569488517 43.939998865127563
leaf_count=8 2 7 10 7 5 14 5 76 13 12 6 6 36
internal_value=-0.000188535 -0.00222767 0.00573102 0.00859761 0.0132614 -0.00841433 0.00211071 -0.00929603 0.00541139 -0.00807985 0.00659872 -0.00865712 -0.00450821
internal_weight=294.024 284.187 120.387 111.281 59.7783 163.8 51.5023 147.74 36.2353 139.74 34.923 127.74 50.84
internal_count=207 205 53 46 18 152 28 138 18 130 11 118 42
is_linear=0
shrinkage=0.0283266


Tree=160
num_leaves=12
num_cat=0
split_feature=12 13 2 5 14 26 8 23 14 9 17
split_gain=34.308 15.2616 6.502 3.52602 3.43396 1.38936 1.01025 0.946173 0.60348 0.531906 0.355502
threshold=18.500000000000004 23.222857142857148 46.500000000000007 -36.038961038961027 0.15642857142857147 3.5000000000000004 0.78174603174603186 22.357142857142858 0.18214285714285719 -2.4999999999999996 25.440000000000001
decision_type=2 2 2 2 2 2 2 2 2 2 2
left_child=2 -2 3 -1 10 -4 -5 8 9 -8 -3
right_child=1 4 5 6 -6 -7 7 -9 -10 -11 -12
leaf_value=-0.017577641847072528 0.041241199407496522 0.018421622091909184 0.010637284994830807 -0.010922101216982658 0 0 0 0 0 -0.0074441558700651918 0.0047842853793893213
leaf_weight=34 16.034248352050781 20.179198741912842 15.169683098793028 37.696832537651062 25.32309353351593 18.069230914115906 4.9999999999999991 35.649456739425659 11.759999752044676 58.159998893737793 16.982622623443604
leaf_count=34 3 7 7 37 9 8 5 29 10 51 7
internal_value=-0.000181751 0.015651 -0.00620709 -0.00841854 0.00819651 0.00425671 -0.00594487 -0.00374772 -0.00555525 -0.00665374 0.013678
internal_weight=294.024 78.5192 215.505 182.266 62.4849 33.2389 148.266 110.569 74.92 63.16 37.1618
internal_count=207 26 181 166 23 15 132 95 66 56 14
is_linear=0
shrinkage=0.0283266


Tree=161
num_leaves=12
num_cat=0
split_feature=12 1 5 15 24 27 22 14 14 13 7
split_gain=33.3275 17.1041 5.25745 2.84371 2.80195 1.305 1.28575 1.0322 0.885024 0.681053 0.210451
threshold=70.500000000000014 53.000000000000007 -25.536314293098993 -38.013136288998346 26.221428571428579 26.100000000000005 -2.7764285714285708 0.16071428571428573 0.18214285714285719 24.427142857142865 -1.0000000180025095e-35
decision_type=2 2 2 2 2 2 2 2 2 2 2
left_child=1 3 -3 7 -4 8 -6 -1 -5 -8 -7
right_child=-2 2 4 5 6 10 9 -9 -10 -11 -12
leaf_value=-0.021786134865312955 0.050976180548011139 -0.0097171960691671434 0 -0.0078761245363540722 0 -0.0032778551012289524 0.016184846194222724 0 0 0.0035962206444670477 0.00056850740905252904
leaf_weight=17.000000000000004 9.8374671936035138 10.989410042762755 23.711210608482361 110.61999869346619 13.719457030296324 14.999999999999998 44.284815669059753 4.9999999999999991 16.059999704360962 17.532199382781982 23.604705572128296
leaf_count=17 2 6 10 102 7 15 13 5 14 7 17
internal_value=-0.000103119 -0.00197882 0.0066137 -0.00733152 0.00897919 -0.00555756 0.0116488 -0.0181428 -0.00696878 0.013509 0
internal_weight=307.359 297.522 110.237 187.285 99.2477 165.285 75.5365 22 126.68 61.817 38.6047
internal_count=215 213 43 170 37 148 27 22 116 20 32
is_linear=0
shrinkage=0.0283266


Tree=162
num_leaves=11
num_cat=0
split_feature=12 1 5 15 20 22 23 14 14 7
split_gain=31.4657 16.2246 5.00714 2.6771 2.28566 2.95638 1.93535 1.00136 0.938761 0.227547
threshold=70.500000000000014 53.000000000000007 -25.536314293098993 -38.013136288998346 92.776428571428582 -2.7764285714285708 23.357142857142858 0.18214285714285719 0.16071428571428573 -1.0000000180025095e-35
decision_type=2 2 2 2 2 2 2 2 2 2
left_child=1 3 -3 8 5 -4 7 -5 -1 -8
right_child=-2 2 4 6 -6 -7 9 -9 -10 -11
leaf_value=-0.021169241415685318 0.04953314522756587 -0.0094421030841154337 0 -0.0083644088754997736 0 0.013141416423570484 -0.0026091552064847075 0 0 0.0012431104950624086
leaf_weight=17.000000000000004 9.8374671936035138 10.989410042762755 19.248767256736755 102.61999869346619 11.5797883272171 68.419127106666565 21 16.059999704360962 4.9999999999999991 25.604705572128296
leaf_count=17 2 6 9 94 5 23 21 14 5 19
internal_value=-9.36368e-05 -0.00192128 0.00644078 -0.00713832 0.00875664 0.0103791 -0.00540213 -0.00732983 -0.017666 0
internal_weight=307.359 297.522 110.237 187.285 99.2477 87.6679 165.285 118.68 22 46.6047
internal_count=215 213 43 170 37 32 148 108 22 40
is_linear=0
shrinkage=0.0283266


Tree=163
num_leaves=12
num_cat=0
split_feature=24 1 6 15 23 28 19 19 14 14 7
split_gain=30.753 15.6626 4.59067 2.55199 1.79457 1.58094 1.70062 1.04068 0.929622 0.851478 0.214842
threshold=25.264285714285723 53.000000000000007 1.0000000180025095e-35 -38.013136288998346 23.357142857142858 92.596428571428575 38.38000000000001 65.670000000000016 0.18214285714285719 0.16071428571428573 -1.0000000180025095e-35
decision_type=2 2 2 2 2 2 2 2 2 2 2
left_child=-1 3 5 9 8 6 -3 -4 -5 -2 -6
right_child=1 2 7 4 10 -7 -8 -9 -10 -11 -12
leaf_value=0.057238768300902153 -0.020569816448123179 -0.010601453678380935 0.014016408802118043 -0.0080997796417329598 -0.0025352693623926269 0.0059398432774459978 0.00032744031441636715 0.0035206670475675045 0 0 0.0012079062443007137
leaf_weight=7.2701847553253165 17.000000000000004 18.893563866615299 44.252952337265015 100.3199987411499 21 14.396458745002745 7.8212668895721427 29.740133285522461 16.059999704360962 4.9999999999999991 25.604705572128296
leaf_count=3 17 10 13 92 21 6 5 10 14 5 19
internal_value=-9.74564e-05 -0.00167185 0.00628388 -0.00692094 -0.00519344 -4.23919e-05 -0.00533467 0.0105452 -0.00708128 -0.0172028 0
internal_weight=307.359 300.089 115.104 184.985 162.985 41.1113 26.7148 73.9931 116.38 22 46.6047
internal_count=215 212 44 168 146 21 15 23 106 22 40
is_linear=0
shrinkage=0.0283266


Tree=164
num_leaves=12
num_cat=0
split_feature=24 1 5 15 22 14 23 19 14 14 5
split_gain=29.0297 14.8891 4.50712 2.40221 2.1988 1.71866 1.69584 1.56291 0.878574 0.76998 0.238959
threshold=25.264285714285723 53.000000000000007 -16.228070175438592 -38.013136288998346 -2.7764285714285708 0.16071428571428573 23.357142857142858 24.130000000000003 0.17785714285714288 0.16071428571428573 7.8689370485036116
decision_type=2 2 2 2 2 2 2 2 2 2 2
left_child=-1 3 7 9 -4 -6 8 -3 -5 -2 -8
right_child=1 2 4 6 5 -7 10 -9 -10 -11 -12
leaf_value=0.055618826667484043 -0.019987364258508625 -0.011139792336139816 0 -0.0081159011197556377 0.013964110692683562 0.00072601010964854493 -0.0020153630448075956 0.00022561741133466965 0 0 0.0020484854208380056
leaf_weight=7.2701847553253165 17.000000000000004 11.989410042762758 15.223880410194395 94.41999888420105 55.60491418838501 19.980740666389465 28.829411745071411 12.305429816246031 21.959999561309814 4.9999999999999991 17.775293827056885
leaf_count=3 17 7 7 87 18 6 27 6 19 5 13
internal_value=-8.31085e-05 -0.00161788 0.00613309 -0.00673956 0.00921467 0.011196 -0.00504835 -0.00311088 -0.00688351 -0.0167527 0
internal_weight=307.359 300.089 115.104 184.985 90.8095 75.5857 162.985 24.2948 116.38 22 46.6047
internal_count=215 212 44 168 31 24 146 13 106 22 40
is_linear=0
shrinkage=0.0283266


Tree=165
num_leaves=11
num_cat=0
split_feature=12 1 5 24 15 23 22 14 14 14
split_gain=27.6808 13.8931 4.38132 2.42878 2.19485 1.67397 0.946051 0.848541 0.693921 0.317867
threshold=70.500000000000014 53.000000000000007 -25.536314293098993 26.221428571428579 -38.013136288998346 23.357142857142858 -2.7764285714285708 0.18214285714285719 0.16071428571428573 0.13500000000000004
decision_type=2 2 2 2 2 2 2 2 2 2
left_child=1 4 -3 -4 8 7 -5 -6 -1 -8
right_child=-2 2 3 6 5 -7 9 -9 -10 -11
leaf_value=-0.01942140472965477 0.046457382107373581 -0.0088183306222627666 0 0 -0.0077633396042433916 0 0.0051884086118800885 0 0 0.015425579234091456
leaf_weight=17.000000000000004 9.8374671936035138 10.989410042762755 23.711210608482361 13.719457030296324 102.61999869346619 46.604705572128296 24.787261724472046 16.059999704360962 4.9999999999999991 37.02975332736969
leaf_count=17 2 6 10 7 94 40 8 14 5 12
internal_value=-7.72819e-05 -0.00180262 0.00591465 0.00810316 -0.00664013 -0.00501746 0.0105862 -0.0068101 -0.0163153 0.0122154
internal_weight=307.359 297.522 110.237 99.2477 187.285 165.285 75.5365 118.68 22 61.817
internal_count=215 213 43 37 170 148 27 108 22 20
is_linear=0
shrinkage=0.0283266


Tree=166
num_leaves=13
num_cat=0
split_feature=24 0 6 7 15 11 24 21 0 14 6 20
split_gain=26.5747 13.2418 3.28284 3.23866 1.39917 1.15739 1.73772 0.99484 0.94909 0.685493 0.529578 0.487858
threshold=25.264285714285723 42.000000000000007 1.0000000180025095e-35 7.5000000000000009 -38.013136288998346 -10.499999999999998 26.667857142857144 0.28000000000000008 49.666666666666679 0.16071428571428573 8.5000000000000018 90.642857142857153
decision_type=2 2 2 2 2 2 2 2 2 2 2 2
left_child=-1 3 5 4 9 -3 -7 -5 -4 -2 11 -6
right_child=1 2 8 7 10 6 -8 -9 -10 -11 -12 -13
leaf_value=0.053215380608018892 -0.019271125124087948 -0.0071864829238769256 0 0.0098865101758271196 -0.0088914092538949392 0 0.012321001104569108 -0.0001825041998061738 0.010792752940892119 0 0 -0.0028560127057011631
leaf_weight=7.2701847553253165 18.000000000000004 14.131221771240233 12.896606445312498 8.3717644214630145 70.199999332427979 18.258419871330265 10.486353754997252 18.945293664932251 61.19942045211792 4.9999999999999991 8.7999997138977033 53.799999713897705
leaf_count=3 18 9 5 5 66 8 5 15 18 5 6 52
internal_value=-7.11155e-05 -0.00154731 0.00564965 -0.00644639 -0.00808604 0 0.00262783 0.000882657 0.00927006 -0.0163327 -0.006241 -0.00671869
internal_weight=307.359 300.089 116.972 183.117 155.8 42.876 28.7448 27.3171 74.096 23 132.8 124
internal_count=215 212 45 167 147 22 13 20 23 23 124 118
is_linear=0
shrinkage=0.0283266


Tree=167
num_leaves=11
num_cat=0
split_feature=12 0 5 8 15 8 14 14 16 14
split_gain=25.1019 12.4885 3.24534 3.00871 1.56261 0.931894 0.879718 0.614979 0.477945 0.489988
threshold=70.500000000000014 42.000000000000007 -16.228070175438592 2.0625000000000004 -38.013136288998346 0.72902097902097907 0.16071428571428573 0.16071428571428573 30.071428571428573 0.18214285714285719
decision_type=2 2 2 2 2 2 2 2 2 2
left_child=1 3 5 4 7 -3 -4 -1 9 -6
right_child=-2 2 6 -5 8 -7 -8 -9 -10 -11
leaf_value=-0.018725435330034037 0.044230011084132853 -0.0097386319562858953 0.0097314036026914484 0.0057342901516250124 -0.0068399704291855308 0 0 0 0 0
leaf_weight=18.000000000000004 9.8374671936035138 8.9049774408340472 69.431735873222351 10.371764421463011 124.52529287338257 15.389862418174742 18.378164172172546 4.9999999999999991 11.759999752044676 15.759999752044676
leaf_count=18 2 6 25 7 115 7 6 5 10 14
internal_value=-7.38474e-05 -0.00172538 0.0054772 -0.00637815 -0.00741168 -0.00200221 0.00817577 -0.0159056 -0.00576278 -0.0062231
internal_weight=307.359 297.522 112.105 185.417 175.045 24.2948 87.8099 23 152.045 140.285
internal_count=215 213 44 169 162 13 31 23 139 129
is_linear=0
shrinkage=0.0283266


Tree=168
num_leaves=12
num_cat=0
split_feature=26 4 15 24 17 22 25 8 4 13 9
split_gain=24.2451 12.1465 4.23257 1.57684 1.59979 2.03509 1.40141 1.54313 0.779291 0.719825 0.392643
threshold=52.500000000000007 51.000000000000007 -24.548192771084334 25.978571428571428 69.055000000000021 -2.7764285714285708 3.5000000000000004 0.89827586206896559 27.500000000000004 23.222857142857148 1.5000000000000002
decision_type=2 2 2 2 2 2 2 2 2 2 2
left_child=1 6 -3 -4 5 -5 9 10 -9 -1 -8
right_child=-2 2 3 4 -6 -7 7 8 -10 -11 -12
leaf_value=0 0.034519670501593283 -0.0095864082784017784 0 0 0 0.012896938400427186 -0.010394505008772563 -0.0036791695166123726 0.0015151709513651287 -0.014224677640413359 0
leaf_weight=8.8599998950958234 15.375673294067381 11.242081522941588 12.61392569541931 18.299364686012261 13.996983051300047 55.794638633728034 38 49.399999141693115 25.645293712615967 35.479999542236328 10.999999999999998
leaf_count=8 3 9 5 9 6 20 38 44 22 32 11
internal_value=0 -0.00200298 0.00494457 0.00711587 0.00849987 0.0101596 -0.00695005 -0.00462674 -0.0011679 -0.0122021 -0.00879573
internal_weight=295.708 280.332 111.947 100.705 88.091 74.094 168.385 124.045 75.0453 44.34 49
internal_count=207 204 49 40 35 29 155 115 66 40 49
is_linear=0
shrinkage=0.0283266


Tree=169
num_leaves=10
num_cat=0
split_feature=27 2 9 5 23 0 21 12 8
split_gain=22.9711 8.64931 4.23872 2.69016 1.60449 1.30379 0.593243 0.440061 0.4341
threshold=52.100000000000009 72.000000000000014 18.500000000000004 -36.038961038961027 23.357142857142858 76.166666666666671 0.40071428571428575 -9.4999999999999982 2.0625000000000004
decision_type=2 2 2 2 2 2 2 2 2
left_child=2 5 3 6 7 -2 -1 -5 -9
right_child=1 -3 -4 4 -6 -7 -8 8 -10
leaf_value=-0.016699776709894715 0.0086004536104455874 0.029863652557652026 0.0072152368094695468 0 0 0 0 -0.0077011801784638984 0
leaf_weight=28 51.460750699043274 18.926751375198364 15.976470470428465 11.799999713897703 51.377963423728943 17.586024761199951 6.9999999999999991 86.119998931884766 7.4599997997283927
leaf_count=28 19 5 6 10 42 5 7 79 6
internal_value=0 0.0120174 -0.00525006 -0.00657697 -0.0044606 0.00632298 -0.0144747 -0.00646634 -0.00713153
internal_weight=295.708 87.9735 207.734 191.758 156.758 69.0468 35 105.38 93.58
internal_count=207 29 178 172 137 24 35 95 85
is_linear=0
shrinkage=0.0283266


Tree=170
num_leaves=11
num_cat=0
split_feature=24 1 7 22 7 17 6 26 2 17
split_gain=23.1758 12.2456 4.40845 2.06399 1.86969 1.29665 1.0533 0.694454 0.680236 0.38972
threshold=25.264285714285723 53.000000000000007 -15.499999999999998 -2.7764285714285708 2.5000000000000004 59.675000000000018 2.5000000000000004 3.5000000000000004 24.500000000000004 51.790000000000006
decision_type=2 2 2 2 2 2 2 2 2 2
left_child=-1 4 -3 -4 6 -5 8 -6 -2 -9
right_child=1 2 3 5 7 -7 -8 9 -10 -11
leaf_value=0.049810032542089995 -0.011113103809567225 -0.0051052435953679006 0 0.013324425340109605 0.0011711012210121755 0.0013022854133384596 0 -0.0051817504072494214 -0.00012414327341821332 0
leaf_weight=7.2701847553253165 75.899999856948853 18.170405507087708 16.784966349601746 53.292090654373169 21.244705438613892 21.015607833862305 17.199999809265137 36.769999265670776 15.999999999999998 12.05999970436096
leaf_count=3 75 9 8 16 17 7 16 30 16 10
internal_value=0 -0.00137146 0.00584897 0.00864077 -0.00608301 0.0106683 -0.0085542 -0.0014467 -0.00980125 -0.00371708
internal_weight=295.708 288.438 109.263 91.0927 179.175 74.3077 109.1 70.0747 91.9 48.83
internal_count=207 204 40 31 164 23 107 57 91 40
is_linear=0
shrinkage=0.0283266


Tree=171
num_leaves=12
num_cat=0
split_feature=24 4 5 5 24 23 22 9 17 8 21
split_gain=21.8852 11.4742 5.35695 1.60454 1.57239 1.13759 1.03896 0.541354 0.322043 0.305359 0.379045
threshold=25.264285714285723 53.000000000000007 -29.70588235294117 -43.650793650793645 25.978571428571428 23.357142857142858 -2.7764285714285708 -3.4999999999999996 59.675000000000018 2.0625000000000004 0.40500000000000008
decision_type=2 2 2 2 2 2 2 2 2 2 2
left_child=-1 3 -3 7 -4 9 -6 -2 -8 10 -5
right_child=1 2 4 5 6 -7 8 -9 -10 -11 -12
leaf_value=0.04840033298117697 -0.019403849199426865 -0.016489414731193166 0 -0.0077708593905523766 0 0 0.011376752895238347 0 0.0015465267026769254 0 -0.0010747433758650376
leaf_weight=7.2701847553253165 13.000000000000002 7.1063349246978751 12.61392569541931 79.519999027252197 20.962260603904724 34.265293836593628 60.620144963264465 4.9999999999999991 17.489815950393677 7.4599997997283927 30.399999618530273
leaf_count=3 13 5 5 73 11 31 21 5 6 6 28
internal_value=0 -0.00133548 0.00516613 -0.00621388 0.0070396 -0.00471784 0.00828246 -0.0157428 0.00988329 -0.0060441 -0.00642178
internal_weight=295.708 288.438 118.792 169.645 111.686 151.645 99.0722 18 78.11 117.38 109.92
internal_count=207 204 48 156 43 138 38 18 27 107 101
is_linear=0
shrinkage=0.0283266


Tree=172
num_leaves=12
num_cat=0
split_feature=24 1 7 7 6 19 2 23 20 24 13
split_gain=20.6715 11.046 4.01388 1.74651 0.974262 0.642599 0.550975 0.442133 0.384211 0.328427 0.29906
threshold=25.264285714285723 53.000000000000007 -15.499999999999998 2.5000000000000004 2.5000000000000004 60.735000000000007 24.500000000000004 27.785714285714288 93.030000000000015 26.614999999999998 23.937857142857151
decision_type=2 2 2 2 2 2 2 2 2 2 2
left_child=-1 3 -3 4 6 9 8 10 -2 -4 -5
right_child=1 2 5 7 -6 -7 -8 -9 -10 -11 -12
leaf_value=0.047030530405814716 -0.011153077575989212 -0.0048356553145513228 0.0038509770838355312 0 0 0.0017231555078613483 -0.00013445075047479395 0.00087784217481998628 0 0.013205052378260515 -0.0040538661387587221
leaf_weight=7.2701847553253165 70.899999856948853 18.170405507087708 26.217614889144897 12.359999656677244 17.199999809265137 27.860633730888367 15.999999999999998 15.194705724716185 4.9999999999999991 37.014416217803955 42.519999027252197
leaf_count=3 70 9 9 10 16 10 16 11 5 12 36
internal_value=0 -0.00130569 0.00553886 -0.00578801 -0.00817311 0.00821501 -0.00937054 -0.00128576 -0.0105894 0.0102012 -0.00289155
internal_weight=295.708 288.438 109.263 179.175 109.1 91.0927 91.9 70.0747 75.9 63.232 54.88
internal_count=207 204 40 164 107 31 91 57 75 21 46
is_linear=0
shrinkage=0.0283266


Tree=173
num_leaves=11
num_cat=0
split_feature=26 1 7 22 25 8 17 1 14 7
split_gain=19.7549 9.34602 3.56618 1.76314 1.567 1.92664 1.1696 0.726584 0.539286 0.504286
threshold=52.500000000000007 53.000000000000007 -15.499999999999998 -2.7764285714285708 3.5000000000000004 0.89827586206896559 59.675000000000018 27.500000000000004 0.1207142857142857 5.5000000000000009
decision_type=2 2 2 2 2 2 2 2 2 2
left_child=1 4 -3 -4 8 9 -5 -7 -1 -6
right_child=-2 2 3 6 5 7 -8 -9 -10 -11
leaf_value=0 0.03114122123708335 -0.0046987260225566686 0 0.012910276655595907 -0.008865250736160412 -0.0026790474284029281 0.0010553259876725546 0.0026107874465391609 -0.012384932100326096 0
leaf_weight=7.1199998855590811 15.375673294067381 18.170405507087708 16.784966349601746 42.886602163314819 47 54.699999094009399 21.015607833862305 28.434705495834351 39.219999551773071 4.9999999999999991
leaf_count=6 3 9 8 14 47 49 7 23 36 5
internal_value=0 -0.00182533 0.004885 0.00772817 -0.00578526 -0.00359575 0.00987662 -0.000205099 -0.0109766 -0.00795337
internal_weight=295.708 280.332 98.8576 80.6872 181.475 135.135 63.9022 83.1347 46.34 52
internal_count=207 204 38 29 166 124 21 72 42 52
is_linear=0
shrinkage=0.0283266


Tree=174
num_leaves=12
num_cat=0
split_feature=24 4 5 5 24 23 20 20 9 12 21
split_gain=19.0986 9.70314 4.80774 1.41807 1.38181 1.00714 0.991065 0.623426 0.525535 0.307882 0.356285
threshold=25.264285714285723 53.000000000000007 -29.70588235294117 -43.650793650793645 25.978571428571428 23.357142857142858 81.574285714285736 86.912857142857149 -3.4999999999999996 -9.4999999999999982 0.41642857142857154
decision_type=2 2 2 2 2 2 2 2 2 2 2
left_child=-1 3 -3 8 -4 9 -6 -8 -2 -5 -11
right_child=1 2 4 5 6 -7 7 -9 -10 10 -12
leaf_value=0.045207863197069001 -0.018276324932520342 -0.015755046853010369 0 0 0 0 0.014098750823944059 0.0054163696399778865 0 -0.0072527723764247744 -0.00018107072608330012
leaf_weight=7.2701847553253165 13.000000000000002 7.1063349246978751 12.61392569541931 13.799999713897703 7.981900453567504 34.265293836593628 26.271099328994751 64.81922173500061 4.9999999999999991 79.179999113082886 24.399999618530273
leaf_count=3 13 5 5 12 5 31 10 23 5 73 22
internal_value=0 -0.00125327 0.00470399 -0.0057505 0.00650129 -0.00431617 0.00767063 0.00852781 -0.0147599 -0.00556342 -0.00612045
internal_weight=295.708 288.438 118.792 169.645 111.686 151.645 99.0722 91.0903 18 117.38 103.58
internal_count=207 204 48 156 43 138 38 33 18 107 95
is_linear=0
shrinkage=0.0283266


Tree=175
num_leaves=15
num_cat=0
split_feature=24 5 1 24 14 21 25 20 23 14 19 19 8 14
split_gain=17.8596 7.77954 6.93359 1.82485 1.34345 0.80004 0.520344 0.467701 0.832325 0.615463 0.523832 0.369206 0.365858 0.225337
threshold=25.264285714285723 -29.70588235294117 44.500000000000007 26.221428571428579 0.13357142857142865 0.43071428571428577 6.5000000000000009 90.939285714285731 27.785714285714288 0.18357142857142864 51.790000000000006 2.1250000000000004 1.0750000000000002 0.14928571428571433
decision_type=2 2 2 2 2 2 2 2 2 2 2 2 2 2
left_child=-1 5 7 -4 12 6 -2 8 9 10 11 -3 -5 -6
right_child=1 2 3 4 13 -7 -8 -9 -10 -11 -12 -13 -14 -15
leaf_value=0.043928412655783976 -0.015722762050936045 0 0 -0.0011318276561686112 0.013675767486056896 0 -0.00022040010889599521 0 0 0 0 -0.0088460086071500393 0.004213499255168467 0.0049770103204736117
leaf_weight=7.2701847553253165 30.106334924697876 5.2999999523162833 28.578492999076843 10.54524886608124 31.873515486717224 4.9999999999999991 9.9999999999999982 40.079999446868896 14.105293989181517 5.2999999523162833 13.199999809265135 49.619999170303345 15.767636299133299 33.916364073753357
leaf_count=3 28 5 11 6 14 5 10 36 12 5 12 44 4 11
internal_value=0 -0.000992047 0.000766753 0.00581406 0.00775811 -0.0118969 -0.0132356 -0.00357374 -0.00478613 -0.00603349 -0.00681792 -0.00808131 0 0.0100321
internal_weight=300.663 293.393 248.287 120.681 92.1028 45.1063 40.1063 127.605 87.5253 73.42 68.12 54.92 26.3129 65.7899
internal_count=206 203 160 46 35 43 38 114 78 66 61 49 10 25
is_linear=0
shrinkage=0.0283266


Tree=176
num_leaves=15
num_cat=0
split_feature=24 5 0 15 24 21 9 0 7 7 10 24 24 7
split_gain=16.8655 7.39632 5.61893 1.94359 0.971104 0.903681 0.792565 0.736789 0.6978 0.665597 0.878213 0.608839 0.380329 0.255188
threshold=25.264285714285723 -27.525252525252522 32.500000000000007 -10.960960960960962 27.754999999999999 0.34785714285714292 -2.4999999999999996 53.666666666666671 -15.499999999999998 6.5000000000000009 11.500000000000002 26.370714285714289 26.120714285714289 -8.4999999999999982
decision_type=2 2 2 2 2 2 2 2 2 2 2 2 2 2
left_child=-1 8 6 5 12 7 -3 -4 -2 10 11 -8 -5 -10
right_child=1 2 3 4 -6 -7 9 -9 13 -11 -12 -13 -14 -15
leaf_value=0.042685172722766312 -0.020811493872649276 0 0 0 0.016556540031267566 -0.007918058409595901 0 0.0092766617141691442 0 0 0 -0.0099502992812459563 0.0058068878309105324 -0.0082594372483068973
leaf_weight=7.2701847553253165 11.106334924697874 25 7.122171878814699 18.974420547485352 12.383484125137327 10.839366555213926 16.459999799728394 7.3981901407241821 9.9999999999999947 24.319999217987061 7.4599997997283927 37.959999561309814 75.368918418884277 29.000000000000004
leaf_count=3 9 25 6 6 5 7 15 4 10 19 6 35 27 29
internal_value=0 -0.000967399 0.000865188 0.00499442 0.00674344 -0.000187912 -0.00354276 0.00177988 -0.0109669 -0.0048547 -0.00643892 -0.00775175 0.00486869 -0.00674388
internal_weight=300.663 293.393 243.287 132.087 106.727 25.3597 111.2 14.5204 50.1063 86.2 61.88 54.42 94.3433 39
internal_count=206 203 155 55 38 17 100 10 48 75 56 50 33 39
is_linear=0
shrinkage=0.0283266


Tree=177
num_leaves=12
num_cat=0
split_feature=18 0 8 8 25 24 16 7 8 21 24
split_gain=16.16 6.92429 2.88006 2.20817 1.80901 1.49969 0.951564 0.747084 0.4511 0.414948 0.485555
threshold=1048.3971428571431 40.333333333333343 0.74537037037037046 2.0625000000000004 3.5000000000000004 26.221428571428579 27.452857142857148 2.5000000000000004 1.0983870967741938 0.45571428571428574 29.258571428571432
decision_type=2 2 2 2 2 2 2 2 2 2 2
left_child=1 3 -3 4 9 -4 -7 8 -6 10 -1
right_child=-2 2 5 -5 7 6 -8 -9 -10 -11 -12
leaf_value=-0.014072289506443269 0.032650658771305525 -0.0081081800629639635 0 0.0051422572348769303 -0.00642559040422993 0.0090174752786073703 0 0 0 0 0
leaf_weight=32.87999963760376 11.737919688224791 10.904977440834044 23.711210608482361 10.371764421463011 58.299999952316284 64.877877950668335 16.614027142524719 47.065293073654175 14.199999809265135 4.9999999999999991 4.9999999999999991
leaf_count=30 3 8 10 7 58 22 6 39 13 5 5
internal_value=0 -0.00124309 0.00384381 -0.00498049 -0.00596711 0.00560832 0.00744107 -0.00347746 -0.00531131 -0.0116192 -0.0127126
internal_weight=300.663 288.925 116.108 172.817 162.445 105.203 81.4919 119.565 72.5 42.88 37.88
internal_count=206 203 46 157 150 38 28 110 71 40 35
is_linear=0
shrinkage=0.0283266


Tree=178
num_leaves=16
num_cat=0
split_feature=24 0 8 7 24 21 25 22 10 25 24 0 24 14 14
split_gain=15.5064 6.40138 2.72141 2.39412 1.69261 0.748239 0.748082 0.889788 0.565873 0.616946 0.595432 0.507039 0.277676 0.386701 0.443427
threshold=25.264285714285723 40.333333333333343 0.72902097902097907 6.5000000000000009 26.221428571428579 0.25785714285714295 3.5000000000000004 -4.0321428571428557 11.500000000000002 4.5000000000000009 26.303571428571427 62.000000000000007 29.258571428571432 0.16071428571428573 0.1207142857142857
decision_type=2 2 2 2 2 2 2 2 2 2 2 2 2 2 2
left_child=-1 3 -3 6 -4 -5 12 -8 9 -9 -11 -6 13 14 -2
right_child=1 2 4 5 11 -7 7 8 -10 10 -12 -13 -14 -15 -16
leaf_value=0.040916609118933724 0 -0.0078786385366585027 0 0.0086678947180808576 0.0021321591978299866 0 0 0 0 -0.00039170016492734986 -0.0098415737291265137 0.0098410542564809755 0 0 -0.016276215281265993
leaf_weight=7.2701847553253165 5.5599999427795437 10.904977440834044 28.578492999076843 8.3717644214630109 33.401583790779114 23.845293521881104 20.599999904632568 12.859999895095823 6.1599998474121085 21.599999904632568 39.359999656677246 49.990773797035217 4.9999999999999991 6.8599998950958243 20.299999952316284
leaf_count=3 5 8 11 5 15 19 20 12 5 21 37 14 5 6 20
internal_value=0 -0.000941237 0.00374409 -0.00464156 0.00536988 0.00095015 -0.00634365 -0.0040812 -0.00546553 -0.00620603 -0.00739991 0.00741631 -0.0109101 -0.012001 -0.0139361
internal_weight=300.663 293.393 122.876 170.517 111.971 32.2171 138.3 100.58 79.98 73.82 60.96 83.3924 37.72 32.72 25.86
internal_count=206 203 48 155 40 24 131 95 75 70 58 29 36 31 25
is_linear=0
shrinkage=0.0283266


Tree=179
num_leaves=13
num_cat=0
split_feature=18 0 8 9 24 25 16 24 9 21 24 24
split_gain=14.7622 6.24448 2.59928 2.06841 1.35706 1.14856 0.862873 0.492149 0.412406 0.246428 0.295568 0.206254
threshold=1048.3971428571431 40.333333333333343 0.74537037037037046 18.500000000000004 26.221428571428579 3.5000000000000004 27.452857142857148 26.303571428571427 9.5000000000000018 0.45571428571428574 29.258571428571432 26.014999999999997
decision_type=2 2 2 2 2 2 2 2 2 2 2 2
left_child=1 3 -3 5 -4 9 -6 11 -9 10 -1 -7
right_child=-2 2 4 -5 6 7 -8 8 -10 -11 -12 -13
leaf_value=-0.012176393524055714 0.031190678163538266 -0.0076555953394433825 0 0.0089132061944877106 0.0085482801547371364 -0.0021491376981561143 0 -0.0053807003913839933 0 0 0 0.0019979510887007264
leaf_weight=34.139999628067017 11.737919688224791 10.904977440834044 23.711210608482361 5.5117645263671866 64.877877950668335 24.099999666213989 16.614027142524719 74.499999284744263 11.005293846130369 4.9999999999999991 4.9999999999999991 13.559999942779539
leaf_count=31 3 8 10 3 22 22 6 70 8 5 5 13
internal_value=0 -0.00120502 0.00361079 -0.00476027 0.00530421 -0.00554132 0.00704849 -0.00340886 -0.00462126 -0.0102386 -0.0111027 0
internal_weight=300.663 288.925 116.108 172.817 105.203 167.305 81.4919 123.165 85.5053 44.14 39.14 37.66
internal_count=206 203 46 157 38 154 28 113 78 41 36 35
is_linear=0
shrinkage=0.0283266


Tree=180
num_leaves=17
num_cat=0
split_feature=24 5 1 24 14 21 17 25 10 22 28 17 10 7 7 6
split_gain=14.2533 6.33664 5.24898 1.56 1.20822 0.677553 0.67539 0.487101 0.392403 0.48771 0.716246 0.61319 0.471599 0.326834 0.318736 0.231718
threshold=25.264285714285723 -29.70588235294117 44.500000000000007 26.221428571428579 0.13357142857142865 0.43071428571428577 25.440000000000001 6.5000000000000009 11.500000000000002 -5.2249999999999988 91.75500000000001 13.365000000000002 -23.499999999999996 7.5000000000000009 -2.4999999999999996 6.5000000000000009
decision_type=2 2 2 2 2 2 2 2 2 2 2 2 2 2 2 2
left_child=-1 5 8 -4 15 7 -6 -2 9 -3 11 -11 -13 14 -14 -5
right_child=1 2 3 4 6 -7 -8 -9 -10 10 -12 12 13 -15 -16 -17
leaf_value=0.03921674821819171 -0.014301844871096266 0 0 -0.0010487425858680328 0.01486039117687721 0 0.0047768768567870573 0 0 0 0 0 0 0 -0.010275831993108633 0.0033243506853024153
leaf_weight=7.2701847553253165 30.106334924697876 16.899999856948853 28.578492999076843 10.54524886608124 22.009719610214233 4.9999999999999991 43.780159950256348 9.9999999999999982 18.079999446868896 15.159999847412108 18.459999799728394 6.2999999523162833 7.9999999999999991 7.8852939605712882 36.81999945640564 15.767636299133299
leaf_count=3 28 16 11 6 7 5 18 10 14 14 17 6 8 6 33 4
internal_value=0 -0.00091512 0.000651432 0.0050664 0.00687184 -0.0107618 0.00899119 -0.011992 -0.00309103 -0.00374248 -0.00455918 -0.00580585 -0.00712075 -0.0079965 -0.00900237 0
internal_weight=300.663 293.393 248.287 120.681 92.1028 45.1063 65.7899 40.1063 127.605 109.525 92.6253 74.1653 59.0053 52.7053 44.82 26.3129
internal_count=206 203 160 46 35 43 25 38 114 100 84 67 53 47 41 10
is_linear=0
shrinkage=0.0283266


Tree=181
num_leaves=11
num_cat=0
split_feature=12 0 15 24 25 17 19 7 17 6
split_gain=13.697 5.86554 2.05532 1.85971 1.69153 0.910665 0.879893 0.740036 0.570185 0.463112
threshold=70.500000000000014 40.333333333333343 -10.960960960960962 29.636428571428574 3.5000000000000004 14.645000000000001 33.07500000000001 2.5000000000000004 60.735000000000007 2.5000000000000004
decision_type=2 2 2 2 2 2 2 2 2 2
left_child=1 3 6 4 -1 -5 -3 9 -4 -6
right_child=-2 2 8 5 7 -7 -8 -9 -10 -11
leaf_value=-0.011152859290883161 0.032912006270746051 -0.0082520605450087364 0.0069060517125913009 0.010991290433760518 -0.0058255288574869148 0 0 0 0 0
leaf_weight=41.439999580383301 9.8374671936035138 12.011312365531923 72.999724864959717 6.9117646217346218 61.899999856948853 9.1999998092651349 13.791855216026304 43.765293121337891 19.205653190612793 9.5999999046325666
leaf_count=38 2 7 24 5 61 8 9 36 7 9
internal_value=0 -0.00106121 0.00355035 -0.00452996 -0.00561088 0.0025531 -0.00208634 -0.00313858 0.005727 -0.00491771
internal_weight=300.663 290.826 118.009 172.817 156.705 16.1118 25.8032 115.265 92.2054 71.5
internal_count=206 204 47 157 144 13 16 106 31 70
is_linear=0
shrinkage=0.0283266


Tree=182
num_leaves=11
num_cat=0
split_feature=24 5 4 6 9 4 0 10 23 8
split_gain=13.2114 6.29037 4.48795 1.68143 0.722175 0.577185 0.803829 0.523726 0.492905 0.479264
threshold=25.264285714285723 -27.525252525252522 44.500000000000007 -1.0000000180025095e-35 -2.4999999999999996 73.500000000000014 76.166666666666671 11.500000000000002 32.000000000000007 1.2290209790209794
decision_type=2 2 2 2 2 2 2 2 2 2
left_child=-1 9 4 5 -3 -4 -7 8 -6 -2
right_child=1 2 3 -5 7 6 -8 -9 -10 -11
leaf_value=0.037569931009133521 -0.010964033438664521 0 -0.0055567749520714733 0.006636693217147104 -0.00585355093554377 0.00725187058764262 0 0 0 0
leaf_weight=7.2701847553253165 47.106334924697876 25 12.056560993194578 89.280465841293335 73.279998779296875 13.981900453567507 12.405407190322874 14.21999955177307 5.9852941036224356 4.9999999999999991
leaf_count=3 45 25 10 30 65 7 4 11 5 5
internal_value=0 -0.00105144 0.000631859 0.00449738 -0.00306877 0 0.00185327 -0.00425837 -0.00516602 -0.0100646
internal_weight=305.586 298.316 246.21 127.724 118.485 38.4439 26.3873 93.4853 79.2653 52.1063
internal_count=210 207 157 51 106 21 11 81 70 50
is_linear=0
shrinkage=0.0283266


Tree=183
num_leaves=13
num_cat=0
split_feature=12 23 15 20 16 19 21 22 14 22 24 21
split_gain=12.5666 6.03121 3.65417 2.20383 1.43097 1.16428 0.857046 0.809834 0.717063 0.577011 0.435918 0.38607
threshold=70.500000000000014 23.357142857142858 -10.960960960960962 86.362142857142871 26.523571428571433 7.6150000000000011 0.23928571428571432 -7.4428571428571422 0.17785714285714288 -3.5549999999999993 27.509999999999998 0.4885714285714286
decision_type=2 2 2 2 2 2 2 2 2 2 2 2
left_child=1 8 3 -3 -5 -4 -7 -8 9 -1 -9 -11
right_child=-2 2 5 4 -6 6 7 10 -10 11 -12 -13
leaf_value=0 0.031350049535036839 0.0024007480251486708 0 0 -0.014103137234435998 0 0 0.005294361081894421 0 -0.0082557824057080224 0.014739956195070963 0
leaf_weight=22.359999656677246 9.8374671936035138 11.735294222831724 13.34548783302307 9.0226243734359759 18.484163045883179 4.4276018142700186 8.8338351249694806 81.876190423965454 20.65999960899353 84.75999927520752 14.943484067916868 5.2999999523162833
leaf_count=20 2 9 8 7 14 3 4 33 18 80 7 5
internal_value=0 -0.00117532 0.00224324 -0.00459549 -0.00958849 0.00486532 0.00591836 0.00655769 -0.00576904 -0.006672 0.00732378 -0.00779151
internal_weight=305.586 295.749 162.669 39.2421 27.5068 123.427 110.081 105.654 133.08 112.42 96.8197 90.06
internal_count=210 208 85 30 21 55 47 44 123 105 40 85
is_linear=0
shrinkage=0.0283266


Tree=184
num_leaves=12
num_cat=0
split_feature=24 6 8 4 23 26 21 7 19 10 21
split_gain=12.116 5.20087 2.29627 2.11142 1.92551 0.699149 1.30322 0.845927 0.630606 0.557914 0.493341
threshold=25.264285714285723 6.5000000000000009 0.69782608695652182 44.500000000000007 8.2857142857142865 2.5000000000000004 0.29571428571428582 1.5000000000000002 20.915000000000003 4.5000000000000009 0.43500000000000005
decision_type=2 2 2 2 2 2 2 2 2 2 2
left_child=-1 2 10 -3 9 6 -6 8 -7 -4 -2
right_child=1 3 4 -5 5 7 -8 -9 -10 -11 -12
leaf_value=0.03597399636395316 -0.01085720053743236 -0.00097079903532565554 -0.012578459911516036 0.006985745964899287 0.010606680841618929 0 0 0 -0.0090465126010221327 0 0
leaf_weight=7.2701847553253165 39.106334924697876 26.099999189376831 15.299999952316286 68.567029476165771 11.484162926673887 12.18997359275818 40.723981618881226 52.139050364494324 18.306787371635437 7.5999999046325675 6.7986425161361685
leaf_count=3 37 20 15 21 7 10 38 31 15 7 6
internal_value=0 -0.00101104 -0.00370876 0.00420854 -0.00164921 0 0.00217503 -0.00194917 -0.00570488 -0.00928333 -0.00958128
internal_weight=305.586 298.316 203.649 94.667 157.744 134.844 52.2081 82.6358 30.4968 22.9 45.905
internal_count=210 207 166 41 123 101 45 56 25 22 43
is_linear=0
shrinkage=0.0283266


Tree=185
num_leaves=13
num_cat=0
split_feature=12 23 8 13 24 21 14 22 8 19 21 1
split_gain=11.4794 5.4836 4.64557 1.24748 1.513 0.811534 0.675115 0.519534 0.536862 0.483095 0.41614 0.335646
threshold=70.500000000000014 23.357142857142858 0.69782608695652182 25.067857142857143 25.978571428571428 0.24285714285714288 0.17785714285714288 -3.5549999999999993 2.0625000000000004 24.130000000000003 0.4885714285714286 42.000000000000007
decision_type=2 2 2 2 2 2 2 2 2 2 2 2
left_child=1 6 9 4 -4 -6 7 -1 10 -3 -9 -5
right_child=-2 2 3 11 5 -7 -8 8 -10 -11 -12 -13
leaf_value=0 0.029948090782552703 -0.015551987240895026 -0.0013070636159470215 0 0 0.0069362781423543598 0 -0.0085754659872416678 0 0 0 -0.0070236628458556554
leaf_weight=22.359999656677246 9.8374671936035138 10.242081522941591 12.052839756011961 11.979999780654909 8.0655965805053693 108.00553894042969 20.65999960899353 78.59999942779541 6.1599998474121085 6.6628959178924552 5.2999999523162833 5.6597284078598014
leaf_count=20 2 8 5 10 4 48 18 75 5 6 5 4
internal_value=0 -0.00113673 0.00211086 0.00402477 0.00511482 0.00625772 -0.00552146 -0.00639587 -0.00746267 -0.0111199 -0.00805692 -0.000760355
internal_weight=305.586 295.749 162.669 145.764 128.124 116.071 133.08 112.42 90.06 16.905 83.9 17.6397
internal_count=210 208 85 71 57 52 123 105 85 14 80 14
is_linear=0
shrinkage=0.0283266


Tree=186
num_leaves=12
num_cat=0
split_feature=24 5 4 24 15 14 25 19 19 10 10
split_gain=11.1319 5.25717 3.51775 1.52418 1.51378 0.519373 0.47866 0.435135 0.376458 0.329179 0.216143
threshold=25.264285714285723 -27.525252525252522 44.500000000000007 26.185714285714287 -26.393188854489161 0.15642857142857147 6.5000000000000009 39.775000000000006 2.1250000000000004 12.500000000000002 -1.0000000180025095e-35
decision_type=2 2 2 2 2 2 2 2 2 2 2
left_child=-1 6 7 5 -5 -4 -2 8 -3 10 -10
right_child=1 2 3 4 -6 -7 -8 -9 9 -11 -12
leaf_value=0.03445322437024715 -0.011256113101415922 0 0.00051062891624644227 -0.0010943834011316112 0.0069734861137087821 -0.0058395524180669392 0 0 0 0 -0.0069780111791125522
leaf_weight=7.2701847553253165 38.106334924697876 7.2999999523162833 14.841527223587038 9.4615384340286237 91.245388984680176 12.175879836082457 13.999999999999998 40.299999475479126 21.499999761581421 9.0199997425079328 40.365293502807617
leaf_count=3 36 7 6 8 33 4 14 37 20 7 35
internal_value=0 -0.00099382 0.000526154 0.00397061 0.00566684 -0.000307222 -0.00923538 -0.00272058 -0.00396 -0.004643 -0.0053823
internal_weight=305.586 298.316 246.21 127.724 100.707 27.0174 52.1063 118.485 78.1853 70.8853 61.8653
internal_count=210 207 157 51 41 10 50 106 69 62 55
is_linear=0
shrinkage=0.0283266


Tree=187
num_leaves=10
num_cat=0
split_feature=12 0 7 6 14 21 25 11 25
split_gain=10.5596 4.94027 2.11065 1.72111 1.03403 0.782799 0.504054 0.387776 0.378748
threshold=70.500000000000014 49.666666666666679 11.500000000000002 1.0000000180025095e-35 0.15642857142857147 0.23785714285714293 3.5000000000000004 6.5000000000000009 4.5000000000000009
decision_type=2 2 2 2 2 2 2 2 2
left_child=1 2 5 4 7 -1 -7 -3 -8
right_child=-2 3 -4 -5 -6 6 8 -9 -10
leaf_value=-0.013516115593061198 0.028689351850112572 0.0048616113186197504 0.0038584681920325928 0.0066997622352142931 -0.0085867209598617534 -0.0072232272204547704 0 0 -0.0030342895010042762
leaf_weight=13.599999904632567 9.8374671936035138 16.459275960922245 17.665882110595703 61.720106601715088 10.18838584423065 44.779999494552612 23.059999704360962 11.667247653007506 96.607782125473022
leaf_count=13 2 9 9 18 4 41 21 5 88
internal_value=0 -0.00111947 -0.00387905 0.00372709 0 -0.0049572 -0.00391288 0.00166533 -0.0022121
internal_weight=305.586 295.749 195.714 100.035 38.3149 178.048 164.448 28.1265 119.668
internal_count=210 208 172 36 18 163 150 14 109
is_linear=0
shrinkage=0.0283266


Tree=188
num_leaves=14
num_cat=0
split_feature=24 6 1 8 23 14 0 19 21 29 7 26 7
split_gain=10.2136 4.36317 1.88819 1.80904 1.49757 1.00558 1.17529 0.782151 0.43968 0.319667 0.279997 0.266164 0.242131
threshold=25.264285714285723 5.5000000000000009 44.500000000000007 0.69782608695652182 8.2857142857142865 0.15500000000000003 65.500000000000014 38.38000000000001 0.43500000000000005 27.161428571428573 -7.4999999999999991 6.5000000000000009 2.5000000000000004
decision_type=2 2 2 2 2 2 2 2 2 2 2 2 2
left_child=-1 3 -3 8 11 6 10 9 -2 12 -6 -5 -7
right_child=1 2 -4 4 5 7 -8 -9 -10 -11 -12 -13 -14
leaf_value=0.032987736550305118 -0.010017705939112848 -0.00032514334627194185 0.006516768611092353 -0.01085614516458806 -0.0042156199585272735 -0.009285647479402824 0.008175703018704605 0 0 0 0.000816812539943014 0 0
leaf_weight=7.2701847553253165 39.106334924697876 36.405292987823486 65.447029590606689 15.299999952316286 11.223981857299803 18.943891406059272 17.861817955970764 30.331988096237183 6.7986425161361685 4.9999999999999991 37.595927357673645 6.2999999523162833 8.0010552406311017
leaf_count=3 37 27 19 15 10 16 7 23 6 5 31 6 5
internal_value=0 -0.000963612 0.00352891 -0.00357394 -0.00160685 -1.01439e-05 0.00194122 -0.00298667 -0.00882097 -0.00608527 0 -0.00857945 -0.00730873
internal_weight=305.586 298.316 101.852 196.464 150.559 128.959 66.6817 62.2769 45.905 31.9449 48.8199 21.6 26.9449
internal_count=210 207 46 161 118 97 48 49 43 26 41 21 21
is_linear=0
shrinkage=0.0283266


Tree=189
num_leaves=14
num_cat=0
split_feature=8 23 13 28 22 19 14 22 10 28 12 24 6
split_gain=4.02914 2.79592 1.11574 1.15061 0.706357 0.831205 0.534916 0.47703 0.490409 0.391053 0.342624 0.273028 0.236507
threshold=0.86356589147286833 22.357142857142858 25.067857142857143 81.245000000000019 -5.7985714285714289 30.805000000000003 0.17785714285714288 -8.0314285714285703 -35.499999999999993 73.59142857142858 6.5000000000000009 26.120714285714289 1.0000000180025095e-35
decision_type=2 2 2 2 2 2 2 2 2 2 2 2 2
left_child=4 6 3 -3 -1 -6 10 -5 -9 -4 12 -10 -2
right_child=1 2 9 7 5 -7 -8 8 11 -11 -12 -13 -14
leaf_value=0 0 0.019376899022813636 0 0 -0.011171230609342339 -0.0016521021902609881 0 0 0 -0.0070521084764909895 0 0.0051099887082035724 -0.0076274895577076885
leaf_weight=13.662895917892454 6.9999999999999991 5.4570136070251456 9.1599998474121112 9.5338351726531965 38.787330508232117 28.821266889572144 14.099999666213987 7.1334841251373282 15.705291271209715 7.2186423540115348 24.119999408721924 79.934257745742798 31.299999475479126
leaf_count=13 7 2 8 5 35 26 12 5 5 5 20 32 28
internal_value=-0.00131881 0.000508384 0.0031962 0.00434183 -0.00673453 -0.00793101 -0.0034813 0.00311823 0.00378807 -0.00166715 -0.0046618 0.00441971 -0.00652634
internal_weight=291.934 210.663 134.143 117.764 81.2715 67.6086 76.52 112.307 102.773 16.3786 62.42 95.6395 38.3
internal_count=203 129 62 49 74 61 67 47 42 13 55 37 35
is_linear=0
shrinkage=0.0283266


Tree=190
num_leaves=9
num_cat=0
split_feature=23 15 28 22 19 21 19 21
split_gain=3.76889 2.37316 1.20326 0.747151 0.568627 0.661885 0.818222 0.428469
threshold=23.357142857142858 -10.960960960960962 89.090714285714299 -7.4428571428571422 7.6150000000000011 0.23928571428571432 65.670000000000016 0.41642857142857154
decision_type=2 2 2 2 2 2 2 2
left_child=7 2 -2 -3 -5 -6 -7 -1
right_child=1 3 -4 4 5 6 -8 -9
leaf_value=-0.0058410045115521274 0 -0.0002526432812129166 -0.0090129591721460518 0 0 0.0073865658468408001 0 0
leaf_weight=104.71999883651733 11.787330269813536 11.833835124969481 21.282805562019348 12.34548783302307 4.4276018142700186 67.196823596954346 33.240133285522461 25.099999666213989
leaf_count=97 9 7 16 7 3 26 15 23
internal_value=-0.00129393 0.00132294 -0.00480573 0.00332187 0.00415415 0.00486202 0.00547437 -0.00498729
internal_weight=291.934 162.114 33.0701 129.044 117.21 104.865 100.437 129.82
internal_count=203 83 25 58 51 44 41 120
is_linear=0
shrinkage=0.0283266


Tree=191
num_leaves=12
num_cat=0
split_feature=8 23 13 24 22 19 21 14 22 12 8
split_gain=3.65615 2.46071 1.01815 0.682845 0.656668 0.761392 0.650918 0.504765 0.416111 0.323117 0.216132
threshold=0.86356589147286833 22.357142857142858 25.067857142857143 26.120714285714289 -5.7985714285714289 30.805000000000003 0.24285714285714288 0.17785714285714288 -8.0314285714285703 6.5000000000000009 0.97366688610928254
decision_type=2 2 2 2 2 2 2 2 2 2 2
left_child=4 7 3 -3 -1 -6 -5 9 -8 10 -2
right_child=1 2 -4 6 5 -7 8 -9 -10 -11 -12
leaf_value=0 0 0 -0.0015667317226017244 0 -0.010685752434809324 -0.0014740146495186193 0 0 0.0063338290256328665 0 -0.0072597925879803434
leaf_weight=13.662895917892454 6.9999999999999991 18.974420547485352 16.378642201423645 8.0655965805053693 38.787330508232117 28.821266889572144 6.2647058963775626 14.099999666213987 84.459158897399902 24.119999408721924 31.299999475479126
leaf_count=13 7 6 13 4 35 26 4 12 35 20 28
internal_value=-0.00126384 0.000464862 0.00300046 0.00410489 -0.00642429 -0.00757654 0.00506283 -0.00325797 0.00580236 -0.00441586 -0.00620856
internal_weight=291.934 210.663 134.143 117.764 81.2715 67.6086 98.7895 76.52 90.7239 62.42 38.3
internal_count=203 129 62 49 74 61 43 67 39 55 35
is_linear=0
shrinkage=0.0283266


Tree=192
num_leaves=11
num_cat=0
split_feature=8 23 13 28 22 19 8 29 15 12
split_gain=3.45807 2.31204 0.968694 1.07693 0.620012 0.690112 0.42433 0.385875 0.342014 0.460926
threshold=0.86356589147286833 22.357142857142858 25.067857142857143 81.245000000000019 -5.7985714285714289 30.805000000000003 1.0750000000000002 29.681428571428572 8.683473389355747 6.5000000000000009
decision_type=2 2 2 2 2 2 2 2 2 2
left_child=4 8 3 -3 -1 -6 -5 -4 -2 -10
right_child=1 2 7 6 5 -7 -8 -9 9 -11
leaf_value=0 0 0.018440471613424842 -0.0065008330574415065 0 -0.010383111693341921 -0.0014322700831350106 0.0041903996672799969 0 -0.0060860291732462166 0
leaf_weight=13.662895917892454 16.599999904632568 5.4570136070251456 8.2186423540115374 43.476309299468994 38.787330508232117 28.821266889572144 68.830559015274048 8.1599998474121076 38.199999332427979 21.719999313354492
leaf_count=13 16 2 6 23 35 26 24 7 34 17
internal_value=-0.00124687 0.000426937 0.00289292 0.00397622 -0.00626504 -0.00738511 0.00278041 -0.00152237 -0.00317386 -0.00417651
internal_weight=291.934 210.663 134.143 117.764 81.2715 67.6086 112.307 16.3786 76.52 59.92
internal_count=203 129 62 49 74 61 47 13 67 51
is_linear=0
shrinkage=0.0283266


Tree=193
num_leaves=10
num_cat=0
split_feature=8 23 13 28 8 28 15 8 18
split_gain=3.29064 2.19599 0.922901 0.999821 0.396084 0.351048 0.325752 0.282301 0.254131
threshold=0.86356589147286833 22.357142857142858 25.067857142857143 81.245000000000019 1.0750000000000002 73.59142857142858 8.683473389355747 2.0625000000000004 796.18846153846164
decision_type=2 2 2 2 2 2 2 2 2
left_child=8 6 3 -3 -5 -4 -2 -8 -1
right_child=1 2 5 4 -6 -7 7 -9 -10
leaf_value=-0.0065637243418035437 0 0.01791873129510238 0 0 0.0040717109996728533 -0.0066048314244780857 -0.0048172758160665245 0 0
leaf_weight=75.162895917892456 16.599999904632568 5.4570136070251456 9.1599998474121112 43.476309299468994 68.830559015274048 7.2186423540115348 52.459998846054077 7.4599997997283927 6.1085973978042594
leaf_count=71 16 2 8 23 24 5 45 6 3
internal_value=-0.0012138 0.000413068 0.00282205 0.00388265 0.00270767 -0.00143 -0.00308781 -0.00406662 -0.00611029
internal_weight=291.934 210.663 134.143 117.764 112.307 16.3786 76.52 59.92 81.2715
internal_count=203 129 62 49 47 13 67 51 74
is_linear=0
shrinkage=0.0283266


Tree=194
num_leaves=13
num_cat=0
split_feature=8 23 13 28 22 19 22 10 28 15 12 5
split_gain=3.11359 2.07895 0.880817 0.927402 0.587045 0.647452 0.38924 0.423585 0.333804 0.308518 0.432722 0.234113
threshold=0.86356589147286833 22.357142857142858 25.067857142857143 81.245000000000019 -5.7985714285714289 30.805000000000003 -8.0314285714285703 -35.499999999999993 73.59142857142858 8.683473389355747 6.5000000000000009 16.515151515151519
decision_type=2 2 2 2 2 2 2 2 2 2 2 2
left_child=4 9 3 -3 -1 -6 -5 -8 -4 -2 -11 -9
right_child=1 2 8 6 5 -7 7 11 -10 10 -12 -13
leaf_value=0 0 0.017411754168506762 0 0 -0.0099153439321346525 -0.0012180786690869955 0 0.0052818728235466709 -0.0064179059982662559 -0.0057900853663916847 0 0.00022432398257115453
leaf_weight=13.662895917892454 16.599999904632568 5.4570136070251456 9.1599998474121112 9.5338351726531965 38.787330508232117 28.821266889572144 7.1334841251373282 58.03162670135498 7.2186423540115348 38.199999332427979 21.719999313354492 37.607922315597534
leaf_count=13 16 2 8 5 35 26 5 26 5 34 17 11
internal_value=-0.00117346 0.000402628 0.00275229 0.00379172 -0.00593835 -0.00702541 0.00263698 0.00326152 -0.00134758 -0.00299426 -0.00394716 0.00387097
internal_weight=291.934 210.663 134.143 117.764 81.2715 67.6086 112.307 102.773 16.3786 76.52 59.92 95.6395
internal_count=203 129 62 49 74 61 47 42 13 67 51 37
is_linear=0
shrinkage=0.0283266


Tree=195
num_leaves=9
num_cat=0
split_feature=15 23 22 22 21 13 24 12
split_gain=2.93168 2.61836 0.752007 0.654185 0.517597 0.477581 0.429297 0.365511
threshold=-10.960960960960962 22.357142857142858 -5.7985714285714289 -8.0314285714285703 0.24285714285714288 25.067857142857143 26.120714285714289 7.5000000000000009
decision_type=2 2 2 2 2 2 2 2
left_child=2 7 -1 -3 -5 6 -6 -2
right_child=1 3 -4 4 5 -7 -8 -9
leaf_value=0 -0.0045664585162556465 -0.00019016158564591224 -0.0072358736175274496 0 0 0 0.0058221403514404253 0
leaf_weight=12.662895917892454 58.399999141693115 11.833835124969481 63.40723991394043 9.0655965805053693 15.705291271209715 11.27999973297119 84.459158897399902 25.119999408721924
leaf_count=12 53 7 56 5 5 9 35 21
internal_value=-0.00114656 0.000299453 -0.0059759 0.00300569 0.003778 0.0043773 0.00501437 -0.00332716
internal_weight=291.934 215.864 76.0701 132.344 120.51 111.444 100.164 83.52
internal_count=203 135 68 61 54 49 40 74
is_linear=0
shrinkage=0.0283266


Tree=196
num_leaves=11
num_cat=0
split_feature=18 5 1 24 20 15 21 19 26 23
split_gain=18.3981 3.51201 2.39474 1.39029 0.809589 0.669057 0.492892 0.378174 0.667671 0.398522
threshold=1048.3971428571431 -29.70588235294117 44.500000000000007 26.988571428571436 82.910000000000011 -10.960960960960962 0.43500000000000005 39.775000000000006 3.5000000000000004 29.285714285714288
decision_type=2 2 2 2 2 2 2 2 2 2
left_child=1 6 7 5 -5 -4 -1 8 -3 -10
right_child=-2 2 3 4 -6 -7 -8 -9 9 -11
leaf_value=-0.0093097798101811572 0.045733074594282427 0 -0.0043803285061788022 0 0.011832296278806843 0.0023241015214891911 0 0 -0.0061112995192046443 0
leaf_weight=41.44343900680542 6.8706372976303092 35.579999685287476 12.400452494621275 11.952108860015867 21.502814292907715 56.606107950210571 4.9999999999999991 40.59999942779541 48.919999122619629 11.105293989181517
leaf_count=40 2 33 8 5 9 18 5 37 43 9
internal_value=0 -0.001153 5.72673e-06 0.00349715 0.00840128 0.000318372 -0.00829626 -0.00221511 -0.0031881 -0.00501121
internal_weight=291.981 285.11 238.667 102.461 33.4549 69.0066 46.4434 136.205 95.6053 60.0253
internal_count=209 207 162 40 14 26 45 122 85 52
is_linear=0
shrinkage=0.0283266


Tree=197
num_leaves=13
num_cat=0
split_feature=18 5 1 24 14 15 17 19 26 23 22 18
split_gain=17.3695 3.31751 2.26782 1.32048 0.751876 0.632864 0.379678 0.357914 0.629743 0.375639 0.318099 0.469663
threshold=1048.3971428571431 -29.70588235294117 44.500000000000007 26.988571428571436 0.13642857142857143 -10.960960960960962 31.925000000000004 39.775000000000006 3.5000000000000004 29.285714285714288 18.116428571428578 -11.145604395604394
decision_type=2 2 2 2 2 2 2 2 2 2 2 2
left_child=1 10 7 5 -5 -4 -7 8 -3 -10 11 -1
right_child=-2 2 3 4 -6 6 -8 -9 9 -11 -12 -13
leaf_value=0 0.044438827089307797 0 -0.0042563133344142657 0 0.012307355400787548 0.0040559386530520051 0 0 -0.005938210226648981 0 0 -0.012218849914535788
leaf_weight=12.999999999999998 6.8706372976303092 35.579999685287476 12.400452494621275 14.675511360168455 18.779411792755127 36.062971115112305 20.543136835098267 40.59999942779541 48.919999122619629 11.105293989181517 8.9999999999999982 24.44343900680542
leaf_count=13 2 33 8 5 9 11 7 37 43 9 9 23
internal_value=0 -0.00111791 1.84536e-06 0.00340546 0.0081859 0.000286669 0.00225828 -0.00215293 -0.00309952 -0.00487014 -0.00806097 -0.00934937
internal_weight=291.981 285.11 238.667 102.461 33.4549 69.0066 56.6061 136.205 95.6053 60.0253 46.4434 37.4434
internal_count=209 207 162 40 14 26 18 122 85 52 45 36
is_linear=0
shrinkage=0.0283266


Tree=198
num_leaves=10
num_cat=0
split_feature=18 0 8 14 14 14 10 21 15
split_gain=16.4045 2.8681 1.62452 0.811719 0.700115 0.588216 0.475471 0.45026 0.235632
threshold=1048.3971428571431 40.333333333333343 2.0625000000000004 0.15642857142857147 0.13928571428571432 0.17785714285714288 45.000000000000007 0.40500000000000008 -38.013136288998346
decision_type=2 2 2 2 2 2 2 2 2
left_child=1 2 5 4 -3 7 -5 8 -1
right_child=-2 3 -4 6 -6 -7 -8 -9 -10
leaf_value=-0.011399209723632366 0.043181206821916993 6.3190640598438504e-07 0.005987661696747199 -0.0049720464925098037 0.0075328702162617556 0 0.0012456040769960107 -6.406254396967998e-05 -0.0041552862495295041
leaf_weight=18 6.8706372976303092 38.128789305686951 9.3717644214630109 14.313122391700743 31.821421504020691 22.359999656677246 17.729824781417847 35.059999704360962 98.325293064117432
leaf_count=18 2 14 6 8 14 20 4 33 90
internal_value=0 -0.00109163 -0.00334433 0.00241108 0.00421739 -0.00416591 0 -0.00479955 -0.00575175
internal_weight=291.981 285.11 183.117 101.993 69.9502 173.745 32.0429 151.385 116.325
internal_count=209 207 167 40 28 161 12 141 108
is_linear=0
shrinkage=0.0283266


Tree=199
num_leaves=9
num_cat=0
split_feature=18 0 8 24 15 21 17 21
split_gain=15.4848 2.73349 1.55262 1.061 0.970705 0.559685 0.345483 0.258186
threshold=1048.3971428571431 40.333333333333343 2.0625000000000004 26.988571428571436 -10.960960960960962 0.23928571428571432 31.925000000000004 0.25071428571428572
decision_type=2 2 2 2 2 2 2 2
left_child=1 2 5 4 -3 -1 -6 -7
right_child=-2 3 -4 -5 6 7 -8 -9
leaf_value=-0.010605468271833528 0.041959176018741717 -0.0059322560632811428 0.0058181675860920611 0.0068142485300713143 0.00384588211812584 0 0 -0.003334841328098432
leaf_weight=16.899999856948853 6.8706372976303092 14.843891501426695 9.3717644214630109 30.543158531188965 36.062971115112305 10.599999904632567 20.543136835098267 146.24529266357422
leaf_count=16 2 9 6 13 11 10 7 135
internal_value=0 -0.00105494 -0.00325773 0.00235814 0 -0.00406549 0.00212766 -0.00300812
internal_weight=291.981 285.11 183.117 101.993 71.45 173.745 56.6061 156.845
internal_count=209 207 167 40 27 161 18 145
is_linear=0
shrinkage=0.0283266


Tree=200
num_leaves=14
num_cat=0
split_feature=18 5 1 24 20 15 19 28 26 17 22 18 23
split_gain=14.6169 2.99486 1.92842 1.19966 0.752917 0.535633 0.331536 0.720941 0.731289 0.328851 0.303998 0.44785 0.289217
threshold=1048.3971428571431 -29.70588235294117 44.500000000000007 26.988571428571436 84.55285714285715 -10.960960960960962 39.775000000000006 89.445714285714288 3.5000000000000004 31.925000000000004 18.116428571428578 -11.145604395604394 13.000000000000002
decision_type=2 2 2 2 2 2 2 2 2 2 2 2 2
left_child=1 10 6 5 -5 -4 7 12 -9 -7 11 -1 -3
right_child=-2 2 3 4 -6 9 -8 8 -10 -11 -12 -13 -14
leaf_value=0 0.040771725631155629 -0.0023163532935034869 -0.0039358570525067343 0 0.011484345848680381 0.0037369606336043904 0 0 -0.0080654589633024198 0 0 -0.011622229445730794 0.0022110722049585845
leaf_weight=12.999999999999998 6.8706372976303092 24.359999656677246 12.400452494621275 13.716814756393431 19.738108396530151 36.062971115112305 40.59999942779541 20.71999979019165 29.805293560028076 20.543136835098267 8.9999999999999982 24.44343900680542 20.71999979019165
leaf_count=13 2 22 8 6 8 11 37 19 25 7 9 23 19
internal_value=0 -0.00101981 3.38316e-05 0.00318524 0.00773109 0.000180206 -0.00193122 -0.00284529 -0.00517356 0.00205826 -0.00762315 -0.00886519 0
internal_weight=291.981 285.11 238.667 102.461 33.4549 69.0066 136.205 95.6053 50.5253 56.6061 46.4434 37.4434 45.08
internal_count=209 207 162 40 14 26 122 85 44 18 45 36 41
is_linear=0
shrinkage=0.0283266


Tree=201
num_leaves=10
num_cat=0
split_feature=18 0 8 14 14 14 6 15 15
split_gain=13.8061 2.45833 1.44232 0.707053 0.647 0.549772 0.382129 0.355709 0.231728
threshold=1048.3971428571431 40.333333333333343 2.0625000000000004 0.15642857142857147 0.13928571428571432 0.17785714285714288 1.5000000000000002 -38.013136288998346 -22.086720867208665
decision_type=2 2 2 2 2 2 2 2 2
left_child=1 2 5 4 -3 7 -5 -1 -9
right_child=-2 3 -4 6 -6 -7 -8 8 -10
leaf_value=-0.0098777714691261672 0.039617886383251928 0 0.0055950525265376803 -0.0046073382527993022 0.0070692146218617564 0 0.00089362832240406182 0 -0.0037789874866655188
leaf_weight=20 6.8706372976303092 38.128789305686951 9.3717644214630109 13.749471783637999 31.821421504020691 22.359999656677246 18.293475389480591 21 110.38529276847839
leaf_count=20 2 14 6 7 14 20 5 21 100
internal_value=0 -0.000997709 -0.00309336 0.00222304 0.00391348 -0.00388022 0 -0.00449374 -0.00325318
internal_weight=291.981 285.11 183.117 101.993 69.9502 173.745 32.0429 151.385 131.385
internal_count=209 207 167 40 28 161 12 141 121
is_linear=0
shrinkage=0.0283266


Tree=202
num_leaves=12
num_cat=0
split_feature=26 5 1 24 20 21 15 9 10 10 17
split_gain=9.48996 2.76703 1.72512 1.20733 1.06363 0.457038 0.375385 0.321447 0.342676 0.328853 0.298353
threshold=52.500000000000007 -29.70588235294117 44.500000000000007 26.988571428571436 84.55285714285715 0.43071428571428577 -10.960960960960962 -2.4999999999999996 11.500000000000002 -1.0000000180025095e-35 31.925000000000004
decision_type=2 2 2 2 2 2 2 2 2 2 2
left_child=1 5 7 6 -5 -1 -4 -3 9 -9 -8
right_child=-2 2 3 4 -6 -7 10 8 -10 -11 -12
leaf_value=-0.0084146718794578385 0.027095618298054538 0 -0.0025519451856535571 0 0.013691881507802033 0 0.003539827265745078 0 0 -0.0045471919586404256 0
leaf_weight=40.44343900680542 9.9877047538757306 33 14.300904989242552 13.716814756393434 14.72058844566345 5.9999999999999991 36.062971115112305 26.259999513626099 17.079999446868896 59.865293264389038 20.543136835098267
leaf_count=39 2 33 9 6 7 6 11 23 13 53 7
internal_value=0 -0.000991596 2.42337e-05 0.00308111 0.00818889 -0.00733249 0.000252878 -0.00179975 -0.00260265 -0.00336294 0.00193772
internal_weight=291.981 281.993 235.55 99.3444 28.4374 46.4434 70.907 136.205 103.205 86.1253 56.6061
internal_count=209 207 162 40 13 45 27 122 89 76 18
is_linear=0
shrinkage=0.0283266


Tree=203
num_leaves=9
num_cat=0
split_feature=23 23 5 24 8 14 0 14
split_gain=11.2227 2.07771 1.92962 1.1886 0.850549 0.825258 0.602718 0.569221
threshold=88.214285714285737 23.357142857142858 -2.5185185185185195 26.120714285714289 1.1143790849673205 0.17785714285714288 62.000000000000007 0.12500000000000003
decision_type=2 2 2 2 2 2 2 2
left_child=1 5 4 -4 6 -1 -3 -5
right_child=-2 2 3 7 -6 -7 -8 -9
leaf_value=-0.0045124964735790791 0.033179689632417783 -0.0065655460439928313 -0.001379650657563106 0 0.0011592734587643511 0 0 0.0066351737827472328
leaf_weight=107.71999883651733 8.0546174049377424 31.68552029132843 9.697497606277464 7.8775198459625235 18.095008373260498 20.359999656677246 10.180995464324949 67.774412512779236
leaf_count=100 2 29 3 3 9 18 5 30
internal_value=7.80335e-05 -0.000695858 0.00135834 0.00431884 -0.00193424 -0.00345775 -0.00459084 0.00577968
internal_weight=281.446 273.391 145.311 85.3494 59.9615 128.08 41.8665 75.6519
internal_count=199 197 79 36 43 118 34 33
is_linear=0
shrinkage=0.0283266


Tree=204
num_leaves=11
num_cat=0
split_feature=23 6 5 23 9 10 28 27 14 28
split_gain=10.5942 1.95562 1.17249 1.08681 1.0827 0.922804 1.37587 0.474543 0.420922 0.306974
threshold=88.214285714285737 5.5000000000000009 -27.525252525252522 25.642857142857146 -2.4999999999999996 -1.0000000180025095e-35 89.789285714285725 59.70000000000001 0.15357142857142864 91.405000000000015
decision_type=2 2 2 2 2 2 2 2 2 2
left_child=1 2 8 -3 7 -6 -7 -4 -1 -5
right_child=-2 3 4 9 5 6 -8 -9 -10 -11
leaf_value=-0.0094581233005152452 0.032240576136847138 -0.0010134609657253017 0 0.0057726893593161716 0 0 -0.0099992096206451449 0.0067440519158093598 -0.0003847111359739897 0
leaf_weight=26.662895917892456 8.0546174049377424 26.179999113082886 31.257918477058411 48.442406415939331 26.580542802810669 35.025791645050049 25.380303025245667 13.506787300109862 22 18.354307889938354
leaf_count=26 2 20 30 17 21 31 16 7 22 7
internal_value=7.49717e-05 -0.00067132 -0.00254584 0.00237171 -0.000668677 -0.00282411 -0.00487251 0.00228539 -0.00649204 0.00452559
internal_weight=281.446 273.391 180.414 92.9767 131.751 86.9866 60.4061 44.7647 48.6629 66.7967
internal_count=199 197 153 44 105 68 47 37 48 24
is_linear=0
shrinkage=0.0283266


Tree=205
num_leaves=11
num_cat=0
split_feature=24 6 5 4 14 14 10 21 14 20
split_gain=6.13784 2.0398 1.22362 0.800634 0.63153 0.814937 0.699144 0.54831 0.372752 0.206172
threshold=25.264285714285723 5.5000000000000009 -27.525252525252522 44.500000000000007 0.15071428571428572 0.12642857142857142 7.5000000000000009 0.27428571428571435 0.15357142857142864 90.642857142857153
decision_type=2 2 2 2 2 2 2 2 2 2
left_child=-1 2 8 -3 5 -4 -6 -7 -2 -9
right_child=1 3 4 -5 6 7 -8 9 -10 -11
leaf_value=0.025892248833852407 -0.0091902717073151612 0 -0.0050713117081613674 0.0046159226426908838 0 0 -0.0069532669930357071 0.0063442547157633398 -0.00037381679092639655 0
leaf_weight=7.2701847553253165 26.662895917892456 32.599998950958252 10.299999952316282 62.161147117614746 37.361085653305054 18.9647057056427 21.775879740715027 25.747963905334473 22 16.601708292961121
leaf_count=3 26 25 10 19 35 17 13 19 22 10
internal_value=6.5968e-05 -0.000417921 -0.00236371 0.00268296 -0.000460882 0.000769163 -0.00288464 0.0026518 -0.00634034 0.00453517
internal_weight=281.446 274.175 179.414 94.7611 130.751 71.6144 59.137 61.3144 48.6629 42.3497
internal_count=199 196 152 44 104 56 48 46 48 29
is_linear=0
shrinkage=0.0283266


Tree=206
num_leaves=10
num_cat=0
split_feature=23 23 5 14 8 20 13 23 20
split_gain=9.69282 1.81718 1.72005 0.76863 0.745551 0.744623 0.863072 0.543594 0.295594
threshold=88.214285714285737 23.357142857142858 -2.5185185185185195 0.17785714285714288 1.1143790849673205 86.912857142857149 24.493571428571432 64.357142857142875 92.292857142857159
decision_type=2 2 2 2 2 2 2 2 2
left_child=1 3 4 -1 7 6 -4 -3 -7
right_child=-2 2 5 -5 -6 8 -8 -9 -10
leaf_value=-0.0042739782959076225 0.030825795373185746 -0.0061855661679474198 0.018360361574588722 0 0.00089151260419344149 0 0.0015596399008640128 0 0.0034715150424214011
leaf_weight=107.71999883651733 8.0546174049377424 31.923076868057251 7.6289594173431423 20.359999656677246 18.095008373260498 33.354742169380188 18.473918676376343 9.9434388875961286 25.891809701919556
leaf_count=100 2 29 3 18 9 15 10 5 8
internal_value=4.76897e-05 -0.000657691 0.00124509 -0.0032478 -0.00183372 0.00405541 0.00858953 -0.00433114 0.00112451
internal_weight=281.446 273.391 145.311 128.08 59.9615 85.3494 26.1029 41.8665 59.2466
internal_count=199 197 79 118 43 36 13 34 23
is_linear=0
shrinkage=0.0283266


Tree=207
num_leaves=12
num_cat=0
split_feature=23 23 7 24 14 8 14 23 21 14 14
split_gain=9.14231 1.72374 1.50728 0.983141 0.735586 0.678591 0.511136 0.505892 0.31395 0.294596 0.402107
threshold=88.214285714285737 23.357142857142858 -1.4999999999999998 26.120714285714289 0.17785714285714288 1.1143790849673205 0.12500000000000003 64.357142857142875 0.47500000000000003 0.14928571428571433 0.13500000000000004
decision_type=2 2 2 2 2 2 2 2 2 2 2
left_child=1 4 5 -4 8 7 -5 -3 -1 10 -8
right_child=-2 2 3 6 -6 -7 9 -9 -10 -11 -12
leaf_value=-0.0045676466299654972 0.029953300980110613 -0.0059547126436289583 -0.0010201331252680558 0 0 0.00086626815636184308 0 0 0 0.0017161709634761443 0.011969997528313238
leaf_weight=101.11999893188477 8.0546174049377424 30.923076868057251 9.697497606277464 7.8775198459625235 20.359999656677246 18.095008373260498 13.436271905899046 9.9434388875961286 6.5999999046325675 35.005334973335266 20.332805633544922
leaf_count=94 2 28 3 3 18 9 6 5 6 15 10
internal_value=6.12431e-05 -0.000618013 0.00122999 0.00383402 -0.00314598 -0.00164659 0.00516897 -0.00411108 -0.00415292 0.0059784 0.00875953
internal_weight=281.446 273.391 145.311 86.3494 128.08 58.9615 76.6519 40.8665 107.72 68.7744 33.7691
internal_count=199 197 79 37 118 42 34 33 100 31 16
is_linear=0
shrinkage=0.0283266


Tree=208
num_leaves=9
num_cat=0
split_feature=9 27 25 8 21 22 5 11
split_gain=4.98677 1.68018 0.995952 1.08398 0.556036 0.487581 0.430376 0.223728
threshold=22.500000000000004 59.70000000000001 2.5000000000000004 0.89827586206896559 0.34785714285714292 -5.7985714285714289 -43.650793650793645 -10.499999999999998
decision_type=2 2 2 2 2 2 2 2
left_child=1 2 -1 5 7 -4 -7 -3
right_child=-2 4 3 -5 -6 6 -8 -9
leaf_value=-0.007159891324050623 0.010287356143925034 0 0 0.00026319415183713104 0 0 -0.0063234140437821718 0.010160778960684805
leaf_weight=35.179999589920044 34.760372877120972 12.863673686981203 12.561085939407347 97.937962293624878 25.531615853309631 6.9999999999999991 45.05656099319458 10.554298758506773
leaf_count=32 9 5 12 79 7 7 43 5
internal_value=7.08562e-05 -0.001145 -0.00247057 -0.00111556 0.0030807 -0.00406013 -0.00528928 0.00623554
internal_weight=281.446 246.685 197.736 162.556 48.9496 64.6176 52.0566 23.418
internal_count=199 190 173 141 17 62 50 10
is_linear=0
shrinkage=0.0283266


Tree=209
num_leaves=12
num_cat=0
split_feature=23 5 23 20 20 14 26 22 22 22 14
split_gain=8.51561 1.57425 1.47491 1.34596 1.27713 0.461081 0.446054 0.383087 0.767362 0.360844 0.254381
threshold=88.214285714285737 -36.038961038961027 23.357142857142858 86.912857142857149 84.55285714285715 0.17785714285714288 -1.4999999999999998 13.629285714285716 2.1621428571428574 18.116428571428578 0.15642857142857147
decision_type=2 2 2 2 2 2 2 2 2 2 2
left_child=1 9 5 4 -4 6 -3 8 -5 -1 -8
right_child=-2 2 3 7 -6 -7 10 -9 -10 -11 -12
leaf_value=-0.0077044195241241769 0.028925836071730125 0 0.0014441719607267709 0.00056168121099765865 0.01573874013718048 0 -0.0013956322832119111 0.003051099224827135 -0.0048240138741739548 0 -0.0078692851952393717
leaf_weight=27.662895917892456 8.0546174049377424 15.599999904632567 32.159424662590027 38.174065947532654 10.800905227661131 17.359999656677246 46.75999927520752 27.288823366165161 28.224838972091675 6.9999999999999991 22.359999656677246
leaf_count=27 2 15 18 23 5 15 42 9 16 7 20
internal_value=7.55047e-05 -0.000573037 1.94708e-05 0.00216308 0.00632587 -0.00230875 -0.00328468 0 -0.000895826 -0.00624674 -0.0042897
internal_weight=281.446 273.391 238.728 136.648 42.9603 102.08 84.72 93.6877 66.3989 34.6629 69.12
internal_count=199 197 163 71 23 92 77 48 39 34 62
is_linear=0
shrinkage=0.0283266


Tree=210
num_leaves=13
num_cat=0
split_feature=9 5 23 7 7 7 12 12 10 25 15 15
split_gain=5.27775 2.06591 0.877723 0.745477 0.744167 0.724497 0.603902 0.588185 0.529225 0.335929 0.22845 0.324256
threshold=22.500000000000004 -29.70588235294117 13.000000000000002 -13.499999999999998 19.000000000000004 8.5000000000000018 18.500000000000004 7.5000000000000009 -3.4999999999999996 6.5000000000000009 -10.960960960960962 20.892169448010268
decision_type=2 2 2 2 2 2 2 2 2 2 2 2
left_child=1 3 7 -1 5 10 -7 8 -3 -5 -4 -12
right_child=-2 2 4 9 -6 6 -8 -9 -10 -11 11 -13
leaf_value=-0.015010005337665114 0.012409952619866825 0 -0.0012725383116187958 -0.0046033681922420201 -0.0055647295420700061 0 0.0081368901917433546 0 -0.0064218174347851192 0 0.0027991973516972922 0
leaf_weight=11.106334924697874 23.935865640640259 6.2999999523162833 34.287330269813538 27 9.8283376693725568 14.149999856948851 22.263384819030762 17.359999656677246 35.999999523162842 10.999999999999998 49.506080389022827 26.260053396224976
leaf_count=9 6 6 28 27 3 10 7 15 33 11 37 15
internal_value=-0.000102611 -0.00144126 0 -0.00670549 0.000861448 0.00167013 0.00521345 -0.00314001 -0.00500611 -0.00282235 0 0.00129857
internal_weight=288.997 265.062 215.955 49.1063 156.295 146.467 36.4134 59.66 42.3 38 110.053 75.7661
internal_count=207 201 154 47 100 97 17 54 39 38 80 52
is_linear=0
shrinkage=0.0283266


Tree=211
num_leaves=12
num_cat=0
split_feature=24 5 7 8 1 24 28 28 25 0 29
split_gain=5.18492 2.33142 0.682991 0.633587 0.608749 1.13424 0.332059 0.492826 0.320465 0.269767 0.222277
threshold=25.264285714285723 -29.70588235294117 -13.499999999999998 0.69782608695652182 44.500000000000007 26.614999999999998 90.567142857142869 91.75500000000001 6.5000000000000009 76.166666666666671 27.568571428571435
decision_type=2 2 2 2 2 2 2 2 2 2 2
left_child=-1 2 -2 10 6 9 -5 -8 -4 -6 -3
right_child=1 3 8 4 5 -7 7 -9 -10 -11 -12
leaf_value=0.023252669049632819 -0.01458506937971534 0 -0.0044730016065852602 0.00061780831542474933 0.001250409018316478 0.0058897462263440264 -0.0043873776530623564 0 0 -0.0029521752900818258 -0.0079432963130177427
leaf_weight=7.2701847553253165 11.106334924697874 12.461538434028627 27 62.779999017715454 29.868511438369751 43.614839792251587 33.365293502807617 22.059999704360962 10.999999999999998 19.47068452835083 8.9999999999999982
leaf_count=3 9 11 27 56 12 16 28 20 11 5 9
internal_value=-0.000102245 -0.00090158 -0.00653766 5.08188e-05 0.00075092 0.00254704 -0.000194147 -0.00211063 -0.00272971 0 -0.00426177
internal_weight=288.997 281.727 49.1063 232.621 211.159 92.954 118.205 55.4253 38 49.3392 21.4615
internal_count=207 204 47 157 137 33 104 48 38 17 20
is_linear=0
shrinkage=0.0283266


Tree=212
num_leaves=12
num_cat=0
split_feature=24 8 0 29 29 24 22 22 28 28 22
split_gain=4.89755 2.18549 0.901743 0.599145 1.18383 0.562007 0.554156 0.402282 0.317437 0.865256 0.291523
threshold=25.264285714285723 0.69782608695652182 6.3333333333333348 27.754999999999999 28.713571428571431 26.120714285714289 -5.7985714285714289 10.022857142857145 90.567142857142869 92.348571428571447 1.7057142857142862
decision_type=2 2 2 2 2 2 2 2 2 2 2
left_child=-1 5 -3 7 10 -2 -7 8 -4 -10 -5
right_child=1 2 3 4 -6 6 -8 -9 9 -11 -12
leaf_value=0.022594579181285313 0 -0.0064151193564752108 0 0.010900851420612399 0 0 -0.01007398191965209 0.0019720244167514764 -0.0047523268045906826 0.00010071414804550166 0
leaf_weight=7.2701847553253165 9.9999999999999982 14.899999856948851 45.445549488067627 14.928959369659426 22.959999561309814 9.6628959178924543 28.242081522941589 54.868882894515991 46.843786835670471 27.575045943260193 6.2999999523162833
leaf_count=3 10 14 27 10 20 9 26 33 34 15 6
internal_value=-9.67513e-05 -0.000878948 1.8952e-05 0.000709424 0.00365663 -0.00641425 -0.00799311 0 -0.000955266 -0.00221181 0.0085182
internal_weight=288.997 281.727 233.822 218.922 44.189 47.905 37.905 174.733 119.864 74.4188 21.229
internal_count=207 204 159 145 36 45 35 109 76 49 16
is_linear=0
shrinkage=0.0283266


Tree=213
num_leaves=13
num_cat=0
split_feature=24 5 23 7 21 14 26 14 24 25 26 26
split_gain=4.62021 2.16172 0.694129 0.612448 0.554392 0.800325 0.510648 0.644468 0.39862 0.301639 0.215757 0.332135
threshold=25.264285714285723 -29.70588235294117 22.357142857142858 -13.499999999999998 0.34785714285714292 0.13500000000000004 47.500000000000007 0.15357142857142864 26.185714285714287 6.5000000000000009 7.5000000000000009 2.5000000000000004
decision_type=2 2 2 2 2 2 2 2 2 2 2 2
left_child=-1 3 10 -2 5 -4 7 -7 -6 -5 11 -3
right_child=1 2 4 9 8 6 -8 -9 -10 -11 -12 -13
leaf_value=0.021955119701055275 -0.013994591281677828 0 0 -0.0042692913917193459 -0.0039243885109804082 0.0093756111543813782 0 0 0.0010068322612527725 0 0 -0.0044038509310097866
leaf_weight=7.2701847553253165 11.106334924697874 31.399999618530273 24.213252305984497 27 17.617056250572205 26.758144855499268 8.6570978164672834 11.522141218185423 47.773175477981567 10.999999999999998 30.719999313354492 33.959999561309814
leaf_count=3 9 29 11 27 7 15 2 8 28 11 26 31
internal_value=-8.06057e-05 -0.000845869 6.33024e-05 -0.0062772 0.00157514 0.00331852 0.00551113 0.00692402 0 -0.0025658 -0.0015101 -0.00244961
internal_weight=288.997 281.727 232.621 49.1063 136.541 71.1506 46.9374 38.2803 65.3902 38 96.08 65.36
internal_count=207 204 157 47 71 36 25 23 35 38 86 60
is_linear=0
shrinkage=0.0283266


Tree=214
num_leaves=12
num_cat=0
split_feature=9 5 23 12 14 14 21 21 21 4 4
split_gain=4.56006 1.70425 0.778897 0.549521 0.513757 0.718499 0.427728 0.385641 0.383824 0.378697 0.253871
threshold=22.500000000000004 -29.70588235294117 13.000000000000002 7.5000000000000009 0.15071428571428572 0.12500000000000003 0.43071428571428577 0.27428571428571435 0.43500000000000005 29.500000000000004 19.500000000000004
decision_type=2 2 2 2 2 2 2 2 2 2 2
left_child=1 6 3 -3 5 -4 9 -7 -9 10 -1
right_child=-2 2 4 -5 -6 7 -8 8 -10 -11 -12
leaf_value=-0.0039610291229016095 0.011539317370783583 -0.0047824746253753506 -0.00043975007363462979 0 -0.0001350887717861182 0 0 0.0066395349585718216 0 -0.012805588256564825 0
leaf_weight=24.000000000000004 23.935865640640259 42.299999475479126 12.961952447891234 17.359999656677246 84.877351641654968 12.729411602020262 5.9999999999999991 38.565837264060974 7.1606334447860709 14.106334924697874 4.9999999999999991
leaf_count=24 6 39 6 15 56 10 6 23 5 12 5
internal_value=-7.75868e-05 -0.00133534 0 -0.0029711 0.000792966 0.00266946 -0.00612107 0.004304 0.00551786 -0.00711636 -0.00244182
internal_weight=288.997 265.062 215.955 59.66 156.295 71.4178 49.1063 58.4559 45.7265 43.1063 29
internal_count=207 201 154 54 100 44 47 38 28 41 29
is_linear=0
shrinkage=0.0283266


Tree=215
num_leaves=10
num_cat=0
split_feature=9 5 23 25 12 14 14 21 21
split_gain=4.31567 1.60897 0.724136 0.536716 0.52393 0.480349 0.687943 0.364008 0.363812
threshold=22.500000000000004 -29.70588235294117 13.000000000000002 6.5000000000000009 7.5000000000000009 0.15071428571428572 0.12500000000000003 0.27428571428571435 0.43500000000000005
decision_type=2 2 2 2 2 2 2 2 2
left_child=1 3 4 -1 -3 6 -4 -8 -9
right_child=-2 2 5 -5 -6 -7 7 8 -10
leaf_value=-0.0077632142953825154 0.011212535178048925 -0.0046470239878545873 -0.00042729943269344646 0 0 -0.00013126243271403316 0 0.0064514910700377874 0
leaf_weight=36.106334924697876 23.935865640640259 42.299999475479126 12.961952447891234 12.999999999999998 17.359999656677246 84.877351641654968 12.729411602020262 38.565837264060974 7.1606334447860709
leaf_count=34 6 39 6 13 15 56 10 23 5
internal_value=-8.12226e-05 -0.00130979 0 -0.00596206 -0.00287506 0.000749672 0.00257016 0.00417994 0.00535926
internal_weight=288.997 265.062 215.955 49.1063 59.66 156.295 71.4178 58.4559 45.7265
internal_count=207 201 154 47 54 100 44 38 28
is_linear=0
shrinkage=0.0283266


Tree=216
num_leaves=10
num_cat=0
split_feature=24 8 23 24 5 24 22 2 0
split_gain=4.22656 1.85923 0.8868 0.606716 0.614551 0.514661 0.476611 0.407432 0.258742
threshold=25.264285714285723 0.69782608695652182 22.357142857142858 26.185714285714287 -18.606138107416879 26.120714285714289 -5.7985714285714289 51.500000000000007 6.3333333333333348
decision_type=2 2 2 2 2 2 2 2 2
left_child=-1 5 8 7 -5 -2 -7 -4 -3
right_child=1 2 3 4 -6 6 -8 -9 -10
leaf_value=0.020977982492944629 0 -0.0058446250106542067 0 0 0.003967353952174092 0 -0.0093666419349413589 -0.0047851457107149229 -0.00041780191795867981
leaf_weight=7.2701847553253165 9.9999999999999982 14.899999856948851 13.666063308715822 18.670405387878418 86.651697993278503 9.6628959178924543 28.242081522941589 14.754058718681334 85.179998636245728
leaf_count=3 10 14 7 14 43 9 26 5 76
internal_value=-8.35395e-05 -0.000823641 0 0.00171875 0.00287545 -0.00592676 -0.00743537 -0.000623722 -0.00177815
internal_weight=288.997 281.727 233.822 133.742 105.322 47.905 37.905 28.4201 100.08
internal_count=207 204 159 69 57 45 35 12 90
is_linear=0
shrinkage=0.0283266


Tree=217
num_leaves=10
num_cat=0
split_feature=23 21 28 20 22 29 21 29 21
split_gain=3.57713 1.47799 0.656087 1.10655 1.08659 0.82853 0.596061 0.311877 0.239133
threshold=88.214285714285737 0.23928571428571432 89.445714285714288 84.55285714285715 2.1621428571428574 25.332857142857147 0.29928571428571432 27.065000000000001 0.47500000000000003
decision_type=2 2 2 2 2 2 2 2 2
left_child=1 -1 3 -3 -5 -4 -7 8 -8
right_child=-2 2 5 4 -6 6 7 -9 -10
leaf_value=-0.0081713439982762041 0.016027738283060495 -9.4506479380169515e-06 0.0046576581260366536 0.0095751522380880284 0 0.0014296954467571386 -0.0038657503259524406 0 0
leaf_weight=20.327601671218872 10.498056411743162 70.27971351146698 11.148040771484373 21.667647123336792 19.939185500144958 11.775438308715819 108.27760684490204 17.911131143569946 6.489973545074462
leaf_count=18 3 56 5 12 17 5 80 12 4
internal_value=0 -0.000772574 -3.56206e-06 0.00142557 0.00517697 -0.00138629 -0.00223541 -0.00297718 -0.00352522
internal_weight=298.314 287.816 267.489 111.887 41.6068 155.602 144.454 132.679 114.768
internal_count=212 209 191 85 29 106 101 96 84
is_linear=0
shrinkage=0.0283266


Tree=218
num_leaves=11
num_cat=0
split_feature=24 5 7 15 29 0 24 22 22 29
split_gain=3.83208 1.53486 0.761734 0.403462 0.344464 0.612308 0.354889 0.306023 0.443235 0.269116
threshold=25.264285714285723 -29.70588235294117 -13.499999999999998 -31.97115384615384 27.065000000000001 16.500000000000004 26.59500000000001 -1.1707142857142852 8.7464285714285737 27.568571428571435
decision_type=2 2 2 2 2 2 2 2 2 2
left_child=-1 2 -2 9 6 -6 -5 -4 -9 -3
right_child=1 3 7 4 5 -7 -8 8 -10 -11
leaf_value=0.020108779627331493 -0.013621261570706578 0 0 -0.001759395360251695 0 0.0037204187358144676 0.0010379076691780474 -0.0099960531011739091 0 -0.0081877106732211966
leaf_weight=7.2701847553253165 10.106334924697874 11.461538434028627 8.9999999999999982 68.489054799079895 28.959999561309814 60.514117360115051 67.51316499710083 7.0000000000000027 21 6.9999999999999991
leaf_count=3 8 10 9 44 26 40 37 7 21 7
internal_value=0 -0.000674575 -0.00538067 7.81983e-06 0.00055712 0.0019675 0 -0.00163469 -0.00350694 -0.00370686
internal_weight=298.314 291.044 47.1063 243.938 225.476 89.4741 136.002 37 28 18.4615
internal_count=212 209 45 164 147 66 81 37 28 17
is_linear=0
shrinkage=0.0283266


Tree=219
num_leaves=11
num_cat=0
split_feature=24 5 15 25 23 29 29 22 29 0
split_gain=3.62318 1.46114 0.381921 0.364614 0.348307 0.535115 0.264247 0.262303 0.251274 0.223128
threshold=25.264285714285723 -29.70588235294117 -31.97115384615384 5.5000000000000009 22.357142857142858 27.754999999999999 25.557142857142864 8.7464285714285737 27.568571428571435 30.666666666666668
decision_type=2 2 2 2 2 2 2 2 2 2
left_child=-1 3 8 7 -4 6 -6 -2 -3 -7
right_child=1 2 4 -5 5 9 -8 -9 -10 -11
leaf_value=0.019539671655666516 -0.0096319871900627241 0 -0.00041586863939353823 0 0.0052863941720298025 0 0 0 -0.0079559940281924511 0.0086260444746366852
leaf_weight=7.2701847553253165 19.443439006805423 11.461538434028627 88.07999849319458 16.662895917892456 7.8480408191680899 9.299999952316286 107.75933814048767 10.999999999999998 6.9999999999999991 12.488959312438963
leaf_count=3 18 10 78 16 2 9 51 11 7 7
internal_value=0 -0.000665793 0 -0.00525583 0.000535172 0.00154698 0.000254197 -0.0072352 -0.00361895 0.00586893
internal_weight=298.314 291.044 243.938 47.1063 225.476 137.396 115.607 30.4434 18.4615 21.789
internal_count=212 209 164 45 147 69 53 29 17 16
is_linear=0
shrinkage=0.0283266


Tree=220
num_leaves=7
num_cat=0
split_feature=24 5 7 27 0 14
split_gain=3.4239 1.39846 0.698817 0.330632 0.728737 0.238988
threshold=25.264285714285723 -29.70588235294117 -13.499999999999998 59.70000000000001 76.166666666666671 0.14928571428571433
decision_type=2 2 2 2 2 2
left_child=-1 2 -2 -3 -5 -4
right_child=1 3 5 4 -6 -7
leaf_value=0.01898667051338828 -0.013061820816646235 -0.0003900879475827801 -0.004132888803743285 0.005079382609646005 0 0
leaf_weight=7.2701847553253165 10.106334924697874 180.64171755313873 15.999999999999998 31.874971866607666 31.421185731887817 21
leaf_count=3 8 143 16 13 8 21
internal_value=0 -0.000653103 -0.00514323 0 0.00193822 -0.00148529
internal_weight=298.314 291.044 47.1063 243.938 63.2962 37
internal_count=212 209 45 164 21 37
is_linear=0
shrinkage=0.0283266


Tree=221
num_leaves=12
num_cat=0
split_feature=24 21 15 24 23 29 17 24 6 11 22
split_gain=3.23659 1.33813 0.607005 0.690957 0.698513 0.632836 0.517741 0.250093 0.355512 0.218578 0.212822
threshold=25.264285714285723 0.23928571428571432 -26.393188854489161 26.067142857142859 22.357142857142858 26.370714285714289 31.925000000000004 26.881428571428575 -9.4999999999999982 2.5000000000000004 11.4
decision_type=2 2 2 2 2 2 2 2 2 2 2
left_child=-1 9 6 5 -5 10 -3 8 -8 -2 -4
right_child=1 2 3 4 -6 -7 7 -9 -10 -11 -12
leaf_value=0.018449316316954657 -0.0096403387652938197 0 -0.0061747441155754219 -0.00018892223149828542 0.0028577812658451595 3.6957626790370771e-05 -0.013429967965551372 0 0 0 0
leaf_weight=7.2701847553253165 14.727601766586305 19.798642516136169 23.4400315284729 63.919999122619629 115.32915735244751 15.622443199157713 7.4434390068054208 5.6628959178924552 7.0000000000000009 5.5999999046325675 12.499999761581419
leaf_count=3 13 19 14 58 61 10 6 5 7 5 11
internal_value=0 -0.000642719 0 0.000440244 0.00146312 -0.00204387 -0.00332906 -0.00653049 -0.00855852 -0.00766265 -0.00448536
internal_weight=298.314 291.044 270.717 230.812 179.249 51.5625 39.905 20.1063 14.4434 20.3276 35.94
internal_count=212 209 191 154 119 35 37 18 13 18 25
is_linear=0
shrinkage=0.0283266


Tree=222
num_leaves=12
num_cat=0
split_feature=23 15 23 27 22 14 24 14 29 29 18
split_gain=3.0735 1.13305 0.704792 0.616893 0.433766 0.425159 0.393304 0.385258 0.438648 0.281984 0.267733
threshold=88.214285714285737 -38.013136288998346 22.357142857142858 28.900000000000002 13.629285714285716 0.16071428571428573 26.185714285714287 0.17785714285714288 26.95214285714286 29.132142857142856 247.47318681318691
decision_type=2 2 2 2 2 2 2 2 2 2 2
left_child=1 5 7 -4 6 -1 -5 8 10 -10 -3
right_child=-2 2 3 4 -6 -7 -8 -9 9 -11 -12
leaf_value=-0.0093661176073312671 0.014836233090396016 -0.005506091671740692 0.0057176530849654544 -0.0038434523579372764 0.0030761711475435572 0 0 0 0.0007818404811604019 -0.0037814413469593636 0
leaf_weight=16.000000000000004 10.498056411743162 42.219999551773071 20.071764469146729 23.863561034202576 32.861824512481689 4.9999999999999991 73.639189958572388 21.959999561309814 30.799999713897705 14.499999761581419 6.8999998569488517
leaf_count=16 3 39 17 10 11 5 44 19 29 13 6
internal_value=0 -0.000731417 -2.18541e-05 0.00103576 0 -0.00711364 -0.000616205 -0.0018637 -0.00274862 0 -0.00465682
internal_weight=298.314 287.816 266.816 150.436 130.365 21 97.5028 116.38 94.42 45.3 49.12
internal_count=212 209 188 82 65 21 54 106 87 42 45
is_linear=0
shrinkage=0.0283266


Tree=223
num_leaves=8
num_cat=0
split_feature=24 8 1 21 5 21 22
split_gain=2.97586 1.27761 0.592947 0.383259 0.432719 0.313481 0.35493
threshold=25.264285714285723 0.69782608695652182 8.5000000000000018 0.3228571428571429 -23.095238095238088 0.43500000000000005 -5.7985714285714289
decision_type=2 2 2 2 2 2 2
left_child=-1 5 -3 4 -4 6 -2
right_child=1 2 3 -5 -6 -7 -8
leaf_value=0.017689421875744446 0 -0.0052966489313802474 -3.8085063395196846e-05 -0.00015501862909896163 0.0028235245990048609 0 -0.0075356262868526121
leaf_weight=7.2701847553253165 8.6628959178924543 14.599999904632567 16.124434351921082 125.39665615558624 90.018142223358154 6.7986425161361685 29.44343900680542
leaf_count=3 8 14 14 89 50 6 28
internal_value=0 -0.000617136 0 0.000533899 0.00186829 -0.00502934 -0.00603374
internal_weight=298.314 291.044 246.139 231.539 106.143 44.905 38.1063
internal_count=212 209 167 153 64 42 36
is_linear=0
shrinkage=0.0283266


Tree=224
num_leaves=8
num_cat=0
split_feature=9 16 21 21 28 21 27
split_gain=3.14002 2.68878 1.05058 0.853723 0.751994 0.896477 0.488679
threshold=18.500000000000004 26.560000000000006 0.24285714285714288 0.33214285714285724 90.243571428571457 0.44714285714285723 54.400000000000006
decision_type=2 2 2 2 2 2 2
left_child=2 -2 -1 6 -5 -6 -4
right_child=1 -3 3 4 5 -7 -8
leaf_value=-0.0070192979712809288 0 0.013474801761314594 0 0.00038560433352746064 -0.004568523387693515 0.00023851711525532695 0.0044668472813753192
leaf_weight=23.327601671218872 13.610038995742796 23.926804304122925 69.155067205429077 38.317011713981628 87.69981575012207 17.066068410873413 29.43215000629425
leaf_count=21 4 7 58 32 70 9 12
internal_value=0 0.00763428 -0.00111834 -0.000319936 -0.00189621 -0.00325812 0.00140731
internal_weight=302.535 37.5368 264.998 241.67 143.083 104.766 98.5872
internal_count=213 11 202 181 111 79 70
is_linear=0
shrinkage=0.0283266


Tree=225
num_leaves=10
num_cat=0
split_feature=24 8 21 28 22 21 28 28 28
split_gain=4.64137 1.25871 0.41056 0.794662 0.36598 0.373185 0.307943 0.319645 0.29826
threshold=25.264285714285723 0.72902097902097907 0.23928571428571432 89.445714285714288 -5.7985714285714289 0.43500000000000005 91.802142857142869 91.425000000000011 66.383571428571443
decision_type=2 2 2 2 2 2 2 2 2
left_child=-1 4 -3 8 -2 -6 7 -5 -4
right_child=1 2 3 6 5 -7 -8 -9 -10
leaf_value=0.02408051240307196 0 -0.004116648012966192 0 0 -0.0066183402128500964 0 0.00060775962287106975 -0.0049410707697766986 0.0033997185916642366
leaf_weight=6.2701847553253165 8.6628959178924543 14.32760167121887 9.8999998569488508 61.818365693092346 38.44343900680542 6.7986425161361685 53.889084935188293 20.732748985290527 81.69159471988678
leaf_count=2 8 12 9 38 37 6 32 14 55
internal_value=0 -0.000534297 0.000119578 0.000628163 -0.00449874 -0.00553203 -0.000407559 -0.00173964 0.00277419
internal_weight=302.535 296.264 242.359 228.032 53.905 45.2421 136.44 82.5511 91.5916
internal_count=213 211 160 148 51 43 84 52 64
is_linear=0
shrinkage=0.0283266


Tree=226
num_leaves=10
num_cat=0
split_feature=24 5 7 14 20 20 20 15 28
split_gain=4.38435 1.2296 0.545509 0.427589 0.473873 0.963102 0.930546 0.439758 0.349757
threshold=25.264285714285723 -29.70588235294117 -13.499999999999998 0.15500000000000003 81.574285714285736 86.912857142857149 84.55285714285715 16.034271725826205 90.243571428571457
decision_type=2 2 2 2 2 2 2 2 2
left_child=-1 2 -2 4 -3 6 -6 8 -5
right_child=1 3 -4 7 5 -7 -8 -9 -10
leaf_value=0.023399091034947989 -0.011389806937264171 -0.00011989987652642933 -0.001264797388267323 0 0 0 0.012624931530412041 0 -0.0040961991263751846
leaf_weight=6.2701847553253165 11.106334924697874 47.281899929046631 39 11.861085891723631 20.033542513847351 63.99431300163269 13.360905170440672 45.128768682479858 44.497523188591003
leaf_count=2 9 41 39 11 8 34 7 28 34
internal_value=0 -0.000524222 -0.00461285 8.36677e-05 0.00126522 0.00250499 0.00643694 -0.0010562 -0.00287558
internal_weight=302.535 296.264 50.1063 246.158 144.671 97.3888 33.3944 101.487 56.3586
internal_count=213 211 48 163 90 49 15 73 45
is_linear=0
shrinkage=0.0283266


Tree=227
num_leaves=10
num_cat=0
split_feature=24 5 7 14 21 15 20 20 28
split_gain=4.1383 1.18016 0.497527 0.39983 0.486415 0.416606 0.338032 1.47812 0.334206
threshold=25.264285714285723 -29.70588235294117 -13.499999999999998 0.15500000000000003 0.24285714285714288 16.034271725826205 86.912857142857149 84.55285714285715 90.243571428571457
decision_type=2 2 2 2 2 2 2 2 2
left_child=-1 2 -2 4 -3 8 7 -6 -5
right_child=1 3 -4 5 6 -7 -8 -9 -10
leaf_value=0.022736960003968451 -0.011067360155543052 -0.0017182480637859656 -0.0012289758733297731 0 0.0001955149683530011 0 0 0.012267482792704979 -0.0039801844659771062
leaf_weight=6.2701847553253165 11.106334924697874 18.302700519561768 39 11.861085891723631 50.012741923332214 45.128768682479858 62.99431300163269 13.360905170440672 44.497523188591003
leaf_count=2 9 14 39 11 36 28 33 7 34
internal_value=0 -0.00050557 -0.00451347 8.58839e-05 0.00123331 -0.00100533 0.0020981 0.00361341 -0.00278398
internal_weight=302.535 296.264 50.1063 246.158 144.671 101.487 126.368 63.3736 56.3586
internal_count=213 211 48 163 90 73 76 43 45
is_linear=0
shrinkage=0.0283266


Tree=228
num_leaves=8
num_cat=0
split_feature=24 21 28 20 5 29 15
split_gain=3.90547 1.15852 0.90222 0.821287 0.809447 0.710716 0.713223
threshold=25.264285714285723 0.23928571428571432 89.445714285714288 84.08214285714287 -16.228070175438592 25.332857142857147 -14.928698752228163
decision_type=2 2 2 2 2 2 2
left_child=-1 -2 3 -3 -5 -4 -7
right_child=1 2 5 4 -6 6 -8
leaf_value=0.022093557105695705 -0.0068448503210529659 0 0.0041508507215328198 0 0.0081031780385665986 -0.0061143297028855821 -0.00055907230409722036
leaf_weight=6.2701847553253165 21.327601671218872 66.726121187210083 11.148040771484373 17.783527612686157 26.543484210968018 32.140271544456482 120.59532630443573
leaf_count=2 19 51 5 14 17 30 75
internal_value=0 -0.000485901 0 0.00197867 0.00496713 -0.00132821 -0.00209003
internal_weight=302.535 296.264 274.937 111.053 44.327 163.884 152.736
internal_count=213 211 192 82 31 110 105
is_linear=0
shrinkage=0.0283266


Tree=229
num_leaves=11
num_cat=0
split_feature=24 5 7 28 28 21 8 23 28 0
split_gain=3.68741 1.09439 0.446083 0.30099 0.627546 0.543245 0.494174 0.403003 0.351257 0.24313
threshold=25.264285714285723 -29.70588235294117 -13.499999999999998 89.445714285714288 91.802142857142869 0.24285714285714288 0.72902097902097907 80.214285714285737 67.238571428571447 76.166666666666671
decision_type=2 2 2 2 2 2 2 2 2 2
left_child=-1 2 -2 5 7 -3 -7 -5 -8 -6
right_child=1 3 -4 4 9 6 8 -9 -10 -11
leaf_value=0.021468365327245002 -0.010605730632556246 -0.0015248857680372518 -0.0011321337800470484 -0.0031862062281743111 0.0027098360628287359 0 0 0 0.004441398525885789 0
leaf_weight=6.2701847553253165 11.106334924697874 18.302700519561768 39 75.857499718666077 39.430773615837097 13.461538434028624 12.199999809265135 10.693614959716795 64.753600001335144 11.458311319351195
leaf_count=2 9 14 39 54 26 12 11 2 41 3
internal_value=0 -0.000471697 -0.00433572 9.04669e-05 -0.000524173 0.00137569 0.002574 -0.00227197 0.00359677 0.00136269
internal_weight=302.535 296.264 50.1063 246.158 137.44 108.718 90.4151 86.5511 76.9536 50.8891
internal_count=213 211 48 163 85 78 64 56 52 29
is_linear=0
shrinkage=0.0283266


Tree=230
num_leaves=8
num_cat=0
split_feature=24 21 8 21 29 29 21
split_gain=3.48502 1.06966 0.54434 0.589979 0.314936 0.433145 0.280552
threshold=25.264285714285723 0.23928571428571432 0.72902097902097907 0.33214285714285724 28.713571428571431 27.616428571428578 0.38500000000000006
decision_type=2 2 2 2 2 2 2
left_child=-1 -2 -3 4 5 -4 -5
right_child=1 2 3 6 -6 -7 -8
leaf_value=0.020860863351774162 -0.0065783362102624053 -0.0027728564711051221 0.0010262388586400814 -0.0023393444535395602 0 0.008055206823311829 2.4661949643565749e-05
leaf_weight=6.2701847553253165 21.327601671218872 46.904977440834045 67.037961602210999 44.211769104003906 18.65999960899353 16.363873720169067 81.758190155029297
leaf_count=2 19 44 33 31 16 10 58
internal_value=0 -0.000468149 0 0.000577632 0.00228423 0.00306834 -0.000366497
internal_weight=302.535 296.264 274.937 228.032 102.062 83.4018 125.97
internal_count=213 211 192 148 59 43 89
is_linear=0
shrinkage=0.0283266


Tree=231
num_leaves=11
num_cat=0
split_feature=9 16 2 16 6 20 7 7 1 1
split_gain=2.39439 1.80852 0.903891 0.814695 1.02417 0.533505 0.44112 0.221907 0.217841 0.367323
threshold=18.500000000000004 26.560000000000006 8.5000000000000018 26.645000000000003 -6.4999999999999991 86.362142857142871 19.000000000000004 -10.499999999999998 16.500000000000004 8.5000000000000018
decision_type=2 2 2 2 2 2 2 2 2 2
left_child=2 -2 8 6 5 -5 7 -4 9 -1
right_child=1 -3 3 4 -6 -7 -8 -9 -10 -11
leaf_value=-0.005185039673742859 0 0.010481952223489226 0 0 0 -0.010080023340296109 -0.0011038897240722983 0.0036077476887712407 -0.010305726306730555 0
leaf_weight=19.599999904632568 13.610038995742796 27.191510200500488 15.263165593147276 6.9004524946212795 83.648596525192261 15.93891406059265 8.2683377265930158 61.868027448654175 9.8999998569488508 37.359999656677246
leaf_count=19 4 8 9 6 61 13 2 40 9 35
internal_value=-3.2348e-05 0.00613736 -0.00121891 0 -0.00186469 -0.00722352 0.00182168 0.00285168 -0.00407383 -0.00201969
internal_weight=299.549 40.8015 258.747 191.887 106.488 22.8394 85.3995 77.1312 66.86 56.96
internal_count=206 12 194 131 80 19 51 49 63 54
is_linear=0
shrinkage=0.0283266


Tree=232
num_leaves=9
num_cat=0
split_feature=9 16 27 23 25 16 6 2
split_gain=2.25967 1.72209 0.879586 0.728283 0.417491 0.391536 0.423401 0.235463
threshold=18.500000000000004 26.560000000000006 59.70000000000001 84.214285714285737 3.5000000000000004 26.645000000000003 -6.4999999999999991 24.500000000000004
decision_type=2 2 2 2 2 2 2 2
left_child=2 -2 4 -4 7 -6 -7 -1
right_child=1 -3 3 -5 5 6 -8 -9
leaf_value=-0.0056649507774638079 0 0.010185104502881627 0.0038908550115439229 -0.0017606852630820051 0.00027974758278807312 -0.0066101491328013099 -0.00047211328507658118 0
leaf_weight=42.739999532699585 13.610038995742796 27.191510200500488 41.621156096458435 17.211316466331482 49.322714567184448 17.495475053787231 81.444840669631958 8.9119908809661847
leaf_count=39 4 8 15 5 44 16 69 6
internal_value=-4.5093e-05 0.00593952 -0.00120247 0.0012984 -0.00221484 -0.000946552 -0.00211629 -0.00478518
internal_weight=299.549 40.8015 258.747 58.8325 199.915 148.263 98.9403 51.652
internal_count=206 12 194 20 174 129 85 45
is_linear=0
shrinkage=0.0283266


Tree=233
num_leaves=10
num_cat=0
split_feature=14 11 23 27 8 22 14 22 21
split_gain=2.22508 3.5037 0.934449 0.655113 1.00326 0.353242 0.307879 0.238638 0.21519
threshold=0.17928571428571433 14.500000000000002 23.357142857142858 28.900000000000002 0.67708333333333337 -3.5549999999999993 0.16500000000000004 -2.7764285714285708 0.47500000000000003
decision_type=2 2 2 2 2 2 2 2 2
left_child=2 -2 5 -4 -5 -1 7 -6 -7
right_child=1 -3 3 4 6 8 -8 -9 -10
leaf_value=0 0 0.023846426678087722 0.0061574271639757488 -0.0077887543202616273 0 -0.0041768792540307215 -0.0023209023083774222 0.0020040788068590044 0
leaf_weight=21.359999656677246 21.847968339920047 7.5701847076416007 13.771764516830443 13.242081522941588 27.201978087425232 85.659999132156372 19.895336747169495 83.699729800224304 5.2999999523162833
leaf_count=19 16 3 11 11 15 80 11 35 5
internal_value=-4.75672e-05 0.007133 -0.00103425 4.36576e-05 -0.000157542 -0.00304056 0.00019297 0.00114226 -0.00381205
internal_weight=299.549 29.4182 270.131 157.811 144.039 112.32 130.797 110.902 90.96
internal_count=206 19 187 83 72 104 61 50 85
is_linear=0
shrinkage=0.0283266


Tree=234
num_leaves=9
num_cat=0
split_feature=14 9 23 6 8 8 22 21
split_gain=2.11715 4.29457 0.876877 0.470341 0.839904 0.385879 0.334021 0.20606
threshold=0.17928571428571433 13.500000000000002 23.357142857142858 6.5000000000000009 0.69782608695652182 0.82480818414322254 -3.5549999999999993 0.47500000000000003
decision_type=2 2 2 2 2 2 2 2
left_child=2 -2 6 4 -4 -6 -1 -8
right_child=1 -3 3 -5 5 -7 7 -9
leaf_value=0 0 0.025355430553005313 -0.007290816266394249 0.0020364032968248269 0.0041119748012685827 -0.00083054713788456808 -0.0040585714406199914 0
leaf_weight=21.359999656677246 21.847968339920047 7.5701847076416007 14.242081522941588 70.899060726165771 15.993212699890135 56.676535725593567 85.659999132156372 5.2999999523162833
leaf_count=19 16 3 12 26 12 33 80 5
internal_value=-4.05655e-05 0.00695921 -0.00100756 2.51298e-05 -0.000979899 0 -0.00295033 -0.00370063
internal_weight=299.549 29.4182 270.131 157.811 86.9118 72.6697 112.32 90.96
internal_count=206 19 187 83 57 45 104 85
is_linear=0
shrinkage=0.0283266


Tree=235
num_leaves=11
num_cat=0
split_feature=14 11 23 27 8 22 25 14 25 22
split_gain=2.00413 3.13016 0.825661 0.610138 0.892856 0.315856 0.328878 0.279905 0.274807 0.224224
threshold=0.17928571428571433 14.500000000000002 23.357142857142858 28.900000000000002 0.67708333333333337 -3.5549999999999993 1.5000000000000002 0.16500000000000004 3.5000000000000004 -2.7764285714285708
decision_type=2 2 2 2 2 2 2 2 2 2
left_child=2 -2 5 -4 -5 -1 -7 9 -8 -6
right_child=1 -3 3 4 7 6 8 -9 -10 -11
leaf_value=0 0 0.022577126350853686 0.0059362070018041044 -0.0073618091116654256 0 0 -0.0092861343898529864 -0.0022548745259782649 -0.0021246622423972891 0.0019113705253556868
leaf_weight=21.359999656677246 21.847968339920047 7.5701847076416007 13.771764516830443 13.242081522941588 27.201978087425232 11.559999942779539 15.899999856948851 19.895336747169495 63.499999284744263 83.699729800224304
leaf_count=19 16 3 11 11 15 11 15 11 59 35
internal_value=-3.14423e-05 0.00677443 -0.000977313 1.44978e-05 -0.000168329 -0.00286266 -0.00359237 0.000137847 -0.00425525 0.0010654
internal_weight=299.549 29.4182 270.131 157.811 144.039 112.32 90.96 130.797 79.4 110.902
internal_count=206 19 187 83 72 104 85 61 74 50
is_linear=0
shrinkage=0.0283266


Tree=236
num_leaves=9
num_cat=0
split_feature=14 9 23 27 5 22 14 14
split_gain=1.91088 3.88602 0.781734 0.576612 0.705368 0.301465 0.263489 0.432307
threshold=0.17928571428571433 13.500000000000002 23.357142857142858 28.900000000000002 -29.70588235294117 -3.5549999999999993 0.16500000000000004 0.13928571428571432
decision_type=2 2 2 2 2 2 2 2
left_child=2 -2 5 -4 -5 -1 7 -6
right_child=1 -3 3 4 6 -7 -8 -9
leaf_value=0 0 0.024108552826489976 0.0057681335277008222 -0.0071633457919418391 -0.000319400023969507 -0.0035043827075915 -0.0024274112819246993 0.0025272852555879455
leaf_weight=21.359999656677246 21.847968339920047 7.5701847076416007 13.771764516830443 11.106334924697874 44.707792043685913 90.959999084472656 19.895336747169495 68.329662442207336
leaf_count=19 16 3 11 9 18 85 11 34
internal_value=-3.02823e-05 0.0066099 -0.000958105 0 -0.000171797 -0.0027914 0 0.000912636
internal_weight=299.549 29.4182 270.131 157.811 144.039 112.32 132.933 113.037
internal_count=206 19 187 83 72 104 63 52
is_linear=0
shrinkage=0.0283266


Tree=237
num_leaves=10
num_cat=0
split_feature=14 9 14 21 13 27 28 0 11
split_gain=1.81293 3.6638 0.717523 0.944938 0.589065 0.429952 0.528451 0.395911 0.233284
threshold=0.17928571428571433 13.500000000000002 0.16785714285714287 0.23928571428571432 23.784285714285712 56.400000000000013 89.445714285714288 76.166666666666671 2.5000000000000004
decision_type=2 2 2 2 2 2 2 2 2
left_child=2 -2 3 8 -4 6 -5 -7 -1
right_child=1 -3 4 5 -6 7 -8 -9 -10
leaf_value=-0.0077098052772999158 0 0.023426220701579122 -0.0087096620070337694 0.00098260372765722969 0 0.0041001299700056011 -0.002182548504707203 0 0
leaf_weight=15.727601766586305 21.847968339920047 7.5701847076416007 16.910721302032471 73.195157527923584 21.663348317146301 39.506904602050781 76.361221194267273 21.165934801101685 5.5999999046325675
leaf_count=14 16 3 11 61 18 14 58 6 5
internal_value=-2.77992e-05 0.0064342 -0.000936214 -8.98402e-05 -0.00458385 0.000239117 -0.000264055 0.00238992 -0.00592151
internal_weight=299.549 29.4182 270.131 231.557 38.5741 210.229 149.556 60.6728 21.3276
internal_count=206 19 187 158 29 139 119 20 19
is_linear=0
shrinkage=0.0283266


Tree=238
num_leaves=7
num_cat=0
split_feature=9 25 13 26 8 7
split_gain=1.79916 0.715632 1.09727 0.735008 0.496149 0.673783
threshold=22.500000000000004 2.5000000000000004 23.222857142857148 1.5000000000000002 0.89827586206896559 8.5000000000000018
decision_type=2 2 2 2 2 2
left_child=1 2 -1 -4 5 -3
right_child=-2 4 3 -5 -6 -7
leaf_value=0 0.0063684147888198898 -0.0030754483241519207 0 -0.0087699103478801835 0.00098308887016073819 0.0047533640777607088
leaf_weight=13.536094903945921 31.12237811088562 73.524886846542358 10.573755502700804 28.930721044540405 130.63284063339233 5.1719458103179923
leaf_count=8 8 67 9 21 89 4
internal_value=0 -0.000830936 -0.00377357 -0.00643443 0 -0.00185852
internal_weight=293.493 262.37 53.0406 39.5045 209.33 78.6968
internal_count=206 198 38 30 160 71
is_linear=0
shrinkage=0.0283266


Tree=239
num_leaves=6
num_cat=0
split_feature=9 25 13 8 7
split_gain=1.69254 0.668014 1.05002 0.461431 0.643174
threshold=22.500000000000004 2.5000000000000004 23.222857142857148 0.89827586206896559 8.5000000000000018
decision_type=2 2 2 2 2
left_child=1 2 -1 4 -3
right_child=-2 3 -4 -5 -6
leaf_value=0 0.0061880568952456805 -0.0029883388681077741 -0.0062525331964598642 0.00095524265275506238 0.0046188853444061413
leaf_weight=13.536094903945921 31.12237811088562 73.524886846542358 39.504476547241211 130.63284063339233 5.1719458103179923
leaf_count=8 8 67 30 89 4
internal_value=0 -0.000795651 -0.00363808 0 -0.00178599
internal_weight=293.493 262.37 53.0406 209.33 78.6968
internal_count=206 198 38 160 71
is_linear=0
shrinkage=0.0283266


Tree=240
num_leaves=9
num_cat=0
split_feature=23 21 28 20 29 28 29 22
split_gain=1.62524 0.814099 0.659046 0.675104 0.594295 0.43474 0.63497 0.422269
threshold=88.214285714285737 0.24285714285714288 89.445714285714288 84.55285714285715 25.332857142857147 91.75500000000001 25.76857142857143 2.1621428571428574
decision_type=2 2 2 2 2 2 2 2
left_child=1 -1 3 -3 -4 -6 -7 -5
right_child=-2 2 4 7 5 6 -8 -9
leaf_value=-0.0057699219340976559 0.010895740376099566 0 0.0040640891456414857 0.0074199487734557803 -0.0032240361280216202 -0.0050940204729767189 0.0015059450204484904 0
leaf_weight=21.327601671218872 10.498056411743162 62.585682988166809 9.848040819168089 21.667647123336792 84.557499766349792 15.467282295227049 47.60162627696991 19.939185500144958
leaf_count=19 3 49 4 12 63 11 28 17
internal_value=0 -0.000448881 0 0.00173248 -0.00117132 -0.00189501 0 0.00453136
internal_weight=293.493 282.995 261.667 104.193 157.474 147.626 63.0689 41.6068
internal_count=206 203 184 78 106 102 39 29
is_linear=0
shrinkage=0.0283266


Tree=241
num_leaves=9
num_cat=0
split_feature=9 21 21 25 21 21 29 21
split_gain=1.55244 0.656922 0.350393 0.496949 0.950312 0.462987 0.405109 0.217548
threshold=22.500000000000004 0.24285714285714288 0.33214285714285724 3.5000000000000004 0.46428571428571436 0.36428571428571438 26.667857142857144 0.38500000000000006
decision_type=2 2 2 2 2 2 2 2
left_child=1 -1 6 4 5 -4 -3 -5
right_child=-2 2 3 7 -6 -7 -8 -9
leaf_value=-0.0056065289829154777 0.0059457764531593016 0.0045739212576664696 0 -0.0018555263396874595 0 -0.0098169413568109983 0 0.0007844787263228554
leaf_weight=21.327601671218872 31.12237811088562 20.14091944694519 12.247968435287477 37.663800716400146 11.276094913482664 17.832712173461914 68.989682793617249 72.891464591026306
leaf_count=19 8 12 7 30 6 10 54 60
internal_value=0 -0.000743904 -8.42895e-05 -0.00110777 -0.00376128 -0.00669278 0.00104016 0
internal_weight=293.493 262.37 241.043 151.912 41.3568 30.0807 89.1306 110.555
internal_count=206 198 179 113 23 17 66 90
is_linear=0
shrinkage=0.0283266


Tree=242
num_leaves=12
num_cat=0
split_feature=14 9 14 21 28 28 21 24 26 4 28
split_gain=1.60888 3.21716 0.664939 0.830367 0.415215 0.420822 0.616524 0.390659 0.632696 0.253585 0.215501
threshold=0.17928571428571433 13.500000000000002 0.16785714285714287 0.24285714285714288 89.445714285714288 91.75500000000001 0.41428571428571431 26.569285714285719 5.5000000000000009 63.500000000000007 66.383571428571443
decision_type=2 2 2 2 2 2 2 2 2 2 2
left_child=2 -2 3 -1 10 6 -6 8 -4 -7 -5
right_child=1 -3 7 4 5 9 -8 -9 -10 -11 -12
leaf_value=-0.0054477630395268284 0 0.022159908305125632 0 0 -0.0041892215307632831 0 0 0 -0.0096985722946232311 0.0035828463709606157 0.0024969338615833084
leaf_weight=21.327601671218872 24.147968292236332 7.5701847076416007 9.0000000000000018 10.899999856948851 45.53550922870636 18.421085834503174 22.638085842132568 14.564705848693846 16.009363770484924 19.865875244140625 83.512242555618286
leaf_count=19 18 3 9 10 28 17 16 12 9 6 59
internal_value=0 0.00599229 -0.000761501 0 0.000406101 -0.000416854 -0.00211348 -0.00416116 -0.0063188 0.00116105 0.00191926
internal_weight=293.493 31.7182 261.774 222.2 200.873 106.461 68.1736 39.5741 25.0094 38.287 94.4122
internal_count=206 21 185 155 136 67 44 30 18 23 69
is_linear=0
shrinkage=0.0283266


Tree=243
num_leaves=7
num_cat=0
split_feature=2 21 28 28 28 17
split_gain=1.48913 0.611889 0.516946 0.582682 0.549118 0.228897
threshold=72.000000000000014 0.24285714285714288 89.445714285714288 91.75500000000001 92.71642857142858 69.930000000000021
decision_type=2 2 2 2 2 2
left_child=1 -1 5 -4 -5 -3
right_child=-2 2 3 4 -6 -7
leaf_value=-0.0052934930761963442 0.0067612864674310444 0.0020100553069875944 -0.0028766674688070859 0.0039030528314799445 -0.0012691312253658518 0
leaf_weight=21.327601671218872 23.794033765792847 86.657491207122803 86.455689787864685 25.601090669631958 31.582507729530334 18.07420802116394
leaf_count=19 6 63 65 17 21 15
internal_value=0 -0.000629381 -6.28223e-06 -0.0013148 8.04656e-05 0.00126077
internal_weight=293.493 269.699 248.371 143.639 57.1836 104.732
internal_count=206 200 181 103 38 78
is_linear=0
shrinkage=0.0283266


Tree=244
num_leaves=10
num_cat=0
split_feature=14 9 14 21 7 26 28 28 5
split_gain=1.52723 2.96915 0.630311 0.722407 0.361232 0.310953 0.295935 0.246252 0.226181
threshold=0.17928571428571433 13.500000000000002 0.16928571428571434 0.24285714285714288 -15.499999999999998 -3.4999999999999996 89.445714285714288 66.383571428571443 -27.525252525252522
decision_type=2 2 2 2 2 2 2 2 2
left_child=2 -2 3 -1 8 -4 7 -6 -5
right_child=1 -3 5 4 6 -7 -8 -9 -10
leaf_value=-0.0051435917712109565 0 0.021378352733292943 0 -0.0062716026840600068 0 -0.0062790036116926384 0 0.0027532420926675324 0
leaf_weight=21.327601671218872 24.147968292236332 7.5701847076416007 8.0000000000000018 8.4434390068054217 10.899999856948851 22.830630660057068 98.57956063747406 77.728714942932129 13.964523077011107
leaf_count=19 18 3 8 7 10 15 63 57 6
internal_value=0 0.00583556 -0.000744514 0 0.000269558 -0.00459419 0.000907584 0.00210211 -0.00259443
internal_weight=293.493 31.7182 261.774 230.944 209.616 30.8306 187.208 88.6287 22.408
internal_count=206 21 185 162 143 23 130 67 13
is_linear=0
shrinkage=0.0283266


Tree=245
num_leaves=9
num_cat=0
split_feature=13 13 7 13 27 13 22 22
split_gain=1.78031 2.02713 0.646774 0.60593 0.489994 0.458702 0.487129 0.390464
threshold=23.180000000000003 23.086428571428581 -15.499999999999998 23.784285714285712 5.4000000000000012 24.992142857142859 1.6042857142857148 -14.350714285714284
decision_type=2 2 2 2 2 2 2 2
left_child=1 -1 -2 -4 -5 6 7 -6
right_child=2 -3 3 4 5 -7 -8 -9
leaf_value=0 -0.0057957424901896905 0.015098018337178993 -0.0037872439848410633 -0.0056864035881351556 0 -0.0015696561806721454 0 0.0044100072032914528
leaf_weight=14.987968444824219 22.797102451324463 12.206279754638672 35.953931331634521 10.299999952316282 8.5647058486938459 40.64658796787262 97.663755655288696 53.056832432746887
leaf_count=10 14 3 24 10 6 32 71 39
internal_value=-0.000135357 0.00652287 -0.00101406 -0.000346695 0 0.000547387 0.00143454 0.0034149
internal_weight=296.177 27.1942 268.983 246.186 210.232 199.932 159.285 61.6215
internal_count=209 13 196 182 158 148 116 45
is_linear=0
shrinkage=0.0283266


Tree=246
num_leaves=10
num_cat=0
split_feature=13 29 13 7 0 13 20 14 14
split_gain=1.69213 2.26195 0.664437 0.612019 0.458551 0.416686 0.395254 0.269432 0.608768
threshold=23.222857142857148 26.059285714285718 23.784285714285712 -15.499999999999998 4.666666666666667 24.992142857142859 92.369285714285738 0.13500000000000004 0.14928571428571433
decision_type=2 2 2 2 2 2 2 2 2
left_child=1 -1 6 -4 -5 7 -2 -6 -9
right_child=2 -3 3 4 5 -7 -8 8 -10
leaf_value=0 -0.0062518192128048411 0.019201314514102823 -0.0051978776087030247 -0.0063235416373504513 0 -0.0015252000880799565 0 0.0048723567918779603 0
leaf_weight=22.66406345367432 28.878492951393127 7.8301846981048575 18.555020928382874 7.9999999999999991 45.490483283996582 40.64658796787262 8.0175199508666974 41.789366722106934 74.3054438829422
leaf_count=13 19 3 12 8 33 32 4 25 60
internal_value=-0.000137997 0.00593485 -0.00104312 -0.000213313 0 0.000486083 -0.00469033 0.001334 0.00208301
internal_weight=296.177 30.4942 265.683 228.787 210.232 202.232 36.896 161.585 116.095
internal_count=209 16 193 170 158 150 23 118 85
is_linear=0
shrinkage=0.0283266


Tree=247
num_leaves=9
num_cat=0
split_feature=13 0 7 13 0 13 22 22
split_gain=1.61892 1.84524 0.566095 0.538481 0.431523 0.395944 0.424562 0.345222
threshold=23.180000000000003 89.166666666666671 -15.499999999999998 23.784285714285712 4.666666666666667 24.992142857142859 1.6042857142857148 -14.350714285714284
decision_type=2 2 2 2 2 2 2 2
left_child=1 -1 -2 -4 -5 6 7 -6
right_child=2 -3 3 4 5 -7 -8 -9
leaf_value=0 -0.0054788646218243212 0.015399795111278779 -0.0035783201908876575 -0.0061445619548368248 0 -0.0014820033107561859 0 0.0040462698317407413
leaf_weight=16.547968387603763 22.797102451324463 10.646279811859129 35.953931331634521 7.9999999999999991 8.5647058486938459 40.64658796787262 98.663755655288696 54.356832385063171
leaf_count=11 14 2 24 8 6 32 72 40
internal_value=-0.000134591 0.00620038 -0.00098061 -0.000339494 0 0.000466247 0.00129831 0.00312122
internal_weight=296.177 27.1942 268.983 246.186 210.232 202.232 161.585 62.9215
internal_count=209 13 196 182 158 150 118 46
is_linear=0
shrinkage=0.0283266


Tree=248
num_leaves=7
num_cat=0
split_feature=13 0 13 15 6 0
split_gain=1.54554 1.75762 0.593703 0.563734 0.433654 0.245322
threshold=23.222857142857148 89.166666666666671 23.682857142857141 -38.013136288998346 -9.4999999999999982 6.3333333333333348
decision_type=2 2 2 2 2 2
left_child=1 -1 -2 4 -4 -5
right_child=2 -3 3 5 -6 -7
leaf_value=0 -0.0058972048896015171 0.014963837377810565 -0.010916042419924936 -0.0033603317085424997 0 0.00028693039169439769
leaf_weight=19.847968339920047 20.47985053062439 10.646279811859129 7.0000000000000027 15.899999856948851 12.999999999999998 209.30306529998779
leaf_count=14 12 2 7 15 13 146
internal_value=-0.000136594 0.00565392 -0.0010093 -0.000375571 -0.0049334 0
internal_weight=296.177 30.4942 265.683 245.203 20 225.203
internal_count=209 16 193 181 20 161
is_linear=0
shrinkage=0.0283266


Tree=249
num_leaves=10
num_cat=0
split_feature=13 16 13 21 14 7 14 20 14
split_gain=1.46963 2.05758 0.557077 0.567124 0.436259 0.688194 0.466914 0.364845 0.26601
threshold=23.222857142857148 26.402142857142859 23.784285714285712 0.23928571428571432 0.14928571428571433 8.5000000000000018 0.15785714285714295 92.369285714285738 0.13642857142857143
decision_type=2 2 2 2 2 2 2 2 2
left_child=1 -1 7 -4 5 -5 -6 -2 -7
right_child=2 -3 3 4 6 8 -8 -9 -10
leaf_value=0 -0.0058541386199131634 0.01812917290723998 -0.0050765314695849183 0 -0.0045274417751691581 0 0 0 0.0077517045356577273
leaf_weight=22.66406345367432 28.878492951393127 7.8301846981048575 18.027601718902588 85.713196396827698 24.573845982551575 9.9656836986541766 74.095489144325256 8.0175199508666974 16.411085844039917
leaf_count=13 19 3 16 62 19 4 61 4 8
internal_value=-0.000133605 0.00550596 -0.000988984 -0.00020591 0 0.00140367 -0.00114422 -0.0043465 0.00541308
internal_weight=296.177 30.4942 265.683 228.787 210.759 112.09 98.6693 36.896 26.3768
internal_count=209 16 193 170 154 74 80 23 12
is_linear=0
shrinkage=0.0283266


Tree=250
num_leaves=8
num_cat=0
split_feature=13 16 13 15 6 26 26
split_gain=1.39919 1.93297 0.525935 0.527536 0.403163 0.236943 0.378837
threshold=23.222857142857148 26.402142857142859 23.682857142857141 -38.013136288998346 -9.4999999999999982 1.0000000180025095e-35 6.5000000000000009
decision_type=2 2 2 2 2 2 2
left_child=1 -1 -2 4 -4 -5 -7
right_child=2 -3 3 5 -6 6 -8
leaf_value=0 -0.0055806230797643321 0.017616056790294529 -0.010531676248785819 0.0015270737742861767 0 -0.0026464851167603424 0
leaf_weight=22.66406345367432 20.47985053062439 7.8301846981048575 7.0000000000000027 62.131040692329407 12.999999999999998 49.851221323013306 113.22080314159393
leaf_count=13 12 3 7 52 13 41 68
internal_value=-0.000123787 0.00537413 -0.000962904 -0.000351748 -0.00476175 0 -0.000526585
internal_weight=296.177 30.4942 265.683 245.203 20 225.203 163.072
internal_count=209 16 193 181 20 161 109
is_linear=0
shrinkage=0.0283266


Tree=251
num_leaves=7
num_cat=0
split_feature=13 0 6 24 26 29
split_gain=1.33811 1.55645 0.487365 0.794089 0.348763 0.240708
threshold=23.180000000000003 89.166666666666671 -6.4999999999999991 27.049285714285713 -1.0000000180025095e-35 26.221428571428579
decision_type=2 2 2 2 2 2
left_child=1 -1 3 -2 5 -4
right_child=2 -3 4 -5 -6 -7
leaf_value=0 -0.0061740815094533759 0.014067802715926826 0 0 -0.00091963076883783417 0.0029705932061139333
leaf_weight=16.547968387603763 32.676369190216064 10.646279811859129 14.599999904632567 17.395927667617798 166.60401248931885 37.706606388092041
leaf_count=11 23 2 14 15 114 30
internal_value=-0.000115454 0.00562065 -0.000900915 -0.0034863 -5.70612e-05 0.00163388
internal_weight=296.177 27.1942 268.983 50.0723 218.911 52.3066
internal_count=209 13 196 38 158 44
is_linear=0
shrinkage=0.0283266


Tree=252
num_leaves=6
num_cat=0
split_feature=5 14 14 21 14
split_gain=0.439374 0.477209 0.414073 0.285873 0.258369
threshold=-36.038961038961027 0.15500000000000003 0.13500000000000004 0.40071428571428575 0.18214285714285719
decision_type=2 2 2 2 2
left_child=3 2 -2 -1 -3
right_child=1 4 -4 -5 -6
leaf_value=-0.0046440561244893933 0 -0.00220990893209042 0.0024326252595274628 0 0
leaf_weight=29.662895917892456 64.036037802696228 89.447554469108582 82.054351329803467 5.9999999999999991 20.147968292236328
leaf_count=29 43 64 52 6 14
internal_value=-0.000445982 0 0.00102455 -0.00339243 -0.00144721
internal_weight=291.349 255.686 146.09 35.6629 109.596
internal_count=208 173 95 35 78
is_linear=0
shrinkage=0.0283266


Tree=253
num_leaves=6
num_cat=0
split_feature=8 23 24 24 23
split_gain=0.420511 0.519359 0.324383 0.270982 0.269098
threshold=0.69782608695652182 23.357142857142858 26.120714285714289 26.185714285714287 8.8571428571428594
decision_type=2 2 2 2 2
left_child=2 -2 -1 -3 -4
right_child=1 3 4 -5 -6
leaf_value=0 -0.0014975307990670809 0 0 0.0018744264134035462 -0.0057884528744241767
leaf_weight=8.9999999999999982 103.7799985408783 28.420122027397156 9.9999999999999982 114.24370980262756 25.904977440834045
leaf_count=9 94 12 10 60 23
internal_value=-0.000432778 0 -0.00295432 0.00113558 -0.00426184
internal_weight=291.349 246.444 44.905 142.664 35.905
internal_count=208 166 42 72 33
is_linear=0
shrinkage=0.0283266


Tree=254
num_leaves=7
num_cat=0
split_feature=8 23 26 14 24 23
split_gain=0.392492 0.486311 0.32544 0.442269 0.310666 0.253177
threshold=0.69782608695652182 23.357142857142858 47.500000000000007 0.14928571428571433 26.120714285714289 8.8571428571428594
decision_type=2 2 2 2 2 2
left_child=4 -2 3 -3 -1 -6
right_child=1 2 -4 -5 5 -7
leaf_value=0 -0.0014551135664765049 0.0036201780813978927 -0.00031930948091130686 0 0 -0.0056245264857906841
leaf_weight=8.9999999999999982 103.7799985408783 59.775953412055969 29.203424453735352 53.684453964233398 9.9999999999999982 25.904977440834045
leaf_count=9 94 32 7 33 10 23
internal_value=-0.000423909 0 0.00109307 0.00194356 -0.00285974 -0.00414356
internal_weight=291.349 246.444 142.664 113.46 44.905 35.905
internal_count=208 166 72 65 42 33
is_linear=0
shrinkage=0.0283266


Tree=255
num_leaves=7
num_cat=0
split_feature=5 14 14 26 14 21
split_gain=0.389178 0.424633 0.386433 0.305019 0.327344 0.2698
threshold=-36.038961038961027 0.15500000000000003 0.13500000000000004 -4.4999999999999991 0.17928571428571433 0.40071428571428575
decision_type=2 2 2 2 2 2
left_child=5 2 -2 -3 -5 -1
right_child=1 3 -4 4 -6 -7
leaf_value=-0.0044175401778394283 0 0 0.0023361597635030151 -0.0032250973165109326 0 0
leaf_weight=29.662895917892456 64.036037802696228 23.459999799728394 82.054351329803467 68.287554621696472 17.847968339920044 5.9999999999999991
leaf_count=29 43 22 52 44 12 6
internal_value=-0.000415193 0 0.000971142 -0.00136073 -0.0022797 -0.00318792
internal_weight=291.349 255.686 146.09 109.596 86.1355 35.6629
internal_count=208 173 95 78 56 35
is_linear=0
shrinkage=0.0283266


Tree=256
num_leaves=8
num_cat=0
split_feature=5 26 26 21 21 26 21
split_gain=0.364756 0.274943 0.291487 0.414623 0.287315 0.258866 0.258521
threshold=-36.038961038961027 -1.4999999999999998 6.5000000000000009 0.33214285714285724 0.46428571428571436 -48.999999999999993 0.40071428571428575
decision_type=2 2 2 2 2 2 2
left_child=6 5 -3 -4 -5 -2 -1
right_child=1 2 3 4 -6 -7 -8
leaf_value=-0.0042924335340773943 0 -0.0023687366014159121 0.0018099425017177966 -0.0024091360948276406 0 0.0026103840149192051 0
leaf_weight=29.662895917892456 6.2999999523162833 51.937013149261475 63.962921142578125 60.930680394172668 18.150501012802124 54.404796242713928 5.9999999999999991
leaf_count=29 6 45 34 37 8 43 6
internal_value=-0.000399679 0 -0.000543333 0 -0.00124778 0.0016388 -0.00308385
internal_weight=291.349 255.686 194.981 143.044 79.0812 60.7048 35.6629
internal_count=208 173 124 79 45 49 35
is_linear=0
shrinkage=0.0283266


Tree=257
num_leaves=6
num_cat=0
split_feature=8 24 27 24 21
split_gain=0.342504 0.303623 0.348867 0.288775 0.284372
threshold=0.69782608695652182 26.067142857142859 59.70000000000001 26.120714285714289 0.34357142857142869
decision_type=2 2 2 2 2
left_child=3 4 -3 -1 -2
right_child=1 2 -4 -5 -6
leaf_value=0 0 0 0.0027600782426895924 -0.0039134111520008697 -0.0032769260477559961
leaf_weight=8.9999999999999982 14.3268666267395 149.23065972328186 44.36789071559906 35.904977440834045 38.518413305282593
leaf_count=9 9 117 14 33 26
internal_value=-0.00038613 0 0.000547884 -0.00266204 -0.0018735
internal_weight=291.349 246.444 193.599 44.905 52.8453
internal_count=208 166 131 42 35
is_linear=0
shrinkage=0.0283266


Tree=258
num_leaves=6
num_cat=0
split_feature=8 23 24 23 24
split_gain=0.320396 0.430678 0.276471 0.247068 0.240009
threshold=0.69782608695652182 23.357142857142858 26.120714285714289 8.8571428571428594 26.185714285714287
decision_type=2 2 2 2 2
left_child=2 -2 -1 -4 -3
right_child=1 4 3 -5 -6
leaf_value=0 -0.0013588665926197883 0 0 -0.0052622155314763974 0.0017415323189306912
leaf_weight=8.9999999999999982 103.7799985408783 28.420122027397156 9.9999999999999982 25.904977440834045 114.24370980262756
leaf_count=9 94 12 10 23 60
internal_value=-0.000372103 0 -0.00257342 -0.00380258 0.00103871
internal_weight=291.349 246.444 44.905 35.905 142.664
internal_count=208 166 42 33 72
is_linear=0
shrinkage=0.0283266


Tree=259
num_leaves=5
num_cat=0
split_feature=27 28 28 28
split_gain=1.19731 1.00745 0.351465 0.221331
threshold=56.400000000000013 91.802142857142869 89.445714285714288 66.383571428571443
decision_type=2 2 2 2
left_child=2 -2 3 -1
right_child=1 -3 -4 -5
leaf_value=-0.0028398741658741725 0 0.0067628464329163281 -0.0020997156133799339 0.00072635054123185866
leaf_weight=16.199999809265137 47.947235703468323 33.686333656311035 115.69922983646393 88.874071598052979
leaf_count=15 17 9 96 73
internal_value=0 0.0029956 -0.00101646 0
internal_weight=302.407 81.6336 220.773 105.074
internal_count=210 26 184 88
is_linear=0
shrinkage=0.0283266


Tree=260
num_leaves=7
num_cat=0
split_feature=27 28 22 22 28 2
split_gain=1.13388 0.947755 0.366095 0.394975 0.329844 0.222934
threshold=56.400000000000013 91.802142857142869 1.0000000180025095e-35 -14.350714285714284 90.382142857142881 8.5000000000000018
decision_type=2 2 2 2 2 2
left_child=2 -2 3 -1 -5 -4
right_child=1 -3 5 4 -6 -7
leaf_value=-0.0030675127197870777 0 0.006571314473503718 -0.0034408581799238603 0.0033536151710005357 0 -0.00012465446286766442
leaf_weight=17.424705743789673 47.947235703468323 33.686333656311035 57.999999523162842 37.121764183044434 28.526289343833923 79.700542449951172
leaf_count=14 17 9 55 31 22 62
internal_value=0 0.00291655 -0.000987675 0 0.00152609 -0.0019228
internal_weight=302.407 81.6336 220.773 83.0728 65.6481 137.701
internal_count=210 26 184 67 53 117
is_linear=0
shrinkage=0.0283266


Tree=261
num_leaves=6
num_cat=0
split_feature=27 28 22 22 28
split_gain=1.07933 0.891487 0.347541 0.370385 0.313962
threshold=56.400000000000013 91.802142857142869 1.0000000180025095e-35 -14.350714285714284 90.382142857142881
decision_type=2 2 2 2 2
left_child=2 -2 3 -1 -5
right_child=1 -3 -4 4 -6
leaf_value=-0.0029806526892714818 0 0.0063852071875526188 -0.0018797043565415817 0.0032586352545777215 0
leaf_weight=17.424705743789673 47.947235703468323 33.686333656311035 137.70054197311401 37.121764183044434 28.526289343833923
leaf_count=14 17 9 117 31 22
internal_value=0 0.00283975 -0.00096991 0 0.00147238
internal_weight=302.407 81.6336 220.773 83.0728 65.6481
internal_count=210 26 184 67 53
is_linear=0
shrinkage=0.0283266


Tree=262
num_leaves=5
num_cat=0
split_feature=23 2 1 1
split_gain=1.03969 0.413826 0.300585 0.24132
threshold=88.214285714285737 8.5000000000000018 16.500000000000004 8.5000000000000018
decision_type=2 2 2 2
left_child=1 2 3 -1
right_child=-2 -3 -4 -5
leaf_value=-0.0032982159816413231 0.0088066738195212609 0.00010200584641378435 -0.0076626943355410084 0
leaf_weight=18.599999904632568 10.498056411743162 224.30881476402283 9.8999998569488508 39.099999666213989
leaf_count=18 3 143 9 37
internal_value=0 -0.000258725 -0.00227289 -0.000389854
internal_weight=302.407 291.909 67.6 57.7
internal_count=210 207 64 55
is_linear=0
shrinkage=0.0283266


Tree=263
num_leaves=6
num_cat=0
split_feature=27 28 28 22 22
split_gain=0.996542 0.837402 0.319844 0.261934 0.248759
threshold=56.400000000000013 91.802142857142869 89.445714285714288 -1.1707142857142852 -13.697857142857144
decision_type=2 2 2 2 2
left_child=2 -2 3 4 -1
right_child=1 -3 -4 -5 -6
leaf_value=0 0 0.0061651083230126521 -0.0019667833809601928 -0.00082101716896541604 0.0036831723049399346
leaf_weight=10.264705896377562 47.947235703468323 33.686333656311035 115.69922983646393 67.987601280212402 26.821764230728149
leaf_count=8 17 9 96 59 21
internal_value=0 0.00273052 -0.000929958 0 0.00210489
internal_weight=302.407 81.6336 220.773 105.074 37.0865
internal_count=210 26 184 88 29
is_linear=0
shrinkage=0.0283266


Tree=264
num_leaves=5
num_cat=0
split_feature=23 21 27 4
split_gain=0.962417 0.367505 0.242955 0.352882
threshold=88.214285714285737 0.24285714285714288 56.400000000000013 87.500000000000014
decision_type=2 2 2 2
left_child=1 -1 -3 -4
right_child=-2 2 3 -5
leaf_value=-0.0036115790872039912 0.0084747341182533232 -0.00042308545906535958 0.0043760530660250313 0
leaf_weight=23.965596437454224 10.498056411743162 203.87330138683319 23.053919196128845 41.015997171401978
leaf_count=19 3 168 10 10
internal_value=0 -0.000246898 0 0.00157253
internal_weight=302.407 291.909 267.943 64.0699
internal_count=210 207 188 20
is_linear=0
shrinkage=0.0283266


Tree=265
num_leaves=5
num_cat=0
split_feature=23 2 1 1
split_gain=0.9087 0.37598 0.284375 0.220479
threshold=88.214285714285737 8.5000000000000018 16.500000000000004 8.5000000000000018
decision_type=2 2 2 2
left_child=1 2 3 -1
right_child=-2 -3 -4 -5
leaf_value=-0.0031317863691933232 0.0082348214080736198 9.358572946117585e-05 -0.0073770839271335414 0
leaf_weight=18.599999904632568 10.498056411743162 224.30881476402283 9.8999998569488508 39.099999666213989
leaf_count=18 3 143 9 37
internal_value=0 -0.000239919 -0.00216376 -0.000311023
internal_weight=302.407 291.909 67.6 57.7
internal_count=210 207 64 55
is_linear=0
shrinkage=0.0283266


Tree=266
num_leaves=3
num_cat=0
split_feature=2 15
split_gain=1.13352 0.263278
threshold=72.000000000000014 -38.013136288998346
decision_type=2 2
left_child=1 -1
right_child=-2 -3
leaf_value=-0.0031387497952765232 0.0070885562425151939 0
leaf_weight=22 18.058811187744141 257.46559691429138
leaf_count=22 4 182
internal_value=0.000112331 -0.000140907
internal_weight=297.524 279.466
internal_count=208 204
is_linear=0
shrinkage=0.0283266


Tree=267
num_leaves=3
num_cat=0
split_feature=2 11
split_gain=1.07014 0.216837
threshold=72.000000000000014 -14.499999999999998
decision_type=2 2
left_child=1 -1
right_child=-2 -3
leaf_value=-0.0024149360686600545 0.0068878328791163023 0
leaf_weight=30.68683934211731 18.058811187744141 248.77875757217407
leaf_count=21 4 183
internal_value=0.000106717 -0.000133908
internal_weight=297.524 279.466
internal_count=208 204
is_linear=0
shrinkage=0.0283266


Tree=268
num_leaves=6
num_cat=0
split_feature=14 9 14 9 15
split_gain=1.01575 1.92201 0.535642 0.758219 0.374139
threshold=0.17928571428571433 13.500000000000002 0.16928571428571434 2.5000000000000004 -38.013136288998346
decision_type=2 2 2 2 2
left_child=2 -2 4 -4 -1
right_child=1 -3 3 -5 -6
leaf_value=-0.003745498248248109 0 0.017570323338478588 0 -0.009179957908952362 0.00046488469870439842
leaf_weight=18 24.847968339920044 7.5701847076416007 14.299999952316286 12.565924763679503 220.24033033847809
leaf_count=18 19 3 14 7 147
internal_value=0.000101931 0.00495726 -0.000283482 -0.00409718 0
internal_weight=297.524 32.4182 265.106 26.8659 238.24
internal_count=208 22 186 21 165
is_linear=0
shrinkage=0.0283266


Tree=269
num_leaves=4
num_cat=0
split_feature=2 21 21
split_gain=0.988784 0.288645 0.21177
threshold=72.000000000000014 0.24285714285714288 0.25071428571428572
decision_type=2 2 2
left_child=1 -1 -3
right_child=-2 2 -4
leaf_value=-0.0031827349931910116 0.0066199307845091118 0.0036014734052516335 -3.4606302639791849e-05
leaf_weight=23.302700519561768 18.058811187744141 13.071764469146727 243.09113192558289
leaf_count=19 4 10 175
internal_value=9.69204e-05 -0.000127021 0
internal_weight=297.524 279.466 256.163
internal_count=208 204 185
is_linear=0
shrinkage=0.0283266


Tree=270
num_leaves=6
num_cat=0
split_feature=14 9 14 9 15
split_gain=0.959204 1.77682 0.512198 0.728723 0.348928
threshold=0.17928571428571433 13.500000000000002 0.16928571428571434 2.5000000000000004 -38.013136288998346
decision_type=2 2 2 2 2
left_child=2 -2 4 -4 -1
right_child=1 -3 3 -5 -6
leaf_value=-0.0036194170326739172 0 0.016950363829890028 0 -0.0089920505855730255 0.00044742564456232858
leaf_weight=18 24.847968339920044 7.5701847076416007 14.299999952316286 12.565924763679503 220.24033033847809
leaf_count=18 19 3 14 7 147
internal_value=8.89187e-05 0.00481315 -0.000280459 -0.00400874 0
internal_weight=297.524 32.4182 265.106 26.8659 238.24
internal_count=208 22 186 21 165
is_linear=0
shrinkage=0.0283266


Tree=271
num_leaves=3
num_cat=0
split_feature=2 21
split_gain=0.914327 0.27033
threshold=72.000000000000014 0.24285714285714288
decision_type=2 2
left_child=1 -1
right_child=-2 -3
leaf_value=-0.0030805629017452746 0.0063632366252281873 0
leaf_weight=23.302700519561768 18.058811187744141 256.16289639472961
leaf_count=19 4 185
internal_value=8.42807e-05 -0.000123884
internal_weight=297.524 279.466
internal_count=208 204
is_linear=0
shrinkage=0.0283266


Tree=272
num_leaves=5
num_cat=0
split_feature=14 18 14 15
split_gain=0.904856 1.48159 0.490565 0.32576
threshold=0.17928571428571433 209.33642857142857 0.16928571428571434 -38.013136288998346
decision_type=2 2 2 2
left_child=2 -2 3 -1
right_child=1 -3 -4 -5
leaf_value=-0.0034926972631161559 0 0.015139336373386611 -0.0039222798379585054 0.00043527519156260979
leaf_weight=18 24.147968292236328 8.2701847553253156 26.865924715995789 220.24033033847809
leaf_count=18 18 4 21 147
internal_value=8.01748e-05 0.00467342 -0.000273182 0
internal_weight=297.524 32.4182 265.106 238.24
internal_count=208 22 186 165
is_linear=0
shrinkage=0.0283266


Tree=273
num_leaves=6
num_cat=0
split_feature=14 18 14 21 13
split_gain=0.967151 1.38242 0.342269 0.38014 0.336511
threshold=0.17928571428571433 209.33642857142857 0.16785714285714287 0.23928571428571432 23.784285714285712
decision_type=2 2 2 2 2
left_child=2 -2 3 -1 -4
right_child=1 -3 4 -5 -6
leaf_value=-0.0040422121963898244 0 0.014710824325021063 -0.0060912295989059692 0.00015974657816111328 0
leaf_weight=18.327601671218872 25.447968244552612 8.2701847553253156 17.210721254348755 213.70632231235504 21.663348317146301
leaf_count=16 19 4 11 141 18
internal_value=0 0.00449656 -0.000589542 0 -0.00307983
internal_weight=304.626 33.7182 270.908 232.034 38.8741
internal_count=209 23 186 157 29
is_linear=0
shrinkage=0.0283266


Tree=274
num_leaves=6
num_cat=0
split_feature=14 9 14 9 5
split_gain=0.923016 1.54493 0.325705 0.350632 0.269906
threshold=0.17928571428571433 13.500000000000002 0.16785714285714287 2.5000000000000004 -36.038961038961027
decision_type=2 2 2 2 2
left_child=2 -2 4 -4 -1
right_child=1 -3 3 -5 -6
leaf_value=-0.0027015580925299452 0 0.015797711856815631 0 -0.005602554976518328 0.00018985966034353388
leaf_weight=28.662895917892456 26.147968292236328 7.5701847076416007 18.743438959121704 20.130630612373352 203.37102806568146
leaf_count=28 20 3 17 12 129
internal_value=0 0.00439437 -0.000574404 -0.00300345 0
internal_weight=304.626 33.7182 270.908 38.8741 232.034
internal_count=209 23 186 29 157
is_linear=0
shrinkage=0.0283266


Tree=275
num_leaves=6
num_cat=0
split_feature=14 9 14 9 23
split_gain=0.880272 1.4501 0.308179 0.330239 0.223473
threshold=0.17928571428571433 13.500000000000002 0.16785714285714287 2.5000000000000004 4.3571428571428585
decision_type=2 2 2 2 2
left_child=2 -2 4 -4 -1
right_child=1 -3 3 -5 -6
leaf_value=-0.0053322967533670747 0 0.015350595784494402 0 -0.00544390440420826 0
leaf_weight=6.2999999523162833 26.147968292236328 7.5701847076416007 18.743438959121704 20.130630612373352 225.73392403125763
leaf_count=6 20 3 17 12 151
internal_value=0 0.00429392 -0.000558552 -0.00292128 0
internal_weight=304.626 33.7182 270.908 38.8741 232.034
internal_count=209 23 186 29 157
is_linear=0
shrinkage=0.0283266


Tree=276
num_leaves=6
num_cat=0
split_feature=14 9 14 21 9
split_gain=0.83987 1.36077 0.291455 0.346301 0.311008
threshold=0.17928571428571433 13.500000000000002 0.16785714285714287 0.23928571428571432 2.5000000000000004
decision_type=2 2 2 2 2
left_child=2 -2 3 -1 -4
right_child=1 -3 4 -5 -6
leaf_value=-0.0038552298090486288 0 0.014916135033300179 0 0.00015859855302134053 -0.0052897466258267365
leaf_weight=18.327601671218872 26.147968292236328 7.5701847076416007 18.743438959121704 213.70632231235504 20.130630612373352
leaf_count=16 20 3 17 141 12
internal_value=0 0.00419632 -0.000543581 0 -0.00284144
internal_weight=304.626 33.7182 270.908 232.034 38.8741
internal_count=209 23 186 157 29
is_linear=0
shrinkage=0.0283266


Tree=277
num_leaves=6
num_cat=0
split_feature=14 9 14 21 9
split_gain=0.801371 1.27661 0.275806 0.32884 0.292872
threshold=0.17928571428571433 13.500000000000002 0.16785714285714287 0.24285714285714288 2.5000000000000004
decision_type=2 2 2 2 2
left_child=2 -2 3 -1 -4
right_child=1 -3 4 -5 -6
leaf_value=-0.0032627314682118196 0 0.014493973695568062 0 0.00020410114794488769 -0.0051399539759777674
leaf_weight=23.965596437454224 26.147968292236328 7.5701847076416007 18.743438959121704 208.06832754611969 20.130630612373352
leaf_count=19 20 3 17 138 12
internal_value=0 0.00410147 -0.000528603 0 -0.00276386
internal_weight=304.626 33.7182 270.908 232.034 38.8741
internal_count=209 23 186 157 29
is_linear=0
shrinkage=0.0283266


Tree=278
num_leaves=6
num_cat=0
split_feature=14 9 14 21 9
split_gain=0.76483 1.19733 0.261013 0.311087 0.27577
threshold=0.17928571428571433 13.500000000000002 0.16785714285714287 0.23928571428571432 2.5000000000000004
decision_type=2 2 2 2 2
left_child=2 -2 3 -1 -4
right_child=1 -3 4 -5 -6
leaf_value=-0.0036536729782137524 0 0.014083756337173918 0 0.00015091556587618822 -0.0049944032299689108
leaf_weight=18.327601671218872 26.147968292236328 7.5701847076416007 18.743438959121704 213.70632231235504 20.130630612373352
leaf_count=16 20 3 17 141 12
internal_value=0 0.00400931 -0.000514049 0 -0.00268847
internal_weight=304.626 33.7182 270.908 232.034 38.8741
internal_count=209 23 186 157 29
is_linear=0
shrinkage=0.0283266


Tree=279
num_leaves=6
num_cat=0
split_feature=14 9 5 14 7
split_gain=0.730145 1.12266 0.258307 0.314484 0.279083
threshold=0.17928571428571433 13.500000000000002 -29.70588235294117 0.16928571428571434 -13.499999999999998
decision_type=2 2 2 2 2
left_child=2 -2 4 -4 -1
right_child=1 -3 3 -5 -6
leaf_value=-0.0067003361058809979 0 0.013685151201031658 0.00025731240465500573 -0.0031466283343441707 0
leaf_weight=11.106334924697874 26.147968292236328 7.5701847076416007 201.67102801799774 24.130630612373352 34
leaf_count=9 20 3 127 16 34
internal_value=0 0.00391976 -0.000499907 0 -0.00246883
internal_weight=304.626 33.7182 270.908 225.802 45.1063
internal_count=209 23 186 143 43
is_linear=0
shrinkage=0.0283266


Tree=280
num_leaves=3
num_cat=0
split_feature=24 7
split_gain=0.827972 0.602715
threshold=25.264285714285723 -15.499999999999998
decision_type=2 2
left_child=-1 -2
right_child=1 -3
leaf_value=0.010463807445548815 -0.0046524475075932093 0
leaf_weight=5.9701848030090323 22.797102451324463 281.84618973731995
leaf_count=2 14 200
internal_value=0 -0.000180926
internal_weight=310.613 304.643
internal_count=216 214
is_linear=0
shrinkage=0.0283266


Tree=281
num_leaves=4
num_cat=0
split_feature=14 18 7
split_gain=0.754195 0.956193 0.511635
threshold=0.17928571428571433 209.33642857142857 -15.499999999999998
decision_type=2 2 2
left_child=2 -2 -1
right_child=1 -3 -4
leaf_value=-0.0045206966726343062 0 0.012613967785108995 0
leaf_weight=22.797102451324463 23.887968301773071 8.2701847553253156 255.65822148323059
leaf_count=14 18 4 180
internal_value=0 0.00413391 -0.000446423
internal_weight=310.613 32.1582 278.455
internal_count=216 22 194
is_linear=0
shrinkage=0.0283266


Tree=282
num_leaves=4
num_cat=0
split_feature=14 12 6
split_gain=0.720875 0.867802 0.323233
threshold=0.17928571428571433 18.500000000000004 6.5000000000000009
decision_type=2 2 2
left_child=2 -2 -1
right_child=1 -3 -4
leaf_value=-0.0012094088486259847 0 0.010234584851928467 0.00061599408932896406
leaf_weight=190.73626375198364 20.499999761581421 11.658153295516966 87.719060182571411
leaf_count=155 19 3 39
internal_value=0 0.00404204 -0.000435939
internal_weight=310.613 32.1582 278.455
internal_count=216 22 194
is_linear=0
shrinkage=0.0283266


Tree=283
num_leaves=4
num_cat=0
split_feature=14 9 7
split_gain=0.681941 0.884705 0.482287
threshold=0.17928571428571433 13.500000000000002 -15.499999999999998
decision_type=2 2 2
left_child=2 -2 -1
right_child=1 -3 -4
leaf_value=-0.0043707781231337398 0 0.012629076236625581 0
leaf_weight=22.797102451324463 24.587968349456787 7.5701847076416007 255.65822148323059
leaf_count=14 19 3 180
internal_value=0 0.00393696 -0.00041797
internal_weight=310.613 32.1582 278.455
internal_count=216 22 194
is_linear=0
shrinkage=0.0283266


Tree=284
num_leaves=3
num_cat=0
split_feature=24 7
split_gain=0.657907 0.504149
threshold=25.264285714285723 -15.499999999999998
decision_type=2 2
left_child=-1 -2
right_child=1 -3
leaf_value=0.0093377273826944513 -0.0042470039923444367 0
leaf_weight=5.9701848030090323 22.797102451324463 281.84618973731995
leaf_count=2 14 200
internal_value=0 -0.000149193
internal_weight=310.613 304.643
internal_count=216 214
is_linear=0
shrinkage=0.0283266


Tree=285
num_leaves=4
num_cat=0
split_feature=14 18 7
split_gain=0.637696 0.831757 0.428749
threshold=0.17928571428571433 209.33642857142857 -15.499999999999998
decision_type=2 2 2
left_child=2 -2 -1
right_child=1 -3 -4
leaf_value=-0.0041267347492582318 0 0.011709178049137655 0
leaf_weight=22.797102451324463 23.887968301773071 8.2701847553253156 255.65822148323059
leaf_count=14 18 4 180
internal_value=0 0.00381189 -0.000398935
internal_weight=310.613 32.1582 278.455
internal_count=216 22 194
is_linear=0
shrinkage=0.0283266


Tree=286
num_leaves=4
num_cat=0
split_feature=14 18 7
split_gain=0.609307 0.778603 0.404344
threshold=0.17928571428571433 209.33642857142857 -15.499999999999998
decision_type=2 2 2
left_child=2 -2 -1
right_child=1 -3 -4
leaf_value=-0.0040098713750711954 0 0.011377754225273748 0
leaf_weight=22.797102451324463 23.887968301773071 8.2701847553253156 255.65822148323059
leaf_count=14 18 4 180
internal_value=0 0.00372661 -0.000389365
internal_weight=310.613 32.1582 278.455
internal_count=216 22 194
is_linear=0
shrinkage=0.0283266


Tree=287
num_leaves=5
num_cat=0
split_feature=14 9 14 9
split_gain=0.547056 0.822066 0.238672 0.386458
threshold=0.17928571428571433 13.500000000000002 0.16928571428571434 5.5000000000000009
decision_type=2 2 2 2
left_child=2 -2 -1 -4
right_child=1 -3 3 -5
leaf_value=0 0 0.011669128340562692 0 -0.006189903652505992
leaf_weight=238.46217095851898 26.147968292236328 7.5701847076416007 16.299999952316288 14.830630660057066
leaf_count=167 20 3 16 7
internal_value=0 0.00332156 -0.000498066 -0.0028807
internal_weight=303.311 33.7182 269.593 31.1306
internal_count=213 23 190 23
is_linear=0
shrinkage=0.0283266


Tree=288
num_leaves=7
num_cat=0
split_feature=14 18 9 14 14 9
split_gain=0.523374 0.77269 0.229088 0.469286 0.257232 0.256473
threshold=0.17928571428571433 209.33642857142857 5.5000000000000009 0.14928571428571433 0.12928571428571431 26.000000000000004
decision_type=2 2 2 2 2 2
left_child=2 -2 4 -4 -1 -5
right_child=1 -3 3 5 -6 -7
leaf_value=-0.0023423361658093328 0 0.01085721773714674 0 -0.0041407838823495609 0.00075216427771460309 0
leaf_weight=24.428595304489136 25.447968244552612 8.2701847553253156 60.227024078369141 48.429032921791077 127.85547482967377 8.6526744365692121
leaf_count=20 19 4 29 28 111 2
internal_value=0 0.00324737 -0.000488421 -0.00145434 0 -0.00330794
internal_weight=303.311 33.7182 269.593 117.309 152.284 57.0817
internal_count=213 23 190 59 131 30
is_linear=0
shrinkage=0.0283266


Tree=289
num_leaves=5
num_cat=0
split_feature=14 18 6 14
split_gain=0.49755 0.72518 0.262234 0.207796
threshold=0.17928571428571433 209.33642857142857 6.5000000000000009 0.12785714285714286
decision_type=2 2 2 2
left_child=2 -2 3 -1
right_child=1 -3 -4 -5
leaf_value=-0.0045979857611526277 0 0.010549908089502416 0.00039860905877133455 -0.00046929742812773257
leaf_weight=18.299999952316284 25.447968244552612 8.2701847553253156 86.419060230255127 164.87374138832092
leaf_count=18 19 4 38 134
internal_value=0 0.00317195 -0.000471443 -0.00118357
internal_weight=303.311 33.7182 269.593 183.174
internal_count=213 23 190 152
is_linear=0
shrinkage=0.0283266


Tree=290
num_leaves=5
num_cat=0
split_feature=27 28 28 6
split_gain=0.482871 0.81649 0.270512 0.267805
threshold=59.70000000000001 91.802142857142869 89.445714285714288 5.5000000000000009
decision_type=2 2 2 2
left_child=2 -2 3 -1
right_child=1 -3 -4 -5
leaf_value=-0.00044450958937234547 0 0.0058778509802601235 -0.001631768072015738 0.0025698696105912904
leaf_weight=83.225791454315186 41.52906322479248 27.095304727554321 121.41986322402954 30.040931940078735
leaf_count=75 15 7 99 17
internal_value=0 0.00202415 -0.000672876 0
internal_weight=303.311 68.6244 234.687 113.267
internal_count=213 22 191 92
is_linear=0
shrinkage=0.0283266


Tree=291
num_leaves=4
num_cat=0
split_feature=27 28 6
split_gain=0.453083 0.773722 0.26764
threshold=59.70000000000001 91.802142857142869 -6.4999999999999991
decision_type=2 2 2
left_child=2 -2 -1
right_child=1 -3 -4
leaf_value=-0.0031077070094705267 0 0.0057113911689492449 0
leaf_weight=32.617646932601929 41.52906322479248 27.095304727554321 202.06893968582153
leaf_count=30 15 7 161
internal_value=0 0.00195842 -0.000653815
internal_weight=303.311 68.6244 234.687
internal_count=213 22 191
is_linear=0
shrinkage=0.0283266


Tree=292
num_leaves=6
num_cat=0
split_feature=14 9 6 9 9
split_gain=0.454778 0.700116 0.243013 0.799226 0.236066
threshold=0.17928571428571433 13.500000000000002 6.5000000000000009 4.5000000000000009 13.500000000000002
decision_type=2 2 2 2 2
left_child=2 -2 3 -1 -5
right_child=1 -3 -4 4 -6
leaf_value=0 0 0.010721166783103423 0.00036417656751719542 -0.0051291438392347894 0
leaf_weight=130.46153819561005 26.147968292236328 7.5701847076416007 86.419060230255127 40.667055726051331 12.045147418975828
leaf_count=117 20 3 38 29 6
internal_value=0 0.00302751 -0.000454941 -0.00114303 -0.00408708
internal_weight=303.311 33.7182 269.593 183.174 52.7122
internal_count=213 23 190 152 35
is_linear=0
shrinkage=0.0283266


Tree=293
num_leaves=6
num_cat=0
split_feature=28 28 28 6 6
split_gain=0.412203 1.20322 0.382295 0.501706 0.212476
threshold=91.802142857142869 92.187142857142874 89.445714285714288 -6.4999999999999991 5.5000000000000009
decision_type=2 2 2 2 2
left_child=2 -2 4 -4 -1
right_child=1 -3 3 -5 -6
leaf_value=-0.00020926407112123197 0.010854014576390594 0 -0.0060025088465214546 -0.00019963381025565687 0.0020682764664848785
leaf_weight=94.424886465072632 10.270184755325316 53.68602454662323 21.954649806022644 84.039903879165649 38.935305118560791
leaf_count=81 6 32 16 58 20
internal_value=0 0.00195805 -0.000597733 -0.00192315 4.14348e-05
internal_weight=303.311 63.9562 239.355 105.995 133.36
internal_count=213 38 175 74 101
is_linear=0
shrinkage=0.0283266


Tree=294
num_leaves=4
num_cat=0
split_feature=21 21 21
split_gain=0.259706 0.237781 0.213277
threshold=0.24285714285714288 0.33214285714285724 0.38785714285714284
decision_type=2 2 2
left_child=-1 -2 -3
right_child=1 2 -4
leaf_value=-0.0029354183245813886 0.0012133188890806354 -0.0017686672820618587 0
leaf_weight=23.965596437454224 114.51760685443878 62.380913972854614 94.623801350593567
leaf_count=19 76 42 70
internal_value=0 8.20482e-05 -0.000391186
internal_weight=295.488 271.522 157.005
internal_count=207 188 112
is_linear=0
shrinkage=0.0283266


Tree=295
num_leaves=6
num_cat=0
split_feature=2 25 22 22 22
split_gain=0.251839 0.272401 0.227253 0.23572 0.233538
threshold=8.5000000000000018 3.5000000000000004 -14.350714285714284 1.0000000180025095e-35 11.4
decision_type=2 2 2 2 2
left_child=1 -1 -2 -4 -5
right_child=2 -3 3 4 -6
leaf_value=-0.0041892160559503415 -0.0023628313768416557 0 0.0020740944738509475 -0.00086471119535595331 0.0015057230085655049
leaf_weight=22.859999895095825 15.124705791473387 46.999999523162842 71.209957480430603 84.525928974151611 54.767326951026917
leaf_count=22 12 44 47 54 28
internal_value=0 -0.00161719 0.000292863 0.000746225 0
internal_weight=295.488 69.86 225.628 210.503 139.293
internal_count=207 66 141 129 82
is_linear=0
shrinkage=0.0283266


Tree=296
num_leaves=6
num_cat=0
split_feature=2 25 22 22 22
split_gain=0.238592 0.25528 0.215661 0.222556 0.220496
threshold=8.5000000000000018 3.5000000000000004 -14.350714285714284 1.0000000180025095e-35 11.4
decision_type=2 2 2 2 2
left_child=1 -1 -2 -4 -5
right_child=2 -3 3 4 -6
leaf_value=-0.0040705834457939842 -0.002295928767646322 0 0.0020153477441086799 -0.00084021876673500697 0.001463076034858987
leaf_weight=22.859999895095825 15.124705791473387 46.999999523162842 71.209957480430603 84.525928974151611 54.767326951026917
leaf_count=22 12 44 47 54 28
internal_value=0 -0.00157836 0.000277631 0.000725089 0
internal_weight=295.488 69.86 225.628 210.503 139.293
internal_count=207 66 141 129 82
is_linear=0
shrinkage=0.0283266


Tree=297
num_leaves=3
num_cat=0
split_feature=21 21
split_gain=0.234487 0.224993
threshold=0.24285714285714288 0.33214285714285724
decision_type=2 2
left_child=-1 -2
right_child=1 -3
leaf_value=-0.0027920723779756469 0.0011756017272608716 -0.0003871260059151739
leaf_weight=23.965596437454224 114.51760685443878 157.00471532344818
leaf_count=19 76 112
internal_value=0 6.84876e-05
internal_weight=295.488 271.522
internal_count=207 188
is_linear=0
shrinkage=0.0283266


Tree=298
num_leaves=4
num_cat=0
split_feature=25 21 21
split_gain=0.22837 0.272426 0.770315
threshold=2.5000000000000004 0.46428571428571436 0.34357142857142869
decision_type=2 2 2
left_child=1 2 -1
right_child=-2 -3 -4
leaf_value=0 0.00020447045252746716 0 -0.0077584751058856344
leaf_weight=27.34552001953125 240.39558243751526 10.97609496116638 16.770721197128296
leaf_count=23 168 6 10
internal_value=0 -0.00177294 -0.00297984
internal_weight=295.488 55.0923 44.1162
internal_count=207 39 33
is_linear=0
shrinkage=0.0283266


Tree=299
num_leaves=3
num_cat=0
split_feature=2 25
split_gain=0.223381 0.235212
threshold=8.5000000000000018 3.5000000000000004
decision_type=2 2
left_child=1 -1
right_child=-2 -3
leaf_value=-0.0039221397195980841 0.00026806972442967576 0
leaf_weight=22.859999895095825 225.62791919708252 46.999999523162842
leaf_count=22 141 44
internal_value=0 -0.00152754
internal_weight=295.488 69.86
internal_count=207 66
is_linear=0
shrinkage=0.0283266


Tree=300
num_leaves=3
num_cat=0
split_feature=21 21
split_gain=0.219055 0.210086
threshold=0.24285714285714288 0.33214285714285724
decision_type=2 2
left_child=-1 -2
right_child=1 -3
leaf_value=-0.0026972846216682276 0.0011431697260941905 -0.00035932266144434794
leaf_weight=23.965596437454224 114.51760685443878 157.00471532344818
leaf_count=19 76 112
internal_value=0 7.08859e-05
internal_weight=295.488 271.522
internal_count=207 188
is_linear=0
shrinkage=0.0283266


Tree=301
num_leaves=7
num_cat=0
split_feature=23 28 22 28 2 22
split_gain=0.702447 0.231224 0.470884 0.367277 0.225298 0.309948
threshold=88.214285714285737 89.445714285714288 1.7057142857142862 91.75500000000001 18.500000000000004 8.9307142857142878
decision_type=2 2 2 2 2 2
left_child=1 2 -1 4 -3 -6
right_child=-2 3 -4 -5 5 -7
leaf_value=0.0025794791574883158 0.0082518411850243476 0 -0.00053649965188422896 0 -0.0048532397269148908 0
leaf_weight=55.850542545318604 8.0546174049377424 33.199999809265137 78.27046537399292 65.877053380012512 38.547726392745972 13.97046113014221
leaf_count=42 2 32 60 39 23 7
internal_value=0 -0.000227126 0.000349154 -0.00110145 -0.00236289 -0.00354318
internal_weight=293.771 285.716 134.121 151.595 85.7182 52.5182
internal_count=205 203 102 101 62 30
is_linear=0
shrinkage=0.0283266


Tree=302
num_leaves=5
num_cat=0
split_feature=23 21 28 28
split_gain=0.662932 0.232428 0.345823 0.278036
threshold=88.214285714285737 0.23928571428571432 89.445714285714288 91.75500000000001
decision_type=2 2 2 2
left_child=1 -1 -3 -4
right_child=-2 2 3 -5
leaf_value=-0.0032428630717987075 0.0080182812655109886 0.0011588733119657119 -0.0020169331263432747 0
leaf_weight=19.027601718902588 8.0546174049377424 116.09340620040894 84.71818733215332 65.877053380012512
leaf_count=17 2 86 61 39
internal_value=0 -0.000218698 0 -0.000898445
internal_weight=293.771 285.716 266.689 150.595
internal_count=205 203 186 100
is_linear=0
shrinkage=0.0283266


Tree=303
num_leaves=3
num_cat=0
split_feature=23 21
split_gain=0.625406 0.21998
threshold=88.214285714285737 0.23928571428571432
decision_type=2 2
left_child=1 -1
right_child=-2 -3
leaf_value=-0.0031510348928554597 0.0077913312757722101 0
leaf_weight=19.027601718902588 8.0546174049377424 266.68864691257477
leaf_count=17 2 186
internal_value=0 -0.000208979
internal_weight=293.771 285.716
internal_count=205 203
is_linear=0
shrinkage=0.0283266


Tree=304
num_leaves=5
num_cat=0
split_feature=22 2 22 23
split_gain=0.596381 1.00193 0.357324 0.346637
threshold=-1.4357142857142857 72.000000000000014 -14.350714285714284 39.571428571428577
decision_type=2 2 2 2
left_child=1 2 -1 -2
right_child=3 -3 -4 -5
leaf_value=-0.0020923217090986299 -0.0018228378384778907 0.012299628621966027 0.0018815805864282073 4.6433431394959672e-05
leaf_weight=17.424705743789673 124.9635283946991 7.5154337882995597 61.479805707931519 82.387392401695251
leaf_count=14 112 2 45 32
internal_value=0 0.00198708 0.000303691 -0.000813663
internal_weight=293.771 86.4199 78.9045 207.351
internal_count=205 61 59 144
is_linear=0
shrinkage=0.0283266


Tree=305
num_leaves=5
num_cat=0
split_feature=22 2 22 23
split_gain=0.560014 0.944911 0.338483 0.330347
threshold=-1.4357142857142857 72.000000000000014 -14.350714285714284 39.571428571428577
decision_type=2 2 2 2
left_child=1 2 -1 -2
right_child=3 -3 -4 -5
leaf_value=-0.0020330750914927601 -0.001771205699823799 0.01195152036952182 0.0018282873117919842 4.5118216861076376e-05
leaf_weight=17.424705743789673 124.9635283946991 7.5154337882995597 61.479805707931519 82.387392401695251
leaf_count=14 112 2 45 32
internal_value=0 0.00193082 0.000275253 -0.000783068
internal_weight=293.771 86.4199 78.9045 207.351
internal_count=205 61 59 144
is_linear=0
shrinkage=0.0283266


Tree=306
num_leaves=5
num_cat=0
split_feature=22 2 22 27
split_gain=0.525793 0.891185 0.320586 0.306014
threshold=-1.4357142857142857 72.000000000000014 -14.350714285714284 42.100000000000009
decision_type=2 2 2 2
left_child=1 2 -1 -2
right_child=3 -3 -4 -5
leaf_value=-0.001975506367786969 -0.0016872442900934576 0.011613263875321566 0.0017765035555107945 4.6453494728311083e-05
leaf_weight=17.424705743789673 127.52352833747864 7.5154337882995597 61.479805707931519 79.82739245891571
leaf_count=14 114 2 45 30
internal_value=0 0.00187615 0.000247621 -0.000753339
internal_weight=293.771 86.4199 78.9045 207.351
internal_count=205 61 59 144
is_linear=0
shrinkage=0.0283266


Tree=307
num_leaves=5
num_cat=0
split_feature=22 2 22 23
split_gain=0.493597 0.840562 0.303584 0.30062
threshold=-1.4357142857142857 72.000000000000014 -14.350714285714284 39.571428571428577
decision_type=2 2 2 2
left_child=1 2 -1 -2
right_child=3 -3 -4 -5
leaf_value=-0.0019195677483899117 -0.001673244646995285 0.011284582598782976 0.0017261865737036362 4.4050444302419596e-05
leaf_weight=17.424705743789673 124.9635283946991 7.5154337882995597 61.479805707931519 82.387392401695251
leaf_count=14 112 2 45 32
internal_value=0 0.00182303 0.000220771 -0.000724453
internal_weight=293.771 86.4199 78.9045 207.351
internal_count=205 61 59 144
is_linear=0
shrinkage=0.0283266


Tree=308
num_leaves=6
num_cat=0
split_feature=27 7 28 28 28
split_gain=0.355836 0.459885 1.53574 0.303329 0.290762
threshold=59.70000000000001 16.000000000000004 91.802142857142869 89.445714285714288 64.375714285714295
decision_type=2 2 2 2 2
left_child=3 2 -2 4 -1
right_child=1 -3 -4 -5 -6
leaf_value=-0.0031296614349488896 0 0 0.012060446018345695 -0.0015628131140863377 0.0011737633395732664
leaf_weight=10.899999856948851 40.805182933807373 24.349603176116943 12.605859756469725 119.11986327171326 95.226180553436279
leaf_count=10 15 6 4 97 77
internal_value=0 0.0017318 0.00335772 -0.000481793 0.00021098
internal_weight=303.007 77.7606 53.411 225.246 106.126
internal_count=209 25 19 184 87
is_linear=0
shrinkage=0.0283266


Tree=309
num_leaves=6
num_cat=0
split_feature=27 7 7 22 22
split_gain=0.333905 0.442567 0.580269 0.221772 0.292378
threshold=59.70000000000001 16.000000000000004 -11.499999999999998 1.0000000180025095e-35 -14.350714285714284
decision_type=2 2 2 2 2
left_child=3 2 -2 4 -1
right_child=1 -3 -4 -5 -6
leaf_value=-0.0018796679691773079 0 0 0.0053695619729258884 -0.0012608729960227104 0.0016186594184616251
leaf_weight=18.424705743789673 17.371762990951538 24.349603176116943 36.039279699325562 140.85020744800568 65.97113049030304
leaf_count=15 8 6 11 117 52
internal_value=0 0.00167643 0.0032771 -0.000468148 0.000200179
internal_weight=303.007 77.7606 53.411 225.246 84.3958
internal_count=209 25 19 184 67
is_linear=0
shrinkage=0.0283266


Tree=310
num_leaves=6
num_cat=0
split_feature=27 7 7 22 22
split_gain=0.308046 0.420917 0.552018 0.208664 0.276774
threshold=59.70000000000001 16.000000000000004 -11.499999999999998 1.0000000180025095e-35 -14.350714285714284
decision_type=2 2 2 2 2
left_child=3 2 -2 4 -1
right_child=1 -3 -4 -5 -6
leaf_value=-0.0018264419599928177 0 0 0.0052174877601674895 -0.0012251584130831587 0.0015728128204533889
leaf_weight=18.424705743789673 17.371762990951538 24.349603176116943 36.039279699325562 140.85020744800568 65.97113049030304
leaf_count=15 8 6 11 117 52
internal_value=0 0.00160594 0.00317448 -0.000454888 0.000175964
internal_weight=303.007 77.7606 53.411 225.246 84.3958
internal_count=209 25 19 184 67
is_linear=0
shrinkage=0.0283266


Tree=311
num_leaves=4
num_cat=0
split_feature=27 7 7
split_gain=0.283935 0.4003 0.534545
threshold=59.70000000000001 16.000000000000004 -3.4999999999999996
decision_type=2 2 2
left_child=-1 2 -2
right_child=1 -3 -4
leaf_value=-0.00044200427289514839 0 0 0.0060657997174864723
leaf_weight=225.24604368209839 28.034573078155518 24.349603176116943 25.376469612121582
leaf_count=184 12 6 7
internal_value=0 0.00153745 0.00307477
internal_weight=303.007 77.7606 53.411
internal_count=209 25 19
is_linear=0
shrinkage=0.0283266


Tree=312
num_leaves=2
num_cat=0
split_feature=27
split_gain=0.264468
threshold=59.70000000000001
decision_type=2
left_child=-1
right_child=-2
leaf_value=-0.00042948413959354326 0.0014813794800943934
leaf_weight=225.24604368209839 77.760645866394043
leaf_count=184 25
internal_value=0
internal_weight=303.007
internal_count=209
is_linear=0
shrinkage=0.0283266


Tree=313
num_leaves=4
num_cat=0
split_feature=27 7 7
split_gain=0.249698 0.379005 0.503543
threshold=59.70000000000001 16.000000000000004 -3.4999999999999996
decision_type=2 2 2
left_child=-1 2 -2
right_child=1 -3 -4
leaf_value=-0.00041731864146331797 0 0 0.005852067802910625
leaf_weight=225.24604368209839 28.034573078155518 24.349603176116943 25.376469612121582
leaf_count=184 12 6 7
internal_value=0 0.00143942 0.00295119
internal_weight=303.007 77.7606 53.411
internal_count=209 25 19
is_linear=0
shrinkage=0.0283266


Tree=314
num_leaves=4
num_cat=0
split_feature=9 9 22
split_gain=0.247063 0.41166 0.402306
threshold=18.500000000000004 5.5000000000000009 -0.3600000000000001
decision_type=2 2 2
left_child=1 -1 -2
right_child=2 -3 -4
leaf_value=0.00030864785450433524 0.0056547539312687325 -0.0018837010839746892 0
leaf_weight=168.48406994342804 15.715784549713133 93.721070408821106 25.085764646530151
leaf_count=146 5 51 7
internal_value=0 -0.000264272 0.0020998
internal_weight=303.007 262.205 40.8015
internal_count=209 197 12
is_linear=0
shrinkage=0.0283266


Tree=315
num_leaves=4
num_cat=0
split_feature=14 13 6
split_gain=0.483122 0.422315 0.28193
threshold=0.17928571428571433 23.974999999999998 -6.4999999999999991
decision_type=2 2 2
left_child=2 -2 -1
right_child=1 -3 -4
leaf_value=-0.0023111235207953509 0.0062929295665629641 0 0
leaf_weight=50.364080190658569 17.25815320014954 13.459999799728392 214.74906301498413
leaf_count=36 8 12 152
internal_value=0 0.00335012 -0.000401907
internal_weight=295.831 30.7182 265.113
internal_count=208 20 188
is_linear=0
shrinkage=0.0283266


Tree=316
num_leaves=4
num_cat=0
split_feature=14 17 5
split_gain=0.454565 0.292673 0.230017
threshold=0.17928571428571433 29.435000000000002 -29.70588235294117
decision_type=2 2 2
left_child=2 -2 -1
right_child=1 -3 -4
leaf_value=-0.0022573375028997634 0.0053118512714605444 0 0
leaf_weight=44.106334924697876 19.818153142929081 10.899999856948851 221.00680828094482
leaf_count=42 10 10 146
internal_value=0 0.00324999 -0.00038947
internal_weight=295.831 30.7182 265.113
internal_count=208 20 188
is_linear=0
shrinkage=0.0283266


Tree=317
num_leaves=4
num_cat=0
split_feature=14 13 5
split_gain=0.42807 0.392152 0.217074
threshold=0.17928571428571433 23.974999999999998 -29.70588235294117
decision_type=2 2 2
left_child=2 -2 -1
right_child=1 -3 -4
leaf_value=-0.0021934042039596165 0.0059930888368594816 0 0
leaf_weight=44.106334924697876 17.25815320014954 13.459999799728392 221.00680828094482
leaf_count=42 8 12 146
internal_value=0 0.00315293 -0.000378833
internal_weight=295.831 30.7182 265.113
internal_count=208 20 188
is_linear=0
shrinkage=0.0283266


Tree=318
num_leaves=4
num_cat=0
split_feature=14 13 6
split_gain=0.402841 0.371683 0.264383
threshold=0.17928571428571433 23.974999999999998 -6.4999999999999991
decision_type=2 2 2
left_child=2 -2 -1
right_child=1 -3 -4
leaf_value=-0.0022195264054368884 0.0058233883713779584 0 0
leaf_weight=50.364080190658569 17.25815320014954 13.459999799728392 214.74906301498413
leaf_count=36 8 12 152
internal_value=0 0.00305758 -0.000368496
internal_weight=295.831 30.7182 265.113
internal_count=208 20 188
is_linear=0
shrinkage=0.0283266


Tree=319
num_leaves=4
num_cat=0
split_feature=14 17 6
split_gain=0.378612 0.262856 0.249975
threshold=0.17928571428571433 29.435000000000002 -6.4999999999999991
decision_type=2 2 2
left_child=2 -2 -1
right_child=1 -3 -4
leaf_value=-0.0021566629474113566 0.0049257623475600486 0 0
leaf_weight=50.364080190658569 19.818153142929081 10.899999856948851 214.74906301498413
leaf_count=36 10 10 152
internal_value=0 0.00296492 -0.000356553
internal_weight=295.831 30.7182 265.113
internal_count=208 20 188
is_linear=0
shrinkage=0.0283266


Tree=320
num_leaves=3
num_cat=0
split_feature=14 13
split_gain=0.355797 0.345244
threshold=0.17928571428571433 23.974999999999998
decision_type=2 2
left_child=-1 -2
right_child=1 -3
leaf_value=-0.00034494723939262141 0.0055456855688722452 0
leaf_weight=265.1131432056427 17.25815320014954 13.459999799728392
leaf_count=188 8 12
internal_value=0 0.00287492
internal_weight=295.831 30.7182
internal_count=208 20
is_linear=0
shrinkage=0.0283266


Tree=321
num_leaves=5
num_cat=0
split_feature=6 9 9 9
split_gain=0.339985 0.365016 0.284667 0.262975
threshold=-6.4999999999999991 22.500000000000004 5.5000000000000009 -23.999999999999996
decision_type=2 2 2 2
left_child=3 2 -2 -1
right_child=1 -3 -4 -5
leaf_value=0 0.000879778633779268 0.0032841858049291071 -0.0012365462186187163 -0.0033248226821259736
leaf_weight=13.841628909111021 124.75103831291199 31.491243600845337 86.224934101104736 39.522451281547546
leaf_count=9 111 8 50 30
internal_value=0 0.000439529 0 -0.00205762
internal_weight=295.831 242.467 210.976 53.3641
internal_count=208 169 161 39
is_linear=0
shrinkage=0.0283266


end of trees

feature_importances:
Column_0=387
Column_2=262
Column_5=234
Column_6=212
Column_7=199
Column_8=198
Column_14=178
Column_1=171
Column_9=141
Column_12=121
Column_21=121
Column_22=121
Column_24=112
Column_23=111
Column_15=109
Column_4=99
Column_17=87
Column_13=81
Column_28=77
Column_26=71
Column_27=70
Column_19=68
Column_11=60
Column_10=54
Column_18=49
Column_20=49
Column_25=48
Column_16=41
Column_3=40
Column_29=35

parameters:
[boosting: gbdt]
[objective: regression]
[metric: l1]
[tree_learner: serial]
[device_type: cpu]
[data_sample_strategy: bagging]
[data: ]
[valid: ]
[num_iterations: 5000]
[learning_rate: 0.0283266]
[num_leaves: 79]
[num_threads: -1]
[seed: 42]
[deterministic: 0]
[force_col_wise: 0]
[force_row_wise: 0]
[histogram_pool_size: -1]
[max_depth: 11]
[min_data_in_leaf: 5]
[min_sum_hessian_in_leaf: 0.001]
[bagging_fraction: 0.923847]
[pos_bagging_fraction: 1]
[neg_bagging_fraction: 1]
[bagging_freq: 7]
[bagging_seed: 400]
[bagging_by_query: 0]
[feature_fraction: 0.803708]
[feature_fraction_bynode: 1]
[feature_fraction_seed: 30056]
[extra_trees: 0]
[extra_seed: 12879]
[early_stopping_round: 0]
[early_stopping_min_delta: 0]
[first_metric_only: 0]
[max_delta_step: 0]
[lambda_l1: 1.95065]
[lambda_l2: 0.00644511]
[linear_lambda: 0]
[min_gain_to_split: 0.204504]
[drop_rate: 0.1]
[max_drop: 50]
[skip_drop: 0.5]
[xgboost_dart_mode: 0]
[uniform_drop: 0]
[drop_seed: 17869]
[top_rate: 0.2]
[other_rate: 0.1]
[min_data_per_group: 100]
[max_cat_threshold: 32]
[cat_l2: 10]
[cat_smooth: 10]
[max_cat_to_onehot: 4]
[top_k: 20]
[monotone_constraints: ]
[monotone_constraints_method: basic]
[monotone_penalty: 0]
[feature_contri: ]
[forcedsplits_filename: ]
[refit_decay_rate: 0.9]
[cegb_tradeoff: 1]
[cegb_penalty_split: 0]
[cegb_penalty_feature_lazy: ]
[cegb_penalty_feature_coupled: ]
[path_smooth: 0]
[interaction_constraints: ]
[verbosity: -1]
[saved_feature_importance_type: 0]
[use_quantized_grad: 0]
[num_grad_quant_bins: 4]
[quant_train_renew_leaf: 0]
[stochastic_rounding: 1]
[linear_tree: 0]
[max_bin: 255]
[max_bin_by_feature: ]
[min_data_in_bin: 3]
[bin_construct_sample_cnt: 200000]
[data_random_seed: 175]
[is_enable_sparse: 1]
[enable_bundle: 1]
[use_missing: 1]
[zero_as_missing: 0]
[feature_pre_filter: 1]
[pre_partition: 0]
[two_round: 0]
[header: 0]
[label_column: ]
[weight_column: ]
[group_column: ]
[ignore_column: ]
[categorical_feature: ]
[forcedbins_filename: ]
[precise_float_parser: 0]
[parser_config_file: ]
[objective_seed: 16083]
[num_class: 1]
[is_unbalance: 0]
[scale_pos_weight: 1]
[sigmoid: 1]
[boost_from_average: 1]
[reg_sqrt: 0]
[alpha: 0.9]
[fair_c: 1]
[poisson_max_delta_step: 0.7]
[tweedie_variance_power: 1.5]
[lambdarank_truncation_level: 30]
[lambdarank_norm: 1]
[label_gain: ]
[lambdarank_position_bias_regularization: 0]
[eval_at: ]
[multi_error_top_k: 1]
[auc_mu_weights: ]
[num_machines: 1]
[local_listen_port: 12400]
[time_out: 120]
[machine_list_filename: ]
[machines: ]
[gpu_platform_id: -1]
[gpu_device_id: -1]
[gpu_use_dp: 0]
[num_gpu: 1]

end of parameters

pandas_categorical:null
