tree
version=v4
num_class=1
num_tree_per_iteration=1
label_index=0
max_feature_idx=29
objective=regression
feature_names=Column_0 Column_1 Column_2 Column_3 Column_4 Column_5 Column_6 Column_7 Column_8 Column_9 Column_10 Column_11 Column_12 Column_13 Column_14 Column_15 Column_16 Column_17 Column_18 Column_19 Column_20 Column_21 Column_22 Column_23 Column_24 Column_25 Column_26 Column_27 Column_28 Column_29
feature_infos=[-3.6088571428571381:2.2046428571428613] [-37.689999999999998:9.6514285714285712] [-0.71588443858282902:2.3394626208714082] [-1.097763351031712:2.0720924309321811] [-1.0878934591476406:2.277102591310229] [14.967142857142861:21.148571428571429] [0:81] [-22.74285714285714:12.547142857142859] [21.870000000000001:27.687142857142859] [14.967142857142861:21.148571428571429] [14.967142857142861:21.148571428571429] [23.574999999999999:25.283714285714286] [-1.056707518441337:2.3394626208714082] [14.967142857142861:21.148571428571429] [0.66999999999999993:839.81999999999994] [-12.280119047619047:18.025357142857143] [14.967142857142861:21.148571428571429] [0.18857142857142861:0.53142857142857147] [0.1028571428571429:0.20428571428571429] [0.059999999999999831:34.645714285714277] [55.717142857142854:94.145714285714277] [21.870000000000001:27.687142857142859] [55.717142857142854:94.145714285714277] [-1.056707518441337:2.3394626208714082] [1.0125:69.318000000000012] [0.0085714285714285719:0.072857142857142856] [-37.689999999999998:34.645714285714277] [-1.097763351031712:2.3394626208714082] [27.55142857142857:38.982857142857142] [0.66999999999999993:611.46999999999991]
tree_sizes=1266 1458 1569 1293 1308 1303 1564 1584 1782 1457 1475 1572 1564 1446 1546 1527 1560 1450 1540 1524 1454 1465 1467 1533 1585 1602 1435 1449 1472 1456 1550 1703 1661 1323 1429 1313 1363 1349 1596 1630 1514 1495 1253 1389 1254 1447 1574 1687 1214 1375 1385 1387 1211 1304 1630 1510 1349 1280 1391 1159 1202 1207 1195 1212 1284 1240 1366 1197 1068 1078 956 950 1085 1083 987 999 1066 981 859 774 764 568 780 569 775 878 780 841 683 678 689 800 584 777 682 849 450 353 655 752 870 570 468 577 467

Tree=0
num_leaves=12
num_cat=0
split_feature=0 2 4 6 11 12 7 17 19 27 7
split_gain=141.079 49.0019 21.5478 14.6785 5.24849 4.98966 3.75437 2.70911 1.60059 0.537189 0.506888
threshold=-0.9426785714285727 1.0000000180025095e-35 0.30198723246742581 16.500000000000004 24.035857142857147 -0.5519917713744299 3.2904285714285639 0.41428571428571431 5.7400000000000011 0.93275682841028507 2.3411428571428563
decision_type=2 2 2 2 2 2 2 2 2 2 2
left_child=3 5 4 -1 -3 7 -6 10 -4 -10 -2
right_child=1 2 8 -5 6 -7 -8 -9 9 -11 -12
leaf_value=2.7524513584685679 2.8472631336104235 2.9746738490168512 2.8864044592805764 2.8282569931257222 2.9133579322042809 2.8966802402243985 2.9482731744670803 2.8889687525411505 2.8964729856155715 2.9126925503709793 2.8644881180506649
leaf_weight=17 17 21.37153697013855 12.999999999999998 19.231161236763 14.891351461410521 19.042150735855103 44.267436742782593 10.999999999999998 10.999999999999998 28.630642533302307 21
leaf_count=17 17 13 13 19 14 18 37 11 11 28 21
internal_value=2.8929 2.91145 2.93134 2.79115 2.94964 2.87268 2.93988 2.86319 2.90289 2.90854 2.8561
internal_weight=237.434 201.203 133.161 36.2312 80.5303 68.0422 59.1588 49 52.6306 39.6306 38
internal_count=219 183 116 36 64 67 51 49 52 39 38
is_linear=0
shrinkage=1


Tree=1
num_leaves=13
num_cat=0
split_feature=0 2 4 19 11 12 7 18 17 19 18 7
split_gain=125.989 43.7613 19.2193 11.7397 4.67062 4.46722 3.3254 3.18178 2.41167 1.43407 0.498121 0.442214
threshold=-0.9426785714285727 1.0000000180025095e-35 0.30198723246742581 18.710000000000008 24.035857142857147 -0.5519917713744299 3.2904285714285639 0.13071428571428573 0.41428571428571431 5.7400000000000011 0.15642857142857147 2.3411428571428563
decision_type=2 2 2 2 2 2 2 2 2 2 2 2
left_child=3 5 4 -1 -3 8 -6 -5 11 -4 -11 -2
right_child=1 2 9 7 6 -7 -8 -9 -10 10 -12 -13
leaf_value=-0.13626628163140797 -0.041905529119570031 0.078477089732456706 -0.0049180834164969491 -0.08883714117042818 0.02056034055285481 0.0047943082992036095 0.053501601135779536 -0.040821146574052031 -0.0024945116890233419 0.020003112348706692 0.0043789059651780371 -0.025620052210710776
leaf_weight=13.999999999999998 17 21.37153697013855 12.999999999999998 11.000000000000002 14.891351461410521 19.042150735855103 44.267436742782593 11.231161236762999 10.999999999999998 28.630642533302307 10.999999999999998 21
leaf_count=14 17 13 13 11 14 18 37 11 11 28 11 21
internal_value=0.00120895 0.0187445 0.0375363 -0.0949414 0.0548261 -0.0178947 0.0455907 -0.0663001 -0.026872 0.0106573 0.0160069 -0.0335639
internal_weight=237.434 201.203 133.161 36.2312 80.5303 68.0422 59.1588 22.2312 49 52.6306 39.6306 38
internal_count=219 183 116 36 64 67 51 22 49 52 39 38
is_linear=0
shrinkage=0.0564268


Tree=2
num_leaves=14
num_cat=0
split_feature=0 2 4 19 11 12 7 18 17 15 20 0 19
split_gain=112.654 39.0831 17.1424 10.4408 4.15521 4.00009 2.94449 2.82573 2.15643 1.31597 0.444162 0.278467 0.181326
threshold=-0.9426785714285727 1.0000000180025095e-35 0.30198723246742581 18.710000000000008 24.035857142857147 -0.5519917713744299 3.2904285714285639 0.13071428571428573 0.39357142857142852 -6.7692857142857141 84.08214285714287 -1.0000000180025095e-35 5.7400000000000011
decision_type=2 2 2 2 2 2 2 2 2 2 2 2 2
left_child=3 5 4 -1 -3 8 -6 -5 11 12 -11 -2 -4
right_child=1 2 9 7 6 -7 -8 -9 -10 10 -12 -13 -14
leaf_value=-0.1288168092409539 -0.039609587224405329 0.074140256411477604 -0.0048045553260738592 -0.084021473889774795 0.01943423778080618 0.0045300299939170178 0.050513076223427308 -0.038606529398903716 -0.0073429641258628241 0.010433889951586589 0.026349575592700021 -0.023948791754345167 0.0050320458090022347
leaf_weight=13.999999999999998 19 21.37153697013855 12.000000000000002 11.000000000000002 14.891351461410521 19.042150735855103 44.267436742782593 11.231161236762999 15.999999999999998 17.000000000000004 12.630642533302305 13.999999999999998 10.999999999999998
leaf_count=14 19 13 12 11 14 18 37 11 16 17 12 14 11
internal_value=0.00111913 0.017703 0.0354633 -0.0897983 0.0517939 -0.0169172 0.043059 -0.0627284 -0.0254138 0.0100653 0.0178343 -0.0336681 0
internal_weight=237.434 201.203 133.161 36.2312 80.5303 68.0422 59.1588 22.2312 49 52.6306 29.6306 33 23
internal_count=219 183 116 36 64 67 51 22 49 52 29 33 23
is_linear=0
shrinkage=0.0564268


Tree=3
num_leaves=12
num_cat=0
split_feature=0 2 9 18 15 6 1 1 17 0 29
split_gain=88.4916 36.6276 15.0516 14.6629 12.8785 6.96386 4.8842 4.25919 2.03422 0.623563 0.457429
threshold=-0.86099999999999877 -0.19926963107926501 18.048571428571428 0.13500000000000004 4.1937500000000005 19.500000000000004 -20.547857142857136 -10.742857142857142 0.39357142857142852 -1.0000000180025095e-35 288.51500000000004
decision_type=2 2 2 2 2 2 2 2 2 2 2
left_child=3 8 7 5 6 -1 -4 -3 9 -2 -6
right_child=1 2 4 -5 10 -7 -8 -9 -10 -11 -12
leaf_value=-0.11583719449800813 -0.037890092543290656 0.012099894490130211 0.0059869427458197361 -0.017406000959387449 0.0733279648245697 -0.05740776406549037 0.036036985844874428 -0.034327078371631674 -0.0058620918028845313 -0.020473927951644509 0.050730476911704611
leaf_weight=18 19 13.202556133270265 27 12.231161236762999 25.024333596229553 13.999999999999998 52.827253460884094 10.999999999999998 18 19 13.851907253265379
leaf_count=18 19 13 27 12 15 14 48 11 18 19 11
internal_value=0 0.016085 0.031245 -0.0717739 0.0395038 -0.0917252 0.0260848 -0.00884827 -0.0223701 -0.0297766 0.0661965
internal_weight=243.137 198.906 142.906 44.2312 118.703 32 79.8273 24.2026 56 38 38.8762
internal_count=225 181 125 44 101 32 75 24 56 38 26
is_linear=0
shrinkage=0.0564268


Tree=4
num_leaves=12
num_cat=0
split_feature=0 2 9 18 2 6 1 3 17 18 7
split_gain=79.059 32.7527 14.1003 13.0758 10.8593 6.18267 5.90275 3.82236 2.08684 0.768775 0.427236
threshold=-0.86099999999999877 -0.26371892328773222 18.048571428571428 0.13500000000000004 1.0675475597381592 19.500000000000004 -5.6785714285714279 0.045030177288156538 0.39357142857142852 0.15071428571428572 2.3411428571428563
decision_type=2 2 2 2 2 2 2 2 2 2 2
left_child=3 8 7 5 6 -1 -4 -3 10 -6 -2
right_child=1 2 4 -5 9 -7 -8 -9 -10 -11 -12
leaf_value=-0.10946039282845024 -0.041149325039814701 -0.033259954085787545 0.056029057495999735 -0.016458709601622042 0.019546784781308422 -0.054269368218859124 0.016755872754651541 0.010008489341108885 -0.0055393851165713845 0.0025284508725429643 -0.02396902638177548
leaf_weight=18 10.999999999999998 11.000000000000002 66.660645604133606 12.231161236762999 17.630642533302307 13.999999999999998 16.412206172943115 14.202556133270262 18 19 25
leaf_count=18 11 11 50 12 17 14 16 14 18 19 25
internal_value=0 0.0151876 0.0291717 -0.0678569 0.0372396 -0.086702 0.0485186 -0.00874996 -0.0220905 0.0111196 -0.0299287
internal_weight=243.137 198.906 144.906 44.2312 119.703 32 83.0729 25.2026 54 36.6306 36
internal_count=225 181 127 44 102 32 66 25 54 36 36
is_linear=0
shrinkage=0.0564268


Tree=5
num_leaves=12
num_cat=0
split_feature=0 2 7 18 20 6 1 3 17 3 7
split_gain=70.6173 29.2584 11.8172 11.6596 7.41622 5.48739 5.05866 2.40479 1.85964 0.849231 0.375444
threshold=-0.86099999999999877 -0.26371892328773222 6.4066071428571414 0.13500000000000004 82.910000000000011 19.500000000000004 -20.547857142857136 0.28123070406062273 0.39357142857142852 -0.69509481532233097 2.3411428571428563
decision_type=2 2 2 2 2 2 2 2 2 2 2
left_child=3 8 4 5 7 -1 -6 -3 10 -4 -2
right_child=1 2 9 -5 6 -7 -8 -9 -10 -11 -12
leaf_value=-0.10343463035511752 -0.038918708993812959 -0.027441537575927592 0.068401617842567611 -0.015562973861333675 0.0031028186049817733 -0.051302542911070538 0.034443464560296663 0.0068864265698021935 -0.0052344437688754226 0.043165173040222757 -0.022640460427410032
leaf_weight=18 10.999999999999998 11.000000000000002 17.103519439697266 12.231161236762999 23 13.999999999999998 64.56035327911377 13.999999999999998 18 15.242177724838255 25
leaf_count=18 11 11 10 12 23 14 57 14 18 12 25
internal_value=0 0.0143307 0.0275495 -0.064155 0.018644 -0.0819548 0.0263795 -0.00805416 -0.0208972 0.0575619 -0.0283004
internal_weight=243.137 198.906 144.906 44.2312 112.56 32 87.5604 25 54 32.3457 36
internal_count=225 181 127 44 105 32 80 25 54 22 36
is_linear=0
shrinkage=0.0564268


Tree=6
num_leaves=14
num_cat=0
split_feature=0 2 4 6 25 0 17 17 2 15 0 14 14
split_gain=62.8921 25.6039 12.8112 7.77477 4.10803 3.06941 2.06177 1.98741 1.81541 1.05172 1.04269 0.635489 0.611459
threshold=-0.93075000000000141 1.0000000180025095e-35 0.30198723246742581 16.500000000000004 0.039285714285714292 0.59360714285714355 0.39357142857142852 0.24785714285714289 1.2080640196800232 -7.6197619047619058 0.26128571428571595 597.5150000000001 597.5150000000001
decision_type=2 2 2 2 2 2 2 2 2 2 2 2 2
left_child=3 5 4 -1 10 6 11 -5 -4 -10 -3 -2 -6
right_child=1 2 8 7 12 -7 -8 -9 9 -11 -12 -13 -14
leaf_value=-0.097923676777530208 -0.03318100932706939 0.013737312078742321 -0.013613042357990851 -0.061174417160749971 0.062783967244868052 0.01150757292761726 -0.0050155673868261808 -0.024766908574330705 -0.00076873498612814103 0.0171272598463801 0.034279395326382682 -0.015166435705160049 0.04002605817578149
leaf_weight=14.999999999999998 26 13.682138800621031 11.999999999999998 11.000000000000002 22.608383297920227 11.042150735855101 21 12.231161236762999 14.999999999999995 27.630642533302311 34.420568823814392 12.999999999999998 12.871824502944945
leaf_count=15 26 13 12 11 14 10 21 12 15 27 30 13 11
internal_value=0.000227445 0.0124605 0.0266073 -0.0658439 0.0404555 -0.0149204 -0.0199944 -0.0432518 0.00508601 0.0106625 0.0288183 -0.0276642 0.0554033
internal_weight=247.487 209.256 138.214 38.2312 83.5829 71.0422 60 23.2312 54.6306 42.6306 48.1027 39 35.4802
internal_count=230 192 122 38 68 70 60 23 54 42 43 39 25
is_linear=0
shrinkage=0.0564268


Tree=7
num_leaves=14
num_cat=0
split_feature=0 2 4 6 25 0 17 17 2 15 0 10 14
split_gain=56.2416 22.8681 11.4557 6.91139 3.66015 2.74962 1.86925 1.76499 1.62136 0.941645 0.91866 0.568665 0.524068
threshold=-0.93075000000000141 1.0000000180025095e-35 0.30198723246742581 16.500000000000004 0.039285714285714292 0.59360714285714355 0.40999999999999998 0.24785714285714289 1.2080640196800232 -7.6197619047619058 0.26128571428571595 17.811428571428575 597.5150000000001
decision_type=2 2 2 2 2 2 2 2 2 2 2 2 2
left_child=3 5 4 -1 10 6 11 -5 -4 -10 -3 -2 -6
right_child=1 2 8 7 12 -7 -8 -9 9 -11 -12 -13 -14
leaf_value=-0.092559188299859776 -0.036389653720713393 0.012986856301007661 -0.012872682981592954 -0.057858285980223113 0.059310451115018183 0.010883678539262732 -0.00092251667024573095 -0.023419013322684493 -0.00072662199638186384 0.016176320165787784 0.032370096586985621 -0.019616049153966884 0.037843853743687005
leaf_weight=14.999999999999998 11.999999999999998 13.682138800621031 11.999999999999998 11.000000000000002 22.608383297920227 11.042150735855101 14.999999999999998 12.231161236762999 14.999999999999995 27.630642533302311 34.420568823814392 33 12.871824502944945
leaf_count=15 12 13 12 11 14 10 15 12 15 27 30 33 11
internal_value=0.00020058 0.011771 0.025142 -0.0622776 0.0382379 -0.0141011 -0.0189068 -0.0409266 0.00478037 0.0100578 0.0272286 -0.0246191 0.052365
internal_weight=247.487 209.256 138.214 38.2312 83.5829 71.0422 60 23.2312 54.6306 42.6306 48.1027 45 35.4802
internal_count=230 192 122 38 68 70 60 23 54 42 43 45 25
is_linear=0
shrinkage=0.0564268


Tree=8
num_leaves=16
num_cat=0
split_feature=0 9 2 4 0 3 25 17 14 0 18 14 17 26 29
split_gain=50.3262 18.0805 11.7235 8.97546 5.61649 5.39254 3.58881 0.899449 0.898642 0.702181 0.690363 0.599765 0.472075 0.408393 0.0893386
threshold=-0.045857142857141035 18.048571428571428 -0.26371892328773222 0.30198723246742581 -1.5858928571428554 -0.30282365211418694 0.039285714285714292 0.40071428571428575 84.955000000000013 0.59360714285714355 0.15642857142857147 597.5150000000001 0.39142857142857151 11.619285714285711 265.16000000000003
decision_type=2 2 2 2 2 2 2 2 2 2 2 2 2 2 2
left_child=1 4 12 6 8 7 9 13 -1 -4 -5 -8 -2 -3 -12
right_child=2 5 3 10 -6 -7 11 -9 -10 -11 14 -13 -14 -15 -16
leaf_value=-0.09340480485719764 -0.019173101067734337 -0.015386593647091497 0.016861604351624128 0.012501317055370094 -0.035909880856737214 0.023884946654071988 0.05731248316287485 -0.0049871207849084753 -0.058901488100422852 0.032624294885665733 0.0014635615099038966 0.035780622953934936 -0.0035202227374624313 -0.034117838158023946 -0.005188257995386799
leaf_weight=12.000000000000002 16.000000000000004 11.000000000000002 21.135710835456848 20.407490968704224 21 11.703194499015806 24.423302054405212 10.999999999999998 10.999999999999998 27.94534707069397 11.000000000000002 12.871824502944945 12.999999999999998 11.999999999999998 10.999999999999998
leaf_count=12 16 11 20 20 21 11 15 11 11 24 11 11 13 12 11
internal_value=0.00017496 -0.0334351 0.0193852 0.0266926 -0.0591014 -0.00817919 0.0371058 -0.0196662 -0.0787656 0.0262477 0.00508894 0.0506542 -0.0126475 -0.0260414 -0.00146667
internal_weight=247.487 89.7032 157.784 128.784 44 45.7032 86.3762 34 23 49.0811 42.4075 37.2951 29 23 22
internal_count=230 89 141 112 44 45 70 34 23 44 42 26 29 23 22
is_linear=0
shrinkage=0.0564268


Tree=9
num_leaves=13
num_cat=0
split_feature=0 2 1 6 6 14 27 0 17 17 9 29
split_gain=51.4598 18.1491 9.7747 6.93609 2.77862 2.5421 2.35385 2.11259 1.50892 0.905704 0.667566 0.382124
threshold=-0.9426785714285727 1.0000000180025095e-35 -8.8385714285714272 16.500000000000004 68.500000000000014 569.17500000000007 0.14008213739309991 0.59360714285714355 0.39357142857142852 0.24071428571428574 19.45571428571429 295.17000000000002
decision_type=2 2 2 2 2 2 2 2 2 2 2 2
left_child=3 7 4 -1 6 -4 -3 8 10 -5 -2 -10
right_child=1 2 5 9 -6 -7 -8 -9 11 -11 -12 -13
leaf_value=-0.086886196576860711 -0.028301462739552009 -0.017686935036939588 0.049169398738949315 -0.049177574016402152 0.032989671776126571 0.022217848715031911 0.0096412883819843448 0.010008243065029069 0.0026414658755200089 -0.022303340745649644 -0.0095590119855152519 -0.010922008270599406
leaf_weight=17 26 11.999999999999998 38.520408034324646 11.000000000000002 12.640230059623716 19.568594098091125 48.833198666572571 11.042150735855101 11.000000000000002 11.231161236762999 10.999999999999998 12.999999999999998
leaf_count=17 26 12 26 11 11 18 48 10 11 11 11 13
internal_value=-0.000623761 0.0107706 0.023234 -0.0594551 0.00929067 0.040497 0.00400152 -0.0118588 -0.0160197 -0.0367417 -0.0231709 -0.00437364
internal_weight=242.836 203.605 131.562 39.2312 73.4734 58.089 60.8332 72.0422 61 22.2312 37 24
internal_count=225 186 115 39 71 44 60 71 61 22 37 24
is_linear=0
shrinkage=0.0564268


Tree=10
num_leaves=13
num_cat=0
split_feature=0 6 2 4 27 17 26 21 15 18 17 10
split_gain=46.0159 15.8196 9.56172 7.90931 6.89702 2.79545 1.93605 1.20633 1.04942 0.560897 0.36118 0.0760669
threshold=-0.045857142857141035 14.500000000000002 -0.26371892328773222 0.30198723246742581 0.29047445633581709 0.40357142857142864 9.8978571428571431 24.750000000000004 5.3461904761904773 0.15642857142857147 0.39142857142857151 20.259285714285721
decision_type=2 2 2 2 2 2 2 2 2 2 2 2
left_child=1 -1 10 6 5 7 8 -3 -4 -5 -2 -11
right_child=2 4 3 9 -6 -7 -8 -9 -10 11 -12 -13
leaf_value=-0.083030031070949445 -0.016846202699319864 -0.028463438658389774 0.024029357782063984 0.011632674233397504 0.017995321608181725 -0.0018009269773004561 0.052133485941675564 -0.052179505097929943 0.041645361895135326 -0.0046095981355795332 -0.0031397379510957335 0.0013663923755627564
leaf_weight=15.999999999999998 15.000000000000002 40 46.784906983375549 17.407490968704224 11.454312801361082 10.999999999999998 18.025434255599976 10.999999999999998 19.163597822189331 12.000000000000002 13.999999999999998 10.999999999999998
leaf_count=16 15 40 42 17 11 11 11 11 14 12 14 11
internal_value=-0.000598817 -0.0327072 0.018105 0.0249153 -0.0211751 -0.028645 0.034759 -0.0341795 0.0295424 0.00406259 -0.0107086 -0.00136559
internal_weight=242.836 89.4543 153.381 124.381 73.4543 62 83.9739 51 65.9485 40.4075 29 23
internal_count=225 89 136 107 73 62 67 51 56 40 29 23
is_linear=0
shrinkage=0.0564268


Tree=11
num_leaves=14
num_cat=0
split_feature=0 2 1 6 6 14 27 28 20 17 5 0 21
split_gain=41.2487 14.4875 7.8629 5.46052 2.34336 2.05079 1.92424 1.71772 1.74388 0.737835 0.697529 0.404704 0.0745206
threshold=-0.9426785714285727 1.0000000180025095e-35 -8.8385714285714272 16.500000000000004 68.500000000000014 569.17500000000007 0.14008213739309991 29.860000000000003 89.91857142857144 0.24071428571428574 19.470714285714291 -0.020714285714284127 24.334285714285716
decision_type=2 2 2 2 2 2 2 2 2 2 2 2 2
left_child=3 7 4 -1 6 12 -3 8 -2 -5 -10 -9 -4
right_child=1 2 5 9 -6 -7 -8 11 10 -11 -12 -13 -14
leaf_value=-0.077645528846645398 0.014333229614608787 -0.01621203667829248 0.048528421023698677 -0.044267588914526305 0.030006389818426234 0.019752715565561671 0.0084905022594894512 -0.027356207737367744 -0.017562923616350097 -0.019825448461881997 -0.00012597856668248905 -0.010778012701974924 0.03384928632212162
leaf_weight=17 12.042150735855101 11.999999999999998 24.960369825363159 11.000000000000002 12.640230059623716 19.568594098091125 48.833198666572571 17.000000000000004 18 11.231161236762999 13.999999999999998 10.999999999999998 13.560038208961485
leaf_count=17 11 12 15 11 11 18 48 17 18 11 14 11 11
internal_value=-0.000569337 0.00962786 0.0207659 -0.0532452 0.00824358 0.0362534 0.00337571 -0.0105809 -0.00329954 -0.0329868 -0.0103415 -0.0214587 0.0440613
internal_weight=242.836 203.605 131.562 39.2312 73.4734 58.089 60.8332 72.0422 44.0422 22.2312 32 28 38.5204
internal_count=225 186 115 39 71 44 60 71 43 22 32 28 26
is_linear=0
shrinkage=0.0564268


Tree=12
num_leaves=14
num_cat=0
split_feature=0 6 2 15 2 10 1 17 22 24 25 17 20
split_gain=39.8945 12.5455 7.90175 7.30316 7.09661 2.76925 1.70736 1.37083 0.799146 0.713915 0.484017 0.468577 0.160877
threshold=-0.045857142857141035 14.500000000000002 -0.26371892328773222 4.4573214285714302 0.29047445633581709 17.093571428571433 -20.547857142857136 0.40357142857142864 91.850000000000009 27.789000000000001 0.027857142857142858 0.39357142857142852 90.745000000000019
decision_type=2 2 2 2 2 2 2 2 2 2 2 2 2
left_child=1 -1 11 -3 9 -5 12 -7 -8 -4 -11 -2 -6
right_child=2 3 4 5 6 7 8 -9 -10 10 -12 -13 -14
leaf_value=-0.071966434169697752 -0.016640483011377764 0.015234561857616015 0.04753815567373789 -0.049551705695218488 0.0045766387519345026 -0.025463605158761369 0.012839562346744049 -0.001455325593736011 0.031148899789694935 0.019961210810920813 0.038238807239495791 -0.00022391106036872546 -0.0039448558913342362
leaf_weight=17 14.000000000000002 15.703194499015806 25.704557657241821 13.999999999999998 15.000000000000002 33 28.810047149658203 10.999999999999998 12.869793415069578 12.752734184265138 18.109388113021851 10.999999999999998 11.999999999999998
leaf_count=17 14 15 16 14 15 33 28 11 11 11 13 11 12
internal_value=0.000753266 -0.0286731 0.0186149 -0.0181798 0.0244054 -0.0274406 0.0118894 -0.0197558 0.0189963 0.0392172 0.0313923 -0.00993094 0.000432565
internal_weight=240.95 90.7032 150.247 73.7032 125.247 58 68.6798 44 41.6798 56.5667 30.8621 25 27
internal_count=221 90 131 73 106 58 66 44 39 40 24 25 27
is_linear=0
shrinkage=0.0564268


Tree=13
num_leaves=13
num_cat=0
split_feature=0 6 2 15 2 10 14 17 15 24 25 17
split_gain=35.6453 11.1941 7.07845 6.53252 6.33113 2.4675 1.54478 1.21585 0.644373 0.619404 0.421215 0.4156
threshold=-0.045857142857141035 14.500000000000002 -0.26371892328773222 4.4573214285714302 0.29047445633581709 17.093571428571433 672.83000000000004 0.40357142857142864 -6.7692857142857141 27.789000000000001 0.027857142857142858 0.39357142857142852
decision_type=2 2 2 2 2 2 2 2 2 2 2 2
left_child=1 -1 11 -3 9 -5 8 -7 -6 -4 -11 -2
right_child=2 3 4 5 6 7 -8 -9 -10 10 -12 -13
leaf_value=-0.068010384696748721 -0.015730772860770365 0.014398887461622651 0.044901910561419497 -0.046842788045324248 -0.0014900297611933906 -0.024046117453613236 0.027157034763799656 -0.0013764356123731338 0.010977529445914598 0.018873276585184905 0.036133461889650671 -0.00021177350962648189
leaf_weight=17 14.000000000000002 15.703194499015806 25.704557657241821 13.999999999999998 19 33 15.060143470764158 10.999999999999998 34.619697093963623 12.752734184265138 18.109388113021851 10.999999999999998
leaf_count=17 14 15 16 14 19 33 13 11 34 11 13 11
internal_value=0.00070852 -0.0271043 0.0175943 -0.0171823 0.0230761 -0.0259442 0.0112428 -0.0186688 0.00640426 0.0370706 0.0296857 -0.00940896
internal_weight=240.95 90.7032 150.247 73.7032 125.247 58 68.6798 44 53.6197 56.5667 30.8621 25
internal_count=221 90 131 73 106 58 66 44 53 40 24 25
is_linear=0
shrinkage=0.0564268


Tree=14
num_leaves=14
num_cat=0
split_feature=0 6 2 15 2 28 1 17 22 24 17 25 20
split_gain=31.8434 9.9877 6.33982 5.8438 5.65293 2.20901 1.38617 0.975465 0.682454 0.536179 0.371509 0.365786 0.141192
threshold=-0.045857142857141035 14.500000000000002 -0.26371892328773222 4.4573214285714302 0.29047445633581709 32.887142857142869 -20.547857142857136 0.40357142857142864 91.850000000000009 27.789000000000001 0.38642857142857145 0.027857142857142858 90.745000000000019
decision_type=2 2 2 2 2 2 2 2 2 2 2 2 2
left_child=1 -1 10 -3 9 7 12 -5 -8 -4 -2 -11 -6
right_child=2 3 4 5 6 -7 8 -9 -10 11 -12 -13 -14
leaf_value=-0.064271799158670095 -0.015419978903612429 0.013609052866568517 0.042411859890505985 -0.021956182661669998 0.0041798801488310416 -0.041884045791568916 0.011316554432533404 -0.0013018219833947644 0.028258805183503499 0.017844637985714142 -0.00078532709984641298 0.034144032860819337 -0.0038187894958549825
leaf_weight=17 13.000000000000002 15.703194499015806 25.704557657241821 30 15.000000000000002 17 28.810047149658203 10.999999999999998 12.869793415069578 12.752734184265138 11.999999999999998 18.109388113021851 11.999999999999998
leaf_count=17 13 15 16 30 15 17 28 11 11 11 12 13 12
internal_value=0.000663442 -0.025622 0.0166255 -0.01624 0.0218147 -0.0245304 0.0106219 -0.0167236 0.0170248 0.0350426 -0.00891551 0.0280728 0.000266429
internal_weight=240.95 90.7032 150.247 73.7032 125.247 58 68.6798 41 41.6798 56.5667 25 30.8621 27
internal_count=221 90 131 73 106 58 66 41 39 40 25 24 27
is_linear=0
shrinkage=0.0564268


Tree=15
num_leaves=14
num_cat=0
split_feature=9 2 6 15 1 14 15 13 19 4 0 26 26
split_gain=28.3645 11.1231 7.21046 3.99057 3.43421 1.84481 1.52019 0.949489 0.7927 0.759973 0.737244 0.638281 0.251908
threshold=17.998571428571427 -0.19926963107926501 12.500000000000002 3.3657738095238101 -12.947857142857144 301.33000000000004 -6.4779166666666645 19.530000000000005 28.576428571428579 -0.1442923032279525 0.35785714285713871 9.8978571428571431 4.6407142857142869
decision_type=2 2 2 2 2 2 2 2 2 2 2 2 2
left_child=2 7 -1 6 -4 11 -3 8 -2 -8 -5 -6 -12
right_child=1 3 4 10 5 -7 9 -9 -10 -11 12 -13 -14
leaf_value=-0.071851251844686673 -0.0212367501411602 -0.00078418029630844663 0.0042339628245292677 0.019079101544289455 -0.046530377747933754 -0.013382707202053017 0.0027094174343420146 0.0027917222099388835 -0.0024209195906989521 0.020635439700358225 0.027382842367381581 -0.024633815897698124 0.0420823248891459
leaf_weight=10.999999999999998 24 20 11.999999999999998 14.280847787857054 16.000000000000004 18 10.999999999999998 10.999999999999998 11.999999999999998 40.573415756225586 15.704033017158507 11.999999999999998 24.47918176651001
leaf_count=11 24 20 12 12 16 18 11 11 12 37 12 12 15
internal_value=7.35375e-05 0.0123124 -0.0303598 0.0210549 -0.0218315 -0.0288156 0.0119617 -0.0109045 -0.0153389 0.0170554 0.0326316 -0.0380262 0.036944
internal_weight=242.037 173.037 69 126.037 58 46 71.5734 47 36 51.5734 54.4641 28 40.1832
internal_count=223 154 69 107 58 46 68 47 36 48 39 28 27
is_linear=0
shrinkage=0.0564268


Tree=16
num_leaves=14
num_cat=0
split_feature=9 15 6 1 1 1 7 14 20 1 26 20 21
split_gain=25.3681 8.00431 6.44165 3.84429 3.07981 2.04505 1.89563 1.64287 1.44225 1.38106 0.556883 0.531195 0.35739
threshold=17.998571428571427 8.939880952380955 12.500000000000002 -20.547857142857136 -12.947857142857144 -5.6785714285714279 1.8185000000000004 301.33000000000004 91.337142857142865 -8.8385714285714272 9.8978571428571431 90.931428571428583 24.925714285714289
decision_type=2 2 2 2 2 2 2 2 2 2 2 2 2
left_child=2 3 -1 8 -4 9 -3 10 12 -5 -6 -8 -2
right_child=1 6 4 5 7 -7 11 -9 -10 -11 -12 -13 -14
leaf_value=-0.067956351708396118 0.0020339355616439884 -0.024675846960037644 0.0040036942318169202 0.017415222380369313 -0.043976685339855638 0.007036282272965157 0.0087081076738702457 -0.012645993380572882 -0.014063893851254511 0.034507899195157815 -0.023294079588293649 -0.0073763813857977067 0.016805789528234725
leaf_weight=10.999999999999998 12.000000000000002 15.999999999999998 11.999999999999998 28.460898995399475 16.000000000000004 19.412206172943115 11.484942555427553 18 10.999999999999998 48.448269367218018 11.999999999999998 13.999999999999998 12.231161236762999
leaf_count=11 12 16 12 26 16 19 11 18 11 33 12 14 12
internal_value=6.06372e-05 0.0116372 -0.0287182 0.0184633 -0.0206439 0.0242848 -0.00974317 -0.0272595 0.00216945 0.0284465 -0.0359634 0 0.0100548
internal_weight=242.037 173.037 69 131.553 58 96.3214 41.4849 46 35.2312 76.9092 28 25.4849 24.2312
internal_count=223 154 69 113 58 78 41 46 35 59 28 25 24
is_linear=0
shrinkage=0.0564268


Tree=17
num_leaves=13
num_cat=0
split_feature=9 2 6 15 1 21 15 13 25 19 25 15
split_gain=22.6817 8.97574 5.75417 3.25519 2.76254 1.48879 1.20948 0.813729 0.675919 0.672027 0.642439 0.499905
threshold=17.998571428571427 -0.19926963107926501 12.500000000000002 3.3657738095238101 -12.947857142857144 24.780000000000005 -6.4779166666666645 19.530000000000005 0.023571428571428573 28.576428571428579 0.036428571428571428 9.5982142857142865
decision_type=2 2 2 2 2 2 2 2 2 2 2 2
left_child=2 7 -1 6 -4 11 -3 9 -8 -2 -5 -6
right_child=1 3 4 10 5 -7 8 -9 -10 -11 -12 -13
leaf_value=-0.064272585814172306 -0.019392292466011044 -0.00070160166477814491 0.0037859491321545189 0.021139155201599386 -0.023608629847728428 -0.040828231744732595 0.0026216713227115917 0.0027808625072358443 0.018815398816171312 -0.0020118524795148468 0.035865182952168374 -0.007103934034412604
leaf_weight=10.999999999999998 24 20 11.999999999999998 25.742345809936523 19.000000000000004 14.999999999999998 12.405052304267882 10.999999999999998 39.168363451957703 11.999999999999998 28.72171676158905 11.999999999999998
leaf_count=11 24 20 12 21 19 15 12 11 36 12 18 12
internal_value=4.41112e-05 0.0109928 -0.0271661 0.0188492 -0.0195214 -0.0257887 0.0106187 -0.00984933 0.0151636 -0.0139619 0.0293124 -0.017722
internal_weight=242.037 173.037 69 126.037 58 46 71.5734 47 51.5734 36 54.4641 31
internal_count=223 154 69 107 58 46 68 47 48 36 39 31
is_linear=0
shrinkage=0.0564268


Tree=18
num_leaves=14
num_cat=0
split_feature=9 2 3 6 15 18 17 7 6 15 24 9 21
split_gain=19.4971 8.37483 5.83077 3.59779 3.1635 1.16854 1.00841 0.955121 0.840807 0.407058 0.361279 0.334101 0.321897
threshold=18.223571428571436 -0.19926963107926501 0.045030177288156538 12.500000000000002 3.3657738095238101 0.15071428571428572 0.40999999999999998 0.59042857142856076 39.500000000000007 -6.4779166666666645 30.066000000000006 20.232857142857149 23.920714285714286
decision_type=2 2 2 2 2 2 2 2 2 2 2 2 2
left_child=2 6 3 -1 5 11 12 8 -5 -7 -6 -3 -2
right_child=1 4 -4 7 10 9 -8 -9 -10 -11 -12 -13 -14
leaf_value=-0.060788508062609721 -0.018705117466022169 0.026505494963295892 0.0060763702827714497 -0.036408616696732808 0.034750230084085114 -0.0027467026035948626 0.0028382156206149846 -0.011890047044489586 -0.014636409240591182 0.0084377450530223243 0.021722676055414454 0.011175827297696932 -0.0051319906666923961
leaf_weight=10.999999999999998 22 13.615761280059816 16.202556133270264 23 28.534047245979309 14.999999999999998 13.999999999999998 17 10.999999999999998 26.107158780097961 21.330588698387146 12.900660037994383 10.999999999999998
leaf_count=11 22 12 16 23 18 15 14 17 11 25 17 12 11
internal_value=-0.000278249 0.0107058 -0.0234342 -0.0312901 0.0187657 0.0104799 -0.00922407 -0.0242625 -0.0299302 0.00413706 0.0296149 0.019719 -0.0146014
internal_weight=242.691 164.488 78.2026 62 117.488 67.6236 47 51 34 41.1072 49.8646 26.5164 33
internal_count=224 146 78 62 99 64 47 51 34 40 35 24 33
is_linear=0
shrinkage=0.0564268


Tree=19
num_leaves=14
num_cat=0
split_feature=9 2 3 21 15 18 6 21 21 7 15 24 25
split_gain=17.4353 7.48616 5.22398 3.2639 2.8151 1.04676 0.718292 0.555887 0.509976 0.749583 0.364592 0.312122 0.311778
threshold=18.223571428571436 -0.19926963107926501 0.045030177288156538 24.672142857142859 3.3657738095238101 0.15071428571428572 12.500000000000002 24.270714285714288 23.966428571428576 1.8185000000000004 -6.4779166666666645 30.066000000000006 0.032142857142857154
decision_type=2 2 2 2 2 2 2 2 2 2 2 2 2
left_child=2 8 3 7 5 12 -5 -1 9 -2 -7 -6 -3
right_child=1 4 -4 6 11 10 -8 -9 -10 -11 -12 -13 -14
leaf_value=-0.024062920097058776 -0.021788288473585448 0.0098078397230697261 0.0057427711987877153 -0.057493295063467849 0.032819849123690827 -0.0025962319740960391 -0.033484589459868368 -0.0080754144952295583 0 -0.0038919844453117248 0.0079697025076035238 0.020522274749103939 0.02468035995576558
leaf_weight=18 14.999999999999998 11.862707614898683 16.202556133270264 11.000000000000002 28.534047245979309 14.999999999999998 17 15.999999999999998 13.999999999999998 18 26.107158780097961 21.330588698387146 14.653713703155516
leaf_count=18 15 11 16 11 18 15 17 16 14 18 25 17 13
internal_value=-0.000264347 0.0101205 -0.0221639 -0.0296012 0.0177423 0.00991276 -0.0440189 -0.0170255 -0.00871483 -0.0125011 0.0038939 0.0279833 0.0186622
internal_weight=242.691 164.488 78.2026 62 117.488 67.6236 28 34 47 33 41.1072 49.8646 26.5164
internal_count=224 146 78 62 99 64 28 34 47 33 40 35 24
is_linear=0
shrinkage=0.0564268


Tree=20
num_leaves=13
num_cat=0
split_feature=9 1 3 1 21 20 7 6 7 21 20 22
split_gain=15.5919 5.92231 4.68178 3.52085 2.91058 1.07281 0.785314 0.63154 0.584452 0.490839 0.46231 0.406075
threshold=18.223571428571436 -4.6385714285714279 0.045030177288156538 -20.547857142857136 24.672142857142859 91.337142857142865 1.5567142857142857 12.500000000000002 6.5607142857142913 24.270714285714288 91.75500000000001 91.577142857142874
decision_type=2 2 2 2 2 2 2 2 2 2 2 2
left_child=2 3 4 5 9 -2 -3 -6 11 -1 -8 -5
right_child=1 6 -4 8 7 -7 10 -9 -10 -11 -12 -13
leaf_value=-0.022738264244868765 0.0089468709486730021 -0.016969774279637726 0.0054274870701954345 0.014366801525106969 -0.054376710594251781 -0.011482151616570443 0.00312497027246814 -0.031643915566540247 0.030590283162608575 -0.007632217401102705 -0.010755079237222277 0.026073943046823679
leaf_weight=18 20.231161236763 15.999999999999998 16.202556133270264 37.679455518722534 11.000000000000002 12.999999999999998 21.212206125259399 17 25.620772361755371 15.999999999999998 10.999999999999998 19.744620800018311
leaf_count=18 20 16 16 34 11 13 21 17 16 16 11 15
internal_value=-0.000253563 0.00956472 -0.0209651 0.0164652 -0.0280074 0.000619756 -0.00687617 -0.0416356 0.0226519 -0.0161044 -0.00140015 0.0187317
internal_weight=242.691 164.488 78.2026 116.276 62 33.2312 48.2122 28 83.0448 34 32.2122 57.4241
internal_count=224 146 78 98 62 33 48 28 65 34 32 49
is_linear=0
shrinkage=0.0564268


Tree=21
num_leaves=13
num_cat=0
split_feature=16 2 3 14 15 19 25 17 6 25 21 26
split_gain=13.4155 5.50146 4.0066 3.34895 2.16563 0.898637 0.678161 0.633265 0.630075 0.528717 0.260005 0.230388
threshold=17.998571428571427 -0.19926963107926501 0.045030177288156538 84.955000000000013 3.3657738095238101 5.7400000000000011 0.023571428571428573 0.41642857142857154 42.500000000000007 0.025714285714285721 23.966428571428576 8.2485714285714291
decision_type=2 2 2 2 2 2 2 2 2 2 2 2
left_child=2 7 3 -1 5 -3 -6 10 11 -7 -2 -5
right_child=1 4 -4 8 6 9 -8 -9 -10 -11 -12 -13
leaf_value=-0.048879665371124426 -0.01495754740196522 -0.0049907993957038748 0.0061054388258041719 -0.029328595414514307 0.013482331925557303 0.0033571302101742624 0.029043586102987583 0.0022598166203674362 -0.0060603422770546169 0.014984159474859 -0.0033272478729172291 -0.01565025064291526
leaf_weight=15.999999999999998 23 11.999999999999998 13.999999999999998 13.000000000000002 17.964792847633362 21.632284283638 32.910443902015686 13.999999999999998 12.999999999999998 41.405085206031799 11.999999999999998 15.999999999999998
leaf_count=16 23 12 14 13 15 21 22 14 13 38 12 16
internal_value=0.000113536 0.00859105 -0.0202724 -0.0268038 0.0148446 0.00846714 0.0239046 -0.00727051 -0.0177357 0.0111994 -0.0113372 -0.0224667
internal_weight=246.913 174.913 72 58 125.913 75.0374 50.8752 49 42 63.0374 35 29
internal_count=229 157 72 58 108 71 37 49 42 59 35 29
is_linear=0
shrinkage=0.0564268


Tree=22
num_leaves=13
num_cat=0
split_feature=16 2 3 14 2 1 19 20 17 19 26 26
split_gain=11.9942 4.91408 3.59246 2.97632 1.93204 0.781319 0.776779 0.578311 0.572093 0.487049 0.310912 0.132548
threshold=17.998571428571427 -0.19926963107926501 0.045030177288156538 84.955000000000013 0.29047445633581709 -7.2835714285714284 5.7400000000000011 80.292857142857159 0.40999999999999998 10.456428571428576 13.285000000000002 9.8978571428571431
decision_type=2 2 2 2 2 2 2 2 2 2 2 2
left_child=2 8 3 -1 5 -3 -6 11 10 -8 -2 -5
right_child=1 4 -4 7 6 -7 9 -9 -10 -11 -12 -13
leaf_value=-0.046197039010871785 -0.004403701845727242 0.026357418035401436 0.005771663277570979 -0.024999914077030307 -0.0047193694855596335 0.0091717201675524905 0.017375258984749928 -0.0042857737651325299 0.0013421677714002093 0.0060649552103571695 -0.016577722217995281 -0.013607478052463392
leaf_weight=15.999999999999998 15.999999999999998 39.82292628288269 13.999999999999998 18.000000000000004 11.999999999999998 13.955526590347288 21.475760102272034 10.999999999999998 15.999999999999998 38.658393263816833 17 12.999999999999998
leaf_count=16 16 27 14 18 12 12 19 11 16 38 17 13
internal_value=9.7152e-05 0.00811518 -0.0191766 -0.025363 0.0140268 0.0221902 0.00770696 -0.0167913 -0.00686849 0.0103638 -0.0111045 -0.0207948
internal_weight=246.913 174.913 72 58 125.913 53.7785 72.1342 42 49 60.1342 33 31
internal_count=229 157 72 58 108 39 69 42 49 57 33 31
is_linear=0
shrinkage=0.0564268


Tree=23
num_leaves=14
num_cat=0
split_feature=16 2 3 14 15 15 7 1 17 4 26 21 28
split_gain=10.7224 4.39091 3.22125 2.64502 1.75047 0.750612 0.55839 0.54939 0.516416 0.483452 0.280538 0.232764 0.0976917
threshold=17.998571428571427 -0.19926963107926501 0.045030177288156538 84.955000000000013 3.3657738095238101 -7.1305357142857124 0.59042857142856076 -7.2835714285714284 0.41642857142857154 -0.1442923032279525 10.472857142857146 23.966428571428576 29.822857142857142
decision_type=2 2 2 2 2 2 2 2 2 2 2 2 2
left_child=2 8 3 -1 5 -3 10 12 11 -7 -5 -2 -6
right_child=1 4 -4 6 7 9 -8 -9 -10 -11 -12 -13 -14
leaf_value=-0.043661640132043995 -0.013577629150413672 -0.002420640730856662 0.0054561354106755083 -0.027078819004115736 0.030131430792580172 0 -0.0054672910983752992 0.010538628249777884 0.0020629011042191262 0.01304125580417026 -0.012803825867647564 -0.0026017849931625997 0.019318519150720689
leaf_weight=15.999999999999998 23 17 13.999999999999998 14.000000000000002 18.38624894618988 10.999999999999998 13.999999999999998 14.72245407104492 13.999999999999998 47.0373694896698 13.999999999999998 11.999999999999998 17.766533732414246
leaf_count=16 23 17 14 14 11 11 14 13 14 43 14 12 13
internal_value=8.22318e-05 0.00766541 -0.0181389 -0.0239987 0.0132549 0.00750288 -0.0158954 0.0214092 -0.00649102 0.0105721 -0.0205986 -0.0101696 0.0253863
internal_weight=246.913 174.913 72 58 125.913 75.0374 42 50.8752 49 58.0374 28 35 36.1528
internal_count=229 157 72 58 108 71 42 37 49 54 28 35 24
is_linear=0
shrinkage=0.0564268


Tree=24
num_leaves=14
num_cat=0
split_feature=16 1 17 15 29 17 25 10 26 15 28 25 29
split_gain=10.7196 4.21298 2.40913 1.60873 1.33123 0.619864 0.52938 0.695353 0.378699 0.376482 0.275095 0.217523 0.12224
threshold=17.998571428571427 -4.6385714285714279 0.26428571428571429 -6.4779166666666645 79.045000000000002 0.39357142857142852 0.039285714285714292 19.350000000000005 8.6600000000000019 7.6681547619047636 34.232142857142868 0.029285714285714286 242.18000000000001
decision_type=2 2 2 2 2 2 2 2 2 2 2 2 2
left_child=2 3 4 12 -1 8 7 -5 -3 -6 -4 -7 -2
right_child=1 5 10 6 9 11 -8 -9 -10 -11 -12 -13 -14
leaf_value=-0.038513674174674641 0.0036935013464404602 -0.0032209106060028291 -0.0095962463610968132 0.022232975041588707 -0.0098591391893367211 0.0061557092759284889 0.022215037003061471 0.0082125778230004512 -0.017666911170245787 -0.025389817555407059 0.0020401943455904889 -0.0047687889464751677 -0.0043274507956136132
leaf_weight=19 11.000000000000002 12.212206125259401 12.000000000000002 17.52062726020813 15.000000000000002 11.000000000000002 34.068205595016479 44.434314966201782 15.999999999999998 11.999999999999998 10.999999999999998 10.999999999999998 11.999999999999998
leaf_count=19 11 12 12 13 15 11 25 41 16 12 11 11 12
internal_value=-0.000483887 0.00711833 -0.019195 0.0129138 -0.0266302 -0.00641997 0.0161126 0.0124651 -0.0119017 -0.0174191 -0.00368411 0.000274333 -7.95121e-05
internal_weight=238.235 169.235 69 119.023 46 50.2122 96.0231 61.9549 28.2122 27 23 22 23
internal_count=221 152 69 102 46 50 79 54 28 27 23 22 23
is_linear=0
shrinkage=0.0564268


Tree=25
num_leaves=14
num_cat=0
split_feature=16 1 17 15 14 17 25 10 7 26 14 25 23
split_gain=9.58298 3.76997 2.15507 1.43702 1.15238 0.555451 0.46526 0.617783 0.348472 0.257231 0.217345 0.194661 0.0710007
threshold=17.998571428571427 -4.6385714285714279 0.26428571428571429 -6.4779166666666645 84.955000000000013 0.39357142857142852 0.039285714285714292 19.350000000000005 1.5567142857142857 8.7800000000000029 244.46000000000001 0.029285714285714286 1.6173747096742901
decision_type=2 2 2 2 2 2 2 2 2 2 2 2 2
left_child=2 3 4 12 -1 8 7 -5 -3 -4 -6 -7 -2
right_child=1 5 9 6 10 11 -8 -9 -10 -11 -12 -13 -14
leaf_value=-0.038616838463687554 -0.0033749983098274707 -0.018719408865196803 0.0020555395002472788 0.021009873630581651 -0.021910615076516524 0.005822021416049138 0.020977865344786229 0.0077538173520752479 -0.0048119351845246463 -0.0091901684624775253 -0.0092566919776768397 -0.0045102832796081391 0.0027135581014836531
leaf_weight=14.999999999999998 12.000000000000002 12.000000000000002 11.000000000000002 17.52062726020813 20.000000000000004 11.000000000000002 34.068205595016479 44.434314966201782 16.212206125259399 11.999999999999998 10.999999999999998 10.999999999999998 10.999999999999998
leaf_count=15 12 12 11 13 20 11 25 41 16 12 11 11 11
internal_value=-0.000464075 0.00672153 -0.0181574 0.0122053 -0.0251915 -0.00607832 0.0152287 0.0117829 -0.0112678 -0.00346102 -0.0179264 0.000235988 -5.23194e-05
internal_weight=238.235 169.235 69 119.023 46 50.2122 96.0231 61.9549 28.2122 23 31 22 23
internal_count=221 152 69 102 46 50 79 54 28 23 31 22 23
is_linear=0
shrinkage=0.0564268


Tree=26
num_leaves=13
num_cat=0
split_feature=16 2 17 15 29 25 15 17 15 28 27 29
split_gain=8.56711 3.40594 1.928 1.2317 1.06495 0.75066 0.506776 0.495921 0.346581 0.242828 0.128346 0.10157
threshold=17.998571428571427 -0.11133089156023095 0.26428571428571429 -6.4779166666666645 79.045000000000002 0.020714285714285716 3.3657738095238101 0.39357142857142852 7.6681547619047636 34.232142857142868 -0.70848542451858509 242.18000000000001
decision_type=2 2 2 2 2 2 2 2 2 2 2 2
left_child=2 7 4 11 -1 -5 -7 10 -6 -4 -2 -3
right_child=1 3 9 5 8 6 -8 -9 -10 -11 -12 -13
leaf_value=-0.034504532765514614 -0.016279027142319852 0.0033761930140124088 -0.0088293647810802692 0.0033777139812294255 -0.0083349897221970982 0.011686037335315485 0.021821316499655522 0 -0.023104082316633488 0.0020952668763171379 -0.0063588641194638456 -0.003936139309321302
leaf_weight=19 12.000000000000002 11.000000000000002 12.000000000000002 19.494450330734253 15.000000000000002 43.598151564598083 36.142752051353455 20 11.999999999999998 10.999999999999998 14.999999999999998 11.999999999999998
leaf_count=19 12 11 12 18 15 40 24 20 12 11 15 12
internal_value=-0.000445516 0.00634628 -0.0171768 0.0113275 -0.0238319 0.0140449 0.0164978 -0.00638834 -0.0155245 -0.00325006 -0.0113167 -2.66911e-05
internal_weight=238.235 169.235 69 122.235 46 99.2354 79.7409 47 27 23 27 23
internal_count=221 152 69 105 46 82 64 47 27 23 27 23
is_linear=0
shrinkage=0.0564268


Tree=27
num_leaves=13
num_cat=0
split_feature=7 15 2 14 12 1 18 1 8 9 20 10
split_gain=7.26531 3.90733 1.94063 1.94016 1.13168 0.672641 0.627159 0.36219 0.3211 0.186585 0.153628 0.153523
threshold=0.85157142857142543 -2.7233333333333332 -0.26371892328773222 84.955000000000013 0.31254311650991445 -5.6785714285714279 0.12214285714285716 -8.8385714285714272 23.56428571428572 18.672857142857151 91.75500000000001 20.157142857142858
decision_type=2 2 2 2 2 2 2 2 2 2 2 2
left_child=1 -1 8 -3 5 7 -5 -4 -2 -8 -10 -6
right_child=2 3 4 6 11 -7 9 -9 10 -11 -12 -13
leaf_value=0.0069318673580539714 0.0045489200231206553 -0.038287036640834729 0.0080410223819553685 -0.025741814723005463 -0.0018625838934113147 0.0023824274021404224 -0.013573957669613447 0.019430933320485871 -0.0024548409281391465 -0.0041910255810918406 -0.011321997776325247 0.0055695142128272465
leaf_weight=21.661803722381592 10.999999999999998 14.999999999999998 16.126498937606812 12.999999999999998 17 14.412206172943113 25 47.973723411560059 21 14.818016290664671 11.999999999999998 15.467689752578734
leaf_count=21 11 15 15 13 17 14 25 34 21 14 12 15
internal_value=-0.000692931 -0.0134927 0.00665229 -0.0201616 0.0106364 0.0142988 -0.0145514 0.0167921 -0.00318407 -0.0104095 -0.0060789 0.00141051
internal_weight=244.46 89.4798 154.98 67.818 110.98 78.5124 52.818 64.1002 44 39.818 33 32.4677
internal_count=227 88 139 67 95 63 52 49 44 39 33 32
is_linear=0
shrinkage=0.0564268


Tree=28
num_leaves=13
num_cat=0
split_feature=20 1 2 14 1 1 15 17 18 25 20 22
split_gain=6.49876 3.58236 2.22605 1.40703 1.25963 1.12701 0.456466 0.420926 0.373237 0.79198 0.217915 0.16346
threshold=81.574285714285736 -16.909285714285712 -0.26371892328773222 84.955000000000013 -20.547857142857136 -5.6785714285714279 2.3072023809523814 0.40999999999999998 0.12214285714285716 0.039285714285714292 91.237142857142871 91.550714285714307
decision_type=2 2 2 2 2 2 2 2 2 2 2 2
left_child=1 -1 7 -3 10 6 -6 11 -5 -10 -4 -2
right_child=2 3 4 8 5 -7 -8 -9 9 -11 -12 -13
leaf_value=0.0091741235332454141 -0.0029115252538787959 -0.03618958439276454 0.0026399428130508495 -0.023849731247691918 0.009559539700491242 4.8300489898842001e-05 0.019445062320692787 0.0023550471459312223 -0.017489405001981428 0.00045077392257093514 -0.0074244298039778805 -0.012305806439867142
leaf_weight=15.231161236762999 13.999999999999998 14.999999999999998 15.000000000000002 12.999999999999998 32.685135722160339 20.412206172943115 44.13143515586853 14.999999999999998 20.000000000000004 10.999999999999998 10.999999999999998 18
leaf_count=15 14 15 15 13 30 20 30 15 20 11 11 18
internal_value=-0.000659073 -0.0145761 0.00537516 -0.0208939 0.00937815 0.0123272 0.0154449 -0.00490475 -0.015147 -0.0108991 -0.00130442 -0.00859283
internal_weight=244.46 74.2312 170.229 59 123.229 97.2288 76.8166 47 44 31 26 32
internal_count=227 74 153 59 106 80 60 47 44 31 26 32
is_linear=0
shrinkage=0.0564268


Tree=29
num_leaves=13
num_cat=0
split_feature=7 27 2 14 12 25 18 18 20 18 9 10
split_gain=5.8536 3.23435 1.52927 1.50269 0.914792 0.577126 0.571526 0.273148 0.247891 0.192801 0.142408 0.13699
threshold=0.85157142857142543 1.5380900417055408 -0.26371892328773222 84.955000000000013 0.31254311650991445 0.039285714285714292 0.12214285714285716 0.15357142857142864 91.158571428571449 0.16642857142857143 18.672857142857151 20.157142857142858
decision_type=2 2 2 2 2 2 2 2 2 2 2 2
left_child=1 3 7 -1 5 9 -5 -2 -9 -4 -8 -6
right_child=2 -3 4 6 11 -7 10 8 -10 -11 -12 -13
leaf_value=-0.034207036894296321 0.0032605516006845221 0.0064374861232498375 0.010958449386118972 -0.024432883186062283 -0.001899362040584744 0.019580395345737318 -0.012313335864278617 4.89477025939531e-05 -0.0097280865913900554 0.002150101086948806 -0.0040823117151389376 0.0051302078898232033
leaf_weight=14.999999999999998 13.999999999999998 21.661803722381592 36.297899603843689 11.999999999999998 17 27.987296938896179 25 11.000000000000002 19 14.227231979370115 15.818016290664671 15.467689752578734
leaf_count=15 14 21 31 12 17 19 25 11 19 13 15 15
internal_value=-0.000623265 -0.012116 0.00596554 -0.0181879 0.00950406 0.0127975 -0.0132054 -0.00274676 -0.00587619 0.00870975 -0.00943852 0.00117858
internal_weight=244.46 89.4798 154.98 67.818 110.98 78.5124 52.818 44 30 50.5251 40.818 32.4677
internal_count=227 88 139 67 95 63 52 44 30 44 40 32
is_linear=0
shrinkage=0.0564268


Tree=30
num_leaves=14
num_cat=0
split_feature=0 2 20 2 1 6 23 26 17 8 1 26 16
split_gain=4.47446 2.10468 0.924931 0.895735 1.31516 0.580127 0.574517 0.396834 0.358688 0.304054 0.294802 0.247886 0.0979703
threshold=-0.045857142857141035 1.7291972211429056 69.824285714285722 -0.26371892328773222 -8.8385714285714272 68.500000000000014 -0.27012927936656128 9.8978571428571431 0.39714285714285719 24.811428571428575 -5.6785714285714279 8.6600000000000019 19.069285714285719
decision_type=2 2 2 2 2 2 2 2 2 2 2 2 2
left_child=1 2 6 12 5 9 -1 10 11 -5 -6 -4 -2
right_child=3 -3 8 4 7 -7 -8 -9 -10 -11 -12 -13 -14
leaf_value=-0.032364769199768613 -0.0052751127196937926 0.011970686179639572 -0.0050597391615916851 -0.0085551941097494321 0.013343443064083299 0.011665499899626074 -0.013297942459560237 0.021177069034590962 0 0.0015595472951850633 0.0025900048284735852 -0.015460796391017408 0.00080184035010096835
leaf_weight=11.000000000000002 18.000000000000004 11.454312801361082 18 11.999999999999998 32.284146189689636 14.799240946769713 15.999999999999998 18.605830550193787 11.999999999999998 36.200000047683716 14.412206172943113 20 10.999999999999998
leaf_count=11 18 11 18 12 24 13 16 11 12 36 14 20 11
internal_value=0.000268742 -0.00981394 -0.0132308 0.00601193 0.00805068 0.00202581 -0.0218235 0.0136615 -0.00824472 -0.00081469 0.0102872 -0.0109038 -0.00266294
internal_weight=245.756 88.4543 77 157.301 128.301 62.9992 27 65.3022 50 48.2 46.6964 38 29
internal_count=227 88 77 139 110 61 27 49 50 48 38 38 29
is_linear=0
shrinkage=0.0564268


Tree=31
num_leaves=15
num_cat=0
split_feature=0 2 10 16 1 1 21 29 12 27 4 15 20 20
split_gain=4.00637 1.88736 0.84987 0.820476 0.881774 0.890768 0.604766 0.439046 0.431703 0.34663 0.33172 0.254821 0.143822 0.139118
threshold=-0.045857142857141035 1.7291972211429056 17.262142857142859 17.720714285714291 -20.547857142857136 -5.6785714285714279 24.292142857142863 79.045000000000002 -0.75032050268990647 -0.53383471710341313 -0.42340623284690071 1.2995833333333335 91.296428571428592 90.981428571428594
decision_type=2 2 2 2 2 2 2 2 2 2 2 2 2 2
left_child=1 2 7 11 13 6 -6 -1 9 -4 -10 -2 -7 -5
right_child=3 -3 8 4 5 12 -8 -9 10 -11 -12 -13 -14 -15
leaf_value=-0.029471875134603989 0.0016456730209008395 0.011320767695817243 -0.020218734803630751 0.0015691014486293444 0.018182256269291333 0.005207414637459956 0.0072702461159376832 -0.012513528211556624 0.0040120220550841808 -0.0047022160472943936 -0.0080901747765404573 -0.0094993321694460241 -0.0020849587633023749 -0.0062017837624863837
leaf_weight=12.000000000000002 11.000000000000002 11.454312801361082 12.000000000000002 17.000000000000004 38.566041946411133 16.200000047683719 36.32317578792572 14.999999999999998 11.999999999999998 10.999999999999995 15.000000000000005 11.999999999999998 15.212206125259398 10.999999999999998
leaf_count=12 11 11 12 17 25 16 32 15 12 11 15 12 15 11
internal_value=0.00025259 -0.00928591 -0.0125248 0.00568914 0.00739803 0.00974718 0.0130938 -0.0207645 -0.00773706 -0.0134451 -0.00237968 -0.00382529 0.00139121 -0.00119187
internal_weight=245.756 88.4543 77 157.301 134.301 106.301 74.8892 27 50 23 27 23 31.4122 28
internal_count=227 88 77 139 116 88 57 27 50 23 27 23 31 28
is_linear=0
shrinkage=0.0564268


Tree=32
num_leaves=15
num_cat=0
split_feature=7 15 2 2 10 21 29 24 25 14 26 18 0 28
split_gain=3.6196 2.10713 1.08625 0.706893 0.613243 0.504959 0.283631 0.275638 0.26472 0.238023 0.12342 0.105721 0.0938003 0.0772876
threshold=0.85157142857142543 -2.7233333333333332 -0.26371892328773222 0.29047445633581709 17.262142857142859 24.133571428571429 79.045000000000002 41.796000000000014 0.022142857142857148 672.83000000000004 15.429285714285717 0.16642857142857143 -0.86099999999999877 29.460714285714289
decision_type=2 2 2 2 2 2 2 2 2 2 2 2 2 2
left_child=1 -1 7 8 6 12 -3 10 -4 11 -2 -5 -6 -10
right_child=2 4 3 9 5 -7 -8 -9 13 -11 -12 -13 -14 -15
leaf_value=0.0072206660112545369 0.0041711796610423924 -0.027869016330208409 0.0045144508346332008 0.0036836910113504178 -0.018310324610611356 0 -0.013655872390164697 -0.0086392908649522478 0.018509280304102479 0.010601689540974926 -0.0029730892464733417 -0.0014283767159105078 -0.0079865044379729966 0.010827078838310463
leaf_weight=18.6543128490448 16.000000000000004 12.000000000000002 13.328522324562071 31.212206125259399 10.999999999999998 14.818016290664671 17 13.999999999999998 21.179511666297913 12.599339842796324 12.999999999999998 18 12.000000000000002 20.963827610015869
leaf_count=18 16 12 11 31 11 14 17 14 13 11 13 18 12 16
internal_value=0.000229384 -0.00907876 0.00526503 0.00808776 -0.0137916 -0.00844095 -0.0202035 -0.0022143 0.0127651 0.00367205 0.000641978 0.00162213 -0.0135953 0.0150709
internal_weight=245.756 85.4723 160.283 117.283 66.818 37.818 29 43 55.4719 61.8115 29 49.2122 23 42.1433
internal_count=227 84 143 100 66 37 29 43 40 60 29 49 23 29
is_linear=0
shrinkage=0.0564268


Tree=33
num_leaves=12
num_cat=0
split_feature=7 3 2 22 4 16 1 21 17 21 27
split_gain=3.65471 1.9084 0.985013 0.913703 0.842363 0.534636 0.504516 0.421798 0.279304 0.20192 0.0652832
threshold=0.85157142857142543 -0.12678213776754479 -0.26371892328773222 67.655000000000015 0.30198723246742581 19.844285714285721 -5.6785714285714279 24.270714285714288 0.41642857142857154 24.292142857142863 0.54054642149380283
decision_type=2 2 2 2 2 2 2 2 2 2 2
left_child=1 3 8 -1 6 -3 9 -5 -2 -4 -6
right_child=2 5 4 7 10 -7 -8 -9 -10 -11 -12
leaf_value=-0.025305680064662588 -0.004517364080028969 0.008057119840372216 0.016094016935516722 -0.01371442079926811 -0.0034469330941234878 -0.006630310286813621 0.00094125652797675055 -0.00023051962168648324 0.0052949396590982701 0.0088815892454331136 0.0019729132250772543
leaf_weight=19 31 19.256668448448185 39.006273150444031 23 11.000000000000002 12.200000047683714 15.412206172943113 12.999999999999998 11.999999999999998 34.610019087791443 18
leaf_count=19 31 18 26 23 11 12 15 13 12 30 18
internal_value=0.000525919 -0.00876164 0.00558317 -0.0150829 0.00825221 0.00204295 0.010961 -0.00917494 -0.00152881 0.012909 0
internal_weight=247.485 86.4567 161.028 55 118.028 31.4567 89.0285 36 43 73.6163 29
internal_count=228 85 143 55 100 30 71 36 43 56 29
is_linear=0
shrinkage=0.0564268


Tree=34
num_leaves=13
num_cat=0
split_feature=7 3 2 21 4 5 16 25 17 18 8 9
split_gain=3.27063 1.70653 0.879129 0.829196 0.752986 0.569617 0.478261 0.462782 0.249916 0.211335 0.0990462 0.0886201
threshold=0.85157142857142543 -0.12678213776754479 -0.26371892328773222 24.780000000000005 0.30198723246742581 17.672857142857143 19.844285714285721 0.020714285714285716 0.41642857142857154 0.15928571428571434 24.029285714285717 18.606428571428573
decision_type=2 2 2 2 2 2 2 2 2 2 2 2
left_child=1 3 8 5 7 -1 -3 -4 10 -9 -2 -7
right_child=2 6 4 -5 -6 11 -8 9 -10 -11 -12 -13
leaf_value=0.0015707542194541278 -0.0065886306778448357 0.0076128704250146007 0.0014403852652321487 -0.023271868352022173 0 -0.017401458527858734 -0.0062695000910202477 0.014836047691481769 0.0050069688859263415 0.0070928265115380827 0 -0.0073079477433729955
leaf_weight=10.999999999999998 20.000000000000004 19.256668448448185 17.494450330734253 21 29 12.000000000000002 12.200000047683714 47.09275221824646 11.999999999999998 24.441295862197876 10.999999999999998 10.999999999999998
leaf_count=11 20 18 16 21 29 12 12 35 12 20 11 11
internal_value=0.000492739 -0.00829093 0.00527889 -0.0142696 0.00780107 -0.00819574 0.00191161 0.0103622 -0.00142946 0.0123864 -0.00426611 -0.0132217
internal_weight=247.485 86.4567 161.028 55 118.028 34 31.4567 89.0285 43 71.534 31 23
internal_count=228 85 143 55 100 34 30 71 43 55 31 23
is_linear=0
shrinkage=0.0564268


Tree=35
num_leaves=12
num_cat=0
split_feature=7 2 2 22 4 1 6 17 7 21 9
split_gain=2.92524 1.55913 0.784567 0.747842 0.673742 0.420733 0.242288 0.223684 0.22092 0.178549 0.130598
threshold=0.85157142857142543 1.9214999250003273 -0.26371892328773222 67.655000000000015 0.30198723246742581 -5.6785714285714279 19.500000000000004 0.41642857142857154 -7.7390357142857118 24.427142857142865 18.672857142857151
decision_type=2 2 2 2 2 2 2 2 2 2 2
left_child=1 3 7 6 5 9 -1 -2 -5 -4 -10
right_child=2 -3 4 8 -6 -7 -8 -9 10 -11 -12
leaf_value=-0.026675081987022783 -0.0040296921581209092 0.0061615265871605655 0.014080179012734064 0 0 0.00060740629406670122 -0.011705909869503423 0.0047346596245448598 -0.012819986635791319 0.0071552063599846297 -0.0040308110344234932
leaf_weight=12.000000000000002 31 18.638652205467224 44.936700344085693 11.999999999999998 29 15.412206172943113 10.999999999999998 11.999999999999998 19 28.67959189414978 13.818016290664671
leaf_count=12 31 18 31 12 29 15 11 12 19 25 13
internal_value=0.000462012 -0.00784259 0.00499042 -0.011849 0.00737376 0.00979635 -0.0202927 -0.00133636 -0.00714237 0.0115735 -0.00951617
internal_weight=247.485 86.4567 161.028 67.818 118.028 89.0285 23 43 44.818 73.6163 32.818
internal_count=228 85 143 67 100 71 23 43 44 56 32
is_linear=0
shrinkage=0.0564268


Tree=36
num_leaves=12
num_cat=0
split_feature=0 10 2 1 27 5 27 24 25 20 0
split_gain=3.66908 0.919694 0.605324 0.668279 0.487095 0.380073 0.338716 0.221793 0.207108 0.128314 0.120531
threshold=-0.045857142857141035 17.262142857142859 -0.26371892328773222 -17.364999999999998 -0.24726785080773486 18.289285714285718 -0.70848542451858509 27.789000000000001 0.039285714285714292 91.237142857142871 0.26128571428571595
decision_type=2 2 2 2 2 2 2 2 2 2 2
left_child=1 4 10 9 -1 -5 -3 -8 -7 -4 -2
right_child=2 6 3 5 -6 8 7 -9 -10 -11 -12
leaf_value=-0.022920804560253055 0.00023525571441386831 -0.010794670305151834 0.0023241684607304986 0.00052956422934149594 -0.0075342541079279693 0.0075801765172291025 0.0021684585458182511 -0.0061552632394471715 0.014897536448404239 -0.0045613705540063915 -0.0064971848083024593
leaf_weight=20 16.000000000000004 21 27.227231979370117 15.908077120780943 13.999999999999998 40.219144344329834 20.223151564598083 18 29.377219200134277 11.999999999999998 12.999999999999998
leaf_count=20 16 21 27 15 14 34 20 18 19 12 13
internal_value=-0.000739088 -0.00957943 0.00457098 0.00629708 -0.0170486 0.0090832 -0.00503215 -0.00152598 0.0108836 0 -0.00250582
internal_weight=246.955 93.2232 153.732 124.732 34 85.5044 59.2232 38.2232 69.5964 39.2272 29
internal_count=229 93 136 107 34 68 59 38 53 39 29
is_linear=0
shrinkage=0.0564268


Tree=37
num_leaves=12
num_cat=0
split_feature=20 2 2 1 8 1 17 13 20 26 21
split_gain=2.70841 1.15263 1.06054 0.68759 0.593731 0.469321 0.332831 0.332118 0.16801 0.166336 0.135535
threshold=80.292857142857159 -0.26371892328773222 0.27105088106223524 -17.364999999999998 24.493571428571432 -5.6785714285714279 0.39357142857142852 16.518571428571434 91.337142857142865 1.6428571428571437 24.270714285714288
decision_type=2 2 2 2 2 2 2 2 2 2 2
left_child=2 6 4 8 10 9 -2 -6 -3 -5 -1
right_child=1 3 -4 5 7 -7 -8 -9 -10 -11 -12
leaf_value=-0.011120620660455403 -0.0080403201366042298 0.0021690933204440129 0.0020290145869701673 0.0068148643471102914 -0.010538348473493655 0.00024775608547478932 0.00087250574154485588 -0.025004775243543598 -0.0056063402765714407 0.013502855231270389 -0.0015275938385354959
leaf_weight=11.000000000000002 29 24.227231979370117 16.225211381912231 31.533293128013611 13.000000000000002 19.412206172943115 21 17 12.999999999999998 38.556881546974182 12.999999999999998
leaf_count=11 29 24 16 26 13 19 21 17 13 27 13
internal_value=-0.000698322 0.00298614 -0.0100682 0.00587481 -0.0138682 0.00854934 -0.00412986 -0.0193038 -0.000322666 0.0106945 -0.00644584
internal_weight=246.955 176.73 70.2252 126.73 54 89.5024 50 30 37.2272 70.0902 24
internal_count=229 159 70 109 54 72 50 30 37 53 24
is_linear=0
shrinkage=0.0564268


Tree=38
num_leaves=14
num_cat=0
split_feature=0 10 27 1 26 15 12 14 27 24 26 20 19
split_gain=2.97534 0.748395 0.489607 0.723673 0.439624 0.363297 0.312349 0.305792 0.224046 0.190427 0.173811 0.121256 0.116374
threshold=-0.045857142857141035 17.262142857142859 -0.45095212331839957 -17.364999999999998 10.472857142857146 3.9885714285714293 -0.75032050268990647 569.17500000000007 -0.67211819546563267 27.789000000000001 1.5378571428571433 91.337142857142865 24.766428571428573
decision_type=2 2 2 2 2 2 2 2 2 2 2 2 2
left_child=1 4 12 11 5 -1 8 -5 -3 -8 -9 -4 -2
right_child=2 6 3 7 -6 -7 9 10 -10 -11 -12 -13 -14
leaf_value=-0.010314601705376592 -0.005174484585176802 -0.015603336484843007 0.0017604136895430827 0.012282935211195648 -0.0046272172294640106 -0.027235391027690015 0.0021489827777866218 0 -0.0027971231219283783 -0.0057580763106496327 0.0083632107844215983 -0.0050412953383152303 0.00094478538199239601
leaf_weight=11.000000000000002 14.999999999999998 11.000000000000002 30.227231979370117 44.817911744117737 10.999999999999998 11.999999999999998 21.223151564598083 15.068660855293276 10.999999999999998 15.999999999999998 15.42842662334442 10.999999999999998 22.189441442489624
leaf_count=11 15 11 30 32 11 12 21 14 11 16 14 11 20
internal_value=-0.000660419 -0.00862464 0.00411713 0.0059264 -0.0153734 -0.0199108 -0.00450047 0.0092003 -0.00981779 -0.00101993 0.00424319 0 -0.00129745
internal_weight=246.955 93.2232 153.732 116.542 34 23 59.2232 75.315 22 37.2232 30.4971 41.2272 37.1894
internal_count=229 93 136 101 34 23 59 60 22 37 28 41 35
is_linear=0
shrinkage=0.0564268


Tree=39
num_leaves=15
num_cat=0
split_feature=10 2 1 26 26 26 7 25 19 26 27 16 21 11
split_gain=2.56557 1.22682 0.771362 0.900233 0.588259 0.352806 0.561225 0.279926 0.253325 0.23875 0.165314 0.139611 0.0928894 0.0920759
threshold=17.262142857142859 0.084943929620619349 -10.742857142857142 9.1578571428571447 -4.6821428571428561 13.285000000000002 3.2904285714285639 0.03500000000000001 5.7400000000000011 20.637142857142866 -0.33964570718152171 19.025714285714294 24.750000000000004 24.721428571428572
decision_type=2 2 2 2 2 2 2 2 2 2 2 2 2 2
left_child=2 5 -1 -4 8 6 10 12 -3 -7 -2 -9 -6 -10
right_child=1 4 3 -5 7 9 -8 11 13 -11 -12 -13 -14 -15
leaf_value=0 -0.0076437504022533204 -0.00613625175867179 -0.023574794686055143 -0.0036045450686239345 0.0067179659493186864 -0.010830826305282107 0.0090855832592584475 0.0061454324391048646 0.00024218012700690403 -0.00029740323998242392 0.00024513710830235941 0.014988425380887951 0 0.0071784639336093655
leaf_weight=12.999999999999998 17 11.999999999999998 21 12.999999999999998 30.931525945663452 21 15.2543568611145 14.13424515724182 18.426398873329166 12.999999999999998 12.000000000000002 27.132201671600342 11.664649486541746 11.901146292686461
leaf_count=13 17 12 21 13 26 21 14 11 17 13 12 20 11 11
internal_value=-8.82871e-05 0.002611 -0.0119481 -0.0163682 0.00606974 -0.00284573 0.000276307 0.00880191 0.00039361 -0.00714207 -0.00409544 0.0122917 0.00510204 0.00334519
internal_weight=251.445 204.445 47 34 126.19 78.2544 44.2544 83.8626 42.3275 34 29 41.2664 42.5962 30.3275
internal_count=232 185 47 34 108 77 43 68 40 34 29 31 37 28
is_linear=0
shrinkage=0.0564268


Tree=40
num_leaves=14
num_cat=0
split_feature=10 2 27 8 26 25 0 12 5 20 13 26 19
split_gain=2.29753 1.10098 0.701529 0.575822 0.473651 0.33916 0.277525 0.249557 0.246939 0.238761 0.236274 0.145516 0.118322
threshold=17.262142857142859 -0.19926963107926501 0.059034910169430084 24.493571428571432 1.1921428571428572 0.03500000000000001 -0.86099999999999877 0.31254311650991445 18.742142857142859 89.615000000000023 20.320714285714288 16.40785714285715 5.7400000000000011
decision_type=2 2 2 2 2 2 2 2 2 2 2 2 2
left_child=2 6 3 -1 7 10 -2 -3 -7 -8 -6 -11 -9
right_child=1 4 -4 -5 5 8 9 12 -10 11 -12 -13 -14
leaf_value=-0.0046564195927023258 -0.011315783123581316 0.005290564678593789 0 -0.020933829421432945 0.00015875145228929499 0.0053798897678948264 0.0043224786864665297 -0.0058025252676327573 0.016414506016700806 0 0.01050633856121248 -0.0072522923553788553 0.00069837958749758276
leaf_weight=12.999999999999998 11.999999999999998 34.367997646331787 11.999999999999998 22 22.602782607078552 14.408896923065184 13.999999999999998 11.999999999999998 22.159092545509338 17 11.293211340904234 20 24.612543225288391
leaf_count=13 12 29 12 22 21 12 14 12 15 17 9 20 24
internal_value=-7.84162e-05 0.00247389 -0.0113037 -0.0152981 0.00526065 0.00856342 -0.00362252 0.0018125 0.0124475 -0.00154019 0.00398187 -0.00404339 -0.00121464
internal_weight=251.445 204.445 47 35 141.445 70.464 63 70.9805 36.568 51 33.896 37 36.6125
internal_count=232 185 47 35 122 57 63 65 27 51 30 37 36
is_linear=0
shrinkage=0.0564268


Tree=41
num_leaves=13
num_cat=0
split_feature=10 0 15 26 1 12 10 1 26 28 20 27
split_gain=2.05426 0.846564 0.665256 0.685585 0.551198 0.388708 0.360671 0.339989 0.304021 0.141014 0.123893 0.0921099
threshold=17.262142857142859 0.11614285714285268 2.1495238095238105 8.7800000000000029 -20.547857142857136 -0.75032050268990647 18.63571428571429 -5.6785714285714279 2.3071428571428574 30.683571428571433 91.237142857142871 -0.53383471710341313
decision_type=2 2 2 2 2 2 2 2 2 2 2 2
left_child=2 5 -1 -4 10 11 -7 9 -8 -6 -3 -2
right_child=1 4 3 -5 7 6 8 -9 -10 -11 -12 -13
leaf_value=1.1000323228297207e-05 -0.010790653992452399 0.0011884742461529944 -0.021882839026106642 -0.004952415031240524 0.011042042259967506 0.0068080275013803282 -0.0098755409506136819 0.0005451768734355618 0.00070938424940897315 0.0047636517252686011 -0.0060841051398082355 -0.002396142968100244
leaf_weight=11.999999999999998 15.000000000000002 17.000000000000004 19 15.999999999999998 49.813934803009033 19.032904863357544 11.999999999999998 21.412206172943115 23.444202542304993 24.741275906562805 10.999999999999998 10.999999999999998
leaf_count=12 15 17 19 16 36 18 12 21 23 21 11 11
internal_value=-6.75459e-05 0.00234375 -0.010684 -0.0145787 0.0052843 -0.00206995 0.000484989 0.00732631 -0.00268234 0.00912927 -0.00137797 -0.00770793
internal_weight=251.445 204.445 47 35 123.967 80.4771 54.4771 95.9674 35.4442 74.5552 28 26
internal_count=232 185 47 35 106 79 53 78 35 57 28 26
is_linear=0
shrinkage=0.0564268


Tree=42
num_leaves=11
num_cat=0
split_feature=10 2 2 26 26 28 3 20 20 28
split_gain=1.92439 0.920873 0.796153 0.542858 0.332856 0.336265 0.228733 0.18434 0.284878 0.150637
threshold=17.262142857142859 1.0000000180025095e-35 0.3239998114960535 8.7800000000000029 9.4792857142857159 29.287857142857145 0.53238873822348465 83.590000000000018 91.296428571428592 28.875714285714288
decision_type=2 2 2 2 2 2 2 2 2 2
left_child=2 7 3 -1 5 -3 -7 -2 -9 -10
right_child=1 4 -4 -5 -6 6 -8 8 9 -11
leaf_value=-0.021310500426159958 -0.0081151579665053996 0.010561500100099741 0.001785239360140202 -0.0056607220653922168 0.011244376012129468 0.0042291343345916164 -0.0017019966924571605 0.0029888226985368927 -0.010171320163380305 -0.00098053753917237804
leaf_weight=19 15.999999999999998 18.238867878913879 10.999999999999998 14.999999999999998 24.496916651725769 52.070191025733948 31 26.227231979370117 11.000000000000002 17
leaf_count=19 16 15 11 15 17 46 31 26 11 17
internal_value=-9.26018e-05 0.00228737 -0.0105943 -0.0148526 0.00519745 0.00359646 0.00190212 -0.00278814 -0.000984696 -0.00503675
internal_weight=241.033 196.033 45 34 125.806 101.309 83.0702 70.2272 54.2272 28
internal_count=224 179 45 34 109 92 77 70 54 28
is_linear=0
shrinkage=0.0564268


Tree=43
num_leaves=12
num_cat=0
split_feature=10 2 15 26 15 8 18 20 20 28 8
split_gain=1.71688 0.825539 0.737028 0.568676 0.374785 0.360294 0.219345 0.163643 0.25614 0.1332 0.0794393
threshold=17.262142857142859 1.0000000180025095e-35 2.1495238095238105 8.7800000000000029 -6.4779166666666645 25.283571428571431 0.15928571428571434 83.590000000000018 91.296428571428592 28.875714285714288 24.873571428571427
decision_type=2 2 2 2 2 2 2 2 2 2 2
left_child=2 7 -1 -4 10 6 -6 -2 -9 -10 -3
right_child=1 4 3 -5 5 -7 -8 8 9 -11 -12
leaf_value=8.1424818907404369e-05 -0.0076697795314959799 -0.0047339432743039528 -0.021837609429747835 -0.0051962553351229609 0.009863430377247847 -0.0016426633687172288 0.0033013105476550585 0.0028230196140604808 -0.0096199549269843487 -0.00092663651922004174 0.001352468435604535
leaf_weight=13.999999999999998 15.999999999999998 11.000000000000002 17.000000000000004 13.999999999999998 57.964138150215149 13.205052256584166 30.63678514957428 26.227231979370117 11.000000000000002 17 12.999999999999998
leaf_count=14 16 11 17 14 46 13 26 26 11 17 13
internal_value=-8.9179e-05 0.00215655 -0.0100106 -0.0148133 0.00491342 0.00641881 0.00773169 -0.00264443 -0.000932926 -0.00478178 -0.00107533
internal_weight=241.033 196.033 45 31 125.806 101.806 88.6009 70.2272 54.2272 28 24
internal_count=224 179 45 31 109 85 72 70 54 28 24
is_linear=0
shrinkage=0.0564268


Tree=44
num_leaves=11
num_cat=0
split_feature=10 2 1 28 15 26 10 27 7 20
split_gain=1.53094 0.738717 0.66618 0.413195 0.333902 0.272879 0.189733 0.151187 0.202112 0.100278
threshold=17.262142857142859 1.0000000180025095e-35 -10.742857142857142 34.857142857142861 -6.4779166666666645 9.4792857142857159 20.427142857142858 -0.33964570718152171 1.5567142857142857 91.559285714285735
decision_type=2 2 2 2 2 2 2 2 2 2
left_child=2 7 -1 -4 -3 6 -6 8 -2 -10
right_child=1 4 3 -5 5 -7 -8 -9 9 -11
leaf_value=0.00010184283337054952 -0.0083283087792488646 -0.00099573029144691392 -0.0081131366797684377 -0.023191613141864929 0.0028056860591968167 0.011760526626843895 0.010706256657120612 0.0018360757001404261 0.0012624796697423264 -0.0048186154822837642
leaf_weight=13.999999999999998 21 24 20.000000000000004 10.999999999999998 66.435974359512329 22.496916651725769 12.873084545135496 16.227231979370117 20 12.999999999999998
leaf_count=14 21 24 20 11 59 15 11 16 20 13
internal_value=-9.00175e-05 0.00202834 -0.00946077 -0.0140281 0.00463781 0.00605948 0.00426316 -0.00250851 -0.00399701 -0.000875086
internal_weight=241.033 196.033 45 31 125.806 101.806 79.3091 70.2272 54 33
internal_count=224 179 45 31 109 85 70 70 54 33
is_linear=0
shrinkage=0.0564268


Tree=45
num_leaves=13
num_cat=0
split_feature=9 15 15 10 6 1 22 9 14 20 20 24
split_gain=1.3611 0.594681 0.515049 0.295038 0.281374 0.279728 0.297187 0.215682 0.189179 0.182873 0.112259 0.0767106
threshold=18.048571428571428 9.4179166666666667 -1.1069642857142856 19.350000000000005 39.500000000000007 -20.547857142857136 91.550714285714307 16.42428571428572 314.55000000000001 91.237142857142871 91.75500000000001 38.911000000000008
decision_type=2 2 2 2 2 2 2 2 2 2 2 2
left_child=2 3 -1 8 7 9 -7 -4 -2 -5 -3 -6
right_child=1 10 4 5 11 6 -8 -9 -10 -11 -12 -13
leaf_value=0.0033892774909649987 0.013773017234931639 -0.00086033994275799331 -0.0039992884125682792 0.00094866307767345586 0 0.00083429358485094269 0.0089700391057151285 -0.01414978055623539 0.0048045914485312473 -0.0080509913330352855 -0.0078342884866039603 -0.0059574358373759287
leaf_weight=12.202556133270262 13.926929473876951 23 12.999999999999998 15.000000000000002 11.000000000000002 39.888964414596558 24.996555089950562 30 29.670279502868652 10.999999999999998 13.999999999999998 11.999999999999998
leaf_count=12 11 23 13 15 11 36 20 30 23 11 14 12
internal_value=-0.000425332 0.0023466 -0.00660587 0.00412267 -0.0086106 0.0021252 0.00415753 -0.011378 0.00800173 -0.00256357 -0.00382119 -0.00290302
internal_weight=249.685 171.483 78.2026 134.483 66 90.8855 64.8855 43 43.5972 26 37 23
internal_count=231 153 78 116 66 82 56 43 34 26 37 23
is_linear=0
shrinkage=0.0564268


Tree=46
num_leaves=14
num_cat=0
split_feature=9 15 15 18 26 28 13 6 17 20 20 28 22
split_gain=1.21608 0.535355 0.462852 0.429224 0.410283 0.332223 0.275309 0.258875 0.37498 0.169356 0.174983 0.125124 0.0995826
threshold=18.048571428571428 9.4179166666666667 -1.1069642857142856 0.15785714285714295 9.8978571428571431 29.567142857142859 20.142857142857149 39.500000000000007 0.23357142857142857 91.237142857142871 91.873571428571438 34.378571428571426 90.695000000000007
decision_type=2 2 2 2 2 2 2 2 2 2 2 2 2
left_child=2 3 -1 5 7 -2 -7 8 -4 -5 -11 -6 -3
right_child=1 12 4 9 11 6 -8 -9 -10 10 -12 -13 -14
leaf_value=0.003204837452382041 0.012111336790902788 0 -0.0073926532701270595 0.0038234720070667327 -0.0058109873605583194 0.0062433735859457173 -0.0028952591903026051 -0.0035223642762481277 -0.022180364896844135 -0.0064387425624754975 0.0011649380995798237 0.0014909501185442109 -0.0058753335520267845
leaf_weight=12.202556133270262 25.470222353935242 13.999999999999998 15.000000000000002 24.903900742530823 14.000000000000002 36.650870084762573 12.672474980354307 11.999999999999998 12.999999999999998 16.479328393936157 18.305931925773621 11.999999999999998 23
leaf_count=12 20 14 15 22 14 30 12 12 13 16 16 12 23
internal_value=-0.00039859 0.00221924 -0.00624242 0.00390625 -0.00814528 0.00674573 0.00369515 -0.0117638 -0.0148425 0.000162713 -0.0021976 -0.0021053 -0.00362612
internal_weight=249.685 171.483 78.2026 134.483 66 74.7936 49.3233 40 28 59.6892 34.7853 26 37
internal_count=231 153 78 116 66 62 42 40 28 54 32 26 37
is_linear=0
shrinkage=0.0564268


Tree=47
num_leaves=15
num_cat=0
split_feature=9 1 11 26 14 25 14 14 1 26 29 13 15 6
split_gain=1.08825 0.481932 0.420975 0.347333 0.298239 0.26744 0.236351 0.483673 0.212212 0.201134 0.162269 0.129409 0.11613 0.097911
threshold=18.048571428571428 -5.6785714285714279 25.073500000000006 1.6428571428571437 84.955000000000013 0.03500000000000001 164.09000000000003 273.34000000000003 -14.790714285714282 15.429285714285717 315.26500000000004 19.530000000000005 -4.8622619047619047 59.500000000000007
decision_type=2 2 2 2 2 2 2 2 2 2 2 2 2 2
left_child=2 3 4 8 -1 10 -6 -8 12 11 -5 -3 -2 -7
right_child=1 9 -4 5 6 13 7 -9 -10 -11 -12 -13 -14 -15
leaf_value=-0.016422137466116146 0.00065258392027321677 -0.0034560508026335261 0.0014462793679717028 -0.0011663895058480224 0 0.014530795786075688 -0.017348869194130506 -0.0028082541946174953 0.005693277495445361 -0.0065524650628906037 0.0070495758706294173 0.0032370158832365509 -0.0055158059961329881 0.0059656901021058863
leaf_weight=11.999999999999998 24.407490968704224 14.999999999999998 17 13.296460032463076 13.999999999999998 16.413720250129703 11.999999999999998 23.202556133270264 19.762023210525513 20 13.399533867835997 21.412206172943115 13.646899461746214 14.144394516944883
leaf_count=12 24 15 17 12 14 11 12 23 15 20 11 21 13 11
internal_value=-0.000378301 0.00209587 -0.00590821 0.00421308 -0.00810436 0.00733805 -0.00574942 -0.00819411 0.000918856 -0.00205104 0.00264786 0.000207542 -0.00134565 0.011024
internal_weight=249.685 171.483 78.2026 115.071 61.2026 57.2541 49.2026 35.2026 57.8164 56.4122 26.696 36.4122 38.0544 30.5581
internal_count=231 153 78 97 61 45 49 35 52 56 23 36 37 22
is_linear=0
shrinkage=0.0564268


Tree=48
num_leaves=11
num_cat=0
split_feature=5 29 2 28 1 16 11 29 25 26
split_gain=0.843673 0.638957 0.571906 0.446282 0.356525 0.344052 0.333172 0.200663 0.183273 0.161977
threshold=18.022142857142857 203.47500000000002 1.0000000180025095e-35 32.433571428571433 -20.547857142857136 16.582857142857144 24.128428571428575 150.94500000000002 0.036428571428571428 13.285000000000002
decision_type=2 2 2 2 2 2 2 2 2 2
left_child=1 5 7 4 -4 -1 -6 -2 9 -9
right_child=2 -3 3 -5 6 -7 -8 8 -10 -11
leaf_value=-0.0037068518208177997 0.0024400581544100244 0 -0.0026235389245552361 0.014761512417958238 0.0090510972306869601 -0.015446119872628679 0.0013831714659713465 0.0016301031095186267 -0.010541731474511276 -0.0062694992651971572
leaf_weight=18 16.227231979370117 39 25 11.684218645095823 34.506190419197083 20 45.20728063583374 16.000000000000004 11.999999999999998 13.999999999999998
leaf_count=18 16 39 25 10 24 20 39 16 12 14
internal_value=-0.000146113 -0.00508509 0.00198365 0.00429295 0.00297419 -0.0102468 0.00485592 -0.00246452 -0.00459426 -0.00177531
internal_weight=251.625 77 174.625 116.398 104.713 38 79.7135 58.2272 42 30
internal_count=233 77 156 98 88 38 63 58 42 30
is_linear=0
shrinkage=0.0564268


Tree=49
num_leaves=12
num_cat=0
split_feature=18 27 24 0 7 21 9 16 26 9 25
split_gain=0.799915 0.486105 0.414068 0.319675 0.287799 0.245652 0.141452 0.154686 0.115548 0.0807241 0.0766978
threshold=0.11928571428571431 -0.33964570718152171 35.398000000000003 -0.045857142857141035 1.0369999999999922 23.699285714285718 20.100714285714286 19.069285714285719 -7.1878571428571423 18.672857142857151 0.039285714285714292
decision_type=2 2 2 2 2 2 2 2 2 2 2
left_child=-1 3 6 5 -4 -2 7 -3 -6 -7 -5
right_child=1 2 4 10 8 9 -8 -9 -10 -11 -12
leaf_value=-0.011479928535284713 0.00059580301688484509 0.0030567951548290282 -0.0063627182691886417 -0.0010034154088632895 -0.0023345341941913103 -0.010708476476377023 0.0016944353964860764 0.010466299214582354 0.003417690786039527 -0.0031903021418372606 0.0035035444388031673
leaf_weight=18 10.999999999999998 20.543201804161072 18 27.368548274040222 12.999999999999998 21 24.670920014381409 27.909278154373169 39.459247827529907 11.999999999999998 18.673725605010986
leaf_count=18 11 19 18 26 13 21 22 21 36 12 16
internal_value=-0.000136598 0.000716236 0.00278329 -0.00246993 -0.000174809 -0.00590768 0.00574937 0.00758064 0.00180074 -0.00834497 0.000631632
internal_weight=251.625 233.625 143.583 90.0423 70.4592 44 73.1234 48.4525 52.4592 33 46.0423
internal_count=233 215 129 86 67 44 62 40 49 33 42
is_linear=0
shrinkage=0.0564268


Tree=50
num_leaves=12
num_cat=0
split_feature=18 27 5 18 0 22 21 15 9 9 25
split_gain=0.714185 0.434529 0.332486 0.468215 0.285218 0.250657 0.222 0.217453 0.0927729 0.0692849 0.0686665
threshold=0.11928571428571431 -0.33964570718152171 17.214285714285719 0.15071428571428572 -0.045857142857141035 67.655000000000015 23.699285714285718 3.6207738095238109 19.166428571428572 18.672857142857151 0.039285714285714292
decision_type=2 2 2 2 2 2 2 2 2 2 2
left_child=-1 4 5 8 6 -3 -2 -5 -4 -8 -6
right_child=1 2 3 7 10 -7 9 -9 -10 -11 -12
leaf_value=-0.010847962190191091 0.00056350576823122826 -0.0094020338342720462 0.012337921737719918 -0.0011819170820327766 -0.00094771237447482167 0.0015232746699538728 -0.010116915450183882 0.0051615554708950018 0.0056596697675301609 -0.0030167942127412879 0.0033105054812434384
leaf_weight=18 10.999999999999998 11.000000000000002 16.323790311813354 47.74199914932251 27.368548274040222 12.999999999999998 21 25.228433966636658 30.288424372673035 11.999999999999998 18.673725605010986
leaf_count=18 11 11 14 46 26 13 21 19 26 12 16
internal_value=-0.000127958 0.000675727 0.0026318 0.00388421 -0.00233359 -0.00316748 -0.00558193 0.000897036 0.00830066 -0.00790105 0.000585558
internal_weight=251.625 233.625 143.583 119.583 90.0423 24 44 72.9704 46.6122 33 46.0423
internal_count=233 215 129 105 86 24 44 65 40 33 42
is_linear=0
shrinkage=0.0564268


Tree=51
num_leaves=12
num_cat=0
split_feature=0 26 27 11 18 11 1 11 14 18 14
split_gain=0.64226 0.400498 0.235337 0.411248 0.266102 0.202667 0.191756 0.131336 0.153805 0.108481 0.0808405
threshold=0.11614285714285268 20.637142857142866 -0.86825326936585545 24.948428571428575 0.13071428571428573 24.404107142857146 -16.909285714285712 24.626464285714288 672.83000000000004 0.16071428571428573 580.91500000000008
decision_type=2 2 2 2 2 2 2 2 2 2 2
left_child=1 2 -1 4 -4 6 -2 -7 10 -8 -9
right_child=5 -3 3 -5 -6 7 9 8 -10 -11 -12
leaf_value=-0.011285125036691025 0 0.0060625131166525828 -0.0090538661984700571 0.0062310389208978635 -0.0016806176095227538 -0.0034591584473966886 0.01030277236778079 0.0016375221892823907 0.006931464038760736 0.0030981020362335948 -0.0036089078745186716
leaf_weight=13.999999999999998 16.212206125259399 12.231161236762999 28 11.801743626594542 44.444202542304993 16.660304546356201 21.87662947177887 40.525974631309509 15.103658080101011 17.161270260810852 11.218907952308653
leaf_count=14 16 12 28 11 44 16 15 37 13 13 11
internal_value=7.18775e-05 -0.00309107 -0.00435161 -0.00303074 -0.0047021 0.00266184 0.00533108 0.000760943 0.00197326 0.0074532 0.000292455
internal_weight=249.236 110.477 98.2459 84.2459 72.4442 138.759 55.2501 83.5088 66.8485 39.0379 51.7449
internal_count=230 109 97 83 72 121 44 77 61 28 48
is_linear=0
shrinkage=0.0564268


Tree=52
num_leaves=10
num_cat=0
split_feature=0 26 27 29 22 7 18 18 18
split_gain=0.573964 0.359129 0.2092 0.19297 0.265802 0.169063 0.259682 0.100504 0.121278
threshold=0.11614285714285268 20.637142857142866 -0.86825326936585545 183.31499999999997 92.619285714285738 -11.276071428571425 0.12928571428571431 0.14785714285714294 0.13500000000000004
decision_type=2 2 2 2 2 2 2 2 2
left_child=1 2 -1 -2 7 -4 -7 8 -5
right_child=3 -3 5 4 -6 6 -8 -9 -10
leaf_value=-0.010668184301698726 0.007272964686634179 0.0057325715054318627 0.001396084027122239 -1.3301769978185302e-06 0.007428959424916017 -0.011454968482564783 -0.002205245275732287 -0.0011256814849918951 0.0061771853917424353
leaf_weight=13.999999999999998 23.224560856819153 12.231161236762999 19.223151564598083 18.433750748634338 19.307847499847412 12.999999999999998 52.022794604301453 61.761906385421753 16.030885577201843
leaf_count=14 19 12 19 16 15 13 51 58 13
internal_value=6.89428e-05 -0.00291888 -0.00411569 0.00251937 0.00145546 -0.00286108 -0.00426909 0.000127305 0.0026367
internal_weight=249.236 110.477 98.2459 138.759 115.534 84.2459 65.0228 96.2265 34.4646
internal_count=230 109 97 121 102 83 64 87 29
is_linear=0
shrinkage=0.0564268


Tree=53
num_leaves=11
num_cat=0
split_feature=0 26 18 27 1 27 29 18 9 8
split_gain=0.512544 0.322246 0.196983 0.18075 0.193331 0.177676 0.141155 0.132238 0.11109 0.0811417
threshold=0.11614285714285268 20.637142857142866 0.11785714285714287 -0.45095212331839957 -21.550714285714275 -0.84218506727899811 183.31499999999997 0.16500000000000004 19.620714285714289 24.435000000000006
decision_type=2 2 2 2 2 2 2 2 2 2
left_child=1 2 -1 9 -5 -4 -6 -8 -7 -2
right_child=3 -3 5 4 6 8 7 -9 -10 -11
leaf_value=-0.010832896364467305 0.00079191909939544942 0.0054205859397585682 -0.0091818747315241828 -0.00055124508547305009 0.010113977423155413 -0.00020516133064823975 0.004968628061747693 -0.0002670522320356717 -0.0056421210607010951 -0.0046207034475573353
leaf_weight=11.999999999999998 20.53427529335022 12.231161236762999 11.999999999999998 24 14.97732377052307 58.024895191192627 49.327572345733643 17.250448942184448 16.221050977706909 12.669330716133116
leaf_count=12 19 12 12 24 11 57 40 15 16 12
internal_value=6.31152e-05 -0.00275812 -0.00389491 0.00238081 0.00354165 -0.0027662 0.00486107 0.00347434 -0.00155001 -0.00101866
internal_weight=249.236 110.477 98.2459 138.759 105.555 86.2459 81.5553 66.578 74.2459 33.2036
internal_count=230 109 97 121 90 85 66 55 73 31
is_linear=0
shrinkage=0.0564268


Tree=54
num_leaves=14
num_cat=0
split_feature=10 2 1 26 24 26 18 25 18 28 21 21 18
split_gain=0.603565 0.320294 0.314539 0.377313 0.341357 0.242884 0.244574 0.129634 0.123882 0.122052 0.11733 0.169044 0.127375
threshold=17.262142857142859 1.0000000180025095e-35 -10.742857142857142 9.1578571428571447 41.165000000000013 -4.6821428571428561 0.15928571428571434 0.027857142857142858 0.13500000000000004 29.765000000000004 23.086428571428581 23.966428571428576 0.15357142857142864
decision_type=2 2 2 2 2 2 2 2 2 2 2 2 2
left_child=2 10 -1 4 -4 7 8 -3 -7 -9 -2 -12 -13
right_child=1 5 3 -5 -6 6 -8 9 -10 -11 11 12 -14
leaf_value=0.00077293780217878088 0.0033187421936889004 0.0040288516099350573 -0.020077946552496083 -0.00035227905736553002 -0.0044236121139764233 0.0023487910989151433 0.00026420448176092318 0.00083499826119604438 0.0087586014684319022 -0.0060492754421991373 -0.0050363264728629925 0.0047278338333705001 -0.0031977973827299524
leaf_weight=14.999999999999998 10.999999999999998 12.418907999992369 11.000000000000002 13.999999999999998 10.999999999999998 19.544502973556519 30.831732988357544 12.247882008552553 38.998730897903442 15.660755157470701 37.227231979370117 13.000000000000002 10.999999999999998
leaf_count=15 11 12 11 14 11 16 27 11 30 15 37 13 11
internal_value=-1.41132e-05 0.00133473 -0.00550862 -0.00836986 -0.0129295 0.00303415 0.00467786 -0.000381716 0.00681776 -0.00271997 -0.00158314 -0.00263923 0.000705646
internal_weight=252.93 201.93 51 36 22 129.703 89.375 40.3275 58.5432 27.9086 72.2272 61.2272 24
internal_count=234 183 51 36 22 111 73 38 46 26 72 61 24
is_linear=0
shrinkage=0.0564268


Tree=55
num_leaves=13
num_cat=0
split_feature=10 27 2 26 18 6 25 28 18 21 21 18
split_gain=0.542686 0.386697 0.286583 0.216431 0.217264 0.183926 0.115226 0.109897 0.108174 0.105277 0.150538 0.114107
threshold=17.262142857142859 0.059034910169430084 1.0000000180025095e-35 -4.6821428571428561 0.15928571428571434 39.500000000000007 0.027857142857142858 29.765000000000004 0.13500000000000004 23.086428571428581 23.966428571428576 0.15357142857142864
decision_type=2 2 2 2 2 2 2 2 2 2 2 2
left_child=1 5 9 6 8 -1 -4 -8 -5 -2 -11 -12
right_child=2 -3 3 4 -6 -7 7 -9 -10 10 11 -13
leaf_value=-0.010841782292402345 0.0031388404098562153 0.0025650762334210419 0.0038094706723113664 0.0022192411970702545 0.0002495108835882993 -0.0013108610474953707 0.00078955256219571186 -0.0057174742349983196 0.0082700226196669602 -0.0047555391063242415 0.0044699882236306646 -0.0030244516368466904
leaf_weight=26 10.999999999999998 12.999999999999998 12.418907999992369 19.544502973556519 30.831732988357544 11.999999999999998 12.247882008552553 15.660755157470701 38.998730897903442 37.227231979370117 13.000000000000002 10.999999999999998
leaf_count=26 11 13 12 16 27 12 11 15 30 37 13 11
internal_value=-8.23395e-06 -0.00522034 0.0012688 0.00287757 0.00442934 -0.00813545 -0.000334011 -0.00255182 0.00644714 -0.00148633 -0.00249175 0.000644983
internal_weight=252.93 51 201.93 129.703 89.375 38 40.3275 27.9086 58.5432 72.2272 61.2272 24
internal_count=234 51 183 111 73 38 38 26 46 72 61 24
is_linear=0
shrinkage=0.0564268


Tree=56
num_leaves=12
num_cat=0
split_feature=10 27 2 20 20 6 8 17 24 15 21
split_gain=0.485353 0.347773 0.256484 0.21125 0.27515 0.161412 0.138671 0.095802 0.0944472 0.0932974 0.0736993
threshold=17.262142857142859 0.059034910169430084 1.0000000180025095e-35 92.653571428571453 91.158571428571449 39.500000000000007 25.283571428571431 0.39357142857142852 31.222000000000005 3.3657738095238101 23.966428571428576
decision_type=2 2 2 2 2 2 2 2 2 2 2
left_child=1 5 7 4 6 -1 -4 10 -9 -6 -2
right_child=2 -3 3 -5 9 -7 -8 8 -10 -11 -12
leaf_value=-0.010240429805475104 -0.0044964475790638739 0.0024251829121928049 0.0046588777111197834 0.0090002859729761894 -0.0044723243967536514 -0.001239568291313666 -0.0013175410516714143 0.0052190699574161843 -0.0015389256398585635 0.0011076789618722608 0
leaf_weight=26 31.227231979370117 12.999999999999998 67.679063558578491 15.394571661949156 22.432284235954285 11.999999999999998 11.999999999999998 11.000000000000002 11.999999999999998 12.196592569351195 18
leaf_count=26 31 13 55 12 22 12 12 11 12 10 18
internal_value=0 -0.0049305 0.00120652 0.00272972 0.00176851 -0.00769869 0.00363513 -0.00139497 0.00131674 -0.00224087 -0.00285809
internal_weight=252.93 51 201.93 129.703 114.308 38 79.6791 72.2272 23 34.6289 49.2272
internal_count=234 51 183 111 99 38 67 72 23 32 49
is_linear=0
shrinkage=0.0564268


Tree=57
num_leaves=11
num_cat=0
split_feature=7 26 23 8 26 20 8 21 18 0
split_gain=0.556758 0.301044 0.268537 0.228 0.202593 0.161243 0.143341 0.139861 0.170062 0.0741639
threshold=0.85157142857142543 15.429285714285717 -0.24726785080773486 24.895714285714288 10.967857142857147 91.158571428571449 25.440714285714289 24.63000000000001 0.15928571428571434 -1.0920000000000003
decision_type=2 2 2 2 2 2 2 2 2 2
left_child=2 7 4 -4 9 -3 -5 8 -2 -1
right_child=1 5 3 6 -6 -7 -8 -9 -10 -11
leaf_value=-0.014640080170323633 0.0067245693249593152 0.00080462527813415937 -0.0052071716530960512 0.0071372925097115299 -0.0017619360023848293 -0.0068484665608393351 -0.00068458498160564726 0.000281990828639591 0.0013082035118637434 -0.0056425948674169724
leaf_weight=11.000000000000002 48.211317300796509 14.442262291908266 19.025507211685181 12.423151612281801 18 15.999999999999998 12.999999999999998 43.818402528762817 38.568979024887085 11.999999999999998
leaf_count=11 38 12 18 12 18 16 13 42 35 12
internal_value=0 0.00191666 -0.0037055 -0.000417386 -0.00699239 -0.00294422 0.00281956 0.00313013 0.00444793 -0.0105588
internal_weight=246.49 161.041 85.4487 44.4487 41 30.4423 25.4232 130.599 86.7803 23
internal_count=227 143 84 43 41 28 25 115 73 23
is_linear=0
shrinkage=0.0564268


Tree=58
num_leaves=12
num_cat=0
split_feature=7 26 23 8 26 29 21 18 18 27 3
split_gain=0.501806 0.268458 0.241176 0.202771 0.180206 0.138132 0.124078 0.150132 0.12208 0.101331 0.0697377
threshold=0.85157142857142543 15.429285714285717 -0.24726785080773486 24.895714285714288 10.967857142857147 59.949999999999982 24.63000000000001 0.15928571428571434 0.16500000000000004 -0.45095212331839957 -0.69509481532233097
decision_type=2 2 2 2 2 2 2 2 2 2 2
left_child=2 6 4 -4 10 -5 7 9 -3 -2 -1
right_child=1 8 3 5 -6 -7 -8 -9 -10 -11 -12
leaf_value=-0.0052367192898182362 0.00081178646299541913 0.00015469402242876062 -0.0049201407342767721 -0.0014102209624749383 -0.0016649419439096322 0.006341505832303646 0.00026624080792295743 0.0012352376821344771 -0.0063966700833478366 0.0078700358690562012 -0.013954116237775593
leaf_weight=12.000000000000002 11.918125510215758 15.62892007827759 19.025507211685181 11.000000000000002 18 14.423151612281798 43.818402528762817 38.568979024887085 14.813342213630674 36.29319179058075 10.999999999999998
leaf_count=12 11 14 18 11 18 14 42 35 14 27 11
internal_value=0 0.00181566 -0.00352172 -0.000393129 -0.00663781 0.0026456 0.00296349 0.00420557 -0.0027653 0.00634863 -0.0100084
internal_weight=246.49 161.041 85.4487 44.4487 41 25.4232 130.599 86.7803 30.4423 48.2113 23
internal_count=227 143 84 43 41 25 115 73 28 38 23
is_linear=0
shrinkage=0.0564268


Tree=59
num_leaves=10
num_cat=0
split_feature=7 26 11 20 26 29 20 21 18
split_gain=0.453215 0.239847 0.229531 0.254649 0.27002 0.229219 0.138716 0.112042 0.181319
threshold=0.85157142857142543 15.429285714285717 25.004857142857144 84.08214285714287 10.472857142857146 194.09500000000003 91.158571428571449 24.427142857142865 0.16071428571428573
decision_type=2 2 2 2 2 2 2 2 2
left_child=2 7 3 4 -1 -5 -3 8 -2
right_child=1 6 -4 5 -6 -7 -8 -9 -10
leaf_value=-0.010332340829345511 0.0072573790788304149 0.00084678789521378797 0.0027699045906029959 0.0049813915935635151 0 -0.0048606293686663977 -0.0062339040084074832 0.0008800339422389891 0.0010112828488203405
leaf_weight=30 35.372696161270142 14.442262291908266 13.999999999999998 12.630642533302309 11.999999999999998 16.818016290664673 15.999999999999998 62.657023668289185 32.568979024887085
leaf_count=30 27 12 14 12 12 16 16 59 29
internal_value=0 0.00172402 -0.00334833 -0.00469222 -0.00750506 -0.000302747 -0.00259664 0.0028108 0.00443173
internal_weight=246.49 161.041 85.4487 71.4487 42 29.4487 30.4423 130.599 67.9417
internal_count=227 143 84 70 42 28 28 115 56
is_linear=0
shrinkage=0.0564268


Tree=60
num_leaves=10
num_cat=0
split_feature=7 2 25 18 24 24 8 5 26
split_gain=0.358686 0.393258 0.280126 0.156856 0.170654 0.134225 0.13136 0.0888024 0.0702751
threshold=0.85157142857142543 1.9214999250003273 0.045000000000000005 0.16285714285714289 30.066000000000006 21.352000000000007 24.493571428571432 16.562142857142856 12.180714285714291
decision_type=2 2 2 2 2 2 2 2 2
left_child=1 2 6 4 5 -2 -1 -8 -6
right_child=3 -3 -4 -5 8 -7 7 -9 -10
leaf_value=-0.0034816453249234942 0.0027880847973642004 0.0043937676186308018 0.0013657505473842462 -0.00028681926296444444 0.0022544427511291126 0.010826310703821016 -0.0043331374473741585 -0.013274501808225005 -0.0021731978041069802
leaf_weight=29.818016290664673 21.49873960018158 17.861803770065308 15.999999999999998 63.594251751899719 45.255350589752197 14.049379944801329 11.000000000000002 13.999999999999998 12.803464412689207
leaf_count=29 17 17 16 59 40 12 11 14 12
internal_value=8.29247e-05 -0.00273637 -0.00468756 0.00173828 0.00321223 0.00633071 -0.006627 -0.00986856 0.00110267
internal_weight=245.881 88.6798 70.818 157.201 93.6069 35.5481 54.818 25 58.0588
internal_count=227 87 70 140 81 29 54 25 52
is_linear=0
shrinkage=0.0564268


Tree=61
num_leaves=10
num_cat=0
split_feature=9 18 25 18 15 9 4 25 24
split_gain=0.321584 0.260623 0.220545 0.277084 0.16103 0.205098 0.189287 0.105198 0.11026
threshold=17.998571428571427 0.15357142857142864 0.023571428571428573 0.13357142857142865 -1.1069642857142856 16.177857142857142 -0.30388196823852398 0.029285714285714286 18.275500000000005
decision_type=2 2 2 2 2 2 2 2 2
left_child=4 2 -2 -4 -1 -6 -7 -3 -9
right_child=1 7 3 -5 5 6 -8 8 -10
leaf_value=0.0025037426127361489 -0.00082377183250147623 0.0013633676175591641 0.00029058342230842154 0.0087067071556533766 0.0012976900567857361 -0.0026793645351669941 -0.010786403660772974 0.0014126008180118117 -0.0039802666684249245
leaf_weight=11.202556133270262 20.348681449890137 45.725495576858521 22.905777931213379 35.484431385993958 12.999999999999998 27.999999999999996 18.000000000000004 14.294246792793272 36.919817090034485
leaf_count=11 18 43 20 29 13 28 18 11 36
internal_value=7.58205e-05 0.00140402 0.0038203 0.00559787 -0.00309809 -0.00433617 -0.00613479 -0.000467366 -0.00228771
internal_weight=245.881 175.678 78.7389 58.3902 70.2026 59 46 96.9396 51.2141
internal_count=227 157 67 49 70 59 46 90 47
is_linear=0
shrinkage=0.0564268


Tree=62
num_leaves=10
num_cat=0
split_feature=7 2 25 29 18 8 14 14 5
split_gain=0.304885 0.334545 0.250949 0.140876 0.140137 0.106746 0.101539 0.0821193 0.0759251
threshold=0.85157142857142543 1.9214999250003273 0.045000000000000005 183.31499999999997 0.16285714285714289 24.493571428571432 516.94500000000005 640.995 16.562142857142856
decision_type=2 2 2 2 2 2 2 2 2
left_child=1 2 5 -2 6 -1 -5 -8 -7
right_child=3 -3 -4 4 -6 8 7 -9 -10
leaf_value=-0.0032681599506387119 0.0060813572489469897 0.0040325808796709646 0.0013819011346626285 2.0197327530796491e-06 -0.0011876930140165801 -0.0039115463797556463 0.0066552329937094338 0.0010301656339924629 -0.012297507664921102
leaf_weight=29.818016290664673 19.817069888114929 17.861803770065308 15.999999999999998 38.0863276720047 55.913347125053406 11.000000000000002 22.875148057937622 20.509293556213379 13.999999999999998
leaf_count=29 16 17 16 34 53 11 19 18 14
internal_value=7.34911e-05 -0.00252254 -0.00432733 0.00160265 0.000868324 -0.00616729 0.00239681 0.00425575 -0.00912416
internal_weight=245.881 88.6798 70.818 157.201 137.384 54.818 81.4708 43.3844 25
internal_count=227 87 70 140 124 54 71 37 25
is_linear=0
shrinkage=0.0564268


Tree=63
num_leaves=11
num_cat=0
split_feature=4 8 16 0 15 5 9 16 28 28
split_gain=0.298579 0.30064 0.263963 0.158441 0.148591 0.225287 0.187352 0.0959728 0.0942127 0.0938573
threshold=-0.070362697608236754 24.63000000000001 16.582857142857144 0.59360714285714355 -6.4779166666666645 18.742142857142859 19.509285714285721 20.269285714285719 29.442857142857147 28.434285714285718
decision_type=2 2 2 2 2 2 2 2 2 2
left_child=1 3 -3 8 -2 -6 -7 -8 9 -1
right_child=4 2 -4 -5 5 6 7 -9 -10 -11
leaf_value=-0.003250855690251791 -0.0010974785658155899 0 -0.010516762671033917 0.0029149491617929584 0 0.010899076713650037 -0.00021214517430817148 0.0059976395157615861 -0.0032601147617663385 0.0022422010210350041
leaf_weight=13.999999999999998 24 14.999999999999998 19 36.124218106269836 31.419841766357422 17.840794444084167 12.513464093208315 13.02606165409088 46 29.018016338348389
leaf_count=14 24 15 19 27 29 13 12 11 46 28
internal_value=0 -0.00149271 -0.00616838 -0.000127401 0.0024486 0.00371533 0.00632964 0.00263004 -0.00147913 0.000215705
internal_weight=257.942 159.142 34 125.142 98.8002 74.8002 43.3803 25.5395 89.018 43.018
internal_count=238 149 34 115 89 65 36 23 88 42
is_linear=0
shrinkage=0.0564268


Tree=64
num_leaves=11
num_cat=0
split_feature=10 27 1 8 1 28 20 24 25 11
split_gain=0.277043 0.267362 0.184094 0.141025 0.136979 0.177074 0.124505 0.109436 0.0932251 0.0734128
threshold=17.262142857142859 0.059034910169430084 -6.827857142857142 24.493571428571432 -20.547857142857136 29.460714285714289 91.337142857142865 42.651000000000003 0.036428571428571428 24.948428571428575
decision_type=2 2 2 2 2 2 2 2 2 2
left_child=1 3 4 -1 6 -6 -2 8 -4 -5
right_child=2 -3 7 9 5 -7 -8 -9 -10 -11
leaf_value=-0.00042359666213854559 0.0013705956112160186 0.0025755951305306804 0.0012356340564764422 -0.012154413107379117 0.0064862356651206963 0.0012269721591280118 -0.0055926598094049301 -0.0052923754614875688 -0.003725598068460261 -0.0037809167018450752
leaf_weight=11.999999999999998 25.231161236763 12.999999999999998 44.412206172943115 13.000000000000002 36.316490292549133 59.98253870010376 10.999999999999998 15.999999999999998 15.999999999999998 10.999999999999998
leaf_count=12 25 13 44 13 26 51 11 16 16 11
internal_value=0 -0.00378412 0.000911561 -0.00635085 0.00220717 0.0033318 -0.000521159 -0.00120884 0 -0.00885448
internal_weight=257.942 49 208.942 36 132.53 96.299 36.2312 76.4122 60.4122 24
internal_count=238 49 189 36 113 77 36 76 60 24
is_linear=0
shrinkage=0.0564268


Tree=65
num_leaves=11
num_cat=0
split_feature=4 8 16 9 28 20 0 25 28 28
split_gain=0.251562 0.246091 0.244048 0.128996 0.267303 0.175619 0.126929 0.0982335 0.0803152 0.0793093
threshold=-0.070362697608236754 24.63000000000001 16.582857142857144 17.367142857142859 32.831428571428582 92.492142857142866 0.59360714285714355 0.043571428571428573 29.442857142857147 28.434285714285718
decision_type=2 2 2 2 2 2 2 2 2 2
left_child=1 6 -3 -2 5 7 8 -5 9 -1
right_child=3 2 -4 4 -6 -7 -8 -9 -10 -11
leaf_value=-0.0029656602711630661 -0.0018469829069408883 0 -0.0097819555382236984 -0.00082759062573549663 0.011286596408436067 0.0076892645774597548 0.0025781597403664006 0.0046751833927226151 -0.0029973024353208769 0.0020771451367069716
leaf_weight=13.999999999999998 17 14.999999999999998 19 45.467793464660645 11.233717322349547 12.544219255447386 36.124218106269836 12.554431915283201 46 29.018016338348389
leaf_count=14 17 15 19 42 10 10 27 10 46 28
internal_value=0 -0.00137744 -0.00560965 0.00224038 0.00321348 0.00172799 -0.000134192 0.000223631 -0.00135098 0.000198617
internal_weight=257.942 159.142 34 98.8002 81.8002 70.5664 125.142 58.0222 89.018 43.018
internal_count=238 149 34 89 72 62 115 52 88 42
is_linear=0
shrinkage=0.0564268


Tree=66
num_leaves=12
num_cat=0
split_feature=16 9 7 10 17 25 25 28 23 23 23
split_gain=0.235435 0.194849 0.150262 0.123806 0.185636 0.250464 0.130025 0.0829295 0.0757119 0.117913 0.0651034
threshold=19.025714285714294 19.125714285714288 0.85157142857142543 18.972857142857148 0.26428571428571429 0.043571428571428573 0.032142857142857154 34.987857142857152 -0.15179311963064326 -0.52557568890707829 1.1802447097642081
decision_type=2 2 2 2 2 2 2 2 2 2 2
left_child=3 -2 -3 4 5 6 -1 -6 9 -4 -10
right_child=1 2 8 -5 7 -7 -8 -9 10 -11 -12
leaf_value=-0.0026039236378755746 0.0064893979197042616 -0.0040377552402341421 0.0026811349924617586 -0.0074253267802621937 0 0.00072624796866420003 -0.010973651052001245 0.0054040175836385989 0.0047161345881489491 -0.0028765271820297509 0
leaf_weight=17.46614503860474 20.793146252632141 18.200000047683716 24.012378215789795 12.294887661933897 33.539204597473145 22 13.999999999999998 11.202556133270262 28.504725217819214 23.67017924785614 13.999999999999998
leaf_count=17 16 18 21 11 31 22 14 11 24 23 14
internal_value=-8.0829e-05 0.00150984 0.00044234 -0.00202656 -0.00122134 -0.00350396 -0.00673468 0.001299 0.00146926 0 0.00318859
internal_weight=239.683 129.18 108.387 110.503 98.2079 53.4661 31.4661 44.7418 90.1873 47.6826 42.5047
internal_count=222 116 100 106 95 53 31 42 82 44 38
is_linear=0
shrinkage=0.0564268


Tree=67
num_leaves=10
num_cat=0
split_feature=16 18 16 28 27 25 22 7 22
split_gain=0.210545 0.152531 0.204545 0.233437 0.14839 0.136292 0.167612 0.0931677 0.0873866
threshold=19.025714285714294 0.15785714285714295 19.530000000000005 29.726428571428578 1.2246904202869964 0.043571428571428573 67.655000000000015 2.9788571428571307 85.779285714285734
decision_type=2 2 2 2 2 2 2 2 2
left_child=4 2 -2 -4 5 6 -1 -3 -8
right_child=1 7 3 -5 -6 -7 8 -9 -10
leaf_value=-0.0098317489474982287 0.0080975366154749581 -0.0027908262074989535 0.0053743512707447082 -0.0032179528832787766 0.0032970008285634353 0 -0.00081606912204021701 0.0013223841925816503 -0.0066744242551264122
leaf_weight=13.999999999999998 20.473751902580261 28.635977983474731 19.04186999797821 19.379113435745239 13.202556133270262 31.877723336219788 39.422513961791992 41.649715662002563 11.999999999999998
leaf_count=14 16 28 16 18 13 30 37 38 12
internal_value=-7.5726e-05 0.00142619 0.00354504 0.000803314 -0.00191779 -0.00273676 -0.00420739 -0.000223091 -0.00241666
internal_weight=239.683 129.18 58.8947 38.421 110.503 97.3002 65.4225 70.2857 51.4225
internal_count=222 116 50 34 106 93 63 66 49
is_linear=0
shrinkage=0.0564268


Tree=68
num_leaves=9
num_cat=0
split_feature=7 27 24 26 24 8 26 26
split_gain=0.193702 0.215947 0.19383 0.162679 0.171649 0.0844036 0.0907511 0.067071
threshold=0.85157142857142543 1.6811079893793377 14.040000000000001 8.7800000000000029 45.817000000000007 23.625000000000004 16.759285714285721 -7.4449999999999994
decision_type=2 2 2 2 2 2 2 2
left_child=1 2 -1 4 -4 -2 7 -7
right_child=5 -3 3 -5 -6 6 -8 -9
leaf_value=0.0023984833425409312 0.0042904551529081352 0.0038833483690096306 -0.0097463898940569459 -0.00068005312301422339 -0.0003425609557235868 -0.0019129051988642605 -0.0030062430071555071 0.0017390333381025523
leaf_weight=12.018016338348387 22.553867936134338 13.454312801361082 26 23 10.999999999999998 16.423960208892822 18.803464412689209 96.429600715637207
leaf_count=11 19 13 26 23 11 16 18 85
internal_value=-6.97439e-05 -0.00225509 -0.00355302 -0.00491492 -0.00724798 0.00108168 0.00044565 0.00111626
internal_weight=239.683 85.4723 72.018 60 37 154.211 131.657 112.854
internal_count=222 84 71 60 37 138 119 101
is_linear=0
shrinkage=0.0564268


Tree=69
num_leaves=9
num_cat=0
split_feature=27 7 24 0 0 7 17 28
split_gain=0.157379 0.138342 0.119869 0.279857 0.187018 0.168508 0.0790659 0.0679406
threshold=-0.72451526352337414 2.9788571428571307 38.503000000000007 -0.58057142857142974 0.33414285714285269 0.85157142857142543 0.39357142857142852 29.460714285714289
decision_type=2 2 2 2 2 2 2 2
left_child=1 -1 3 -2 -5 -4 -7 -6
right_child=2 -3 5 4 7 6 -8 -9
leaf_value=-0.0055855500940999855 0.0076359547539890009 0 -0.0049704685217934353 -0.0031898489483708626 0.0041912592544426953 0.0028846389595179982 -0.0014951494329614517 0.00018479586201014214
leaf_weight=25.225211381912231 22.480042934417725 31.255444884300232 22 27.656408667564392 30.814234614372253 28.148960709571838 20.855153441429138 33.443835139274597
leaf_count=25 22 30 22 27 22 25 20 30
internal_value=3.63217e-05 -0.00251659 0.000870574 0.00202414 0.000515836 -0.000852918 0.000827468 0.00227209
internal_weight=241.879 56.4807 185.399 114.395 91.9145 71.0041 49.0041 64.2581
internal_count=223 55 168 101 79 67 45 52
is_linear=0
shrinkage=0.0564268


Tree=70
num_leaves=8
num_cat=0
split_feature=26 0 25 7 25 17 1
split_gain=0.210824 0.219749 0.117361 0.163879 0.127402 0.0789798 0.0667136
threshold=22.16714285714286 0.26128571428571595 0.043571428571428573 1.5567142857142857 0.03500000000000001 0.24500000000000002 -20.547857142857136
decision_type=2 2 2 2 2 2 2
left_child=1 2 3 4 -1 -4 -3
right_child=-2 6 5 -5 -6 -7 -8
leaf_value=-0.002734933238590264 0.0075284307625361809 -0.00082510512260818697 0.0043804619627561565 0 -0.0092537466169730336 -0.0015719541770778305 0.0021064687723107373
leaf_weight=38.221050977706909 11.034625649452208 28 12.223151564598085 31.461087822914124 17 12.801743626594542 91.137632131576538
leaf_count=38 10 28 12 31 17 12 75
internal_value=3.2005e-05 -0.000298259 -0.00212593 -0.00313457 -0.00497502 0.000979861 0.00133568
internal_weight=241.879 230.845 111.707 86.6821 55.2211 25.0249 119.138
internal_count=223 213 110 86 55 24 103
is_linear=0
shrinkage=0.0564268


Tree=71
num_leaves=8
num_cat=0
split_feature=26 20 18 25 20 6 20
split_gain=0.191087 0.189145 0.145144 0.126508 0.25661 0.266168 0.0654128
threshold=20.637142857142866 82.704285714285732 0.14785714285714294 0.043571428571428573 64.290000000000006 39.500000000000007 89.615000000000023
decision_type=2 2 2 2 2 2 2
left_child=1 3 -3 4 -1 -6 -4
right_child=-2 2 6 -5 5 -7 -8
leaf_value=0.0024674123475021863 0.0059274421220251354 0.0034412327455367792 0.002473248463686939 0.00047349842237806513 -0.009271222415918776 0 -0.0010713851553940809
leaf_weight=11.999999999999998 16.034625649452209 45.001020193099976 19.276215434074402 23 29 12.663027286529539 84.904403209686279
leaf_count=12 15 36 17 23 29 12 79
internal_value=2.65277e-05 -0.000360428 0.000760194 -0.00265887 -0.00417383 -0.00632345 -0.000314797
internal_weight=241.879 225.845 149.182 76.663 53.663 41.663 104.181
internal_count=223 208 132 76 53 41 96
is_linear=0
shrinkage=0.0564268


Tree=72
num_leaves=9
num_cat=0
split_feature=28 14 24 2 10 11 5 9
split_gain=0.160751 0.252306 0.178279 0.207588 0.175259 0.203589 0.147201 0.119267
threshold=29.442857142857147 273.34000000000003 16.090000000000003 1.9214999250003273 17.452142857142864 24.726714285714287 20.052857142857146 16.177857142857142
decision_type=2 2 2 2 2 2 2 2
left_child=1 -1 -2 4 7 -6 -3 -4
right_child=2 6 3 -5 5 -7 -8 -9
leaf_value=0.0081732309332505446 -0.0066887195093789749 -0.0017337796666582971 0.00035410596900066797 0.0067163373170555417 -0.0012485558144544357 0.004668045079622654 0.0038877460883934606 -0.0052352207744892354
leaf_weight=16.288595080375671 16.066571235656738 39.354882955551147 12.999999999999998 11.231161236762999 61.577205657958984 25.458609223365784 22.784090399742126 39
leaf_count=14 15 37 13 11 58 22 18 39
internal_value=-5.18694e-05 0.0020047 -0.00108264 -0.000400545 -0.00106496 0.000386088 0.000185242 -0.00366149
internal_weight=244.761 78.4276 166.334 150.267 139.036 87.0358 62.139 52
internal_count=227 69 158 143 132 80 55 52
is_linear=0
shrinkage=0.0564268


Tree=73
num_leaves=9
num_cat=0
split_feature=28 18 18 9 4 12 26 1
split_gain=0.143144 0.249851 0.219098 0.155989 0.13394 0.196737 0.165386 0.071112
threshold=29.442857142857147 0.15071428571428572 0.11785714285714287 16.42428571428572 -0.169524677111102 -0.29018285231930868 6.7407142857142857 -8.8385714285714272
decision_type=2 2 2 2 2 2 2 2
left_child=1 -1 -2 -4 5 -5 -6 -3
right_child=2 7 3 4 6 -7 -8 -9
leaf_value=0.0074937035921999236 -0.0076916370164158655 -0.0034874855629498697 0.004604360759015884 -0.001124403286753665 -0.0008131413438928444 -0.0095960563345385379 0.0054787274589228503 0.0011333378813886109
leaf_weight=18.759696364402771 13.999999999999998 13.212206125259398 17 44.106508612632751 63.39107882976532 11.806840062141417 16.029119849205017 46.455665946006775
leaf_count=16 14 13 17 43 60 11 13 40
internal_value=-4.35469e-05 0.00189491 -0.00101848 -0.000320704 -0.00102418 -0.00314816 0.000358735 0
internal_weight=244.761 78.4276 166.334 152.334 135.334 55.9133 79.4202 59.6679
internal_count=227 69 158 144 127 54 73 53
is_linear=0
shrinkage=0.0564268


Tree=74
num_leaves=8
num_cat=0
split_feature=28 18 18 9 4 3 21
split_gain=0.128868 0.296277 0.189932 0.145391 0.137468 0.156073 0.150663
threshold=29.567142857142859 0.15357142857142864 0.11785714285714287 16.42428571428572 -0.169524677111102 1.5071355955941341 24.866428571428575
decision_type=2 2 2 2 2 2 2
left_child=1 -1 -2 -4 6 -6 -5
right_child=2 -3 3 4 5 -7 -8
leaf_value=0.00654164938564807 -0.0072711470318017708 -0.00035868137322498891 0.0043512555187386025 -0.0012911930470952161 0.0016391462961659975 -0.005022347327715896 -0.0089551790023360851
leaf_weight=26.846864938735962 13.999999999999998 63.877746820449829 17 37.066571235656738 60.969932794570923 12.999999999999998 11.999999999999998
leaf_count=23 14 57 17 36 55 13 12
internal_value=-4.15044e-05 0.00159883 -0.00107241 -0.000362173 -0.00110565 0.000314471 -0.00342626
internal_weight=244.761 90.7246 154.037 140.037 123.037 73.9699 49.0666
internal_count=227 80 147 133 116 68 48
is_linear=0
shrinkage=0.0564268


Tree=75
num_leaves=8
num_cat=0
split_feature=27 8 21 21 20 20 20
split_gain=0.104231 0.15168 0.155773 0.151808 0.0860601 0.0831764 0.0799887
threshold=-0.39182605381522845 25.283571428571431 25.465714285714284 24.63000000000001 83.590000000000018 89.166428571428597 91.75500000000001
decision_type=2 2 2 2 2 2 2
left_child=4 2 3 5 -1 -2 -6
right_child=1 -3 -4 -5 6 -7 -8
leaf_value=-0.0030710110183179702 0.0052394546704580408 -0.0033864436710860312 0.0080609493930867502 -0.0014304791605403665 0.0019610977683285876 0.0010442461781956433 -0.0030536599470548675
leaf_weight=47.713728785514832 26.043592572212219 20.205052256584167 11.231161236762999 45.74658465385437 31.103333711624146 55.00338351726532 13.999999999999998
leaf_count=46 21 20 11 44 29 47 14
internal_value=5.95313e-05 0.000975878 0.00169361 0.00102667 -0.00139554 0.00253312 0.000176314
internal_weight=251.047 158.23 138.025 126.794 92.8171 81.047 45.1033
internal_count=232 143 123 112 89 68 43
is_linear=0
shrinkage=0.0564268


Tree=76
num_leaves=9
num_cat=0
split_feature=27 8 8 7 21 21 20 20
split_gain=0.0930416 0.13596 0.139536 0.235357 0.143371 0.117809 0.0766186 0.0729561
threshold=-0.39182605381522845 25.283571428571431 24.895714285714288 2.900857142857149 24.683571428571433 24.884999999999998 83.590000000000018 90.931428571428583
decision_type=2 2 2 2 2 2 2 2
left_child=6 2 4 -4 -2 -6 -1 -8
right_child=1 -3 3 -5 5 -7 7 -9
leaf_value=-0.0028993438076630636 0.0021168642675494826 -0.0031995231076761685 0.011227914284030426 0 -0.0068397966075383326 0 0.0027105500525418024 -0.0017415277503732827
leaf_weight=47.713728785514832 77.244643092155457 20.205052256584167 11.431161284446718 12.499432444572447 10.999999999999998 25.849485158920288 21.301590085029602 23.801743626594543
leaf_count=46 64 20 11 12 11 25 20 23
internal_value=5.45328e-05 0.000922338 0.00160437 0.00554069 0.000675345 -0.00207483 -0.00131793 0.000153713
internal_weight=251.047 158.23 138.025 23.9306 114.094 36.8495 92.8171 45.1033
internal_count=232 143 123 23 100 36 89 43
is_linear=0
shrinkage=0.0564268


Tree=77
num_leaves=8
num_cat=0
split_feature=27 8 21 21 28 28 7
split_gain=0.0827314 0.121674 0.135209 0.129226 0.069476 0.0779241 0.069446
threshold=-0.39182605381522845 25.283571428571431 25.465714285714284 24.780000000000005 28.992857142857144 28.434285714285718 1.0369999999999922
decision_type=2 2 2 2 2 2 2
left_child=4 2 3 -2 5 -1 -5
right_child=1 -3 -4 6 -6 -7 -8
leaf_value=-0.0016270957300801006 0.0020532610221733463 -0.0030229200074516839 0.0074483838119156938 -0.0050242894359715197 -0.002228248932197465 0.0042656717290682055 0
leaf_weight=12.247237086296083 91.70728063583374 20.205052256584167 11.231161236762999 13.207490921020506 67.751809120178223 12.818016290664671 21.878789186477661
leaf_count=12 78 20 11 13 65 12 21
internal_value=4.78178e-05 0.000868294 0.0015161 0.000889729 -0.00124409 0.00102747 -0.00186538
internal_weight=251.047 158.23 138.025 126.794 92.8171 25.0653 35.0863
internal_count=232 143 123 112 89 24 34
is_linear=0
shrinkage=0.0564268


Tree=78
num_leaves=7
num_cat=0
split_feature=1 21 20 9 7 9
split_gain=0.13039 0.170945 0.132777 0.118261 0.180163 0.0866384
threshold=-7.4449999999999994 25.465714285714284 92.653571428571453 16.42428571428572 1.5567142857142857 17.720714285714291
decision_type=2 2 2 2 2 2
left_child=1 2 -1 -2 5 -5
right_child=3 -3 -4 4 -6 -7
leaf_value=-0.00019670603148097638 0.0032645010414401789 0.0077104995485509763 0.0055021326748200816 -0.0020272170336213882 -0.00018417535026430299 -0.0086403047370161908
leaf_weight=98.38497006893158 12.999999999999998 11.471552371978758 14.154180526733397 19 62.699989438056946 15.999999999999998
leaf_count=88 13 11 11 19 59 16
internal_value=0 0.00122799 0.000453072 -0.00143058 -0.00216647 -0.00539593
internal_weight=234.711 124.011 112.539 110.7 97.7 35
internal_count=217 110 99 107 94 35
is_linear=0
shrinkage=0.0564268


Tree=79
num_leaves=6
num_cat=0
split_feature=1 21 20 9 9
split_gain=0.116961 0.152742 0.118783 0.106591 0.119332
threshold=-7.4449999999999994 25.465714285714284 92.653571428571453 16.42428571428572 16.707857142857147
decision_type=2 2 2 2 2
left_child=1 2 -1 -2 -5
right_child=3 -3 -4 4 -6
leaf_value=-0.00018565715517080642 0.0030864624563092446 0.0072918534784951559 0.0052012372702881331 -0.0071476327234635843 -0.0011292327666191824
leaf_weight=98.38497006893158 12.999999999999998 11.471552371978758 14.154180526733397 12.999999999999998 84.699989438056946
leaf_count=88 13 11 11 13 81
internal_value=0 0.00116136 0.000423845 -0.00135653 -0.00205821
internal_weight=234.711 124.011 112.539 110.7 97.7
internal_count=217 110 99 107 94
is_linear=0
shrinkage=0.0564268


Tree=80
num_leaves=6
num_cat=0
split_feature=10 29 0 28 28
split_gain=0.112151 0.155168 0.116832 0.0900577 0.0832293
threshold=20.289285714285718 447.92500000000001 0.93871428571428528 35.715714285714292 30.21285714285715
decision_type=2 2 2 2 2
left_child=1 2 3 -1 -4
right_child=-2 -3 4 -5 -6
leaf_value=-0.0011389120282821357 0.0032895780424630561 -0.0048183672778249788 0.0058877533666511026 0.0034441612088580804 0
leaf_weight=133.97196245193481 28.114594697952271 22.894124984741211 16.223605990409851 13.999999999999998 19.506404280662537
leaf_count=128 25 22 11 14 17
internal_value=0 -0.000481381 1.67906e-05 -0.000630662 0.00294133
internal_weight=234.711 206.596 183.702 147.972 35.73
internal_count=217 192 170 142 28
is_linear=0
shrinkage=0.0564268


Tree=81
num_leaves=4
num_cat=0
split_feature=20 7 7
split_gain=0.140095 0.312132 0.11215
threshold=67.032142857142873 -6.4042142857142812 -0.49982142857142259
decision_type=2 2 2
left_child=-1 -2 -3
right_child=1 2 -4
leaf_value=-0.0040861382127489673 0.0067125360527194623 -0.0035480880083579832 0.00031005684694270609
leaf_weight=23 22.661803722381592 27.200000047683716 165.91728258132935
leaf_count=23 22 27 150
internal_value=1.28564e-05 0.00050233 -0.000190117
internal_weight=238.779 215.779 193.117
internal_count=222 199 177
is_linear=0
shrinkage=0.0564268


Tree=82
num_leaves=6
num_cat=0
split_feature=20 7 7 20 20
split_gain=0.125013 0.278501 0.101602 0.0692902 0.0648436
threshold=67.032142857142873 -6.4042142857142812 1.5567142857142857 92.896428571428586 91.59285714285717
decision_type=2 2 2 2 2
left_child=-1 -2 -3 4 -4
right_child=1 2 3 -5 -6
leaf_value=-0.0038599978540505664 0.0063411482589399836 -0.0023789509912105072 0.00074656241031860308 0.0041063903991344301 -0.0023795348107764941
leaf_weight=23 22.661803722381592 50.444119572639465 101.59783184528351 15.090095758438109 25.985235452651978
leaf_count=23 22 49 91 13 24
internal_value=9.77289e-06 0.000474393 -0.00017698 0.000538667 2.77998e-05
internal_weight=238.779 215.779 193.117 142.673 127.583
internal_count=222 199 177 128 115
is_linear=0
shrinkage=0.0564268


Tree=83
num_leaves=4
num_cat=0
split_feature=20 7 7
split_gain=0.111576 0.24846 0.092614
threshold=67.032142857142873 -6.4042142857142812 -0.49982142857142259
decision_type=2 2 2
left_child=-1 -2 -3
right_child=1 2 -4
leaf_value=-0.0036463728507918685 0.0059903088517139959 -0.0032190906438494368 0.00028559274081279472
leaf_weight=23 22.661803722381592 27.200000047683716 165.91728258132935
leaf_count=23 22 27 150
internal_value=7.20189e-06 0.000448381 -0.000164147
internal_weight=238.779 215.779 193.117
internal_count=222 199 177
is_linear=0
shrinkage=0.0564268


Tree=84
num_leaves=6
num_cat=0
split_feature=10 28 7 28 28
split_gain=0.163468 0.146477 0.097448 0.0717738 0.071271
threshold=17.262142857142859 33.095714285714294 -14.950714285714282 29.442857142857147 28.800000000000004
decision_type=2 2 2 2 2
left_child=2 3 -1 4 -2
right_child=1 -3 -4 -5 -6
leaf_value=-0.0074711176849841954 -0.00033714475675795811 0.0048463957310547548 -0.0011834506808513761 -0.0010279803323184479 0.002894017572522846
leaf_weight=12.999999999999998 36.602748036384583 21.233717322349548 32 104.01671981811523 40.248948574066162
leaf_count=13 32 20 32 95 36
internal_value=-0.000184294 0.000460471 -0.00326981 -1.15707e-05 0.00123632
internal_weight=247.102 202.102 45 180.868 76.8517
internal_count=228 183 45 163 68
is_linear=0
shrinkage=0.0564268


Tree=85
num_leaves=7
num_cat=0
split_feature=10 10 4 6 9 7
split_gain=0.146862 0.129029 0.111349 0.0869324 0.0806943 0.0806546
threshold=17.262142857142859 18.332142857142859 -0.60882212881531017 39.500000000000007 16.582857142857144 0.85157142857142543
decision_type=2 2 2 2 2 2
left_child=3 2 -2 4 -1 -3
right_child=1 5 -4 -5 -6 -7
leaf_value=-0.0082433845038274237 -8.9675136987211015e-05 -0.0027858867037476222 0.0055576014669931791 0.0002991775686886723 -0.0016550085005134546 0.00034009237052080258
leaf_weight=12.999999999999998 13.825455665588377 31.630642533302307 25.312081933021545 11.999999999999998 20 131.3339536190033
leaf_count=13 13 31 23 12 20 116
internal_value=-0.000176345 0.000432579 0.00333878 -0.00310221 -0.00461709 -0.000213158
internal_weight=247.102 202.102 39.1375 45 33 162.965
internal_count=228 183 36 45 33 147
is_linear=0
shrinkage=0.0564268


Tree=86
num_leaves=6
num_cat=0
split_feature=12 4 24 23 3
split_gain=0.133811 0.207196 0.112081 0.0908619 0.080503
threshold=-0.1139353531013642 -0.45378521177917708 41.796000000000014 0.039459015159601617 -1.006255145583834
decision_type=2 2 2 2 2
left_child=1 4 -3 -2 -1
right_child=3 2 -4 -5 -6
leaf_value=-0.0020866001953211582 0.0044183114888428267 -0.0065415426822549956 -0.00020793803006052521 0.0002914360072342192 0.0014880024037691715
leaf_weight=30 22.452878832817078 29.50367796421051 17.405052304267883 91.693630814552307 56.046893835067749
leaf_count=30 19 28 17 84 50
internal_value=-0.000167069 -0.0014156 -0.00442112 0.00120221 0.000124959
internal_weight=247.102 132.956 46.9087 114.147 86.0469
internal_count=228 125 45 103 80
is_linear=0
shrinkage=0.0564268


Tree=87
num_leaves=7
num_cat=0
split_feature=12 0 0 4 24 29
split_gain=0.10127 0.194548 0.21686 0.0953023 0.0945067 0.0711873
threshold=-0.1139353531013642 -0.13585714285714443 0.33414285714285269 -0.45378521177917708 41.796000000000014 295.17000000000002
decision_type=2 2 2 2 2 2
left_child=3 -2 -3 5 -5 -1
right_child=1 2 -4 4 -6 -7
leaf_value=0.0014356332746759497 0.0061190210661222185 -0.0057153126540538208 0.0013333071237994817 -0.00478339418861661 0 -0.0018183649512185658
leaf_weight=51.046893835067749 20.703194499015808 16.235000729560852 81.470951914787292 32.50367796421051 17.405052304267883 36
leaf_count=45 20 15 72 31 17 36
internal_value=0 0.00120565 4.22064e-05 -0.00104366 -0.00299959 0
internal_weight=255.365 118.409 97.706 136.956 49.9087 87.0469
internal_count=236 107 87 129 48 81
is_linear=0
shrinkage=0.0564268


Tree=88
num_leaves=5
num_cat=0
split_feature=27 29 29 29
split_gain=0.0994261 0.0858119 0.074448 0.0931825
threshold=-0.39182605381522845 466.53500000000003 374.27000000000004 187.55000000000001
decision_type=2 2 2 2
left_child=-1 2 3 -2
right_child=1 -3 -4 -5
leaf_value=-0.0014885223734415079 0.0026729086989531314 -0.0025440657511724869 0.0040993123429101759 -0.0004956465822236356
leaf_weight=91.224257588386536 45.238476634025574 18.822618365287781 26.389772772789001 73.689645886421204
leaf_count=88 40 17 23 68
internal_value=0 0.000830223 0.00134049 0.000633724
internal_weight=255.365 164.141 145.318 118.928
internal_count=236 148 131 108
is_linear=0
shrinkage=0.0564268


Tree=89
num_leaves=5
num_cat=0
split_feature=12 0 0 24
split_gain=0.0861136 0.171119 0.197375 0.0703262
threshold=-0.1139353531013642 -0.13585714285714443 0.33414285714285269 13.192000000000002
decision_type=2 2 2 2
left_child=3 -2 -3 -1
right_child=1 2 -4 -5
leaf_value=0.00172663824117605 0.0057175336324791362 -0.005475826802125573 0.0012507519353267375 -0.0015699043794778821
leaf_weight=22.101086854934692 20.703194499015808 16.235000729560852 81.470951914787292 114.85453724861145
leaf_count=18 20 15 72 111
internal_value=0 0.00111092 1.40153e-05 -0.000963261
internal_weight=255.365 118.409 97.706 136.956
internal_count=236 107 87 129
is_linear=0
shrinkage=0.0564268


Tree=90
num_leaves=5
num_cat=0
split_feature=21 24 7 7
split_gain=0.117152 0.154862 0.105893 0.101625
threshold=25.465714285714284 41.796000000000014 0.85157142857142543 -11.276071428571425
decision_type=2 2 2 2
left_child=2 -2 3 -1
right_child=1 -3 -4 -5
leaf_value=0.0012095930907580108 0.008283390120072627 -0.00023125575158153939 0.00031081232717483425 -0.0036104102399603728
leaf_weight=15.223151564598082 11.471552371978762 10.999999999999998 148.44499945640564 51.025507211685181
leaf_count=15 11 11 133 50
internal_value=-2.13075e-05 0.00376861 -0.000470235 -0.00235639
internal_weight=237.165 22.4716 214.694 66.2487
internal_count=220 22 198 65
is_linear=0
shrinkage=0.0564268


Tree=91
num_leaves=6
num_cat=0
split_feature=11 29 29 29 27
split_gain=0.110248 0.087435 0.129304 0.100364 0.0753166
threshold=25.073500000000006 162.24000000000001 94.094999999999985 203.47500000000002 -0.63660106914384018
decision_type=2 2 2 2 2
left_child=1 2 -1 -3 -5
right_child=-2 3 -4 4 -6
leaf_value=-0.00065130095623345164 0.0035350194189145258 -0.0048315110888353142 0.0044950200843242539 -0.0029456118036580584 0.00012283170095133059
leaf_weight=35.454312801361084 23.939041018486023 21.226024389266968 24.087512493133545 31.498085021972656 100.96023488044739
leaf_count=35 22 18 22 30 93
internal_value=-1.48504e-05 -0.000465504 0.00128669 -0.0012092 -0.000541194
internal_weight=237.165 213.226 59.5418 153.684 132.458
internal_count=220 198 57 141 123
is_linear=0
shrinkage=0.0564268


Tree=92
num_leaves=4
num_cat=0
split_feature=21 24 7
split_gain=0.10065 0.139809 0.0938389
threshold=25.465714285714284 41.796000000000014 2.9788571428571307
decision_type=2 2 2
left_child=2 -2 -1
right_child=1 -3 -4
leaf_value=-0.0017750797291458222 0.0077976861415290097 -0.00026621104039260888 0.00055986253299084336
leaf_weight=95.109848141670227 11.471552371978762 10.999999999999998 119.58381009101868
leaf_count=93 11 11 105
internal_value=-1.17333e-05 0.00349853 -0.000430886
internal_weight=237.165 22.4716 214.694
internal_count=220 22 198
is_linear=0
shrinkage=0.0564268


Tree=93
num_leaves=6
num_cat=0
split_feature=25 10 25 25 25
split_gain=0.101749 0.0951622 0.0859682 0.0785788 0.0976209
threshold=0.043571428571428573 17.262142857142859 0.049285714285714301 0.036428571428571428 0.01785714285714286
decision_type=2 2 2 2 2
left_child=1 -1 -2 4 -3
right_child=2 3 -4 -5 -6
leaf_value=-0.0036344184640102386 0.0049930202235477037 -0.0026940237955913153 0.00013267417192997831 -0.0020735163861082826 0.0014910649106575052
leaf_weight=28 20.572524309158325 20.08939802646637 35.873475074768066 45.096994400024414 96.817940235137939
leaf_count=28 18 19 32 39 91
internal_value=0 -0.000618867 0.00210046 -2.9203e-05 0.000681482
internal_weight=246.45 190.004 56.446 162.004 116.907
internal_count=227 177 50 149 110
is_linear=0
shrinkage=0.0564268


Tree=94
num_leaves=5
num_cat=0
split_feature=25 25 24 25
split_gain=0.091704 0.0760684 0.0694328 0.203435
threshold=0.043571428571428573 0.049285714285714301 34.806000000000004 0.036428571428571428
decision_type=2 2 2 2
left_child=2 -2 3 -1
right_child=1 -3 -4 -5
leaf_value=0.0019162187715579548 0.0047173146326846454 0.0001252806757366786 -0.0017610011696098185 -0.0037712415618566925
leaf_weight=75.390743851661682 20.572524309158325 35.873475074768066 88.277554512023926 26.336034297943115
leaf_count=70 18 32 85 22
internal_value=0 0.00199387 -0.000587749 0.000338516
internal_weight=246.45 56.446 190.004 101.727
internal_count=227 50 177 92
is_linear=0
shrinkage=0.0564268


Tree=95
num_leaves=7
num_cat=0
split_feature=25 8 8 8 5 25
split_gain=0.082475 0.093132 0.114325 0.11434 0.103696 0.0672654
threshold=0.043571428571428573 25.283571428571431 24.925714285714289 24.63000000000001 19.750714285714288 0.049285714285714301
decision_type=2 2 2 2 2 2
left_child=1 2 3 -1 -5 -2
right_child=5 -3 -4 4 -6 -7
leaf_value=0 0.0044568331868122257 -0.0047452783545941374 0.0035332374091207393 -0.0073293278076382844 0 0.00011829904289033469
leaf_weight=125.00625026226044 20.572524309158325 15.205052256584166 22.352466702461243 14.000000000000002 13.440563440322874 35.873475074768066
leaf_count=114 18 15 21 14 13 32
internal_value=0 -0.000555066 -0.000123848 -0.000732477 -0.00399927 0.00189316
internal_weight=246.45 190.004 174.799 152.447 27.4406 56.446
internal_count=227 177 162 141 27 50
is_linear=0
shrinkage=0.0564268


Tree=96
num_leaves=3
num_cat=0
split_feature=5 24
split_gain=0.0931009 0.066283
threshold=16.535000000000004 38.053000000000004
decision_type=2 2
left_child=1 -1
right_child=-2 -3
leaf_value=0 0.00044470309079209624 -0.0056666339833682184
leaf_weight=12.000000000000002 220.23963963985443 13.999999999999998
leaf_count=12 202 14
internal_value=2.68401e-05 -0.00309254
internal_weight=246.24 26
internal_count=228 26
is_linear=0
shrinkage=0.0564268


Tree=97
num_leaves=2
num_cat=0
split_feature=5
split_gain=0.083159
threshold=16.535000000000004
decision_type=2
left_child=-1
right_child=-2
leaf_value=-0.0029232984415788546 0.00041966113202337492
leaf_weight=26 220.23963963985443
leaf_count=26 202
internal_value=2.25837e-05
internal_weight=246.24
internal_count=228
is_linear=0
shrinkage=0.0564268


Tree=98
num_leaves=5
num_cat=0
split_feature=18 24 4 4
split_gain=0.0761961 0.0905852 0.101955 0.0709498
threshold=0.11928571428571431 35.398000000000003 -0.169524677111102 -0.32242798416742258
decision_type=2 2 2 2
left_child=-1 -2 3 -3
right_child=1 2 -4 -5
leaf_value=-0.0035309187997064058 0.0013860254114453992 -0.0011219767124970084 0.00053442233326522781 -0.0067392743068582688
leaf_weight=17 124.65549826622009 32 60.584141373634338 11.999999999999998
leaf_count=17 112 32 55 12
internal_value=1.88278e-05 0.000330802 -0.000834927 -0.00292543
internal_weight=246.24 229.24 104.584 44
internal_count=228 211 99 44
is_linear=0
shrinkage=0.0564268


Tree=99
num_leaves=6
num_cat=0
split_feature=5 10 18 10 4
split_gain=0.130384 0.123858 0.0801063 0.0840958 0.0690341
threshold=18.742142857142859 18.793571428571429 0.15785714285714295 19.490714285714287 -0.31584947385958262
decision_type=2 2 2 2 2
left_child=4 -2 -3 -4 -1
right_child=1 2 3 -5 -6
leaf_value=0 0.0051909540228369886 0.0019912704776470684 -0.0043964116037747787 7.7121637338509682e-05 -0.0028208889133548502
leaf_weight=45 20.149469137191772 54.398656487464905 16.034393191337585 51.039186954498291 57.436193585395813
leaf_count=45 17 47 15 47 55
internal_value=0 0.00110768 0.000333955 -0.000870517 -0.00152992
internal_weight=244.058 141.622 121.472 67.0736 102.436
internal_count=226 126 109 62 100
is_linear=0
shrinkage=0.0564268


Tree=100
num_leaves=7
num_cat=0
split_feature=5 4 9 4 5 5
split_gain=0.116258 0.117885 0.11682 0.0870049 0.0683986 0.119733
threshold=18.742142857142859 -0.070362697608236754 19.45571428571429 1.1394292206370409 16.177857142857142 16.562142857142856
decision_type=2 2 2 2 2 2
left_child=4 -2 -3 -4 -1 -6
right_child=1 2 3 -5 5 -7
leaf_value=-0.0053268338081226326 -0.00025182800629289763 0.0071357935635082848 0.0041638980663720555 -0.00062491391840203438 0.0032657090495188485 -0.0018330751476950144
leaf_weight=12.999999999999998 81.000994443893433 16.012476921081543 18.408234357833862 26.200000047683716 17 72.436193585395813
leaf_count=13 73 12 15 26 17 70
internal_value=0 0.00104955 0.00293667 0.00115736 -0.00144107 -0.00074424
internal_weight=244.058 141.622 60.6207 44.6082 102.436 89.4362
internal_count=226 126 53 41 100 87
is_linear=0
shrinkage=0.0564268


Tree=101
num_leaves=4
num_cat=0
split_feature=5 4 9
split_gain=0.103416 0.105606 0.10399
threshold=18.742142857142859 -0.070362697608236754 19.45571428571429
decision_type=2 2 2
left_child=-1 -2 -3
right_child=1 2 -4
leaf_value=-0.0013607132934066425 -0.00023769674109955788 0.006744156598397175 0.0010818769666237297
leaf_weight=102.43619358539581 81.000994443893433 16.012476921081543 44.608234405517578
leaf_count=100 73 12 41
internal_value=0 0.000988333 0.00277541
internal_weight=244.058 141.622 60.6207
internal_count=226 126 53
is_linear=0
shrinkage=0.0564268


Tree=102
num_leaves=3
num_cat=0
split_feature=21 21
split_gain=0.0739036 0.116255
threshold=25.465714285714284 24.606428571428573
decision_type=2 2
left_child=1 -1
right_child=-2 -3
leaf_value=0.00057385017891012011 0.0033267449917276336 -0.0021479818695698291
leaf_weight=153.11937201023102 19.47155237197876 72.02963387966156
leaf_count=137 19 70
internal_value=0 -0.000256374
internal_weight=244.621 225.149
internal_count=226 207
is_linear=0
shrinkage=0.0564268


Tree=103
num_leaves=4
num_cat=0
split_feature=7 7 7
split_gain=0.0668043 0.0984083 0.0701667
threshold=-11.276071428571425 -19.21828571428571 0.85157142857142543
decision_type=2 2 2
left_child=1 -1 -2
right_child=2 -3 -4
leaf_value=-0.00012047001300149978 -0.0018880261028800585 0.0062794291660306784 0.00030718099613235542
leaf_weight=12.000000000000002 62.818016290664673 12.454312801361082 157.34822916984558
leaf_count=12 62 12 140
internal_value=0 0.00280317 -0.000277666
internal_weight=244.621 24.4543 220.166
internal_count=226 24 202
is_linear=0
shrinkage=0.0564268


Tree=104
num_leaves=3
num_cat=0
split_feature=21 21
split_gain=0.0650145 0.105814
threshold=25.465714285714284 24.606428571428573
decision_type=2 2
left_child=1 -1
right_child=-2 -3
leaf_value=0.0005505543170868188 0.0031212515488679947 -0.0020455810251242359
leaf_weight=153.11937201023102 19.47155237197876 72.02963387966156
leaf_count=137 19 70
internal_value=0 -0.000239333
internal_weight=244.621 225.149
internal_count=226 207
is_linear=0
shrinkage=0.0564268


end of trees

feature_importances:
Column_2=58
Column_7=54
Column_20=54
Column_26=53
Column_1=52
Column_18=52
Column_0=50
Column_25=50
Column_15=46
Column_21=45
Column_17=44
Column_9=39
Column_28=35
Column_10=34
Column_27=34
Column_6=31
Column_14=29
Column_24=28
Column_4=27
Column_8=25
Column_29=25
Column_16=19
Column_5=18
Column_3=16
Column_11=13
Column_12=13
Column_19=13
Column_22=12
Column_23=8
Column_13=6

parameters:
[boosting: gbdt]
[objective: regression]
[metric: l1]
[tree_learner: serial]
[device_type: cpu]
[data_sample_strategy: bagging]
[data: ]
[valid: ]
[num_iterations: 5000]
[learning_rate: 0.0564268]
[num_leaves: 60]
[num_threads: -1]
[seed: 42]
[deterministic: 0]
[force_col_wise: 0]
[force_row_wise: 0]
[histogram_pool_size: -1]
[max_depth: 5]
[min_data_in_leaf: 11]
[min_sum_hessian_in_leaf: 0.001]
[bagging_fraction: 0.915659]
[pos_bagging_fraction: 1]
[neg_bagging_fraction: 1]
[bagging_freq: 3]
[bagging_seed: 400]
[bagging_by_query: 0]
[feature_fraction: 0.936226]
[feature_fraction_bynode: 1]
[feature_fraction_seed: 30056]
[extra_trees: 0]
[extra_seed: 12879]
[early_stopping_round: 0]
[early_stopping_min_delta: 0]
[first_metric_only: 0]
[max_delta_step: 0]
[lambda_l1: 0.17229]
[lambda_l2: 0.450275]
[linear_lambda: 0]
[min_gain_to_split: 0.0632991]
[drop_rate: 0.1]
[max_drop: 50]
[skip_drop: 0.5]
[xgboost_dart_mode: 0]
[uniform_drop: 0]
[drop_seed: 17869]
[top_rate: 0.2]
[other_rate: 0.1]
[min_data_per_group: 100]
[max_cat_threshold: 32]
[cat_l2: 10]
[cat_smooth: 10]
[max_cat_to_onehot: 4]
[top_k: 20]
[monotone_constraints: ]
[monotone_constraints_method: basic]
[monotone_penalty: 0]
[feature_contri: ]
[forcedsplits_filename: ]
[refit_decay_rate: 0.9]
[cegb_tradeoff: 1]
[cegb_penalty_split: 0]
[cegb_penalty_feature_lazy: ]
[cegb_penalty_feature_coupled: ]
[path_smooth: 0]
[interaction_constraints: ]
[verbosity: -1]
[saved_feature_importance_type: 0]
[use_quantized_grad: 0]
[num_grad_quant_bins: 4]
[quant_train_renew_leaf: 0]
[stochastic_rounding: 1]
[linear_tree: 0]
[max_bin: 255]
[max_bin_by_feature: ]
[min_data_in_bin: 3]
[bin_construct_sample_cnt: 200000]
[data_random_seed: 175]
[is_enable_sparse: 1]
[enable_bundle: 1]
[use_missing: 1]
[zero_as_missing: 0]
[feature_pre_filter: 1]
[pre_partition: 0]
[two_round: 0]
[header: 0]
[label_column: ]
[weight_column: ]
[group_column: ]
[ignore_column: ]
[categorical_feature: ]
[forcedbins_filename: ]
[precise_float_parser: 0]
[parser_config_file: ]
[objective_seed: 16083]
[num_class: 1]
[is_unbalance: 0]
[scale_pos_weight: 1]
[sigmoid: 1]
[boost_from_average: 1]
[reg_sqrt: 0]
[alpha: 0.9]
[fair_c: 1]
[poisson_max_delta_step: 0.7]
[tweedie_variance_power: 1.5]
[lambdarank_truncation_level: 30]
[lambdarank_norm: 1]
[label_gain: ]
[lambdarank_position_bias_regularization: 0]
[eval_at: ]
[multi_error_top_k: 1]
[auc_mu_weights: ]
[num_machines: 1]
[local_listen_port: 12400]
[time_out: 120]
[machine_list_filename: ]
[machines: ]
[gpu_platform_id: -1]
[gpu_device_id: -1]
[gpu_use_dp: 0]
[num_gpu: 1]

end of parameters

pandas_categorical:null
