tree
version=v4
num_class=1
num_tree_per_iteration=1
label_index=0
max_feature_idx=14
objective=regression
feature_names=Column_0 Column_1 Column_2 Column_3 Column_4 Column_5 Column_6 Column_7 Column_8 Column_9 Column_10 Column_11 Column_12 Column_13 Column_14
feature_infos=[0:79] [-10.983095238095238:18.025357142857143] [0.18857142857142861:0.53142857142857147] [0.19428571428571431:0.53142857142857147] [14.967142857142861:21.034285714285719] [15.074285714285709:20.92285714285714] [15.222857142857141:21.13428571428571] [14.967142857142861:21.148571428571429] [-0.90227691474415017:2.0571136616525196] [15.074285714285709:21.148571428571429] [0.19285714285714289:0.52000000000000002] [14.967142857142861:21.034285714285719] [-1.056707518441337:2.1598511082785472] [-1.1009645658534963:1.2531399449927134] [15.074285714285709:21.13428571428571]
tree_sizes=695 789 887 816 947 822 884 815 621 785 783 834 802 822 908 797 836 841 786 815 868 824 827 814 799 705 772 856 936 935 951 825 818 789 840 771 802 819 922 1041 942 690 686 825 814 944 722 739 712 800 813 801 803 784 800 819 706 824 751 698 798 824 847 850 829 698 864 803 775 909 713 780 718 720 808 854 967 787 810 906 815 802 809 679 591 790 731 814 806 746 716 687 700 788 812 695 788 845 725 887 699 799 809 813 775 801 884 524 597 860 811 900 794 609 807 796 681 680 779 698 805 837 604 873 807 619 812 797 786 755 633 700 612 660 704 794 767 694 608 597 565 811 672 830 770 803 660 522 680 505 584 810 600 715 713 573 817 708 560 695 887 672 597 576 699 743 827 588 704 741 909 783 517 575 601 666 592 590 612 574 617 452 644 507 675 812 772 674 497 519 595 601 775 479 659 644 608 642 579 536 636 587 513 589 452 599 662 546 799 706 796 705 713 567 512 546 711 735 752 470 539 708 446 535 362 615 612 518 608 714 550 771 585 590 517 366 563 656 548 448 647 544 444 410 372 573 631 558 554 434 344 429 763 428 516 448 336 376 799 373 634 452 591 632 554 522 465 642 364 548 478 508 373 374 638 359 458 360 639 475 362 364 449 367 540 448 477 462 428 543 375 532 455 469 426 362 547 362 375 351 432 375 363 364 454 563 372 373 429 369 364 372 347 363 470 356 424 454 364 350 456 524 356 359 375 349 360 446 361 351 356 362 428 440 429 364 443 445 344 364 440 658 349 363 363 443 357 361 351 364 554 335 359 477 458 361 361 429 353 467 346 372 362 364 361 422 346 371 360 361 360 448 362 465 655 360 375 428 356 362 362 374 374 349 362 374 362 362 364 362 351 371 455 372 347 362 427 356 357 348 465 571 356 360 363 428 374 447 427 362 462 362 480 466 344 514 361 376 351 374

Tree=0
num_leaves=6
num_cat=0
split_feature=6 1 3 2 1
split_gain=79.9804 17.5666 10.9988 5.74662 2.34158
threshold=18.377142857142868 9.6451190476190494 0.26428571428571429 0.25642857142857151 -1.6225595238095238
decision_type=2 2 2 2 2
left_child=2 4 3 -1 -2
right_child=1 -3 -4 -5 -6
leaf_value=2.6653924006384386 2.6968016499668939 2.6873956753173776 2.6876684382232967 2.6829829352715682 2.7070310615388768
leaf_weight=31 34.533716201782227 27 15.206542968749998 12.999999999999998 31.854246139526367
leaf_count=31 32 27 15 13 22
internal_value=2.68834 2.69811 2.67355 2.66948 2.70263
internal_weight=152.595 93.388 59.2065 44 66.388
internal_count=140 81 59 44 54
is_linear=0
shrinkage=1


Tree=1
num_leaves=7
num_cat=0
split_feature=3 1 1 13 0 2
split_gain=58.7191 27.3748 16.9257 8.33178 3.61853 0.257952
threshold=0.27000000000000007 0.68136904761904782 7.2032738095238109 0.4735023106683745 24.500000000000004 0.3764285714285715
decision_type=2 2 2 2 2 2
left_child=1 -1 3 -2 -3 -4
right_child=2 4 5 -5 -6 -7
leaf_value=0.0064437231213175239 0.017495611012882346 -0.026609535691051654 -0.0029727592354909338 0.0032324049305703277 -0.011791657840874617 0
leaf_weight=13.680263638496397 40.699578166007996 15.999999999999998 9.9999999999999982 24 33 24
leaf_count=13 31 16 10 24 33 24
internal_value=0 -0.012499 0.00798428 0.0129037 -0.0182843 -0.00104946
internal_weight=161.38 62.6803 98.6996 64.6996 49 34
internal_count=151 62 89 55 49 34
is_linear=0
shrinkage=0.0168771


Tree=2
num_leaves=8
num_cat=0
split_feature=5 12 0 8 10 13 12
split_gain=76.0527 24.4825 12.9901 10.3792 3.0331 2.33035 0.363521
threshold=18.894285714285719 0.18727535062602593 24.500000000000004 -0.23409344514255367 0.31928571428571434 0.3712539277397669 1.4105836153030398
decision_type=2 2 2 2 2 2 2
left_child=1 2 -1 -2 -4 6 -5
right_child=3 -3 4 5 -6 -7 -8
leaf_value=-0.028703558492849394 0 0.0047671644306002594 -0.011774702379791065 0.018859410932610857 0 0.0032191812400275228 0.006960600904415983
leaf_weight=15.999999999999998 18 18.639902591705322 39 36.859817981719971 10.999999999999998 10.224137067794798 12.690071225166319
leaf_count=16 18 18 39 26 11 10 12
internal_value=0 -0.0108711 -0.0156278 0.0118421 -0.00966929 0.0150884 0.0167953
internal_weight=162.414 84.6399 66 77.774 50 59.774 49.5499
internal_count=150 84 66 66 50 48 38
is_linear=0
shrinkage=0.0168771


Tree=3
num_leaves=7
num_cat=0
split_feature=6 1 1 0 8 10
split_gain=58.4783 26.2076 11.317 10.0686 2.10595 0.345577
threshold=18.894285714285719 0.68136904761904782 10.635178571428574 24.500000000000004 0.53557234221980698 0.28571428571428581
decision_type=2 2 2 2 2 2
left_child=1 -1 4 -3 -2 -5
right_child=2 3 -4 5 -6 -7
leaf_value=0.0055461002921982057 0.017348639411763879 -0.027445758432776381 0 -0.010781799312946521 0.0075145299366845206 -0.0022423680931308318
leaf_weight=19.613085985183716 33.123794078826904 14.999999999999998 20 31 30.651950240135193 10.999999999999998
leaf_count=19 24 15 20 31 29 11
internal_value=0.000433926 -0.00988363 0.010143 -0.0155785 0.0134933 -0.00933507
internal_weight=160.389 76.6131 83.7757 57 63.7757 42
internal_count=149 76 73 57 53 42
is_linear=0
shrinkage=0.0168771


Tree=4
num_leaves=8
num_cat=0
split_feature=12 0 0 6 1 1 0
split_gain=66.1866 20.8104 4.71611 1.22736 0.875372 0.604501 0.289709
threshold=-0.10864714396718358 42.500000000000007 67.500000000000014 19.236428571428572 -2.7233333333333332 -6.9876190476190461 24.500000000000004
decision_type=2 2 2 2 2 2 2
left_child=1 6 4 -3 5 -2 -1
right_child=2 3 -4 -5 -6 -7 -8
leaf_value=-0.026738899566877337 0.0012723673934767925 -0.004364378677453323 0.016920349236942394 0.0006041386160750981 0.00048334286420796143 0.0093105241861654777 -0.012708399588767558
leaf_weight=13.999999999999998 11.999999999999995 23 23.996979594230652 15.83066153526306 14.258806109428404 25.840899109840397 23
leaf_count=14 12 23 16 15 14 24 23
internal_value=-0.000424786 -0.011503 0.0103481 -0.00190101 0.00617736 0.00758485 -0.0201438
internal_weight=151.927 75.8307 76.0967 38.8307 52.0997 37.8409 37
internal_count=141 75 66 38 50 36 37
is_linear=0
shrinkage=0.0168771


Tree=5
num_leaves=7
num_cat=0
split_feature=5 1 1 0 8 10
split_gain=66.3355 18.9321 14.5122 12.9273 2.15456 0.918376
threshold=18.894285714285719 1.7505357142857145 10.635178571428574 24.500000000000004 0.74084581244027359 0.28571428571428581
decision_type=2 2 2 2 2 2
left_child=1 -1 4 -3 -2 -5
right_child=2 3 -4 5 -6 -7
leaf_value=0.0045550752164786445 0.018470933233899683 -0.026820104138397537 -5.619081820830096e-05 -0.010211500696412076 0.0075191270123954957 -0.0016571610544316667
leaf_weight=14.613085985183714 32.696689248085022 18 23 34 24.171010732650757 12.999999999999998
leaf_count=14 22 18 23 34 23 13
internal_value=-0.000150507 -0.0109883 0.0103884 -0.0148583 0.0147845 -0.00852947
internal_weight=159.481 79.6131 79.8677 65 56.8677 47
internal_count=147 79 68 65 45 47
is_linear=0
shrinkage=0.0168771


Tree=6
num_leaves=8
num_cat=0
split_feature=5 3 1 1 13 0 1
split_gain=57.3268 22.066 10.0521 3.49748 2.60373 0.837881 0.659864
threshold=18.894285714285719 0.24642857142857141 10.635178571428574 4.5666071428571451 0.45467026633574265 24.500000000000004 11.571309523809527
decision_type=2 2 2 2 2 2 2
left_child=1 5 4 -3 -2 -1 -5
right_child=2 3 -4 6 -6 -7 -8
leaf_value=-0.024757013799800883 0.01500305460938027 0.0040273637664815041 0 -0.0072889434280558182 0.0032131306923222258 -0.011124847598824403 0
leaf_weight=17 46.34555995464325 16.639902591705322 20 14.000000000000002 13.999999999999998 21 9.9999999999999982
leaf_count=17 37 16 20 14 14 21 10
internal_value=-0.000124352 -0.0103127 0.00959036 -0.000852574 0.0128963 -0.0191006 -0.00513865
internal_weight=158.985 78.6399 80.3456 40.6399 60.3456 38 24
internal_count=149 78 71 40 51 38 24
is_linear=0
shrinkage=0.0168771


Tree=7
num_leaves=7
num_cat=0
split_feature=5 1 1 0 13 13
split_gain=47.5492 19.2395 11.5574 9.90627 3.31958 2.94611
threshold=18.894285714285719 0.68136904761904782 10.635178571428574 24.500000000000004 0.45467026633574265 0.025171534858737955
decision_type=2 2 2 2 2 2
left_child=1 -1 4 -3 -2 -5
right_child=2 3 -4 5 -6 -7
leaf_value=0.0055670385875024415 0.015337297580111139 -0.025791099893301358 -7.1350088257391602e-05 -0.011270716516291187 0.0027660803864474276 -0.00079351126911438095
leaf_weight=15.839902639389036 42.85468590259552 13.999999999999998 24 30 13.999999999999998 17
leaf_count=15 33 14 24 30 14 17
internal_value=0 -0.00929143 0.0089155 -0.0135784 0.0129027 -0.00819785
internal_weight=157.695 76.8399 80.8547 61 56.8547 47
internal_count=147 76 71 61 47 47
is_linear=0
shrinkage=0.0168771


Tree=8
num_leaves=5
num_cat=0
split_feature=5 1 1 10
split_gain=53.5551 15.7128 10.919 9.00776
threshold=18.894285714285719 1.7505357142857145 10.635178571428574 0.26428571428571429
decision_type=2 2 2 2
left_child=1 -1 -2 -3
right_child=2 3 -4 -5
leaf_value=0.0041642995674925588 0.013893700799015229 -0.018042123994919536 -0.00017403602988545143 -0.0027780485507651683
leaf_weight=15.613085985183714 57.145825147628784 38 17 22
leaf_count=15 46 38 17 22
internal_value=0.000366229 -0.00929922 0.0104928 -0.0131896
internal_weight=149.759 75.6131 74.1458 60
internal_count=138 75 63 60
is_linear=0
shrinkage=0.0168771


Tree=9
num_leaves=7
num_cat=0
split_feature=10 1 3 0 13 10
split_gain=55.6201 15.9273 14.691 4.88597 4.52979 1.64716
threshold=0.26428571428571429 7.2032738095238109 0.26428571428571429 20.000000000000004 0.4735023106683745 0.39071428571428574
decision_type=2 2 2 2 2 2
left_child=2 4 3 -1 -2 -3
right_child=1 5 -4 -5 -6 -7
leaf_value=-0.027954141495733321 0.014400473014903185 -0.0046654153666638529 0 -0.011136322241929311 0.0027172657609604582 0.00089692920257235719
leaf_weight=15.999999999999998 39.942792534828186 23 11.71175169944763 26 21 23
leaf_count=16 31 23 11 26 21 23
internal_value=-0.00135546 0.00552452 -0.015029 -0.0194405 0.0110335 -0.00153821
internal_weight=160.655 106.943 53.7118 42 60.9428 46
internal_count=151 98 53 42 52 46
is_linear=0
shrinkage=0.0168771


Tree=10
num_leaves=7
num_cat=0
split_feature=5 10 1 2 13 1
split_gain=56.7591 17.0163 9.19792 5.60685 3.26797 1.26456
threshold=18.894285714285719 0.26428571428571429 10.635178571428574 0.26714285714285718 0.45467026633574265 7.8250000000000002
decision_type=2 2 2 2 2 2
left_child=1 3 4 -1 -2 -3
right_child=2 5 -4 -5 -6 -7
leaf_value=-0.020234259754575407 0.014688395882469049 0.0033616469152127418 0 -0.0036459000576244236 0.0030143044452082702 -0.0028968632474271521
leaf_weight=33 48.413386344909668 11.200000047683714 21 12.999999999999998 15.999999999999998 21
leaf_count=33 37 11 21 13 16 21
internal_value=0 -0.0102198 0.00933378 -0.0165012 0.0123776 0
internal_weight=163.613 78.2 85.4134 46 64.4134 32.2
internal_count=152 78 74 46 53 32
is_linear=0
shrinkage=0.0168771


Tree=11
num_leaves=7
num_cat=0
split_feature=6 0 12 1 12 10
split_gain=54.621 14.86 6.31674 4.887 4.43501 4.17158
threshold=19.236428571428572 14.500000000000002 0.093897053173610162 10.635178571428574 1.1450052261352541 0.39071428571428574
decision_type=2 2 2 2 2 2
left_child=1 -1 5 4 -2 -3
right_child=3 2 -4 -5 -6 -7
leaf_value=-0.024601005527785543 0.016878694070947432 -0.0099804613169799036 0.0025192015566509961 0 0.0051637811317957992 3.5061543507752363e-05
leaf_weight=11.999999999999998 35.143558502197266 44 18.20654296875 11.999999999999998 25.930625081062317 9.9999999999999982
leaf_count=12 24 44 18 12 25 10
internal_value=0.000271465 -0.00871277 -0.00492181 0.0108565 0.0127169 -0.00782503
internal_weight=157.281 84.2065 72.2065 73.0742 61.0742 54
internal_count=145 84 72 61 49 54
is_linear=0
shrinkage=0.0168771


Tree=12
num_leaves=7
num_cat=0
split_feature=5 12 0 1 1 3
split_gain=41.8587 17.5182 9.56983 7.37033 1.62426 1.06598
threshold=18.894285714285719 0.18727535062602593 24.500000000000004 10.635178571428574 -1.6225595238095238 0.26428571428571429
decision_type=2 2 2 2 2 2
left_child=1 2 -1 4 -2 -4
right_child=3 -3 5 -5 -6 -7
leaf_value=-0.025531335590376774 0.0062069746762833371 0.004120352971188423 -0.010628835215588377 0 0.015767975643994403 -0.0026094496523802061
leaf_weight=13.999999999999998 29.163158297538757 17.633359670639038 28 19 22.638300895690918 19
leaf_count=14 28 17 28 19 15 19
internal_value=-0.000815313 -0.00926302 -0.013494 0.00825803 0.0114124 -0.00817777
internal_weight=149.435 78.6334 61 70.8015 51.8015 47
internal_count=140 78 61 62 43 47
is_linear=0
shrinkage=0.0168771


Tree=13
num_leaves=7
num_cat=0
split_feature=5 12 10 12 0 0
split_gain=48.6666 15.8432 7.3312 6.77526 0.889255 0.771002
threshold=18.894285714285719 0.31031848170927601 0.26428571428571429 -0.31536945700645441 68.500000000000014 20.000000000000004
decision_type=2 2 2 2 2 2
left_child=1 2 5 -2 -5 -1
right_child=3 -3 -4 4 -6 -7
leaf_value=-0.024039081760842497 0 0.0033749663899399524 -0.0033540021769974237 0.0075541997553795212 0.016548975819141453 -0.011451128411107138
leaf_weight=14.999999999999998 22.830661535263062 16.613085985183716 21 36.688846349716187 18.208412885665894 28
leaf_count=15 22 16 21 34 11 28
internal_value=-0.000690978 -0.00983366 -0.013595 0.00852579 0.0116093 -0.0175778
internal_weight=158.341 80.6131 64 77.7279 54.8973 43
internal_count=147 80 64 67 45 43
is_linear=0
shrinkage=0.0168771


Tree=14
num_leaves=8
num_cat=0
split_feature=2 1 10 13 0 10 0
split_gain=50.7213 17.7262 12.9577 6.09857 4.22047 2.14625 0.529167
threshold=0.26714285714285718 7.5173809523809529 0.26428571428571429 0.4735023106683745 20.000000000000004 0.39071428571428574 30.500000000000004
decision_type=2 2 2 2 2 2 2
left_child=2 3 4 -2 -1 -3 -4
right_child=1 5 6 -5 -6 -7 -8
leaf_value=-0.026259833641803749 0.014726889362042235 -0.0059029735172594182 0.00042888049640218149 0.0018801227312234211 -0.0094042842140811822 0.00091468549700490656 -0.0035438549400909074
leaf_weight=15.999999999999998 46.817238926887512 20 10.000000000000002 20 20 19 9.9999999999999982
leaf_count=16 36 20 10 20 20 19 10
internal_value=-0.000423385 0.00627854 -0.0131519 0.0114424 -0.0188775 -0.00221406 -0.000777264
internal_weight=161.817 105.817 56 66.8172 36 39 20
internal_count=151 95 56 56 36 39 20
is_linear=0
shrinkage=0.0168771


Tree=15
num_leaves=7
num_cat=0
split_feature=7 1 10 1 13 0
split_gain=48.5833 19.0846 9.73083 8.06763 4.81392 1.07024
threshold=19.067142857142866 0.68136904761904782 0.26428571428571429 10.635178571428574 0.4735023106683745 20.000000000000004
decision_type=2 2 2 2 2 2
left_child=1 -1 5 4 -2 -3
right_child=3 2 -4 -5 -6 -7
leaf_value=0.0047536188517322163 0.0146963687566713 -0.024074785944689134 -0.0023537547782215692 0 0.0015439748245921437 -0.011249520473647754
leaf_weight=19.669888377189636 48.150976896286011 14.999999999999998 23 19 14.999999999999998 28
leaf_count=19 36 15 23 19 15 28
internal_value=9.37889e-05 -0.00852434 -0.0128405 0.00932875 0.0121176 -0.017456
internal_weight=167.821 85.6699 66 82.151 63.151 43
internal_count=155 85 66 70 51 43
is_linear=0
shrinkage=0.0168771


Tree=16
num_leaves=7
num_cat=0
split_feature=5 12 0 12 13 10
split_gain=49.6627 16.1182 9.72424 4.50184 1.12082 0.998187
threshold=18.894285714285719 0.18727535062602593 24.500000000000004 -0.31536945700645441 0.45467026633574265 0.28571428571428581
decision_type=2 2 2 2 2 2
left_child=1 2 -1 -2 -5 -4
right_child=3 -3 5 4 -6 -7
leaf_value=-0.024017342786877342 0.00067225161176741701 0.0035025895772796425 -0.0093688867906706729 0.012765423944346127 0.0030386052028127694 -0.001224469288703185
leaf_weight=17 19.830661535263062 17.839902639389038 31 49.191287040710449 12.999999999999998 13.999999999999998
leaf_count=17 19 17 31 39 13 14
internal_value=0 -0.00926204 -0.0132726 0.00910844 0.0113036 -0.00753157
internal_weight=161.862 79.8399 62 82.0219 62.1913 45
internal_count=150 79 62 71 52 45
is_linear=0
shrinkage=0.0168771


Tree=17
num_leaves=7
num_cat=0
split_feature=6 10 6 13 10 10
split_gain=47.1089 7.46919 5.16947 4.8355 3.38545 0.23562
threshold=18.016428571428573 0.26428571428571429 19.270714285714284 -0.11370022061511657 0.39357142857142852 0.38785714285714284
decision_type=2 2 2 2 2 2
left_child=1 3 5 -1 -4 -2
right_child=2 -3 4 -5 -6 -7
leaf_value=-0.0051999288962073023 -0.00096794722791925805 -0.0011337605151628002 0.012225541735885579 -0.019839454667374717 0.0027298196863235788 0.0019729256807092506
leaf_weight=18.20654296875 14.231989502906801 20 45.09258234500885 26 25.409862518310547 10.200000047683714
leaf_count=18 14 20 35 26 25 10
internal_value=-0.000221823 -0.0112378 0.00711229 -0.0149805 0.00935278 0
internal_weight=159.141 64.2065 94.9344 44.2065 70.5024 24.432
internal_count=148 64 84 44 60 24
is_linear=0
shrinkage=0.0168771


Tree=18
num_leaves=7
num_cat=0
split_feature=3 1 10 13 0 10
split_gain=41.3087 13.3294 10.7932 4.51502 1.9467 0.599392
threshold=0.27000000000000007 7.2032738095238109 0.26428571428571429 0.45467026633574265 20.000000000000004 0.39071428571428574
decision_type=2 2 2 2 2 2
left_child=2 3 4 -2 -1 -3
right_child=1 5 -4 -5 -6 -7
leaf_value=-0.02350638178827541 0.013843579294579004 -0.0037603213411685188 0 0.0020257792493650704 -0.0093855917290055213 0
leaf_weight=13.999999999999998 42.761161804199219 15.999999999999998 16.456126570701599 19 22 18
leaf_count=14 32 16 16 19 22 18
internal_value=-0.000148993 0.00625237 -0.0119538 0.0108098 -0.0168024 -0.00161871
internal_weight=148.217 95.7612 52.4561 61.7612 36 34
internal_count=137 85 52 51 36 34
is_linear=0
shrinkage=0.0168771


Tree=19
num_leaves=7
num_cat=0
split_feature=3 1 12 4 1 5
split_gain=45.4821 10.0759 4.85287 0.31128 0.288811 0.168866
threshold=0.26428571428571429 7.2032738095238109 0.15558633580803874 17.628571428571433 -6.0452380952380933 18.534285714285719
decision_type=2 2 2 2 2 2
left_child=2 4 3 -1 -2 -3
right_child=1 5 -4 -5 -6 -7
leaf_value=-0.018766201568811581 0.003719971241645248 -0.0024815963751532786 -0.00038414469270806712 -0.007684172569951569 0.011486868582793462 0
leaf_weight=29 15.706488013267515 11.999999999999998 9.9999999999999982 15.999999999999998 37.04509449005127 23
leaf_count=29 15 12 10 16 30 23
internal_value=-0.00195025 0.00537747 -0.0137108 -0.0160009 0.00989291 -0.0010742
internal_weight=142.752 87.7516 55 45 52.7516 35
internal_count=135 80 55 45 45 35
is_linear=0
shrinkage=0.0168771


Tree=20
num_leaves=8
num_cat=0
split_feature=2 8 0 13 2 8 5
split_gain=44.4059 11.0514 7.6138 3.98179 2.19804 0.9928 0.470407
threshold=0.26714285714285718 -0.15410206433374521 14.500000000000002 0.4735023106683745 0.23785714285714293 -0.40598711005545079 18.534285714285719
decision_type=2 2 2 2 2 2 2
left_child=2 6 -1 -3 -4 -6 -2
right_child=1 3 4 -5 5 -7 -8
leaf_value=-0.023066749590301194 -0.0035547467768023101 0.013133959328460152 -0.011588946436708531 0.0020116011733095781 -0.0049783473938702031 0.00022214845785779785 0
leaf_weight=14.999999999999998 11.999999999999998 39.003363609313965 19 20 13 10 24
leaf_count=15 12 30 19 20 13 10 24
internal_value=-0.00124556 0.0056231 -0.0127845 0.00999811 -0.00735457 -0.00208151 -0.00118317
internal_weight=152.003 95.0034 57 59.0034 42 23 36
internal_count=143 86 57 50 42 23 36
is_linear=0
shrinkage=0.0168771


Tree=21
num_leaves=7
num_cat=0
split_feature=5 1 1 10 13 2
split_gain=37.1298 13.371 8.98359 5.49461 2.33023 0.197698
threshold=18.894285714285719 0.68136904761904782 10.635178571428574 0.26428571428571429 0.45467026633574265 0.25642857142857151
decision_type=2 2 2 2 2 2
left_child=1 -1 4 5 -2 -3
right_child=2 3 -4 -5 -6 -7
leaf_value=0.0036595042185439955 0.01306119834178162 -0.017642067985359635 -0.00032406601550211784 -0.0027930862736775352 0.0020369522044531825 -0.0053758003371244143
leaf_weight=19.433359622955322 54.536224842071533 25 20 22 12.999999999999998 9.9999999999999982
leaf_count=19 41 25 20 22 13 10
internal_value=0.00108355 -0.00721032 0.00857227 -0.0112881 0.0114294 -0.0154114
internal_weight=163.97 76.4334 87.5362 57 67.5362 35
internal_count=150 76 74 57 54 35
is_linear=0
shrinkage=0.0168771


Tree=22
num_leaves=7
num_cat=0
split_feature=11 1 12 0 13 10
split_gain=37.4553 11.5477 11.307 4.01355 3.90686 0.752191
threshold=18.016428571428573 9.6451190476190494 0.18727535062602593 20.000000000000004 0.4735023106683745 0.39071428571428574
decision_type=2 2 2 2 2 2
left_child=2 4 3 -1 -2 -3
right_child=1 5 -4 -5 -6 -7
leaf_value=-0.021696863165241539 0.012244354539877567 -0.0047123807148071843 0.0038046021693472812 -0.0082027956968186953 0.00088683543768265812 0
leaf_weight=13.999999999999998 53.094732880592346 12.000000000000002 10.206542968749998 38 15.999999999999998 15.999999999999998
leaf_count=14 41 12 10 38 16 16
internal_value=0 0.00642384 -0.0100227 -0.0132028 0.010068 -0.00194501
internal_weight=159.301 97.0947 62.2065 52 69.0947 28
internal_count=147 85 62 52 57 28
is_linear=0
shrinkage=0.0168771


Tree=23
num_leaves=7
num_cat=0
split_feature=5 3 8 12 0 13
split_gain=37.0345 11.7977 4.31947 2.38489 1.67529 1.5928
threshold=18.894285714285719 0.25071428571428572 -0.23409344514255367 -0.36968900263309473 20.000000000000004 0.45467026633574265
decision_type=2 2 2 2 2 2
left_child=1 4 -2 -3 -1 -4
right_child=2 3 5 -5 -6 -7
leaf_value=-0.021165722271060613 0 -0.0047267624035589257 0.011732399484305772 0.0028868309531331344 -0.0087152883011473049 0.0018711880593239773
leaf_weight=12.999999999999998 18 21 44.474792242050171 17.433359622955322 28 12.999999999999998
leaf_count=13 18 21 35 17 28 13
internal_value=-0.000260659 -0.00829398 0.00790204 -0.000771003 -0.0143163 0.0100711
internal_weight=154.908 79.4334 75.4748 38.4334 41 57.4748
internal_count=145 79 66 38 41 48
is_linear=0
shrinkage=0.0168771


Tree=24
num_leaves=7
num_cat=0
split_feature=11 1 0 1 13 1
split_gain=27.8956 13.7547 5.22522 4.01054 1.58926 0.799421
threshold=19.01071428571429 0.68136904761904782 24.500000000000004 10.635178571428574 0.4735023106683745 11.571309523809527
decision_type=2 2 2 2 2 2
left_child=1 -1 -3 4 -2 -4
right_child=3 2 5 -5 -6 -7
leaf_value=0.0049978322232347881 0.01118309569190745 -0.020428731753835236 -0.0078857590399486616 0 0.0015015448524896234 0
leaf_weight=16.669888377189636 40.775702953338623 12.999999999999998 38 18 12.999999999999998 9.9999999999999982
leaf_count=16 32 13 38 18 13 10
internal_value=-5.38469e-05 -0.00708166 -0.0108108 0.00723052 0.00943562 -0.00674532
internal_weight=149.446 77.6699 61 71.7757 53.7757 48
internal_count=140 77 61 63 45 48
is_linear=0
shrinkage=0.0168771


Tree=25
num_leaves=6
num_cat=0
split_feature=3 1 1 13 6
split_gain=37.7681 15.662 11.2918 4.0353 0.186282
threshold=0.27000000000000007 0.68136904761904782 7.2032738095238109 0.4735023106683745 18.894285714285719
decision_type=2 2 2 2 2
left_child=1 -1 3 -2 -4
right_child=2 -3 4 -5 -6
leaf_value=0.0036215582246312402 0.012324445904725397 -0.014953392059224621 -0.0025852584590035131 0.0017210582437780046 0
leaf_weight=13.456126570701597 46.145712614059448 50 14.999999999999998 21 24
leaf_count=13 36 50 15 21 24
internal_value=-0.000545994 -0.0106907 0.00543678 0.00953776 -0.00126123
internal_weight=169.602 63.4561 106.146 67.1457 39
internal_count=159 63 96 57 39
is_linear=0
shrinkage=0.0168771


Tree=26
num_leaves=7
num_cat=0
split_feature=6 1 1 2 12 9
split_gain=35.936 9.83609 7.57141 2.13231 2.11447 0.11859
threshold=18.729285714285719 0.68136904761904782 9.6451190476190494 0.25428571428571428 1.4105836153030398 16.551428571428573
decision_type=2 2 2 2 2 2
left_child=1 -1 4 5 -2 -3
right_child=2 3 -4 -5 -6 -7
leaf_value=0.0023578800948902095 0.012944371321277326 -0.018735527913815244 0 -0.00477617555566167 0.0035408276848658657 -0.0079498564291112465
leaf_weight=14.206542968749998 39.476808786392212 17 24 22 20.665802001953125 19
leaf_count=14 29 17 24 22 20 19
internal_value=0 -0.00863107 0.00730035 -0.0116748 0.0103817 -0.014641
internal_weight=156.349 72.2065 84.1426 58 60.1426 36
internal_count=145 72 73 58 49 36
is_linear=0
shrinkage=0.0168771


Tree=27
num_leaves=7
num_cat=0
split_feature=5 12 1 3 13 1
split_gain=33.7638 11.4897 6.1194 3.37912 1.45994 0.524575
threshold=18.894285714285719 0.18727535062602593 13.404821428571429 0.26428571428571429 0.4735023106683745 6.5048809523809537
decision_type=2 2 2 2 2 2
left_child=1 3 4 5 -2 -1
right_child=2 -3 -4 -5 -6 -7
leaf_value=-0.019536983003278614 0.011517701314724208 0.0035060087202859148 -0.00055606282664634021 -0.0013068333431765472 0.0013888386910276922 -0.0087926784051497626
leaf_weight=12.999999999999998 52.508665680885315 15.63990259170532 13.999999999999998 12.999999999999998 10.999999999999998 29
leaf_count=13 41 15 14 13 11 29
internal_value=0.000371675 -0.00774533 0.00806071 -0.0113473 0.0102388 -0.0136695
internal_weight=148.149 70.6399 77.5087 55 63.5087 42
internal_count=136 70 66 55 52 42
is_linear=0
shrinkage=0.0168771


Tree=28
num_leaves=8
num_cat=0
split_feature=5 1 1 10 2 13 10
split_gain=31.2626 15.5709 4.98872 4.62233 1.02384 0.803818 0.131206
threshold=18.894285714285719 0.68136904761904782 10.635178571428574 0.26428571428571429 0.25642857142857151 0.45467026633574265 0.41428571428571431
decision_type=2 2 2 2 2 2 2
left_child=1 -1 5 4 -3 -2 -4
right_child=2 3 6 -5 -6 -7 -8
leaf_value=0.0041056183560664776 0.010312967939030191 -0.017694298788792463 -0.0016120144260901726 -0.0026670495462656541 -0.0056813956558181208 0.0019834166081560095 0.00054331074335892907
leaf_weight=18.839902639389038 46.456369876861572 30 10.000000000000002 18 12.999999999999998 12.999999999999998 9.9999999999999982
leaf_count=18 37 30 10 18 13 13 10
internal_value=-0.000554469 -0.00799597 0.00666914 -0.0121011 -0.015142 0.00902896 0
internal_weight=159.296 79.8399 79.4564 61 43 59.4564 20
internal_count=149 79 70 61 43 50 20
is_linear=0
shrinkage=0.0168771


Tree=29
num_leaves=8
num_cat=0
split_feature=6 1 1 10 10 2 10
split_gain=31.8472 11.5226 6.79689 3.61296 1.18237 1.1359 0.158201
threshold=18.729285714285719 0.68136904761904782 9.6451190476190494 0.26428571428571429 0.39357142857142852 0.25642857142857151 0.41428571428571431
decision_type=2 2 2 2 2 2 2
left_child=1 -1 4 5 -2 -3 -4
right_child=2 3 6 -5 -6 -7 -8
leaf_value=0.0035945549369549895 0.011120028113731426 -0.016299896656574529 -0.0015778353542678994 -0.0020181150466766031 0.0027096716403651067 -0.0050607605677624595 0.00046054043718241229
leaf_weight=15.413085937499998 48.395862936973572 30 14.000000000000002 15.999999999999998 16.4130859375 13.999999999999998 10.999999999999998
leaf_count=15 37 30 14 16 16 14 11
internal_value=0 -0.00787483 0.00674138 -0.0112075 0.00952939 -0.0137382 0
internal_weight=165.222 75.4131 89.8089 60 64.8089 44 25
internal_count=153 75 78 60 53 44 25
is_linear=0
shrinkage=0.0168771


Tree=30
num_leaves=8
num_cat=0
split_feature=6 12 10 12 13 4 2
split_gain=29.1123 13.1427 3.34398 2.79954 1.97931 0.682172 0.305633
threshold=18.894285714285719 0.31031848170927601 0.26428571428571429 -0.31536945700645441 0.45467026633574265 19.117857142857147 0.25642857142857151
decision_type=2 2 2 2 2 2 2
left_child=1 2 6 5 -5 -2 -1
right_child=3 -3 -4 4 -6 -7 -8
leaf_value=-0.015592245368031698 0.0039164966790350411 0.0040088195181535377 -0.0030096687112123365 0.010439585670141409 0.001366728393945581 -5.4424186786820826e-05 -0.0049751669756451927
leaf_weight=29 12.661323070526125 19.613085985183716 21 49.066510677337646 15.999999999999998 15.999999999999998 11.999999999999998
leaf_count=29 11 19 21 38 16 16 12
internal_value=0.000294963 -0.00681325 -0.0106083 0.00673519 0.00869258 0.00118938 -0.0135318
internal_weight=175.341 81.6131 62 93.7278 65.0665 28.6613 41
internal_count=162 81 62 81 54 27 41
is_linear=0
shrinkage=0.0168771


Tree=31
num_leaves=7
num_cat=0
split_feature=9 1 1 10 13 10
split_gain=24.7178 8.87462 6.30135 3.6105 2.11588 0.313291
threshold=18.273571428571433 0.68136904761904782 7.5173809523809529 0.26428571428571429 0.45467026633574265 0.39071428571428574
decision_type=2 2 2 2 2 2
left_child=1 -1 4 -3 -2 -4
right_child=2 3 5 -5 -6 -7
leaf_value=0.0036066710495222809 0.01050162273030969 -0.014400030723099561 -0.002687081156077195 -0.0022681708375931345 0.0018083939596986024 1.7540797323395555e-05
leaf_weight=10.206542968749998 40.539995670318604 35 9.9999999999999982 15.999999999999998 20 22
leaf_count=10 31 35 10 16 20 22
internal_value=-0.000211899 -0.00844573 0.00509075 -0.0113382 0.00819801 -0.000339331
internal_weight=153.747 61.2065 92.54 51 60.54 32
internal_count=144 61 83 51 51 32
is_linear=0
shrinkage=0.0168771


Tree=32
num_leaves=7
num_cat=0
split_feature=3 1 1 13 0 10
split_gain=29.58 11.3818 8.23959 2.75783 2.00409 0.555349
threshold=0.27000000000000007 0.68136904761904782 7.2032738095238109 0.45467026633574265 20.000000000000004 0.39071428571428574
decision_type=2 2 2 2 2 2
left_child=1 -1 3 -2 -3 -4
right_child=2 4 5 -5 -6 -7
leaf_value=0.0027124644881168572 0.011357832036607439 -0.019501912047486809 -0.0033544800559730747 0.0015821734219970518 -0.0079645182874424382 0.00031488120523245292
leaf_weight=14.448274135589598 46.728812098503113 13.999999999999998 11.999999999999998 18 34 20
leaf_count=14 36 14 12 18 34 20
internal_value=0 -0.00882427 0.00578599 0.00915611 -0.0126937 -0.000584208
internal_weight=159.177 62.4483 96.7288 64.7288 48 32
internal_count=148 62 86 54 48 32
is_linear=0
shrinkage=0.0168771


Tree=33
num_leaves=7
num_cat=0
split_feature=5 12 10 8 12 13
split_gain=28.3881 12.8796 5.39801 5.15804 1.31893 0.35448
threshold=18.894285714285719 0.18727535062602593 0.26428571428571429 -0.23409344514255367 1.4105836153030398 0.73205451739972471
decision_type=2 2 2 2 2 2
left_child=1 2 -1 -2 -5 -3
right_child=3 5 -4 4 -6 -7
leaf_value=-0.014279752300755892 0 0.0056743836176817927 -0.0017370579870759698 0.01155356457346287 0.0037360154222587827 0
leaf_weight=37 20 10.83990263938904 20 44.330149531364441 23.13834536075592 9.9999999999999982
leaf_count=37 20 10 20 33 22 10
internal_value=0.000703359 -0.00643498 -0.0105516 0.0073066 0.00945679 0.00379387
internal_weight=165.308 77.8399 57 87.4685 67.4685 20.8399
internal_count=152 77 57 75 55 20
is_linear=0
shrinkage=0.0168771


Tree=34
num_leaves=7
num_cat=0
split_feature=6 8 3 10 10 2
split_gain=25.9104 8.0539 5.08616 1.63977 0.341401 0.247688
threshold=19.236428571428572 1.0000000180025095e-35 0.26428571428571429 0.39357142857142852 0.39071428571428574 0.26214285714285718
decision_type=2 2 2 2 2 2
left_child=1 2 5 -2 -4 -1
right_child=3 -3 4 -5 -6 -7
leaf_value=-0.013201916016665916 0.0099783798306069486 0.0040607519323958112 -0.0026358342121998515 0.0025117712629483214 0 -0.0032593502824179005
leaf_weight=30 51.77453088760376 15.865349173545836 15.000000000000002 23.616405487060547 10.999999999999998 9.9999999999999982
leaf_count=30 40 15 15 23 11 10
internal_value=0.00100834 -0.00531779 -0.00797395 0.00810629 -0.000970267 -0.0116289
internal_weight=157.256 81.8653 66 75.3909 26 40
internal_count=144 81 66 63 26 40
is_linear=0
shrinkage=0.0168771


Tree=35
num_leaves=7
num_cat=0
split_feature=3 10 0 5 3 11
split_gain=28.9291 8.48685 4.19275 2.49388 3.56617 1.33742
threshold=0.27000000000000007 0.26428571428571429 20.000000000000004 18.048571428571428 0.3535714285714287 20.10071428571429
decision_type=2 2 2 2 2 2
left_child=1 2 -1 -2 -5 -6
right_child=3 -3 -4 4 5 -7
leaf_value=-0.019776553442675225 0 0 -0.0060323419599771881 0.010645887397928759 0 0.0056591143723544205
leaf_weight=17 17.226816654205322 17.456126570701599 25 36.235334634780884 27.416218400001526 19.474601268768311
leaf_count=17 17 17 25 28 27 17
internal_value=0 -0.00912474 -0.013017 0.00543195 0.0066083 0.00259768
internal_weight=159.809 59.4561 42 100.353 83.1262 46.8908
internal_count=148 59 42 89 72 44
is_linear=0
shrinkage=0.0168771


Tree=36
num_leaves=7
num_cat=0
split_feature=14 1 1 3 13 2
split_gain=26.3018 8.1531 4.65666 3.59701 3.41773 0.601568
threshold=18.828571428571429 0.68136904761904782 10.635178571428574 0.26428571428571429 0.4735023106683745 0.25642857142857151
decision_type=2 2 2 2 2 2
left_child=1 -1 4 5 -2 -3
right_child=2 3 -4 -5 -6 -7
leaf_value=0.0032186807554419028 0.011745111929571287 -0.013509902011578045 0 -0.0012514795250862995 0.0010742042001735562 -0.0029692402250621908
leaf_weight=15.669888377189634 46.55097508430481 31 15.999999999999998 19 17 9.9999999999999982
leaf_count=15 34 31 16 19 17 10
internal_value=0.000653602 -0.00619151 0.00742531 -0.00904071 0.0094002 -0.0118172
internal_weight=155.221 75.6699 79.551 60 63.551 41
internal_count=142 75 67 60 51 41
is_linear=0
shrinkage=0.0168771


Tree=37
num_leaves=7
num_cat=0
split_feature=5 12 8 0 8 3
split_gain=23.4203 7.11808 5.58216 2.71461 1.34919 0.24714
threshold=18.894285714285719 0.18727535062602593 -0.23409344514255367 24.500000000000004 0.74084581244027359 0.26428571428571429
decision_type=2 2 2 2 2 2
left_child=1 3 -2 -1 -4 -5
right_child=2 -3 4 5 -6 -7
leaf_value=-0.016432129613647792 0 0.0028493149177893067 0.011756121616946879 -0.0068231547644423069 0.00439909434756701 -0.0011913602740666607
leaf_weight=11.999999999999998 22 14.63990259170532 35.608240008354187 28 31.643554091453552 15.999999999999998
leaf_count=12 22 14 24 28 30 16
internal_value=0.00083055 -0.00613082 0.00660313 -0.00888381 0.0089405 -0.00545433
internal_weight=159.892 70.6399 89.2518 56 67.2518 44
internal_count=146 70 76 56 54 44
is_linear=0
shrinkage=0.0168771


Tree=38
num_leaves=8
num_cat=0
split_feature=5 1 10 12 2 10 1
split_gain=24.1927 6.93004 6.45559 2.1012 1.19598 0.815504 0.190159
threshold=18.048571428571428 7.5173809523809529 0.26428571428571429 1.1450052261352541 0.25642857142857151 0.41428571428571431 -6.4779166666666645
decision_type=2 2 2 2 2 2 2
left_child=2 3 4 -2 -1 -3 -5
right_child=1 5 -4 6 -6 -7 -8
leaf_value=-0.014505390609857763 0.011027776098929043 -0.0035415126531032218 0 0 -0.0027471481515392985 0.00093698790048729293 0.0039241843273488935
leaf_weight=29 34.162166476249695 18.000000000000004 15.22681665420532 10.000000000000002 9.9999999999999982 11.999999999999998 18.961335301399231
leaf_count=29 24 18 15 10 10 12 18
internal_value=-0.000172912 0.00485358 -0.00900448 0.00796847 -0.012426 -0.00114467 0.00297809
internal_weight=147.35 93.1235 54.2268 63.1235 39 30 28.9613
internal_count=136 82 54 52 39 30 28
is_linear=0
shrinkage=0.0168771


Tree=39
num_leaves=9
num_cat=0
split_feature=11 1 0 12 1 10 10 10
split_gain=31.0199 6.77151 6.49911 3.46393 2.30071 0.534225 0.427264 0.299027
threshold=18.016428571428573 7.5173809523809529 14.500000000000002 1.0000000180025095e-35 -6.4779166666666645 0.39071428571428574 0.26428571428571429 0.39642857142857141
decision_type=2 2 2 2 2 2 2 2
left_child=2 4 -1 6 -2 -3 -4 -6
right_child=1 5 3 -5 7 -7 -8 -9
leaf_value=-0.018178346158746802 0.00035050309457870343 -0.0035757636522665884 -0.0090286902749461898 0.0018751906711591043 0.010567387887894542 0 -0.0019049932831873408 0.0027094823081520772
leaf_weight=15.999999999999998 15.209675431251524 11.000000000000002 25 10.413085937499998 48.021071076393127 17 14.999999999999998 12.616405487060545
leaf_count=16 15 11 25 10 36 17 15 12
internal_value=-0.000139221 0.00544106 -0.00905012 -0.00489742 0.0080182 -0.000912612 -0.00719052 0.00948445
internal_weight=170.26 103.847 66.4131 50.4131 75.8472 28 40 60.6375
internal_count=157 91 66 50 63 28 40 48
is_linear=0
shrinkage=0.0168771


Tree=40
num_leaves=8
num_cat=0
split_feature=5 0 12 12 12 10 9
split_gain=23.1457 6.78073 4.28928 1.6382 0.95355 0.308164 0.778059
threshold=18.048571428571428 21.500000000000004 -0.31536945700645441 0.093897053173610162 1.1450052261352541 0.4171428571428572 19.254999999999999
decision_type=2 2 2 2 2 2 2
left_child=1 -1 5 -3 -4 6 -2
right_child=2 3 4 -5 -6 -7 -8
leaf_value=-0.016359922110695112 -0.004158372519917599 -0.0055023015644372368 0.0092856734672820702 0.00031338894048041458 0.0029931478775474681 0.0013671748090428148 0.00045009138953423756
leaf_weight=20 13.000000000000002 33 32.216352105140686 10.999999999999998 31.187427520751953 13.999999999999998 9.8306615352630597
leaf_count=20 13 33 24 11 30 14 9
internal_value=-0.000657557 -0.00849045 0.00422502 -0.00364139 0.00679609 0 -0.00147694
internal_weight=164.234 64 100.234 44 63.4038 36.8307 22.8307
internal_count=154 64 90 44 54 36 22
is_linear=0
shrinkage=0.0168771


Tree=41
num_leaves=6
num_cat=0
split_feature=9 1 13 0 2
split_gain=24.3961 11.2751 1.88901 1.10574 1.08657
threshold=16.551428571428573 6.5048809523809537 0.45467026633574265 33.500000000000007 0.35928571428571426
decision_type=2 2 2 2 2
left_child=-1 2 3 -2 -3
right_child=1 4 -4 -5 -6
leaf_value=-0.014492242251662967 0.0017638526442662393 -0.0048465476278035319 0.0012377980060779355 0.010466791866241453 0
leaf_weight=26 13.720147848129271 30 22 37.310559630393982 24
leaf_count=26 13 30 22 27 24
internal_value=-0.000355482 0.0026256 0.00692664 0.00876422 -0.00285416
internal_weight=153.031 127.031 73.0307 51.0307 54
internal_count=142 116 62 40 54
is_linear=0
shrinkage=0.0168771


Tree=42
num_leaves=6
num_cat=0
split_feature=3 0 1 13 8
split_gain=28.7026 5.99137 5.98011 3.50652 1.91201
threshold=0.27000000000000007 20.000000000000004 7.2032738095238109 0.45467026633574265 -0.015931408519723612
decision_type=2 2 2 2 2
left_child=1 -1 3 -2 -3
right_child=2 4 -4 -5 -6
leaf_value=-0.01719800642067465 0.011605595946125407 -0.0062629144923426229 0 0.0011701463875249294 0.00027750198327141539
leaf_weight=17 40.721927046775818 31 29 19 10.224137067794798
leaf_count=17 29 31 29 19 10
internal_value=0 -0.0090164 0.00591423 0.0088525 -0.00422169
internal_weight=146.946 58.2241 88.7219 59.7219 41.2241
internal_count=135 58 77 48 41
is_linear=0
shrinkage=0.0168771


Tree=43
num_leaves=7
num_cat=0
split_feature=3 8 8 13 0 13
split_gain=24.8246 9.74639 4.20616 2.76026 2.4948 0.147429
threshold=0.27000000000000007 1.2781750307906246 -0.16213757046110308 0.45467026633574265 20.000000000000004 0.025171534858737955
decision_type=2 2 2 2 2 2
left_child=1 4 5 -4 -1 -2
right_child=2 -3 3 -5 -6 -7
leaf_value=-0.017896402674016355 -0.0011812020080009126 0.0031097120690404389 0.0098620477572757201 0.0012466575063655324 -0.0067933457964109807 0.0010024553025497326
leaf_weight=14.999999999999998 15.000000000000002 13.680263638496397 46.041322469711304 23 37 13.999999999999998
leaf_count=15 15 13 35 23 37 14
internal_value=0 -0.0078746 0.00528277 0.00747028 -0.0111843 0
internal_weight=163.722 65.6803 98.0413 69.0413 52 29
internal_count=152 65 87 58 52 29
is_linear=0
shrinkage=0.0168771


Tree=44
num_leaves=7
num_cat=0
split_feature=3 1 1 13 0 10
split_gain=24.5198 7.74042 7.67545 2.68771 1.1323 0.765649
threshold=0.27000000000000007 7.2032738095238109 0.68136904761904782 0.62547465316582851 20.000000000000004 0.39071428571428574
decision_type=2 2 2 2 2 2
left_child=2 3 -1 -2 -4 -3
right_child=1 5 4 -5 -6 -7
leaf_value=0.0017052264263516155 0.0098305775625338321 -0.0033851142572900519 -0.017480012319433219 0.00047433149998335396 -0.0073451998157485184 0.00053382697049936278
leaf_weight=11.680263638496397 51.738156795501709 18 13.999999999999998 17 33 22
leaf_count=11 39 18 14 17 33 22
internal_value=-3.10639e-06 0.00458237 -0.008679 0.00794293 -0.0116577 -0.000817443
internal_weight=167.418 108.738 58.6803 68.7382 47 40
internal_count=154 96 58 56 47 40
is_linear=0
shrinkage=0.0168771


Tree=45
num_leaves=8
num_cat=0
split_feature=5 1 1 10 2 12 10
split_gain=19.5802 8.81832 5.38923 3.31543 1.09647 1.06112 0.783656
threshold=18.048571428571428 0.68136904761904782 7.5173809523809529 0.26428571428571429 0.26214285714285718 1.1450052261352541 0.39071428571428574
decision_type=2 2 2 2 2 2 2
left_child=1 -1 5 4 -3 -2 -4
right_child=2 3 6 -5 -6 -7 -8
leaf_value=0.0028163690181660628 0.0094587618757150365 -0.01475187474242739 -0.0039441637217260154 -0.0010595480393494649 -0.003394485240977733 0.0026408369986963597 0.00044350256309188781
leaf_weight=14.22681665420532 32.638110041618347 32 13.000000000000002 13.999999999999998 10.999999999999998 25.737198233604431 18
leaf_count=14 24 32 13 14 11 25 18
internal_value=-0.000923828 -0.00747697 0.00412693 -0.0104323 -0.0127347 0.00708711 -0.000916307
internal_weight=160.602 71.2268 89.3753 57 43 58.3753 31
internal_count=151 71 80 57 43 49 31
is_linear=0
shrinkage=0.0168771


Tree=46
num_leaves=6
num_cat=0
split_feature=2 8 13 10 0
split_gain=19.3182 9.91396 1.64429 1.48098 1.00168
threshold=0.24571428571428575 -0.16213757046110308 0.4735023106683745 0.39071428571428574 33.500000000000007
decision_type=2 2 2 2 2
left_child=-1 3 4 -2 -3
right_child=1 2 -4 -5 -6
leaf_value=-0.010767496357939145 -0.0043270791443026412 0.0021113629178419286 0.0010572743292991892 0.0005879611268455561 0.010160995587560574
leaf_weight=32.20654296875 31 15.513604879379271 19 21 42.486957788467407
leaf_count=32 31 15 19 21 31
internal_value=0.000213039 0.00330175 0.00711055 -0.00200807 0.00858
internal_weight=161.207 129.001 77.0006 52 58.0006
internal_count=149 117 65 52 46
is_linear=0
shrinkage=0.0168771


Tree=47
num_leaves=6
num_cat=0
split_feature=5 12 10 1 10
split_gain=20.2179 10.1614 2.91332 2.73753 0.865461
threshold=18.894285714285719 0.093897053173610162 0.26428571428571429 13.179345238095239 0.34785714285714292
decision_type=2 2 2 2 2
left_child=1 2 -1 4 -2
right_child=3 -3 -4 -5 -6
leaf_value=-0.012105992019613156 0.0097231206867429785 0.0031455725705226575 -0.0020159981117709599 -0.0001184726832525436 0.0036122240534212972
leaf_weight=40 33.017736434936523 20.839902639389038 19 10.999999999999998 35.292930960655212
leaf_count=40 25 20 19 11 33
internal_value=0 -0.00590883 -0.00946663 0.00590744 0.00715768
internal_weight=159.151 79.8399 59 79.3107 68.3107
internal_count=148 79 59 69 58
is_linear=0
shrinkage=0.0168771


Tree=48
num_leaves=6
num_cat=0
split_feature=11 8 0 12 13
split_gain=21.7633 3.70124 3.24068 1.85669 0.926145
threshold=18.016428571428573 -0.23409344514255367 14.500000000000002 1.0000000180025095e-35 0.4735023106683745
decision_type=2 2 2 2 2
left_child=2 -2 -1 -4 -3
right_child=1 4 3 -5 -6
leaf_value=-0.016127854919047068 -6.4078605928020316e-05 0.0076318604301248956 -0.0068981831915434734 0 0.00092653655289632296
leaf_weight=13.999999999999998 32 46.102693557739258 35 9.9999999999999982 17
leaf_count=14 32 37 35 10 17
internal_value=-0.000825938 0.00398203 -0.00876065 -0.0051591 0.00628568
internal_weight=154.103 95.1027 59 45 63.1027
internal_count=145 86 59 45 54
is_linear=0
shrinkage=0.0168771


Tree=49
num_leaves=7
num_cat=0
split_feature=7 1 1 0 13 1
split_gain=16.2802 6.94299 3.71439 3.00121 1.71251 0.120316
threshold=19.067142857142866 0.68136904761904782 10.635178571428574 20.000000000000004 0.4735023106683745 8.1582142857142852
decision_type=2 2 2 2 2 2
left_child=1 -1 4 -3 -2 -5
right_child=2 3 -4 5 -6 -7
leaf_value=0.0029891216442692716 0.0092442552974860703 -0.014979380546591207 0 0 0.00084588724397803735 -0.0050743654499688833
leaf_weight=18.720147848129272 46.681440472602844 12.999999999999998 20 9.9999999999999982 15.999999999999998 38
leaf_count=18 35 13 20 10 16 38
internal_value=0.000346797 -0.00485906 0.00562265 -0.0076448 0.0075751 -0.00447423
internal_weight=162.402 79.7201 82.6814 61 62.6814 48
internal_count=150 79 71 61 51 48
is_linear=0
shrinkage=0.0168771


Tree=50
num_leaves=7
num_cat=0
split_feature=3 1 10 0 1 10
split_gain=19.0047 5.85193 4.32368 0.906265 0.799 0.665896
threshold=0.26428571428571429 7.8250000000000002 0.26428571428571429 20.000000000000004 -6.0452380952380933 0.39071428571428574
decision_type=2 2 2 2 2 2
left_child=2 4 3 -1 -2 -3
right_child=1 5 -4 -5 -6 -7
leaf_value=-0.015664158602525242 0.001128983859498296 -0.0032601448219055475 0 -0.0057656180278672026 0.0083343313311153751 0.00058201371325520375
leaf_weight=13.999999999999998 14.248406291007994 14.999999999999998 15.224137067794798 24 50.649620294570923 24
leaf_count=14 14 15 15 24 40 24
internal_value=0 0.00417065 -0.00795807 -0.0108165 0.0071995 -0.000484832
internal_weight=157.122 103.898 53.2241 38 64.898 39
internal_count=146 93 53 38 54 39
is_linear=0
shrinkage=0.0168771


Tree=51
num_leaves=7
num_cat=0
split_feature=5 0 8 12 13 13
split_gain=17.5708 5.72363 3.48588 1.42181 0.914473 0.369869
threshold=18.670000000000005 21.500000000000004 -0.16213757046110308 0.093897053173610162 0.4735023106683745 0.025171534858737955
decision_type=2 2 2 2 2 2
left_child=1 -1 -2 5 -4 -3
right_child=2 3 4 -5 -6 -7
leaf_value=-0.01446218175756276 0 -0.0052183170839737161 0.00856648863531192 0.00068638949491294139 0.0010241737786427119 0
leaf_weight=15.999999999999998 23 30 45.060129284858704 14.22681665420532 13.999999999999998 9.9999999999999982
leaf_count=16 23 30 34 14 14 10
internal_value=0 -0.00609802 0.00518556 -0.00262598 0.00727259 -0.00429308
internal_weight=152.287 70.2268 82.0601 54.2268 59.0601 40
internal_count=141 70 71 54 48 40
is_linear=0
shrinkage=0.0168771


Tree=52
num_leaves=7
num_cat=0
split_feature=6 12 1 3 4 12
split_gain=16.7144 6.91288 3.91401 2.5437 0.435929 0.339228
threshold=18.729285714285719 0.18727535062602593 9.6451190476190494 0.26428571428571429 17.628571428571433 1.1450052261352541
decision_type=2 2 2 2 2 2
left_child=1 3 5 4 -1 -2
right_child=2 -3 -4 -5 -6 -7
leaf_value=-0.012284533247718608 0.0093619173367951898 0.0024519339939887779 0 -0.00086438398493568133 -0.0030943868893155246 0.0035461784594882752
leaf_weight=28 36.778012275695801 19.20654296875 22 17 11.999999999999998 26.466544032096863
leaf_count=28 26 19 22 17 12 25
internal_value=0.000294539 -0.00519857 0.00546905 -0.0081445 -0.0104473 0.00753046
internal_weight=161.451 76.2065 85.2446 57 40 63.2446
internal_count=149 76 73 57 40 51
is_linear=0
shrinkage=0.0168771


Tree=53
num_leaves=7
num_cat=0
split_feature=6 1 3 1 13 4
split_gain=18.1878 7.35652 3.37168 2.06659 0.890287 0.180414
threshold=18.894285714285719 0.68136904761904782 0.26428571428571429 10.635178571428574 0.4735023106683745 17.628571428571433
decision_type=2 2 2 2 2 2
left_child=1 -1 5 4 -2 -3
right_child=3 2 -4 -5 -6 -7
leaf_value=0.0026347967814052192 0.0079642430441905013 -0.012310673669213554 0 0 0.00070032765753223953 -0.0044767638910442617
leaf_weight=17.20654296875 44.619867086410522 34 14.999999999999998 20 13.999999999999998 17
leaf_count=17 34 34 15 20 14 17
internal_value=-0.000402921 -0.00592775 -0.00850238 0.00517216 0.00670909 -0.0104984
internal_weight=161.826 83.2065 66 78.6199 58.6199 51
internal_count=151 83 66 68 48 51
is_linear=0
shrinkage=0.0168771


Tree=54
num_leaves=7
num_cat=0
split_feature=7 12 10 1 13 2
split_gain=19.6595 6.60613 4.58496 2.51792 1.36816 0.471665
threshold=19.067142857142866 0.18727535062602593 0.26428571428571429 10.635178571428574 0.4735023106683745 0.25642857142857151
decision_type=2 2 2 2 2 2
left_child=1 2 5 4 -2 -1
right_child=3 -3 -4 -5 -6 -7
leaf_value=-0.013059082483428091 0.0087697680446586802 0.0021653206448852993 -0.00074589252385791869 0 0.00057746564493534242 -0.0029207236641893776
leaf_weight=32 47.132513761520386 17.463345408439636 22 17 13.999999999999998 9.9999999999999982
leaf_count=32 35 17 22 17 14 10
internal_value=0 -0.00581373 -0.00832544 0.0058227 0.00735533 -0.0114905
internal_weight=159.596 81.4633 64 78.1325 61.1325 42
internal_count=147 81 64 66 49 42
is_linear=0
shrinkage=0.0168771


Tree=55
num_leaves=7
num_cat=0
split_feature=5 8 8 10 12 10
split_gain=13.8903 5.51416 3.86351 2.26248 0.795043 0.350556
threshold=18.048571428571428 1.0000000180025095e-35 -0.23409344514255367 0.26428571428571429 1.1450052261352541 0.4171428571428572
decision_type=2 2 2 2 2 2
left_child=1 3 5 -1 -4 -2
right_child=2 -3 4 -5 -6 -7
leaf_value=-0.011196779815937079 -0.0019368888212043232 0.0021441503007137708 0.0084126978097501456 0 0.0026594649114246491 0.00093101496026806469
leaf_weight=34 21 11.22681665420532 33.179113745689392 9.9999999999999982 32.185472369194031 11.999999999999998
leaf_count=34 21 11 24 10 31 12
internal_value=0 -0.00652822 0.0038209 -0.00921461 0.0061426 -0.000278885
internal_weight=153.591 55.2268 98.3646 44 65.3646 33
internal_count=143 55 88 44 55 33
is_linear=0
shrinkage=0.0168771


Tree=56
num_leaves=6
num_cat=0
split_feature=5 1 1 0 1
split_gain=14.2804 5.11863 3.89608 2.1755 1.50269
threshold=18.048571428571428 0.68136904761904782 7.5173809523809529 20.000000000000004 -6.4779166666666645
decision_type=2 2 2 2 2
left_child=1 -1 4 -3 -2
right_child=2 3 -4 -5 -6
leaf_value=0.0017780407642870545 0 -0.014926309371196659 -0.00061409920362925409 -0.0048197898808954977 0.0075820377231063116
leaf_weight=12.999999999999998 13.209675431251524 12.999999999999998 26 38 51.45557165145874
leaf_count=13 13 13 26 38 40
internal_value=0 -0.00607417 0.0041333 -0.00847944 0.00631798
internal_weight=154.665 64 90.6652 51 64.6652
internal_count=143 64 79 51 53
is_linear=0
shrinkage=0.0168771


Tree=57
num_leaves=7
num_cat=0
split_feature=5 1 1 3 8 0
split_gain=14.6916 4.12767 3.0275 1.63789 0.551354 0.267893
threshold=18.894285714285719 0.68136904761904782 12.644523809523809 0.26428571428571429 0.74084581244027359 40.500000000000007
decision_type=2 2 2 2 2 2
left_child=1 -1 4 5 -2 -3
right_child=2 3 -4 -5 -6 -7
leaf_value=0.0019552359577227059 0.0090246456982507901 -0.0092107637011588708 0 -0.00031677537738296298 0.0031158863686592251 -0.0013686987097710169
leaf_weight=16.406543016433716 39.771476268768311 34 13.999999999999998 17 26.395147800445557 9.9999999999999982
leaf_count=16 28 34 14 17 25 10
internal_value=0.000661808 -0.00434055 0.0057446 -0.00639656 0.00722297 -0.00810209
internal_weight=157.573 77.4065 80.1666 61 66.1666 44
internal_count=144 77 67 61 53 44
is_linear=0
shrinkage=0.0168771


Tree=58
num_leaves=6
num_cat=0
split_feature=5 12 10 8 13
split_gain=11.1957 4.83959 2.5699 0.540661 0.524261
threshold=18.894285714285719 0.18727535062602593 0.26428571428571429 -0.16213757046110308 0.4735023106683745
decision_type=2 2 2 2 2
left_child=1 2 -1 -2 -5
right_child=3 -3 -4 4 -6
leaf_value=-0.0097544468757380896 0.00015759083354772784 0.0023530621457343113 -0.00074865233450099465 0.0070164186665291565 0.00084347152441148487
leaf_weight=31 14.236932396888731 17.633359670639038 21 43.038347363471985 14.999999999999998
leaf_count=31 14 17 21 34 15
internal_value=0.000430079 -0.00414032 -0.0067585 0.00512137 0.00590544
internal_weight=141.909 69.6334 52 72.2753 58.0383
internal_count=132 69 52 63 49
is_linear=0
shrinkage=0.0168771


Tree=59
num_leaves=6
num_cat=0
split_feature=3 1 1 13 13
split_gain=13.6931 4.57577 3.66647 1.75219 0.134865
threshold=0.27000000000000007 7.8250000000000002 0.68136904761904782 0.4735023106683745 0.025171534858737955
decision_type=2 2 2 2 2
left_child=2 3 -1 -2 -3
right_child=1 4 -4 -5 -6
leaf_value=0.00084245864352311113 0.0081616291680930899 -0.001404148869323578 -0.0083443755367949637 0.00082234994108750274 0
leaf_weight=10.448274135589598 49.108470797538757 19 44 21 18
leaf_count=10 37 19 44 21 18
internal_value=0.000305293 0.00391216 -0.00623744 0.00639083 -0.000346537
internal_weight=161.557 107.108 54.4483 70.1085 37
internal_count=149 95 54 58 37
is_linear=0
shrinkage=0.0168771


Tree=60
num_leaves=7
num_cat=0
split_feature=7 10 10 0 12 12
split_gain=12.2796 3.28328 1.39464 1.22114 0.218982 0.140904
threshold=19.067142857142866 0.26428571428571429 0.35571428571428576 39.500000000000007 -0.36968900263309473 -0.74214569159916455
decision_type=2 2 2 2 2 2
left_child=1 3 -2 -1 -4 -3
right_child=2 5 4 -5 -6 -7
leaf_value=-0.0097217000344573829 0.0077298618425136103 -0.001763612035461292 0 -0.00012157768999249289 0.0024554207991567501 0
leaf_weight=28 33.318556666374207 9.9999999999999982 10.999999999999998 9.9999999999999982 22.519548058509827 23
leaf_count=28 25 10 11 10 21 23
internal_value=0 -0.00470894 0.00516206 -0.00793191 0.00158015 -3.08997e-05
internal_weight=137.838 71 66.8381 38 33.5195 33
internal_count=128 71 57 38 32 33
is_linear=0
shrinkage=0.0168771


Tree=61
num_leaves=7
num_cat=0
split_feature=12 10 13 5 0 0
split_gain=10.593 3.53544 2.55275 0.578197 0.39775 0.37785
threshold=-0.10864714396718358 0.39071428571428574 0.1541023214142152 19.336428571428581 42.500000000000007 33.500000000000007
decision_type=2 2 2 2 2 2
left_child=1 4 5 -4 -1 -2
right_child=2 -3 3 -5 -6 -7
leaf_value=-0.0087712984295170004 0.0015306507169661017 0.00050465097182551149 -0.0015926140748662365 0.002451253245812495 -0.0027006607109534009 0.00795074030855728
leaf_weight=32 15.463345408439634 18.203319549560547 18 15.665802001953123 22 29.646028280258179
leaf_count=32 15 18 18 15 22 21
internal_value=-0.000122104 -0.00483075 0.00393766 0 -0.00695693 0.00644324
internal_weight=150.978 72.2033 78.7752 33.6658 54 45.1094
internal_count=141 72 69 33 54 36
is_linear=0
shrinkage=0.0168771


Tree=62
num_leaves=7
num_cat=0
split_feature=3 1 1 13 10 0
split_gain=10.5162 4.28319 3.81783 1.70262 0.455032 0.397581
threshold=0.27000000000000007 7.8250000000000002 1.7505357142857145 0.45467026633574265 0.39071428571428574 20.000000000000004
decision_type=2 2 2 2 2 2
left_child=2 3 -1 -2 -3 -4
right_child=1 4 5 -5 -6 -7
leaf_value=0.0017872850284966454 0.0082364112684438009 -0.0029046727901902306 -0.011678346885468217 0.00075652131924224973 0.00028711070800190486 -0.0042246079119954288
leaf_weight=11.456126570701597 44.975038051605225 14.000000000000002 11.999999999999998 20 14.999999999999998 30
leaf_count=11 33 14 12 20 15 30
internal_value=0.000533708 0.00402731 -0.00510097 0.00639557 -0.000675863 -0.00747304
internal_weight=147.431 93.975 53.4561 64.975 29 42
internal_count=135 82 53 53 29 42
is_linear=0
shrinkage=0.0168771


Tree=63
num_leaves=7
num_cat=0
split_feature=6 8 0 8 8 10
split_gain=15.5395 5.13231 3.2007 2.99547 1.11975 0.206216
threshold=18.729285714285719 1.0000000180025095e-35 20.000000000000004 -0.23409344514255367 0.53557234221980698 0.40357142857142864
decision_type=2 2 2 2 2 2
left_child=1 2 -1 5 -5 -2
right_child=3 -3 -4 4 -6 -7
leaf_value=-0.014453222304549759 -0.0018550092780280276 0.0017662805372348131 -0.0043726717768783991 0.0083664807470028215 0.0022743468849068093 0.00032590082328765729
leaf_weight=18 14.000000000000002 13.206542968749998 42 33.355591535568237 32.40622353553772 9.9999999999999982
leaf_count=18 14 13 42 23 31 10
internal_value=-0.000414463 -0.00617709 -0.00828265 0.00408989 0.00591476 -0.000176476
internal_weight=162.968 73.2065 60 89.7618 65.7618 24
internal_count=151 73 60 78 54 24
is_linear=0
shrinkage=0.0168771


Tree=64
num_leaves=7
num_cat=0
split_feature=3 1 1 1 0 3
split_gain=11.1161 4.17026 3.49745 1.40724 1.09013 0.216841
threshold=0.26428571428571429 0.68136904761904782 7.8250000000000002 -6.1751785714285718 20.000000000000004 0.35714285714285721
decision_type=2 2 2 2 2 2
left_child=1 -1 3 -2 -3 -5
right_child=2 4 -4 5 -6 -7
leaf_value=0.00089840865083429386 0 -0.013457777220849563 -0.0010076323141760264 0.0079610442577382323 -0.0049100582023814477 0.0018845592663068542
leaf_weight=11.456126570701597 12.999999999999998 14.999999999999998 36 28.690909147262573 33 16.280618906021118
leaf_count=11 13 15 36 22 33 14
internal_value=-0.000836447 -0.0064858 0.00259412 0.00514015 -0.00863903 0.00647799
internal_weight=153.428 59.4561 93.9715 57.9715 48 44.9715
internal_count=144 59 85 49 48 36
is_linear=0
shrinkage=0.0168771


Tree=65
num_leaves=6
num_cat=0
split_feature=5 10 1 8 10
split_gain=11.6988 3.57038 2.33646 0.729174 0.592792
threshold=18.894285714285719 0.26428571428571429 10.635178571428574 -0.052348229104176261 0.39357142857142852
decision_type=2 2 2 2 2
left_child=1 3 4 -1 -2
right_child=2 -3 -4 -5 -6
leaf_value=-0.0094090266689369033 0.0069660769290884475 0 0 -0.00097865463202228891 0.00091638600735009096
leaf_weight=31 45.703994154930115 34.200000047683716 22 10.999999999999998 16.409862518310547
leaf_count=31 35 34 22 11 16
internal_value=0 -0.0047581 0.00420815 -0.00790699 0.00582527
internal_weight=160.314 76.2 84.1139 42 62.1139
internal_count=149 76 73 42 51
is_linear=0
shrinkage=0.0168771


Tree=66
num_leaves=8
num_cat=0
split_feature=5 10 1 0 6 12 2
split_gain=11.6352 3.44961 3.07377 2.53153 0.658929 0.386183 0.159944
threshold=18.048571428571428 0.26428571428571429 7.5173809523809529 39.500000000000007 16.493571428571432 1.1450052261352541 0.35928571428571426
decision_type=2 2 2 2 2 2 2
left_child=1 3 5 4 -1 -2 -4
right_child=2 -3 6 -5 -6 -7 -8
leaf_value=-0.0027878123975420875 0.0070969711633981445 0 -0.0020575704506237903 0 -0.013742961136341497 0.0021832339254970893 0
leaf_weight=10.000000000000002 32.831274390220642 17 10.000000000000002 9.9999999999999982 19 29.419960737228394 21
leaf_count=10 24 17 10 10 19 28 21
internal_value=-0.000281386 -0.00631308 0.00318925 -0.00891414 -0.0112674 0.00532027 -0.000518501
internal_weight=149.251 56 93.2512 39 29 62.2512 31
internal_count=139 56 83 39 29 52 31
is_linear=0
shrinkage=0.0168771


Tree=67
num_leaves=7
num_cat=0
split_feature=14 1 0 1 1 10
split_gain=11.9538 5.96245 2.99909 1.79175 1.06127 0.272322
threshold=18.828571428571429 -2.7233333333333332 20.000000000000004 9.4179166666666667 -6.4779166666666645 0.38785714285714284
decision_type=2 2 2 2 2 2
left_child=1 -1 -3 4 -2 -6
right_child=3 2 -4 -5 5 -7
leaf_value=0.0048237277654839131 0 -0.013427923221466218 -0.003580135464569696 0 0.0081210099293313309 0.001691347843666069
leaf_weight=10.926690816879271 14.209675431251524 14.999999999999998 46 17 36.833274126052856 14.27993607521057
leaf_count=10 14 15 46 17 26 13
internal_value=0.000115984 -0.00466201 -0.0068544 0.00457026 0.00579397 0.00692779
internal_weight=154.25 71.9267 61 82.3229 65.3229 51.1132
internal_count=141 71 61 70 53 39
is_linear=0
shrinkage=0.0168771


Tree=68
num_leaves=7
num_cat=0
split_feature=2 1 3 13 13 6
split_gain=11.6253 3.51599 2.39276 1.26777 0.762455 0.228843
threshold=0.26714285714285718 7.2032738095238109 0.26428571428571429 0.4735023106683745 -0.17119928588578989 18.894285714285719
decision_type=2 2 2 2 2 2
left_child=2 3 4 -2 -1 -3
right_child=1 5 -4 -5 -6 -7
leaf_value=-0.0026800494932658651 0.0071315917645012198 -0.0024676996208092663 0 0.00044878353151350754 -0.010662060361168011 0
leaf_weight=17 39.2918621301651 12.999999999999998 10.416218400001524 20 26 19
leaf_count=17 30 13 10 20 26 19
internal_value=-0.000522928 0.00295095 -0.00670349 0.00536442 -0.0083651 -0.000953309
internal_weight=144.708 91.2919 53.4162 59.2919 43 32
internal_count=135 82 53 50 43 32
is_linear=0
shrinkage=0.0168771


Tree=69
num_leaves=8
num_cat=0
split_feature=3 1 2 1 0 10 10
split_gain=12.742 3.55404 2.71524 0.762841 0.473191 0.342231 0.31257
threshold=0.26428571428571429 7.8250000000000002 0.26714285714285718 -5.3811309523809525 20.000000000000004 0.39071428571428574 0.38785714285714284
decision_type=2 2 2 2 2 2 2
left_child=2 3 4 -2 -1 -3 -5
right_child=1 5 -4 6 -6 -7 -8
leaf_value=-0.012735245270881051 0.0005228411354433922 -0.0025304383437163239 0 0.0072448440304171535 -0.0048685721373818314 0 0.00081376429722294485
leaf_weight=14.999999999999998 18.496812582015991 18 12.456126570701597 38.842499971389771 28 14.999999999999998 12.034981489181517
leaf_count=15 18 18 12 29 28 15 11
internal_value=-0.000402206 0.00296448 -0.006839 0.00512832 -0.00873526 -0.00100728 0.00626686
internal_weight=157.83 102.374 55.4561 69.3743 43 33 50.8775
internal_count=146 91 55 58 43 33 40
is_linear=0
shrinkage=0.0168771


Tree=70
num_leaves=6
num_cat=0
split_feature=3 8 8 13 0
split_gain=12.141 5.61803 2.90422 1.57147 1.10814
threshold=0.26428571428571429 1.2781750307906246 -0.23409344514255367 0.4735023106683745 20.000000000000004
decision_type=2 2 2 2 2
left_child=1 4 -2 -4 -1
right_child=2 -3 3 -5 -6
leaf_value=-0.013811612570352903 -3.2385731637621929e-05 0.0010823729928281117 0.0070341268738696519 6.6956923391296179e-05 -0.004546876985747168
leaf_weight=17 38 14.456126570701597 43.521262884140015 20 23
leaf_count=17 38 14 33 20 23
internal_value=-0.000156204 -0.00652045 0.00312963 0.0052771 -0.00967742
internal_weight=155.977 54.4561 101.521 63.5213 40
internal_count=145 54 91 53 40
is_linear=0
shrinkage=0.0168771


Tree=71
num_leaves=7
num_cat=0
split_feature=6 1 1 2 13 8
split_gain=13.0724 3.72689 1.70129 1.2155 0.721833 0.492271
threshold=18.729285714285719 0.68136904761904782 9.6451190476190494 0.25428571428571428 0.4735023106683745 1.9531068716730393
decision_type=2 2 2 2 2 2
left_child=1 -1 4 -3 5 -2
right_child=2 3 -4 -5 -6 -7
leaf_value=0.0014128924888558694 0.0072934068358277799 -0.0093622231972782782 0 -0.0021386756813789199 0 0.00071767477528256456
leaf_weight=12.206542968749998 42.174606680870056 36 22 22 11.999999999999998 12.938477516174315
leaf_count=12 31 36 22 22 12 12
internal_value=0 -0.00541905 0.00413856 -0.00722372 0.00542481 0.0062496
internal_weight=159.32 70.2065 89.1131 58 67.1131 55.1131
internal_count=147 70 77 58 55 43
is_linear=0
shrinkage=0.0168771


Tree=72
num_leaves=6
num_cat=0
split_feature=5 1 1 3 4
split_gain=11.3399 4.09395 2.06403 1.96431 0.823193
threshold=18.894285714285719 1.0000000180025095e-35 13.179345238095239 0.26428571428571429 17.002857142857149
decision_type=2 2 2 2 2
left_child=1 -1 -2 4 -3
right_child=2 3 -4 -5 -6
leaf_value=0.0020322213520107585 0.0055402881581806318 -0.010347560426286413 -0.00030376406017259812 -0.0003988372523591964 -0.0025997639772034702
leaf_weight=16.406543016433716 70.115713477134705 28 12.999999999999998 20 18
leaf_count=16 58 28 13 20 18
internal_value=0 -0.00429621 0.00438632 -0.00621407 -0.0081097
internal_weight=165.522 82.4065 83.1157 66 46
internal_count=153 82 71 66 46
is_linear=0
shrinkage=0.0168771


Tree=73
num_leaves=6
num_cat=0
split_feature=2 0 8 13 1
split_gain=10.5143 3.47985 3.08185 1.6953 0.926898
threshold=0.25642857142857151 14.500000000000002 -0.23409344514255367 0.4735023106683745 4.5666071428571451
decision_type=2 2 2 2 2
left_child=1 -1 -2 -4 -3
right_child=2 4 3 -5 -6
leaf_value=-0.01263808339545977 -0.0002908280858944043 0.00057728582383048698 0.0066863533297878038 0 -0.0038073316061631914
leaf_weight=13.999999999999998 34 10.413085937499998 52.287523984909058 14.999999999999998 27
leaf_count=14 34 10 40 15 27
internal_value=0 -0.00588964 0.00326432 0.00531755 -0.00207755
internal_weight=152.701 51.4131 101.288 67.2875 37.4131
internal_count=140 51 89 55 37
is_linear=0
shrinkage=0.0168771


Tree=74
num_leaves=7
num_cat=0
split_feature=9 8 0 10 1 2
split_gain=7.86247 3.63267 2.13478 1.125 0.568462 0.861208
threshold=16.551428571428573 -0.23409344514255367 20.000000000000004 0.39071428571428574 -6.4779166666666645 0.26928571428571441
decision_type=2 2 2 2 2 2
left_child=2 3 -1 -2 -3 -6
right_child=1 4 -4 -5 5 -7
leaf_value=-0.012230836629857451 -0.0034919889575103099 0 -0.00017032583123447739 0.00071413147980008552 0 0.0055937479293660716
leaf_weight=14.000000000000002 33 15.209675431251524 10.999999999999998 21 14.206542968749998 49.150679588317871
leaf_count=14 33 15 11 21 14 40
internal_value=-1.27817e-05 0.00152936 -0.00829919 -0.00150958 0.00387248 0.00456957
internal_weight=157.567 132.567 25 54 78.5669 63.3572
internal_count=148 123 25 54 69 54
is_linear=0
shrinkage=0.0168771


Tree=75
num_leaves=7
num_cat=0
split_feature=3 1 1 2 1 3
split_gain=9.99163 4.04681 3.30305 0.671492 0.545351 0.139725
threshold=0.26428571428571429 0.68136904761904782 7.8250000000000002 0.26714285714285718 -6.1751785714285718 0.35714285714285721
decision_type=2 2 2 2 2 2
left_child=1 -1 4 -3 -2 -6
right_child=2 3 -4 -5 5 -7
leaf_value=0.0018596530673654012 1.9027627881538323e-05 -0.0085182764541345997 -0.00028351584026155876 -0.00039246164384095623 0.0074850398209216577 0.0022085090532848483
leaf_weight=12.680263638496397 12.209675431251524 36 33 9.9999999999999982 38.95291805267334 19.739845514297485
leaf_count=12 12 36 33 10 29 17
internal_value=0.000277742 -0.00499316 0.00351945 -0.00733875 0.00553446 0.00626275
internal_weight=162.583 58.6803 103.902 46 70.9024 58.6928
internal_count=149 58 91 46 58 46
is_linear=0
shrinkage=0.0168771


Tree=76
num_leaves=8
num_cat=0
split_feature=5 8 8 13 12 8 10
split_gain=8.49203 2.83354 2.28341 0.490576 0.436813 0.397968 0.319913
threshold=18.048571428571428 0.12006042759527363 -0.23409344514255367 0.4735023106683745 -0.63660106914384018 1.8286258989856357 0.41428571428571431
decision_type=2 2 2 2 2 2 2
left_child=1 4 6 5 -1 -4 -2
right_child=2 -3 3 -5 -6 -7 -8
leaf_value=-0.0017524460936311586 -0.0021941977376912368 0.0011251526871279714 0.0064544207557905462 2.9959468681489356e-05 -0.0083128949398727781 0.00055242599836619153 0.00043923378321859374
leaf_weight=15.999999999999998 17.000000000000004 9.9999999999999982 37.572437882423401 14.999999999999998 33 13.914208292961119 10.999999999999998
leaf_count=16 17 10 28 15 33 13 11
internal_value=-0.000104519 -0.00512271 0.00285834 0.0045531 -0.0068212 0.00538656 -0.0004906
internal_weight=153.487 59 94.4866 66.4866 49 51.4866 28
internal_count=143 59 84 56 49 41 28
is_linear=0
shrinkage=0.0168771


Tree=77
num_leaves=7
num_cat=0
split_feature=3 8 9 13 8 9
split_gain=10.7388 4.05527 1.7809 1.19185 0.761084 0.131263
threshold=0.25500000000000006 -0.15410206433374521 16.551428571428573 0.45467026633574265 -0.094180913411989975 19.337142857142862
decision_type=2 2 2 2 2 2
left_child=2 5 -1 -3 -4 -2
right_child=1 3 4 -5 -6 -7
leaf_value=-0.010383276638816547 -0.0014112244025409261 0.0070149098966799999 -0.004640304525700403 0.00055261068304244848 0 0
leaf_weight=20 29 46.488958239555359 13.000000000000002 20 13.456126570701597 10.999999999999998
leaf_count=20 29 35 13 20 13 11
internal_value=0 0.00297716 -0.00650499 0.00549889 -0.00207038 -0.000780925
internal_weight=152.945 106.489 46.4561 66.489 26.4561 40
internal_count=141 95 46 55 26 40
is_linear=0
shrinkage=0.0168771


Tree=78
num_leaves=7
num_cat=0
split_feature=0 7 8 8 8 13
split_gain=10.1511 3.67388 2.05935 1.01811 0.579274 0.449388
threshold=14.500000000000002 19.067142857142866 0.12006042759527363 -0.23409344514255367 -0.052348229104176261 0.04078775503772443
decision_type=2 2 2 2 2 2
left_child=-1 2 5 -3 -5 -2
right_child=1 3 -4 4 -6 -7
leaf_value=-0.012006948855471631 -0.0043133051421273046 0 0.002674424592502004 0.0080128978156370993 0.0023728594753408246 0
leaf_weight=15.999999999999998 37 17 15.720147848129271 17.176887631416321 37.832563400268555 9.9999999999999982
leaf_count=16 37 17 15 11 34 10
internal_value=-0.000309785 0.0011413 -0.00156767 0.00376921 0.00483559 -0.00350897
internal_weight=150.73 134.73 62.7201 72.0095 55.0095 47
internal_count=140 124 62 62 45 47
is_linear=0
shrinkage=0.0168771


Tree=79
num_leaves=8
num_cat=0
split_feature=5 8 0 8 13 8 8
split_gain=6.70578 2.86728 1.74696 1.27034 0.511667 0.367998 0.222201
threshold=18.894285714285719 0.12006042759527363 20.000000000000004 -0.23409344514255367 0.4735023106683745 1.9531068716730393 -0.82232966682031039
decision_type=2 2 2 2 2 2 2
left_child=1 2 -1 -2 5 -5 -4
right_child=3 -3 6 4 -6 -7 -8
leaf_value=-0.010743190120790806 0 0.0024190937970732518 0 0.0063610517315391092 6.0042862574121198e-05 0.00044401971687807722 -0.0030086827730813562
leaf_weight=10.999999999999998 19 14.633359670639036 10.999999999999998 43.46852695941925 14.999999999999998 12.938477516174315 37
leaf_count=11 19 14 11 32 15 12 37
internal_value=0.000546857 -0.00300752 -0.00476605 0.00368552 0.00468231 0.00547023 -0.00241938
internal_weight=164.04 73.6334 59 90.407 71.407 56.407 48
internal_count=151 73 59 78 59 44 48
is_linear=0
shrinkage=0.0168771


Tree=80
num_leaves=7
num_cat=0
split_feature=0 6 8 10 10 3
split_gain=9.91955 3.17484 2.14973 0.710604 0.493319 0.26697
threshold=14.500000000000002 19.236428571428572 0.12006042759527363 0.39071428571428574 0.34785714285714292 0.35714285714285721
decision_type=2 2 2 2 2 2
left_child=-1 2 3 -2 -3 -6
right_child=1 4 -4 -5 5 -7
leaf_value=-0.011744123487493841 -0.0035656745311040557 0.0057589034617515165 0.0035307368962495889 0 0.00313354538781686 0
leaf_weight=14.999999999999998 44 34.600673913955688 17.839902639389038 10.999999999999998 16.514780879020691 24.616405487060547
leaf_count=15 44 26 17 11 14 24
internal_value=0 0.00152993 -0.000730958 -0.0026085 0.00393603 0.00161399
internal_weight=163.572 148.572 72.8399 55 75.7319 41.1312
internal_count=151 136 72 55 64 38
is_linear=0
shrinkage=0.0168771


Tree=81
num_leaves=7
num_cat=0
split_feature=6 1 1 1 6 6
split_gain=8.38797 2.95655 1.23938 0.397147 0.296313 0.204053
threshold=18.894285714285719 1.7505357142857145 10.635178571428574 2.2374404761904771 17.093571428571433 17.877142857142861
decision_type=2 2 2 2 2 2
left_child=1 -1 3 -2 -3 -6
right_child=2 4 -4 -5 5 -7
leaf_value=0.0023020943412813723 0.0028916771011234326 -0.0069270125245594425 0 0.0080500300799048845 0 -0.0034493812308923262
leaf_weight=12.406543016433714 41.545857787132263 33 19 20.254898071289062 14.000000000000002 11.999999999999998
leaf_count=12 36 33 19 13 14 12
internal_value=0.000312927 -0.00366318 0.00409975 0.00521514 -0.00532897 -0.00203155
internal_weight=152.207 71.4065 80.8008 61.8008 59 26
internal_count=139 71 68 49 59 26
is_linear=0
shrinkage=0.0168771


Tree=82
num_leaves=7
num_cat=0
split_feature=3 1 10 0 10 10
split_gain=8.56402 3.19554 2.92156 0.96666 0.850997 0.434926
threshold=0.26428571428571429 7.8250000000000002 0.26428571428571429 20.000000000000004 0.39357142857142852 0.39071428571428574
decision_type=2 2 2 2 2 2
left_child=2 4 3 -1 -2 -3
right_child=1 5 -4 -5 -6 -7
leaf_value=-0.012031070403473242 0.005985827506269711 -0.0027019984407631423 0 -0.0034915774697083812 0 7.5122291769977729e-05
leaf_weight=13.999999999999998 49.960265278816223 18 17.231989502906799 24 15.413085937499998 15.999999999999998
leaf_count=14 39 18 17 24 15 16
internal_value=-5.27229e-05 0.00274515 -0.00535748 -0.00781859 0.00491868 -0.000885077
internal_weight=154.605 99.3734 55.232 38 65.3734 34
internal_count=143 88 55 38 54 34
is_linear=0
shrinkage=0.0168771


Tree=83
num_leaves=6
num_cat=0
split_feature=6 8 3 0 9
split_gain=5.25086 2.66206 1.30268 0.734558 0.6314
threshold=19.236428571428572 0.12006042759527363 0.26428571428571429 71.500000000000014 20.54214285714286
decision_type=2 2 2 2 2
left_child=1 2 -1 4 -2
right_child=3 -3 -4 -5 -6
leaf_value=-0.0057716619672782566 0.0055442873912691778 0.0029593140069669008 0 0 0
leaf_weight=38 47.485950827598572 15.413085937499998 25 10.999999999999998 14.436039566993712
leaf_count=38 37 15 25 11 13
internal_value=0.000616947 -0.00220148 -0.00387921 0.00391134 0.00459578
internal_weight=151.335 78.4131 63 72.922 61.922
internal_count=139 78 63 61 50
is_linear=0
shrinkage=0.0168771


Tree=84
num_leaves=5
num_cat=0
split_feature=6 12 8 13
split_gain=6.57093 1.9572 1.68888 0.763481
threshold=18.016428571428573 0.18727535062602593 -0.59325044211887168 0.4735023106683745
decision_type=2 2 2 2
left_child=1 -1 -2 -4
right_child=2 -3 3 -5
leaf_value=-0.0054715873960407644 0 0.00068627483653215069 0.005485605222858788 0
leaf_weight=48 24 11.413085937499998 50.253506302833557 17
leaf_count=48 24 11 38 17
internal_value=0.000147132 -0.00395222 0.00309391 0.00443871
internal_weight=150.667 59.4131 91.2535 67.2535
internal_count=138 59 79 55
is_linear=0
shrinkage=0.0168771


Tree=85
num_leaves=7
num_cat=0
split_feature=3 8 0 13 8 13
split_gain=6.05583 2.11365 1.32003 1.0094 0.681449 0.134034
threshold=0.26428571428571429 -0.23409344514255367 21.500000000000004 0.4735023106683745 -0.052348229104176261 0.025171534858737955
decision_type=2 2 2 2 2 2
left_child=2 5 -1 -3 -4 -2
right_child=1 3 4 -5 -6 -7
leaf_value=-0.0091540604725344633 -0.0013426750212880896 0.0054911389308991481 -0.0035204589940586446 0 0.00019316474748250995 0
leaf_weight=14.999999999999998 22 42.844843864440918 21 18 10.224137067794802 15.999999999999998
leaf_count=15 22 33 21 18 10 16
internal_value=0 0.00220987 -0.004999 0.00413894 -0.00173511 -0.000405802
internal_weight=145.069 98.8448 46.2241 60.8448 31.2241 38
internal_count=135 89 46 51 31 38
is_linear=0
shrinkage=0.0168771


Tree=86
num_leaves=6
num_cat=0
split_feature=3 0 1 12 1
split_gain=5.99431 3.52946 1.69841 1.14077 0.457365
threshold=0.26428571428571429 20.000000000000004 7.8250000000000002 0.18727535062602593 -6.0452380952380933
decision_type=2 2 2 2 2
left_child=1 -1 4 -3 -2
right_child=2 3 -4 -5 -6
leaf_value=-0.011431391473086847 0 -0.0035234142211248288 -0.00052796644239258995 0.0013371289719041593 0.0045561716865900803
leaf_weight=14.999999999999998 16.458081722259521 29 36 13.680263638496397 41.933829665184021
leaf_count=15 16 29 36 13 35
internal_value=-0.000606717 -0.0048692 0.00183541 -0.0014879 0.00361399
internal_weight=152.072 57.6803 94.3919 42.6803 58.3919
internal_count=144 57 87 42 51
is_linear=0
shrinkage=0.0168771


Tree=87
num_leaves=7
num_cat=0
split_feature=6 8 3 3 12 2
split_gain=5.67102 2.43906 1.3244 1.00432 0.40383 0.301871
threshold=18.894285714285719 0.12006042759527363 0.26428571428571429 0.35714285714285721 1.5428137183189399 0.26214285714285718
decision_type=2 2 2 2 2 2
left_child=1 2 5 4 -2 -1
right_child=3 -3 -4 -5 -6 -7
leaf_value=-0.007737148276551164 0.0071762807895709218 0.002051144560569376 0 0.00065848221897087025 0.00058431100755024982 -0.00079266731319616859
leaf_weight=28 20.916792631149292 12.413085937499998 18 38.063381552696228 12.928669929504393 10.999999999999998
leaf_count=28 14 12 18 36 12 11
internal_value=0 -0.00325419 -0.0048273 0.00336925 0.00551405 -0.00650463
internal_weight=141.322 69.4131 57 71.9088 33.8455 39
internal_count=131 69 57 62 26 39
is_linear=0
shrinkage=0.0168771


Tree=88
num_leaves=7
num_cat=0
split_feature=5 0 2 2 6 4
split_gain=5.81684 2.56029 0.861601 0.804271 0.277491 0.242083
threshold=18.048571428571428 16.500000000000004 0.26928571428571441 0.3535714285714287 20.149285714285721 18.310714285714287
decision_type=2 2 2 2 2 2
left_child=1 -1 -2 -4 -5 -3
right_child=2 5 3 4 -6 -7
leaf_value=-0.010427951869847402 0 -0.0020712020895490755 0.0058024466280494442 0 0.0027867735284848021 0
leaf_weight=11.999999999999998 17.622761368751526 31 28.930948615074158 31.016501665115356 18.858118057250977 12.22681665420532
leaf_count=12 17 31 22 30 16 12
internal_value=1.03028e-05 -0.0040827 0.00263114 0.00337919 0.00130608 -0.00128791
internal_weight=151.655 55.2268 96.4283 78.8056 49.8746 43.2268
internal_count=140 55 85 68 46 43
is_linear=0
shrinkage=0.0168771


Tree=89
num_leaves=6
num_cat=0
split_feature=3 1 1 0 1
split_gain=6.87876 2.55756 2.12311 0.624444 0.360906
threshold=0.26428571428571429 0.68136904761904782 7.8250000000000002 20.000000000000004 -6.0452380952380933
decision_type=2 2 2 2 2
left_child=1 -1 4 -3 -2
right_child=2 3 -4 -5 -6
leaf_value=0.00061972063446921397 0.00019558634345980005 -0.010396322048794975 -0.000478604886460016 -0.0034215067486235355 0.004997871125677439
leaf_weight=11.231989502906798 16.496812582015991 14.999999999999998 35 31 46.503432154655457
leaf_count=11 16 15 35 31 36
internal_value=-0.000243226 -0.00488006 0.00230527 -0.00663818 0.00414474
internal_weight=155.232 57.232 98.0002 46 63.0002
internal_count=144 57 87 46 52
is_linear=0
shrinkage=0.0168771


Tree=90
num_leaves=6
num_cat=0
split_feature=2 0 8 12 1
split_gain=6.10446 2.51704 1.47435 0.505547 0.384288
threshold=0.25642857142857151 14.500000000000002 -0.23409344514255367 -0.10013294349690632 -6.1751785714285718
decision_type=2 2 2 2 2
left_child=1 -1 -2 -3 -4
right_child=2 3 4 -5 -6
leaf_value=-0.010073119555236404 0 -0.0025849056552951729 0 0.00037317830527230423 0.0050786846954352762
leaf_weight=11.999999999999998 33 24 14.456126570701597 15.416218400001524 54.199368715286255
leaf_count=12 33 24 14 15 43
internal_value=0.000504896 -0.00391985 0.00300415 -0.000952331 0.00436507
internal_weight=153.072 51.4162 101.655 39.4162 68.6555
internal_count=141 51 90 39 57
is_linear=0
shrinkage=0.0168771


Tree=91
num_leaves=6
num_cat=0
split_feature=2 1 13 13 0
split_gain=6.38519 1.90846 1.81793 1.20019 1.01615
threshold=0.26714285714285718 7.5173809523809529 -0.36799860786605704 0.51964583493523575 23.500000000000004
decision_type=2 2 2 2 2
left_child=2 3 -1 -2 -4
right_child=1 -3 4 -5 -6
leaf_value=0 0.0056317213722217509 0 -0.0098420092245929611 0 -0.0011538098178592165
leaf_weight=16.20654296875 46.260455012321472 38 17.000000000000004 17 14.209675431251524
leaf_count=16 34 38 17 17 14
internal_value=1.70365e-05 0.00254396 -0.00476878 0.00428983 -0.00697968
internal_weight=148.677 101.26 47.4162 63.2605 31.2097
internal_count=136 89 47 51 31
is_linear=0
shrinkage=0.0168771


Tree=92
num_leaves=6
num_cat=0
split_feature=2 1 10 0 5
split_gain=5.4763 2.11269 2.00502 1.0873 0.154979
threshold=0.26714285714285718 7.2032738095238109 0.26428571428571429 20.000000000000004 18.534285714285719
decision_type=2 2 2 2 2
left_child=2 -2 3 -1 -3
right_child=1 4 -4 -5 -6
leaf_value=-0.010592125273881089 0.0037845312151848125 -0.0019529444096476867 0 -0.0022886933527397793 0
leaf_weight=13.999999999999998 66.553005576133728 14.999999999999998 20.209675431251526 22 21
leaf_count=14 56 15 20 22 21
internal_value=-0.00017464 0.00198931 -0.00440531 -0.00664538 -0.000788307
internal_weight=158.763 102.553 56.2097 36 36
internal_count=148 92 56 36 36
is_linear=0
shrinkage=0.0168771


Tree=93
num_leaves=7
num_cat=0
split_feature=5 0 1 10 10 10
split_gain=5.85073 2.20573 1.84221 0.751544 0.475116 0.392747
threshold=17.877142857142861 14.500000000000002 8.8317857142857168 0.25500000000000006 0.4171428571428572 0.39071428571428574
decision_type=2 2 2 2 2 2
left_child=1 -1 5 -3 -4 -2
right_child=2 3 4 -5 -6 -7
leaf_value=-0.010371033957232687 0.0045220074086067619 -0.0038680060540391159 -0.0020138959095235545 0 0.0014171878507901906 0
leaf_weight=12.999999999999998 50.187641739845276 20 26 21 9.9999999999999982 15.631661891937254
leaf_count=13 40 20 26 21 10 15
internal_value=-0.000135063 -0.00461514 0.00208922 -0.00171239 -0.000449969 0.00376438
internal_weight=155.819 54 101.819 41 36 65.8193
internal_count=145 54 91 41 36 55
is_linear=0
shrinkage=0.0168771


Tree=94
num_leaves=7
num_cat=0
split_feature=12 10 6 3 1 8
split_gain=5.39594 3.67726 0.353417 0.330579 0.63651 0.183256
threshold=0.066182320405329981 0.26428571428571429 19.915000000000003 0.25500000000000006 -6.1751785714285718 -0.82393449420730269
decision_type=2 2 2 2 2 2
left_child=1 5 -3 -2 -5 -1
right_child=3 2 -4 4 -6 -7
leaf_value=-0.00075768027333491183 0 -0.00055868783276368254 0.0024527582802486322 0 0.0054271951927633384 -0.0076715089362827523
leaf_weight=9.9999999999999982 13.680263638496397 44.813278198242188 11.34202468395233 14.209675431251524 35.928046584129333 27
leaf_count=10 13 44 9 14 30 27
internal_value=0 -0.00263757 0 0.00360784 0.00426004 -0.00655634
internal_weight=156.973 93.1553 56.1553 63.818 50.1377 37
internal_count=147 90 53 57 44 37
is_linear=0
shrinkage=0.0168771


Tree=95
num_leaves=6
num_cat=0
split_feature=5 8 8 10 10
split_gain=5.78996 2.38126 1.19131 0.717791 0.684385
threshold=18.894285714285719 0.12006042759527363 -0.23409344514255367 0.26428571428571429 0.39071428571428574
decision_type=2 2 2 2 2
left_child=1 3 -2 -1 -4
right_child=2 -3 4 -5 -6
leaf_value=-0.0059625569158486503 0 0.0014739662144583265 0.0051536849859977292 -0.00028335489229721836 0
leaf_weight=42 21 16.433359622955322 50.837431669235229 18 16.834981441497803
leaf_count=42 21 16 39 18 16
internal_value=0.000109621 -0.00309036 0.00312327 -0.00470718 0.00417901
internal_weight=165.106 76.4334 88.6724 60 67.6724
internal_count=152 76 76 60 55
is_linear=0
shrinkage=0.0168771


Tree=96
num_leaves=7
num_cat=0
split_feature=9 8 2 13 4 10
split_gain=3.54733 1.85705 0.734651 0.696697 0.617582 0.485465
threshold=16.551428571428573 -0.23409344514255367 0.25642857142857151 0.4735023106683745 17.002857142857149 0.39071428571428574
decision_type=2 2 2 2 2 2
left_child=4 5 -3 -4 -1 -2
right_child=1 2 3 -5 -6 -7
leaf_value=-0.0077437715858514134 -0.0021080277991917 0 0.0048664274924803338 0 -0.00023833361891270434 0.00055447984279456415
leaf_weight=12.000000000000002 32 16.4130859375 48.368574976921082 21 12.999999999999998 22
leaf_count=12 32 16 37 21 13 22
internal_value=0.000259961 0.00145568 0.00301598 0.0037492 -0.00507644 -0.000656566
internal_weight=164.782 139.782 85.7817 69.3686 25 54
internal_count=153 128 74 58 25 54
is_linear=0
shrinkage=0.0168771


Tree=97
num_leaves=7
num_cat=0
split_feature=9 1 10 2 3 0
split_gain=6.25925 2.53064 1.06236 0.572034 0.517033 0.205987
threshold=16.551428571428573 8.1582142857142852 0.39071428571428574 0.3535714285714287 0.27000000000000007 20.000000000000004
decision_type=2 2 2 2 2 2
left_child=5 3 -3 4 -2 -1
right_child=1 2 -4 -5 -6 -7
leaf_value=-0.010069688972361785 5.1991860920335385e-05 -0.0034959849606838417 0.00065491361789958677 0.00028304387146203428 0.0054418324243695176 -0.0017818168255184768
leaf_weight=13.000000000000002 16.231989502906799 30 21 30.035173654556274 34.442972302436829 10.999999999999998
leaf_count=13 16 30 21 27 27 11
internal_value=-0.000163937 0.0011814 -0.00142798 0.00309062 0.00423044 -0.00770835
internal_weight=155.71 131.71 51 80.7101 50.675 24
internal_count=145 121 51 70 43 24
is_linear=0
shrinkage=0.0168771


Tree=98
num_leaves=6
num_cat=0
split_feature=12 2 13 14 12
split_gain=5.11131 2.56696 1.12201 0.28921 0.203658
threshold=-0.10864714396718358 0.35928571428571426 0.3712539277397669 19.282142857142858 -0.8942916904176984
decision_type=2 2 2 2 2
left_child=1 4 -2 -3 -1
right_child=2 3 -4 -5 -6
leaf_value=-5.9864871870203904e-05 0.0050281756689767535 0.0027160928085505388 0 0 -0.0052605769653737136
leaf_weight=11.999999999999998 51.280201435089111 14.661323070526125 27.2241370677948 11.203319549560545 40
leaf_count=12 40 13 27 11 40
internal_value=0.000504076 -0.00234912 0.00359215 0.00128178 -0.00453553
internal_weight=156.369 77.8646 78.5043 25.8646 52
internal_count=143 76 67 24 52
is_linear=0
shrinkage=0.0168771


Tree=99
num_leaves=8
num_cat=0
split_feature=7 0 12 1 9 13 5
split_gain=7.47177 1.84611 1.04089 1.00558 0.514769 0.719071 0.168711
threshold=19.067142857142866 14.500000000000002 -0.10013294349690632 10.635178571428574 20.54214285714286 0.51964583493523575 18.534285714285719
decision_type=2 2 2 2 2 2 2
left_child=1 -1 6 4 5 -2 -3
right_child=3 2 -4 -5 -6 -7 -8
leaf_value=-0.0094039937124955064 0.0061339344272701209 -0.0038358576375448167 0.00033651028270575002 0 0 0 0
leaf_weight=12.999999999999998 39.507332801818848 40 20.20654296875 13.999999999999998 14.282200098037718 11.999999999999998 9.9999999999999982
leaf_count=13 28 40 20 14 13 12 10
internal_value=-8.22251e-05 -0.00368758 -0.00198983 0.00340392 0.00425637 0.00505622 -0.00332039
internal_weight=162.996 83.2065 70.2065 79.7895 65.7895 51.5073 50
internal_count=150 83 70 67 53 40 50
is_linear=0
shrinkage=0.0168771


Tree=100
num_leaves=6
num_cat=0
split_feature=3 1 1 13 10
split_gain=4.27641 1.94892 1.29329 1.1064 0.283632
threshold=0.26428571428571429 0.68136904761904782 7.8250000000000002 0.4735023106683745 0.39071428571428574
decision_type=2 2 2 2 2
left_child=1 -1 3 -2 -4
right_child=2 -3 4 -5 -6
leaf_value=0.00080071265978145655 0.0048489564075879597 -0.005504627417780082 -0.002025954332299552 0 0.00059164608503542145
leaf_weight=11.224137067794798 44.589685916900635 41 14.999999999999998 20 18
leaf_count=11 34 41 15 20 18
internal_value=0 -0.0037722 0.0020768 0.0034464 -4.18226e-05
internal_weight=149.814 52.2241 97.5897 64.5897 33
internal_count=139 52 87 54 33
is_linear=0
shrinkage=0.0168771


Tree=101
num_leaves=7
num_cat=0
split_feature=11 8 8 10 6 12
split_gain=5.14752 2.10536 0.778295 0.535207 0.897263 0.243642
threshold=18.664285714285718 0.12006042759527363 -0.23409344514255367 0.26428571428571429 16.493571428571432 1.1848339182989942
decision_type=2 2 2 2 2 2
left_child=1 3 -2 4 -1 -4
right_child=2 -3 5 -5 -6 -7
leaf_value=-0.0013187819539346691 0 0.00085165449580956287 0.0046121854496164114 -0.00062085573027353112 -0.008539599349868577 0.00042718415553450297
leaf_weight=18 25 14.256802439689634 32.989684581756592 17 24 20.13834536075592
leaf_count=18 25 14 23 17 24 19
internal_value=-0.000379592 -0.00364416 0.00242578 -0.00508156 -0.0062305 0.00353059
internal_weight=151.385 73.2568 78.128 59 42 53.128
internal_count=140 73 67 59 42 42
is_linear=0
shrinkage=0.0168771


Tree=102
num_leaves=7
num_cat=0
split_feature=3 8 8 2 2 2
split_gain=3.5968 1.6113 1.4854 0.746944 0.213954 0.191135
threshold=0.26428571428571429 -0.23409344514255367 1.2781750307906246 0.3535714285714287 0.26214285714285718 0.40999999999999998
decision_type=2 2 2 2 2 2
left_child=2 -2 4 -3 -1 -5
right_child=1 3 -4 5 -6 -7
leaf_value=-0.0052854011080820905 -0.00010605087080441923 0.005649399274960009 0.00051796946657308091 0 0 0.0023585393007338946
leaf_weight=32 37 33.709387540817261 14.680263638496397 22.23517370223999 10.999999999999998 15.043747425079344
leaf_count=32 37 26 14 21 11 12
internal_value=0.000294369 0.00221288 -0.00286114 0.00368139 -0.00446268 0.00106344
internal_weight=165.669 107.988 57.6803 70.9883 43 37.2789
internal_count=153 96 57 59 43 33
is_linear=0
shrinkage=0.0168771


Tree=103
num_leaves=7
num_cat=0
split_feature=5 12 12 0 1 1
split_gain=5.50629 1.7065 1.37146 1.23705 0.174417 0.117777
threshold=18.048571428571428 0.15558633580803874 -0.75056436232158108 40.500000000000007 -6.0452380952380933 8.8317857142857168
decision_type=2 2 2 2 2 2
left_child=1 3 -2 -1 -4 -6
right_child=2 -3 4 -5 5 -7
leaf_value=-0.0073494391023797212 -0.00054771123363414164 0.00051189122334475317 0.00034991204985797226 -0.00034348369050434853 0.0046432277658024932 0
leaf_weight=29 19 10.999999999999998 18.930625081062317 19 50.037975192070007 11.999999999999998
leaf_count=29 19 11 18 19 38 12
internal_value=4.0409e-05 -0.00379489 0.00256523 -0.00519498 0.00355662 0.00413037
internal_weight=158.969 59 99.9686 48 80.9686 62.038
internal_count=146 59 87 48 68 50
is_linear=0
shrinkage=0.0168771


Tree=104
num_leaves=7
num_cat=0
split_feature=5 1 0 1 13 1
split_gain=3.38884 2.01051 1.69534 1.06916 0.332436 0.213854
threshold=18.048571428571428 1.0000000180025095e-35 20.000000000000004 7.5173809523809529 0.4735023106683745 7.8250000000000002
decision_type=2 2 2 2 2 2
left_child=1 -1 -3 4 -2 -4
right_child=3 2 5 -5 -6 -7
leaf_value=0.0021094193723509239 0.003834950613558197 -0.0091428762847938459 0 0 0 -0.0023731733558774865
leaf_weight=10.22681665420532 49.671893835067749 14.999999999999998 12.999999999999998 31 14.999999999999998 24
leaf_count=10 39 15 13 31 15 24
internal_value=0 -0.00301235 -0.00448639 0.00194813 0.00316888 -0.00150717
internal_weight=157.899 62.2268 52 95.6719 64.6719 37
internal_count=147 62 52 85 54 37
is_linear=0
shrinkage=0.0168771


Tree=105
num_leaves=7
num_cat=0
split_feature=3 8 0 8 13 10
split_gain=4.61644 2.12243 1.22488 0.974058 0.477027 0.391419
threshold=0.26428571428571429 1.2781750307906246 20.000000000000004 -0.23409344514255367 0.4735023106683745 0.35571428571428576
decision_type=2 2 2 2 2 2
left_child=1 2 -1 -2 5 -5
right_child=3 -3 -4 4 -6 -7
leaf_value=-0.0099312188571628324 -0.00015410759546596512 0.00014101885307270015 -0.0023263580251679061 0.0049799880847441547 0 0
leaf_weight=15.999999999999998 33 14.224137067794798 29 28.876270651817322 22 13.505086421966551
leaf_count=16 33 14 29 21 22 12
internal_value=-0.000466348 -0.00417894 -0.00593783 0.00162383 0.00283549 0.00386583
internal_weight=156.605 59.2241 45 97.3814 64.3814 42.3814
internal_count=147 59 45 88 55 33
is_linear=0
shrinkage=0.0168771


Tree=106
num_leaves=8
num_cat=0
split_feature=2 1 3 13 3 10 13
split_gain=3.55668 1.77886 1.10205 1.08688 0.503786 0.283192 0.130856
threshold=0.25642857142857151 7.2032738095238109 0.25071428571428572 0.4735023106683745 0.36214285714285727 0.39071428571428574 -0.17119928588578989
decision_type=2 2 2 2 2 2 2
left_child=2 3 6 4 -2 -3 -1
right_child=1 5 -4 -5 -6 -7 -8
leaf_value=-0.00077643249480961306 0.0059552723228174873 -0.0019991296272710976 0 0 0.00017400608110701313 0.00015965394725256696 -0.0061848835244814829
leaf_weight=13.999999999999998 36.426638722419739 19 15.416218400001524 20 14.533302545547484 20 21
leaf_count=14 26 19 15 20 12 20 21
internal_value=0.000161618 0.00198224 -0.0032802 0.00357223 0.00482124 -0.00042309 -0.00483878
internal_weight=160.376 109.96 50.4162 70.9599 50.9599 39 35
internal_count=147 97 50 58 38 39 35
is_linear=0
shrinkage=0.0168771


Tree=107
num_leaves=4
num_cat=0
split_feature=2 8 8
split_gain=3.14842 1.31603 1.31316
threshold=0.26714285714285718 1.2781750307906246 -0.23409344514255367
decision_type=2 2 2
left_child=1 -1 -2
right_child=2 -3 -4
leaf_value=-0.0043576687747077436 0 0.00046225814278031595 0.0037181903840050297
leaf_weight=37 36 13.622761368751524 63.288494825363159
leaf_count=37 36 13 52
internal_value=0.000450836 -0.00268732 0.0023012
internal_weight=149.911 50.6228 99.2885
internal_count=138 50 88
is_linear=0
shrinkage=0.0168771


Tree=108
num_leaves=5
num_cat=0
split_feature=12 10 3 3
split_gain=4.29991 2.07471 0.393249 0.335981
threshold=-0.10864714396718358 0.26428571428571429 0.4121428571428572 0.27000000000000007
decision_type=2 2 2 2
left_child=1 -1 3 -2
right_child=2 -3 -4 -5
leaf_value=-0.0056503812654424687 0 0 0 0.0042692154790269247
leaf_weight=35 17.456126570701599 42.049237489700317 13.069185256958006 41.688368320465088
leaf_count=35 17 41 12 34
internal_value=0 -0.00278348 0.00283831 0.00339962
internal_weight=149.263 77.0492 72.2137 59.1445
internal_count=139 76 63 51
is_linear=0
shrinkage=0.0168771


Tree=109
num_leaves=8
num_cat=0
split_feature=6 1 8 2 1 10 10
split_gain=2.82927 1.38 0.868515 0.500798 0.447617 0.366718 0.226451
threshold=17.093571428571433 7.2032738095238109 -0.052348229104176261 0.25428571428571428 -6.4779166666666645 0.39642857142857141 0.39071428571428574
decision_type=2 2 2 2 2 2 2
left_child=2 4 3 -1 -2 -6 -3
right_child=1 6 -4 -5 5 -7 -8
leaf_value=-0.0076619659852189773 0 -0.0016727895201863313 0 -0.00049234410780698884 0.0041487702243917296 0 0
leaf_weight=14.000000000000002 13.999999999999998 26 9.9999999999999982 12.999999999999998 44.01022469997406 11.616405487060545 20
leaf_count=14 14 26 10 13 34 11 20
internal_value=0 0.00129588 -0.00389908 -0.00534365 0.0028172 0.00346591 -0.000579178
internal_weight=152.627 115.627 37 27 69.6266 55.6266 46
internal_count=142 105 37 27 59 45 46
is_linear=0
shrinkage=0.0168771


Tree=110
num_leaves=7
num_cat=0
split_feature=9 1 10 1 0 3
split_gain=3.91647 1.56013 0.55934 0.549056 0.525331 0.468406
threshold=16.551428571428573 8.1582142857142852 0.39071428571428574 -6.4779166666666645 20.000000000000004 0.25500000000000006
decision_type=2 2 2 2 2 2
left_child=4 3 -3 -2 -1 -5
right_child=1 2 -4 5 -6 -7
leaf_value=-0.0082049298091356349 0 -0.0024537595890509953 0.00055034196960652927 0 -0.00029588907636422725 0.0042322641566529835
leaf_weight=12.000000000000002 18.209675431251526 26 23 16.680263638496399 10.999999999999998 51.446537613868713
leaf_count=12 18 26 23 16 11 41
internal_value=0.000118118 0.00137702 -0.000660113 0.00276817 -0.00574614 0.00343923
internal_weight=158.336 135.336 49 86.3365 23 68.1268
internal_count=147 124 49 75 23 57
is_linear=0
shrinkage=0.0168771


Tree=111
num_leaves=8
num_cat=0
split_feature=3 0 2 3 13 6 2
split_gain=4.53548 1.98253 0.608503 0.470616 0.43437 0.427604 0.3509
threshold=0.26428571428571429 14.500000000000002 0.24571428571428575 0.35714285714285721 0.3712539277397669 18.273571428571433 0.45142857142857146
decision_type=2 2 2 2 2 2 2
left_child=1 -1 -3 4 5 -2 -5
right_child=3 2 -4 6 -6 -7 -8
leaf_value=-0.0082893326719229218 0 -0.0034775081218571132 0 0 0 0.0054116197059285781 0.0028137978588022743
leaf_weight=15.999999999999998 14.413085937499998 13.999999999999998 28.456126570701599 37.249770283699036 11.999999999999998 27.73819899559021 10.661323070526121
leaf_count=16 14 14 28 36 12 19 9
internal_value=0 -0.00353341 -0.000829607 0.00223771 0.00338058 0.00414931 0.000385122
internal_weight=160.519 58.4561 42.4561 102.062 54.1513 42.1513 47.9111
internal_count=148 58 42 90 45 33 45
is_linear=0
shrinkage=0.0168771


Tree=112
num_leaves=7
num_cat=0
split_feature=3 0 1 1 1 3
split_gain=3.90996 1.47833 0.93013 0.579228 0.416009 0.19516
threshold=0.26428571428571429 21.500000000000004 7.8250000000000002 8.1582142857142852 -6.0452380952380933 0.35714285714285721
decision_type=2 2 2 2 2 2
left_child=1 -1 4 -3 -2 -6
right_child=2 3 -4 -5 5 -7
leaf_value=-0.0064006223935410729 0 0.0010727096892275639 0 -0.0025750759003239079 0.0051243212304470341 0.00065099667554314707
leaf_weight=23 17.458081722259521 17.4482741355896 37 19 31.33585262298584 18.333206415176392
leaf_count=23 17 17 37 19 23 16
internal_value=7.61766e-06 -0.00321439 0.002094 -0.00030918 0.00323785 0.00402713
internal_weight=163.575 59.4483 104.127 36.4483 67.1271 49.6691
internal_count=152 59 93 36 56 39
is_linear=0
shrinkage=0.0168771


Tree=113
num_leaves=5
num_cat=0
split_feature=5 1 12 0
split_gain=4.83441 1.4137 1.29754 0.424916
threshold=18.048571428571428 9.6451190476190494 0.093897053173610162 20.000000000000004
decision_type=2 2 2 2
left_child=2 -2 3 -1
right_child=1 -3 -4 -5
leaf_value=-0.0083615724537011594 0.0035379401605926553 -0.00030820338259318782 0 -0.0023495280811686265
leaf_weight=12.999999999999998 74.392563462257385 26 13.999999999999998 31
leaf_count=13 61 26 14 31
internal_value=0 0.00234426 -0.00364495 -0.0050128
internal_weight=158.393 100.393 58 44
internal_count=145 87 58 44
is_linear=0
shrinkage=0.0168771


Tree=114
num_leaves=7
num_cat=0
split_feature=9 1 10 0 0 8
split_gain=2.42724 1.59435 0.682173 0.467823 0.437811 0.370377
threshold=16.551428571428573 8.1582142857142852 0.39071428571428574 20.000000000000004 28.500000000000004 -0.052348229104176261
decision_type=2 2 2 2 2 2
left_child=3 4 -3 -1 -2 -6
right_child=1 2 -4 -5 5 -7
leaf_value=-0.0071342952516871361 0 -0.0026499099708211741 0.00073764747420957245 0 0.005087609847547617 0.0012614682079582133
leaf_weight=10.000000000000002 19.513604879379272 31 17 11.999999999999998 24.996091961860657 45.088566541671753
leaf_count=10 19 31 17 12 18 40
internal_value=0.000107621 0.00109724 -0.00103629 -0.0045864 0.0024792 0.00308184
internal_weight=159.598 137.598 48 22 89.5983 70.0847
internal_count=147 125 48 22 77 58
is_linear=0
shrinkage=0.0168771


Tree=115
num_leaves=7
num_cat=0
split_feature=3 8 8 13 6 9
split_gain=3.88103 1.56394 0.975338 0.517277 0.297847 0.187328
threshold=0.26428571428571429 1.2781750307906246 -0.23409344514255367 0.4735023106683745 16.544285714285717 20.365714285714287
decision_type=2 2 2 2 2 2
left_child=1 4 -2 5 -1 -4
right_child=2 -3 3 -5 -6 -7
leaf_value=-0.00048587737374461936 0 0.00058197832857049962 0.0053049685392010191 0 -0.0061058894298654815 0.00051843457865169949
leaf_weight=13.999999999999998 38 11.456126570701597 30.80885124206543 19 28 15.688794016838072
leaf_count=14 38 11 23 19 28 12
internal_value=8.70837e-05 -0.003346 0.00211401 0.00331847 -0.00488478 0.00426949
internal_weight=156.954 53.4561 103.498 65.4976 42 46.4976
internal_count=145 53 92 54 42 35
is_linear=0
shrinkage=0.0168771


Tree=116
num_leaves=6
num_cat=0
split_feature=3 2 1 13 6
split_gain=2.94071 1.56484 1.24658 0.592738 0.18498
threshold=0.26428571428571429 0.24571428571428575 7.8250000000000002 0.4735023106683745 16.493571428571432
decision_type=2 2 2 2 2
left_child=1 4 3 -2 -1
right_child=2 -3 -4 -5 -6
leaf_value=-0.00074570214247226055 0.0039482214589002017 0 -0.00037017925714988715 0 -0.0070901719203857339
leaf_weight=12.000000000000002 51.330839037895203 25.4482741355896 33 18 17
leaf_count=12 39 25 33 18 17
internal_value=0 -0.00298467 0.00176165 0.00306066 -0.00547518
internal_weight=156.779 54.4483 102.331 69.3308 29
internal_count=144 54 90 57 29
is_linear=0
shrinkage=0.0168771


Tree=117
num_leaves=6
num_cat=0
split_feature=5 1 14 1 2
split_gain=3.5279 1.19904 1.02625 0.708518 0.164583
threshold=18.894285714285719 1.0000000180025095e-35 18.122857142857146 13.179345238095239 0.25642857142857151
decision_type=2 2 2 2 2
left_child=1 -1 4 -2 -3
right_child=3 2 -4 -5 -6
leaf_value=0.00084015526818430645 0.0031636144395435924 -0.0059060987627915229 0 0 -0.00099834286754390557
leaf_weight=12.406543016433714 64.402465224266052 31 17 10.999999999999998 17
leaf_count=12 53 31 17 11 17
internal_value=0 -0.00257589 -0.00356608 0.00245476 -0.0047649
internal_weight=152.809 77.4065 65 75.4025 48
internal_count=141 77 65 64 48
is_linear=0
shrinkage=0.0168771


Tree=118
num_leaves=7
num_cat=0
split_feature=9 8 10 2 10 9
split_gain=3.43831 1.51999 0.461958 0.412897 0.584659 0.316272
threshold=16.551428571428573 -0.23409344514255367 0.4171428571428572 0.25642857142857151 0.39071428571428574 17.672857142857143
decision_type=2 2 2 2 2 2
left_child=-1 2 5 -3 -5 -2
right_child=1 3 -4 4 -6 -7
leaf_value=-0.0052593995973359564 0 0 0.0010669038275263071 0.0040548791693097398 0 -0.0026937129449101163
leaf_weight=27 12.999999999999998 17.622761368751526 10.999999999999998 47.487275123596191 18.834981441497803 31
leaf_count=27 13 17 11 36 18 31
internal_value=0 0.00103471 -0.000833744 0.0025039 0.00309256 -0.00182352
internal_weight=165.945 138.945 55 83.945 66.3223 44
internal_count=153 126 55 71 54 44
is_linear=0
shrinkage=0.0168771


Tree=119
num_leaves=6
num_cat=0
split_feature=9 1 10 13 0
split_gain=3.76587 1.69945 0.691831 0.615627 0.237158
threshold=16.551428571428573 8.1582142857142852 0.39071428571428574 0.41131487963618812 34.500000000000007
decision_type=2 2 2 2 2
left_child=-1 3 -3 4 -2
right_child=1 2 -4 -5 -6
leaf_value=-0.0057404208510738039 3.0347027558679699e-05 -0.0027820723975632354 0.00062305545807865906 0 0.004231724277341883
leaf_weight=23 16.463345408439636 27 20 21 47.471374034881592
leaf_count=23 16 27 20 21 34
internal_value=3.51599e-06 0.00127353 -0.00093218 0.00273971 0.00353371
internal_weight=154.935 131.935 47 84.9347 63.9347
internal_count=141 118 47 71 50
is_linear=0
shrinkage=0.0168771


Tree=120
num_leaves=7
num_cat=0
split_feature=12 0 3 3 3 9
split_gain=3.21619 1.36592 0.353691 0.377054 0.230454 0.124927
threshold=-0.10864714396718358 24.500000000000004 0.25500000000000006 0.4121428571428572 0.43285714285714288 19.337142857142862
decision_type=2 2 2 2 2 2
left_child=1 -1 -2 -4 5 -3
right_child=2 4 3 -5 -6 -7
leaf_value=-0.0071820101064576517 0 -0.0018076972167713884 0.0038088733536242522 0 0.00013029282261698102 0
leaf_weight=11.999999999999998 15.680263638496397 42 45.212172627449036 13.275728225708006 10.83066153526306 13.218575954437254
leaf_count=12 15 42 37 12 10 13
internal_value=0 -0.00229391 0.00252142 0.0031019 -0.000814741 -0.00138298
internal_weight=152.217 78.0492 74.1682 58.4879 66.0492 55.2186
internal_count=141 77 64 49 65 55
is_linear=0
shrinkage=0.0168771


Tree=121
num_leaves=7
num_cat=0
split_feature=9 5 1 10 2 2
split_gain=3.44293 1.44065 0.466472 0.44226 0.347243 0.207855
threshold=16.551428571428573 20.247142857142865 -2.7233333333333332 0.38214285714285717 0.34928571428571431 0.33500000000000002
decision_type=2 2 2 2 2 2
left_child=-1 2 4 -4 -2 -3
right_child=1 5 3 -5 -6 -7
leaf_value=-0.0059255795687532401 0.0033452073320134382 0 -0.0019002738385954746 0.00022997974884958841 0 0.0041920909491346249
leaf_weight=23 10.960157990455629 13.200971841812132 53.847259283065796 22.236932396888733 11.200000047683714 27.875597476959229
leaf_count=23 10 12 52 22 11 20
internal_value=-0.000167101 0.00072788 -0.000194252 -0.00100838 0.00149919 0.00330972
internal_weight=162.321 139.321 98.2443 76.0842 22.1602 41.0766
internal_count=150 127 95 74 21 32
is_linear=0
shrinkage=0.0168771


Tree=122
num_leaves=5
num_cat=0
split_feature=8 3 10 10
split_gain=2.90307 1.53316 0.391106 0.472447
threshold=-0.16213757046110308 0.2592857142857144 0.24285714285714285 0.39071428571428574
decision_type=2 2 2 2
left_child=1 -1 -2 -4
right_child=2 -3 3 -5
leaf_value=-0.0046986232146623902 0 0 0.003585542418171933 0
leaf_weight=31 14.248406291007994 41.236932396888733 57.10588276386261 15.628438472747801
leaf_count=31 14 41 46 15
internal_value=0.000258002 -0.00203767 0.00241812 0.00290194
internal_weight=159.22 72.2369 86.9827 72.7343
internal_count=147 72 75 61
is_linear=0
shrinkage=0.0168771


Tree=123
num_leaves=7
num_cat=0
split_feature=7 12 3 0 14 3
split_gain=3.5114 1.47994 0.936179 0.762817 0.387511 0.174425
threshold=19.337142857142862 0.093897053173610162 0.36214285714285727 20.000000000000004 17.466428571428576 0.43071428571428577
decision_type=2 2 2 2 2 2
left_child=1 3 -2 -1 -3 -4
right_child=2 4 5 -5 -6 -7
leaf_value=-0.0075244042675347228 0.0046197641274707503 0.0029248318794066032 -0.00013569137087047261 -0.0019427735544478625 -0.00026746850117290253 0.0017250592403751743
leaf_weight=13.999999999999998 31.11463725566864 10.926690816879274 24.429683685302734 54 9.9999999999999982 13.661323070526121
leaf_count=14 22 10 23 54 10 12
internal_value=-0.000116266 -0.00243065 0.00252483 -0.0036701 0.000612853 6.01382e-05
internal_weight=158.132 88.9267 69.2056 68 20.9267 38.091
internal_count=145 88 57 68 20 35
is_linear=0
shrinkage=0.0168771


Tree=124
num_leaves=7
num_cat=0
split_feature=9 1 10 4 10 2
split_gain=2.58238 1.41172 0.662558 0.254211 0.221156 0.391316
threshold=16.551428571428573 8.1582142857142852 0.39071428571428574 17.491428571428575 0.39357142857142852 0.26928571428571441
decision_type=2 2 2 2 2 2
left_child=3 4 -3 -1 5 -2
right_child=1 2 -4 -5 -6 -7
leaf_value=-0.006369725585871005 0 -0.0024672339491528189 0.00086079190096107036 -3.0887325672755817e-05 0 0.0037980785005628588
leaf_weight=13.000000000000002 18.416218400001526 31 19 10.999999999999998 18.4130859375 45.947892546653748
leaf_count=13 18 31 19 11 18 35
internal_value=1.09191e-05 0.00109352 -0.000801162 -0.00461533 0.00248791 0.00296985
internal_weight=156.777 132.777 50 24 82.7772 64.3641
internal_count=145 121 50 24 71 53
is_linear=0
shrinkage=0.0168771


Tree=125
num_leaves=5
num_cat=0
split_feature=3 12 2 10
split_gain=1.50192 0.743692 0.45238 0.2626
threshold=0.25071428571428572 -0.10864714396718358 0.39357142857142863 0.26428571428571429
decision_type=2 2 2 2
left_child=3 -2 -3 -1
right_child=1 2 -4 -5
leaf_value=-0.0035074255141514096 -0.00031490592057809144 0.0032894666248638117 0 0
leaf_weight=30 46.203319549560547 37.147578239440918 27.229683637619019 10.231989502906798
leaf_count=30 46 32 24 10
internal_value=0 0.000927726 0.00212772 -0.00276606
internal_weight=150.813 110.581 64.3773 40.232
internal_count=142 102 56 40
is_linear=0
shrinkage=0.0168771


Tree=126
num_leaves=7
num_cat=0
split_feature=2 13 1 13 4 8
split_gain=3.40635 1.3646 0.662577 0.318112 0.217395 0.136476
threshold=0.26714285714285718 -0.17119928588578989 7.2032738095238109 0.4735023106683745 19.90071428571429 -0.23409344514255367
decision_type=2 2 2 2 2 2
left_child=1 5 3 4 -2 -1
right_child=2 -3 -4 -5 -6 -7
leaf_value=-0.0015140794362598995 0.0047242671355830369 -0.0061457860121220294 -5.5694973468904091e-05 0 0.00048153468637074419 0.000597372297761984
leaf_weight=12.000000000000002 18.884742498397827 30 35 19 22.092275977134705 10.206542968749998
leaf_count=12 13 30 35 19 18 10
internal_value=-0.000486048 -0.00393733 0.00124277 0.00232443 0.00313149 0
internal_weight=147.184 52.2065 94.977 59.977 40.977 22.2065
internal_count=137 52 85 50 31 22
is_linear=0
shrinkage=0.0168771


Tree=127
num_leaves=7
num_cat=0
split_feature=14 0 1 1 0 1
split_gain=2.72299 1.21278 0.733318 0.696138 0.462665 0.256112
threshold=18.122857142857146 14.500000000000002 8.256904761904762 8.1582142857142852 33.500000000000007 -6.4779166666666645
decision_type=2 2 2 2 2 2
left_child=1 -1 5 -3 -5 -2
right_child=2 3 -4 4 -6 -7
leaf_value=-0.006934554447244814 0 0.00030204128571012376 0 0 -0.0046459977453611034 0.0032201193914601755
leaf_weight=12.999999999999998 14.209675431251524 30.463345408439636 38 10.000000000000002 13.999999999999998 54.899810194969177
leaf_count=13 14 30 38 10 14 43
internal_value=0 -0.00255087 0.00169918 -0.000814699 -0.00294432 0.00270381
internal_weight=174.573 67.4633 107.109 54.4633 24 69.1095
internal_count=162 67 95 54 24 57
is_linear=0
shrinkage=0.0168771


Tree=128
num_leaves=7
num_cat=0
split_feature=9 1 4 13 10 3
split_gain=3.08604 1.24417 0.973867 0.654275 0.597882 0.301317
threshold=16.551428571428573 8.1582142857142852 17.002857142857149 0.4735023106683745 0.39071428571428574 0.39857142857142863
decision_type=2 2 2 2 2 2
left_child=2 3 -1 5 -3 -2
right_child=1 4 -4 -5 -6 -7
leaf_value=-0.0078635140268327984 0.0038005141420284078 -0.0024140169696119174 -1.3635081623954109e-05 0 0.00077037905109589137 0
leaf_weight=13.000000000000002 50.771819710731506 28 14.999999999999998 20 20 13.716348409652708
leaf_count=13 41 28 15 20 20 11
internal_value=0 0.00112813 -0.00478116 0.00239956 -0.000678731 0.00319864
internal_weight=160.488 132.488 28 84.4882 48 64.4882
internal_count=148 120 28 72 48 52
is_linear=0
shrinkage=0.0168771


Tree=129
num_leaves=7
num_cat=0
split_feature=0 1 2 13 3 3
split_gain=2.26826 0.849682 0.358255 0.302951 0.223817 0.183108
threshold=14.500000000000002 6.5048809523809537 0.35928571428571426 0.51964583493523575 0.23071428571428579 0.25500000000000006
decision_type=2 2 2 2 2 2
left_child=-1 3 4 5 -3 -2
right_child=1 2 -4 -5 -6 -7
leaf_value=-0.0063930287777689753 0 0 0 0 -0.0026771533587708466 0.0027093445680251593
leaf_weight=13.999999999999998 14.456126570701597 9.9999999999999982 27 20 33 36.437777400016785
leaf_count=14 14 10 27 20 33 29
internal_value=-0.000535448 8.48209e-06 -0.0011209 0.00142758 -0.00205371 0.00209742
internal_weight=154.894 140.894 70 70.8939 43 50.8939
internal_count=147 133 70 63 43 43
is_linear=0
shrinkage=0.0168771


Tree=130
num_leaves=5
num_cat=0
split_feature=5 12 13 14
split_gain=2.39155 0.940318 0.520124 0.272624
threshold=16.630714285714287 -0.10864714396718358 0.4735023106683745 16.675000000000001
decision_type=2 2 2 2
left_child=3 -2 -3 -1
right_child=1 2 -4 -5
leaf_value=-0.0064670235289919714 -0.00074014498094187382 0.0028921462035099276 0 -0.00092098049072277942
leaf_weight=12.999999999999998 49.421895503997803 52.655340194702148 28 19
leaf_count=13 49 42 28 19
internal_value=-0.000130806 0.000763369 0.00194659 -0.00416793
internal_weight=162.077 130.077 80.6553 32
internal_count=151 119 70 32
is_linear=0
shrinkage=0.0168771


Tree=131
num_leaves=6
num_cat=0
split_feature=6 8 8 13 10
split_gain=2.09609 1.29635 0.985708 0.734139 0.355211
threshold=17.093571428571433 -0.16213757046110308 -0.052348229104176261 0.45467026633574265 0.38214285714285717
decision_type=2 2 2 2 2
left_child=2 4 -1 -3 -2
right_child=1 3 -4 -5 -6
leaf_value=-0.0046636366873743593 -0.0017837313295350336 0.0038527890425848707 0 0 0.00055720987144772911
leaf_weight=27 28 51.153907895088196 13.999999999999998 21 24.236932396888733
leaf_count=27 28 39 14 21 24
internal_value=0.000125931 0.00134369 -0.00290212 0.00281174 -0.00031905
internal_weight=165.391 124.391 41 72.1539 52.2369
internal_count=153 112 41 60 52
is_linear=0
shrinkage=0.0168771


Tree=132
num_leaves=5
num_cat=0
split_feature=3 2 1 1
split_gain=1.63558 0.495325 0.318367 0.147456
threshold=0.25071428571428572 0.26214285714285718 7.8250000000000002 -6.1751785714285718
decision_type=2 2 2 2
left_child=1 -1 3 -2
right_child=2 -3 -4 -5
leaf_value=-0.0040372270651174054 0 0 -2.510279821603881e-05 0.0019224120784662761
leaf_weight=32 14.999999999999998 11.448274135589598 37 47.086490511894226
leaf_count=32 15 11 37 41
internal_value=-0.000313016 -0.00303832 0.000714888 0.00148212
internal_weight=142.535 43.4483 99.0865 62.0865
internal_count=136 43 93 56
is_linear=0
shrinkage=0.0168771


Tree=133
num_leaves=6
num_cat=0
split_feature=6 1 9 1 6
split_gain=2.29311 1.00518 0.407502 0.355624 0.186761
threshold=17.093571428571433 7.8250000000000002 16.551428571428573 -6.4779166666666645 16.493571428571432
decision_type=2 2 2 2 2
left_child=2 3 4 -2 -1
right_child=1 -3 -4 -5 -6
leaf_value=0 0 0 0 0.0033894261919891915 -0.0060497034645401789
leaf_weight=11.000000000000002 11.209675431251524 40 20 59.303401947021484 10.999999999999998
leaf_count=11 11 40 20 47 11
internal_value=0.000300111 0.00169834 -0.00275133 0.00289048 -0.00427845
internal_weight=152.513 110.513 42 70.5131 22
internal_count=140 98 42 58 22
is_linear=0
shrinkage=0.0168771


Tree=134
num_leaves=6
num_cat=0
split_feature=5 1 13 2 10
split_gain=2.23833 0.759166 0.517702 0.26682 0.188574
threshold=16.630714285714287 8.1582142857142852 0.3712539277397669 0.25428571428571428 0.39071428571428574
decision_type=2 2 2 2 2
left_child=3 2 -2 -1 -3
right_child=1 4 -4 -5 -6
leaf_value=-0.0045741971985857046 0.0030769151148608508 -0.0014346777533889717 0 0 0.00044576546666417783
leaf_weight=20.000000000000004 61.16849684715271 21 24.2241370677948 10.999999999999998 20
leaf_count=20 49 21 24 11 20
internal_value=0.000236381 0.00137104 0.00228046 -0.00344906 -3.81894e-05
internal_weight=157.393 126.393 85.3926 31 41
internal_count=145 114 73 31 41
is_linear=0
shrinkage=0.0168771


Tree=135
num_leaves=7
num_cat=0
split_feature=5 8 8 0 13 10
split_gain=1.68721 0.874721 0.407282 0.350946 0.3071 0.150441
threshold=18.670000000000005 0.12006042759527363 -0.23409344514255367 20.000000000000004 0.4735023106683745 0.35571428571428576
decision_type=2 2 2 2 2 2
left_child=1 3 -2 -1 5 -4
right_child=2 -3 4 -5 -6 -7
leaf_value=-0.0053406581354230164 0 0.0012449258000689805 0.0042190929382828514 -0.00098329106483928353 0 0
leaf_weight=10.999999999999998 21 16.639902591705322 31.568175911903381 49 11.999999999999998 13.316724777221678
leaf_count=11 21 16 22 49 12 11
internal_value=0.000310474 -0.00126978 0.00213263 -0.00234888 0.00284346 0.00345616
internal_weight=154.525 76.6399 77.8849 60 56.8849 44.8849
internal_count=142 76 66 60 45 33
is_linear=0
shrinkage=0.0168771


Tree=136
num_leaves=6
num_cat=0
split_feature=2 13 6 12 13
split_gain=2.3486 1.24756 0.601578 0.179552 0.12501
threshold=0.26714285714285718 -0.17119928588578989 20.245714285714289 -0.66131799987384243 -0.45867883420938232
decision_type=2 2 2 2 2
left_child=1 3 4 -1 -2
right_child=2 -3 -4 -5 -6
leaf_value=-0.0013492211328535899 -0.00048354161844572804 -0.0050740979242491178 0.0035709446597228861 0.0012511140341780178 0.00075397859228085596
leaf_weight=12.000000000000002 15.641716718673704 30 24.29649829864502 12.413085937499998 56.160421371459961
leaf_count=12 14 30 18 12 53
internal_value=-8.34429e-05 -0.0029298 0.00134061 0 0.000176002
internal_weight=150.512 54.4131 96.0986 24.4131 71.8021
internal_count=139 54 85 24 67
is_linear=0
shrinkage=0.0168771


Tree=137
num_leaves=6
num_cat=0
split_feature=8 14 13 5 13
split_gain=2.09368 0.538094 0.272055 0.228177 0.212278
threshold=-0.16213757046110308 18.742142857142859 0.4735023106683745 18.894285714285719 -0.12546426679146158
decision_type=2 2 2 2 2
left_child=3 4 -3 -1 -2
right_child=1 2 -4 -5 -6
leaf_value=-0.0028709012570600706 0.00094675274956760138 0.0030526277377677137 0 0 -0.0017860381372306992
leaf_weight=47 11.463345408439638 48.671788215637207 12.999999999999998 18 11.999999999999998
leaf_count=47 11 37 13 18 12
internal_value=0 0.00168485 0.00249862 -0.00225846 0
internal_weight=150.135 85.1351 61.6718 65 23.4633
internal_count=138 73 50 65 23
is_linear=0
shrinkage=0.0168771


Tree=138
num_leaves=5
num_cat=0
split_feature=2 1 0 2
split_gain=3.01652 0.737382 0.718835 0.14807
threshold=0.25642857142857151 7.2032738095238109 23.500000000000004 0.3764285714285715
decision_type=2 2 2 2
left_child=2 3 -1 -2
right_child=1 -3 -4 -5
leaf_value=-0.0059936727897999705 0.003020109166726874 -0.00017821600222160322 -0.00072171611205375014 0
leaf_weight=23 39.688869595527649 40 28 22.865739107131958
leaf_count=23 33 40 28 20
internal_value=-0.000364961 0.0011428 -0.00371057 0.00230027
internal_weight=153.555 102.555 51 62.5546
internal_count=144 93 51 53
is_linear=0
shrinkage=0.0168771


Tree=139
num_leaves=5
num_cat=0
split_feature=2 1 11 2
split_gain=1.9843 0.935121 0.535506 0.371825
threshold=0.24571428571428575 7.8250000000000002 17.354285714285719 0.3764285714285715
decision_type=2 2 2 2
left_child=2 3 -1 -2
right_child=1 -3 -4 -5
leaf_value=-0.0048078919272836022 0.0031912228425356333 -0.0005525647779490142 0 0
leaf_weight=22 46.30806827545166 39 12.416218400001524 26.672281980514526
leaf_count=22 38 39 12 23
internal_value=0 0.00111097 -0.00336773 0.00228242
internal_weight=146.397 111.98 34.4162 72.9804
internal_count=134 100 34 61
is_linear=0
shrinkage=0.0168771


Tree=140
num_leaves=5
num_cat=0
split_feature=3 2 8 13
split_gain=2.51817 0.957991 0.74365 0.332055
threshold=0.25071428571428572 0.25642857142857151 -0.16213757046110308 0.4735023106683745
decision_type=2 2 2 2
left_child=1 -1 -2 -4
right_child=2 -3 3 -5
leaf_value=-0.0048820587899171411 0 0 0.0031018351392648027 0
leaf_weight=30 46 13.448274135589598 50.303730368614197 20
leaf_count=30 46 13 39 20
internal_value=0 -0.00332196 0.00131334 0.00238778
internal_weight=159.752 43.4483 116.304 70.3037
internal_count=148 43 105 59
is_linear=0
shrinkage=0.0168771


Tree=141
num_leaves=7
num_cat=0
split_feature=3 14 6 1 1 8
split_gain=2.60883 1.27199 0.551744 0.381907 0.470389 0.194481
threshold=0.26428571428571429 18.311428571428575 16.493571428571432 7.8250000000000002 2.2374404761904771 0.39027286412948309
decision_type=2 2 2 2 2 2
left_child=1 2 -1 4 5 -2
right_child=3 -3 -4 -5 -6 -7
leaf_value=0 -9.8241259375928135e-05 0.00031820395420727654 -0.0057183639411769443 0 0.004460674060305282 0.0014577830540842276
leaf_weight=12.999999999999998 13.238397121429442 11.680263638496397 29 37 19.737285852432251 27.576376438140869
leaf_count=13 12 11 29 37 13 26
internal_value=-1.4452e-05 -0.0030475 -0.00444254 0.0014714 0.00226742 0.000467516
internal_weight=151.232 53.6803 42 97.5521 60.5521 40.8148
internal_count=141 53 42 88 51 38
is_linear=0
shrinkage=0.0168771


Tree=142
num_leaves=6
num_cat=0
split_feature=9 1 1 3 2
split_gain=2.26082 1.05302 0.367473 0.261836 0.146441
threshold=16.551428571428573 8.1582142857142852 -6.4779166666666645 0.35714285714285721 0.35928571428571426
decision_type=2 2 2 2 2
left_child=-1 2 -2 -4 -3
right_child=1 4 3 -5 -6
leaf_value=-0.0046272079412210563 0 -0.0016128415334355833 0.0029022884387356826 0 0
leaf_weight=24 16.209675431251526 31 56.497581362724304 16.103166341781616 21
leaf_count=24 16 31 47 14 21
internal_value=-2.04699e-05 0.000686647 0.00187129 0.00237475 -0.00092029
internal_weight=164.81 140.81 88.8104 72.6007 52
internal_count=153 129 77 61 52
is_linear=0
shrinkage=0.0168771


Tree=143
num_leaves=7
num_cat=0
split_feature=7 1 2 13 1 12
split_gain=2.20593 0.970092 0.513323 0.453622 0.359586 0.255952
threshold=19.337142857142862 -2.7233333333333332 0.25642857142857151 0.4735023106683745 10.635178571428574 -0.63660106914384018
decision_type=2 2 2 2 2 2
left_child=1 -1 5 4 -2 -3
right_child=3 2 -4 -5 -6 -7
leaf_value=0.0013466137406101086 0.0033557318256766688 0 -0.00052723507869221347 0 0 -0.0052204851205022371
leaf_weight=10.463345408439634 42.038924694061279 10.999999999999995 37.246204257011414 13.999999999999998 11.999999999999998 27.000000000000004
leaf_count=10 31 11 37 14 12 27
internal_value=-9.85609e-05 -0.00200217 -0.00278751 0.00196722 0.00266269 -0.00425963
internal_weight=153.748 85.7095 75.2462 68.0389 54.0389 38
internal_count=142 85 75 57 43 38
is_linear=0
shrinkage=0.0168771


Tree=144
num_leaves=7
num_cat=0
split_feature=6 1 8 10 1 8
split_gain=1.49758 0.72967 0.433519 0.455458 0.316314 0.169056
threshold=18.894285714285719 1.0000000180025095e-35 -0.8524446125541415 0.26428571428571429 13.179345238095239 1.8286258989856357
decision_type=2 2 2 2 2 2
left_child=1 -1 -3 -4 5 -2
right_child=4 2 3 -5 -6 -7
leaf_value=0.00027293170271444465 0.002327236820675504 0 -0.0045164642058852494 0 0 0
leaf_weight=14.43335962295532 47.775251507759094 10.999999999999998 34 15.999999999999998 19 14.906355857849119
leaf_count=14 39 11 34 16 19 14
internal_value=-0.000136114 -0.00193464 -0.00279636 -0.00343203 0.00126926 0.00185774
internal_weight=157.115 75.4334 61 50 81.6816 62.6816
internal_count=147 75 61 50 72 53
is_linear=0
shrinkage=0.0168771


Tree=145
num_leaves=7
num_cat=0
split_feature=3 10 1 3 0 0
split_gain=1.86762 1.26802 0.495028 0.36496 0.156589 0.281722
threshold=0.26428571428571429 0.26428571428571429 7.8250000000000002 0.35714285714285721 20.000000000000004 33.500000000000007
decision_type=2 2 2 2 2 2
left_child=1 4 3 -2 -1 -6
right_child=2 -3 -4 -5 5 -7
leaf_value=-0.0058946519914884954 0.0032380720111847179 0.0005290925340124805 0 0 0 -0.0028661141511114583
leaf_weight=15.999999999999998 42.651869535446167 17.456126570701599 40 29.493517756462097 12.000000000000002 11.999999999999998
leaf_count=16 32 17 40 27 12 12
internal_value=3.94301e-05 -0.00222705 0.00142247 0.00223164 -0.00390647 -0.00125325
internal_weight=169.602 57.4561 112.145 72.1454 40 24
internal_count=156 57 99 59 40 24
is_linear=0
shrinkage=0.0168771


Tree=146
num_leaves=5
num_cat=0
split_feature=5 8 0 5
split_gain=1.43889 0.469051 0.401823 0.188202
threshold=16.630714285714287 0.32651883385898106 40.500000000000007 20.247142857142865
decision_type=2 2 2 2
left_child=2 3 -1 -2
right_child=1 -3 -4 -5
leaf_value=-0.0046770867933254977 -0.00062861185113942039 0.0018617301242708098 0 0.0012116237824071083
leaf_weight=20.000000000000004 70.666616082191467 43.783227324485779 9.9999999999999982 13.889529228210447
leaf_count=20 69 38 10 10
internal_value=-0.000182143 0.000465093 -0.0034281 -3.97323e-05
internal_weight=158.339 128.339 30 84.5561
internal_count=147 117 30 79
is_linear=0
shrinkage=0.0168771


Tree=147
num_leaves=4
num_cat=0
split_feature=9 4 6
split_gain=1.73554 0.751078 0.377928
threshold=16.551428571428573 16.551428571428573 19.270714285714284
decision_type=2 2 2
left_child=1 -1 -2
right_child=2 -3 -4
leaf_value=-0.0067853126430639623 0 0 0.0015224884420446522
leaf_weight=11.000000000000002 64.406543016433716 13.999999999999998 72.707481861114502
leaf_count=11 64 14 61
internal_value=0 -0.00390973 0.000695024
internal_weight=162.114 25 137.114
internal_count=150 25 125
is_linear=0
shrinkage=0.0168771


Tree=148
num_leaves=6
num_cat=0
split_feature=7 1 10 2 9
split_gain=1.61097 1.28938 0.330027 0.348371 0.127629
threshold=19.067142857142866 -2.7233333333333332 0.28000000000000008 0.26714285714285718 20.24428571428572
decision_type=2 2 2 2 2
left_child=1 -1 3 -3 -2
right_child=4 2 -4 -5 -6
leaf_value=0.002073734331335265 0.0022824154443524159 -0.0045885593308457638 0 0 0
leaf_weight=11.669888377189634 42.54584014415741 33 20 12.999999999999998 27.493412733078003
leaf_count=11 36 33 20 13 24
internal_value=-6.30761e-06 -0.0017907 -0.0028581 -0.00366477 0.00165768
internal_weight=147.709 77.6699 66 46 70.0393
internal_count=137 77 66 46 60
is_linear=0
shrinkage=0.0168771


Tree=149
num_leaves=4
num_cat=0
split_feature=0 1 13
split_gain=1.80708 0.450147 0.430615
threshold=14.500000000000002 7.8250000000000002 0.51964583493523575
decision_type=2 2 2
left_child=-1 2 -2
right_child=1 -3 -4
leaf_value=-0.0049075178018427312 0.0022941596517073188 0 0
leaf_weight=12.999999999999998 71.913783431053162 48 20
leaf_count=13 59 48 20
internal_value=0.000271932 0.00100046 0.00169106
internal_weight=152.914 139.914 91.9138
internal_count=140 127 79
is_linear=0
shrinkage=0.0168771


Tree=150
num_leaves=5
num_cat=0
split_feature=9 8 13 2
split_gain=1.61407 0.410192 0.331503 0.388246
threshold=16.551428571428573 -0.16213757046110308 0.51964583493523575 0.25642857142857151
decision_type=2 2 2 2
left_child=-1 -2 3 -3
right_child=1 2 -4 -5
leaf_value=-0.0039300319736485616 -7.4336541169191004e-05 0 0 0.0028417648217780862
leaf_weight=22 50 16.20654296875 18 46.182704925537109
leaf_count=22 50 16 18 35
internal_value=0 0.000749761 0.00151611 0.00209239
internal_weight=152.389 130.389 80.3892 62.3892
internal_count=141 119 69 51
is_linear=0
shrinkage=0.0168771


Tree=151
num_leaves=7
num_cat=0
split_feature=9 12 2 3 10 7
split_gain=1.93902 0.513989 0.238697 0.397195 0.224452 0.206593
threshold=16.551428571428573 -0.63660106914384018 0.25642857142857151 0.35714285714285721 0.41428571428571431 18.631428571428575
decision_type=2 2 2 2 2 2
left_child=-1 4 -3 -4 5 -2
right_child=1 2 3 -5 -6 -7
leaf_value=-0.0041394063409405319 0 0 0.0026551079866014645 0 3.052210729385373e-05 -0.0030183104275357665
leaf_weight=28 18.000000000000004 17.416218400001526 45.022619485855103 25.226364135742188 9.9999999999999982 12.999999999999998
leaf_count=28 18 17 36 24 10 13
internal_value=-0.000250818 0.000497985 0.00131576 0.00175288 -0.000711333 -0.00159372
internal_weight=156.665 128.665 87.6652 70.249 41 31
internal_count=146 118 77 60 41 31
is_linear=0
shrinkage=0.0168771


Tree=152
num_leaves=5
num_cat=0
split_feature=8 3 1 2
split_gain=1.61894 0.455461 0.283671 0.476009
threshold=-0.16213757046110308 0.25500000000000006 -6.4779166666666645 0.25642857142857151
decision_type=2 2 2 2
left_child=1 -1 -2 -4
right_child=2 -3 3 -5
leaf_value=-0.0033153492529907152 0 0 0 0.00278665934761947
leaf_weight=27 16.209675431251526 41.236932396888733 19.20654296875 58.975125312805176
leaf_count=27 16 41 19 46
internal_value=0.000114231 -0.0016727 0.00164783 0.00206263
internal_weight=162.628 68.2369 94.3913 78.1817
internal_count=149 68 81 65
is_linear=0
shrinkage=0.0168771


Tree=153
num_leaves=6
num_cat=0
split_feature=3 0 12 3 3
split_gain=1.55692 0.517964 0.349007 0.460981 0.298625
threshold=0.25071428571428572 23.500000000000004 -0.10864714396718358 0.40214285714285719 0.43285714285714288
decision_type=2 2 2 2 2
left_child=1 -1 4 -4 -2
right_child=2 -3 3 -5 -6
leaf_value=-0.0046867231472954209 -0.00083798291405762443 0 0.0027919660339782281 0 0.0018614656046309916
leaf_weight=19 36.421895503997803 23.680263638496399 40.747938632965088 16.275728225708008 13.661323070526121
leaf_count=19 36 23 33 15 12
internal_value=0 -0.00270585 0.000998259 0.00186755 0
internal_weight=149.787 42.6803 107.107 57.0237 50.0832
internal_count=138 42 96 48 48
is_linear=0
shrinkage=0.0168771


Tree=154
num_leaves=6
num_cat=0
split_feature=3 0 12 2 6
split_gain=1.61782 0.890712 0.29311 0.405491 0.328108
threshold=0.25071428571428572 23.500000000000004 1.0000000180025095e-35 0.40142857142857152 19.915000000000003
decision_type=2 2 2 2 2
left_child=1 -1 4 -4 -2
right_child=2 -3 3 -5 -6
leaf_value=-0.0052827856032048289 -0.0004396812832494767 0 0.0027447397578101293 0 0.0023927037316249346
leaf_weight=18 47.019821166992188 19.456126570701599 40.866153717041016 11.999999999999998 11.723448634147642
leaf_count=18 46 19 35 12 8
internal_value=0 -0.00285896 0.00106886 0.00196019 0
internal_weight=149.066 37.4561 111.609 52.8662 58.7433
internal_count=138 37 101 47 54
is_linear=0
shrinkage=0.0168771


Tree=155
num_leaves=5
num_cat=0
split_feature=12 13 2 6
split_gain=0.970454 0.397637 0.337162 0.198338
threshold=-0.13294205056237318 0.1541023214142152 0.35928571428571426 16.456428571428578
decision_type=2 2 2 2
left_child=2 -2 3 -1
right_child=1 -3 -4 -5
leaf_value=0 0.0022563311731843469 0 0 -0.0029912927663909
leaf_weight=17 49.25434672832489 30.456126570701599 26.049237489700317 28
leaf_count=17 39 30 25 28
internal_value=0 0.00135781 -0.00129526 -0.00214339
internal_weight=150.76 79.7105 71.0492 45
internal_count=139 69 70 45
is_linear=0
shrinkage=0.0168771


Tree=156
num_leaves=7
num_cat=0
split_feature=3 10 8 3 8 2
split_gain=1.10064 0.856438 0.442318 0.231529 0.363726 0.1418
threshold=0.26428571428571429 0.26428571428571429 -0.052348229104176261 0.33500000000000002 -0.16213757046110308 0.45142857142857146
decision_type=2 2 2 2 2 2
left_child=1 2 -1 4 -2 -5
right_child=3 -3 -4 5 -6 -7
leaf_value=-0.0040446441589311244 0 0.00058796257468151617 0 0 0.0030590590079054283 0.001783979938260751
leaf_weight=29.999999999999996 11.999999999999998 14.680263638496397 10.000000000000002 51.80810809135437 30.028302907943726 9.8306615352630597
leaf_count=30 12 14 10 49 22 9
internal_value=0 -0.00174115 -0.00310022 0.00114158 0.00213402 5.18019e-05
internal_weight=158.347 54.6803 40 103.667 42.0283 61.6388
internal_count=146 54 40 92 34 58
is_linear=0
shrinkage=0.0168771


Tree=157
num_leaves=6
num_cat=0
split_feature=9 1 4 10 1
split_gain=1.17317 0.754935 0.481289 0.459746 0.285018
threshold=16.551428571428573 8.1582142857142852 17.002857142857149 0.39071428571428574 -6.0452380952380933
decision_type=2 2 2 2 2
left_child=2 4 -1 -3 -2
right_child=1 3 -4 -5 -6
leaf_value=-0.0051166988108662884 0 -0.0018349373770219014 0 0.00093272756012355643 0.0025315546717284477
leaf_weight=11.000000000000002 16.696680426597595 31 14.999999999999998 22 59.491557598114014
leaf_count=11 16 31 15 22 49
internal_value=0.000103278 0.000906869 -0.00280318 -0.000296425 0.00200742
internal_weight=155.188 129.188 26 53 76.1882
internal_count=144 118 26 53 65
is_linear=0
shrinkage=0.0168771


Tree=158
num_leaves=4
num_cat=0
split_feature=12 0 5
split_gain=1.72215 0.579657 0.338491
threshold=-0.10864714396718358 20.000000000000004 20.247142857142865
decision_type=2 2 2
left_child=1 -1 -2
right_child=2 -3 -4
leaf_value=-0.0052533941692582209 0 -0.00091364252110078155 0.0027936106688594363
leaf_weight=13.999999999999998 45.085580229759216 71.218575954437256 27.867275714874268
leaf_count=14 42 71 20
internal_value=-0.00032365 -0.00203112 0.00137681
internal_weight=158.171 85.2186 72.9529
internal_count=147 85 62
is_linear=0
shrinkage=0.0168771


Tree=159
num_leaves=6
num_cat=0
split_feature=6 6 8 1 1
split_gain=1.15856 0.59378 0.404827 0.187729 0.167247
threshold=17.093571428571433 16.456428571428578 -0.51450111045102986 2.2374404761904771 -5.0236904761904757
decision_type=2 2 2 2 2
left_child=1 -1 -2 4 -4
right_child=2 -3 3 -5 -6
leaf_value=0 -0.00051812763214303828 -0.0043811373914292287 0.0013913399561351601 0.0029254745448438831 0
leaf_weight=24 39 22 25.056640028953552 18.292274713516235 35.300573825836182
leaf_count=24 39 22 23 14 31
internal_value=-0.00023969 -0.00251376 0.000502785 0.00128431 0.000320751
internal_weight=163.649 46 117.649 78.6495 60.3572
internal_count=153 46 107 68 54
is_linear=0
shrinkage=0.0168771


Tree=160
num_leaves=8
num_cat=0
split_feature=5 12 6 6 2 3 3
split_gain=1.39951 0.621581 0.648593 0.289117 0.230401 0.480227 0.120397
threshold=18.048571428571428 0.093897053173610162 16.493571428571432 17.310000000000006 0.26928571428571441 0.35714285714285721 0.43071428571428577
decision_type=2 2 2 2 2 2 2
left_child=1 2 -1 -4 -2 -6 -7
right_child=4 -3 3 -5 5 6 -8
leaf_value=0 0 0 -0.0073521522037924645 -0.00045601526416284654 0.002950101211636439 -0.00039062896260647968 0.0012031527213298815
leaf_weight=24 17.416218400001526 12.999999999999998 10.000000000000002 11.999999999999998 36.610925674438477 25.023044586181641 17.830661535263062
leaf_count=24 17 13 10 12 28 24 17
internal_value=0 -0.00203757 -0.00297903 -0.00498382 0.0011911 0.00158597 0
internal_weight=155.881 59 46 22 96.8809 79.4646 42.8537
internal_count=145 59 46 22 86 69 41
is_linear=0
shrinkage=0.0168771


Tree=161
num_leaves=6
num_cat=0
split_feature=2 8 10 3 11
split_gain=0.984067 0.544047 0.542821 0.323001 0.571563
threshold=0.25642857142857151 -0.052348229104176261 0.28000000000000008 0.35714285714285721 19.01071428571429
decision_type=2 2 2 2 2
left_child=1 2 -1 4 -2
right_child=3 -3 -4 -5 -6
leaf_value=-0.00454269026450216 0 0 0 0 0.0031598668016837184
leaf_weight=22 26.256802439689636 18.20654296875 11.999999999999998 47.739845514297485 30.190108299255371
leaf_count=22 26 18 12 45 22
internal_value=0 -0.00192642 -0.00312079 0.000840932 0.001681
internal_weight=156.393 52.2065 34 104.187 56.4469
internal_count=145 52 34 93 48
is_linear=0
shrinkage=0.0168771


Tree=162
num_leaves=5
num_cat=0
split_feature=12 10 2 3
split_gain=0.754624 0.327811 0.264261 0.275544
threshold=-0.10864714396718358 0.39071428571428574 0.39857142857142863 0.2592857142857144
decision_type=2 2 2 2
left_child=1 -1 3 -2
right_child=2 -3 -4 -5
leaf_value=-0.0018039479055219848 0 0 0 0.0025706078902814227
leaf_weight=52 13.231989502906798 20.203319549560547 17.023044586181641 39.967947721481323
leaf_count=52 13 20 15 33
internal_value=0 -0.00106582 0.00133123 0.0019108
internal_weight=142.426 72.2033 70.223 53.1999
internal_count=133 72 61 46
is_linear=0
shrinkage=0.0168771


Tree=163
num_leaves=5
num_cat=0
split_feature=3 0 1 1
split_gain=1.29828 0.656086 0.386778 0.290713
threshold=0.25071428571428572 23.500000000000004 7.8250000000000002 -6.1751785714285718
decision_type=2 2 2 2
left_child=1 -1 3 -2
right_child=2 -3 -4 -5
leaf_value=-0.0047142912369157654 0 0 0 0.0024433988816682127
leaf_weight=17 16.209675431251526 19.231989502906799 40 48.516858577728271
leaf_count=17 16 19 40 39
internal_value=0 -0.00255583 0.00102948 0.0018208
internal_weight=140.959 36.232 104.727 64.7265
internal_count=131 36 95 55
is_linear=0
shrinkage=0.0168771


Tree=164
num_leaves=6
num_cat=0
split_feature=9 8 10 6 10
split_gain=1.11129 0.495246 0.318469 0.221363 0.149747
threshold=16.551428571428573 -0.23409344514255367 0.39071428571428574 16.493571428571432 0.39071428571428574
decision_type=2 2 2 2 2
left_child=3 4 -3 -1 -2
right_child=1 2 -4 -5 -6
leaf_value=0 -0.0010800590159833839 0.0021654056857833 0 -0.0042554549772253585 0.00034342896859092053
leaf_weight=10.000000000000002 32 66.164847254753113 20.834981441497803 12.999999999999998 21
leaf_count=10 32 54 20 13 21
internal_value=9.9474e-05 0.000806824 0.00161046 -0.00294753 -0.000126598
internal_weight=163 140 86.9998 23 53
internal_count=150 127 74 23 53
is_linear=0
shrinkage=0.0168771


Tree=165
num_leaves=7
num_cat=0
split_feature=3 10 6 8 13 13
split_gain=1.3511 0.581446 0.527743 0.294351 0.509926 0.263335
threshold=0.26428571428571429 0.28000000000000008 16.493571428571432 -0.23409344514255367 0.45467026633574265 -0.19655118335120317
decision_type=2 2 2 2 2 2
left_child=1 2 -1 -2 -5 -4
right_child=3 -3 5 4 -6 -7
leaf_value=0 0 0 0 0.0028119918218275455 0 -0.0054099392350150342
leaf_weight=15.999999999999998 38 12.448274135589598 9.9999999999999982 46.755465030670166 18 18.000000000000004
leaf_count=16 38 12 10 34 18 18
internal_value=0 -0.00193023 -0.00287134 0.00124453 0.00191249 -0.00416821
internal_weight=159.204 56.4483 44 102.755 64.7555 28
internal_count=146 56 44 90 52 28
is_linear=0
shrinkage=0.0168771


Tree=166
num_leaves=7
num_cat=0
split_feature=9 13 6 12 10 13
split_gain=1.42523 0.417943 0.340215 0.21685 0.293987 0.254001
threshold=16.551428571428573 -0.57790906816608401 16.493571428571432 0.066182320405329981 0.4171428571428572 0.51964583493523575
decision_type=2 2 2 2 2 2
left_child=2 -2 -1 4 -3 -5
right_child=1 3 -4 5 -6 -7
leaf_value=0 0.0028119259870885071 -0.0010273302889897977 -0.005023420038363177 0.0019933163430171856 0.0013126699925009018 0
leaf_weight=10.000000000000002 21.566995143890381 57.214911580085754 13.999999999999998 29.851784944534302 11.999999999999998 21
leaf_count=10 16 55 14 25 12 21
internal_value=0 0.000725234 -0.00350121 0.000110361 -0.000274182 0.00103721
internal_weight=165.634 141.634 24 120.067 69.2149 50.8518
internal_count=153 129 24 113 67 46
is_linear=0
shrinkage=0.0168771


Tree=167
num_leaves=5
num_cat=0
split_feature=3 8 1 7
split_gain=1.34332 0.70849 0.353374 0.251583
threshold=0.25500000000000006 -0.052348229104176261 7.8250000000000002 20.337142857142862
decision_type=2 2 2 2
left_child=1 -1 3 -2
right_child=2 -3 -4 -5
leaf_value=-0.0038900073830962487 0.0023537699051175733 0 0 0
leaf_weight=31 41.421108365058899 18.231989502906799 41 18.251001715660095
leaf_count=31 34 18 41 16
internal_value=-0.0001169 -0.00244368 0.000841296 0.00166723
internal_weight=149.904 49.232 100.672 59.6721
internal_count=140 49 91 50
is_linear=0
shrinkage=0.0168771


Tree=168
num_leaves=6
num_cat=0
split_feature=7 1 10 0 1
split_gain=0.852277 0.690163 0.455459 0.414146 0.170193
threshold=19.337142857142862 -2.7233333333333332 0.39642857142857141 24.500000000000004 8.1582142857142852
decision_type=2 2 2 2 2
left_child=1 -1 -2 -3 -5
right_child=2 3 -4 4 -6
leaf_value=0.0013329354161488267 0.002347449687598964 -0.0041988245994239257 0 0 -0.0012666439376871007
leaf_weight=14.720147848129271 45.757482528686523 18 24.616405487060547 16.246204257011414 39
leaf_count=14 36 18 24 16 39
internal_value=0 -0.0010712 0.00137458 -0.00188123 -0.000568089
internal_weight=158.34 87.9664 70.3739 73.2462 55.2462
internal_count=147 87 60 73 55
is_linear=0
shrinkage=0.0168771


Tree=169
num_leaves=6
num_cat=0
split_feature=2 0 1 5 5
split_gain=0.772925 0.305375 0.279735 0.247657 0.467051
threshold=0.24571428571428575 20.000000000000004 7.8250000000000002 19.336428571428581 20.247142857142865
decision_type=2 2 2 2 2
left_child=1 -1 3 -2 -5
right_child=2 -3 -4 4 -6
leaf_value=-0.004291858159984327 0.0021367231500680609 0 -0.00040621610818022665 -0.0014596032684972922 0.0016005116913831358
leaf_weight=12.999999999999998 31.898557186126709 21.209675431251526 43 22.429683685302734 27.940104722976685
leaf_count=13 29 21 43 21 22
internal_value=-0.00011922 -0.00235657 0.00035658 0.00101871 0
internal_weight=159.478 34.2097 125.268 82.2683 50.3698
internal_count=149 34 115 72 43
is_linear=0
shrinkage=0.0168771


Tree=170
num_leaves=8
num_cat=0
split_feature=7 12 0 3 6 3 7
split_gain=0.848563 0.703104 0.419778 0.333961 0.17224 0.168529 0.137205
threshold=19.337142857142862 0.093897053173610162 20.000000000000004 0.36214285714285727 16.456428571428578 0.42285714285714288 18.311428571428575
decision_type=2 2 2 2 2 2 2
left_child=1 2 -1 -2 -4 -5 -3
right_child=3 6 4 5 -6 -7 -8
leaf_value=-0.0045472264442350538 0.0023068767482011822 0.0018119663877906786 0 -0.00094465384016687547 -0.0013155542686741984 0.0013889804536325909 0
leaf_weight=14.999999999999998 42.07590639591217 14.513604879379274 15.999999999999998 18.472600936889652 42 12.074409008026121 12.303406953811644
leaf_count=15 33 14 16 17 42 10 11
internal_value=0 -0.000973712 -0.0019189 0.00138214 -0.000686079 0 0.000781102
internal_weight=172.44 99.817 73 72.6229 58 30.547 26.817
internal_count=158 98 73 60 58 27 25
is_linear=0
shrinkage=0.0168771


Tree=171
num_leaves=7
num_cat=0
split_feature=3 12 6 12 3 3
split_gain=1.60176 0.799681 1.14928 0.281327 0.23406 0.274253
threshold=0.26428571428571429 0.18727535062602593 16.493571428571432 -0.74214569159916455 0.36214285714285727 0.43071428571428577
decision_type=2 2 2 2 2 2
left_child=1 2 -1 -2 -5 -6
right_child=3 -3 -4 4 5 -7
leaf_value=0 0 0 -0.00526186139014026 0.0022824767580118927 -0.00050144640673581355 0.0021292669818029041
leaf_weight=13.999999999999998 17 14.456126570701597 29 49.785538196563721 26.909183979034424 12.661323070526121
leaf_count=14 17 14 29 40 25 11
internal_value=-1.5307e-06 -0.00233264 -0.0034807 0.00108126 0.00150099 0
internal_weight=163.812 57.4561 43 106.356 89.356 39.5705
internal_count=150 57 43 93 76 36
is_linear=0
shrinkage=0.0168771


Tree=172
num_leaves=4
num_cat=0
split_feature=0 1 13
split_gain=1.44001 0.435204 0.238436
threshold=14.500000000000002 6.5048809523809537 0.4735023106683745
decision_type=2 2 2
left_child=-1 2 -2
right_child=1 -3 -4
leaf_value=-0.0043685494423117473 0.0020107065603072968 -6.8031945110841598e-05 0
leaf_weight=14.999999999999998 61.358850836753845 63 20
leaf_count=15 49 63 20
internal_value=0 0.000680909 0.00150916
internal_weight=159.359 144.359 81.3589
internal_count=147 132 69
is_linear=0
shrinkage=0.0168771


Tree=173
num_leaves=5
num_cat=0
split_feature=2 8 0 12
split_gain=0.87865 0.471757 0.578327 0.269494
threshold=0.25642857142857151 -0.052348229104176261 40.500000000000007 -0.75056436232158108
decision_type=2 2 2 2
left_child=1 2 -1 -2
right_child=3 -3 -4 -5
leaf_value=-0.0041635104084344395 0 0 0 0.0014129660581484722
leaf_weight=24 23 17.20654296875 11.999999999999998 77.014152407646179
leaf_count=24 23 17 12 67
internal_value=0 -0.00172739 -0.00278501 0.00089698
internal_weight=153.221 53.2065 36 100.014
internal_count=143 53 36 90
is_linear=0
shrinkage=0.0168771


Tree=174
num_leaves=5
num_cat=0
split_feature=8 4 13 6
split_gain=1.15853 0.543019 0.406558 0.302457
threshold=0.32651883385898106 17.628571428571433 -0.36799860786605704 16.456428571428578
decision_type=2 2 2 2
left_child=1 3 -2 -1
right_child=2 -3 -4 -5
leaf_value=0 0.0036090780864233016 0 0 -0.0039163854449376376
leaf_weight=14.999999999999998 18.37820565700531 67.199974536895752 29.889939069747925 24
leaf_count=15 14 63 29 24
internal_value=-0.000150238 -0.00125551 0.00177659 -0.00279171
internal_weight=154.468 106.2 48.2681 39
internal_count=145 102 43 39
is_linear=0
shrinkage=0.0168771


Tree=175
num_leaves=5
num_cat=0
split_feature=12 0 13 2
split_gain=0.921155 0.961679 0.423098 0.315291
threshold=0.066182320405329981 20.000000000000004 0.3712539277397669 0.43928571428571433
decision_type=2 2 2 2
left_child=1 -1 -2 -3
right_child=2 3 -4 -5
leaf_value=-0.0049859006631566317 0.0024259597754231043 -0.00087862291773662424 0 0.0014355004127979305
leaf_weight=13.999999999999998 36.937737584114075 70.796261191368103 24.4482741355896 14.661323070526121
leaf_count=14 30 67 24 13
internal_value=-9.66223e-05 -0.00120998 0.00133168 -0.000193675
internal_weight=160.844 99.4576 61.386 85.4576
internal_count=148 94 54 80
is_linear=0
shrinkage=0.0168771


Tree=176
num_leaves=5
num_cat=0
split_feature=10 12 1 13
split_gain=0.881911 0.531181 0.241545 0.306525
threshold=0.28000000000000008 -0.13294205056237318 13.179345238095239 0.4735023106683745
decision_type=2 2 2 2
left_child=1 -1 3 -2
right_child=2 -3 -4 -5
leaf_value=-0.0028700791038562871 0.0019950683240301838 0 0 0
leaf_weight=39 51.076959848403931 21.513604879379272 21 15.999999999999998
leaf_count=39 41 21 21 16
internal_value=-0.000101379 -0.00174873 0.00080382 0.00135018
internal_weight=148.591 60.5136 88.077 67.077
internal_count=138 60 78 57
is_linear=0
shrinkage=0.0168771


Tree=177
num_leaves=5
num_cat=0
split_feature=2 13 6 6
split_gain=0.806358 0.703098 0.435265 0.359371
threshold=0.25642857142857151 -0.17119928588578989 16.544285714285717 20.245714285714289
decision_type=2 2 2 2
left_child=1 -1 -3 -2
right_child=3 2 -4 -5
leaf_value=0 0 0 -0.0046712487254353839 0.0022707338923762866
leaf_weight=23.4130859375 82.622315645217896 10.000000000000002 19 31.626047730445862
leaf_count=23 78 10 19 24
internal_value=0 -0.00166805 -0.00333147 0.000804009
internal_weight=166.661 52.4131 29 114.248
internal_count=154 52 29 102
is_linear=0
shrinkage=0.0168771


Tree=178
num_leaves=5
num_cat=0
split_feature=7 1 3 13
split_gain=0.793741 0.679913 0.251635 0.211413
threshold=19.337142857142862 -2.7233333333333332 0.26428571428571429 0.41131487963618812
decision_type=2 2 2 2
left_child=1 -1 -3 -2
right_child=3 2 -4 -5
leaf_value=0.0013714603602189668 0.0017039969956472976 -0.0026275582380991878 0 0
leaf_weight=12.463345408439634 49.182576298713684 51 27.492408514022827 17
leaf_count=12 39 51 27 17
internal_value=-6.9821e-05 -0.00120285 -0.00192146 0.00114792
internal_weight=157.138 90.9558 78.4924 66.1826
internal_count=146 90 78 56
is_linear=0
shrinkage=0.0168771


Tree=179
num_leaves=5
num_cat=0
split_feature=8 3 5 13
split_gain=1.12077 0.384629 0.201404 0.207347
threshold=-0.16213757046110308 0.25500000000000006 17.21285714285715 0.4735023106683745
decision_type=2 2 2 2
left_child=1 -1 -2 -4
right_child=2 -3 3 -5
leaf_value=-0.0030489866053735031 0 0 0.0021919517666928513 0
leaf_weight=27 14.999999999999998 42 52.682434558868408 14.999999999999998
leaf_count=27 15 42 40 15
internal_value=0 -0.00153089 0.00132685 0.00171674
internal_weight=151.682 69 82.6824 67.6824
internal_count=139 69 70 55
is_linear=0
shrinkage=0.0168771


Tree=180
num_leaves=5
num_cat=0
split_feature=5 5 5 8
split_gain=1.03805 0.31201 0.332801 0.17979
threshold=18.048571428571428 20.247142857142865 19.336428571428581 -0.052348229104176261
decision_type=2 2 2 2
left_child=3 2 -2 -1
right_child=1 -3 -4 -5
leaf_value=-0.0025898152893870604 0.00083499300363228774 0.0017426870631258077 -0.0015181548405782134 0
leaf_weight=44 39.247622013092041 40.116799473762512 25.460073113441467 17
leaf_count=44 37 31 24 17
internal_value=-0.000238395 0.000622971 0 -0.00203026
internal_weight=165.824 104.824 64.7077 61
internal_count=153 92 61 61
is_linear=0
shrinkage=0.0168771


Tree=181
num_leaves=3
num_cat=0
split_feature=11 1
split_gain=0.697648 0.508385
threshold=18.664285714285718 1.0000000180025095e-35
decision_type=2 2
left_child=1 -1
right_child=-2 -3
leaf_value=0.0006940313911549124 0.0010914283060081437 -0.0019275141964309581
leaf_weight=13.926690816879271 73.072672605514526 63
leaf_count=13 64 63
internal_value=0 -0.00116412
internal_weight=149.999 76.9267
internal_count=140 76
is_linear=0
shrinkage=0.0168771


Tree=182
num_leaves=5
num_cat=0
split_feature=12 10 9 11
split_gain=0.724218 0.669062 0.15199 0.123304
threshold=0.066182320405329981 0.34785714285714292 19.937142857142856 16.020000000000003
decision_type=2 2 2 2
left_child=1 3 -2 -1
right_child=2 -3 -4 -5
leaf_value=0 0.00162891852960837 0.00018695134536213153 0 -0.0026019936088168168
leaf_weight=11.999999999999998 38.387000203132629 32.468594193458557 19.868481636047363 52.072084307670593
leaf_count=12 34 30 19 51
internal_value=-0.00022288 -0.00121915 0.00104106 -0.00224348
internal_weight=154.796 96.5407 58.2555 64.0721
internal_count=146 93 53 63
is_linear=0
shrinkage=0.0168771


Tree=183
num_leaves=4
num_cat=0
split_feature=7 6 5
split_gain=0.761306 0.629246 0.234955
threshold=16.732142857142865 16.493571428571432 20.247142857142865
decision_type=2 2 2
left_child=1 -1 -2
right_child=2 -3 -4
leaf_value=0 0 -0.0042543268781248238 0.0016177082972566616
leaf_weight=11.000000000000002 89.942908048629761 17 36.276569366455078
leaf_count=11 86 17 28
internal_value=0 -0.00242107 0.000525341
internal_weight=154.219 28 126.219
internal_count=142 28 114
is_linear=0
shrinkage=0.0168771


Tree=184
num_leaves=6
num_cat=0
split_feature=2 13 5 13 7
split_gain=1.15306 0.49296 0.310388 0.142513 0.13483
threshold=0.26928571428571441 -0.36799860786605704 18.273571428571433 0.22420993386352733 20.515000000000004
decision_type=2 2 2 2 2
left_child=1 -1 -2 -3 -4
right_child=2 3 4 -5 -6
leaf_value=0 0 -0.003039118079750081 0.0020036373610236202 0 0
leaf_weight=17.20654296875 22.226816654205322 36 66.041669964790344 10.209675431251524 15.807981729507445
leaf_count=17 22 36 55 10 13
internal_value=0 -0.00164007 0.00118411 -0.00254761 0.00167714
internal_weight=167.493 63.4162 104.076 46.2097 81.8497
internal_count=153 63 90 46 68
is_linear=0
shrinkage=0.0168771


Tree=185
num_leaves=7
num_cat=0
split_feature=2 8 0 2 5 2
split_gain=0.60204 0.354551 0.387125 0.274765 0.257894 0.168682
threshold=0.26714285714285718 1.2781750307906246 20.000000000000004 0.36571428571428582 18.894285714285719 0.45142857142857146
decision_type=2 2 2 2 2 2
left_child=1 2 -1 4 -2 -5
right_child=3 -3 -4 5 -6 -7
leaf_value=-0.0046056382358229146 0 0 -0.00021818364317721271 -0.00055833817940498622 0.0023557826041722741 0.0016281625308147223
leaf_weight=11.999999999999998 14.999999999999998 11.416218400001524 32 42.828534603118896 36.083737730979919 9.8306615352630597
leaf_count=12 15 11 32 41 28 9
internal_value=0 -0.00135296 -0.00210441 0.000778908 0.00162718 0
internal_weight=159.159 55.4162 44 103.743 51.0837 52.6592
internal_count=148 55 44 93 43 50
is_linear=0
shrinkage=0.0168771


Tree=186
num_leaves=7
num_cat=0
split_feature=12 10 6 13 5 5
split_gain=0.923882 0.709744 0.771382 0.37574 0.119394 0.19729
threshold=0.066182320405329981 0.26428571428571429 16.493571428571432 0.41131487963618812 19.336428571428581 18.534285714285719
decision_type=2 2 2 2 2 2
left_child=1 2 -1 -2 5 -3
right_child=3 4 -4 -5 -6 -7
leaf_value=0 0.0022683748502408002 0 -0.0044663041948318511 0 -0.00081093943218620338 0.0017757776773874396
leaf_weight=14.999999999999998 42.828984141349792 17 25 20 25.996261239051819 19.661323070526123
leaf_count=15 35 17 25 20 23 18
internal_value=-3.02055e-05 -0.00113064 -0.00280278 0.00139724 0 0.000615549
internal_weight=165.487 102.658 40 62.829 62.6576 36.6613
internal_count=153 98 40 55 58 35
is_linear=0
shrinkage=0.0168771


Tree=187
num_leaves=6
num_cat=0
split_feature=3 8 3 6 6
split_gain=0.489217 0.409809 0.32437 0.267137 0.218408
threshold=0.26428571428571429 -0.052348229104176261 0.35714285714285721 19.236428571428572 16.544285714285717
decision_type=2 2 2 2 2
left_child=1 4 3 -2 -1
right_child=2 -3 -4 -5 -6
leaf_value=0 0 0 0 0.0023260352212476796 -0.0031279462286937015
leaf_weight=10.999999999999998 16.200000047683716 17.2241370677948 48.280618906021118 36.574003338813782 25
leaf_count=11 16 17 46 27 25
internal_value=0 -0.00129523 0.000659118 0.00157168 -0.00232804
internal_weight=154.279 53.2241 101.055 52.774 36
internal_count=142 53 89 43 36
is_linear=0
shrinkage=0.0168771


Tree=188
num_leaves=4
num_cat=0
split_feature=2 1 6
split_gain=0.836123 0.297504 0.224849
threshold=0.26714285714285718 0.68136904761904782 18.729285714285719
decision_type=2 2 2
left_child=1 -1 -2
right_child=2 -3 -4
leaf_value=0 0 -0.0022304696885226808 0.0014353358554827415
leaf_weight=11.413085937499998 25 41 78.858892798423767
leaf_count=11 25 41 66
internal_value=0 -0.00155472 0.000988934
internal_weight=156.272 52.4131 103.859
internal_count=143 52 91
is_linear=0
shrinkage=0.0168771


Tree=189
num_leaves=4
num_cat=0
split_feature=10 5 4
split_gain=0.709068 0.224996 0.188672
threshold=0.24285714285714285 20.142857142857149 17.628571428571433
decision_type=2 2 2
left_child=2 -2 -1
right_child=1 -3 -4
leaf_value=-0.0030113161715407482 0 0.0014644516942375391 0
leaf_weight=24 82.517455220222473 33.634588479995728 9.9999999999999982
leaf_count=24 80 26 10
internal_value=-0.000131591 0.00034652 -0.00227062
internal_weight=150.152 116.152 34
internal_count=140 106 34
is_linear=0
shrinkage=0.0168771


Tree=190
num_leaves=5
num_cat=0
split_feature=3 1 14 0
split_gain=0.615951 0.319225 0.559888 0.265856
threshold=0.25500000000000006 8.256904761904762 20.101428571428574 23.500000000000004
decision_type=2 2 2 2
left_child=3 2 -2 -1
right_child=1 -3 -4 -5
leaf_value=-0.0032558785802798335 0.0026454586379157539 0 0 0
leaf_weight=14.999999999999998 41.618934512138367 41 24.533745884895325 29.456126570701599
leaf_count=15 32 41 23 29
internal_value=0 0.000746048 0.00148442 -0.00155255
internal_weight=151.609 107.153 66.1527 44.4561
internal_count=140 96 55 44
is_linear=0
shrinkage=0.0168771


Tree=191
num_leaves=5
num_cat=0
split_feature=14 5 1 5
split_gain=1.03218 0.220559 0.192454 0.239292
threshold=18.122857142857146 20.142857142857149 1.7505357142857145 16.177857142857142
decision_type=2 2 2 2
left_child=2 -2 -1 -4
right_child=1 -3 3 -5
leaf_value=0 0 0.0016535929003416267 0 -0.0031034373428039976
leaf_weight=10.513604879379271 58.409148931503296 35.704993367195129 10.999999999999998 37
leaf_count=10 56 27 11 37
internal_value=-0.000256439 0.000663982 -0.00206307 -0.00249235
internal_weight=152.628 94.1141 58.5136 48
internal_count=141 83 58 48
is_linear=0
shrinkage=0.0168771


Tree=192
num_leaves=7
num_cat=0
split_feature=2 13 1 10 9 6
split_gain=0.799587 0.558567 0.43471 0.179296 0.171038 0.150061
threshold=0.25642857142857151 -0.17119928588578989 8.1582142857142852 0.26428571428571429 20.54214285714286 18.729285714285719
decision_type=2 2 2 2 2 2
left_child=1 -1 4 -3 5 -2
right_child=2 3 -4 -5 -6 -7
leaf_value=0 0 -0.0042177316726718208 -0.00045569419042521176 0 0 0.00237157209900557
leaf_weight=22.4130859375 17 19.000000000000004 36 10.209675431251524 18.520879745483398 42.475935220718384
leaf_count=22 17 19 36 10 16 32
internal_value=-9.42927e-06 -0.00181509 0.000641364 -0.00324743 0.00142297 0.00184574
internal_weight=165.62 51.6228 113.997 29.2097 77.9968 59.4759
internal_count=152 51 101 29 65 49
is_linear=0
shrinkage=0.0168771


Tree=193
num_leaves=3
num_cat=0
split_feature=0 12
split_gain=0.794644 0.198376
threshold=14.500000000000002 0.066182320405329981
decision_type=2 2
left_child=-1 -2
right_child=1 -3
leaf_value=-0.0035588865292951605 -0.00019481947251652869 0.00094054057396992597
leaf_weight=14.999999999999998 86.968094825744629 59.862231731414795
leaf_count=15 83 54
internal_value=-0.000134894 0.000127651
internal_weight=161.83 146.83
internal_count=152 137
is_linear=0
shrinkage=0.0168771


Tree=194
num_leaves=5
num_cat=0
split_feature=9 9 2 4
split_gain=0.516061 0.335606 0.376427 0.304305
threshold=16.551428571428573 17.454285714285714 0.26928571428571441 17.002857142857149
decision_type=2 2 2 2
left_child=3 -2 -3 -1
right_child=1 2 -4 -5
leaf_value=-0.0035073865432316918 0.0025489530878745471 -0.0014911052786259064 0.00073804383715152624 0
leaf_weight=11.000000000000002 21.926690816879272 22.209675431251526 93.290164470672607 12.999999999999998
leaf_count=11 21 22 81 13
internal_value=0.000162787 0.000690174 9.39247e-05 -0.00177186
internal_weight=161.427 137.427 115.5 24
internal_count=148 124 103 24
is_linear=0
shrinkage=0.0168771


Tree=195
num_leaves=5
num_cat=0
split_feature=9 9 4 7
split_gain=0.486551 0.428705 0.297718 0.150781
threshold=16.551428571428573 17.367142857142859 16.551428571428573 19.337142857142862
decision_type=2 2 2 2
left_child=2 -2 -1 -3
right_child=1 3 -4 -5
leaf_value=-0.0040706461199570476 0.0022575406249199011 -0.00089843500056329697 0 0.00029748480587575397
leaf_weight=10.000000000000002 22.926690816879272 43.492408514022827 18 59.176802039146423
leaf_count=10 22 43 18 51
internal_value=-3.61969e-05 0.00027325 -0.0020443 -7.61722e-06
internal_weight=153.596 125.596 28 102.669
internal_count=144 116 28 94
is_linear=0
shrinkage=0.0168771


Tree=196
num_leaves=5
num_cat=0
split_feature=9 1 1 12
split_gain=1.23146 0.488451 0.340372 0.233167
threshold=16.551428571428573 8.1582142857142852 -6.4779166666666645 1.4105836153030398
decision_type=2 2 2 2
left_child=-1 2 -2 -4
right_child=1 -3 3 -5
leaf_value=-0.0032416334938964631 0 -0.00027554368383252078 0.002638901403263462 0
leaf_weight=22 15.209675431251524 39 52.847527384757996 15.952939152717589
leaf_count=22 15 39 42 15
internal_value=1.81517e-05 0.000840721 0.00160869 0.00211864
internal_weight=145.01 123.01 84.0101 68.8005
internal_count=133 111 72 57
is_linear=0
shrinkage=0.0168771


Tree=197
num_leaves=5
num_cat=0
split_feature=0 8 8 8
split_gain=0.804507 0.238422 0.244314 0.139806
threshold=14.500000000000002 -0.23409344514255367 -0.094180913411989975 0.32651883385898106
decision_type=2 2 2 2
left_child=-1 -2 -3 -4
right_child=1 2 3 -5
leaf_value=-0.0032449030176695381 0 0.0028212743538561847 -0.00040169039591966496 0.00089693743944981074
leaf_weight=14.999999999999998 62 19.197695374488831 18.83175802230835 44.731144905090332
leaf_count=15 62 13 18 40
internal_value=0 0.000523834 0.00112501 0.00017422
internal_weight=159.761 144.761 82.7606 63.5629
internal_count=148 133 71 58
is_linear=0
shrinkage=0.0168771


Tree=198
num_leaves=5
num_cat=0
split_feature=7 3 8 10
split_gain=0.448249 0.352241 0.222052 0.36212
threshold=19.067142857142866 0.36214285714285727 -0.052348229104176261 0.28000000000000008
decision_type=2 2 2 2
left_child=2 -2 3 -1
right_child=1 -3 -4 -5
leaf_value=-0.0024992395253916901 0.0017926117539325292 0 0 0
leaf_weight=37 42.235515236854553 40.736622095108032 21.256802439689636 22
leaf_count=37 33 38 21 22
internal_value=0 0.000721883 -0.000998494 -0.0015365
internal_weight=163.229 82.9721 80.2568 59
internal_count=151 71 80 59
is_linear=0
shrinkage=0.0168771


Tree=199
num_leaves=4
num_cat=0
split_feature=9 1 4
split_gain=0.673489 0.174699 0.154124
threshold=16.551428571428573 8.1582142857142852 17.334285714285716
decision_type=2 2 2
left_child=2 -2 -1
right_child=1 -3 -4
leaf_value=-0.003636623048469696 0.00065336632888186191 -0.00054837326301184354 0
leaf_weight=16.000000000000004 81.499646067619324 44 9.9999999999999982
leaf_count=16 71 44 10
internal_value=-0.000309541 5.45771e-05 -0.00267076
internal_weight=151.5 125.5 26
internal_count=141 115 26
is_linear=0
shrinkage=0.0168771


Tree=200
num_leaves=5
num_cat=0
split_feature=12 2 2 12
split_gain=0.316065 0.481029 0.19678 0.13066
threshold=0.066182320405329981 0.40142857142857152 0.39357142857142863 -0.8942916904176984
decision_type=2 2 2 2
left_child=1 3 -2 -1
right_child=2 -3 -4 -5
leaf_value=0 0.0015297194809102467 0.0011737933514129669 0 -0.0018039020025006213
leaf_weight=13.999999999999998 40.771539688110352 15.637204408645628 16.200000047683716 56.24852442741394
leaf_count=14 36 13 16 54
internal_value=0 -0.000702709 0.000878114 -0.00145695
internal_weight=142.857 85.8857 56.9715 70.2485
internal_count=133 81 52 68
is_linear=0
shrinkage=0.0168771


Tree=201
num_leaves=5
num_cat=0
split_feature=2 13 3 5
split_gain=1.00173 0.555181 0.196496 0.310339
threshold=0.25642857142857151 -0.36799860786605704 0.35714285714285721 18.670000000000005
decision_type=2 2 2 2
left_child=1 -1 3 -2
right_child=2 -3 -4 -5
leaf_value=0 0 -0.003303721998208694 0 0.0021234115063163772
leaf_weight=12.999999999999998 20 35 50.333206415176392 36.895764708518982
leaf_count=13 20 35 48 28
internal_value=-0.000186354 -0.00224095 0.000564794 0.00123419
internal_weight=155.229 48 107.229 56.8958
internal_count=144 48 96 48
is_linear=0
shrinkage=0.0168771


Tree=202
num_leaves=4
num_cat=0
split_feature=12 14 9
split_gain=0.5833 0.597914 0.303437
threshold=0.066182320405329981 16.559285714285718 19.937142857142856
decision_type=2 2 2
left_child=1 -1 -2
right_child=2 -3 -4
leaf_value=-0.0033247696946963963 0.0019542852106697907 0 0
leaf_weight=20 41.487544298171997 76.626922726631165 17.431989550590515
leaf_count=20 35 72 17
internal_value=0 -0.000913102 0.00115964
internal_weight=155.546 96.6269 58.9195
internal_count=144 92 52
is_linear=0
shrinkage=0.0168771


Tree=203
num_leaves=5
num_cat=0
split_feature=3 10 6 8
split_gain=0.862069 0.519566 0.723074 0.12991
threshold=0.25500000000000006 0.26428571428571429 16.493571428571432 -0.75700049350659049
decision_type=2 2 2 2
left_child=1 2 -1 -2
right_child=3 -3 -4 -5
leaf_value=0 0 0 -0.0046901956596144719 0.00096250482866047779
leaf_weight=13.999999999999998 17 14.680263638496397 22 92.61890697479248
leaf_count=14 17 14 22 81
internal_value=-2.11574e-05 -0.00190316 -0.00296503 0.000676495
internal_weight=160.299 50.6803 36 109.619
internal_count=148 50 36 98
is_linear=0
shrinkage=0.0168771


Tree=204
num_leaves=3
num_cat=0
split_feature=0 12
split_gain=0.59931 0.265801
threshold=21.500000000000004 -0.75056436232158108
decision_type=2 2
left_child=-1 -2
right_child=1 -3
leaf_value=-0.0023945595279594861 -0.00038649892766902394 0.00097625516520630489
leaf_weight=21.256802439689636 35 104.26971518993378
leaf_count=21 35 94
internal_value=0 0.000475208
internal_weight=160.527 139.27
internal_count=150 129
is_linear=0
shrinkage=0.0168771


Tree=205
num_leaves=5
num_cat=0
split_feature=4 14 12 13
split_gain=0.598539 0.337463 0.233204 0.223049
threshold=16.644285714285719 16.559285714285718 -0.75056436232158108 0.3712539277397669
decision_type=2 2 2 2
left_child=1 -1 -2 -4
right_child=2 -3 3 -5
leaf_value=-0.0038866287230050912 -0.00022367201556004989 0 0.0015552932703701142 0
leaf_weight=12.000000000000002 31 17 67.186141967773438 32.4482741355896
leaf_count=12 31 17 57 32
internal_value=0 -0.00201186 0.000556158 0.00101686
internal_weight=159.634 29 130.634 99.6344
internal_count=149 29 120 89
is_linear=0
shrinkage=0.0168771


Tree=206
num_leaves=5
num_cat=0
split_feature=0 1 8 8
split_gain=0.575601 0.374515 0.256265 0.34549
threshold=14.500000000000002 8.1582142857142852 -0.015931408519723612 0.32651883385898106
decision_type=2 2 2 2
left_child=-1 2 -2 -4
right_child=1 -3 3 -5
leaf_value=-0.0029593187083463719 0.0023896302952473737 -0.00064619474201790578 -0.0013486087282981207 0.0010720145895216459
leaf_weight=14.999999999999998 25.540930271148682 55 19.223140716552734 47.731688618659973
leaf_count=15 21 55 18 43
internal_value=0 0.000216703 0.000968833 2.89129e-05
internal_weight=162.496 147.496 92.4958 66.9548
internal_count=152 137 82 61
is_linear=0
shrinkage=0.0168771


Tree=207
num_leaves=4
num_cat=0
split_feature=3 0 3
split_gain=0.286025 0.414194 0.211535
threshold=0.25500000000000006 23.500000000000004 0.29571428571428582
decision_type=2 2 2
left_child=1 -1 -2
right_child=2 -3 -4
leaf_value=-0.0029538140540700825 0.0013545607859345426 0 -6.342001866174065e-05
leaf_weight=20 31.451914429664612 29.680263638496399 79.572656631469727
leaf_count=20 27 29 75
internal_value=-0.000148716 -0.00124828 0.000165896
internal_weight=160.705 49.6803 111.025
internal_count=151 49 102
is_linear=0
shrinkage=0.0168771


Tree=208
num_leaves=7
num_cat=0
split_feature=12 2 6 6 9 13
split_gain=0.803471 0.557274 0.234514 0.283955 0.155763 0.138891
threshold=0.066182320405329981 0.43928571428571433 16.456428571428578 17.310000000000006 19.937142857142856 0.3712539277397669
decision_type=2 2 2 2 2 2
left_child=1 2 -1 -4 5 -2
right_child=4 -3 3 -5 -6 -7
leaf_value=0 0.0022760072851846667 0.001010880364365713 -0.004323234814731616 -0.00088087060651348924 0 0
leaf_weight=19 30.245813131332397 13.661323070526121 18 54.209421515464783 17.060806632041931 13.224137067794798
leaf_count=19 24 12 18 51 16 13
internal_value=-0.00016793 -0.00116287 -0.00174785 -0.00217182 0.00117671 0.00168833
internal_weight=165.402 104.871 91.2094 72.2094 60.5308 43.47
internal_count=153 100 88 69 53 37
is_linear=0
shrinkage=0.0168771


Tree=209
num_leaves=6
num_cat=0
split_feature=9 9 4 5 9
split_gain=0.497132 0.40665 0.287604 0.257565 0.156874
threshold=16.551428571428573 17.367142857142859 17.002857142857149 20.247142857142865 19.547857142857143
decision_type=2 2 2 2 2
left_child=2 -2 -1 4 -3
right_child=1 3 -4 -5 -6
leaf_value=-0.0037376933918709231 0.002522569128116753 -0.0011540361258833558 0 0.0011599195149102695 0
leaf_weight=12.000000000000002 17.669888377189636 49 12.999999999999998 33.436782717704773 40.280238389968872
leaf_count=12 17 49 13 25 36
internal_value=0 0.000325235 -0.00212829 0 -0.000515042
internal_weight=165.387 140.387 25 122.717 89.2802
internal_count=152 127 25 110 85
is_linear=0
shrinkage=0.0168771


Tree=210
num_leaves=7
num_cat=0
split_feature=12 2 6 12 2 2
split_gain=0.477015 0.285029 0.370819 0.382262 0.223641 0.227642
threshold=-0.13294205056237318 0.43928571428571433 16.456428571428578 -0.8942916904176984 0.39357142857142863 0.26928571428571441
decision_type=2 2 2 2 2 2
left_child=1 2 -1 -4 5 -2
right_child=4 -3 3 -5 -6 -7
leaf_value=0 0 0 0 -0.0032924120533578305 -6.0831867262105757e-06 0.0019762481816510374
leaf_weight=22 16.20654296875 12.83066153526306 14.999999999999998 34.421895503997803 27.229683637619019 37.781575083732605
leaf_count=22 16 12 15 34 24 30
internal_value=-0.00014549 -0.00111843 -0.00159967 -0.00237755 0.000601117 0.00128597
internal_weight=165.47 84.2526 71.4219 49.4219 81.2178 53.9881
internal_count=153 83 71 49 70 46
is_linear=0
shrinkage=0.0168771


Tree=211
num_leaves=6
num_cat=0
split_feature=2 6 3 13 6
split_gain=0.625151 0.287746 0.466856 0.263877 0.217494
threshold=0.25642857142857151 16.493571428571432 0.25500000000000006 -0.17119928588578989 20.192142857142866
decision_type=2 2 2 2 2
left_child=1 -1 3 -3 -2
right_child=4 2 -4 -5 -6
leaf_value=0 0 0 0 -0.0054285949658029412 0.0015349080783569338
leaf_weight=15.999999999999998 83.235497713088989 13.999999999999998 13.416218400001524 12.000000000000002 35.831569314002991
leaf_count=16 78 14 13 12 28
internal_value=-6.27175e-05 -0.00160055 -0.002338 -0.00354986 0.000490382
internal_weight=174.483 55.4162 39.4162 26 119.067
internal_count=161 55 39 26 106
is_linear=0
shrinkage=0.0168771


Tree=212
num_leaves=6
num_cat=0
split_feature=10 12 12 13 12
split_gain=0.387588 0.231802 0.282976 0.201504 0.136654
threshold=0.22714285714285717 -0.10864714396718358 1.4105836153030398 0.091053718329371522 -0.69588310377938389
decision_type=2 2 2 2 2
left_child=-1 4 3 -3 -2
right_child=1 2 -4 -5 -6
leaf_value=-0.0022589697777211739 0 0.0023748615148371896 0 0 -0.0011354687936130344
leaf_weight=17 32.830661535263062 34.096726179122925 18.657949566841125 21.549611210823059 30.421895503997803
leaf_count=17 32 26 18 20 30
internal_value=0 0.000249947 0.000957165 0.00160762 -0.000247594
internal_weight=154.557 137.557 74.3043 55.6463 63.2526
internal_count=143 126 64 46 62
is_linear=0
shrinkage=0.0168771


Tree=213
num_leaves=4
num_cat=0
split_feature=7 1 13
split_gain=0.514014 0.280808 0.419838
threshold=16.396428571428579 7.8250000000000002 0.1541023214142152
decision_type=2 2 2
left_child=-1 2 -2
right_child=1 -3 -4
leaf_value=-0.0028234775082143109 0.0018514078469147347 -0.00050742071194101674 -6.6328754259131802e-05
leaf_weight=14.999999999999998 51.780918002128601 58 31.456126570701599
leaf_count=15 42 58 31
internal_value=-3.09471e-05 0.000161207 0.000888733
internal_weight=156.237 141.237 83.237
internal_count=146 131 73
is_linear=0
shrinkage=0.0168771


Tree=214
num_leaves=4
num_cat=0
split_feature=10 8 6
split_gain=0.342372 0.323041 0.229901
threshold=0.26428571428571429 -0.052348229104176261 16.493571428571432
decision_type=2 2 2
left_child=1 2 -1
right_child=-2 -3 -4
leaf_value=0 0.00053919275780032051 0 -0.0030461334881778409
leaf_weight=10.999999999999998 110.99265372753143 18.753615021705627 21
leaf_count=11 100 18 21
internal_value=0 -0.00109546 -0.0021166
internal_weight=161.746 50.7536 32
internal_count=150 50 32
is_linear=0
shrinkage=0.0168771


Tree=215
num_leaves=4
num_cat=0
split_feature=9 1 1
split_gain=0.323452 0.315245 0.24003
threshold=16.551428571428573 8.1582142857142852 2.2374404761904771
decision_type=2 2 2
left_child=-1 2 -2
right_child=1 -3 -4
leaf_value=-0.0013002289730743091 0.00011863109365355062 -0.00019597710997933424 0.0025014649879129638
leaf_weight=28 59.75278902053833 49 28.435693740844727
leaf_count=28 54 49 22
internal_value=7.77363e-05 0.000540189 0.00118848
internal_weight=165.188 137.188 88.1885
internal_count=153 125 76
is_linear=0
shrinkage=0.0168771


Tree=216
num_leaves=6
num_cat=0
split_feature=10 4 2 2 4
split_gain=0.288529 0.249092 0.303915 0.221689 0.181308
threshold=0.26428571428571429 18.700000000000003 0.43928571428571433 0.38785714285714284 16.493571428571432
decision_type=2 2 2 2 2
left_child=4 2 -2 -3 -1
right_child=1 3 -4 -5 -6
leaf_value=-0.002450996971093319 0 0.00066352809709880386 0.0035563929436831453 -0.001013279454438615 0
leaf_weight=17 18.000000000000004 43.181920766830444 10.661323070526121 38.819821119308472 29.454949259757996
leaf_count=17 18 36 9 36 29
internal_value=0 0.000353485 0.00164208 0 -0.00117354
internal_weight=157.118 110.663 28.6613 82.0017 46.4549
internal_count=145 99 27 72 46
is_linear=0
shrinkage=0.0168771


Tree=217
num_leaves=6
num_cat=0
split_feature=13 9 6 9 9
split_gain=0.462218 0.36577 0.368122 0.349901 0.171982
threshold=-0.62879534553388494 16.551428571428573 16.493571428571432 17.367142857142859 19.254999999999999
decision_type=2 2 2 2 2
left_child=-1 2 -2 -3 -5
right_child=1 3 -4 4 -6
leaf_value=0.0020788863955984531 0 0.0019457756053645743 -0.0040432742470384612 -0.0011919300809282013 0
leaf_weight=19.514311552047729 12.000000000000002 17.256802439689636 11.999999999999998 47.962749838829041 58.230377197265625
leaf_count=15 12 17 12 47 52
internal_value=-1.9298e-05 -0.000480991 -0.00227232 0 -0.000462061
internal_weight=166.964 147.45 24 123.45 106.193
internal_count=155 140 24 116 99
is_linear=0
shrinkage=0.0168771


Tree=218
num_leaves=6
num_cat=0
split_feature=9 1 8 8 0
split_gain=0.617042 0.420107 0.121502 0.370121 0.120903
threshold=16.551428571428573 8.1582142857142852 -0.094180913411989975 0.32651883385898106 20.000000000000004
decision_type=2 2 2 2 2
left_child=4 2 -2 -4 -1
right_child=1 -3 3 -5 -6
leaf_value=-0.0036437833819741978 0.0023732955334329064 -0.00071413161621648009 -0.00097174838620580403 0.0013604731776881971 0
leaf_weight=12.000000000000002 21.370285153388977 46 21.438493251800537 44.164957404136658 9.9999999999999982
leaf_count=12 16 46 20 39 10
internal_value=-4.76333e-06 0.000299298 0.00109047 0.000262225 -0.0025624
internal_weight=154.974 132.974 86.9737 65.6035 22
internal_count=143 121 75 59 22
is_linear=0
shrinkage=0.0168771


Tree=219
num_leaves=3
num_cat=0
split_feature=2 12
split_gain=0.324039 0.260321
threshold=0.43928571428571433 0.066182320405329981
decision_type=2 2
left_child=1 -1
right_child=-2 -3
leaf_value=-0.00075155666212122863 0.0024920487854111655 0.00073644879088735529
leaf_weight=72.349466323852539 12.661323070526121 55.417872428894043
leaf_count=70 11 49
internal_value=0.000175871 0
internal_weight=140.429 127.767
internal_count=130 119
is_linear=0
shrinkage=0.0168771


Tree=220
num_leaves=4
num_cat=0
split_feature=2 3 3
split_gain=0.217629 0.2601 0.201199
threshold=0.26714285714285718 0.33500000000000002 0.25500000000000006
decision_type=2 2 2
left_child=2 -2 -1
right_child=1 -3 -4
leaf_value=-0.0017341474900766424 0.0012802278295909438 -0.00029251327431197699 0
leaf_weight=37 40.492369413375854 58.251641631126404 16.20654296875
leaf_count=37 34 55 16
internal_value=-0.000139814 0.000150117 -0.0010572
internal_weight=151.951 98.744 53.2065
internal_count=142 89 53
is_linear=0
shrinkage=0.0168771


Tree=221
num_leaves=6
num_cat=0
split_feature=13 12 10 6 3
split_gain=0.483036 0.441104 0.411079 0.285911 0.218061
threshold=-0.62879534553388494 0.066182320405329981 0.38214285714285717 16.456428571428578 0.30928571428571433
decision_type=2 2 2 2 2
left_child=-1 2 3 -2 -3
right_child=1 4 -4 -5 -6
leaf_value=0.0020909566386915403 0 0.0015352043688649697 0 -0.0026237746414529235 0
leaf_weight=22.314311504364014 19 29.14829409122467 22.455508351325989 46.183057427406311 23.745092153549194
leaf_count=17 19 25 22 45 23
internal_value=0 -0.000436114 -0.00124105 -0.00194101 0.00049103
internal_weight=162.846 140.532 87.6386 65.1831 52.8934
internal_count=151 134 86 64 48
is_linear=0
shrinkage=0.0168771


Tree=222
num_leaves=3
num_cat=0
split_feature=2 3
split_gain=0.295634 0.176277
threshold=0.26714285714285718 0.30928571428571433
decision_type=2 2
left_child=-1 -2
right_child=1 -3
leaf_value=-0.00098479252253752081 0.0015982022589368038 0
leaf_weight=53.416218400001526 28.322370290756226 69.415046811103821
leaf_count=53 23 63
internal_value=0 0.000542083
internal_weight=151.154 97.7374
internal_count=139 86
is_linear=0
shrinkage=0.0168771


Tree=223
num_leaves=4
num_cat=0
split_feature=10 2 3
split_gain=0.43025 0.163546 0.146883
threshold=0.27142857142857152 0.45142857142857146 0.25071428571428572
decision_type=2 2 2
left_child=2 -2 -1
right_child=1 -3 -4
leaf_value=-0.0018288278970813882 5.4204610175062554e-05 0.0023990731087222936 0
leaf_weight=35 88.924361109733582 11.661323070526121 15.206542968749998
leaf_count=35 81 10 15
internal_value=0 0.000602561 -0.00126475
internal_weight=150.792 100.586 50.2065
internal_count=141 91 50
is_linear=0
shrinkage=0.0168771


Tree=224
num_leaves=2
num_cat=0
split_feature=12
split_gain=0.173905
threshold=0.066182320405329981
decision_type=2
left_child=-1
right_child=-2
leaf_value=-0.00038772353967092191 0.000756948773660381
leaf_weight=95.371340036392212 57.750282645225525
leaf_count=91 52
internal_value=0
internal_weight=153.122
internal_count=143
is_linear=0
shrinkage=0.0168771


Tree=225
num_leaves=5
num_cat=0
split_feature=3 2 6 12
split_gain=0.593823 0.321577 0.294221 0.249828
threshold=0.25500000000000006 0.3535714285714287 16.493571428571432 -0.10864714396718358
decision_type=2 2 2 2
left_child=2 3 -1 -2
right_child=1 -3 -4 -5
leaf_value=0 0 -1.4072024762636708e-07 -0.002697663594417591 0.0021751529545019463
leaf_weight=17 15.999999999999998 49.631757974624634 26.4482741355896 39.783856630325317
leaf_count=17 16 47 26 32
internal_value=0 0.00060202 -0.00167374 0.0014931
internal_weight=148.864 105.416 43.4483 55.7839
internal_count=138 95 43 48
is_linear=0
shrinkage=0.0168771


Tree=226
num_leaves=5
num_cat=0
split_feature=2 10 12 2
split_gain=0.466839 0.374236 0.137595 0.151227
threshold=0.25642857142857151 0.28000000000000008 0.066182320405329981 0.39357142857142863
decision_type=2 2 2 2
left_child=1 -1 -2 -4
right_child=2 -3 3 -5
leaf_value=-0.0023828793203859088 0 0 0.0017988672642199909 0
leaf_weight=35 59.423603177070618 15.209675431251524 30.039068818092346 10.200000047683714
leaf_count=35 55 15 24 10
internal_value=-2.33762e-05 -0.00143035 0.000487406 0.00121363
internal_weight=149.872 50.2097 99.6627 40.2391
internal_count=139 50 89 34
is_linear=0
shrinkage=0.0168771


Tree=227
num_leaves=4
num_cat=0
split_feature=0 1 13
split_gain=0.559362 0.365552 0.272347
threshold=14.500000000000002 6.5048809523809537 0.45467026633574265
decision_type=2 2 2
left_child=-1 2 -2
right_child=1 -3 -4
leaf_value=-0.0029838630582139486 0.0017143272275616575 -0.00053174837111989682 0
leaf_weight=13.999999999999998 56.115213871002197 57 24
leaf_count=14 45 57 24
internal_value=0 0.00024966 0.00107477
internal_weight=151.115 137.115 80.1152
internal_count=140 126 69
is_linear=0
shrinkage=0.0168771


Tree=228
num_leaves=5
num_cat=0
split_feature=9 1 1 9
split_gain=0.411119 0.292307 0.219646 0.125334
threshold=16.551428571428573 8.1582142857142852 -6.4779166666666645 20.13214285714286
decision_type=2 2 2 2
left_child=-1 2 -2 -4
right_child=1 -3 3 -5
leaf_value=-0.0016034685218854305 0 -4.1840830667970572e-05 0.0021527088400605261 0
leaf_weight=23 15.209675431251524 49 47.785546541213989 23.853748321533203
leaf_count=23 15 49 39 19
internal_value=0.00013728 0.000621046 0.00123401 0.00163481
internal_weight=158.849 135.849 86.849 71.6393
internal_count=145 122 73 58
is_linear=0
shrinkage=0.0168771


Tree=229
num_leaves=6
num_cat=0
split_feature=5 10 5 12 5
split_gain=0.422563 0.293907 0.138305 0.298821 0.292642
threshold=18.048571428571428 0.26428571428571429 19.336428571428581 -0.75056436232158108 20.142857142857149
decision_type=2 2 2 2 2
left_child=1 -1 3 -2 -4
right_child=2 -3 4 -5 -6
leaf_value=-0.0017704759448264643 0 0 -0.001275800988421905 0.0023701013344543343 0.00097806805263689822
leaf_weight=46 11.999999999999998 22.226816654205322 22.251810669898987 28.284826517105103 41.400376081466675
leaf_count=46 12 22 21 25 32
internal_value=0 -0.00098919 0.000689172 0.00144454 0
internal_weight=172.164 68.2268 103.937 40.2848 63.6522
internal_count=158 68 90 37 53
is_linear=0
shrinkage=0.0168771


Tree=230
num_leaves=4
num_cat=0
split_feature=8 10 10
split_gain=0.336886 0.299305 0.266969
threshold=-0.16213757046110308 0.39071428571428574 0.39071428571428574
decision_type=2 2 2
left_child=1 -1 -2
right_child=2 -3 -4
leaf_value=-0.0013540456610495295 0.0014386919351287615 0.00048640499883695256 -6.4022938439778355e-06
leaf_weight=51 72.630539298057556 22 16.834981441497803
leaf_count=51 60 22 16
internal_value=0.000152723 -0.000506701 0.000932468
internal_weight=162.466 73 89.4655
internal_count=149 73 76
is_linear=0
shrinkage=0.0168771


Tree=231
num_leaves=7
num_cat=0
split_feature=12 2 6 2 6 6
split_gain=0.237548 0.280825 0.271561 0.25318 0.232242 0.187519
threshold=-0.13294205056237318 0.43928571428571433 16.456428571428578 0.39357142857142863 18.828571428571429 20.298571428571432
decision_type=2 2 2 2 2 2
left_child=1 2 -1 5 -4 -2
right_child=3 -3 4 -5 -6 -7
leaf_value=0 0.0019998666466545601 0.0010383388936798877 -0.0028578992516780479 0 0 0
leaf_weight=21 40.333614587783813 11.661323070526121 25 29.826364040374756 25.421895503997803 11.804496884346007
leaf_count=21 34 10 25 26 25 10
internal_value=0 -0.000484891 -0.00106613 0.000747626 -0.00174195 0.00147367
internal_weight=165.048 83.0832 71.4219 81.9645 50.4219 52.1381
internal_count=151 81 71 70 50 44
is_linear=0
shrinkage=0.0168771


Tree=232
num_leaves=5
num_cat=0
split_feature=9 8 6 9
split_gain=0.541119 0.251637 0.196887 0.130554
threshold=16.551428571428573 -0.16213757046110308 16.493571428571432 20.54214285714286
decision_type=2 2 2 2
left_child=2 -2 -1 -3
right_child=1 3 -4 -5
leaf_value=0 0 0.0015578178183944173 -0.0028583939875378587 0
leaf_weight=10.000000000000002 50 61.517048954963684 17 17.490490317344666
leaf_count=10 50 51 17 15
internal_value=1.65902e-06 0.000600054 -0.00188799 0.00120613
internal_weight=156.008 129.008 27 79.0075
internal_count=143 116 27 66
is_linear=0
shrinkage=0.0168771


Tree=233
num_leaves=5
num_cat=0
split_feature=8 6 9 6
split_gain=0.539401 0.154124 0.148212 0.147229
threshold=-0.16213757046110308 18.828571428571429 20.13214285714286 16.456428571428578
decision_type=2 2 2 2
left_child=1 3 -2 -1
right_child=2 -3 -4 -5
leaf_value=0 0.0013037407163350471 0 0 -0.0023441818190665649
leaf_weight=13.999999999999998 53.168346047401428 25.236932396888733 28.253160834312439 31
leaf_count=14 46 25 25 31
internal_value=0 -0.0011723 0.000793565 -0.00173619
internal_weight=151.658 70.2369 81.4215 45
internal_count=141 70 71 45
is_linear=0
shrinkage=0.0168771


Tree=234
num_leaves=4
num_cat=0
split_feature=12 11 2
split_gain=0.302066 0.208582 0.162456
threshold=0.066182320405329981 18.698571428571434 0.39357142857142863
decision_type=2 2 2
left_child=1 -1 -2
right_child=2 -3 -4
leaf_value=-0.0013884372601449461 0.0013158190667334506 0 0
leaf_weight=52 46.677348971366882 40.630146145820618 16.200000047683716
leaf_count=52 40 36 16
internal_value=0 -0.000697254 0.000775715
internal_weight=155.507 92.6301 62.8773
internal_count=144 88 56
is_linear=0
shrinkage=0.0168771


Tree=235
num_leaves=2
num_cat=0
split_feature=2
split_gain=0.336053
threshold=0.26714285714285718
decision_type=2
left_child=-1
right_child=-2
leaf_value=-0.0011917696368350676 0.00031985508868070413
leaf_weight=58.4130859375 100.21800887584686
leaf_count=58 90
internal_value=-0.00010946
internal_weight=158.631
internal_count=148
is_linear=0
shrinkage=0.0168771


Tree=236
num_leaves=4
num_cat=0
split_feature=3 0 3
split_gain=0.332041 0.422065 0.305254
threshold=0.25500000000000006 23.500000000000004 0.35714285714285721
decision_type=2 2 2
left_child=1 -1 -2
right_child=2 -3 -4
leaf_value=-0.0033072654807212122 0.0011027254168359366 0 -0.00045576243437832863
leaf_weight=15.999999999999998 66.843065023422241 26.456126570701599 47.742977976799011
leaf_count=16 57 26 45
internal_value=-5.54646e-05 -0.00138212 0.000267382
internal_weight=157.042 42.4561 114.586
internal_count=144 42 102
is_linear=0
shrinkage=0.0168771


Tree=237
num_leaves=5
num_cat=0
split_feature=13 12 1 7
split_gain=0.520664 0.353887 0.259038 0.142142
threshold=-0.62879534553388494 0.066182320405329981 10.917678571428572 19.741428571428575
decision_type=2 2 2 2
left_child=-1 2 -2 -3
right_child=1 3 -4 -5
leaf_value=0.0022262606558533372 -0.0019456926510847518 -0.00016699465332306051 0 0.0011451525782068029
leaf_weight=18.307768583297729 54.290660262107849 24.492408514022827 24 28.467783689498901
leaf_count=14 53 24 24 24
internal_value=-4.36258e-05 -0.000568826 -0.00132599 0.000160048
internal_weight=149.559 131.251 78.2907 52.9602
internal_count=139 125 77 48
is_linear=0
shrinkage=0.0168771


Tree=238
num_leaves=4
num_cat=0
split_feature=13 9 9
split_gain=0.333011 0.210918 0.168231
threshold=-0.62879534553388494 16.551428571428573 17.454285714285714
decision_type=2 2 2
left_child=-1 -2 -3
right_child=1 2 -4
leaf_value=0.0020806014141620602 -0.0016240707158524446 0.0015221279859035796 -0.00017094111865803213
leaf_weight=17.694682598114014 22 16.513604879379272 96.51806902885437
leaf_count=13 22 16 90
internal_value=0 -0.000202166 0
internal_weight=152.726 135.032 113.032
internal_count=141 128 106
is_linear=0
shrinkage=0.0168771


Tree=239
num_leaves=3
num_cat=0
split_feature=13 0
split_gain=0.461457 0.335892
threshold=-0.62879534553388494 21.500000000000004
decision_type=2 2
left_child=-1 -2
right_child=1 -3
leaf_value=0.0021455316960608691 -0.0021126566281029859 0
leaf_weight=19.107768535614014 25.256802439689636 124.62751066684723
leaf_count=14 25 118
internal_value=0 -0.00044357
internal_weight=168.992 149.884
internal_count=157 143
is_linear=0
shrinkage=0.0168771


Tree=240
num_leaves=5
num_cat=0
split_feature=11 1 7 10
split_gain=0.327657 0.231997 0.176348 0.125429
threshold=20.192142857142866 -2.925119047619047 19.337142857142862 0.38214285714285717
decision_type=2 2 2 2
left_child=1 -1 -3 -2
right_child=3 2 -4 -5
leaf_value=0.00081288349889040027 0.0023351994547328673 -0.0011507197552034058 0 0
leaf_weight=25.784640431404114 19.802957415580753 74.738612771034241 20.316091537475586 12.014317989349363
leaf_count=24 14 74 17 11
internal_value=4.42314e-05 -0.000210373 -0.000732698 0.00159317
internal_weight=152.657 120.839 95.0547 31.8173
internal_count=140 115 91 25
is_linear=0
shrinkage=0.0168771


Tree=241
num_leaves=4
num_cat=0
split_feature=12 2 12
split_gain=0.325446 0.200593 0.154894
threshold=-0.13294205056237318 0.39357142857142863 -0.53383471710341313
decision_type=2 2 2
left_child=2 -2 -1
right_child=1 -3 -4
leaf_value=0 0.0017218533083153157 0 -0.0013553589332944253
leaf_weight=55.830661535263062 50.929652690887451 21.209958553314209 23.421895503997803
leaf_count=55 43 19 23
internal_value=0.000301875 0.00116862 -0.000227714
internal_weight=151.392 72.1396 79.2526
internal_count=140 62 78
is_linear=0
shrinkage=0.0168771


Tree=242
num_leaves=3
num_cat=0
split_feature=0 0
split_gain=0.329769 0.292352
threshold=21.500000000000004 14.500000000000002
decision_type=2 2
left_child=1 -1
right_child=-2 -3
leaf_value=-0.0030814865934337475 0.00036391854304560324 0
leaf_weight=14.000000000000002 122.34290945529938 12.720147848129271
leaf_count=14 112 12
internal_value=0 -0.0016155
internal_weight=149.063 26.7201
internal_count=138 26
is_linear=0
shrinkage=0.0168771


Tree=243
num_leaves=3
num_cat=0
split_feature=8 8
split_gain=0.223562 0.20526
threshold=-0.16213757046110308 -0.75209704041481007
decision_type=2 2
left_child=1 -1
right_child=-2 -3
leaf_value=0 0.00061502893746508093 -0.0015327273660636258
leaf_weight=26 84.520587682723999 35
leaf_count=26 74 35
internal_value=0 -0.00069199
internal_weight=145.521 61
internal_count=135 61
is_linear=0
shrinkage=0.0168771


Tree=244
num_leaves=2
num_cat=0
split_feature=0
split_gain=0.270641
threshold=14.500000000000002
decision_type=2
left_child=-1
right_child=-2
leaf_value=-0.0021200429878604717 8.6328925699963099e-05
leaf_weight=13.999999999999998 140.78615534305573
leaf_count=14 131
internal_value=-6.57032e-06
internal_weight=154.786
internal_count=145
is_linear=0
shrinkage=0.0168771


Tree=245
num_leaves=4
num_cat=0
split_feature=2 3 3
split_gain=0.562798 0.327528 0.218512
threshold=0.45142857142857146 0.25500000000000006 0.36214285714285727
decision_type=2 2 2
left_child=1 -1 -3
right_child=-2 2 -4
leaf_value=-0.0017613277573985744 0.0029241507562917804 0.00060322508411818094 -0.00097971358337040374
leaf_weight=42.2241370677948 10.661323070526121 59.910136222839355 38.112503528594971
leaf_count=42 9 53 36
internal_value=-0.000127972 -0.000571395 0
internal_weight=150.908 140.247 98.0226
internal_count=140 131 89
is_linear=0
shrinkage=0.0168771


Tree=246
num_leaves=5
num_cat=0
split_feature=3 3 12 4
split_gain=0.423601 0.207354 0.161875 0.147464
threshold=0.25071428571428572 0.35714285714285721 -0.10864714396718358 16.675000000000001
decision_type=2 2 2 2
left_child=3 2 -2 -1
right_child=1 -3 -4 -5
leaf_value=-0.0028326946369717685 0 -0.00043162082809078054 0.0016600588207776102 0
leaf_weight=19 23.218575954437256 43.077299356460571 32.756886601448059 29.4482741355896
leaf_count=19 23 41 26 29
internal_value=-0.000314611 0.000129184 0.000941446 -0.00161426
internal_weight=147.501 99.0528 55.9755 48.4483
internal_count=138 90 49 48
is_linear=0
shrinkage=0.0168771


Tree=247
num_leaves=4
num_cat=0
split_feature=11 11 11
split_gain=0.304548 0.198912 0.15034
threshold=20.329285714285721 19.172857142857151 18.664285714285718
decision_type=2 2 2
left_child=1 2 -1
right_child=-2 -3 -4
leaf_value=-0.0003114227492451258 0.0015999331336693568 -0.0014291084146322752 0.001243349862953386
leaf_weight=78.669888377189636 23.78817343711853 33.83241081237793 19.667288422584534
leaf_count=78 18 32 17
internal_value=0 -0.000368996 0
internal_weight=155.958 132.17 98.3372
internal_count=145 127 95
is_linear=0
shrinkage=0.0168771


Tree=248
num_leaves=4
num_cat=0
split_feature=3 12 12
split_gain=0.158311 0.372639 0.156532
threshold=0.43285714285714288 0.066182320405329981 1.4105836153030398
decision_type=2 2 2
left_child=1 -1 -3
right_child=-2 2 -4
leaf_value=-0.00099882002924264897 0.0016524350629030797 0.0012396552746010915 0
leaf_weight=80.762552261352539 12.661323070526121 42.512225866317749 23.17707622051239
leaf_count=78 11 36 22
internal_value=0 -0.000130965 0.000606356
internal_weight=159.113 146.452 65.6893
internal_count=147 136 58
is_linear=0
shrinkage=0.0168771


Tree=249
num_leaves=3
num_cat=0
split_feature=10 13
split_gain=0.138804 0.132981
threshold=0.22714285714285717 -0.57790906816608401
decision_type=2 2
left_child=-1 -2
right_child=1 -3
leaf_value=-0.0012084032490120612 0.0015054530690183788 0
leaf_weight=19 17.123247623443604 121.12096965312958
leaf_count=19 13 114
internal_value=0 0.000231053
internal_weight=157.244 138.244
internal_count=146 127
is_linear=0
shrinkage=0.0168771


Tree=250
num_leaves=2
num_cat=0
split_feature=14
split_gain=0.185514
threshold=16.675000000000001
decision_type=2
left_child=-1
right_child=-2
leaf_value=-0.0013704491119577735 0.0001781454665135187
leaf_weight=23 128.4824355840683
leaf_count=23 118
internal_value=0
internal_weight=151.482
internal_count=141
is_linear=0
shrinkage=0.0168771


Tree=251
num_leaves=3
num_cat=0
split_feature=9 9
split_gain=0.205801 0.384312
threshold=16.551428571428573 17.367142857142859
decision_type=2 2
left_child=-1 -2
right_child=1 -3
leaf_value=-0.0012635385963380287 0.0022928417150037497 0
leaf_weight=28 19.669888377189636 112.98663508892059
leaf_count=28 19 103
internal_value=0 0.000261401
internal_weight=160.657 132.657
internal_count=150 122
is_linear=0
shrinkage=0.0168771


Tree=252
num_leaves=6
num_cat=0
split_feature=3 6 0 10 2
split_gain=0.52915 0.483663 0.296584 0.183246 0.156703
threshold=0.25071428571428572 16.493571428571432 23.500000000000004 0.3035714285714286 0.38785714285714284
decision_type=2 2 2 2 2
left_child=1 -1 -3 -2 -5
right_child=3 2 -4 4 -6
leaf_value=0 0.0014378792738171417 -0.0049065348375146242 -0.00012932437455759026 0.00070071728054561084 -0.0007078778220353251
leaf_weight=14.999999999999998 29.836420178413391 11.999999999999998 20.456126570701599 39.071337699890137 45.019821166992188
leaf_count=15 27 12 20 32 43
internal_value=-0.000110375 -0.00165043 -0.00278818 0.000364429 0
internal_weight=161.384 47.4561 32.4561 113.928 84.0912
internal_count=149 47 32 102 75
is_linear=0
shrinkage=0.0168771


Tree=253
num_leaves=3
num_cat=0
split_feature=7 2
split_gain=0.421247 0.16652
threshold=16.396428571428579 0.45142857142857146
decision_type=2 2
left_child=-1 -2
right_child=1 -3
leaf_value=-0.0023616973408711688 0 0.0020371688741275054
leaf_weight=17 135.70768094062805 10.661323070526121
leaf_count=17 126 9
internal_value=0 0.000244309
internal_weight=163.369 146.369
internal_count=152 135
is_linear=0
shrinkage=0.0168771


Tree=254
num_leaves=4
num_cat=0
split_feature=8 2 12
split_gain=0.194503 0.169847 0.133967
threshold=0.32651883385898106 0.26714285714285718 1.4105836153030398
decision_type=2 2 2
left_child=1 -1 -2
right_child=2 -3 -4
leaf_value=-0.0011849133582723301 0.0017007483050342151 0 0
leaf_weight=40 25.325522065162659 66.761022925376892 20.162614583969116
leaf_count=40 21 61 19
internal_value=0 -0.000329042 0.000948301
internal_weight=152.249 106.761 45.4881
internal_count=141 101 40
is_linear=0
shrinkage=0.0168771


Tree=255
num_leaves=3
num_cat=0
split_feature=7 13
split_gain=0.404966 0.264554
threshold=16.396428571428579 -0.62879534553388494
decision_type=2 2
left_child=-1 -2
right_child=1 -3
leaf_value=-0.0024260172820670528 0.0019075256349218766 0
leaf_weight=15.999999999999998 18.901225566864014 124.82233262062073
leaf_count=16 14 118
internal_value=0 0.000165694
internal_weight=159.724 143.724
internal_count=148 132
is_linear=0
shrinkage=0.0168771


Tree=256
num_leaves=2
num_cat=0
split_feature=10
split_gain=0.20135
threshold=0.22714285714285717
decision_type=2
left_child=-1
right_child=-2
leaf_value=-0.0016391178379684347 0
leaf_weight=19 132.55230271816254
leaf_count=19 123
internal_value=-9.94102e-05
internal_weight=151.552
internal_count=142
is_linear=0
shrinkage=0.0168771


Tree=257
num_leaves=2
num_cat=0
split_feature=13
split_gain=0.121511
threshold=-0.57790906816608401
decision_type=2
left_child=-1
right_child=-2
leaf_value=0.00087889819012425849 -0.00039343191309914872
leaf_weight=15.874408960342405 138.27969813346863
leaf_count=13 132
internal_value=-0.000105803
internal_weight=154.154
internal_count=145
is_linear=0
shrinkage=0.0168771


Tree=258
num_leaves=7
num_cat=0
split_feature=12 14 14 13 11 11
split_gain=0.271632 0.283815 0.265916 0.152145 0.302487 0.128001
threshold=0.066182320405329981 18.122857142857146 19.282142857142858 0.41131487963618812 19.405714285714289 16.020000000000003
decision_type=2 2 2 2 2 2
left_child=1 5 -3 4 -2 -1
right_child=3 2 -4 -5 -6 -7
leaf_value=0 0.0026625322924013796 0.0014170502290080076 -0.00055894176669475865 0 0 -0.0018947598055426757
leaf_weight=9.9999999999999982 24.088274359703064 29.43774139881134 32.281968474388123 22 17.731096982955933 34
leaf_count=10 19 27 28 22 15 34
internal_value=5.25822e-06 -0.000377065 5.80792e-05 0.000963335 0.001534 -0.00143099
internal_weight=169.539 105.72 61.7197 63.8194 41.8194 44
internal_count=155 99 55 56 34 44
is_linear=0
shrinkage=0.0168771


Tree=259
num_leaves=2
num_cat=0
split_feature=12
split_gain=0.291445
threshold=0.066182320405329981
decision_type=2
left_child=-1
right_child=-2
leaf_value=-0.00025508932939168847 0.0011444425140664221
leaf_weight=98.605321168899536 57.507758498191833
leaf_count=94 51
internal_value=0.000131016
internal_weight=156.113
internal_count=145
is_linear=0
shrinkage=0.0168771


Tree=260
num_leaves=5
num_cat=0
split_feature=9 9 11 0
split_gain=0.27634 0.218352 0.242318 0.149469
threshold=16.551428571428573 17.367142857142859 20.329285714285721 20.000000000000004
decision_type=2 2 2 2
left_child=3 -2 -3 -1
right_child=1 2 -4 -5
leaf_value=-0.0025191945369648972 0.0017578594564521056 -0.00050421259274562968 0.001288331068453613 0
leaf_weight=15.000000000000002 19.669888377189636 84.806838989257812 25.23317813873291 13.999999999999998
leaf_count=15 19 79 19 14
internal_value=0 0.000239277 0 -0.00149278
internal_weight=158.71 129.71 110.04 29
internal_count=146 117 98 29
is_linear=0
shrinkage=0.0168771


Tree=261
num_leaves=3
num_cat=0
split_feature=9 9
split_gain=0.280881 0.118167
threshold=16.551428571428573 17.367142857142859
decision_type=2 2
left_child=-1 -2
right_child=1 -3
leaf_value=-0.0018568032557331475 0.0011705241896657807 -0.00010309260004665908
leaf_weight=22 20.720147848129272 117.09906578063965
leaf_count=22 20 107
internal_value=-0.000190305 0
internal_weight=159.819 137.819
internal_count=149 127
is_linear=0
shrinkage=0.0168771


Tree=262
num_leaves=5
num_cat=0
split_feature=3 6 11 2
split_gain=0.256005 0.352657 0.160008 0.14063
threshold=0.25500000000000006 16.493571428571432 18.698571428571434 0.43928571428571433
decision_type=2 2 2 2
left_child=1 -1 -3 -2
right_child=3 2 -4 -5
leaf_value=0 0 -0.0029555293344861351 0 0.0017321796143111722
leaf_weight=19 97.517477989196777 22 10.448274135589598 11.661323070526121
leaf_count=19 87 22 10 10
internal_value=-0.000120274 -0.0011477 -0.00220578 0.000181137
internal_weight=160.627 51.4483 32.4483 109.179
internal_count=148 51 32 97
is_linear=0
shrinkage=0.0168771


Tree=263
num_leaves=5
num_cat=0
split_feature=3 3 2 12
split_gain=0.202327 0.136751 0.133911 0.133676
threshold=0.26428571428571429 0.30928571428571433 0.45142857142857146 0.93275682841028507
decision_type=2 2 2 2
left_child=3 -2 -3 -1
right_child=1 2 -4 -5
leaf_value=-0.001342814862031408 0.0015082243732761067 -0.00017184313679999242 0.0015711426058374492 0
leaf_weight=36 25.435312390327454 70.305130004882812 11.661323070526121 12.456126570701597
leaf_count=36 21 64 10 12
internal_value=0 0.000481133 0 -0.000790404
internal_weight=155.858 107.402 81.9665 48.4561
internal_count=143 95 74 48
is_linear=0
shrinkage=0.0168771


Tree=264
num_leaves=4
num_cat=0
split_feature=2 9 9
split_gain=0.379812 0.137732 0.232138
threshold=0.43928571428571433 16.518571428571434 17.367142857142859
decision_type=2 2 2
left_child=1 -1 -3
right_child=-2 2 -4
leaf_value=-0.001337655485940459 0.0025351887718242879 0.0014612153961950081 -0.00028376676934956639
leaf_weight=20 13.661323070526121 24.720147848129272 85.470054745674133
leaf_count=20 12 24 77
internal_value=2.89779e-05 -0.000115339 0
internal_weight=143.852 130.19 110.19
internal_count=133 121 101
is_linear=0
shrinkage=0.0168771


Tree=265
num_leaves=4
num_cat=0
split_feature=8 10 6
split_gain=0.346217 0.389005 0.346808
threshold=0.32651883385898106 0.26428571428571429 16.493571428571432
decision_type=2 2 2
left_child=1 2 -1
right_child=-2 -3 -4
leaf_value=0 0.00095472252480529197 0 -0.0029046460477744995
leaf_weight=10.999999999999998 41.557135105133057 65.235174655914307 29
leaf_count=11 37 59 29
internal_value=-0.000103269 -0.000742827 -0.00199312
internal_weight=146.792 105.235 40
internal_count=136 99 40
is_linear=0
shrinkage=0.0168771


Tree=266
num_leaves=3
num_cat=0
split_feature=0 2
split_gain=0.317761 0.157571
threshold=14.500000000000002 0.45142857142857146
decision_type=2 2
left_child=-1 -2
right_child=1 -3
leaf_value=-0.0019474961322330287 2.1364515712000947e-05 0.0021501474303893451
leaf_weight=14.999999999999998 127.07870709896088 11.661323070526121
leaf_count=15 117 10
internal_value=0 0.000399112
internal_weight=153.74 138.74
internal_count=142 127
is_linear=0
shrinkage=0.0168771


Tree=267
num_leaves=5
num_cat=0
split_feature=11 7 11 11
split_gain=0.208282 0.159213 0.120737 0.145675
threshold=18.664285714285718 16.396428571428579 19.172857142857151 20.10071428571429
decision_type=2 2 2 2
left_child=1 -1 -2 -4
right_child=2 -3 3 -5
leaf_value=-0.0020545088996151819 0.0015650243033566496 0 -0.0006307146265938572 0.00086510558858012682
leaf_weight=13.999999999999998 24.713309407234192 63.20654296875 29.818548798561096 35.129210948944092
leaf_count=14 21 63 28 28
internal_value=0 -0.000570175 0.000599565 0
internal_weight=166.868 77.2065 89.6611 64.9478
internal_count=154 77 77 56
is_linear=0
shrinkage=0.0168771


Tree=268
num_leaves=2
num_cat=0
split_feature=13
split_gain=0.284317
threshold=-0.62879534553388494
decision_type=2
left_child=-1
right_child=-2
leaf_value=0.0018411878056789463 -0.00024480748790628145
leaf_weight=18.674408912658691 127.19481158256531
leaf_count=14 121
internal_value=0
internal_weight=145.869
internal_count=135
is_linear=0
shrinkage=0.0168771


Tree=269
num_leaves=4
num_cat=0
split_feature=3 0 3
split_gain=0.206391 0.177174 0.118684
threshold=0.25500000000000006 27.500000000000004 0.35714285714285721
decision_type=2 2 2
left_child=1 -1 -2
right_child=2 -3 -4
leaf_value=-0.0021520436638008634 0.00081221153788532923 0 -5.9755368664009571e-05
leaf_weight=20 53.387902498245239 22.456126570701599 54.949520945549011
leaf_count=20 48 22 52
internal_value=-5.19193e-05 -0.00110759 0.000178457
internal_weight=150.794 42.4561 108.337
internal_count=142 42 100
is_linear=0
shrinkage=0.0168771


Tree=270
num_leaves=3
num_cat=0
split_feature=5 8
split_gain=0.197384 0.174578
threshold=20.142857142857149 1.0769060032353517
decision_type=2 2
left_child=1 -1
right_child=-2 -3
leaf_value=-0.00089777228779395308 0.00073169971014730201 0.0003589964297595057
leaf_weight=95.087415099143982 43.435045123100281 14.200543642044066
leaf_count=93 34 13
internal_value=-1.98453e-05 -0.000529587
internal_weight=152.723 109.288
internal_count=140 106
is_linear=0
shrinkage=0.0168771


Tree=271
num_leaves=4
num_cat=0
split_feature=10 3 6
split_gain=0.351666 0.33872 0.499577
threshold=0.26428571428571429 0.26428571428571429 16.544285714285717
decision_type=2 2 2
left_child=1 2 -1
right_child=-2 -3 -4
leaf_value=0 0.00045837089369595442 0 -0.0034892073836498188
leaf_weight=13.999999999999998 108.67449426651001 10.753615021705626 23
leaf_count=14 96 10 23
internal_value=0 -0.00123053 -0.0020831
internal_weight=156.428 47.7536 37
internal_count=143 47 37
is_linear=0
shrinkage=0.0168771


Tree=272
num_leaves=2
num_cat=0
split_feature=12
split_gain=0.132354
threshold=-0.13294205056237318
decision_type=2
left_child=-1
right_child=-2
leaf_value=-0.0002751065636162941 0.00062526099105200434
leaf_weight=76.252557039260864 78.984315633773804
leaf_count=75 68
internal_value=4.43283e-05
internal_weight=155.237
internal_count=143
is_linear=0
shrinkage=0.0168771


Tree=273
num_leaves=2
num_cat=0
split_feature=10
split_gain=0.192381
threshold=0.22428571428571434
decision_type=2
left_child=-1
right_child=-2
leaf_value=-0.0017052465560105487 2.0104333135833561e-05
leaf_weight=15.999999999999998 151.30137491226196
leaf_count=16 140
internal_value=-3.95709e-05
internal_weight=167.301
internal_count=156
is_linear=0
shrinkage=0.0168771


Tree=274
num_leaves=5
num_cat=0
split_feature=10 8 8 8
split_gain=0.242414 0.183725 0.175222 0.12665
threshold=0.22714285714285717 -0.16213757046110308 -0.094180913411989975 0.32651883385898106
decision_type=2 2 2 2
left_child=-1 -2 -3 -4
right_child=1 2 3 -5
leaf_value=-0.001721355104297018 -0.00018151173352013415 0.0021576128959656517 -0.0007399228235176684 0.0007196747965667749
leaf_weight=17 60 20.759159564971924 16.429683685302734 46.288136601448059
leaf_count=17 60 14 15 41
internal_value=0 0.000261885 0.000835448 0
internal_weight=160.477 143.477 83.477 62.7178
internal_count=147 130 70 56
is_linear=0
shrinkage=0.0168771


Tree=275
num_leaves=2
num_cat=0
split_feature=7
split_gain=0.224754
threshold=16.396428571428579
decision_type=2
left_child=-1
right_child=-2
leaf_value=-0.001649916393957286 0.00029638048792903269
leaf_weight=15.999999999999998 139.70958459377289
leaf_count=16 128
internal_value=0
internal_weight=155.71
internal_count=144
is_linear=0
shrinkage=0.0168771


Tree=276
num_leaves=3
num_cat=0
split_feature=12 0
split_gain=0.197068 0.118026
threshold=0.066182320405329981 68.500000000000014
decision_type=2 2
left_child=1 -1
right_child=-2 -3
leaf_value=-0.0009581829669722421 0.00050611518914226773 0
leaf_weight=76.409421563148499 64.175645112991333 21.818575859069824
leaf_count=74 56 20
internal_value=-3.99308e-05 -0.000622635
internal_weight=162.404 98.228
internal_count=150 94
is_linear=0
shrinkage=0.0168771


Tree=277
num_leaves=2
num_cat=0
split_feature=13
split_gain=0.23616
threshold=-0.62879534553388494
decision_type=2
left_child=-1
right_child=-2
leaf_value=0.00183670268172627 -0.00015132861023120568
leaf_weight=16.101225614547729 133.20925509929657
leaf_count=12 127
internal_value=0
internal_weight=149.31
internal_count=139
is_linear=0
shrinkage=0.0168771


Tree=278
num_leaves=5
num_cat=0
split_feature=3 3 3 3
split_gain=0.155001 0.1252 0.290525 0.150947
threshold=0.45785714285714291 0.30928571428571433 0.25500000000000006 0.23071428571428579
decision_type=2 2 2 2
left_child=1 2 3 -1
right_child=-2 -3 -4 -5
leaf_value=0 0.0014981428367027098 -0.00083136151710600458 0.0011658153177295288 -0.0016665616388140535
leaf_weight=22.2241370677948 10.661323070526121 68.570163249969482 38.69211483001709 22
leaf_count=22 9 64 34 22
internal_value=-2.00667e-05 -0.000298375 0 -0.000745573
internal_weight=162.148 151.486 82.9163 44.2241
internal_count=151 142 78 44
is_linear=0
shrinkage=0.0168771


Tree=279
num_leaves=3
num_cat=0
split_feature=13 12
split_gain=0.229941 0.226502
threshold=-0.62879534553388494 1.0000000180025095e-35
decision_type=2 2
left_child=-1 -2
right_child=1 -3
leaf_value=0.0016161959728237512 -0.00086102258628355743 0.00036208778915314434
leaf_weight=20.107768535614014 80.604952931404114 57.778340101242065
leaf_count=15 79 51
internal_value=0 -0.000194751
internal_weight=158.491 138.383
internal_count=145 130
is_linear=0
shrinkage=0.0168771


Tree=280
num_leaves=2
num_cat=0
split_feature=0
split_gain=0.141782
threshold=27.500000000000004
decision_type=2
left_child=-1
right_child=-2
leaf_value=-0.00074894325012753627 0.00039818043496385653
leaf_weight=33.720147848129272 122.19405484199524
leaf_count=33 111
internal_value=0
internal_weight=155.914
internal_count=144
is_linear=0
shrinkage=0.0168771


Tree=281
num_leaves=2
num_cat=0
split_feature=13
split_gain=0.207638
threshold=-0.62879534553388494
decision_type=2
left_child=-1
right_child=-2
leaf_value=0.0014161221846715748 -0.00032378922830398504
leaf_weight=18.674408912658691 148.25045478343964
leaf_count=14 141
internal_value=0
internal_weight=166.925
internal_count=155
is_linear=0
shrinkage=0.0168771


Tree=282
num_leaves=3
num_cat=0
split_feature=13 0
split_gain=0.261143 0.228094
threshold=-0.57790906816608401 21.500000000000004
decision_type=2 2
left_child=-1 -2
right_child=1 -3
leaf_value=0.0016833607340295325 -0.0015754941924941038 0
leaf_weight=21.360452175140381 25.513604879379272 118.93453061580658
leaf_count=16 25 112
internal_value=0 -0.000194848
internal_weight=165.809 144.448
internal_count=153 137
is_linear=0
shrinkage=0.0168771


Tree=283
num_leaves=2
num_cat=0
split_feature=0
split_gain=0.144965
threshold=21.500000000000004
decision_type=2
left_child=-1
right_child=-2
leaf_value=-0.0012207004753681824 6.5159823655186241e-05
leaf_weight=24.4130859375 136.34833085536957
leaf_count=24 127
internal_value=-1.14034e-05
internal_weight=160.761
internal_count=151
is_linear=0
shrinkage=0.0168771


Tree=284
num_leaves=4
num_cat=0
split_feature=13 12 8
split_gain=0.20474 0.227919 0.167567
threshold=-0.62879534553388494 0.066182320405329981 -0.73820634753931147
decision_type=2 2 2
left_child=-1 2 -2
right_child=1 -3 -4
leaf_value=0.0015108612137982112 0 0.0004080910389357501 -0.0013971911023327494
leaf_weight=19.514311552047729 32 49.21914005279541 53.989718317985535
leaf_count=15 32 44 52
internal_value=0 -0.000227024 -0.000844177
internal_weight=154.723 135.209 85.9897
internal_count=143 128 84
is_linear=0
shrinkage=0.0168771


Tree=285
num_leaves=3
num_cat=0
split_feature=0 13
split_gain=0.264187 0.158166
threshold=14.500000000000002 -0.62879534553388494
decision_type=2 2
left_child=-1 -2
right_child=1 -3
leaf_value=-0.0019356942362941444 0.0014525059421398416 0
leaf_weight=15.999999999999998 20.514311552047729 124.99392628669739
leaf_count=16 16 118
internal_value=0 0.000171755
internal_weight=161.508 145.508
internal_count=150 134
is_linear=0
shrinkage=0.0168771


Tree=286
num_leaves=3
num_cat=0
split_feature=11 11
split_gain=0.157508 0.279602
threshold=20.329285714285721 19.172857142857151
decision_type=2 2
left_child=1 -1
right_child=-2 -3
leaf_value=0.00030309265558812245 0.0012120157342919863 -0.0013525159727125569
leaf_weight=88.180893301963806 28.292582869529724 36.078615069389343
leaf_count=85 21 34
internal_value=8.16576e-05 -2.13129e-05
internal_weight=152.552 124.26
internal_count=140 119
is_linear=0
shrinkage=0.0168771


Tree=287
num_leaves=3
num_cat=0
split_feature=9 9
split_gain=0.144365 0.271359
threshold=16.551428571428573 17.367142857142859
decision_type=2 2
left_child=-1 -2
right_child=1 -3
leaf_value=-0.0011376888491813214 0.0019457384045862766 -4.9697351921741682e-05
leaf_weight=28 17.720147848129272 110.86199605464935
leaf_count=28 17 101
internal_value=-4.23631e-06 9.18456e-05
internal_weight=156.582 128.582
internal_count=146 118
is_linear=0
shrinkage=0.0168771


Tree=288
num_leaves=3
num_cat=0
split_feature=3 0
split_gain=0.213188 0.19338
threshold=0.25500000000000006 24.500000000000004
decision_type=2 2
left_child=1 -1
right_child=-2 -3
leaf_value=-0.0018471645606602425 0.00051633911138831555 0
leaf_weight=23 99.799492359161377 30.680263638496399
leaf_count=23 89 30
internal_value=0 -0.000767524
internal_weight=153.48 53.6803
internal_count=142 53
is_linear=0
shrinkage=0.0168771


Tree=289
num_leaves=4
num_cat=0
split_feature=9 9 9
split_gain=0.226183 0.277437 0.123187
threshold=16.551428571428573 17.367142857142859 19.254999999999999
decision_type=2 2 2
left_child=-1 -2 -3
right_child=1 2 -4
leaf_value=-0.0013173269877204874 0.002104604140431014 -0.00061418972993336322 0.0005010295182460155
leaf_weight=24 18.926690816879272 46.716545581817627 62.279898047447205
leaf_count=24 18 46 52
internal_value=0 0.000368005 0
internal_weight=151.923 127.923 108.996
internal_count=140 116 98
is_linear=0
shrinkage=0.0168771


Tree=290
num_leaves=2
num_cat=0
split_feature=13
split_gain=0.332712
threshold=-0.62879534553388494
decision_type=2
left_child=-1
right_child=-2
leaf_value=0.0016509898077916615 -0.00044141194395517136
leaf_weight=21.314311504364014 144.74694097042084
leaf_count=16 138
internal_value=-1.63306e-05
internal_weight=166.061
internal_count=154
is_linear=0
shrinkage=0.0168771


Tree=291
num_leaves=4
num_cat=0
split_feature=11 4 6
split_gain=0.24076 0.216732 0.154941
threshold=16.630714285714287 19.797142857142859 16.456428571428578
decision_type=2 2 2
left_child=2 -2 -1
right_child=1 -3 -4
leaf_value=0 0.0013390302239506971 0 -0.0017791608364266618
leaf_weight=14.000000000000002 72.803966760635376 44.397360563278198 14.999999999999998
leaf_count=14 66 39 15
internal_value=0.0003477 0.000785063 -0.000627696
internal_weight=146.201 117.201 29
internal_count=134 105 29
is_linear=0
shrinkage=0.0168771


Tree=292
num_leaves=3
num_cat=0
split_feature=3 11
split_gain=0.170409 0.15218
threshold=0.36214285714285727 19.172857142857151
decision_type=2 2
left_child=-1 -2
right_child=1 -3
leaf_value=6.8146112785135338e-05 0 -0.0016494791288522818
leaf_weight=107.00489151477814 10.999999999999998 31.429683685302734
leaf_count=99 11 30
internal_value=-0.000116526 -0.0010511
internal_weight=149.435 42.4297
internal_count=140 41
is_linear=0
shrinkage=0.0168771


Tree=293
num_leaves=3
num_cat=0
split_feature=2 5
split_gain=0.207824 0.122168
threshold=0.45142857142857146 20.142857142857149
decision_type=2 2
left_child=1 -1
right_child=-2 -3
leaf_value=-0.00047789400543592035 0.0019920153059348293 0.00044470373971613574
leaf_weight=116.62173509597778 11.661323070526121 41.859182238578796
leaf_count=114 10 33
internal_value=0 -9.16777e-05
internal_weight=170.142 158.481
internal_count=157 147
is_linear=0
shrinkage=0.0168771


Tree=294
num_leaves=3
num_cat=0
split_feature=2 8
split_gain=0.168647 0.181403
threshold=0.25642857142857151 -0.052348229104176261
decision_type=2 2
left_child=1 -1
right_child=-2 -3
leaf_value=-0.0014556187611178698 0.00032218892799514129 0
leaf_weight=39 102.06329083442688 19.4130859375
leaf_count=39 92 19
internal_value=0 -0.0007782
internal_weight=160.476 58.4131
internal_count=150 58
is_linear=0
shrinkage=0.0168771


Tree=295
num_leaves=2
num_cat=0
split_feature=13
split_gain=0.239939
threshold=-0.62879534553388494
decision_type=2
left_child=-1
right_child=-2
leaf_value=0.0016862669345315377 -0.00027277057896862774
leaf_weight=17.307768583297729 142.789475440979
leaf_count=13 135
internal_value=0
internal_weight=160.097
internal_count=148
is_linear=0
shrinkage=0.0168771


Tree=296
num_leaves=4
num_cat=0
split_feature=11 13 13
split_gain=0.125716 0.129751 0.132342
threshold=20.329285714285721 -0.17119928588578989 0.13816276855848655
decision_type=2 2 2
left_child=1 -1 -3
right_child=-2 2 -4
leaf_value=0 0.00073081503578398819 -0.0014060816913093353 0
leaf_weight=52.812619566917419 25.846538424491882 45.433158159255981 28.657949566841125
leaf_count=51 20 42 28
internal_value=-5.58382e-05 -0.000401557 -0.000867049
internal_weight=152.75 126.904 74.0911
internal_count=141 121 70
is_linear=0
shrinkage=0.0168771


Tree=297
num_leaves=2
num_cat=0
split_feature=2
split_gain=0.184485
threshold=0.43928571428571433
decision_type=2
left_child=-1
right_child=-2
leaf_value=-0.00017243639150400328 0.0017559481863399552
leaf_weight=149.15627992153168 12.661323070526121
leaf_count=139 11
internal_value=0
internal_weight=161.818
internal_count=150
is_linear=0
shrinkage=0.0168771


Tree=298
num_leaves=2
num_cat=0
split_feature=12
split_gain=0.150376
threshold=-0.13294205056237318
decision_type=2
left_child=-1
right_child=-2
leaf_value=-0.00066949859586766774 0.00031733968392578474
leaf_weight=74.252557039260864 79.549556970596313
leaf_count=73 70
internal_value=-1.96274e-05
internal_weight=153.802
internal_count=143
is_linear=0
shrinkage=0.0168771


Tree=299
num_leaves=2
num_cat=0
split_feature=7
split_gain=0.151958
threshold=16.396428571428579
decision_type=2
left_child=-1
right_child=-2
leaf_value=-0.0015692427429507025 0
leaf_weight=14.999999999999998 142.33098983764648
leaf_count=15 132
internal_value=-7.20656e-05
internal_weight=157.331
internal_count=147
is_linear=0
shrinkage=0.0168771


Tree=300
num_leaves=3
num_cat=0
split_feature=0 13
split_gain=0.277551 0.283961
threshold=27.500000000000004 -0.17119928588578989
decision_type=2 2
left_child=1 -1
right_child=-2 -3
leaf_value=0 0.00033144414073043779 -0.0024241106835587944
leaf_weight=10.413085937499998 120.27433919906616 22
leaf_count=10 108 22
internal_value=0 -0.00136189
internal_weight=152.687 32.4131
internal_count=140 32
is_linear=0
shrinkage=0.0168771


Tree=301
num_leaves=2
num_cat=0
split_feature=13
split_gain=0.167702
threshold=-0.63559843199826505
decision_type=2
left_child=-1
right_child=-2
leaf_value=0.0011635549748877506 -0.00040595649544543111
leaf_weight=16.467865943908691 131.37266647815704
leaf_count=12 125
internal_value=-6.33071e-05
internal_weight=147.841
internal_count=137
is_linear=0
shrinkage=0.0168771


Tree=302
num_leaves=2
num_cat=0
split_feature=10
split_gain=0.129891
threshold=0.28000000000000008
decision_type=2
left_child=-1
right_child=-2
leaf_value=-0.00063165405236585909 0.00037449277165693619
leaf_weight=53.711751699447632 99.795444846153259
leaf_count=53 88
internal_value=0
internal_weight=153.507
internal_count=141
is_linear=0
shrinkage=0.0168771


Tree=303
num_leaves=2
num_cat=0
split_feature=0
split_gain=0.24959
threshold=21.500000000000004
decision_type=2
left_child=-1
right_child=-2
leaf_value=-0.0017037253433747931 2.4471780849793042e-05
leaf_weight=22.20654296875 129.19717669487
leaf_count=22 120
internal_value=-0.000111124
internal_weight=151.404
internal_count=142
is_linear=0
shrinkage=0.0168771


Tree=304
num_leaves=3
num_cat=0
split_feature=8 9
split_gain=0.223256 0.162003
threshold=-0.16213757046110308 20.13214285714286
decision_type=2 2
left_child=-1 -2
right_child=1 -3
leaf_value=-0.00041101302917514613 0.0012950230961882544 0
leaf_weight=69.236932396888733 56.51873517036438 33.859850883483887
leaf_count=69 49 28
internal_value=0.000114409 0.000757487
internal_weight=159.616 90.3786
internal_count=146 77
is_linear=0
shrinkage=0.0168771


Tree=305
num_leaves=4
num_cat=0
split_feature=1 10 10
split_gain=0.127286 0.324953 0.231642
threshold=-2.925119047619047 0.33714285714285724 0.31071428571428578
decision_type=2 2 2
left_child=2 -2 -1
right_child=1 -3 -4
leaf_value=0.002128371871154494 -0.0011775372313039976 0.00037758443007920623 0
leaf_weight=13.655492901802061 80.596629500389099 39.34980046749115 24.110633254051208
leaf_count=12 78 35 23
internal_value=-0.000114061 -0.000488039 0.000472497
internal_weight=157.713 119.946 37.7661
internal_count=148 113 35
is_linear=0
shrinkage=0.0168771


Tree=306
num_leaves=2
num_cat=0
split_feature=10
split_gain=0.13555
threshold=0.28000000000000008
decision_type=2
left_child=-1
right_child=-2
leaf_value=-0.00072664499478172935 0.00020498168177605458
leaf_weight=61.918294668197632 102.59163701534271
leaf_count=61 91
internal_value=-1.83095e-05
internal_weight=164.51
internal_count=152
is_linear=0
shrinkage=0.0168771


Tree=307
num_leaves=2
num_cat=0
split_feature=2
split_gain=0.202146
threshold=0.43928571428571433
decision_type=2
left_child=-1
right_child=-2
leaf_value=-0.00034574772360088161 0.0016735109141572263
leaf_weight=137.41972815990448 11.661323070526121
leaf_count=129 10
internal_value=-1.12431e-05
internal_weight=149.081
internal_count=139
is_linear=0
shrinkage=0.0168771


Tree=308
num_leaves=3
num_cat=0
split_feature=9 9
split_gain=0.130458 0.161053
threshold=16.518571428571434 17.367142857142859
decision_type=2 2
left_child=-1 -2
right_child=1 -3
leaf_value=-0.0011969878217338451 0.0012785905184029172 0
leaf_weight=19 28.669888377189636 116.49223947525024
leaf_count=19 28 106
internal_value=0 0.000197233
internal_weight=164.162 145.162
internal_count=153 134
is_linear=0
shrinkage=0.0168771


Tree=309
num_leaves=2
num_cat=0
split_feature=2
split_gain=0.144786
threshold=0.25642857142857151
decision_type=2
left_child=-1
right_child=-2
leaf_value=-0.00087859934491844188 9.7668855646189482e-05
leaf_weight=51.20654296875 98.865331053733826
leaf_count=51 88
internal_value=-9.93023e-05
internal_weight=150.072
internal_count=139
is_linear=0
shrinkage=0.0168771


Tree=310
num_leaves=2
num_cat=0
split_feature=13
split_gain=0.167144
threshold=-0.62879534553388494
decision_type=2
left_child=-1
right_child=-2
leaf_value=0.0012482874282714253 -0.00032292337003966929
leaf_weight=18.514311552047729 133.42721128463745
leaf_count=14 127
internal_value=0
internal_weight=151.942
internal_count=141
is_linear=0
shrinkage=0.0168771


Tree=311
num_leaves=2
num_cat=0
split_feature=0
split_gain=0.150071
threshold=28.500000000000004
decision_type=2
left_child=-1
right_child=-2
leaf_value=-0.00060638953809979816 0.00046881360099037346
leaf_weight=41.463345408439636 119.04205858707428
leaf_count=41 108
internal_value=4.80134e-05
internal_weight=160.505
internal_count=149
is_linear=0
shrinkage=0.0168771


Tree=312
num_leaves=2
num_cat=0
split_feature=10
split_gain=0.120042
threshold=0.22714285714285717
decision_type=2
left_child=-1
right_child=-2
leaf_value=-0.0010279172773416452 0.00029177218067254397
leaf_weight=18 139.14556038379669
leaf_count=18 127
internal_value=0
internal_weight=157.146
internal_count=145
is_linear=0
shrinkage=0.0168771


Tree=313
num_leaves=2
num_cat=0
split_feature=13
split_gain=0.15804
threshold=-0.62879534553388494
decision_type=2
left_child=-1
right_child=-2
leaf_value=0.0011740216125268855 -0.00032088102022487925
leaf_weight=19.287494897842407 137.07357025146484
leaf_count=15 132
internal_value=0
internal_weight=156.361
internal_count=147
is_linear=0
shrinkage=0.0168771


Tree=314
num_leaves=3
num_cat=0
split_feature=10 10
split_gain=0.145523 0.136491
threshold=0.22428571428571434 0.3035714285714286
decision_type=2 2
left_child=-1 -2
right_child=1 -3
leaf_value=-0.0015685749928318834 0.0006933732671413242 -0.00029282273738378872
leaf_weight=13.999999999999998 63.084826469421387 80.439721465110779
leaf_count=14 60 73
internal_value=-3.22724e-05 0
internal_weight=157.525 143.525
internal_count=147 133
is_linear=0
shrinkage=0.0168771


Tree=315
num_leaves=2
num_cat=0
split_feature=14
split_gain=0.204453
threshold=16.675000000000001
decision_type=2
left_child=-1
right_child=-2
leaf_value=-0.00090412072156311428 0.00053048146406031932
leaf_weight=27 124.81958615779877
leaf_count=27 112
internal_value=0.000118241
internal_weight=151.82
internal_count=139
is_linear=0
shrinkage=0.0168771


Tree=316
num_leaves=3
num_cat=0
split_feature=9 9
split_gain=0.140381 0.256137
threshold=16.551428571428573 17.367142857142859
decision_type=2 2
left_child=-1 -2
right_child=1 -3
leaf_value=-0.001201139890109138 0.001821770684465899 0
leaf_weight=21 20.720147848129272 106.90017354488373
leaf_count=21 20 99
internal_value=0 0.000204951
internal_weight=148.62 127.62
internal_count=140 119
is_linear=0
shrinkage=0.0168771


Tree=317
num_leaves=3
num_cat=0
split_feature=3 3
split_gain=0.123483 0.167521
threshold=0.25071428571428572 0.29571428571428582
decision_type=2 2
left_child=-1 -2
right_child=1 -3
leaf_value=-0.00079935642642833891 0.001288803323251286 0
leaf_weight=48.4482741355896 27.245371460914612 84.734723925590515
leaf_count=48 23 78
internal_value=-1.28715e-05 0.000143928
internal_weight=160.428 111.98
internal_count=149 101
is_linear=0
shrinkage=0.0168771


Tree=318
num_leaves=2
num_cat=0
split_feature=13
split_gain=0.184373
threshold=-0.12546426679146158
decision_type=2
left_child=-1
right_child=-2
leaf_value=0.00070506294780977978 -0.00042479967610211929
leaf_weight=68.507827162742615 91.353622198104858
leaf_count=62 87
internal_value=0
internal_weight=159.861
internal_count=149
is_linear=0
shrinkage=0.0168771


Tree=319
num_leaves=2
num_cat=0
split_feature=13
split_gain=0.1569
threshold=-0.62879534553388494
decision_type=2
left_child=-1
right_child=-2
leaf_value=0.0014435287156891569 0
leaf_weight=21.314311504364014 149.86889624595642
leaf_count=16 141
internal_value=0.000182475
internal_weight=171.183
internal_count=157
is_linear=0
shrinkage=0.0168771


Tree=320
num_leaves=3
num_cat=0
split_feature=0 0
split_gain=0.150398 0.117976
threshold=21.500000000000004 14.500000000000002
decision_type=2 2
left_child=1 -1
right_child=-2 -3
leaf_value=-0.0022027295444803502 1.8496626069008174e-05 0
leaf_weight=13.000000000000002 122.97539925575256 13.669888377189634
leaf_count=13 115 13
internal_value=-7.32445e-05 -0.00121418
internal_weight=149.645 26.6699
internal_count=141 26
is_linear=0
shrinkage=0.0168771


Tree=321
num_leaves=4
num_cat=0
split_feature=3 2 10
split_gain=0.309227 0.197652 0.144266
threshold=0.25071428571428572 0.25642857142857151 0.3035714285714286
decision_type=2 2 2
left_child=1 -1 -2
right_child=2 -3 -4
leaf_value=-0.001940496901651867 0.0012653166234562613 0 0
leaf_weight=33 28.62148106098175 12.448274135589598 83.860952615737915
leaf_count=33 26 12 74
internal_value=-4.00238e-05 -0.00127758 0.000285379
internal_weight=157.931 45.4483 112.482
internal_count=145 45 100
is_linear=0
shrinkage=0.0168771


Tree=322
num_leaves=2
num_cat=0
split_feature=0
split_gain=0.165744
threshold=21.500000000000004
decision_type=2
left_child=-1
right_child=-2
leaf_value=-0.0012956607664549227 9.9084347354922239e-05
leaf_weight=24.4130859375 132.93762969970703
leaf_count=24 122
internal_value=0
internal_weight=157.351
internal_count=146
is_linear=0
shrinkage=0.0168771


Tree=323
num_leaves=2
num_cat=0
split_feature=7
split_gain=0.1829
threshold=16.396428571428579
decision_type=2
left_child=-1
right_child=-2
leaf_value=-0.0016372294229029696 9.9658269952664322e-05
leaf_weight=15.999999999999998 137.58725929260254
leaf_count=16 127
internal_value=0
internal_weight=153.587
internal_count=143
is_linear=0
shrinkage=0.0168771


Tree=324
num_leaves=2
num_cat=0
split_feature=13
split_gain=0.122824
threshold=-0.62879534553388494
decision_type=2
left_child=-1
right_child=-2
leaf_value=0.0010294363573559219 -0.00030842112903222199
leaf_weight=17.307768583297729 139.60978591442108
leaf_count=13 133
internal_value=-4.51445e-06
internal_weight=156.918
internal_count=146
is_linear=0
shrinkage=0.0168771


Tree=325
num_leaves=2
num_cat=0
split_feature=0
split_gain=0.173565
threshold=21.500000000000004
decision_type=2
left_child=-1
right_child=-2
leaf_value=-0.0014668042420143113 0
leaf_weight=26.463345408439636 134.622145652771
leaf_count=26 125
internal_value=-0.000289761
internal_weight=161.085
internal_count=151
is_linear=0
shrinkage=0.0168771


Tree=326
num_leaves=2
num_cat=0
split_feature=0
split_gain=0.16262
threshold=14.500000000000002
decision_type=2
left_child=-1
right_child=-2
leaf_value=-0.0015271327098550821 0.00012537544618495815
leaf_weight=15.999999999999998 137.59323477745056
leaf_count=16 126
internal_value=0
internal_weight=153.593
internal_count=142
is_linear=0
shrinkage=0.0168771


Tree=327
num_leaves=3
num_cat=0
split_feature=3 3
split_gain=0.157852 0.135681
threshold=0.25500000000000006 0.35714285714285721
decision_type=2 2
left_child=-1 -2
right_child=1 -3
leaf_value=-0.00064538488450881963 0.0009925693770790802 0
leaf_weight=50.680263638496399 59.291878223419189 50.539658427238464
leaf_count=50 51 48
internal_value=0 0.000448098
internal_weight=160.512 109.832
internal_count=149 99
is_linear=0
shrinkage=0.0168771


Tree=328
num_leaves=2
num_cat=0
split_feature=2
split_gain=0.175992
threshold=0.45142857142857146
decision_type=2
left_child=-1
right_child=-2
leaf_value=-0.00018815267730822372 0.0018142404969676089
leaf_weight=150.86113440990448 10.661323070526121
leaf_count=141 9
internal_value=0
internal_weight=161.522
internal_count=150
is_linear=0
shrinkage=0.0168771


Tree=329
num_leaves=2
num_cat=0
split_feature=0
split_gain=0.161334
threshold=28.500000000000004
decision_type=2
left_child=-1
right_child=-2
leaf_value=-0.0010815900565893522 0
leaf_weight=39.669888377189636 116.49416971206665
leaf_count=39 107
internal_value=-0.000155834
internal_weight=156.164
internal_count=146
is_linear=0
shrinkage=0.0168771


Tree=330
num_leaves=2
num_cat=0
split_feature=14
split_gain=0.182867
threshold=16.559285714285718
decision_type=2
left_child=-1
right_child=-2
leaf_value=-0.0011426773612907431 0.00037424514798669142
leaf_weight=22 136.79690301418304
leaf_count=22 124
internal_value=8.64911e-06
internal_weight=158.797
internal_count=146
is_linear=0
shrinkage=0.0168771


Tree=331
num_leaves=2
num_cat=0
split_feature=2
split_gain=0.209431
threshold=0.43928571428571433
decision_type=2
left_child=-1
right_child=-2
leaf_value=-0.00015865294390280884 0.0018924496974927799
leaf_weight=150.84350883960724 12.661323070526121
leaf_count=140 11
internal_value=0
internal_weight=163.505
internal_count=151
is_linear=0
shrinkage=0.0168771


Tree=332
num_leaves=3
num_cat=0
split_feature=2 13
split_gain=0.222994 0.277558
threshold=0.26214285714285718 -0.17119928588578989
decision_type=2 2
left_child=1 -1
right_child=-2 -3
leaf_value=0 0.00030729473079229154 -0.0019178681785779659
leaf_weight=23.4130859375 108.00207185745239 33
leaf_count=23 95 33
internal_value=0 -0.000945553
internal_weight=164.415 56.4131
internal_count=151 56
is_linear=0
shrinkage=0.0168771


Tree=333
num_leaves=3
num_cat=0
split_feature=0 8
split_gain=0.224298 0.139901
threshold=14.500000000000002 -0.14586501882184252
decision_type=2 2
left_child=-1 -2
right_child=1 -3
leaf_value=-0.0013860001638931845 0 0.00090866967043174622
leaf_weight=17 69.975545167922974 77.686842679977417
leaf_count=17 69 67
internal_value=7.9898e-05 0.000421107
internal_weight=164.662 147.662
internal_count=153 136
is_linear=0
shrinkage=0.0168771


Tree=334
num_leaves=3
num_cat=0
split_feature=7 2
split_gain=0.22699 0.143078
threshold=16.396428571428579 0.43928571428571433
decision_type=2 2
left_child=-1 -2
right_child=1 -3
leaf_value=-0.0016115535872749949 0 0.0017997005276609267
leaf_weight=17 134.69735443592072 13.661323070526121
leaf_count=17 124 12
internal_value=0 0.000292412
internal_weight=165.359 148.359
internal_count=153 136
is_linear=0
shrinkage=0.0168771


Tree=335
num_leaves=2
num_cat=0
split_feature=13
split_gain=0.128667
threshold=-0.17119928588578989
decision_type=2
left_child=-1
right_child=-2
leaf_value=0.00041516880559030919 -0.00049784559970168123
leaf_weight=70.218359470367432 94.093309760093689
leaf_count=64 90
internal_value=0
internal_weight=164.312
internal_count=154
is_linear=0
shrinkage=0.0168771


Tree=336
num_leaves=3
num_cat=0
split_feature=7 7
split_gain=0.144177 0.138738
threshold=19.460714285714289 19.912857142857145
decision_type=2 2
left_child=-1 -2
right_child=1 -3
leaf_value=-0.0004469136486895538 0.0016492537226887459 0
leaf_weight=91.946482062339783 19.745996117591858 40.952150940895081
leaf_count=91 16 35
internal_value=0 0.000589687
internal_weight=152.645 60.6981
internal_count=142 51
is_linear=0
shrinkage=0.0168771


Tree=337
num_leaves=3
num_cat=0
split_feature=7 4
split_gain=0.172494 0.140295
threshold=16.396428571428579 18.357142857142865
decision_type=2 2
left_child=-1 -2
right_child=1 -3
leaf_value=-0.0013987797637678707 0.00097835944104277222 0
leaf_weight=15.999999999999998 51.500549912452698 90.794857621192932
leaf_count=16 50 81
internal_value=0 0.000288956
internal_weight=158.295 142.295
internal_count=147 131
is_linear=0
shrinkage=0.0168771


Tree=338
num_leaves=2
num_cat=0
split_feature=7
split_gain=0.188105
threshold=16.396428571428579
decision_type=2
left_child=-1
right_child=-2
leaf_value=-0.001557667632591031 0.00019738398694567143
leaf_weight=17 132.08362185955048
leaf_count=17 122
internal_value=0
internal_weight=149.084
internal_count=139
is_linear=0
shrinkage=0.0168771


Tree=339
num_leaves=2
num_cat=0
split_feature=12
split_gain=0.127746
threshold=0.066182320405329981
decision_type=2
left_child=-1
right_child=-2
leaf_value=-0.00030669741886138572 0.00063550493256558308
leaf_weight=102.68895220756531 62.585642695426941
leaf_count=97 56
internal_value=0
internal_weight=165.275
internal_count=153
is_linear=0
shrinkage=0.0168771


Tree=340
num_leaves=3
num_cat=0
split_feature=9 9
split_gain=0.138866 0.252028
threshold=16.551428571428573 17.367142857142859
decision_type=2 2
left_child=-1 -2
right_child=1 -3
leaf_value=-0.00090502194758261176 0.0018694788501378355 0
leaf_weight=23 22.926690816879272 118.05273735523224
leaf_count=23 22 105
internal_value=3.45219e-05 0.000358827
internal_weight=163.979 140.979
internal_count=150 127
is_linear=0
shrinkage=0.0168771


Tree=341
num_leaves=5
num_cat=0
split_feature=13 2 2 2
split_gain=0.180924 0.257408 0.156822 0.13285
threshold=-0.62879534553388494 0.26214285714285718 0.38785714285714284 0.43928571428571433
decision_type=2 2 2 2
left_child=-1 -2 -3 -4
right_child=1 2 3 -5
leaf_value=0.001410313738683685 -0.0013084333061303408 0.00084124095245247674 -0.0012164854439449743 0
leaf_weight=18.307768583297729 45.209675431251526 50.203305244445801 27.609958648681641 10.999999999999998
leaf_count=14 45 43 27 11
internal_value=0 -0.000260922 5.25383e-05 -0.000420174
internal_weight=152.331 134.023 88.8133 38.61
internal_count=140 126 81 38
is_linear=0
shrinkage=0.0168771


Tree=342
num_leaves=2
num_cat=0
split_feature=2
split_gain=0.168055
threshold=0.43071428571428577
decision_type=2
left_child=-1
right_child=-2
leaf_value=0 0.0017589817275580056
leaf_weight=144.20900881290436 14.661323070526121
leaf_count=135 13
internal_value=0.000200632
internal_weight=158.87
internal_count=148
is_linear=0
shrinkage=0.0168771


Tree=343
num_leaves=2
num_cat=0
split_feature=13
split_gain=0.178308
threshold=-0.62879534553388494
decision_type=2
left_child=-1
right_child=-2
leaf_value=0.0013138398480437709 -0.00025204098548589084
leaf_weight=21.314311504364014 138.21578574180603
leaf_count=16 131
internal_value=0
internal_weight=159.53
internal_count=147
is_linear=0
shrinkage=0.0168771


Tree=344
num_leaves=2
num_cat=0
split_feature=12
split_gain=0.137452
threshold=0.066182320405329981
decision_type=2
left_child=-1
right_child=-2
leaf_value=-0.00037868827447090192 0.00060176603228365437
leaf_weight=101.26383328437805 63.945857644081116
leaf_count=96 56
internal_value=0
internal_weight=165.21
internal_count=152
is_linear=0
shrinkage=0.0168771


Tree=345
num_leaves=3
num_cat=0
split_feature=2 2
split_gain=0.159116 0.118247
threshold=0.25642857142857151 0.36571428571428582
decision_type=2 2
left_child=-1 -2
right_child=1 -3
leaf_value=-0.00080715665042869675 0.00089409351568243316 0
leaf_weight=51.20654296875 51.805087327957153 47.665739059448242
leaf_count=51 45 44
internal_value=0 0.000313492
internal_weight=150.677 99.4708
internal_count=140 89
is_linear=0
shrinkage=0.0168771


Tree=346
num_leaves=2
num_cat=0
split_feature=2
split_gain=0.122968
threshold=0.25642857142857151
decision_type=2
left_child=-1
right_child=-2
leaf_value=-0.00062826318783034665 0.00037976544630622083
leaf_weight=48.4130859375 99.469030022621155
leaf_count=48 91
internal_value=0
internal_weight=147.882
internal_count=139
is_linear=0
shrinkage=0.0168771


Tree=347
num_leaves=2
num_cat=0
split_feature=2
split_gain=0.12962
threshold=0.43928571428571433
decision_type=2
left_child=-1
right_child=-2
leaf_value=-0.00020757370634565396 0.0014501338403832037
leaf_weight=142.57496047019958 11.661323070526121
leaf_count=132 10
internal_value=0
internal_weight=154.236
internal_count=142
is_linear=0
shrinkage=0.0168771


Tree=348
num_leaves=2
num_cat=0
split_feature=13
split_gain=0.16489
threshold=-0.62879534553388494
decision_type=2
left_child=-1
right_child=-2
leaf_value=0.0015464206577048046 0
leaf_weight=20.114311456680298 140.16795814037323
leaf_count=15 133
internal_value=0.000222856
internal_weight=160.282
internal_count=148
is_linear=0
shrinkage=0.0168771


Tree=349
num_leaves=2
num_cat=0
split_feature=12
split_gain=0.157293
threshold=0.066182320405329981
decision_type=2
left_child=-1
right_child=-2
leaf_value=-0.00040903602354303042 0.00071665759972782599
leaf_weight=92.596533298492432 53.204748630523682
leaf_count=88 47
internal_value=0
internal_weight=145.801
internal_count=135
is_linear=0
shrinkage=0.0168771


Tree=350
num_leaves=4
num_cat=0
split_feature=12 3 12
split_gain=0.147469 0.165278 0.141361
threshold=0.066182320405329981 0.43285714285714288 1.4105836153030398
decision_type=2 2 2
left_child=1 -1 -2
right_child=2 -3 -4
leaf_value=-0.00088981874224979918 0.0011588493093574609 0.00039752320722047737 0
leaf_weight=86.002878546714783 39.242232441902161 11.83066153526306 22.930625081062317
leaf_count=83 33 11 22
internal_value=0 -0.000504631 0.000501183
internal_weight=160.006 97.8335 62.1729
internal_count=149 94 55
is_linear=0
shrinkage=0.0168771


Tree=351
num_leaves=2
num_cat=0
split_feature=7
split_gain=0.125962
threshold=16.396428571428579
decision_type=2
left_child=-1
right_child=-2
leaf_value=-0.0013783816397114166 0
leaf_weight=17 151.26339399814606
leaf_count=17 140
internal_value=-0.000106949
internal_weight=168.263
internal_count=157
is_linear=0
shrinkage=0.0168771


Tree=352
num_leaves=2
num_cat=0
split_feature=2
split_gain=0.244763
threshold=0.43071428571428577
decision_type=2
left_child=-1
right_child=-2
leaf_value=-0.0002710890757361621 0.002078769067494551
leaf_weight=147.47151923179626 10.661323070526121
leaf_count=136 9
internal_value=0
internal_weight=158.133
internal_count=145
is_linear=0
shrinkage=0.0168771


Tree=353
num_leaves=3
num_cat=0
split_feature=7 7
split_gain=0.124767 0.134135
threshold=19.460714285714289 18.311428571428575
decision_type=2 2
left_child=1 -1
right_child=-2 -3
leaf_value=0.00013531116038221626 0.00079257311505129995 -0.0010181119960967209
leaf_weight=70.720147848129272 58.094993948936462 32.786543607711792
leaf_count=70 48 31
internal_value=0.000133545 -3.72671e-05
internal_weight=161.602 103.507
internal_count=149 101
is_linear=0
shrinkage=0.0168771


Tree=354
num_leaves=3
num_cat=0
split_feature=8 13
split_gain=0.194947 0.17257
threshold=0.32651883385898106 -0.36799860786605704
decision_type=2 2
left_child=-1 -2
right_child=1 -3
leaf_value=-0.00074134007520862801 0.0015893923234580277 0
leaf_weight=109.90332984924316 18.828465223312378 28.17707622051239
leaf_count=105 15 27
internal_value=-0.000276823 0.000340052
internal_weight=156.909 47.0055
internal_count=147 42
is_linear=0
shrinkage=0.0168771


Tree=355
num_leaves=2
num_cat=0
split_feature=2
split_gain=0.128548
threshold=0.43928571428571433
decision_type=2
left_child=-1
right_child=-2
leaf_value=-0.00021003490621626842 0.0014746838587996228
leaf_weight=149.49117183685303 10.83066153526306
leaf_count=138 10
internal_value=0
internal_weight=160.322
internal_count=148
is_linear=0
shrinkage=0.0168771


Tree=356
num_leaves=2
num_cat=0
split_feature=0
split_gain=0.134947
threshold=21.500000000000004
decision_type=2
left_child=-1
right_child=-2
leaf_value=-0.0012421143401383345 7.7945558755263764e-05
leaf_weight=21.463345408439636 133.09086418151855
leaf_count=21 122
internal_value=0
internal_weight=154.554
internal_count=143
is_linear=0
shrinkage=0.0168771


Tree=357
num_leaves=3
num_cat=0
split_feature=3 1
split_gain=0.121167 0.119603
threshold=0.35714285714285721 8.1582142857142852
decision_type=2 2
left_child=1 -1
right_child=-2 -3
leaf_value=0.00080887611213108061 -0.00061932794141318019 0
leaf_weight=71.290722489356995 49.30326247215271 27
leaf_count=63 47 27
internal_value=0 0.000378302
internal_weight=147.594 98.2907
internal_count=137 90
is_linear=0
shrinkage=0.0168771


Tree=358
num_leaves=2
num_cat=0
split_feature=10
split_gain=0.127798
threshold=0.22714285714285717
decision_type=2
left_child=-1
right_child=-2
leaf_value=-0.0014037078063632339 0
leaf_weight=15.999999999999998 145.60137498378754
leaf_count=16 134
internal_value=-7.26351e-05
internal_weight=161.601
internal_count=150
is_linear=0
shrinkage=0.0168771


Tree=359
num_leaves=3
num_cat=0
split_feature=3 3
split_gain=0.164618 0.16954
threshold=0.25500000000000006 0.35714285714285721
decision_type=2 2
left_child=-1 -2
right_child=1 -3
leaf_value=-0.00093644802182193487 0.00096369569374169938 -8.6761806176249596e-05
leaf_weight=38.231989502906799 60.32545280456543 45.688723206520081
leaf_count=38 51 44
internal_value=0 0.000314968
internal_weight=144.246 106.014
internal_count=133 95
is_linear=0
shrinkage=0.0168771


Tree=360
num_leaves=2
num_cat=0
split_feature=10
split_gain=0.128778
threshold=0.22714285714285717
decision_type=2
left_child=-1
right_child=-2
leaf_value=-0.001328345584938453 0.00010599159344455742
leaf_weight=17 134.27883768081665
leaf_count=17 124
internal_value=0
internal_weight=151.279
internal_count=141
is_linear=0
shrinkage=0.0168771


Tree=361
num_leaves=2
num_cat=0
split_feature=0
split_gain=0.197346
threshold=14.500000000000002
decision_type=2
left_child=-1
right_child=-2
leaf_value=-0.0018282825630288417 9.5920833639733331e-06
leaf_weight=13.999999999999998 134.74316346645355
leaf_count=14 124
internal_value=-4.73844e-05
internal_weight=148.743
internal_count=138
is_linear=0
shrinkage=0.0168771


Tree=362
num_leaves=2
num_cat=0
split_feature=2
split_gain=0.168233
threshold=0.45142857142857146
decision_type=2
left_child=-1
right_child=-2
leaf_value=-0.00015655529053344689 0.0017416369461990227
leaf_weight=148.27164554595947 11.661323070526121
leaf_count=137 10
internal_value=0
internal_weight=159.933
internal_count=147
is_linear=0
shrinkage=0.0168771


Tree=363
num_leaves=2
num_cat=0
split_feature=13
split_gain=0.180349
threshold=-0.62879534553388494
decision_type=2
left_child=-1
right_child=-2
leaf_value=0.0013763610668191559 -0.00022899813955846115
leaf_weight=20.114311456680298 144.77236902713776
leaf_count=15 137
internal_value=0
internal_weight=164.887
internal_count=152
is_linear=0
shrinkage=0.0168771


Tree=364
num_leaves=2
num_cat=0
split_feature=0
split_gain=0.156295
threshold=14.500000000000002
decision_type=2
left_child=-1
right_child=-2
leaf_value=-0.0015125183591685289 0.00020178312170482656
leaf_weight=13.999999999999998 140.08850479125977
leaf_count=14 131
internal_value=0
internal_weight=154.089
internal_count=145
is_linear=0
shrinkage=0.0168771


Tree=365
num_leaves=3
num_cat=0
split_feature=12 10
split_gain=0.228082 0.283085
threshold=-0.24802088737487793 0.39071428571428574
decision_type=2 2
left_child=1 -1
right_child=-2 -3
leaf_value=-0.001988998737358839 0 0
leaf_weight=44 90.986912846565247 21.218575954437256
leaf_count=44 83 21
internal_value=-0.000501385 -0.00124121
internal_weight=156.205 65.2186
internal_count=148 65
is_linear=0
shrinkage=0.0168771


Tree=366
num_leaves=2
num_cat=0
split_feature=14
split_gain=0.121523
threshold=16.559285714285718
decision_type=2
left_child=-1
right_child=-2
leaf_value=-0.0012435863816523539 0.00013439811463214252
leaf_weight=18 122.73924398422241
leaf_count=18 114
internal_value=0
internal_weight=140.739
internal_count=132
is_linear=0
shrinkage=0.0168771


Tree=367
num_leaves=2
num_cat=0
split_feature=0
split_gain=0.192528
threshold=14.500000000000002
decision_type=2
left_child=-1
right_child=-2
leaf_value=-0.0013291700428986074 0.00040332919983561384
leaf_weight=14.999999999999998 147.30589389801025
leaf_count=15 135
internal_value=8.69044e-05
internal_weight=162.306
internal_count=150
is_linear=0
shrinkage=0.0168771


Tree=368
num_leaves=2
num_cat=0
split_feature=3
split_gain=0.121945
threshold=0.25500000000000006
decision_type=2
left_child=-1
right_child=-2
leaf_value=-0.00061490595213983573 0.00036541672343358146
leaf_weight=51.4482741355896 103.27485239505768
leaf_count=51 95
internal_value=0
internal_weight=154.723
internal_count=146
is_linear=0
shrinkage=0.0168771


Tree=369
num_leaves=2
num_cat=0
split_feature=0
split_gain=0.165869
threshold=21.500000000000004
decision_type=2
left_child=-1
right_child=-2
leaf_value=-0.0011184065709906965 0.00028783585960032865
leaf_weight=25.463345408439636 138.90166330337524
leaf_count=25 128
internal_value=0
internal_weight=164.365
internal_count=153
is_linear=0
shrinkage=0.0168771


Tree=370
num_leaves=2
num_cat=0
split_feature=0
split_gain=0.14359
threshold=21.500000000000004
decision_type=2
left_child=-1
right_child=-2
leaf_value=-0.0010459878209210331 0.00027490798319758212
leaf_weight=24.669888377189636 138.93061602115631
leaf_count=24 126
internal_value=0
internal_weight=163.601
internal_count=150
is_linear=0
shrinkage=0.0168771


Tree=371
num_leaves=3
num_cat=0
split_feature=12 12
split_gain=0.146062 0.162075
threshold=0.066182320405329981 1.4105836153030398
decision_type=2 2
left_child=-1 -2
right_child=1 -3
leaf_value=-0.00045044422048041505 0.0013055466704036942 0
leaf_weight=100.57465958595276 36.259542226791382 20.162614583969116
leaf_count=96 30 19
internal_value=0 0.000589294
internal_weight=156.997 56.4222
internal_count=145 49
is_linear=0
shrinkage=0.0168771


Tree=372
num_leaves=2
num_cat=0
split_feature=11
split_gain=0.15464
threshold=20.329285714285721
decision_type=2
left_child=-1
right_child=-2
leaf_value=-0.00035067921929853409 0.00092300285639148412
leaf_weight=130.73352980613708 29.495902419090271
leaf_count=124 22
internal_value=0
internal_weight=160.229
internal_count=146
is_linear=0
shrinkage=0.0168771


Tree=373
num_leaves=3
num_cat=0
split_feature=13 11
split_gain=0.16756 0.155701
threshold=-0.17119928588578989 17.093571428571433
decision_type=2 2
left_child=-1 -2
right_child=1 -3
leaf_value=8.3351886944628401e-05 -0.0021544163014941137 -8.6448314263829379e-05
leaf_weight=66.613587141036987 20 75.744093298912048
leaf_count=60 20 72
internal_value=-0.000304784 -0.000796543
internal_weight=162.358 95.7441
internal_count=152 92
is_linear=0
shrinkage=0.0168771


Tree=374
num_leaves=5
num_cat=0
split_feature=8 8 2 8
split_gain=0.136634 0.173465 0.148095 0.121118
threshold=0.32651883385898106 -0.094180913411989975 0.31071428571428578 -0.33416638674680138
decision_type=2 2 2 2
left_child=1 2 -1 -4
right_child=-2 -3 3 -5
leaf_value=-0.00024872282689510864 0.00091638875193941999 -0.0013286653299113525 0 0.0020130606065854855
leaf_weight=48.72934091091156 45.288136601448059 24.64825963973999 32 15.447546720504759
leaf_count=48 40 23 32 10
internal_value=0.000101292 -3.74421e-05 9.65838e-05 0.000890229
internal_weight=166.113 120.825 96.1769 47.4475
internal_count=153 113 90 42
is_linear=0
shrinkage=0.0168771


Tree=375
num_leaves=2
num_cat=0
split_feature=0
split_gain=0.146691
threshold=14.500000000000002
decision_type=2
left_child=-1
right_child=-2
leaf_value=-0.0014255126212179485 0.00018856948038009806
leaf_weight=14.999999999999998 148.34989726543427
leaf_count=15 135
internal_value=0
internal_weight=163.35
internal_count=150
is_linear=0
shrinkage=0.0168771


Tree=376
num_leaves=2
num_cat=0
split_feature=13
split_gain=0.159221
threshold=-0.62879534553388494
decision_type=2
left_child=-1
right_child=-2
leaf_value=0.0010959166089443643 -0.00035280257663457666
leaf_weight=20.107768535614014 139.64418756961823
leaf_count=15 133
internal_value=-1.62675e-05
internal_weight=159.752
internal_count=148
is_linear=0
shrinkage=0.0168771


Tree=377
num_leaves=3
num_cat=0
split_feature=9 9
split_gain=0.214118 0.194201
threshold=17.367142857142859 16.551428571428573
decision_type=2 2
left_child=1 -1
right_child=-2 -3
leaf_value=0 -0.00050610193822055887 0.0021069740793725608
leaf_weight=22 111.7179844379425 16.669888377189636
leaf_count=22 103 16
internal_value=0 0.000872093
internal_weight=150.388 38.6699
internal_count=141 38
is_linear=0
shrinkage=0.0168771


Tree=378
num_leaves=2
num_cat=0
split_feature=7
split_gain=0.156267
threshold=16.545000000000005
decision_type=2
left_child=-1
right_child=-2
leaf_value=-0.00046814885577825809 0.00069095551448415324
leaf_weight=19 122.58081007003784
leaf_count=19 112
internal_value=0.000373951
internal_weight=141.581
internal_count=131
is_linear=0
shrinkage=0.0168771


Tree=379
num_leaves=2
num_cat=0
split_feature=2
split_gain=0.186509
threshold=0.43928571428571433
decision_type=2
left_child=-1
right_child=-2
leaf_value=-0.00025212616564490944 0.0016280543330547627
leaf_weight=141.63662123680115 13.661323070526121
leaf_count=133 12
internal_value=0
internal_weight=155.298
internal_count=145
is_linear=0
shrinkage=0.0168771


Tree=380
num_leaves=2
num_cat=0
split_feature=2
split_gain=0.132794
threshold=0.45142857142857146
decision_type=2
left_child=-1
right_child=-2
leaf_value=-5.7630233971693998e-05 0.0015997480897219916
leaf_weight=154.15542757511139 11.661323070526121
leaf_count=143 10
internal_value=0
internal_weight=165.817
internal_count=153
is_linear=0
shrinkage=0.0168771


Tree=381
num_leaves=2
num_cat=0
split_feature=13
split_gain=0.125634
threshold=-0.57790906816608401
decision_type=2
left_child=-1
right_child=-2
leaf_value=0.0012625562720818785 -1.6211191948598622e-05
leaf_weight=19.566995143890381 135.29519808292389
leaf_count=15 127
internal_value=2.36133e-05
internal_weight=154.862
internal_count=142
is_linear=0
shrinkage=0.0168771


Tree=382
num_leaves=2
num_cat=0
split_feature=13
split_gain=0.128811
threshold=-0.62879534553388494
decision_type=2
left_child=-1
right_child=-2
leaf_value=0.00097364345250717317 -0.0003405357037399559
leaf_weight=17.901225566864014 146.8722562789917
leaf_count=13 140
internal_value=-4.96293e-05
internal_weight=164.773
internal_count=153
is_linear=0
shrinkage=0.0168771


Tree=383
num_leaves=2
num_cat=0
split_feature=4
split_gain=0.163996
threshold=16.391428571428573
decision_type=2
left_child=-1
right_child=-2
leaf_value=-0.001607096991195217 0
leaf_weight=15.999999999999998 147.33237755298615
leaf_count=16 136
internal_value=-0.00011346
internal_weight=163.332
internal_count=152
is_linear=0
shrinkage=0.0168771


Tree=384
num_leaves=2
num_cat=0
split_feature=13
split_gain=0.154524
threshold=-0.62879534553388494
decision_type=2
left_child=-1
right_child=-2
leaf_value=0.0013465993601204408 -0.0001354294444138739
leaf_weight=19.907768487930298 140.4508011341095
leaf_count=15 134
internal_value=0
internal_weight=160.359
internal_count=149
is_linear=0
shrinkage=0.0168771


Tree=385
num_leaves=2
num_cat=0
split_feature=13
split_gain=0.121976
threshold=-0.57790906816608401
decision_type=2
left_child=-1
right_child=-2
leaf_value=0.0011934653589189934 -1.5192054135066118e-05
leaf_weight=21.560452222824097 129.42285907268524
leaf_count=17 123
internal_value=3.10696e-05
internal_weight=150.983
internal_count=140
is_linear=0
shrinkage=0.0168771


Tree=386
num_leaves=2
num_cat=0
split_feature=13
split_gain=0.14099
threshold=-0.57790906816608401
decision_type=2
left_child=-1
right_child=-2
leaf_value=0.0012365606089831261 -0.00015182432105759243
leaf_weight=21.160452127456665 142.25971555709839
leaf_count=16 135
internal_value=0
internal_weight=163.42
internal_count=151
is_linear=0
shrinkage=0.0168771


Tree=387
num_leaves=2
num_cat=0
split_feature=2
split_gain=0.146958
threshold=0.43928571428571433
decision_type=2
left_child=-1
right_child=-2
leaf_value=-3.9231548418349014e-05 0.0016901152389233582
leaf_weight=141.90704154968262 11.661323070526121
leaf_count=132 10
internal_value=0
internal_weight=153.568
internal_count=142
is_linear=0
shrinkage=0.0168771


Tree=388
num_leaves=2
num_cat=0
split_feature=12
split_gain=0.277414
threshold=0.066182320405329981
decision_type=2
left_child=-1
right_child=-2
leaf_value=-0.00069209711430476631 0.00068890968007684285
leaf_weight=95.626922726631165 64.124698162078857
leaf_count=91 57
internal_value=0
internal_weight=159.752
internal_count=148
is_linear=0
shrinkage=0.0168771


Tree=389
num_leaves=2
num_cat=0
split_feature=10
split_gain=0.154216
threshold=0.33714285714285724
decision_type=2
left_child=-1
right_child=-2
leaf_value=-0.00050832011218979059 0.00057869514789228799
leaf_weight=92.07851779460907 54.958747744560242
leaf_count=88 49
internal_value=0
internal_weight=147.037
internal_count=137
is_linear=0
shrinkage=0.0168771


Tree=390
num_leaves=2
num_cat=0
split_feature=11
split_gain=0.126954
threshold=19.172857142857151
decision_type=2
left_child=-1
right_child=-2
leaf_value=0 -0.00080066295952831504
leaf_weight=88.795048594474792 66.079875826835632
leaf_count=86 59
internal_value=-0.00022613
internal_weight=154.875
internal_count=145
is_linear=0
shrinkage=0.0168771


Tree=391
num_leaves=2
num_cat=0
split_feature=3
split_gain=0.161396
threshold=0.35714285714285721
decision_type=2
left_child=-1
right_child=-2
leaf_value=0.00058763572278389695 -0.00044142094814479389
leaf_weight=107.29520416259766 49.536435008049011
leaf_count=98 47
internal_value=0.00012014
internal_weight=156.832
internal_count=145
is_linear=0
shrinkage=0.0168771


Tree=392
num_leaves=3
num_cat=0
split_feature=3 3
split_gain=0.118538 0.193308
threshold=0.30928571428571433 0.25500000000000006
decision_type=2 2
left_child=1 -1
right_child=-2 -3
leaf_value=0 -6.0436535432018711e-05 0.0015482153763632998
leaf_weight=53.680263638496399 67.883506655693054 37.304776191711426
leaf_count=53 62 32
internal_value=0.000220109 0.000663548
internal_weight=158.869 90.985
internal_count=147 85
is_linear=0
shrinkage=0.0168771


Tree=393
num_leaves=2
num_cat=0
split_feature=0
split_gain=0.224148
threshold=24.500000000000004
decision_type=2
left_child=-1
right_child=-2
leaf_value=-0.00099606246399641944 0.00047191110717041018
leaf_weight=31.463345408439636 131.93137955665588
leaf_count=31 120
internal_value=4.19364e-05
internal_weight=163.395
internal_count=151
is_linear=0
shrinkage=0.0168771


Tree=394
num_leaves=2
num_cat=0
split_feature=10
split_gain=0.218542
threshold=0.22714285714285717
decision_type=2
left_child=-1
right_child=-2
leaf_value=-0.0014234388698856279 0.00034591209110940814
leaf_weight=19 146.22947406768799
leaf_count=19 133
internal_value=0
internal_weight=165.229
internal_count=152
is_linear=0
shrinkage=0.0168771


Tree=395
num_leaves=2
num_cat=0
split_feature=2
split_gain=0.237925
threshold=0.43928571428571433
decision_type=2
left_child=-1
right_child=-2
leaf_value=-0.00013347159493082945 0.0019856160394897044
leaf_weight=132.71281862258911 13.661323070526121
leaf_count=123 12
internal_value=0
internal_weight=146.374
internal_count=135
is_linear=0
shrinkage=0.0168771


Tree=396
num_leaves=3
num_cat=0
split_feature=3 3
split_gain=0.15656 0.20934
threshold=0.25071428571428572 0.23071428571428579
decision_type=2 2
left_child=1 -1
right_child=-2 -3
leaf_value=0 0.00035767127035348331 -0.0020226512256689331
leaf_weight=24.4482741355896 110.94927155971527 19
leaf_count=24 99 19
internal_value=0 -0.000804778
internal_weight=154.398 43.4483
internal_count=142 43
is_linear=0
shrinkage=0.0168771


Tree=397
num_leaves=2
num_cat=0
split_feature=14
split_gain=0.12343
threshold=16.559285714285718
decision_type=2
left_child=-1
right_child=-2
leaf_value=-0.00076593616919566696 0.00038051739080118382
leaf_weight=23 141.55738425254822
leaf_count=23 128
internal_value=7.58746e-05
internal_weight=164.557
internal_count=151
is_linear=0
shrinkage=0.0168771


Tree=398
num_leaves=2
num_cat=0
split_feature=2
split_gain=0.150635
threshold=0.25642857142857151
decision_type=2
left_child=-1
right_child=-2
leaf_value=-0.00076258008789185472 0.00030302790548797571
leaf_weight=54.4130859375 101.29011428356171
leaf_count=54 91
internal_value=0
internal_weight=155.703
internal_count=145
is_linear=0
shrinkage=0.0168771


Tree=399
num_leaves=2
num_cat=0
split_feature=8
split_gain=0.11917
threshold=1.6006100752523973
decision_type=2
left_child=-1
right_child=-2
leaf_value=0 0.0013544719394985496
leaf_weight=138.16372752189636 16.106899499893188
leaf_count=129 14
internal_value=7.78617e-05
internal_weight=154.271
internal_count=143
is_linear=0
shrinkage=0.0168771


Tree=400
num_leaves=3
num_cat=0
split_feature=2 2
split_gain=0.130908 0.141636
threshold=0.43928571428571433 0.38785714285714284
decision_type=2 2
left_child=1 -1
right_child=-2 -3
leaf_value=4.7646977751878157e-05 0.001433924480339356 -0.0010265784134599878
leaf_weight=102.37016844749451 14.661323070526121 36.229683637619019
leaf_count=96 13 33
internal_value=0 -9.00971e-05
internal_weight=153.261 138.6
internal_count=142 129
is_linear=0
shrinkage=0.0168771


Tree=401
num_leaves=4
num_cat=0
split_feature=7 7 7
split_gain=0.152155 0.150303 0.211207
threshold=16.396428571428579 18.311428571428575 19.337142857142862
decision_type=2 2 2
left_child=-1 -2 -3
right_child=1 2 -4
leaf_value=-0.001479810531426749 0.00089233325968861537 -0.0013795109485080404 0.00016861214606666701
leaf_weight=15.999999999999998 51.926690816879272 28.303406953811646 60.861416935920715
leaf_count=16 51 27 53
internal_value=0 0.000115443 -0.000107451
internal_weight=157.092 141.092 89.1648
internal_count=147 131 80
is_linear=0
shrinkage=0.0168771


Tree=402
num_leaves=2
num_cat=0
split_feature=10
split_gain=0.121733
threshold=0.22714285714285717
decision_type=2
left_child=-1
right_child=-2
leaf_value=-0.00093077386016781911 0.000344511123944965
leaf_weight=17 151.07825660705566
leaf_count=17 138
internal_value=7.07511e-05
internal_weight=168.078
internal_count=155
is_linear=0
shrinkage=0.0168771


Tree=403
num_leaves=2
num_cat=0
split_feature=3
split_gain=0.179446
threshold=0.25071428571428572
decision_type=2
left_child=-1
right_child=-2
leaf_value=-0.0010442905140322536 0.00020607246685247667
leaf_weight=39.2241370677948 118.56206750869751
leaf_count=39 105
internal_value=0
internal_weight=157.786
internal_count=144
is_linear=0
shrinkage=0.0168771


Tree=404
num_leaves=2
num_cat=0
split_feature=13
split_gain=0.145751
threshold=-0.62879534553388494
decision_type=2
left_child=-1
right_child=-2
leaf_value=0.0011907402576398843 -0.00024515799200067558
leaf_weight=20.314311504364014 139.83600652217865
leaf_count=15 132
internal_value=0
internal_weight=160.15
internal_count=147
is_linear=0
shrinkage=0.0168771


Tree=405
num_leaves=3
num_cat=0
split_feature=9 9
split_gain=0.132265 0.14507
threshold=16.518571428571434 17.367142857142859
decision_type=2 2
left_child=-1 -2
right_child=1 -3
leaf_value=-0.0011178252677115021 0.0013254542530473173 0
leaf_weight=19 26.463345408439636 111.86209809780121
leaf_count=19 26 100
internal_value=0 0.000269926
internal_weight=157.325 138.325
internal_count=145 126
is_linear=0
shrinkage=0.0168771


Tree=406
num_leaves=2
num_cat=0
split_feature=10
split_gain=0.185766
threshold=0.38214285714285717
decision_type=2
left_child=-1
right_child=-2
leaf_value=-0.00059106772667228552 0.00060718663133720757
leaf_weight=109.45314240455627 39.899524569511414
leaf_count=102 38
internal_value=-0.00011823
internal_weight=149.353
internal_count=140
is_linear=0
shrinkage=0.0168771


Tree=407
num_leaves=3
num_cat=0
split_feature=11 11
split_gain=0.14056 0.129878
threshold=18.698571428571434 16.020000000000003
decision_type=2 2
left_child=1 -1
right_child=-2 -3
leaf_value=0 0.00048539962683514913 -0.00095962397115898705
leaf_weight=14.999999999999998 81.029796004295349 59.256802439689636
leaf_count=15 69 59
internal_value=0 -0.000512357
internal_weight=155.287 74.2568
internal_count=143 74
is_linear=0
shrinkage=0.0168771


Tree=408
num_leaves=3
num_cat=0
split_feature=9 9
split_gain=0.124458 0.255444
threshold=17.367142857142859 16.551428571428573
decision_type=2 2
left_child=1 -1
right_child=-2 -3
leaf_value=0 -0.00035833684167969481 0.0021470648805476697
leaf_weight=23 108.21607303619385 17.463345408439636
leaf_count=23 98 17
internal_value=0 0.00069877
internal_weight=148.679 40.4633
internal_count=138 40
is_linear=0
shrinkage=0.0168771


Tree=409
num_leaves=2
num_cat=0
split_feature=13
split_gain=0.117767
threshold=-0.63559843199826505
decision_type=2
left_child=-1
right_child=-2
leaf_value=0.001088436458146142 -0.00028102470077559396
leaf_weight=16.101225614547729 136.57888698577881
leaf_count=12 130
internal_value=0
internal_weight=152.68
internal_count=142
is_linear=0
shrinkage=0.0168771


Tree=410
num_leaves=3
num_cat=0
split_feature=14 14
split_gain=0.125097 0.117449
threshold=16.559285714285718 20.101428571428574
decision_type=2 2
left_child=-1 -2
right_child=1 -3
leaf_value=-0.0007043650468089084 0.00071074248693998138 -4.0348241689876561e-05
leaf_weight=25 108.66346001625061 24.052907466888428
leaf_count=25 99 22
internal_value=8.5392e-05 0.000411388
internal_weight=157.716 132.716
internal_count=146 121
is_linear=0
shrinkage=0.0168771


Tree=411
num_leaves=2
num_cat=0
split_feature=2
split_gain=0.198938
threshold=0.43928571428571433
decision_type=2
left_child=-1
right_child=-2
leaf_value=-6.1133322774141344e-05 0.0018399529795971271
leaf_weight=143.69171214103699 13.661323070526121
leaf_count=132 12
internal_value=0
internal_weight=157.353
internal_count=144
is_linear=0
shrinkage=0.0168771


Tree=412
num_leaves=3
num_cat=0
split_feature=8 8
split_gain=0.167232 0.168603
threshold=-0.094180913411989975 0.74084581244027359
decision_type=2 2
left_child=-1 -2
right_child=1 -3
leaf_value=0.00082897707573440752 -0.0011430255678191482 0.00032185553182989134
leaf_weight=84.737285852432251 31.491080760955811 31.643101215362549
leaf_count=78 29 30
internal_value=0.000294837 -8.75993e-05
internal_weight=147.871 63.1342
internal_count=137 59
is_linear=0
shrinkage=0.0168771


Tree=413
num_leaves=3
num_cat=0
split_feature=2 2
split_gain=0.205571 0.131756
threshold=0.43928571428571433 0.38785714285714284
decision_type=2 2
left_child=1 -1
right_child=-2 -3
leaf_value=0.00023930212213749496 0.002063435087222541 -0.00088724408276912936
leaf_weight=117.132972240448 11.661323070526121 36.026364088058472
leaf_count=109 10 33
internal_value=0.000144598 0
internal_weight=164.821 153.159
internal_count=152 142
is_linear=0
shrinkage=0.0168771


Tree=414
num_leaves=2
num_cat=0
split_feature=9
split_gain=0.146879
threshold=16.518571428571434
decision_type=2
left_child=-1
right_child=-2
leaf_value=-0.001362651397367439 0.00015141195902225232
leaf_weight=18 128.02272665500641
leaf_count=18 117
internal_value=0
internal_weight=146.023
internal_count=135
is_linear=0
shrinkage=0.0168771


Tree=415
num_leaves=4
num_cat=0
split_feature=9 9 9
split_gain=0.135665 0.164153 0.127807
threshold=17.367142857142859 16.551428571428573 19.254999999999999
decision_type=2 2 2
left_child=1 -1 -2
right_child=2 -3 -4
leaf_value=0 -0.00092292829312897243 0.0018187596025314968 0
leaf_weight=25 48.492408514022827 20.669888377189636 74.298372387886047
leaf_count=25 48 20 62
internal_value=0 0.000802109 -0.000242369
internal_weight=168.461 45.6699 122.791
internal_count=155 45 110
is_linear=0
shrinkage=0.0168771


Tree=416
num_leaves=2
num_cat=0
split_feature=4
split_gain=0.119862
threshold=16.644285714285719
decision_type=2
left_child=-1
right_child=-2
leaf_value=-0.0010283034766564096 0.00015863140709577059
leaf_weight=26.256802439689636 128.02577316761017
leaf_count=26 118
internal_value=0
internal_weight=154.283
internal_count=144
is_linear=0
shrinkage=0.0168771


Tree=417
num_leaves=2
num_cat=0
split_feature=13
split_gain=0.136212
threshold=-0.57790906816608401
decision_type=2
left_child=-1
right_child=-2
leaf_value=0.00088245774422702409 -0.00041469510109699164
leaf_weight=19.760452270507812 124.20344531536102
leaf_count=16 117
internal_value=-7.00384e-05
internal_weight=143.964
internal_count=133
is_linear=0
shrinkage=0.0168771


Tree=418
num_leaves=2
num_cat=0
split_feature=0
split_gain=0.125347
threshold=14.500000000000002
decision_type=2
left_child=-1
right_child=-2
leaf_value=-0.0014538947387039149 0
leaf_weight=13.999999999999998 142.60878527164459
leaf_count=14 131
internal_value=-1.78608e-05
internal_weight=156.609
internal_count=145
is_linear=0
shrinkage=0.0168771


Tree=419
num_leaves=2
num_cat=0
split_feature=13
split_gain=0.171778
threshold=-0.62879534553388494
decision_type=2
left_child=-1
right_child=-2
leaf_value=0.0010337715609081768 -0.00046619993400840045
leaf_weight=18.307768583297729 125.33234763145447
leaf_count=14 120
internal_value=-0.000105294
internal_weight=143.64
internal_count=134
is_linear=0
shrinkage=0.0168771


end of trees

feature_importances:
Column_1=197
Column_10=152
Column_13=152
Column_3=147
Column_2=144
Column_0=140
Column_8=124
Column_12=119
Column_9=85
Column_6=79
Column_5=72
Column_7=40
Column_11=32
Column_4=26
Column_14=22

parameters:
[boosting: gbdt]
[objective: regression]
[metric: l1]
[tree_learner: serial]
[device_type: cpu]
[data_sample_strategy: bagging]
[data: ]
[valid: ]
[num_iterations: 3000]
[learning_rate: 0.0168771]
[num_leaves: 26]
[num_threads: -1]
[seed: 44]
[deterministic: 0]
[force_col_wise: 0]
[force_row_wise: 0]
[histogram_pool_size: -1]
[max_depth: 4]
[min_data_in_leaf: 10]
[min_sum_hessian_in_leaf: 0.001]
[bagging_fraction: 0.743593]
[pos_bagging_fraction: 1]
[neg_bagging_fraction: 1]
[bagging_freq: 1]
[bagging_seed: 44]
[bagging_by_query: 0]
[feature_fraction: 0.681046]
[feature_fraction_bynode: 1]
[feature_fraction_seed: 12646]
[extra_trees: 0]
[extra_seed: 20733]
[early_stopping_round: 0]
[early_stopping_min_delta: 0]
[first_metric_only: 0]
[max_delta_step: 0]
[lambda_l1: 1.32832]
[lambda_l2: 2.91472]
[linear_lambda: 0]
[min_gain_to_split: 0.117378]
[drop_rate: 0.1]
[max_drop: 50]
[skip_drop: 0.5]
[xgboost_dart_mode: 0]
[uniform_drop: 0]
[drop_seed: 20829]
[top_rate: 0.2]
[other_rate: 0.1]
[min_data_per_group: 100]
[max_cat_threshold: 32]
[cat_l2: 10]
[cat_smooth: 10]
[max_cat_to_onehot: 4]
[top_k: 20]
[monotone_constraints: ]
[monotone_constraints_method: basic]
[monotone_penalty: 0]
[feature_contri: ]
[forcedsplits_filename: ]
[refit_decay_rate: 0.9]
[cegb_tradeoff: 1]
[cegb_penalty_split: 0]
[cegb_penalty_feature_lazy: ]
[cegb_penalty_feature_coupled: ]
[path_smooth: 0]
[interaction_constraints: ]
[verbosity: -1]
[saved_feature_importance_type: 0]
[use_quantized_grad: 0]
[num_grad_quant_bins: 4]
[quant_train_renew_leaf: 0]
[stochastic_rounding: 1]
[linear_tree: 0]
[max_bin: 255]
[max_bin_by_feature: ]
[min_data_in_bin: 3]
[bin_construct_sample_cnt: 200000]
[data_random_seed: 182]
[is_enable_sparse: 1]
[enable_bundle: 1]
[use_missing: 1]
[zero_as_missing: 0]
[feature_pre_filter: 1]
[pre_partition: 0]
[two_round: 0]
[header: 0]
[label_column: ]
[weight_column: ]
[group_column: ]
[ignore_column: ]
[categorical_feature: ]
[forcedbins_filename: ]
[precise_float_parser: 0]
[parser_config_file: ]
[objective_seed: 3944]
[num_class: 1]
[is_unbalance: 0]
[scale_pos_weight: 1]
[sigmoid: 1]
[boost_from_average: 1]
[reg_sqrt: 0]
[alpha: 0.9]
[fair_c: 1]
[poisson_max_delta_step: 0.7]
[tweedie_variance_power: 1.5]
[lambdarank_truncation_level: 30]
[lambdarank_norm: 1]
[label_gain: ]
[lambdarank_position_bias_regularization: 0]
[eval_at: ]
[multi_error_top_k: 1]
[auc_mu_weights: ]
[num_machines: 1]
[local_listen_port: 12400]
[time_out: 120]
[machine_list_filename: ]
[machines: ]
[gpu_platform_id: -1]
[gpu_device_id: -1]
[gpu_use_dp: 0]
[num_gpu: 1]

end of parameters

pandas_categorical:null
