tree
version=v4
num_class=1
num_tree_per_iteration=1
label_index=0
max_feature_idx=14
objective=regression
feature_names=Column_0 Column_1 Column_2 Column_3 Column_4 Column_5 Column_6 Column_7 Column_8 Column_9 Column_10 Column_11 Column_12 Column_13 Column_14
feature_infos=[0:79] [-12.280119047619047:18.025357142857143] [0.18857142857142861:0.51857142857142857] [0.18857142857142861:0.52000000000000002] [14.967142857142861:21.13428571428571] [14.967142857142861:21.148571428571429] [14.967142857142861:21.148571428571429] [14.967142857142861:21.13428571428571] [-0.89734389455545527:2.0571136616525196] [14.967142857142861:21.148571428571429] [0.18857142857142861:0.53142857142857147] [14.967142857142861:21.148571428571429] [-1.056707518441337:2.1808373246874129] [-1.1009645658534963:1.2531399449927134] [15.074285714285709:21.148571428571429]
tree_sizes=887 773 924 1072 806 820 705 829 789 827 722 826 795 906 764 1008 919 846 919 1019 929 831 919 848 1018 700 732 722 717 858 809 943 594 829 839 839 899 937 1028 917 708 706 798 813 745 869 924 829 1037 717 808 1029 842 925 724 697 912 769 793 813 937 913 1008 845 774 840 819 816 712 789 845 912 705 582 724 723 721 836 912 744 897 845 763 826 677 886 800 839 797 891 776 697 878 766 925 804 911 869 789 743 724 717 874 848 798 645 628 796 960 757 771 840 732 775 752 680 748 730 802 996 598 618 729 687 612 691 880 810 530 729 859 695 796 672 640 563 778 875 677 520 821 795 648 614 809 638 778 533 609 730 751 781 858 608 625 705 688 636 624 755 772 678 915 806 725 715 637 824 813 522 609 647 882 717 610 596 786 688 713 727 712 691 693 604 701 560 721 745 726 592 686 720 692 784 614 689 632 733 654 574 603 610 655 698 639 826 453 740 553 670 612 874 550 642 688 723 527 599 733 430 442 480 456 441 603 630 560 448 548 440 511 447 521 443 806 668 457 549 549 621 512 711 527 358 598 574 652 532 801 653 447 524 445 536 538 455 625 422 364 358 352 347 347 361 343 350 363 705 727 557 686 737 450 545 452 375 370 727 554 426 535 582 591 552 653 372 444 446 456 514 628 550 445 478 375 427 361 369 374 360 616 456 513 361 546 443 457 359 552 356 543 356 458 443 477 443 357 349 446 436 372 362 360 373 427 466 446 423 364 447 448 358 454 572 351 608 633 372 445 372 361 441 349 444 466 334 438 574 347 532 357 454 450 362 346 426 544 535 356 455 371 433 442 372 360 582 361 454 360 453 565 356 521 478 440 526 521 360 372 356 455 441 364 372 345 374 371 544 444 445 436 452 361 360 452 375 362 356 358 361 362 375 336 475 559 372 426 347 451 443 355 442 528 361 534 527 356 441 464 372 361 457 375 356 371 361 371 444 358 476 561 419 372 360 355 357 426 436 466 361 481 371 447 449 460 350 351 360 645 443 455 443 363 374 360 356 452 360 371 371 440 361 446 346 444 361 371 362 355 480 362 361 347 447 441 511 360 532 345 355 466 358 463 347 358 436 375 363 450 372 371 371 347 371 447 452 352 358 456 362 534 463 371 345 428 371 372 373 437 522 580 370 373 361 372 444 372 444 372 372 371 373 361 373 454 438 458 361 361 374 512 360 461 356 476 349 426 372 609 360 445 370 362 375 362 363 358 348 360 355 375 372 373 370 373 362 527 349 454 436 372 348 536 347

Tree=0
num_leaves=8
num_cat=0
split_feature=11 1 10 13 0 10 12
split_gain=59.7157 28.7272 11.8137 6.75456 3.64735 1.03909 1.03084
threshold=18.017142857142858 7.5385119047619051 0.26428571428571429 0.42253909625472691 34.500000000000007 0.39428571428571429 -0.37615454090493056
decision_type=2 2 2 2 2 2 2
left_child=2 3 4 -2 -1 -3 -4
right_child=1 5 6 -5 -6 -7 -8
leaf_value=2.6260056880197471 2.6681885490279815 2.6442139801175664 2.6455950908678991 2.6543460311836498 2.6432798049662218 2.6507208720051767 2.6507208720051767
leaf_weight=18 51.95395302772522 19.000000000000004 16.000000000000004 20 13.999999999999998 11.999999999999998 10.632714152336119
leaf_count=18 39 19 16 20 14 12 10
internal_value=2.65137 2.65918 2.63829 2.66493 2.63167 2.6464 2.6481
internal_weight=161.587 102.954 58.6327 71.954 32 31 26.6327
internal_count=148 90 58 59 32 31 26
is_linear=0
shrinkage=1


Tree=1
num_leaves=7
num_cat=0
split_feature=11 1 2 13 10 3
split_gain=53.4826 27.4822 17.9919 5.24916 1.34972 0.702096
threshold=18.017142857142858 7.5385119047619051 0.24285714285714288 0.42253909625472691 0.40357142857142864 0.28071428571428581
decision_type=2 2 2 2 2 2
left_child=2 3 -1 -2 -3 -4
right_child=1 4 5 -5 -6 -7
leaf_value=-0.022567022071348641 0.01688855603461047 -0.0065155991986230654 0 0.0040945071885936084 0 -0.0044618859467940256
leaf_weight=23 50.646290063858032 20 12.416634559631346 20 11.999999999999998 23
leaf_count=23 38 20 12 20 12 23
internal_value=0.000703547 0.00810022 -0.0116952 0.0138771 -0.004105 -0.00287094
internal_weight=161.063 102.646 58.4166 70.6463 32 35.4166
internal_count=148 90 58 58 32 35
is_linear=0
shrinkage=0.0168771


Tree=2
num_leaves=8
num_cat=0
split_feature=11 1 2 13 8 10 0
split_gain=62.1077 24.3658 21.1552 5.93213 2.05063 1.28538 0.283608
threshold=18.017142857142858 7.5385119047619051 0.24285714285714288 0.42253909625472691 -0.145226582046321 0.39428571428571429 22.500000000000004
decision_type=2 2 2 2 2 2 2
left_child=2 3 6 -2 -4 -3 -1
right_child=1 5 4 -5 -6 -7 -8
leaf_value=-0.028318681674842659 0.01643431918716793 -0.0063122722972908003 -0.0061355452676731606 0.0034882730594440812 0.00090193964611801492 0 -0.010186461448439679
leaf_weight=17.000000000000004 48.165285229682922 20.000000000000004 26 21 10.632714152336119 10.999999999999998 9.9999999999999982
leaf_count=17 37 20 26 21 10 11 10
internal_value=-0.000443926 0.00763188 -0.0132705 0.0131147 -0.0036101 -0.00401571 -0.0239993
internal_weight=163.798 100.165 63.6327 69.1653 36.6327 31 27
internal_count=152 89 63 58 36 31 27
is_linear=0
shrinkage=0.0168771


Tree=3
num_leaves=9
num_cat=0
split_feature=11 12 2 6 13 12 0 12
split_gain=49.051 17.0445 14.6867 3.08059 2.60716 2.11264 1.47693 0.154486
threshold=18.017142857142858 -0.27701767534017557 0.24285714285714288 19.540000000000003 0.43283673310345328 0.42763007964406702 20.500000000000004 -0.74846373711313507
decision_type=2 2 2 2 2 2 2 2
left_child=2 3 6 7 -3 -4 -1 -2
right_child=1 4 5 -5 -6 -7 -8 -9
leaf_value=-0.027802606077814519 -0.0066254067828332023 0.014945488268386074 -0.0066102701307877232 0.0040178172912568198 0.0036253730647363056 0.00068962812922504621 -0.0087016181604517538 -0.00038492342867067048
leaf_weight=13.000000000000002 13.999999999999998 42.033289790153503 23 12.647435426712034 15.999999999999998 10.424396872520445 9.9999999999999982 11.000000000000002
leaf_count=13 14 33 23 11 16 10 10 11
internal_value=-0.000203253 0.0069521 -0.0124601 -0.00135341 0.0125149 -0.00384396 -0.0222757 -0.00500959
internal_weight=152.105 95.6807 56.4244 37.6474 58.0333 33.4244 23 25
internal_count=141 85 56 36 49 33 23 25
is_linear=0
shrinkage=0.0168771


Tree=4
num_leaves=7
num_cat=0
split_feature=10 8 13 12 10 14
split_gain=54.4236 31.8465 7.74164 3.09072 1.1381 0.149199
threshold=0.24642857142857141 -0.15902934788027778 0.42253909625472691 -0.37615454090493056 0.40357142857142864 19.125714285714288
decision_type=2 2 2 2 2 2
left_child=3 4 -3 -1 5 -2
right_child=1 2 -4 -5 -6 -7
leaf_value=-0.0068775103444086282 -0.0072475193206423955 0.015125760092366929 0.001469971122843313 -0.02411002634203023 0 -0.0010516393339789461
leaf_weight=11.999999999999998 31 50.452641487121582 21 20 10.999999999999998 11.999999999999998
leaf_count=12 31 40 21 20 11 12
internal_value=-0.000611628 0.00433884 0.0116287 -0.0194035 -0.0050147 -0.00618322
internal_weight=157.453 125.453 71.4526 32 54 43
internal_count=147 115 61 32 54 43
is_linear=0
shrinkage=0.0168771


Tree=5
num_leaves=7
num_cat=0
split_feature=5 10 12 13 12 10
split_gain=43.3813 14.1566 4.75038 3.74958 2.81876 0.885525
threshold=19.90071428571429 0.24000000000000002 -0.10864714396718358 0.80145874781186144 1.1802447097642081 0.40357142857142864
decision_type=2 2 2 2 2 2
left_child=1 -1 5 -4 -2 -3
right_child=4 2 3 -5 -6 -7
leaf_value=-0.016944277622501874 0.016614972293801187 -0.0066831221093149448 0.0090239790284183472 -0.0025073156645624398 0.0051543168510717989 0
leaf_weight=25 26.915246248245239 33 12.849070429801943 9.9999999999999982 21.433483839035034 11.999999999999998
leaf_count=25 19 33 11 10 21 12
internal_value=0 -0.00668364 -0.00204395 0.0033944 0.0125536 -0.00531169
internal_weight=141.198 92.8491 67.8491 22.8491 48.3487 45
internal_count=131 91 66 21 40 45
is_linear=0
shrinkage=0.0168771


Tree=6
num_leaves=6
num_cat=0
split_feature=2 8 7 13 10
split_gain=49.3409 28.2431 7.36504 7.04314 1.12612
threshold=0.26642857142857151 -0.15902934788027778 17.079285714285717 0.43283673310345328 0.40357142857142864
decision_type=2 2 2 2 2
left_child=2 4 -1 -3 -2
right_child=1 3 -4 -5 -6
leaf_value=-0.020097847520155306 -0.0060695338165981756 0.015414888854812644 -0.0032805132328693307 0.0022277447411968025 0
leaf_weight=29 35 47.453379154205322 15.999999999999998 22 9.9999999999999982
leaf_count=29 35 36 16 22 10
internal_value=-0.000607285 0.00515356 -0.0151495 0.0118055 -0.00473881
internal_weight=159.453 114.453 45 69.4534 45
internal_count=148 103 45 58 45
is_linear=0
shrinkage=0.0168771


Tree=7
num_leaves=7
num_cat=0
split_feature=6 2 1 1 1 0
split_gain=54.5903 24.5234 8.931 8.30528 3.7115 2.71677
threshold=19.282142857142858 0.24285714285714288 1.4995833333333339 10.666488095238099 -4.13345238095238 22.500000000000004
decision_type=2 2 2 2 2 2
left_child=1 5 -3 4 -2 -1
right_child=3 2 -4 -5 -6 -7
leaf_value=-0.026212985553703144 0.0054468225521154007 0.006816091573052351 -0.005501682584703768 0 0.017544433474840325 -0.0082866497371658302
leaf_weight=14.000000000000002 20.516296148300171 21.527949929237366 47 11.999999999999998 40.590275049209595 12.999999999999998
leaf_count=14 20 20 47 12 28 13
internal_value=0.00100408 -0.00716859 -0.00119807 0.0118435 0.0142658 -0.0199796
internal_weight=168.635 95.5279 68.5279 73.1066 61.1066 27
internal_count=154 94 67 60 48 27
is_linear=0
shrinkage=0.0168771


Tree=8
num_leaves=7
num_cat=0
split_feature=11 8 10 13 10 9
split_gain=42.5266 22.2176 6.36195 3.85662 0.846109 0.382325
threshold=18.017142857142858 -0.15902934788027778 0.24000000000000002 0.43283673310345328 0.39428571428571429 16.803571428571434
decision_type=2 2 2 2 2 2
left_child=2 4 -1 -3 -2 -4
right_child=1 3 5 -5 -6 -7
leaf_value=-0.019860555116514456 -0.0069626289195630639 0.014249439948959336 -0.0087219224736846401 0.0024055959545750774 0 -0.0018653824752112005
leaf_weight=22 20 43.734317183494568 13.999999999999998 17 11.999999999999998 18
leaf_count=22 20 34 14 17 12 18
internal_value=-0.00110542 0.00562846 -0.0127594 0.0115484 -0.00499138 -0.0059849
internal_weight=146.734 92.7343 54 60.7343 32 32
internal_count=137 83 54 51 32 32
is_linear=0
shrinkage=0.0168771


Tree=9
num_leaves=7
num_cat=0
split_feature=9 2 1 13 0 10
split_gain=48.2496 23.0296 5.92828 3.84896 2.52954 0.963478
threshold=19.290000000000003 0.24285714285714288 3.3814285714285721 0.42253909625472691 22.500000000000004 0.40357142857142864
decision_type=2 2 2 2 2 2
left_child=1 4 -3 -2 -1 -4
right_child=3 2 5 -5 -6 -7
leaf_value=-0.025029835072003178 0.01424016047398474 0.0049447655073067698 -0.0059261200765822501 0.0021705492964544876 -0.008198289366687643 0
leaf_weight=15.000000000000002 43.981266975402832 22.304433226585388 40 15.999999999999998 13.999999999999998 10.999999999999998
leaf_count=15 33 21 40 16 14 11
internal_value=0 -0.00705753 -0.00145209 0.0116268 -0.0190975 -0.00478159
internal_weight=162.286 102.304 73.3044 59.9813 29 51
internal_count=150 101 72 49 29 51
is_linear=0
shrinkage=0.0168771


Tree=10
num_leaves=6
num_cat=0
split_feature=6 2 1 13 10
split_gain=44.7126 21.738 6.43397 5.3542 1.12334
threshold=19.347857142857148 0.24285714285714288 1.4995833333333339 0.04078775503772443 0.40357142857142864
decision_type=2 2 2 2 2
left_child=1 -1 -3 -2 -4
right_child=3 2 4 -5 -6
leaf_value=-0.020428527635463226 0.014384087227847035 0.0052641836440633014 -0.0065043453140103385 0.0012785580434317362 0
leaf_weight=25 37.865805625915527 18.09627628326416 44 17.233483791351318 10.999999999999998
leaf_count=25 28 17 44 17 11
internal_value=-0.000723692 -0.00762455 -0.00233504 0.0109417 -0.00536155
internal_weight=153.196 98.0963 73.0963 55.0993 55
internal_count=142 97 72 45 55
is_linear=0
shrinkage=0.0168771


Tree=11
num_leaves=7
num_cat=0
split_feature=5 0 1 1 13 10
split_gain=41.0912 22.274 15.9195 4.51632 2.87315 0.678882
threshold=18.560000000000006 22.500000000000004 8.6855357142857166 1.4995833333333339 0.42253909625472691 0.39428571428571429
decision_type=2 2 2 2 2 2
left_child=1 -1 4 -3 -2 -4
right_child=2 3 5 -5 -6 -7
leaf_value=-0.025799899474994965 0.014259748471514127 0.0040025784775790541 -0.0046476856561280325 -0.0064784323722113842 0.0024367810432985469 0
leaf_weight=17 41.996904969215393 10.816634654998778 15.000000000000002 42 13.999999999999998 14.999999999999998
leaf_count=17 32 10 15 42 14 15
internal_value=-0.000791147 -0.0103094 0.00676873 -0.00383263 0.0119512 -0.00242528
internal_weight=155.814 69.8166 85.9969 52.8166 55.9969 30
internal_count=145 69 76 52 46 30
is_linear=0
shrinkage=0.0168771


Tree=12
num_leaves=7
num_cat=0
split_feature=11 8 2 12 12 3
split_gain=45.3286 20.3203 15.3585 2.05224 0.919261 0.237123
threshold=18.017142857142858 -0.15902934788027778 0.24285714285714288 0.57716973551682071 0.34163089415856773 0.4171428571428572
decision_type=2 2 2 2 2 2
left_child=2 5 -1 -3 -4 -2
right_child=1 3 4 -5 -6 -7
leaf_value=-0.021152588773813367 -0.004830182258881488 0.015186319243046647 -0.0047421644003236528 0.0063658897557996724 0 0
leaf_weight=25 22 35.366866707801819 24 33.752565860748291 10.416634559631346 9.9999999999999982
leaf_count=25 22 25 24 32 10 10
internal_value=-0.000139787 0.00654446 -0.0116493 0.0116222 -0.00303303 -0.00383588
internal_weight=160.536 101.119 59.4166 69.1194 34.4166 32
internal_count=148 89 59 57 34 32
is_linear=0
shrinkage=0.0168771


Tree=13
num_leaves=8
num_cat=0
split_feature=2 1 13 0 3 13 2
split_gain=46.761 24.5693 8.00517 5.46992 1.28918 0.638877 0.190786
threshold=0.23928571428571432 6.9446428571428589 0.42253909625472691 22.500000000000004 0.39071428571428585 0.83757201660997593 0.27428571428571435
decision_type=2 2 2 2 2 2 2
left_child=3 2 6 -1 -3 -4 -2
right_child=1 4 5 -5 -6 -7 -8
leaf_value=-0.024324139481605566 0.004351176556580981 -0.0070099225353466212 0.0030248867340356353 -0.0059080688449924638 0 -0.0012655243203399296 0.014224910289510274
leaf_weight=18 11.233483791351317 32 16.000000000000004 13.999999999999998 18 9.9999999999999982 44.871877551078796
leaf_count=18 11 32 16 14 18 10 34
internal_value=-0.000560382 0.00381477 0.00946377 -0.018075 -0.00504815 0.000638178 0.0129403
internal_weight=164.105 132.105 82.1054 32 50 26 56.1054
internal_count=153 121 71 32 50 26 45
is_linear=0
shrinkage=0.0168771


Tree=14
num_leaves=6
num_cat=0
split_feature=2 7 0 0 6
split_gain=42.5035 12.8833 3.77794 1.99845 1.62946
threshold=0.23928571428571432 19.741428571428575 22.500000000000004 27.000000000000004 19.800000000000004
decision_type=2 2 2 2 2
left_child=2 3 -1 -2 -5
right_child=1 -3 -4 4 -6
leaf_value=-0.023596261846570796 0.0054882075911273582 0.010850056593245136 -0.0061437720988777667 -0.0027226151528725487 0.0032494720480735059
leaf_weight=16.000000000000004 11.781704306602476 45.725215554237366 12.999999999999998 56.816634654998779 11.095436692237852
leaf_count=16 11 38 13 56 10
internal_value=-0.00019304 0.00400301 -0.0177508 0 -0.00133681
internal_weight=154.419 125.419 29 79.6938 67.9121
internal_count=144 115 29 77 66
is_linear=0
shrinkage=0.0168771


Tree=15
num_leaves=9
num_cat=0
split_feature=5 8 2 8 13 14 7 7
split_gain=35.9475 12.7022 12.183 2.09578 1.63494 0.907152 0.258887 0.242997
threshold=18.664285714285718 -0.15902934788027778 0.24285714285714288 1.0000000180025095e-35 0.42253909625472691 16.951428571428579 19.254999999999999 17.829285714285714
decision_type=2 2 2 2 2 2 2 2
left_child=2 6 5 7 -3 -1 -2 -4
right_child=1 4 3 -5 -6 -7 -8 -9
leaf_value=-0.021131646381664058 -0.0039199357783736323 0.012545392511042237 -0.005852000813238634 0.0020250101860064661 0.003235055249196653 -0.0065298719591743645 0 0
leaf_weight=17.000000000000004 14.000000000000002 46.871496200561523 25 11.608317375183104 17 10.999999999999998 10.999999999999998 9.9999999999999982
leaf_count=17 14 37 25 11 17 11 11 10
internal_value=-0.000292794 0.00672131 -0.00887557 -0.00265599 0.0106524 -0.0172769 -0.00258248 -0.00483612
internal_weight=163.48 88.8715 74.6083 46.6083 63.8715 28 25 35
internal_count=153 79 74 46 54 28 25 35
is_linear=0
shrinkage=0.0168771


Tree=16
num_leaves=8
num_cat=0
split_feature=5 1 10 12 1 1 10
split_gain=38.3698 14.5072 11.5869 3.84993 1.99181 1.27595 0.233541
threshold=18.700000000000003 8.6855357142857166 0.26428571428571429 -0.65522026164191105 -6.4779166666666645 3.3814285714285721 0.39428571428571429
decision_type=2 2 2 2 2 2 2
left_child=2 4 3 -1 -2 -4 -3
right_child=1 6 5 -5 -6 -7 -8
leaf_value=-0.0041943527882755136 0.0024433630694646979 -0.0038287543768160768 0.0026939129747558122 -0.019093431352706837 0.013656258285248132 -0.0032441302967507199 0
leaf_weight=13.999999999999998 12.233483791351317 13.000000000000002 10.416634559631346 24 48.732051372528076 25 10.999999999999998
leaf_count=14 12 13 10 24 37 25 11
internal_value=0 0.0076845 -0.00867146 -0.0148421 0.0119713 -0.000840754 -0.00248929
internal_weight=158.382 84.9655 73.4166 38 60.9655 35.4166 24
internal_count=146 73 73 38 49 35 24
is_linear=0
shrinkage=0.0168771


Tree=17
num_leaves=7
num_cat=0
split_feature=6 8 2 8 14 12
split_gain=37.1925 15.7394 5.76084 4.287 1.26059 1.16517
threshold=19.282142857142858 1.0000000180025095e-35 0.24285714285714288 -0.145226582046321 16.951428571428579 1.4894754886627204
decision_type=2 2 2 2 2 2
left_child=1 2 4 -2 -1 -5
right_child=3 -3 -4 5 -6 -7
leaf_value=-0.020994514796224117 0.00025277412007810522 0.0049208664135159258 -0.0054114932087556099 0.014289438150818701 -0.0060092641773546191 0.0035643005980988585
leaf_weight=15.000000000000002 14.823717713356016 22.520187616348267 49 35.769489049911499 10.999999999999998 12.433483839035032
leaf_count=15 14 21 49 26 11 12
internal_value=0 -0.00635158 -0.0100815 0.00996038 -0.0166748 0.0123225
internal_weight=160.547 97.5202 75 63.0267 26 48.203
internal_count=148 96 75 52 26 38
is_linear=0
shrinkage=0.0168771


Tree=18
num_leaves=8
num_cat=0
split_feature=5 1 0 1 1 3 7
split_gain=38.9206 14.1921 10.7964 2.75686 2.59082 0.729694 0.157714
threshold=18.700000000000003 10.666488095238099 20.500000000000004 1.4995833333333339 -7.2825595238095238 0.37571428571428572 19.305714285714291
decision_type=2 2 2 2 2 2 2
left_child=2 4 -1 -4 -2 -5 -3
right_child=1 6 3 5 -6 -7 -8
leaf_value=-0.020589868580971782 0.0016775744393422354 -0.0039819369581906459 0.0018438519250761943 -0.0067853209519718799 0.013388351338219185 0 0
leaf_weight=13.999999999999998 11.999999999999998 12.000000000000002 10.408317327499388 45 54.47776198387146 9.9999999999999982 9.9999999999999982
leaf_count=14 12 12 10 45 42 10 10
internal_value=0.000222597 0.00792545 -0.00806443 -0.00429135 0.0117567 -0.00587385 -0.00277285
internal_weight=167.886 88.4778 79.4083 65.4083 66.4778 55 22
internal_count=155 76 79 65 54 55 22
is_linear=0
shrinkage=0.0168771


Tree=19
num_leaves=9
num_cat=0
split_feature=10 6 0 10 5 3 11 7
split_gain=40.1402 13.4953 2.49588 1.37105 1.87476 0.741627 1.48477 0.199395
threshold=0.24642857142857141 19.282142857142858 22.500000000000004 0.3535714285714287 19.90071428571429 0.36428571428571438 18.156428571428574 18.672857142857151
decision_type=2 2 2 2 2 2 2 2
left_child=2 5 -1 -3 -5 6 -2 -7
right_child=1 3 -4 4 -6 7 -8 -9
leaf_value=-0.021604766444251407 -0.0019526546069931774 0.013094074075866102 -0.0068591197891250096 0 0.0078097875941918722 0 0.0041944251170617257 -0.0045694321174142112
leaf_weight=15.999999999999998 25.632714152336121 28.568914890289307 15.999999999999998 12.230204939842222 25.480854988098145 10.000000000000002 14.937036871910093 12.999999999999998
leaf_count=16 25 21 16 12 22 10 14 13
internal_value=0 0.00427444 -0.0160621 0.00946998 0.00543018 -0.000983101 0 -0.00326052
internal_weight=161.85 129.85 32 66.28 37.7111 63.5698 40.5698 23
internal_count=149 117 32 55 34 62 39 23
is_linear=0
shrinkage=0.0168771


Tree=20
num_leaves=8
num_cat=0
split_feature=5 2 8 8 13 14 14
split_gain=39.1444 12.6339 12.0505 2.22109 2.18894 1.15832 0.22095
threshold=18.700000000000003 0.24285714285714288 -0.15902934788027778 0.14978472110981658 0.42253909625472691 17.461428571428581 18.682142857142864
decision_type=2 2 2 2 2 2 2
left_child=1 5 -2 6 -4 -1 -3
right_child=2 3 4 -5 -6 -7 -8
leaf_value=-0.019945465042936508 -0.0019309671740277809 -0.0052374823938219697 0.013325133585046396 0.0028761962737490912 0.0022767695618476223 -0.0058061820006561496 0
leaf_weight=20.000000000000004 22 28 48.380820035934448 10.816634654998778 12.999999999999998 10.999999999999998 9.9999999999999982
leaf_count=20 22 28 36 10 13 11 10
internal_value=-3.56587e-05 -0.00846095 0.00778307 -0.00226774 0.0115431 -0.0165195 -0.00438047
internal_weight=163.197 79.8166 83.3808 48.8166 61.3808 31 38
internal_count=150 79 71 48 49 31 38
is_linear=0
shrinkage=0.0168771


Tree=21
num_leaves=7
num_cat=0
split_feature=14 8 2 4 8 3
split_gain=26.9366 12.7234 5.85354 2.25502 0.970786 0.208671
threshold=19.266428571428573 1.0000000180025095e-35 0.24785714285714289 20.217142857142864 -0.63534174611171068 0.40071428571428575
decision_type=2 2 2 2 2 2
left_child=1 2 -1 4 -2 -4
right_child=3 -3 5 -5 -6 -7
leaf_value=-0.015833220370322084 0 0.0049123845865107684 -0.0054568524433465408 0.010823073698016571 0.0050860770043647452 -0.00012330401128552695
leaf_weight=26 11.000000000000002 19.032714247703552 36 36.230361700057983 13.952337145805357 11.999999999999998
leaf_count=26 11 18 36 29 12 12
internal_value=-0.000326918 -0.00611385 -0.00931994 0.00800065 0.00239468 -0.00464717
internal_weight=154.215 93.0327 74 61.1827 24.9523 48
internal_count=144 92 74 52 23 48
is_linear=0
shrinkage=0.0168771


Tree=22
num_leaves=8
num_cat=0
split_feature=6 2 13 0 4 6 5
split_gain=32.3858 11.4477 4.9326 2.7629 1.41447 1.11407 0.655921
threshold=19.347857142857148 0.24285714285714288 0.04078775503772443 22.500000000000004 19.750714285714288 17.436428571428578 20.172857142857151
decision_type=2 2 2 2 2 2 2
left_child=1 3 -2 -1 5 -3 -4
right_child=2 4 6 -5 -6 -7 -8
leaf_value=-0.020166976889440514 0.01349401213274634 0 0 -0.0044364531487077977 0.0023897492926190206 -0.0054099282927985767 0.0042763647250766736
leaf_weight=14.000000000000002 36.604426503181458 30.816634654998779 10.000000000000002 11.999999999999998 11.960393190383909 25 14.505202770233153
leaf_count=14 26 30 10 12 11 25 14
internal_value=0.000176861 -0.00584811 0.00961807 -0.0148611 -0.0016033 -0.00291677 0.00219186
internal_weight=154.887 93.777 61.1096 26 67.777 55.8166 24.5052
internal_count=142 92 50 26 66 55 24
is_linear=0
shrinkage=0.0168771


Tree=23
num_leaves=7
num_cat=0
split_feature=1 0 13 9 0 1
split_gain=26.8484 9.63996 6.28305 2.05461 1.94085 1.31274
threshold=2.8675000000000002 22.500000000000004 0.18132112298037981 20.095000000000002 62.500000000000007 13.538392857142856
decision_type=2 2 2 2 2 2
left_child=2 -2 -1 -4 -3 -6
right_child=1 4 3 -5 5 -7
leaf_value=0.010428101663517242 -0.019579825556981151 -0.0060059693321450301 -0.0050799763666191889 0.0036032889605518096 0.0035225364167445622 -0.0034339671087175727
leaf_weight=44.462705969810486 12.999999999999998 39 10.000000000000002 16.490324020385742 12.095436692237856 12.999999999999998
leaf_count=36 13 39 10 16 11 13
internal_value=-0.000442165 -0.00734333 0.00674682 0 -0.00378324 0
internal_weight=148.048 77.0954 70.953 26.4903 64.0954 25.0954
internal_count=138 76 62 26 63 24
is_linear=0
shrinkage=0.0168771


Tree=24
num_leaves=9
num_cat=0
split_feature=6 3 1 13 5 1 7 10
split_gain=34.5197 11.7051 10.9002 1.92106 1.61662 1.42222 0.128266 0.124647
threshold=18.894285714285719 0.26785714285714296 10.666488095238099 0.42253909625472691 17.803571428571434 3.3814285714285721 19.254999999999999 0.24642857142857141
decision_type=2 2 2 2 2 2 2 2
left_child=1 4 3 -2 7 -3 -4 -1
right_child=2 5 6 -5 -6 -7 -8 -9
leaf_value=-0.019269533121425746 0.012662445487971045 0.0027017458482105818 -0.0037680635471201802 0.0017747482620288815 -0.0042679169366669481 -0.0033085002783326102 0 -0.0061674684204131259
leaf_weight=22 42.266951441764832 10.839990973472593 10.000000000000002 11.999999999999998 11.999999999999998 30 9.9999999999999982 9.9999999999999982
leaf_count=22 32 10 10 12 12 30 10 10
internal_value=-0.00109233 -0.0084323 0.00700393 0.0108601 -0.0142437 -0.00112716 -0.00253136 -0.0166739
internal_weight=159.107 84.84 74.267 54.267 44 40.84 20 32
internal_count=148 84 64 44 44 40 20 32
is_linear=0
shrinkage=0.0168771


Tree=25
num_leaves=6
num_cat=0
split_feature=2 8 13 7 5
split_gain=23.3891 16.8386 3.73872 0.314231 0.161399
threshold=0.23928571428571432 -0.15902934788027778 0.42253909625472691 19.254999999999999 20.05714285714286
decision_type=2 2 2 2 2
left_child=-1 3 -3 -2 -4
right_child=1 2 4 -5 -6
leaf_value=-0.014116746940189844 -0.0054073074329134907 0.010404913578816384 0 0 0.0019995461304376425
leaf_weight=28 40 46.053441882133484 10.000000000000002 11.999999999999998 12.999999999999998
leaf_count=28 40 37 10 12 13
internal_value=-0.000895321 0.002242 0.00768839 -0.00460649 0.000825454
internal_weight=149.053 121.053 69.0534 52 23
internal_count=140 112 60 52 23
is_linear=0
shrinkage=0.0168771


Tree=26
num_leaves=6
num_cat=0
split_feature=8 6 0 8 14
split_gain=29.6321 10.7038 4.16425 0.78378 0.478476
threshold=-0.15902934788027778 17.334285714285716 29.500000000000004 0.62780596395688415 19.125714285714288
decision_type=2 2 2 2 2
left_child=2 -2 -1 -3 -4
right_child=1 3 4 -5 -6
leaf_value=-0.015625029698773316 -0.0028951298586539333 0.013653239624636887 -0.0046828586093771284 0.0060619059547658066 0
leaf_weight=10.999999999999998 15.616634607315062 38.686730980873108 39 28.952224969863892 14.999999999999998
leaf_count=11 15 27 39 27 15
internal_value=0.00154911 0.0082107 -0.00663951 0.0111063 -0.00370879
internal_weight=148.256 83.2556 65 67.639 54
internal_count=134 69 65 54 54
is_linear=0
shrinkage=0.0168771


Tree=27
num_leaves=6
num_cat=0
split_feature=6 1 1 0 8
split_gain=24.7997 10.9106 5.11581 5.10773 1.53518
threshold=19.282142857142858 0.68136904761904782 10.666488095238099 22.500000000000004 0.73381793623169289
decision_type=2 2 2 2 2
left_child=1 -1 4 -3 -2
right_child=2 3 -4 -5 -6
leaf_value=0.00418210025626205 0.01318476294263801 -0.018085929477322335 0 -0.0053275072197571322 0.0029723378229792102
leaf_weight=19.104593515396118 31.461397409439087 13.999999999999998 11.999999999999998 49 14.482812404632567
leaf_count=18 22 14 12 49 14
internal_value=0 -0.00576819 0.00834202 -0.0091772 0.0107937
internal_weight=140.049 82.1046 57.9442 63 45.9442
internal_count=129 81 48 63 36
is_linear=0
shrinkage=0.0168771


Tree=28
num_leaves=6
num_cat=0
split_feature=2 1 13 13 3
split_gain=28.526 15.769 6.74334 0.491573 0.35098
threshold=0.23928571428571432 7.6091666666666677 0.42253909625472691 0.83757201660997593 0.39071428571428585
decision_type=2 2 2 2 2
left_child=-1 2 -2 -4 -3
right_child=1 4 3 -5 -6
leaf_value=-0.014763225831518756 0.011285226880345098 -0.0047995203778429946 0.0023165254016091928 -0.0017269565977406545 -0.00030403752566998454
leaf_weight=28 52.781901955604553 32 16.000000000000004 9.9999999999999982 20
leaf_count=28 41 32 16 10 20
internal_value=-2.0395e-05 0.00322136 0.00795703 0 -0.00358664
internal_weight=158.782 130.782 78.7819 26 52
internal_count=147 119 67 26 52
is_linear=0
shrinkage=0.0168771


Tree=29
num_leaves=7
num_cat=0
split_feature=6 2 1 1 12 1
split_gain=32.584 14.193 7.07946 3.09607 1.14981 0.440532
threshold=19.282142857142858 0.24285714285714288 10.666488095238099 1.4995833333333339 1.1802447097642081 7.3998214285714292
decision_type=2 2 2 2 2 2
left_child=1 5 4 -3 -2 -1
right_child=2 3 -4 -5 -6 -7
leaf_value=-0.0195013303836718 0.013199527991589327 0.0035025981898979806 -0.0005814401944546566 -0.0039897676629912955 0.0041247773969754408 -0.0065031955733976105
leaf_weight=17.000000000000004 37.576048731803894 17.319632649421692 14.999999999999998 48 17.765624761581421 11.999999999999998
leaf_count=17 26 16 15 48 17 12
internal_value=-4.93953e-05 -0.00658245 0.00831797 -0.00160985 0.0110233 -0.0159104
internal_weight=164.661 94.3196 70.3417 65.3196 55.3417 29
internal_count=151 93 58 64 43 29
is_linear=0
shrinkage=0.0168771


Tree=30
num_leaves=7
num_cat=0
split_feature=11 8 0 13 8 0
split_gain=29.9179 13.7916 6.39233 2.15465 0.344132 0.141282
threshold=18.017142857142858 -0.15902934788027778 22.500000000000004 0.43283673310345328 -0.76191531316865058 50.000000000000007
decision_type=2 2 2 2 2 2
left_child=2 4 -1 -3 -2 -4
right_child=1 3 5 -5 -6 -7
leaf_value=-0.017877132124743032 -0.004381478429181242 0.011849485040447801 -0.0051350376731510994 0.002337458813299297 0 0
leaf_weight=15.999999999999998 13.999999999999998 50.966398954391479 34.208317279815674 17 20 9.9999999999999982
leaf_count=16 14 38 34 17 20 10
internal_value=1.47626e-06 0.00565911 -0.0090438 0.00998054 -0.00247812 -0.00446306
internal_weight=162.175 101.966 60.2083 67.9664 34 44.2083
internal_count=149 89 60 55 34 44
is_linear=0
shrinkage=0.0168771


Tree=31
num_leaves=8
num_cat=0
split_feature=5 1 2 1 13 0 10
split_gain=26.4386 9.64981 7.68506 1.57618 1.26169 0.530923 0.338885
threshold=18.700000000000003 10.666488095238099 0.24285714285714288 1.4995833333333339 0.42253909625472691 20.500000000000004 0.39428571428571429
decision_type=2 2 2 2 2 2 2
left_child=2 4 5 -4 -2 -1 -3
right_child=1 6 3 -5 -6 -7 -8
leaf_value=-0.019088730011898324 0.011599329217860154 -0.0035576852541652332 0.0019629058807349403 -0.0039953576028831303 0.0026454061137266296 -0.0063470626844509929 0
leaf_weight=11.000000000000002 47.998711228370667 12.000000000000002 11.608317375183104 33 14.999999999999998 13.999999999999998 9.9999999999999982
leaf_count=11 36 12 11 33 15 14 10
internal_value=0.000363235 0.00671128 -0.00703744 -0.00194782 0.0100188 -0.0141643 -0.00192423
internal_weight=154.607 84.9987 69.6083 44.6083 62.9987 25 22
internal_count=142 73 69 44 51 25 22
is_linear=0
shrinkage=0.0168771


Tree=32
num_leaves=5
num_cat=0
split_feature=10 8 13 10
split_gain=22.6312 16.1334 3.17391 1.55027
threshold=0.24000000000000002 -0.15902934788027778 0.42253909625472691 0.39428571428571429
decision_type=2 2 2 2
left_child=-1 3 -3 -2
right_child=1 2 -4 -5
leaf_value=-0.014044592346581999 -0.0057492651908573758 0.01000269591810323 0.00093261425516615601 0
leaf_weight=26 39 50.100550413131714 22 17
leaf_count=26 39 40 22 17
internal_value=-0.000420085 0.00242504 0.00767777 -0.00400263
internal_weight=154.101 128.101 72.1006 56
internal_count=144 118 62 56
is_linear=0
shrinkage=0.0168771


Tree=33
num_leaves=7
num_cat=0
split_feature=2 1 13 14 3 13
split_gain=21.9153 13.3828 5.74303 3.13583 0.544317 0.445398
threshold=0.24285714285714288 7.6091666666666677 0.42253909625472691 16.951428571428579 0.39071428571428585 0.83757201660997593
decision_type=2 2 2 2 2 2
left_child=3 2 -2 -1 -3 -4
right_child=1 4 5 -5 -6 -7
leaf_value=-0.018017933102426709 0.010115530941306157 -0.0045836411914754504 0.0022059234966283437 -0.0027186364212009556 0 -0.0014173863261009885
leaf_weight=16.000000000000004 52.178476095199585 38 17.000000000000004 11.233483791351317 18 11.999999999999998
leaf_count=16 41 38 17 11 18 12
internal_value=-0.000151424 0.00252639 0.00689815 -0.0133237 -0.00345819 1.16617e-05
internal_weight=164.412 137.178 81.1785 27.2335 56 29
internal_count=153 126 70 27 56 29
is_linear=0
shrinkage=0.0168771


Tree=34
num_leaves=7
num_cat=0
split_feature=6 1 13 3 5 10
split_gain=20.6274 8.76643 5.3959 3.56566 0.959415 0.22676
threshold=19.282142857142858 1.4995833333333339 0.027302802667688798 0.27428571428571435 17.803571428571434 0.39857142857142863
decision_type=2 2 2 2 2 2
left_child=1 -1 -2 4 -3 -4
right_child=2 3 5 -5 -6 -7
leaf_value=0.0041883596986538934 0.010826843429904845 -0.014411955102447889 -0.00050657786991284654 -0.002752977911228405 -0.0034258308106980685 0.0019034760079750179
leaf_weight=19.345354199409485 43.064851641654968 21 11.000000000000002 37 11.999999999999998 13.999999999999998
leaf_count=18 32 21 11 37 12 14
internal_value=0.000409922 -0.00471301 0.00736777 -0.00754956 -0.0116435 9.77845e-05
internal_weight=157.41 89.3454 68.0649 70 33 25
internal_count=145 88 57 70 33 25
is_linear=0
shrinkage=0.0168771


Tree=35
num_leaves=7
num_cat=0
split_feature=5 2 12 12 0 5
split_gain=23.5465 10.706 2.66634 1.8797 0.886467 0.420742
threshold=19.90071428571429 0.24285714285714288 0.42763007964406702 1.1802447097642081 20.500000000000004 16.456428571428578
decision_type=2 2 2 2 2 2
left_child=1 4 5 -2 -1 -3
right_child=3 2 -4 -5 -6 -7
leaf_value=-0.017822914308119046 0.011168671495449738 0 0.0031000024531414403 0.0026467370340490641 -0.0053498367427299012 -0.0040197241253965487
leaf_weight=15.000000000000002 29.618717789649963 10.40000009536743 18.427182674407959 23.433483839035034 12.999999999999998 53
leaf_count=15 21 10 17 23 13 53
internal_value=-0.000667849 -0.00522125 -0.0016448 0.00813892 -0.0138074 -0.00343758
internal_weight=162.879 109.827 81.8272 53.0522 28 63.4
internal_count=152 108 80 44 28 63
is_linear=0
shrinkage=0.0168771


Tree=36
num_leaves=8
num_cat=0
split_feature=3 6 13 12 13 3 10
split_gain=19.5128 7.68388 3.13305 2.20941 0.555408 0.361068 0.229362
threshold=0.24500000000000002 19.282142857142858 -0.10326434779682422 0.093897053173610162 0.67116620628019963 0.39071428571428585 0.40357142857142864
decision_type=2 2 2 2 2 2 2
left_child=-1 3 -3 6 -5 -4 -2
right_child=1 2 5 4 -6 -7 -8
leaf_value=-0.013113916255945822 -0.0044496375074215919 0.010301464725782446 0.0032422995773931217 0.0040505869104406475 0 0 0
leaf_weight=25 31 32.019141435623169 10.505202770233156 14.263347387313845 9.9999999999999982 14.999999999999998 9.9999999999999982
leaf_count=25 31 24 10 13 10 15 10
internal_value=-0.00022287 0.00246667 0.00687057 -0.00121398 0.00213293 0.00115984 -0.00371524
internal_weight=147.788 122.788 57.5243 65.2633 24.2633 25.5052 41
internal_count=138 113 49 64 23 25 41
is_linear=0
shrinkage=0.0168771


Tree=37
num_leaves=8
num_cat=0
split_feature=6 2 1 1 1 9 3
split_gain=20.793 9.32755 4.96299 3.31168 1.72049 1.49286 0.795442
threshold=19.282142857142858 0.24285714285714288 10.666488095238099 1.4995833333333339 -7.2825595238095238 16.552142857142858 0.39357142857142852
decision_type=2 2 2 2 2 2 2
left_child=1 5 4 -3 -2 -1 -5
right_child=2 3 -4 6 -6 -7 -8
leaf_value=-0.018233308184991699 0.00099499373886803013 0.0036254005473914425 -0.000800019202755299 -0.0051673347006926575 0.011083757281176502 -0.00505518951464024 0
leaf_weight=13.000000000000002 11.999999999999998 19.146394610404968 12.999999999999998 35 38.082593560218811 13.999999999999998 11.999999999999998
leaf_count=13 12 18 13 35 28 14 12
internal_value=-0.000234007 -0.00537336 0.00691713 -0.001385 0.00927712 -0.0133079 -0.00396773
internal_weight=156.229 93.1464 63.0826 66.1464 50.0826 27 47
internal_count=145 92 53 65 40 27 47
is_linear=0
shrinkage=0.0168771


Tree=38
num_leaves=9
num_cat=0
split_feature=6 2 8 0 8 13 8 11
split_gain=18.2504 9.34982 7.67368 2.17644 1.76421 1.38229 0.519562 0.17777
threshold=18.729285714285719 0.24285714285714288 -0.15902934788027778 20.500000000000004 1.0000000180025095e-35 0.42253909625472691 -0.82650410525855544 19.254999999999999
decision_type=2 2 2 2 2 2 2 2
left_child=1 3 7 -1 6 -4 -3 -2
right_child=2 4 5 -5 -6 -7 -8 -9
leaf_value=-0.018383212465727047 -0.0032814711153123293 0 0.010743071449666287 -0.003552228169441791 0.0030220642336782552 0.0019399263608481012 -0.0042391528090493054 0
leaf_weight=13.000000000000002 10.000000000000002 9.9999999999999982 43.336307764053345 10.999999999999998 16.032714247703552 14.999999999999998 25 9.9999999999999982
leaf_count=13 10 10 32 11 15 15 25 10
internal_value=0.000263963 -0.00542603 0.00598905 -0.0135394 -0.000669473 0.00904556 -0.00305409 -0.00196447
internal_weight=153.369 75.0327 78.3363 24 51.0327 58.3363 35 20
internal_count=141 74 67 24 50 47 35 20
is_linear=0
shrinkage=0.0168771


Tree=39
num_leaves=8
num_cat=0
split_feature=11 8 0 13 10 10 10
split_gain=23.6083 10.1912 7.27643 1.19893 0.698035 0.358427 0.163965
threshold=18.017142857142858 -0.15902934788027778 20.500000000000004 0.42253909625472691 0.39428571428571429 0.26428571428571429 0.29785714285714288
decision_type=2 2 2 2 2 2 2
left_child=2 4 -1 -3 -2 -4 -7
right_child=1 3 5 -5 -6 6 -8
leaf_value=-0.01758860151999804 -0.0049015849486604476 0.0093658719170975156 -0.0057576415522496349 0.0017172074807355513 0 0 -0.0020637914367769099
leaf_weight=17.216079592704773 19.000000000000004 51.245545983314514 22 17 10.999999999999998 10.208317279815676 12.999999999999998
leaf_count=17 19 40 22 17 11 10 13
internal_value=-0.0006468 0.00432582 -0.00865984 0.007924 -0.00315525 -0.0039344 -0.000898331
internal_weight=160.67 98.2455 62.4244 68.2455 30 45.2083 23.2083
internal_count=149 87 62 57 30 45 23
is_linear=0
shrinkage=0.0168771


Tree=40
num_leaves=6
num_cat=0
split_feature=2 1 10 1 10
split_gain=20.249 10.8656 4.53792 0.981222 0.675987
threshold=0.25857142857142867 7.6091666666666677 0.28000000000000008 -6.4779166666666645 0.40357142857142864
decision_type=2 2 2 2 2
left_child=2 3 -1 -2 -3
right_child=1 4 -4 -5 -6
leaf_value=-0.01364988083692378 0.00099058395606198561 -0.0035671181532593351 0 0.0085548246970562937 0
leaf_weight=29 13.999999999999998 37 11.233483791351317 54.110892057418823 14.999999999999998
leaf_count=29 14 37 11 43 15
internal_value=-0.000322705 0.00303194 -0.0103853 0.00742011 -0.00239633
internal_weight=160.344 120.111 40.2335 68.1109 52
internal_count=149 109 40 57 52
is_linear=0
shrinkage=0.0168771


Tree=41
num_leaves=6
num_cat=0
split_feature=2 1 13 14 12
split_gain=25.7947 13.3828 3.95638 1.99758 0.425538
threshold=0.25857142857142867 7.6091666666666677 0.42253909625472691 17.461428571428581 -0.88539954594203396
decision_type=2 2 2 2 2
left_child=3 2 -2 -1 -3
right_child=1 4 -4 -5 -6
leaf_value=-0.01420704585211679 0.010650968266976361 0 0.0010097822446152637 -0.0032780517876576749 -0.0036793373033312737
leaf_weight=25 55.501464366912842 12.999999999999998 23 15.999999999999998 33
leaf_count=25 41 13 23 16 33
internal_value=6.71876e-05 0.00403984 0.00823885 -0.0109532 -0.00273161
internal_weight=165.501 124.501 78.5015 41 46
internal_count=151 110 64 41 46
is_linear=0
shrinkage=0.0168771


Tree=42
num_leaves=7
num_cat=0
split_feature=2 8 13 14 10 7
split_gain=20.3927 10.8016 3.60592 1.63447 0.837418 0.477209
threshold=0.23928571428571432 -0.15902934788027778 0.64398681158506954 16.951428571428579 0.40357142857142864 17.372142857142858
decision_type=2 2 2 2 2 2
left_child=3 4 5 -1 -2 -3
right_child=1 2 -4 -5 -6 -7
leaf_value=-0.015574207881595994 -0.0036759802963119348 0.0017863440634262608 0 -0.0025257898206179868 0 0.0099065371100525487
leaf_weight=18.000000000000004 41 11.208317279815672 17 9.9999999999999982 12.999999999999998 47.611017823219299
leaf_count=18 41 11 17 10 13 36
internal_value=0 0.00290324 0.00698423 -0.0123167 -0.00249707 0.00887973
internal_weight=157.819 129.819 75.8193 28 54 58.8193
internal_count=146 118 64 28 54 47
is_linear=0
shrinkage=0.0168771


Tree=43
num_leaves=7
num_cat=0
split_feature=6 1 0 1 13 8
split_gain=17.6307 7.24497 3.90779 3.54347 1.53983 0.495161
threshold=19.282142857142858 1.4995833333333339 22.500000000000004 10.666488095238099 0.42253909625472691 -0.84442410795461564
decision_type=2 2 2 2 2 2
left_child=1 -1 -3 4 -2 -4
right_child=3 2 5 -5 -6 -7
leaf_value=0.0034394774356097256 0.010908512503090806 -0.014807425142006964 0 0 0.0013808172921038954 -0.0045792093948564573
leaf_weight=22.536267161369324 39.860024571418762 12.999999999999998 11.999999999999998 13.999999999999998 12.999999999999998 43
leaf_count=21 28 13 12 14 13 43
internal_value=0.000733036 -0.00391941 -0.00671552 0.00725484 0.0091619 -0.00376683
internal_weight=157.396 90.5363 68 66.86 52.86 55
internal_count=144 89 68 55 41 55
is_linear=0
shrinkage=0.0168771


Tree=44
num_leaves=6
num_cat=0
split_feature=6 0 8 3 0
split_gain=24.9206 12.6624 3.56599 0.712882 0.148937
threshold=19.282142857142858 19.500000000000004 1.0000000180025095e-35 0.36071428571428571 31.500000000000004
decision_type=2 2 2 2 2
left_child=1 -1 4 -2 -3
right_child=3 2 -4 -5 -6
leaf_value=-0.017187960886450516 0.01077277350085201 -0.00022510116487236943 0.0029452526044778248 0.004549212063827161 -0.0050258288660896449
leaf_weight=19 23.541720032691956 12.999999999999998 21.353671431541443 45.545442223548889 45
leaf_count=19 17 13 20 40 45
internal_value=-0.0001274 -0.0056484 -0.00210187 0.00733152 -0.00438009
internal_weight=167.441 98.3537 79.3537 69.0872 58
internal_count=154 97 78 57 58
is_linear=0
shrinkage=0.0168771


Tree=45
num_leaves=7
num_cat=0
split_feature=2 7 0 13 0 5
split_gain=20.0064 6.35981 4.29861 2.39275 0.860807 0.553218
threshold=0.24285714285714288 19.620000000000001 20.500000000000004 0.40618379699618939 27.000000000000004 16.535000000000004
decision_type=2 2 2 2 2 2
left_child=2 4 -1 -3 -2 -6
right_child=1 3 -4 -5 5 -7
leaf_value=-0.018119895238827382 0.0027050486611574663 0.0095353207907512873 -0.0016134104307964328 0.00053263018854391136 1.6143190374999955e-05 -0.0026078521961166111
leaf_weight=16.000000000000004 10.498891949653624 31.888847351074219 10.999999999999998 19 13.816634654998778 46.271718978881836
leaf_count=16 10 23 11 19 13 46
internal_value=-0.000452651 0.00238487 -0.0129569 0.00680167 -0.000637805 -0.00167583
internal_weight=148.476 121.476 27 50.8888 70.5872 60.0884
internal_count=138 111 27 42 69 59
is_linear=0
shrinkage=0.0168771


Tree=46
num_leaves=8
num_cat=0
split_feature=4 2 8 10 0 6 14
split_gain=19.7375 9.71784 3.83683 1.58587 1.44996 0.808511 0.124903
threshold=19.316428571428574 0.24285714285714288 0.14978472110981658 0.41857142857142865 20.500000000000004 19.282142857142858 19.125714285714288
decision_type=2 2 2 2 2 2 2
left_child=1 4 6 5 -1 -2 -3
right_child=3 2 -4 -5 -6 -7 -8
leaf_value=-0.017699681797646884 0.0014793585339054438 -0.0043377157142249507 0.0046152841469545179 0 -0.0046249260973066347 0.0091701698339394181 0
leaf_weight=14.000000000000002 13.960393190383909 38 17.798339009284973 11.416634559631346 12.999999999999998 41.398281097412109 9.9999999999999982
leaf_count=14 13 38 16 11 13 32 10
internal_value=-4.52302e-05 -0.00515251 -0.0010964 0.00664938 -0.0132178 0.00778641 -0.00379756
internal_weight=159.574 92.7983 65.7983 66.7753 27 55.3587 48
internal_count=147 91 64 56 27 45 48
is_linear=0
shrinkage=0.0168771


Tree=47
num_leaves=7
num_cat=0
split_feature=6 2 1 12 1 14
split_gain=21.8773 9.43163 3.76182 1.93774 1.92162 1.20563
threshold=19.282142857142858 0.24285714285714288 10.666488095238099 1.1802447097642081 1.4995833333333339 16.951428571428579
decision_type=2 2 2 2 2 2
left_child=1 5 3 -2 -3 -1
right_child=2 4 -4 -5 -6 -7
leaf_value=-0.016259905412346148 0.010718822257008457 0.002318190954062849 0 0.0013731475554569466 -0.003412323025553271 -0.0040398585686137927
leaf_weight=18.000000000000004 40.681039094924927 20.847753286361694 12.999999999999998 15.433483839035032 39 11.999999999999998
leaf_count=18 28 20 13 15 39 12
internal_value=0 -0.00550528 0.00689063 0.00872293 -0.00104397 -0.0128436
internal_weight=158.962 89.8478 69.1145 56.1145 59.8478 30
internal_count=145 89 56 43 59 30
is_linear=0
shrinkage=0.0168771


Tree=48
num_leaves=9
num_cat=0
split_feature=5 2 1 0 1 1 7 1
split_gain=14.8606 6.72937 6.58918 1.55111 1.1094 0.713416 0.310855 0.234695
threshold=18.700000000000003 0.24285714285714288 10.666488095238099 22.500000000000004 -7.2825595238095238 1.4995833333333339 19.305714285714291 10.666488095238099
decision_type=2 2 2 2 2 2 2 2
left_child=1 3 4 -1 -2 -3 -4 -7
right_child=2 5 6 -5 -6 7 -8 -9
leaf_value=-0.015315363260470382 0.00069313459747480117 0.0020829365621159225 -0.0037613575026266967 -0.002391954462488351 0.0087012684658868862 -0.0032448649037631633 0 0
leaf_weight=16.000000000000004 12.999999999999998 10.608317375183104 12.000000000000002 9.9999999999999982 51.747502684593201 18.000000000000004 9.9999999999999982 10.999999999999998
leaf_count=16 13 10 12 10 40 18 10 11
internal_value=0.000155962 -0.00561547 0.00481165 -0.0118623 0.00752384 -0.000455644 -0.00221709 -0.00219213
internal_weight=152.356 65.6083 86.7475 26 64.7475 39.6083 22 29
internal_count=140 65 75 26 53 39 22 29
is_linear=0
shrinkage=0.0168771


Tree=49
num_leaves=6
num_cat=0
split_feature=9 1 2 12 10
split_gain=20.136 7.74267 3.93993 2.0832 0.257904
threshold=17.942857142857143 7.5385119047619051 0.24285714285714288 0.57716973551682071 0.40357142857142864
decision_type=2 2 2 2 2
left_child=2 3 -1 -2 -3
right_child=1 4 -4 -5 -6
leaf_value=-0.013894221921410835 0.010559000434999553 -0.0029872756834462928 -0.0024574558839185285 0.0030527371373783711 0
leaf_weight=21 36.64558207988739 19.000000000000004 25 33.666494846343994 11.999999999999998
leaf_count=21 25 19 25 32 12
internal_value=0.000128651 0.0044618 -0.00865371 0.00753561 -0.00189744
internal_weight=147.312 101.312 46 70.3121 31
internal_count=134 88 46 57 31
is_linear=0
shrinkage=0.0168771


Tree=50
num_leaves=7
num_cat=0
split_feature=6 1 0 1 3 1
split_gain=12.0311 7.06295 3.57881 2.62712 0.813948 0.6621
threshold=19.282142857142858 0.68136904761904782 20.500000000000004 10.666488095238099 0.38214285714285717 -6.4779166666666645
decision_type=2 2 2 2 2 2
left_child=1 -1 -3 5 -4 -2
right_child=3 2 4 -5 -6 -7
leaf_value=0.0034021646117105859 0.00070521710868732515 -0.014771184111578212 -0.0047377475143561025 0 0 0.0085712197620924913
leaf_weight=22.536267161369324 10.999999999999998 11.999999999999998 44 12.999999999999998 9.9999999999999982 38.166235327720642
leaf_count=21 11 12 44 13 10 29
internal_value=0 -0.00382623 -0.00665923 0.00566429 -0.00379854 0.00737976
internal_weight=150.703 88.5363 66 62.1662 54 49.1662
internal_count=140 87 66 53 54 40
is_linear=0
shrinkage=0.0168771


Tree=51
num_leaves=9
num_cat=0
split_feature=5 1 3 4 1 10 3 3
split_gain=13.4475 7.39111 5.54102 1.59221 0.824985 0.310528 0.302325 0.129707
threshold=18.700000000000003 10.666488095238099 0.25785714285714295 17.354285714285719 -7.2825595238095238 0.39428571428571429 0.30500000000000005 0.39357142857142852
decision_type=2 2 2 2 2 2 2 2
left_child=2 4 3 -1 -2 -3 -4 -8
right_child=1 5 6 -5 -6 -7 7 -9
leaf_value=-0.01199394230067722 0.00090972803294772859 -0.0034188513043842141 0.0011965308869121111 -0.00078243315902932489 0.0087779162532518173 0 -0.0021284439368706742 0
leaf_weight=23 11.999999999999998 15.000000000000002 13.816634654998778 9.9999999999999982 53.588211059570312 10.999999999999998 19.000000000000004 10.999999999999998
leaf_count=23 12 15 13 10 41 11 19 11
internal_value=0.000346559 0.00476609 -0.00462326 -0.00955995 0.00776557 -0.00204521 -6.11583e-05 -0.00137616
internal_weight=168.405 91.5882 76.8166 33 65.5882 26 43.8166 30
internal_count=155 79 76 33 53 26 43 30
is_linear=0
shrinkage=0.0168771


Tree=52
num_leaves=7
num_cat=0
split_feature=6 2 8 14 13 14
split_gain=18.3226 8.75884 2.22532 1.76444 1.64827 0.375893
threshold=19.282142857142858 0.24785714285714289 0.73381793623169289 17.461428571428581 0.04078775503772443 19.530000000000005
decision_type=2 2 2 2 2 2
left_child=1 3 5 -1 -2 -3
right_child=4 2 -4 -5 -6 -7
leaf_value=-0.015394404010125427 0.009592586058236284 -0.0033621672973182682 0.0038433753967959481 -0.0026384478972384762 0.0016369722262356023 0
leaf_weight=18.000000000000004 35.341350555419922 43 15.546394705772398 10.999999999999998 20.505202770233154 11.999999999999998
leaf_count=18 25 43 14 11 20 12
internal_value=-9.13492e-05 -0.0045345 -0.000831607 -0.0119412 0.00727913 -0.00266706
internal_weight=155.393 99.5464 70.5464 29 55.8466 55
internal_count=143 98 69 29 45 55
is_linear=0
shrinkage=0.0168771


Tree=53
num_leaves=8
num_cat=0
split_feature=11 0 10 10 9 4 10
split_gain=14.2528 4.18997 3.89218 1.20944 0.743717 0.648504 0.623211
threshold=18.017142857142858 20.500000000000004 0.3535714285714287 0.40500000000000008 19.067142857142866 19.460714285714289 0.26428571428571429
decision_type=2 2 2 2 2 2 2
left_child=1 -1 4 5 -2 -4 -3
right_child=2 6 3 -5 -6 -7 -8
leaf_value=-0.014055529313631696 0.0015446551899926371 -0.0050892133671849834 -0.0043028275396615537 0.0027769990840508765 0.0089007220757843404 0 0
leaf_weight=15.999999999999998 15.882812499999998 21 15.000000000000002 22.699803113937378 27.31104850769043 11.254164457321165 22.416634559631348
leaf_count=16 15 21 15 21 20 11 22
internal_value=-0.000535969 -0.0069204 0.00343083 0 0.00695066 -0.00224461 -0.00308826
internal_weight=151.564 59.4166 92.1478 48.954 43.1939 26.2542 43.4166
internal_count=141 59 82 47 35 26 43
is_linear=0
shrinkage=0.0168771


Tree=54
num_leaves=6
num_cat=0
split_feature=2 8 13 0 14
split_gain=15.9921 9.76496 2.00117 0.590606 0.275123
threshold=0.23928571428571432 -0.15902934788027778 0.42253909625472691 20.500000000000004 19.125714285714288
decision_type=2 2 2 2 2
left_child=3 4 -3 -1 -2
right_child=1 2 -4 -5 -6
leaf_value=-0.014172997923798933 -0.0033740460085507013 0.0084574296024354546 0.00094845358541717365 -0.0037095119772569095 0
leaf_weight=14.000000000000002 34 54.417295455932617 22 12.999999999999998 13.999999999999998
leaf_count=14 34 41 22 13 14
internal_value=0.00021365 0.00295745 0.00669251 -0.0107367 -0.00259128
internal_weight=151.417 124.417 76.4173 27 48
internal_count=138 111 63 27 48
is_linear=0
shrinkage=0.0168771


Tree=55
num_leaves=6
num_cat=0
split_feature=9 1 14 13 3
split_gain=13.0143 8.60524 2.15871 1.98769 0.460668
threshold=17.262142857142859 7.5385119047619051 17.461428571428581 0.42253909625472691 0.39357142857142852
decision_type=2 2 2 2 2
left_child=2 3 -1 -2 -3
right_child=1 4 -4 -5 -6
leaf_value=-0.010763564195134931 0.0087020263048681705 -0.0031756396175122419 -0.0004119989549187541 0.0010313891908098481 0
leaf_weight=26 46.195404171943665 34 13.40000009536743 22 14.999999999999998
leaf_count=26 35 34 13 22 15
internal_value=0 0.00284061 -0.00804366 0.00668643 -0.00215484
internal_weight=156.595 117.195 39.4 68.1954 49
internal_count=145 106 39 57 49
is_linear=0
shrinkage=0.0168771


Tree=56
num_leaves=8
num_cat=0
split_feature=6 2 0 1 1 12 14
split_gain=13.056 5.27668 2.71327 2.46278 1.84392 0.893298 0.401803
threshold=19.282142857142858 0.24285714285714288 22.500000000000004 10.666488095238099 1.4995833333333339 1.4894754886627204 19.175000000000004
decision_type=2 2 2 2 2 2 2
left_child=1 2 -1 5 -3 -2 -6
right_child=3 4 -4 -5 6 -7 -8
leaf_value=-0.013547153032115292 0.008386267247737304 0.0028758858934965514 -0.00016354131295352999 0 -0.0035844007859409514 0.00055142713150880672 0
leaf_weight=18.000000000000004 40.324949860572815 17.32794988155365 9.9999999999999982 12.999999999999998 39 12.200000047683714 9.9999999999999982
leaf_count=18 30 16 10 13 39 12 10
internal_value=0 -0.00409312 -0.00995853 0.00552569 -0.000978328 0.0070955 -0.00285807
internal_weight=159.853 94.3279 28 65.5249 66.3279 52.5249 49
internal_count=148 93 28 55 65 42 49
is_linear=0
shrinkage=0.0168771


Tree=57
num_leaves=7
num_cat=0
split_feature=2 1 0 13 3 14
split_gain=14.5095 8.83863 5.68279 4.1497 0.345958 0.126867
threshold=0.24285714285714288 7.6091666666666677 20.500000000000004 0.42253909625472691 0.39357142857142852 17.697142857142858
decision_type=2 2 2 2 2 2
left_child=2 3 -1 -2 5 -3
right_child=1 4 -4 -5 -6 -7
leaf_value=-0.015734063375685624 0.0083695869987926927 0 -0.0011712515522747039 0 0 -0.003942561636788018
leaf_weight=17 56.261470198631287 10.999999999999998 19.233483791351318 23 15.999999999999998 28
leaf_count=17 43 11 19 23 16 28
internal_value=-5.62601e-05 0.0024022 -0.00923922 0.00600503 -0.00244372 -0.00325613
internal_weight=170.495 134.261 36.2335 79.2615 55 39
internal_count=157 121 36 66 55 39
is_linear=0
shrinkage=0.0168771


Tree=58
num_leaves=7
num_cat=0
split_feature=2 8 1 6 14 14
split_gain=13.5722 8.95148 1.49972 1.22348 0.573797 0.253235
threshold=0.24285714285714288 -0.15902934788027778 -7.2825595238095238 19.282142857142858 19.125714285714288 17.461428571428581
decision_type=2 2 2 2 2 2
left_child=5 4 -3 -4 -2 -1
right_child=1 2 3 -5 -6 -7
leaf_value=-0.012952852011049811 -0.0038209325239675 0 0.0021955619615169671 0.0092172381810697174 0 -0.0028769083458156297
leaf_weight=16.000000000000004 35 14.999999999999998 23.312910795211792 37.888357758522034 21 9.9999999999999982
leaf_count=16 35 15 22 27 21 10
internal_value=0 0.00220623 0.00596738 0.00711358 -0.00257321 -0.0105335
internal_weight=158.201 132.201 76.2013 61.2013 56 26
internal_count=146 120 64 49 56 26
is_linear=0
shrinkage=0.0168771


Tree=59
num_leaves=7
num_cat=0
split_feature=2 12 0 6 10 3
split_gain=14.0604 6.96831 3.02836 2.08889 0.478579 0.398247
threshold=0.24285714285714288 -0.26116409365619925 20.500000000000004 18.377142857142868 0.39428571428571429 0.39642857142857141
decision_type=2 2 2 2 2 2
left_child=2 4 -1 -3 -2 -5
right_child=1 3 -4 5 -6 -7
leaf_value=-0.015077624417575358 -0.0037749729489556525 0 -0.0020757070160668067 0.007649429845607794 0 0.0015704182807107733
leaf_weight=18 41 20.824396967887878 14.233483791351317 37.788526773452759 15.200000047683714 16.650239109992981
leaf_count=18 41 20 14 30 15 15
internal_value=-0.00105998 0.00129735 -0.0106224 0.00469261 -0.00287755 0.00635533
internal_weight=163.697 131.463 32.2335 75.2632 56.2 54.4388
internal_count=153 121 32 65 56 45
is_linear=0
shrinkage=0.0168771


Tree=60
num_leaves=8
num_cat=0
split_feature=5 8 0 13 8 13 7
split_gain=11.0965 6.04784 5.96786 0.621842 0.594267 0.353493 0.168587
threshold=18.664285714285718 -0.15902934788027778 20.500000000000004 0.42253909625472691 1.0000000180025095e-35 0.0030036377055305268 19.254999999999999
decision_type=2 2 2 2 2 2 2
left_child=2 6 -1 -3 5 -4 -2
right_child=1 3 4 -5 -6 -7 -8
leaf_value=-0.013648933403985958 -0.0031860133214077343 0.0075187404948417408 -0.0035814879874281917 0.00068336990681494765 0.00024617833133589492 0 0
leaf_weight=15.999999999999998 17.000000000000004 48.424050569534302 32 12.999999999999998 10.608317375183104 10.999999999999998 10.999999999999998
leaf_count=16 17 37 32 13 10 11 11
internal_value=-0.000190317 0.00355052 -0.00525475 0.00651702 -0.00177815 -0.00274974 -0.00223284
internal_weight=159.032 89.4241 69.6083 61.4241 53.6083 43 28
internal_count=147 78 69 50 53 43 28
is_linear=0
shrinkage=0.0168771


Tree=61
num_leaves=8
num_cat=0
split_feature=6 2 1 1 0 13 3
split_gain=12.5856 6.04371 2.78638 1.8853 1.32674 0.676256 0.582839
threshold=19.282142857142858 0.24285714285714288 10.666488095238099 1.4995833333333339 20.500000000000004 0.42253909625472691 0.39357142857142852
decision_type=2 2 2 2 2 2 2
left_child=1 4 5 -3 -1 -2 -5
right_child=2 3 -4 6 -6 -7 -8
leaf_value=-0.013399869721967635 0.0090143973577463017 0.0027920801262703967 0 -0.0036453021423707185 -0.0029008098639624579 0.0016788717233960442 0
leaf_weight=16.000000000000004 34.582999467849731 22.561433792114258 12.999999999999998 37 14.999999999999998 14.999999999999998 11.999999999999998
leaf_count=16 24 21 13 37 15 15 12
internal_value=0 -0.00373778 0.00567749 -0.000590639 -0.00966661 0.00743869 -0.00264931
internal_weight=165.144 102.561 62.583 71.5614 31 49.583 49
internal_count=153 101 52 70 31 39 49
is_linear=0
shrinkage=0.0168771


Tree=62
num_leaves=9
num_cat=0
split_feature=10 2 6 10 14 10 6 4
split_gain=13.1994 3.41371 3.10252 0.69111 0.824575 0.339936 0.264939 0.206042
threshold=0.26428571428571429 0.24785714285714289 19.282142857142858 0.3535714285714287 20.43214285714286 0.28571428571428581 16.707857142857147 19.57357142857143
decision_type=2 2 2 2 2 2 2 2
left_child=1 -1 5 -4 -5 -2 -3 -7
right_child=2 6 3 4 -6 7 -8 -9
leaf_value=-0.010573164626212094 0.0021130612503277189 -0.00249409869996369 0.0082297162303435652 0.00031333244173357652 0.0064423557185368744 -0.0016518990041514659 0 0
leaf_weight=28 13.632714152336119 10.000000000000002 26.751332879066467 29.354666113853455 10.934869050979612 27 11.200000047683714 10.703552961349486
leaf_count=28 13 10 19 28 8 27 11 10
internal_value=5.98978e-05 -0.00691021 0.00323809 0.00555088 0.00281809 0 -0.000449482 -0.000751542
internal_weight=167.577 49.2 118.377 67.0409 40.2895 51.3363 21.2 37.7036
internal_count=154 49 105 55 36 50 21 37
is_linear=0
shrinkage=0.0168771


Tree=63
num_leaves=7
num_cat=0
split_feature=6 8 0 8 3 8
split_gain=10.339 6.30978 4.86834 3.22093 0.655524 0.468571
threshold=19.282142857142858 1.0000000180025095e-35 20.500000000000004 -0.15902934788027778 0.39357142857142852 0.56681421594250792
decision_type=2 2 2 2 2 2
left_child=1 2 -1 -2 -4 -5
right_child=3 -3 4 5 -6 -7
leaf_value=-0.013989382692402783 -0.00085486398350947132 0.0031690464339523294 -0.0037726809781576708 0.0086150769412901753 0 0.0022106502661284159
leaf_weight=14.999999999999998 13.999999999999998 25.73626720905304 62 31.320251822471619 10.999999999999998 18.956073045730591
leaf_count=15 14 24 62 21 11 18
internal_value=-0.00024953 -0.00339809 -0.00560531 0.00489389 -0.00311628 0.00687529
internal_weight=178.013 113.736 88 64.2763 73 50.2763
internal_count=165 112 88 53 73 39
is_linear=0
shrinkage=0.0168771


Tree=64
num_leaves=6
num_cat=0
split_feature=6 0 13 10 13
split_gain=11.0753 4.5733 2.33825 1.58321 0.425538
threshold=19.282142857142858 15.000000000000002 0.027302802667688798 0.24000000000000002 -0.57790906816608401
decision_type=2 2 2 2 2
left_child=1 -1 -2 -3 -5
right_child=2 3 -4 4 -6
leaf_value=-0.012323778581619836 0.0077980367985671789 -0.0059782853988031067 9.2398654165339023e-05 0.0021352848686643864 -0.00095080705905242681
leaf_weight=11.999999999999998 40.36940336227417 15.999999999999998 23.505202770233154 11.263347387313841 60.513680458068848
leaf_count=12 29 16 23 10 60
internal_value=0 -0.00340179 0.00542588 -0.001578 -0.000101962
internal_weight=163.652 99.777 63.8746 87.777 71.777
internal_count=150 98 52 86 70
is_linear=0
shrinkage=0.0168771


Tree=65
num_leaves=7
num_cat=0
split_feature=11 1 10 13 10 12
split_gain=11.1494 5.02891 3.63917 0.670689 0.433529 0.185679
threshold=18.017142857142858 7.5385119047619051 0.26428571428571429 0.64398681158506954 0.40357142857142864 0.093897053173610162
decision_type=2 2 2 2 2 2
left_child=2 3 -1 -2 -3 -4
right_child=1 4 5 -5 -6 -7
leaf_value=-0.0093060200424538858 0.0068435445328120714 -0.0027010663609993301 -0.0016529673361526591 0.000570996229065017 0 0.00036274924108918089
leaf_weight=34 51.633541464805603 25 16.000000000000004 14.999999999999998 10.999999999999998 10.424396872520445
leaf_count=34 40 25 16 15 11 10
internal_value=-0.000119666 0.00310452 -0.00584087 0.00583697 -0.00143536 -0.000136623
internal_weight=163.058 102.634 60.4244 66.6335 36 26.4244
internal_count=151 91 60 55 36 26
is_linear=0
shrinkage=0.0168771


Tree=66
num_leaves=7
num_cat=0
split_feature=6 2 1 1 3 9
split_gain=13.211 5.84875 2.59855 1.99429 0.843181 0.22566
threshold=19.282142857142858 0.24285714285714288 10.666488095238099 1.4995833333333339 0.39357142857142852 17.214285714285719
decision_type=2 2 2 2 2 2
left_child=1 5 -2 -3 -5 -1
right_child=2 3 -4 4 -6 -7
leaf_value=-0.012182488882707744 0.0069037868883799081 0.0026597107314753083 0 -0.0041995304425876696 0 -0.0026763889588296546
leaf_weight=21.000000000000004 50.261644601821899 18.881237149238586 13.999999999999998 40 10.999999999999998 9.9999999999999982
leaf_count=21 39 18 14 40 11 10
internal_value=-0.000521561 -0.00440533 0.00516826 -0.00118844 -0.00309568 -0.0102706
internal_weight=165.143 100.881 64.2616 69.8812 51 31
internal_count=153 100 53 69 51 31
is_linear=0
shrinkage=0.0168771


Tree=67
num_leaves=7
num_cat=0
split_feature=6 1 1 0 1 3
split_gain=7.10532 3.83719 1.89651 1.22739 0.473763 0.320042
threshold=19.45571428571429 0.68136904761904782 10.666488095238099 22.500000000000004 -3.2253571428571428 0.39357142857142852
decision_type=2 2 2 2 2 2
left_child=1 -1 4 -3 -2 -5
right_child=2 3 -4 5 -6 -7
leaf_value=0.0026727485475879832 0.0014644202633455918 -0.010090244694584419 0 -0.0033408838813592441 0.008093683782370591 0
leaf_weight=24.538077354431152 15.506168723106383 9.9999999999999982 11.999999999999998 48 29.541100263595581 13.999999999999998
leaf_count=23 15 10 12 48 20 14
internal_value=0.000278621 -0.0023421 0.00498567 -0.00438793 0.00650685 -0.00271109
internal_weight=153.585 96.5381 57.0473 72 45.0473 62
internal_count=142 95 47 72 35 62
is_linear=0
shrinkage=0.0168771


Tree=68
num_leaves=6
num_cat=0
split_feature=2 8 13 9 3
split_gain=7.20731 5.69818 1.13487 0.501812 0.32289
threshold=0.23928571428571432 -0.15902934788027778 0.42253909625472691 17.214285714285719 0.39357142857142852
decision_type=2 2 2 2 2
left_child=3 4 -3 -1 -2
right_child=1 2 -4 -5 -6
leaf_value=-0.010234443992644554 -0.0032153404837533452 0.0060011237236141891 0.00021375767285080753 -0.0011579474771249538 0
leaf_weight=14.000000000000002 34 54.35044527053833 22 9.9999999999999982 13.999999999999998
leaf_count=14 34 43 22 10 14
internal_value=0 0.00178791 0.00468553 -0.00782046 -0.00238522
internal_weight=148.35 124.35 76.3504 24 48
internal_count=137 113 65 24 48
is_linear=0
shrinkage=0.0168771


Tree=69
num_leaves=7
num_cat=0
split_feature=2 8 14 1 9 14
split_gain=10.1272 5.42794 1.85452 1.07862 0.6767 0.268481
threshold=0.24285714285714288 -0.15902934788027778 17.461428571428581 -6.4779166666666645 18.272857142857148 19.125714285714288
decision_type=2 2 2 2 2 2
left_child=2 5 -1 -3 -5 -2
right_child=1 3 -4 4 -6 -7
leaf_value=-0.011513006378618847 -0.0027109283412833076 0 -0.00068066732683410441 0.00061029408137296267 0.0067838807479410363 0
leaf_weight=20 38 15.999999999999998 11.999999999999998 15.898892045021055 44.79033374786377 20
leaf_count=20 38 16 12 15 34 20
internal_value=-0.000266035 0.0016631 -0.0084889 0.00462457 0.00562112 -0.00191854
internal_weight=166.689 134.689 32 76.6892 60.6892 58
internal_count=155 123 32 65 49 58
is_linear=0
shrinkage=0.0168771


Tree=70
num_leaves=7
num_cat=0
split_feature=6 12 0 13 2 13
split_gain=8.66127 3.27287 2.81345 0.926655 0.411128 0.21694
threshold=19.282142857142858 0.42763007964406702 20.500000000000004 0.027302802667688798 0.22428571428571434 0.76961405253917958
decision_type=2 2 2 2 2 2
left_child=1 2 -1 -2 -4 -3
right_child=3 5 4 -5 -6 -7
leaf_value=-0.012109056814841779 0.0060561349414620441 0.0026034260251570547 0 0.00069046928489707509 -0.0035192287200336661 0
leaf_weight=12.999999999999998 38.381006002426147 12.919632554054262 11.999999999999998 26.505202770233154 52.200000047683716 9.9999999999999982
leaf_count=13 29 12 12 26 52 10
internal_value=-0.000226225 -0.00342828 -0.00511697 0.00431888 -0.00290271 0.00132755
internal_weight=165.006 100.12 77.2 64.8862 64.2 22.9196
internal_count=154 99 77 55 64 22
is_linear=0
shrinkage=0.0168771


Tree=71
num_leaves=8
num_cat=0
split_feature=6 0 10 12 10 4 3
split_gain=7.35771 3.47985 1.29963 0.916645 0.49553 0.281815 0.118546
threshold=19.282142857142858 19.500000000000004 0.3535714285714287 0.42763007964406702 0.40357142857142864 18.664285714285718 0.30500000000000005
decision_type=2 2 2 2 2 2 2
left_child=1 -1 -2 5 -4 -3 -5
right_child=2 3 4 6 -6 -7 -8
leaf_value=-0.010434850159538258 0.0073227719250121542 -0.0028452459403986276 0 0.0023348135321425616 0.0029207976130757327 0 0
leaf_weight=11.999999999999998 27.779792308807373 44 15.708328962326048 10.930315017700197 27.229562044143677 14.200000047683714 10.22335636615753
leaf_count=12 20 44 15 10 24 14 10
internal_value=0.000233103 -0.00275009 0.00434759 -0.000986956 0.00159067 -0.00221382 0.00131639
internal_weight=162.071 91.3537 70.7177 79.3537 42.9379 58.2 21.1537
internal_count=149 90 59 78 39 58 20
is_linear=0
shrinkage=0.0168771


Tree=72
num_leaves=6
num_cat=0
split_feature=2 1 13 0 10
split_gain=10.5152 5.48252 2.46841 2.41207 0.677521
threshold=0.24285714285714288 7.6091666666666677 0.42253909625472691 20.500000000000004 0.39428571428571429
decision_type=2 2 2 2 2
left_child=3 2 -2 -1 -3
right_child=1 4 -4 -5 -6
leaf_value=-0.012855335131678683 0.0069531899097089317 -0.0031125573274816604 0 -0.00095169356325014388 0
leaf_weight=17.000000000000004 47.601194381713867 39 23 12.999999999999998 15.999999999999998
leaf_count=17 36 39 23 13 16
internal_value=-0.000297077 0.00174348 0.00486388 -0.00891925 -0.00191816
internal_weight=155.601 125.601 70.6012 30 55
internal_count=144 114 59 30 55
is_linear=0
shrinkage=0.0168771


Tree=73
num_leaves=5
num_cat=0
split_feature=10 8 13 12
split_gain=8.93314 5.87096 1.90472 0.45929
threshold=0.24642857142857141 -0.15902934788027778 0.64398681158506954 -0.88539954594203396
decision_type=2 2 2 2
left_child=-1 3 -3 -2
right_child=1 2 -4 -5
leaf_value=-0.0080912699057476608 0 0.0062100428822919078 0 -0.0035742705549345415
leaf_weight=28 12.999999999999998 60.502828478813171 17 30
leaf_count=28 13 48 17 30
internal_value=0 0.00205372 0.00486474 -0.00251177
internal_weight=148.503 120.503 77.5028 43
internal_count=136 108 65 43
is_linear=0
shrinkage=0.0168771


Tree=74
num_leaves=6
num_cat=0
split_feature=5 8 0 8 10
split_gain=6.93033 4.4818 3.66865 0.939559 0.674164
threshold=19.90071428571429 0.14978472110981658 20.500000000000004 0.73381793623169289 0.39428571428571429
decision_type=2 2 2 2 2
left_child=1 2 -1 -2 -4
right_child=3 -3 4 -5 -6
leaf_value=-0.012556665977204779 0.007418444160105786 0.00364802368300501 -0.0030269256467253323 0.00079449931580812992 0
leaf_weight=10.999999999999998 26.826310992240906 22.181874394416809 60 19.433483839035034 15.999999999999998
leaf_count=11 18 20 60 19 16
internal_value=0 -0.00229572 -0.00412961 0.00530368 -0.0022071
internal_weight=155.442 109.182 87 46.2598 76
internal_count=144 107 87 37 76
is_linear=0
shrinkage=0.0168771


Tree=75
num_leaves=6
num_cat=0
split_feature=8 10 10 8 10
split_gain=9.49401 3.11354 1.75966 0.884702 0.368715
threshold=-0.15902934788027778 0.26428571428571429 0.39428571428571429 -0.84442410795461564 0.41428571428571431
decision_type=2 2 2 2 2
left_child=2 -2 3 -1 -3
right_child=1 4 -4 -5 -6
leaf_value=0 -0.0011220873120336677 0.0065473607492965019 0 -0.0063512751614418703 0.0007048515310384703
leaf_weight=12.999999999999998 17.482812404632568 54.203588247299194 15.999999999999998 46 13.699803113937376
leaf_count=13 17 43 16 46 12
internal_value=0.000196414 0.00410864 -0.00395694 -0.00527246 0.0057627
internal_weight=160.386 85.3862 75 59 67.9034
internal_count=147 72 75 59 55
is_linear=0
shrinkage=0.0168771


Tree=76
num_leaves=6
num_cat=0
split_feature=2 8 0 1 10
split_gain=8.46115 5.41681 1.30364 0.824036 0.191278
threshold=0.23928571428571432 -0.15902934788027778 20.500000000000004 -7.2825595238095238 0.40357142857142864
decision_type=2 2 2 2 2
left_child=2 4 -1 -3 -2
right_child=1 3 -4 -5 -6
leaf_value=-0.011502035489174302 -0.0028346290979231639 0 -0.0016355501503907807 0.0051854805994130306 0
leaf_weight=16.000000000000004 43 13.999999999999998 13.999999999999998 61.051962494850159 10.999999999999998
leaf_count=16 43 14 14 49 11
internal_value=-0.000377361 0.00139507 -0.00813134 0.00436468 -0.00235051
internal_weight=159.052 129.052 30 75.052 54
internal_count=147 117 30 63 54
is_linear=0
shrinkage=0.0168771


Tree=77
num_leaves=7
num_cat=0
split_feature=2 5 9 13 7 9
split_gain=8.31545 3.63316 0.881937 0.589232 0.575037 0.305769
threshold=0.23928571428571432 19.927142857142865 20.095000000000002 0.4735023106683745 18.575714285714287 17.214285714285719
decision_type=2 2 2 2 2 2
left_child=5 2 4 -3 -2 -1
right_child=1 3 -4 -5 -6 -7
leaf_value=-0.009908316594806333 0 0.0065125352656081039 0.0033443536779130824 0.0002772273264979552 -0.0024602062436401154 -0.0018356218561019029
leaf_weight=16.000000000000004 43.115526556968689 38.426008343696594 14.213127970695494 13.999999999999998 34 11.999999999999998
leaf_count=16 42 28 11 14 34 12
internal_value=0.000142604 0.00193998 0 0.00535483 -0.00086325 -0.00767301
internal_weight=171.755 143.755 91.3287 52.426 77.1155 28
internal_count=157 129 87 42 76 28
is_linear=0
shrinkage=0.0168771


Tree=78
num_leaves=8
num_cat=0
split_feature=6 8 13 8 10 10 5
split_gain=4.69756 3.00449 1.31668 1.19426 0.53953 0.126618 0.121637
threshold=19.282142857142858 1.0000000180025095e-35 0.027302802667688798 -0.84442410795461564 0.39857142857142863 0.35928571428571426 20.05714285714286
decision_type=2 2 2 2 2 2 2
left_child=1 3 5 -1 -5 -2 -4
right_child=2 -3 6 4 -6 -7 -8
leaf_value=0 0.0073668972414924205 0.0025717527476216339 -0.00075130028563834955 -0.0055792602187022368 0 0.0018571430263459086 0.0012865642991164634
leaf_weight=12.999999999999998 18.409932255744934 20.512910842895508 11.000000000000002 52 9.9999999999999982 19.448230147361755 13.271718978881834
leaf_count=13 12 19 11 52 10 16 13
internal_value=0 -0.00228675 0.00355782 -0.00394981 -0.00489546 0.0054214 0
internal_weight=157.643 95.5129 62.1299 75 62 37.8582 24.2717
internal_count=146 94 52 75 62 28 24
is_linear=0
shrinkage=0.0168771


Tree=79
num_leaves=6
num_cat=0
split_feature=5 0 8 8 10
split_gain=8.04177 3.75946 1.26416 0.818631 0.603005
threshold=19.90071428571429 22.500000000000004 0.25612669177436537 0.73381793623169289 0.39428571428571429
decision_type=2 2 2 2 2
left_child=1 -1 4 -2 -3
right_child=3 2 -4 -5 -6
leaf_value=-0.0095240763012022951 0.0072139318321961434 -0.0027494951482269171 0.002471138510017483 0.0010432949127146536 0
leaf_weight=14.999999999999998 33.924209833145142 54 19.726563334465027 20.233483791351318 14.999999999999998
leaf_count=15 23 54 17 20 15
internal_value=0.000241837 -0.00235384 -0.000632655 0.00547238 -0.00189593
internal_weight=157.884 103.727 88.7266 54.1577 69
internal_count=144 101 86 43 69
is_linear=0
shrinkage=0.0168771


Tree=80
num_leaves=8
num_cat=0
split_feature=6 1 1 3 2 10 10
split_gain=7.49229 3.27391 1.32802 0.932913 0.775013 0.348971 0.158976
threshold=19.282142857142858 0.68136904761904782 10.666488095238099 0.27428571428571435 0.24785714285714289 0.40999999999999998 0.29785714285714288
decision_type=2 2 2 2 2 2 2
left_child=1 -1 5 4 -3 -2 -5
right_child=2 3 -4 6 -6 -7 -8
leaf_value=0.0019434862966033911 0.0065069704909868882 -0.008826279401650771 0 0 -0.00023405809563327963 0.00052530985915055339 -0.002550601582687008
leaf_weight=21.536267161369324 39.082177400588989 23 11.999999999999998 12.999999999999998 9.9999999999999982 12.911494255065916 25
leaf_count=20 30 23 12 13 10 11 25
internal_value=0 -0.00294742 0.00441615 -0.0047524 -0.00707709 0.00553658 -0.00182532
internal_weight=156.53 92.5363 63.9937 71 33 51.9937 38
internal_count=144 91 53 71 33 41 38
is_linear=0
shrinkage=0.0168771


Tree=81
num_leaves=7
num_cat=0
split_feature=14 2 1 1 5 14
split_gain=6.27773 2.42237 1.39291 1.07163 0.293374 0.245239
threshold=19.609285714285715 0.24285714285714288 7.6091666666666677 -7.2825595238095238 19.927142857142865 17.461428571428581
decision_type=2 2 2 2 2 2
left_child=1 5 -3 -2 -5 -1
right_child=3 2 -4 4 -6 -7
leaf_value=-0.0088128084743292635 0 0.0024700891434427659 -0.0022487995520933811 0.0013254051114760632 0.0067848511789510438 -0.00095635416706863852
leaf_weight=14.000000000000002 12.999999999999998 22.005823731422424 48 17.89488959312439 31.077191591262817 9.9999999999999982
leaf_count=14 13 20 48 16 22 10
internal_value=0.000134061 -0.002443 -0.000418576 0.00432285 0.00540849 -0.0068303
internal_weight=155.978 94.0058 70.0058 61.9721 48.9721 24
internal_count=143 92 68 51 38 24
is_linear=0
shrinkage=0.0168771


Tree=82
num_leaves=7
num_cat=0
split_feature=10 8 5 1 10 12
split_gain=4.18625 3.64419 0.714116 0.559398 0.266212 0.387239
threshold=0.24000000000000002 -0.15902934788027778 18.777142857142859 -6.4779166666666645 0.40357142857142864 -0.88539954594203396
decision_type=2 2 2 2 2 2
left_child=-1 4 -3 -4 5 -2
right_child=1 2 3 -5 -6 -7
leaf_value=-0.0064589937676192821 0 0 0 0.0060692703155953501 0 -0.0029394309549978653
leaf_weight=22 15.999999999999998 15.848094224929808 12.233483791351317 35.190177202224731 10.999999999999998 36
leaf_count=22 16 15 12 27 11 36
internal_value=0 0.00108825 0.00396568 0.00497178 -0.00150906 -0.00202836
internal_weight=148.272 126.272 63.2718 47.4237 63 52
internal_count=139 117 54 39 63 52
is_linear=0
shrinkage=0.0168771


Tree=83
num_leaves=7
num_cat=0
split_feature=5 8 8 12 9 10
split_gain=5.77665 2.85952 2.22556 1.47803 0.694428 0.43252
threshold=18.664285714285718 -0.5987870565482547 1.0000000180025095e-35 -0.67689962472234444 17.002857142857149 0.39428571428571429
decision_type=2 2 2 2 2 2
left_child=2 5 3 -1 -5 -2
right_child=1 -3 -4 4 -6 -7
leaf_value=-0.0012658824364491276 -0.003185177108910758 0.0046126511718064429 0.0010466337917307614 -0.01011667744919212 -0.0016221238003988302 0
leaf_weight=30 15.000000000000002 58.847168684005737 13.616634607315062 19 12.999999999999998 10.999999999999998
leaf_count=30 15 48 13 19 13 11
internal_value=-0.000309482 0.00252184 -0.00374757 -0.00514556 -0.00773135 -0.00142304
internal_weight=160.464 84.8472 75.6166 62 32 26
internal_count=149 74 75 62 32 26
is_linear=0
shrinkage=0.0168771


Tree=84
num_leaves=6
num_cat=0
split_feature=10 8 2 13 2
split_gain=7.05508 3.79363 2.39426 0.882924 0.170821
threshold=0.26428571428571429 -0.15902934788027778 0.25857142857142867 0.4735023106683745 0.3992857142857143
decision_type=2 2 2 2 2
left_child=2 4 -1 -3 -2
right_child=1 3 -4 -5 -6
leaf_value=-0.008473443531592741 0 0.0058589644549053108 0 0 -0.0023530937065736938
leaf_weight=26 32 52.346799612045288 20.682812452316284 15.999999999999998 14.999999999999998
leaf_count=26 32 40 20 16 15
internal_value=0 0.0022813 -0.00530169 0.00480531 -0.00100623
internal_weight=162.03 115.347 46.6828 68.3468 47
internal_count=149 103 46 56 47
is_linear=0
shrinkage=0.0168771


Tree=85
num_leaves=8
num_cat=0
split_feature=6 1 1 0 10 10 1
split_gain=5.82893 2.46378 1.2116 0.710059 0.669349 0.538216 0.146917
threshold=19.282142857142858 0.68136904761904782 10.666488095238099 43.500000000000007 0.40999999999999998 0.26428571428571429 -2.6732738095238084
decision_type=2 2 2 2 2 2 2
left_child=1 -1 4 5 6 -3 -2
right_child=2 3 -4 -5 -6 -7 -8
leaf_value=0.0021087859875775095 0.0022603254641642228 -0.0064045757866835725 0 -0.00058449261374808029 0 0 0.008734815345701228
leaf_weight=19.353671431541443 16.50201857089996 32 12.999999999999998 27 11.411096215248106 9.9999999999999982 18.912886977195743
leaf_count=18 15 32 13 27 10 10 11
internal_value=0.000266628 -0.00230299 0.00434956 -0.00388749 0.00554989 -0.00533599 0.00670412
internal_weight=148.18 88.3537 59.826 69 46.826 42 35.4149
internal_count=136 87 49 69 36 42 26
is_linear=0
shrinkage=0.0168771


Tree=86
num_leaves=7
num_cat=0
split_feature=2 8 13 0 8 10
split_gain=6.26464 3.4071 0.909687 0.569907 0.211256 0.242365
threshold=0.23928571428571432 -0.15902934788027778 0.64398681158506954 20.500000000000004 -0.84442410795461564 0.40357142857142864
decision_type=2 2 2 2 2 2
left_child=3 4 -3 -1 -2 -6
right_child=1 2 -4 -5 5 -7
leaf_value=-0.0097590372427818275 0 0.0050960996801529754 0 -0.0015191607164435606 -0.0022237649221263458 0
leaf_weight=12.000000000000002 9.9999999999999982 61.560005784034729 14.999999999999998 13.999999999999998 34 9.9999999999999982
leaf_count=12 10 49 15 14 34 10
internal_value=0.000261984 0.00193195 0.00421999 -0.00669789 -0.000968087 -0.0015555
internal_weight=156.56 130.56 76.56 26 54 44
internal_count=144 118 64 26 54 44
is_linear=0
shrinkage=0.0168771


Tree=87
num_leaves=7
num_cat=0
split_feature=1 10 13 0 0 6
split_gain=5.25499 1.34483 1.21249 0.650182 0.488561 0.314169
threshold=3.3814285714285721 0.39428571428571429 0.18132112298037981 20.500000000000004 31.500000000000004 18.894285714285719
decision_type=2 2 2 2 2 2
left_child=2 3 -1 -2 -5 -4
right_child=1 -3 5 4 -6 -7
leaf_value=0.0045274581447060482 -0.0090125318023691874 0 -0.0020453801991651712 0 -0.0034389966683446376 0.0013182082971109209
leaf_weight=41.501412868499756 9.9999999999999982 14.999999999999998 10.000000000000002 9.9999999999999982 49.28490948677063 17.490324020385742
leaf_count=33 10 15 10 10 49 17
internal_value=-0.00041729 -0.00331619 0.00280329 -0.00431131 -0.00277272 0
internal_weight=153.277 84.2849 68.9917 69.2849 59.2849 27.4903
internal_count=144 84 60 69 59 27
is_linear=0
shrinkage=0.0168771


Tree=88
num_leaves=7
num_cat=0
split_feature=6 1 0 1 12 0
split_gain=4.24123 1.99679 1.04811 0.717744 0.497748 0.436734
threshold=19.45571428571429 1.4995833333333339 22.500000000000004 10.666488095238099 1.4894754886627204 31.500000000000004
decision_type=2 2 2 2 2 2
left_child=1 -1 -3 4 -2 -4
right_child=3 2 5 -5 -6 -7
leaf_value=0.0016597988657948159 0.0049496417248330732 -0.008548771143338782 0 0 0 -0.002712144267167994
leaf_weight=19.568710565567017 38.686462044715881 10.999999999999998 10.999999999999998 9.9999999999999982 12.200000047683714 58
leaf_count=18 29 11 11 10 12 58
internal_value=-2.80034e-05 -0.00228528 -0.00354509 0.00324775 0.00403836 -0.00212151
internal_weight=160.455 99.5687 80 60.8865 50.8865 69
internal_count=149 98 80 51 41 69
is_linear=0
shrinkage=0.0168771


Tree=89
num_leaves=8
num_cat=0
split_feature=11 8 0 0 0 10 10
split_gain=7.14188 2.55228 2.27988 0.507808 0.366223 0.276515 0.2262
threshold=17.829285714285714 -0.5987870565482547 20.500000000000004 42.500000000000007 33.000000000000007 0.41428571428571431 0.40357142857142864
decision_type=2 2 2 2 2 2 2
left_child=2 6 -1 4 -4 -3 -2
right_child=1 5 3 -5 -6 -7 -8
leaf_value=-0.010155165652085319 -0.0020577666688855372 0.0047408284162727158 0 0 -0.0043844941205727905 0 0
leaf_weight=14.999999999999998 20.000000000000004 63.58722996711731 10.000000000000002 13.208317279815672 15.999999999999998 13.90812039375305 9.9999999999999982
leaf_count=15 20 52 10 13 16 12 10
internal_value=0 0.00255634 -0.00479388 -0.00164983 -0.00299461 0.00419625 -0.000995206
internal_weight=161.704 107.495 54.2083 39.2083 26 77.4954 30
internal_count=148 94 54 39 26 64 30
is_linear=0
shrinkage=0.0168771


Tree=90
num_leaves=7
num_cat=0
split_feature=2 8 13 0 10 10
split_gain=5.24346 2.64954 1.29509 0.716611 0.3861 0.152375
threshold=0.23928571428571432 -0.15902934788027778 0.42253909625472691 20.500000000000004 0.40357142857142864 0.29785714285714288
decision_type=2 2 2 2 2 2
left_child=3 4 -3 -1 5 -2
right_child=1 2 -4 -5 -6 -7
leaf_value=-0.0092147389488342127 0 0.0049372057868377209 0 -0.0010924704039729546 0 -0.0029736306511979672
leaf_weight=14.000000000000002 15.999999999999998 49.965802669525146 25 13.999999999999998 15.999999999999998 23
leaf_count=14 16 39 25 14 16 23
internal_value=0 0.00134731 0.00343723 -0.00636466 -0.00114383 -0.00210513
internal_weight=157.966 129.966 74.9658 28 55 39
internal_count=147 119 64 28 55 39
is_linear=0
shrinkage=0.0168771


Tree=91
num_leaves=6
num_cat=0
split_feature=3 1 13 12 6
split_gain=4.92363 2.89511 1.36654 1.33518 0.379004
threshold=0.25357142857142861 8.2022023809523805 0.4735023106683745 0.16542972571083478 20.375000000000004
decision_type=2 2 2 2 2
left_child=3 2 4 -1 -2
right_child=1 -3 -4 -5 -6
leaf_value=-0.0076078135383170721 0.0063051184411309609 -0.0015335539629465853 0 0 0.00040959392602926573
leaf_weight=24 33.331683158874512 44 20 13.456840276718138 13.455498933792112
leaf_count=24 25 44 20 13 11
internal_value=-0.000219125 0.00142908 0.00368502 -0.00540057 0.00518413
internal_weight=148.244 110.787 66.7872 37.4568 46.7872
internal_count=137 100 56 37 36
is_linear=0
shrinkage=0.0168771


Tree=92
num_leaves=8
num_cat=0
split_feature=9 5 12 0 12 13 3
split_gain=6.46345 1.53539 1.0546 0.796545 0.651289 0.586153 0.21682
threshold=17.093571428571433 19.927142857142865 1.1802447097642081 34.500000000000007 -0.43417785210268828 0.33396296252261154 0.39071428571428585
decision_type=2 2 2 2 2 2 2
left_child=3 4 -3 -1 6 -6 -2
right_child=1 2 -4 -5 5 -7 -8
leaf_value=-0.0087325622577167309 -0.0019629944739482075 0.0063062564536241986 7.5313918508704535e-05 -7.0418463517648176e-05 0.0039735612568158121 0 0
leaf_weight=19.000000000000004 26 25.607022523880005 21.433483839035034 9.9999999999999982 16.263575196266174 18 19
leaf_count=19 26 17 21 10 13 18 19
internal_value=0 0.00175212 0.00408601 -0.00672728 0 0.00191156 -0.00101805
internal_weight=155.304 126.304 47.0405 29 79.2636 34.2636 45
internal_count=143 114 38 29 76 31 45
is_linear=0
shrinkage=0.0168771


Tree=93
num_leaves=7
num_cat=0
split_feature=9 1 0 13 10 4
split_gain=5.16539 3.25717 1.16273 0.775853 0.542776 0.317193
threshold=17.093571428571433 7.5385119047619051 34.500000000000007 0.4735023106683745 0.40357142857142864 18.017142857142858
decision_type=2 2 2 2 2 2
left_child=2 3 -1 -2 5 -3
right_child=1 4 -4 -5 -6 -7
leaf_value=-0.0082097380191720887 0.0048235841416869527 0 0 0 0.00013744042839905488 -0.003585741850615855
leaf_weight=20 52.643269181251526 12.999999999999998 13.40000009536743 20 14.999999999999998 25
leaf_count=20 41 13 13 20 15 25
internal_value=-3.26564e-05 0.00141722 -0.0057801 0.00376609 -0.00142976 -0.00256204
internal_weight=159.043 125.643 33.4 72.6433 53 38
internal_count=147 114 33 61 53 38
is_linear=0
shrinkage=0.0168771


Tree=94
num_leaves=8
num_cat=0
split_feature=11 8 2 8 0 10 3
split_gain=6.61878 2.74287 2.56575 0.92578 0.483474 0.376072 0.127398
threshold=18.017142857142858 -0.15902934788027778 0.24285714285714288 0.56681421594250792 20.500000000000004 0.40357142857142864 0.30500000000000005
decision_type=2 2 2 2 2 2 2
left_child=2 5 4 -3 -1 -2 -4
right_child=1 3 6 -5 -6 -7 -8
leaf_value=-0.010344301584100209 -0.0022659002616171996 0.0064799068139623816 0 0.0013899634016128516 -0.0015493809464238485 0.00032361928704725872 -0.0013919870484465227
leaf_weight=16.000000000000004 23 36.032953500747681 15.208317279815672 35.596019983291626 10.999999999999998 10.999999999999998 18
leaf_count=16 23 25 15 33 11 11 18
internal_value=0 0.00252531 -0.00434749 0.00440445 -0.00801067 -0.000861414 -0.00034249
internal_weight=165.837 105.629 60.2083 71.629 27 34 33.2083
internal_count=152 92 60 58 27 34 33
is_linear=0
shrinkage=0.0168771


Tree=95
num_leaves=7
num_cat=0
split_feature=6 1 3 1 1 3
split_gain=5.23591 2.15479 1.59794 1.08823 0.351702 0.196497
threshold=19.282142857142858 1.4995833333333339 0.25785714285714295 10.666488095238099 -3.2253571428571428 0.30500000000000005
decision_type=2 2 2 2 2 2
left_child=1 -1 -3 4 -2 -4
right_child=3 2 5 -5 -6 -7
leaf_value=0.0015762734841455604 0.0012695817672363741 -0.0069908621357124123 0 0 0.0060259684435469496 -0.0016658439003031417
leaf_weight=20.336267113685608 23.219206213951111 27 10.999999999999998 12.999999999999998 35.674950480461121 26
leaf_count=19 22 27 11 13 24 26
internal_value=0.000326749 -0.00233354 -0.00392548 0.00371644 0.00466175 -0.000779768
internal_weight=156.23 84.3363 64 71.8942 58.8942 37
internal_count=142 83 64 59 46 37
is_linear=0
shrinkage=0.0168771


Tree=96
num_leaves=8
num_cat=0
split_feature=3 1 0 3 12 10 10
split_gain=4.81583 2.33176 1.87511 0.596252 0.309472 0.29945 0.287086
threshold=0.26785714285714296 8.0667261904761904 19.500000000000004 0.39642857142857141 -1.0000000180025095e-35 0.39428571428571429 0.3535714285714287
decision_type=2 2 2 2 2 2 2
left_child=2 3 -1 -2 -4 6 -3
right_child=1 5 4 -5 -6 -7 -8
leaf_value=-0.0095804365128183255 0.0048258856579533509 0 -0.0025806424959183435 0 0 0 -0.0035807067610755887
leaf_weight=13.999999999999998 44.889753341674805 16.000000000000004 15.999999999999998 17.969040751457214 12.456840276718141 13.999999999999998 12.999999999999998
leaf_count=14 37 16 16 16 12 14 13
internal_value=-7.27902e-05 0.00170525 -0.00482489 0.00378742 -0.00109794 -0.000897475 -0.00195739
internal_weight=148.316 105.859 42.4568 62.8588 28.4568 43 29
internal_count=138 96 42 53 28 43 29
is_linear=0
shrinkage=0.0168771


Tree=97
num_leaves=8
num_cat=0
split_feature=9 1 13 12 7 7 9
split_gain=4.39636 3.04888 0.765345 0.668372 0.468064 0.508814 0.118564
threshold=17.093571428571433 7.5385119047619051 0.4735023106683745 -0.50501184591225212 18.575714285714287 19.254999999999999 19.067142857142866
decision_type=2 2 2 2 2 2 2
left_child=3 2 6 -1 -3 -6 -2
right_child=1 4 -4 -5 5 -7 -8
leaf_value=0 0.00024782023308610315 0 0 -0.0069859105288399446 -0.0048151281516885351 0 0.0047490210020956821
leaf_weight=9.9999999999999982 13.707209229469298 24 21 24.200000047683716 17.000000000000004 12.999999999999998 44.468786478042603
leaf_count=10 13 24 21 24 17 13 33
internal_value=-0.000282613 0.000988383 0.00315648 -0.00552488 -0.00179549 -0.00310241 0.00411786
internal_weight=167.376 133.176 79.176 34.2 54 30 58.176
internal_count=155 121 67 34 54 30 46
is_linear=0
shrinkage=0.0168771


Tree=98
num_leaves=7
num_cat=0
split_feature=10 8 13 12 10 3
split_gain=4.57964 3.74199 1.0002 0.388408 0.528518 0.264456
threshold=0.24642857142857141 -0.15902934788027778 0.64398681158506954 -0.88539954594203396 0.40357142857142864 0.36071428571428571
decision_type=2 2 2 2 2 2
left_child=-1 3 5 -2 -5 -3
right_child=1 2 -4 4 -6 -7
leaf_value=-0.0057032811418863197 0 0.0059048693918820599 0 -0.0037450240602616269 0 0.0014099790545001238
leaf_weight=31 14.999999999999998 36.874014139175415 14.999999999999998 29 11.999999999999998 24.161327123641968
leaf_count=31 15 29 15 29 12 20
internal_value=-3.67466e-05 0.001222 0.0037002 -0.0017789 -0.0026009 0.00462145
internal_weight=163.035 132.035 76.0353 56 41 61.0353
internal_count=151 120 64 56 41 49
is_linear=0
shrinkage=0.0168771


Tree=99
num_leaves=6
num_cat=0
split_feature=6 0 10 8 8
split_gain=3.41989 1.58913 1.30972 0.31357 0.327454
threshold=19.282142857142858 19.500000000000004 0.3535714285714287 0.14978472110981658 -0.82232966682031039
decision_type=2 2 2 2 2
left_child=1 -1 -2 4 -3
right_child=2 3 -4 -5 -6
leaf_value=-0.0069517701202218372 0.0056910896922595074 0 0.00014420895897308882 0.00057477739291314847 -0.0021839715603518073
leaf_weight=13.216079592704771 27.802769660949707 15.999999999999998 35.301770329475403 19.088513970375061 39
leaf_count=13 20 16 33 18 39
internal_value=1.4641e-05 -0.00197388 0.003071 -0.000565255 -0.00135702
internal_weight=150.409 87.3046 63.1045 74.0885 55
internal_count=139 86 53 73 55
is_linear=0
shrinkage=0.0168771


Tree=100
num_leaves=6
num_cat=0
split_feature=6 1 0 3 0
split_gain=3.64047 1.94608 1.16493 0.84071 0.218692
threshold=19.282142857142858 1.4995833333333339 20.500000000000004 0.36071428571428571 31.500000000000004
decision_type=2 2 2 2 2
left_child=1 -1 -3 -2 -4
right_child=3 2 4 -5 -6
leaf_value=0.0017272319101660019 0.0060649311688058495 -0.008477665864169686 0 0.0009405159636675203 -0.0023213044358252723
leaf_weight=20.384790062904358 19.973998188972473 10.999999999999998 12.999999999999998 41.157841801643372 48
leaf_count=19 14 11 13 37 48
internal_value=0 -0.00203717 -0.00342794 0.00316469 -0.0018215
internal_weight=153.517 92.3848 72 61.1318 61
internal_count=142 91 72 51 61
is_linear=0
shrinkage=0.0168771


Tree=101
num_leaves=6
num_cat=0
split_feature=6 1 0 13 3
split_gain=4.02932 2.54777 2.45954 0.63728 0.284731
threshold=19.45571428571429 0.68136904761904782 20.500000000000004 0.04078775503772443 0.39357142857142852
decision_type=2 2 2 2 2
left_child=1 -1 -3 -2 -4
right_child=3 2 4 -5 -6
leaf_value=0.0016770166830256481 0.004476543609409701 -0.0095054116347386905 -0.002291833673714533 0 0
leaf_weight=25.569751024246216 36.042168498039246 15.999999999999998 49 22.271718978881836 14.999999999999998
leaf_count=24 26 16 49 22 15
internal_value=-0.000187618 -0.00226066 -0.00380432 0.00312818 -0.00169206
internal_weight=163.884 105.57 80 58.3139 64
internal_count=152 104 80 48 64
is_linear=0
shrinkage=0.0168771


Tree=102
num_leaves=8
num_cat=0
split_feature=14 1 3 3 2 13 14
split_gain=4.23917 1.95486 1.18479 0.719851 0.605535 0.243417 0.189027
threshold=19.372857142857146 1.4995833333333339 0.27428571428571435 0.36785714285714294 0.24785714285714289 0.04078775503772443 18.223571428571436
decision_type=2 2 2 2 2 2 2
left_child=1 -1 4 -2 -3 -5 -4
right_child=3 2 6 5 -6 -7 -8
leaf_value=0.0015395034711288916 0.005338647186194481 -0.0075977314942072324 0 0.0019004123889066634 0 0 -0.0018432605365533282
leaf_weight=18.107209324836731 25.42095422744751 24 15.999999999999998 24.754236698150635 9.9999999999999982 17 24
leaf_count=17 19 24 16 20 10 17 24
internal_value=-3.27421e-06 -0.00245848 -0.00374949 0.00300557 -0.00611683 0.000827589 -0.000936077
internal_weight=159.282 92.1072 74 67.1752 34 41.7542 40
internal_count=147 91 74 56 34 37 40
is_linear=0
shrinkage=0.0168771


Tree=103
num_leaves=7
num_cat=0
split_feature=9 0 11 12 12 2
split_gain=4.70614 2.05431 1.0225 0.642094 0.414416 0.280574
threshold=17.093571428571433 34.500000000000007 20.060000000000006 1.0000000180025095e-35 0.57716973551682071 0.27428571428571435
decision_type=2 2 2 2 2 2
left_child=1 -1 3 -2 -4 -5
right_child=2 -3 4 5 -6 -7
leaf_value=-0.008466177753522805 -0.00040933320975490291 0 0.0055979063707902177 0 0.00066180156677323398 0.0031809860138228745
leaf_weight=18.000000000000004 54.738533854484558 10.40000009536743 23.495758533477783 12.200000047683714 21.993234157562256 23.795742273330688
leaf_count=18 54 10 16 12 21 20
internal_value=0.000343906 -0.00540238 0.0017911 0.000427612 0.00385809 0.00221182
internal_weight=164.623 28.4 136.223 90.7343 45.489 35.9957
internal_count=151 28 123 86 37 32
is_linear=0
shrinkage=0.0168771


Tree=104
num_leaves=7
num_cat=0
split_feature=10 8 13 10 10 12
split_gain=2.97103 2.33067 0.698739 0.385801 0.324124 0.260779
threshold=0.24000000000000002 -0.15902934788027778 0.4735023106683745 0.40357142857142864 0.35928571428571426 -0.88539954594203396
decision_type=2 2 2 2 2 2
left_child=-1 3 4 5 -3 -2
right_child=1 2 -4 -5 -6 -7
leaf_value=-0.0051491462029560689 0 0.0051125581546376548 0 0 0.00033000936997486154 -0.002966678988281892
leaf_weight=25 11.999999999999995 33.236176729202271 21 11.999999999999998 17.395736932754517 31.000000000000004
leaf_count=25 12 26 21 12 15 31
internal_value=-2.58978e-05 0.000905591 0.00296597 -0.00140497 0.00399548 -0.00220979
internal_weight=151.632 126.632 71.6319 55 50.6319 43
internal_count=142 117 62 55 41 43
is_linear=0
shrinkage=0.0168771


Tree=105
num_leaves=5
num_cat=0
split_feature=10 4 2 13
split_gain=2.47416 1.2492 0.360693 0.240463
threshold=0.23285714285714293 20.307857142857141 0.3535714285714287 -0.57790906816608401
decision_type=2 2 2 2
left_child=-1 3 -3 -2
right_child=1 2 -4 -5
leaf_value=-0.0054739658713038155 0.0010662444033170363 0.0051455227363252087 0 -0.00083991990010385479
leaf_weight=21 13.1118266582489 14.566575527191164 10.936373591423033 84.684909582138062
leaf_count=21 11 10 10 84
internal_value=-0.000433509 0.000353932 0.00355975 -0.000338295
internal_weight=144.3 123.3 25.5029 97.7967
internal_count=136 115 20 95
is_linear=0
shrinkage=0.0168771


Tree=106
num_leaves=5
num_cat=0
split_feature=2 8 0 13
split_gain=4.99221 1.35041 1.10184 0.878884
threshold=0.24285714285714288 -0.15902934788027778 22.500000000000004 0.42253909625472691
decision_type=2 2 2 2
left_child=2 -2 -1 -3
right_child=1 3 -4 -5
leaf_value=-0.0090472629186980642 -0.00058523522641167167 0.003896028522404706 -0.00079631978220945766 0
leaf_weight=15.999999999999998 51 49.701560258865356 15.999999999999998 26
leaf_count=16 51 39 16 26
internal_value=-0.00020132 0.00118544 -0.00597475 0.00264097
internal_weight=158.702 126.702 32 75.7016
internal_count=148 116 32 65
is_linear=0
shrinkage=0.0168771


Tree=107
num_leaves=7
num_cat=0
split_feature=10 8 10 3 12 10
split_gain=3.31248 2.09095 0.482122 0.448506 0.39073 0.308643
threshold=0.23285714285714293 -0.15902934788027778 0.40357142857142864 0.39642857142857141 -0.88539954594203396 0.26928571428571441
decision_type=2 2 2 2 2 2
left_child=-1 2 4 5 -2 -3
right_child=1 3 -4 -5 -6 -7
leaf_value=-0.0059888903138464534 0 0 0.00021054011695117243 0 -0.003220158052518767 0.0041976019052744288
leaf_weight=21 11.999999999999998 14.816634654998778 12.999999999999998 21.627129435539246 32 41.564752817153931
leaf_count=21 12 14 13 19 32 34
internal_value=-7.24328e-05 0.00079242 -0.00138017 0.00264947 -0.00231189 0.00342556
internal_weight=156.009 135.009 57 78.0085 44 56.3814
internal_count=145 124 57 67 44 48
is_linear=0
shrinkage=0.0168771


Tree=108
num_leaves=8
num_cat=0
split_feature=6 2 1 0 10 1 12
split_gain=4.12812 1.99492 1.05483 0.594044 0.536297 0.37141 0.357936
threshold=19.282142857142858 0.24285714285714288 10.666488095238099 20.500000000000004 0.41428571428571431 -1.2251785714285717 0.57716973551682071
decision_type=2 2 2 2 2 2 2
left_child=1 3 4 -1 6 -3 -2
right_child=2 5 -4 -5 -6 -7 -8
leaf_value=-0.0083853942018439955 0.0062990633148238238 0.00083465601052305001 -8.5980951223788254e-05 -0.00092559051880727764 0 -0.0014330732144650683 0.00032204492658803753
leaf_weight=16.000000000000004 25.207982778549194 20.112910747528076 11.999999999999998 13.999999999999998 13.699803113937376 47 13.152814388275145
leaf_count=16 16 19 12 14 12 47 12
internal_value=-0.000197962 -0.00248924 0.00289796 -0.00597549 0.00396164 -0.000426875 0.00496031
internal_weight=161.174 97.1129 64.0606 30 52.0606 67.1129 38.3608
internal_count=148 96 52 30 40 66 28
is_linear=0
shrinkage=0.0168771


Tree=109
num_leaves=7
num_cat=0
split_feature=2 8 9 13 7 7
split_gain=3.33971 1.43777 1.35607 1.06489 0.195318 0.174878
threshold=0.24285714285714288 -0.15902934788027778 16.552142857142858 0.42253909625472691 18.575714285714287 19.305714285714291
decision_type=2 2 2 2 2 2
left_child=2 4 -1 -3 -2 -6
right_child=1 3 -4 -5 5 -7
leaf_value=-0.0084227411246450643 0 0.0043027214193295266 0 0 -0.0025759673345276423 0
leaf_weight=13.000000000000002 26 46.126704335212708 16.233483791351318 24 15.000000000000002 9.9999999999999982
leaf_count=13 26 35 16 24 15 10
internal_value=0 0.0012965 -0.00480673 0.00287707 -0.000499084 -0.00157292
internal_weight=150.36 121.127 29.2335 70.1267 51 25
internal_count=139 110 29 59 51 25
is_linear=0
shrinkage=0.0168771


Tree=110
num_leaves=7
num_cat=0
split_feature=2 0 1 1 5 3
split_gain=4.32184 2.06358 1.49422 0.264643 0.171677 0.167709
threshold=0.24285714285714288 20.500000000000004 7.6091666666666677 -6.4779166666666645 18.777142857142859 0.39357142857142852
decision_type=2 2 2 2 2 2
left_child=1 -1 3 -2 -5 -4
right_child=2 -3 5 4 -6 -7
leaf_value=-0.0087886087856462753 0 0 -0.0012486656172106124 0 0.0040175814623083983 0
leaf_weight=18 15.999999999999998 17.233483791351318 40 15.887871026992796 42.629389882087708 11.999999999999998
leaf_count=18 16 17 40 15 32 12
internal_value=-7.85633e-05 -0.00519025 0.0012566 0.0028087 0.00334223 -0.000590395
internal_weight=161.751 35.2335 126.517 74.5173 58.5173 52
internal_count=150 35 115 63 47 52
is_linear=0
shrinkage=0.0168771


Tree=111
num_leaves=7
num_cat=0
split_feature=6 10 11 12 12 12
split_gain=2.45997 1.17679 0.568521 0.240773 0.165193 0.120329
threshold=19.282142857142858 0.26428571428571429 18.017142857142858 0.42763007964406702 -0.88539954594203396 -0.67689962472234444
decision_type=2 2 2 2 2 2
left_child=1 2 5 4 -3 -1
right_child=-2 3 -4 -5 -6 -7
leaf_value=-0.00017744076774838744 0.0025271156392985324 0 0 0.0016986002650840085 -0.0015432755419658311 -0.0056601306417797589
leaf_weight=10.999999999999995 55.123700737953186 10.999999999999995 13.200000047683714 14.120187520980833 25.000000000000004 24.000000000000004
leaf_count=11 47 11 13 13 25 24
internal_value=-8.98546e-05 -0.00180904 -0.00361099 0 -0.000706633 -0.00467439
internal_weight=153.444 98.3202 48.2 50.1202 36 35
internal_count=144 97 48 49 36 35
is_linear=0
shrinkage=0.0168771


Tree=112
num_leaves=6
num_cat=0
split_feature=11 0 8 0 0
split_gain=3.41379 1.38648 0.841346 0.228097 0.181659
threshold=18.017142857142858 20.500000000000004 -0.732109929124514 33.000000000000007 40.500000000000007
decision_type=2 2 2 2 2
left_child=1 -1 -2 -3 -5
right_child=2 3 -4 4 -6
leaf_value=-0.0072379716308921876 -0.00046011907638471723 0 0.0026366311009808695 -0.0033149218626509192 0
leaf_weight=17.216079592704773 20 10.999999999999998 71.164450526237488 11.000000000000002 20.416634559631348
leaf_count=17 20 11 61 11 20
internal_value=-0.000155178 -0.00333553 0.00172576 -0.000893513 -0.00171657
internal_weight=150.797 59.6327 91.1645 42.4166 31.4166
internal_count=140 59 81 42 31
is_linear=0
shrinkage=0.0168771


Tree=113
num_leaves=7
num_cat=0
split_feature=2 8 13 9 7 7
split_gain=3.42548 2.52038 0.926596 0.766656 0.245173 0.221028
threshold=0.24285714285714288 -0.15902934788027778 0.64398681158506954 17.214285714285719 18.575714285714287 19.254999999999999
decision_type=2 2 2 2 2 2
left_child=3 4 -3 -1 -2 -6
right_child=1 2 -4 -5 5 -7
leaf_value=-0.0069198259242316679 0 0.0040806134826013741 0 0 -0.0034453343682839185 0
leaf_weight=18.000000000000004 29 62.819190621376038 13.999999999999998 13.233483791351317 15.000000000000002 15.999999999999998
leaf_count=18 29 49 14 13 15 16
internal_value=0 0.00117401 0.00322762 -0.0047888 -0.00112666 -0.00210093
internal_weight=168.053 136.819 76.8192 31.2335 60 31
internal_count=154 123 63 31 60 31
is_linear=0
shrinkage=0.0168771


Tree=114
num_leaves=7
num_cat=0
split_feature=2 1 3 13 6 14
split_gain=4.03167 1.58068 1.20381 0.540993 0.240783 0.16068
threshold=0.25857142857142867 7.6091666666666677 0.27428571428571435 0.64398681158506954 20.375000000000004 19.125714285714288
decision_type=2 2 2 2 2 2
left_child=2 3 -1 4 -2 -3
right_child=1 5 -4 -5 -6 -7
leaf_value=-0.0071934469326046776 0.0040672739407603738 -0.0020992704585162578 0 0 0 0
leaf_weight=26 37.022723913192749 26 12.233483791351317 15.999999999999998 13.157171487808226 19
leaf_count=26 28 26 12 16 11 19
internal_value=-0.000698719 0.00078 -0.00529419 0.00251775 0.0033394 -0.00130546
internal_weight=149.413 111.18 38.2335 66.1799 50.1799 45
internal_count=138 100 38 55 39 45
is_linear=0
shrinkage=0.0168771


Tree=115
num_leaves=6
num_cat=0
split_feature=8 2 13 8 14
split_gain=2.38104 0.877249 0.729262 0.620769 0.388532
threshold=-0.15902934788027778 0.24285714285714288 0.64398681158506954 -0.84442410795461564 19.125714285714288
decision_type=2 2 2 2 2
left_child=3 -2 -3 -1 -5
right_child=1 2 -4 4 -6
leaf_value=0 -0.00075717146625761656 0.0036707937846908226 0 -0.0034301727394782573 0
leaf_weight=13.999999999999998 14.233483791351317 54.904178857803345 18 51 15.999999999999998
leaf_count=14 14 43 18 51 16
internal_value=0 0.00191815 0.00274518 -0.00203315 -0.00273688
internal_weight=168.138 87.1377 72.9042 81 67
internal_count=156 75 61 81 67
is_linear=0
shrinkage=0.0168771


Tree=116
num_leaves=6
num_cat=0
split_feature=6 0 3 8 0
split_gain=3.37148 1.73045 0.863967 0.514183 0.198717
threshold=19.282142857142858 19.500000000000004 0.36071428571428571 -0.016562784633909679 33.000000000000007
decision_type=2 2 2 2 2
left_child=1 -1 -2 4 -3
right_child=2 3 -4 -5 -6
leaf_value=-0.0078368062084107799 0.0053517186384637351 0 0.00039259847193801365 0.00015317248853939893 -0.0025082994607876948
leaf_weight=13.999999999999998 17.153310775756836 9.9999999999999982 45.973915815353394 23.296831250190735 49
leaf_count=14 12 10 41 22 49
internal_value=-0.000532304 -0.00259891 0.0022563 -0.00120719 -0.00208835
internal_weight=159.424 96.2968 63.1272 82.2968 59
internal_count=148 95 53 81 59
is_linear=0
shrinkage=0.0168771


Tree=117
num_leaves=6
num_cat=0
split_feature=6 1 3 12 1
split_gain=3.19785 1.65277 1.16902 0.517348 0.131298
threshold=19.282142857142858 0.68136904761904782 0.36071428571428571 -0.88539954594203396 10.666488095238099
decision_type=2 2 2 2 2
left_child=1 -1 -2 -3 -4
right_child=2 3 4 -5 -6
leaf_value=0.0010185774210580434 0.0053071648297029414 0 0.0010438135618171568 -0.00437805352338039 -0.00018040954617770639
leaf_weight=21.263347387313843 23.541720032691956 18 33.965781807899475 54 13.999999999999998
leaf_count=20 17 18 29 54 14
internal_value=-0.000122551 -0.00227517 0.00236292 -0.00354893 0.000256022
internal_weight=164.771 93.2633 71.5075 72 47.9658
internal_count=152 92 60 72 43
is_linear=0
shrinkage=0.0168771


Tree=118
num_leaves=7
num_cat=0
split_feature=8 10 10 8 10 10
split_gain=2.54738 1.46651 0.633108 0.466474 0.306854 0.196813
threshold=-0.15902934788027778 0.24928571428571428 0.39428571428571429 -0.85603834937016177 0.35928571428571426 0.40357142857142864
decision_type=2 2 2 2 2 2
left_child=2 -2 3 -1 -3 -6
right_child=1 4 -4 -5 5 -7
leaf_value=0 -0.0015409447607202958 0.0045591825180495904 0 -0.0039345909425939169 0 0.0018979588752695785
leaf_weight=10.999999999999998 15.999999999999998 34.548709273338318 14.999999999999998 42 12.155041694641115 19.575055837631226
leaf_count=11 16 27 15 42 11 16
internal_value=0 0.00200789 -0.00232131 -0.00317162 0.00321741 0.000848693
internal_weight=150.279 82.2788 68 53 66.2788 31.7301
internal_count=138 70 68 53 54 27
is_linear=0
shrinkage=0.0168771


Tree=119
num_leaves=9
num_cat=0
split_feature=6 1 3 3 5 12 11 5
split_gain=3.33623 1.60166 0.908094 0.506328 0.298834 0.181943 0.165506 0.123784
threshold=19.347857142857148 1.4995833333333339 0.27428571428571435 0.36071428571428571 17.803571428571434 -0.88539954594203396 18.746428571428574 19.927142857142865
decision_type=2 2 2 2 2 2 2 2
left_child=1 6 4 -2 -3 -4 -1 -5
right_child=3 2 5 7 -6 -7 -8 -9
leaf_value=0.0020402720272947052 0.0048714960624506995 -0.006221691034694235 0 0 -0.0005526936895162317 -0.0015016985842417441 0 0.0014368646309542348
leaf_weight=14.032714247703554 22.311095237731934 29 11.999999999999998 14.932463526725767 13.999999999999998 27 11.480196595191954 24.853345394134521
leaf_count=13 16 29 12 14 14 27 11 21
internal_value=-0.000183821 -0.00208405 -0.00327799 0.00270728 -0.00501648 -0.000610782 0.000907367 0.000718944
internal_weight=169.61 107.513 82 62.0969 43 39 25.5129 39.7858
internal_count=157 106 82 51 43 39 24 35
is_linear=0
shrinkage=0.0168771


Tree=120
num_leaves=5
num_cat=0
split_feature=10 1 13 6
split_gain=2.62668 1.02205 0.601053 0.213112
threshold=0.23285714285714293 7.5385119047619051 0.76961405253917958 20.375000000000004
decision_type=2 2 2 2
left_child=-1 2 3 -2
right_child=1 -3 -4 -5
leaf_value=-0.0055545200234825218 0.0034240228131251407 -0.00060824700384291169 0 0
leaf_weight=17 51.561780452728271 46 10.999999999999998 17.157171487808228
leaf_count=17 43 46 11 15
internal_value=0 0.00101971 0.0022187 0.00284051
internal_weight=142.719 125.719 79.719 68.719
internal_count=132 115 69 58
is_linear=0
shrinkage=0.0168771


Tree=121
num_leaves=5
num_cat=0
split_feature=9 0 1 13
split_gain=3.14818 1.53722 1.01177 0.469724
threshold=17.093571428571433 20.500000000000004 7.5385119047619051 0.42253909625472691
decision_type=2 2 2 2
left_child=1 -1 3 -2
right_child=2 -3 -4 -5
leaf_value=-0.0093369616363522812 0.0033291744740757221 -0.00046185298807742506 -0.00017058218571166126 0
leaf_weight=10.000000000000002 53.375520706176758 21.400000095367432 52 20
leaf_count=10 41 21 52 20
internal_value=0 -0.00449464 0.00125947 0.00253457
internal_weight=156.776 31.4 125.376 73.3755
internal_count=144 31 113 61
is_linear=0
shrinkage=0.0168771


Tree=122
num_leaves=6
num_cat=0
split_feature=9 1 5 10 10
split_gain=2.84398 1.25538 0.879179 0.537853 0.189942
threshold=16.552142857142858 7.5385119047619051 17.226428571428574 0.40999999999999998 0.40357142857142864
decision_type=2 2 2 2 2
left_child=-1 2 -2 -4 -3
right_child=1 4 3 -5 -6
leaf_value=-0.0058905939756142113 -7.1393510847563008e-05 -0.0015504468187912759 0.0039532308434008234 0 0
leaf_weight=19.200000047683716 19.208317279815674 46 44.764661908149719 12.392582416534422 10.999999999999998
leaf_count=19 19 46 36 11 11
internal_value=-0.000176032 0.000590556 0.00207583 0.00313907 -0.00102935
internal_weight=152.566 133.366 76.3656 57.1572 57
internal_count=142 123 66 47 57
is_linear=0
shrinkage=0.0168771


Tree=123
num_leaves=6
num_cat=0
split_feature=0 1 0 1 14
split_gain=3.23337 1.75039 0.613515 0.437638 0.292523
threshold=19.500000000000004 7.5385119047619051 34.500000000000007 -6.4779166666666645 19.125714285714288
decision_type=2 2 2 2 2
left_child=-1 2 -2 -4 -3
right_child=1 4 3 -5 -6
leaf_value=-0.0069076617719122952 0 -0.0022877737091520009 0 0.0034410300745796253 0
leaf_weight=16.282812356948853 14.200000047683714 42 15.233483791351317 53.538255095481873 19
leaf_count=16 14 42 15 42 19
internal_value=-0.000325217 0.000388915 0.00207287 0.0027542 -0.0015409
internal_weight=160.255 143.972 82.9717 68.7717 61
internal_count=148 132 71 57 61
is_linear=0
shrinkage=0.0168771


Tree=124
num_leaves=5
num_cat=0
split_feature=2 8 0 13
split_gain=2.97542 1.43965 0.931389 0.576318
threshold=0.24285714285714288 -0.15902934788027778 20.500000000000004 0.42253909625472691
decision_type=2 2 2 2
left_child=2 -2 -1 -3
right_child=1 3 -4 -5
leaf_value=-0.0065892586294783624 -0.00050601340066791349 0.0036956947076353347 0 0
leaf_weight=17.000000000000004 48 56.480238318443298 12.233483791351317 20
leaf_count=17 48 43 12 20
internal_value=0.000110113 0.00140097 -0.00431786 0.00285482
internal_weight=153.714 124.48 29.2335 76.4802
internal_count=140 111 29 63
is_linear=0
shrinkage=0.0168771


Tree=125
num_leaves=6
num_cat=0
split_feature=6 8 8 8 8
split_gain=1.87813 0.56356 0.405633 0.271779 0.72367
threshold=19.282142857142858 1.0000000180025095e-35 -0.84442410795461564 0.56681421594250792 -0.15902934788027778
decision_type=2 2 2 2 2
left_child=1 2 -1 4 -2
right_child=3 -3 -4 -5 -6
leaf_value=0 0 0.00029545685315596172 -0.002654980394142106 0 0.0043301812131917731
leaf_weight=17 13.999999999999998 23.32794988155365 59 20.913037538528442 32.094722986221313
leaf_count=17 14 22 59 20 22
internal_value=5.96536e-05 -0.00126132 -0.00201651 0.00230935 0.00303123
internal_weight=166.336 99.3279 76 67.0078 46.0947
internal_count=154 98 76 56 36
is_linear=0
shrinkage=0.0168771


Tree=126
num_leaves=8
num_cat=0
split_feature=9 8 8 13 14 7 7
split_gain=2.74676 1.21996 0.625609 0.49351 0.221512 0.165349 0.190479
threshold=17.093571428571433 -0.15902934788027778 -0.090553599655062753 -0.10326434779682422 19.913571428571434 18.575714285714287 19.400000000000002
decision_type=2 2 2 2 2 2 2
left_child=3 5 -3 -1 -4 -2 -7
right_child=1 2 4 -5 -6 6 -8
leaf_value=0 0 0.0053618013865117551 0.0019474821070813205 -0.0066572620485002686 0 -0.0024712420044090307 0
leaf_weight=12.400000095367433 24 16.750643849372864 30.315735340118408 14.999999999999998 31.766737818717957 18.000000000000004 9.9999999999999982
leaf_count=12 24 11 27 15 29 18 10
internal_value=0 0.000982029 0.00234647 -0.0046426 0.00098403 -0.000693015 -0.00154162
internal_weight=158.233 130.833 78.8331 27.4 62.0825 52 28
internal_count=146 119 67 27 56 52 28
is_linear=0
shrinkage=0.0168771


Tree=127
num_leaves=7
num_cat=0
split_feature=2 8 1 0 10 10
split_gain=3.04296 1.78026 0.491665 0.464743 0.365761 0.183967
threshold=0.24285714285714288 -0.15902934788027778 -6.4779166666666645 20.500000000000004 0.26928571428571441 0.40357142857142864
decision_type=2 2 2 2 2 2
left_child=3 5 -3 -1 -4 -2
right_child=1 2 4 -5 -6 -7
leaf_value=-0.0073027383320503226 -0.0018499113175795402 0 0 -0.00040991698663290881 0.0038695508042050626 0
leaf_weight=15.000000000000002 43 12.999999999999998 15.09944701194763 12.999999999999998 44.117815017700195 10.999999999999998
leaf_count=15 43 13 14 13 34 11
internal_value=-0.000324985 0.00066819 0.00247441 -0.00516804 0.00310769 -0.00135649
internal_weight=154.217 126.217 72.2173 28 59.2173 54
internal_count=143 115 61 28 48 54
is_linear=0
shrinkage=0.0168771


Tree=128
num_leaves=4
num_cat=0
split_feature=10 8 10
split_gain=3.22853 0.990664 0.692961
threshold=0.24928571428571428 -0.15902934788027778 0.35928571428571426
decision_type=2 2 2
left_child=-1 -2 -3
right_child=1 2 -4
leaf_value=-0.0038829866339776704 0 0.0042413479468285465 0.00015376066047471216
leaf_weight=39 50 39.695318818092346 33.875819325447083
leaf_count=39 50 31 30
internal_value=3.40221e-05 0.00150849 0.00272991
internal_weight=162.571 123.571 73.5711
internal_count=150 111 61
is_linear=0
shrinkage=0.0168771


Tree=129
num_leaves=6
num_cat=0
split_feature=10 8 10 12 4
split_gain=1.7653 1.26895 0.413598 0.274522 0.223624
threshold=0.23285714285714293 -0.15902934788027778 0.40357142857142864 -0.88539954594203396 19.89357142857143
decision_type=2 2 2 2 2
left_child=-1 2 3 -2 -3
right_child=1 4 -4 -5 -6
leaf_value=-0.004465555792333784 0 0.0031118741436043898 0.0004065557345515748 -0.0027190462648011482 0.00033142543226572717
leaf_weight=21 12.999999999999998 35.293388605117798 11.999999999999998 34 39.393899440765381
leaf_count=21 13 30 12 34 34
internal_value=-0.000136797 0.000459838 -0.0011323 -0.00197513 0.00200174
internal_weight=154.687 133.687 59 47 74.6873
internal_count=144 123 59 47 64
is_linear=0
shrinkage=0.0168771


Tree=130
num_leaves=8
num_cat=0
split_feature=2 8 13 9 10 10 10
split_gain=2.09903 1.17557 0.657143 0.536838 0.254133 0.140729 0.119315
threshold=0.24285714285714288 -0.15902934788027778 0.42253909625472691 16.552142857142858 0.39428571428571429 0.38785714285714284 0.29785714285714288
decision_type=2 2 2 2 2 2 2
left_child=3 4 5 -1 6 -3 -2
right_child=1 2 -4 -5 -6 -7 -8
leaf_value=-0.0070554531948505425 0 0.0037414407466238794 0 -0.00024913498289372542 0 0 -0.0026284311170441279
leaf_weight=11.000000000000002 22 37.686059594154358 25 14.999999999999998 12.999999999999998 15.389987826347349 20
leaf_count=11 22 29 25 15 13 12 20
internal_value=-8.45422e-05 0.000654036 0.00205216 -0.004325 -0.000946995 0.00307161 -0.00166373
internal_weight=159.076 133.076 78.076 26 55 53.076 42
internal_count=147 121 66 26 55 41 42
is_linear=0
shrinkage=0.0168771


Tree=131
num_leaves=6
num_cat=0
split_feature=3 2 2 1 13
split_gain=2.57653 0.65662 0.466598 0.309734 0.447857
threshold=0.25357142857142861 0.38785714285714284 0.24285714285714288 7.6091666666666677 0.67116620628019963
decision_type=2 2 2 2 2
left_child=2 3 -1 4 -2
right_child=1 -3 -4 -5 -6
leaf_value=-0.0052194893680120842 0.0033287936461611849 -0.00041741091309377177 0 0 0
leaf_weight=25 42.7289217710495 39.917269945144653 16.45684027671814 31 9.9999999999999982
leaf_count=25 34 38 16 31 10
internal_value=-0.000156191 0.000934031 -0.00376081 0.00182943 0.00260709
internal_weight=165.103 123.646 41.4568 83.7289 52.7289
internal_count=154 113 41 75 44
is_linear=0
shrinkage=0.0168771


Tree=132
num_leaves=7
num_cat=0
split_feature=2 8 9 13 10 2
split_gain=2.78246 1.85428 1.01338 0.595013 0.366015 0.239822
threshold=0.24285714285714288 -0.15902934788027778 16.552142857142858 0.64398681158506954 0.40785714285714286 0.3992857142857143
decision_type=2 2 2 2 2 2
left_child=2 5 -1 4 -3 -2
right_child=1 3 -4 -5 -6 -7
leaf_value=-0.0075453006953333564 0 0.004317372986670758 -6.4280078121293778e-05 0 0 -0.0022406090915700868
leaf_weight=12.000000000000002 38 50.985076904296875 18.233483791351318 14.999999999999998 12.670552134513853 17
leaf_count=12 38 38 18 15 11 17
internal_value=0.000121114 0.0013102 -0.00411225 0.00299347 0.00367775 -0.000739463
internal_weight=163.889 133.656 30.2335 78.6556 63.6556 55
internal_count=149 119 30 64 49 55
is_linear=0
shrinkage=0.0168771


Tree=133
num_leaves=6
num_cat=0
split_feature=10 8 13 8 0
split_gain=1.8755 1.41386 0.569085 0.222164 0.202517
threshold=0.24000000000000002 -0.15902934788027778 0.4735023106683745 1.8364683183885757 40.500000000000007
decision_type=2 2 2 2 2
left_child=-1 4 3 -3 -2
right_child=1 2 -4 -5 -6
leaf_value=-0.0037231123923041599 -0.0023194461778565652 0.004079953918657413 0 0 0
leaf_weight=25 12.999999999999998 42.037099838256836 19 11.94716429710388 39
leaf_count=25 13 32 19 11 39
internal_value=7.37973e-05 0.00107609 0.00262475 0.00346968 -0.000713218
internal_weight=149.984 124.984 72.9843 53.9843 52
internal_count=139 114 62 43 52
is_linear=0
shrinkage=0.0168771


Tree=134
num_leaves=5
num_cat=0
split_feature=3 5 10 10
split_gain=2.17401 0.452829 0.418495 0.15079
threshold=0.25357142857142861 17.803571428571434 0.3535714285714287 0.40500000000000008
decision_type=2 2 2 2
left_child=1 -1 -2 -4
right_child=2 -3 3 -5
leaf_value=-0.0054761526936746401 0.0018821229888432861 0 -0.0010073645021959473 0.0005767341612470812
leaf_weight=20 50.027238368988037 13.456840276718138 28.388525485992432 30.710650205612183
leaf_count=20 45 13 27 28
internal_value=-0.000223819 -0.00391751 0.000780985 0
internal_weight=142.583 33.4568 109.126 59.0992
internal_count=133 33 100 55
is_linear=0
shrinkage=0.0168771


Tree=135
num_leaves=4
num_cat=0
split_feature=6 10 0
split_gain=1.70523 0.59468 0.57706
threshold=19.45571428571429 0.3535714285714287 19.500000000000004
decision_type=2 2 2
left_child=2 -2 -1
right_child=1 -3 -4
leaf_value=-0.0041545960748647038 0.0042548542619879294 0.00010995599532336279 -0.00030821022909778323
leaf_weight=14.999999999999998 24.807831764221191 35.029220342636108 80.321997761726379
leaf_count=15 17 31 79
internal_value=0 0.00230345 -0.001247
internal_weight=155.159 59.8371 95.322
internal_count=142 48 94
is_linear=0
shrinkage=0.0168771


Tree=136
num_leaves=7
num_cat=0
split_feature=3 1 13 10 2 2
split_gain=2.45537 0.86938 1.14405 0.723419 0.408877 0.174786
threshold=0.25357142857142861 8.0667261904761904 0.4735023106683745 0.40999999999999998 0.26642857142857151 0.3992857142857143
decision_type=2 2 2 2 2 2
left_child=4 2 3 -2 -1 -3
right_child=1 5 -4 -5 -6 -7
leaf_value=-0.0042052468725035513 0.0047372564353735797 0.00010667788046165167 0 0 0 -0.001625422363059491
leaf_weight=30 42.225796937942505 28 26 11.878869414329527 11.456840276718138 15.999999999999998
leaf_count=30 31 28 26 10 11 16
internal_value=3.71132e-05 0.00135731 0.00240729 0.00376199 -0.00323934 -0.000107178
internal_weight=165.562 124.105 80.1047 54.1047 41.4568 44
internal_count=152 111 67 41 41 44
is_linear=0
shrinkage=0.0168771


Tree=137
num_leaves=7
num_cat=0
split_feature=14 0 1 10 6 3
split_gain=1.7215 1.04917 0.41422 0.341378 0.215788 0.12508
threshold=19.175000000000004 15.000000000000002 1.0000000180025095e-35 0.3535714285714287 16.283571428571431 0.39071428571428585
decision_type=2 2 2 2 2 2
left_child=1 -1 -3 -2 -4 -5
right_child=3 2 4 5 -6 -7
leaf_value=-0.0061705359285874365 0.0032708335961432185 0.00079977890076922496 0 0.0012380911878540164 -0.0018896464069612436 -8.4951011614588232e-05
leaf_weight=10.999999999999998 27.649952411651611 21.307209372520447 9.9999999999999982 20.576290369033813 51.28490948677063 19.100501656532288
leaf_count=11 21 20 10 17 51 18
internal_value=-5.47237e-05 -0.00164309 -0.000588141 0.00181069 -0.00143428 0.000112594
internal_weight=160.919 93.5921 82.5921 67.3267 61.2849 39.6768
internal_count=148 92 81 56 61 35
is_linear=0
shrinkage=0.0168771


Tree=138
num_leaves=6
num_cat=0
split_feature=2 0 12 6 6
split_gain=2.94286 1.43276 0.354991 0.213991 0.303712
threshold=0.25857142857142867 40.500000000000007 -0.43417785210268828 20.166428571428579 18.894285714285719
decision_type=2 2 2 2 2
left_child=1 -1 -2 4 -4
right_child=2 -3 3 -5 -6
leaf_value=-0.0054598843957850479 0 0 0 0 0.0037875261860375077
leaf_weight=31 41.823717713356018 10.233483791351317 19.2794269323349 21.177722811698914 30.817981123924255
leaf_count=31 41 10 18 19 23
internal_value=0 -0.00369546 0.00142425 0.00212954 0.00273795
internal_weight=154.332 41.2335 113.099 71.2751 50.0974
internal_count=142 41 101 60 41
is_linear=0
shrinkage=0.0168771


Tree=139
num_leaves=4
num_cat=0
split_feature=9 6 6
split_gain=1.80561 0.634034 0.504752
threshold=16.803571428571434 19.282142857142858 16.49428571428572
decision_type=2 2 2
left_child=2 -2 -1
right_child=1 -3 -4
leaf_value=0 0 0.002043601819312128 -0.0051383271717715395
leaf_weight=10.000000000000002 69.3697509765625 64.416450619697571 18.200000047683716
leaf_count=10 68 54 18
internal_value=0 0.000857851 -0.00364639
internal_weight=161.986 133.786 28.2
internal_count=150 122 28
is_linear=0
shrinkage=0.0168771


Tree=140
num_leaves=7
num_cat=0
split_feature=5 0 2 3 2 12
split_gain=2.34175 1.04976 0.518707 0.365889 0.66129 0.194761
threshold=18.664285714285718 40.500000000000007 0.24285714285714288 0.36071428571428571 0.27428571428571435 -0.26362275871049073
decision_type=2 2 2 2 2 2
left_child=1 2 5 4 -2 -1
right_child=3 -3 -4 -5 -6 -7
leaf_value=-0.0071000572958653868 0 0 0 0.00065903982662648226 0.0053069504854071298 -0.00075511116308308386
leaf_weight=11.999999999999998 12.233483791351317 38.816634654998779 13.999999999999998 55.292106151580811 21.233544945716858 13.000000000000002
leaf_count=12 12 38 14 49 15 13
internal_value=0.00016283 -0.00179011 -0.00364773 0.00212203 0.00367645 -0.00502713
internal_weight=166.576 77.8166 39 88.7591 33.467 25
internal_count=153 77 39 76 27 25
is_linear=0
shrinkage=0.0168771


Tree=141
num_leaves=7
num_cat=0
split_feature=9 8 0 5 3 11
split_gain=2.13581 1.03015 0.624112 0.263325 0.250208 0.147083
threshold=17.093571428571433 -0.15902934788027778 34.500000000000007 19.020000000000003 0.36071428571428571 19.125714285714288
decision_type=2 2 2 2 2 2
left_child=2 5 -1 -3 -5 -2
right_child=1 3 -4 4 -6 -7
leaf_value=-0.0049024990671833225 2.0783242937187722e-05 0 0 0.0044724506408637338 0.00094241348287001482 -0.0012807939471519473
leaf_weight=21 30 17.342900991439819 12.200000047683714 28.07148003578186 36.059062600135803 24
leaf_count=21 30 16 12 21 30 24
internal_value=0.000181439 0.00125221 -0.00331556 0.0024539 0.00294923 -0.000199771
internal_weight=168.673 135.473 33.2 81.4734 64.1305 54
internal_count=154 121 33 67 51 54
is_linear=0
shrinkage=0.0168771


Tree=142
num_leaves=6
num_cat=0
split_feature=3 2 1 13 3
split_gain=2.74986 0.949082 0.536546 0.736997 0.336101
threshold=0.25357142857142861 0.26642857142857151 8.0667261904761904 0.4735023106683745 0.39642857142857141
decision_type=2 2 2 2 2
left_child=1 -1 3 4 -2
right_child=2 -3 -4 -5 -6
leaf_value=-0.0051509817151585363 0.0039285439041450761 0 0 0 0
leaf_weight=28 41.912294864654541 12.713680505752562 43 23 12.678799390792845
leaf_count=28 32 12 43 23 10
internal_value=0 -0.00355028 0.00137455 0.00219018 0.00321962
internal_weight=161.305 40.7137 120.591 77.5911 54.5911
internal_count=148 40 108 65 42
is_linear=0
shrinkage=0.0168771


Tree=143
num_leaves=5
num_cat=0
split_feature=3 10 6 2
split_gain=2.41913 0.763108 0.787707 0.140533
threshold=0.25785714285714295 0.3535714285714287 17.688571428571429 0.24285714285714288
decision_type=2 2 2 2
left_child=3 2 -2 -1
right_child=1 -3 -4 -5
leaf_value=-0.0044008820431177776 0 0 0.0041706317253558138 -0.00025002564855242972
leaf_weight=24 22.616634607315063 54.355350375175476 34.355443239212036 17.200000047683716
leaf_count=24 22 51 26 17
internal_value=0 0.00134463 0.00266057 -0.00330719
internal_weight=152.527 111.327 56.9721 41.2
internal_count=140 99 48 41
is_linear=0
shrinkage=0.0168771


Tree=144
num_leaves=7
num_cat=0
split_feature=3 12 6 0 10 0
split_gain=1.84244 0.716805 0.437272 0.355322 0.22227 0.119814
threshold=0.25785714285714295 0.7517666688987189 19.282142857142858 20.500000000000004 0.35928571428571426 36.500000000000007
decision_type=2 2 2 2 2 2
left_child=1 3 -2 -1 -4 -5
right_child=2 -3 4 5 -6 -7
leaf_value=-0.0059408383810670238 0 0 0.0032788556830399 0 0.00025732402887492114 -0.0018188257963300503
leaf_weight=15.999999999999998 50.631673693656921 11.456840276718138 28.038182258605957 10.000000000000002 34.657754421234131 11.999999999999998
leaf_count=16 50 11 21 10 31 12
internal_value=0 -0.00268443 0.00112606 -0.00377018 0.0020359 -0.000781391
internal_weight=162.784 49.4568 113.328 38 62.6959 22
internal_count=151 49 102 38 52 22
is_linear=0
shrinkage=0.0168771


Tree=145
num_leaves=5
num_cat=0
split_feature=14 5 12 0
split_gain=1.46776 0.456911 0.443909 0.372391
threshold=19.609285714285715 19.927142857142865 0.42763007964406702 43.500000000000007
decision_type=2 2 2 2
left_child=2 -2 3 -1
right_child=1 -3 -4 -5
leaf_value=-0.0029876138123856376 0 0.0034134379841379947 0.00021609897961960366 -3.2764304391232882e-05
leaf_weight=38 16.599741220474243 32.644276976585388 22.115526556968689 41.454164505004883
leaf_count=38 15 24 21 41
internal_value=0 0.00233414 -0.00113205 -0.00177384
internal_weight=150.814 49.244 101.57 79.4542
internal_count=139 39 100 79
is_linear=0
shrinkage=0.0168771


Tree=146
num_leaves=7
num_cat=0
split_feature=9 8 13 2 9 8
split_gain=2.6271 1.11047 0.500557 0.499081 0.165599 0.260786
threshold=16.552142857142858 -0.15902934788027778 0.42253909625472691 0.27428571428571435 17.537142857142864 -0.76191531316865058
decision_type=2 2 2 2 2 2
left_child=-1 4 3 -3 -2 -6
right_child=1 2 -4 -5 5 -7
leaf_value=-0.0053752184786883426 0 0 0 0.0038581597925719676 -0.0022688265182468654 0
leaf_weight=20.200000047683716 11.999999999999998 16.433483839035034 17 41.027016401290894 25.999999999999996 22.000000000000004
leaf_count=20 12 16 17 29 26 22
internal_value=0 0.000765226 0.00218485 0.00291191 -0.000659812 -0.00121012
internal_weight=154.661 134.461 74.4605 57.4605 60 48
internal_count=142 122 62 45 60 48
is_linear=0
shrinkage=0.0168771


Tree=147
num_leaves=4
num_cat=0
split_feature=6 0 10
split_gain=2.04301 0.580829 0.180527
threshold=19.282142857142858 15.000000000000002 0.24000000000000002
decision_type=2 2 2
left_child=1 -1 -3
right_child=-2 2 -4
leaf_value=-0.0049976827147744131 0.0023138646331183569 -0.002032349344788794 0
leaf_weight=11.999999999999998 61.338412761688232 17 57.424396872520447
leaf_count=12 50 17 57
internal_value=0 -0.00163189 -0.000631434
internal_weight=147.763 86.4244 74.4244
internal_count=136 86 74
is_linear=0
shrinkage=0.0168771


Tree=148
num_leaves=5
num_cat=0
split_feature=0 9 1 1
split_gain=1.69916 0.954746 0.636521 0.479905
threshold=42.500000000000007 17.093571428571433 13.103809523809526 -3.575595238095238
decision_type=2 2 2 2
left_child=1 -1 3 -2
right_child=2 -3 -4 -5
leaf_value=-0.0042938942723537207 0 0 -0.00083858168200668889 0.0026699065146768603
leaf_weight=30 21.719330549240112 31.189216017723083 18 60.543743014335632
leaf_count=30 21 30 18 50
internal_value=-5.47249e-07 -0.00228574 0.00120197 0.00192508
internal_weight=161.452 61.1892 100.263 82.2631
internal_count=149 60 89 71
is_linear=0
shrinkage=0.0168771


Tree=149
num_leaves=6
num_cat=0
split_feature=0 2 1 1 5
split_gain=1.23319 0.85755 0.646898 1.03115 0.151695
threshold=40.500000000000007 0.24285714285714288 7.6091666666666677 2.3971428571428577 17.567142857142859
decision_type=2 2 2 2 2
left_child=1 -1 3 -2 -4
right_child=2 -3 4 -5 -6
leaf_value=-0.0043344093743456751 0.00024928919751360392 0 1.7265682064046052e-05 0.0056019335042083295 -0.0012143949321879975
leaf_weight=25 53.564434051513672 27.996492862701416 15.999999999999998 14.274200320243834 31
leaf_count=25 47 27 16 9 31
internal_value=-6.33174e-05 -0.00223854 0.000780698 0.00187679 -0.000369451
internal_weight=167.835 52.9965 114.839 67.8386 47
internal_count=155 52 103 56 47
is_linear=0
shrinkage=0.0168771


Tree=150
num_leaves=6
num_cat=0
split_feature=6 8 0 0 13
split_gain=1.71918 0.94061 0.359332 0.395314 0.317109
threshold=19.282142857142858 1.0000000180025095e-35 20.500000000000004 33.000000000000007 -0.371403684273521
decision_type=2 2 2 2 2
left_child=1 2 -1 -4 -2
right_child=4 -3 3 -5 -6
leaf_value=-0.0054253704521758745 0.004029179477103355 0.0007583656867017611 6.801280200414998e-05 -0.0020535626398593748 0.00053139750687522167
leaf_weight=12.999999999999998 18.436057806015015 23.577027797698975 12.999999999999998 49 45.191880226135254
leaf_count=13 12 22 13 49 41
internal_value=0 -0.00147167 -0.00246258 -0.00128029 0.00201387
internal_weight=162.205 98.577 75 62 63.6279
internal_count=150 97 75 62 53
is_linear=0
shrinkage=0.0168771


Tree=151
num_leaves=7
num_cat=0
split_feature=9 8 2 10 10 9
split_gain=1.61691 0.630939 0.314529 0.231846 0.484125 0.184675
threshold=16.803571428571434 -0.15902934788027778 0.24285714285714288 0.26928571428571441 0.35928571428571426 19.129285714285714
decision_type=2 2 2 2 2 2
left_child=2 5 -1 -3 -5 -2
right_child=1 3 -4 4 -6 -7
leaf_value=-0.0048948828571674461 0 0 0 0.0036039792915249953 0 -0.0016930087388507542
leaf_weight=16.000000000000004 43 14.491129636764525 12.200000047683714 33.962815046310425 28.944007277488708 15.999999999999998
leaf_count=16 43 14 12 26 26 16
internal_value=0 0.000834225 -0.00341847 0.00185062 0.00227642 -0.000161382
internal_weight=164.598 136.398 28.2 77.398 62.9068 59
internal_count=153 125 28 66 52 59
is_linear=0
shrinkage=0.0168771


Tree=152
num_leaves=8
num_cat=0
split_feature=3 1 2 3 5 10 11
split_gain=1.77363 0.674063 0.592366 0.527783 0.574606 0.229551 0.168193
threshold=0.26785714285714296 8.0667261904761904 0.24285714285714288 0.39642857142857141 17.354285714285719 0.40999999999999998 19.125714285714288
decision_type=2 2 2 2 2 2 2
left_child=2 3 -1 4 -2 6 -3
right_child=1 5 -4 -5 -6 -7 -8
leaf_value=-0.0045819361126197434 0 0 0 0 0.0035675114620446202 0.00054678715852053239 -0.0023625104380112752
leaf_weight=25 13.608317375183104 18 17.200000047683716 24.709290027618408 43.12163245677948 12.999999999999998 18
leaf_count=25 13 18 17 21 34 13 18
internal_value=-3.64361e-05 0.000812855 -0.0030414 0.00179539 0.00266069 -0.000397437 -0.00132991
internal_weight=172.639 130.439 42.2 81.4392 56.7299 49 36
internal_count=159 117 42 68 47 49 36
is_linear=0
shrinkage=0.0168771


Tree=153
num_leaves=5
num_cat=0
split_feature=9 0 3 3
split_gain=1.81726 0.72481 0.267265 0.494748
threshold=17.093571428571433 20.500000000000004 0.36428571428571438 0.25642857142857151
decision_type=2 2 2 2
left_child=1 -1 3 -2
right_child=2 -3 -4 -5
leaf_value=-0.0064418348087345511 0 0 0 0.0028131282743555437
leaf_weight=12.000000000000002 20.713680505752563 18.200000047683716 62.287915229797363 37.800384998321533
leaf_count=12 20 18 57 32
internal_value=0 -0.00352926 0.000921945 0.00171788
internal_weight=151.002 30.2 120.802 58.5141
internal_count=139 30 109 52
is_linear=0
shrinkage=0.0168771


Tree=154
num_leaves=5
num_cat=0
split_feature=2 8 14 6
split_gain=0.696951 0.357424 0.20087 0.143923
threshold=0.23928571428571432 -0.15902934788027778 16.951428571428579 20.375000000000004
decision_type=2 2 2 2
left_child=2 -2 -1 -3
right_child=1 3 -4 -5
leaf_value=-0.0038595945899591714 -0.00051725293162264041 0.0015278304121956749 0 0
leaf_weight=14.000000000000002 54 54.804052472114563 11.999999999999998 13.692013144493101
leaf_count=14 54 47 12 12
internal_value=-0.000149695 0.000238879 -0.00259528 0.0011457
internal_weight=148.496 122.496 26 68.4961
internal_count=139 113 26 59
is_linear=0
shrinkage=0.0168771


Tree=155
num_leaves=6
num_cat=0
split_feature=2 9 5 12 12
split_gain=1.47229 0.919446 0.694088 0.44091 0.310209
threshold=0.24285714285714288 16.552142857142858 19.927142857142865 1.1802447097642081 0.57716973551682071
decision_type=2 2 2 2 2
left_child=1 -1 4 -4 -2
right_child=2 -3 3 -5 -6
leaf_value=-0.006192634361078083 -0.0007397359706473542 0 0.0035311404163720392 0 0.0016265727300001735
leaf_weight=12.999999999999998 64.725829124450684 20 28.702762842178345 17.200000047683716 16.492126107215881
leaf_count=13 63 20 19 17 15
internal_value=0 -0.00311468 0.000738647 0.00234588 0
internal_weight=160.121 33 127.121 45.9028 81.218
internal_count=147 33 114 36 78
is_linear=0
shrinkage=0.0168771


Tree=156
num_leaves=6
num_cat=0
split_feature=6 1 12 6 5
split_gain=1.29366 0.677676 0.429978 0.308991 0.193639
threshold=19.282142857142858 -1.2251785714285717 -0.88539954594203396 16.49428571428572 19.927142857142865
decision_type=2 2 2 2 2
left_child=1 -1 -3 -4 -2
right_child=4 2 3 -5 -6
leaf_value=0.00065017052754468745 0 0 0 -0.0033556819164239898 0.002476001836186285
leaf_weight=20.77702784538269 21.185959219932556 13.999999999999998 13.999999999999998 46 40.527637362480164
leaf_count=19 19 14 14 46 32
internal_value=0 -0.00126897 -0.00210349 -0.00271218 0.00180762
internal_weight=156.491 94.777 74 60 61.7136
internal_count=144 93 74 60 51
is_linear=0
shrinkage=0.0168771


Tree=157
num_leaves=5
num_cat=0
split_feature=2 9 10 3
split_gain=1.79051 0.808368 0.374714 0.718581
threshold=0.24285714285714288 16.552142857142858 0.24928571428571428 0.33785714285714291
decision_type=2 2 2 2
left_child=1 -1 -2 -4
right_child=2 -3 3 -5
leaf_value=-0.0059885428439320513 -0.00069530508454431232 0 0.0029281276182194661 0
leaf_weight=14.999999999999998 15.999999999999998 19.233483791351318 43.744715213775635 63.214541435241699
leaf_count=15 16 19 36 59
internal_value=0 -0.00333114 0.000881402 0.00133349
internal_weight=157.193 34.2335 122.959 106.959
internal_count=145 34 111 95
is_linear=0
shrinkage=0.0168771


Tree=158
num_leaves=5
num_cat=0
split_feature=9 0 1 1
split_gain=1.89752 0.777634 0.40785 1.0181
threshold=17.093571428571433 34.500000000000007 7.5385119047619051 2.3971428571428577
decision_type=2 2 2 2
left_child=1 -1 3 -2
right_child=2 -3 -4 -5
leaf_value=-0.0050317506151860182 3.9773545488071841e-05 0 -0.00010501973821520703 0.0050299246658111231
leaf_weight=25 59.827175855636597 15.40000009536743 52 15.54591929912567
leaf_count=25 53 15 52 10
internal_value=-0.000193199 -0.00334711 0.000687585 0.00150431
internal_weight=167.773 40.4 127.373 75.3731
internal_count=155 40 115 63
is_linear=0
shrinkage=0.0168771


Tree=159
num_leaves=6
num_cat=0
split_feature=4 8 10 10 10
split_gain=1.66373 0.525215 0.387057 0.44341 0.318538
threshold=16.315000000000005 -0.15902934788027778 0.24928571428571428 0.35928571428571426 0.40357142857142864
decision_type=2 2 2 2 2
left_child=-1 4 -3 -4 -2
right_child=1 2 3 -5 -6
leaf_value=-0.0050156934205870312 -0.0015919250543622674 -0.00028258053245297949 0.0028620507661954865 0 0.00036157800398135392
leaf_weight=15.999999999999998 47 15.999999999999998 40.224563241004944 35.358631610870361 15.999999999999998
leaf_count=16 47 16 32 31 16
internal_value=-0.000226681 0.000210311 0.00111902 0.00170078 -0.000761637
internal_weight=170.583 154.583 91.5832 75.5832 63
internal_count=158 142 79 63 63
is_linear=0
shrinkage=0.0168771


Tree=160
num_leaves=7
num_cat=0
split_feature=2 8 0 14 3 7
split_gain=1.05947 0.521168 0.381647 0.17699 0.171683 0.12701
threshold=0.24285714285714288 -0.15902934788027778 20.500000000000004 19.913571428571434 0.39642857142857141 18.575714285714287
decision_type=2 2 2 2 2 2
left_child=2 5 -1 -3 -5 -2
right_child=1 3 -4 4 -6 -7
leaf_value=-0.0045547146957115566 0 0.0022556331113370927 0 0.0014164327793055184 -0.00057031960118008869 -0.0015335024361071202
leaf_weight=17 27 33.093871116638184 18 17.928712844848633 18.864653587341309 24
leaf_count=17 27 28 18 14 17 24
internal_value=-0.000298153 0.000304279 -0.00283362 0.00135057 0 -0.000709189
internal_weight=155.887 120.887 35 69.8872 36.7934 51
internal_count=145 110 35 59 31 51
is_linear=0
shrinkage=0.0168771


Tree=161
num_leaves=6
num_cat=0
split_feature=10 8 13 10 7
split_gain=1.35686 0.636421 0.266772 0.202762 0.16697
threshold=0.23285714285714293 -0.15902934788027778 0.4735023106683745 0.39428571428571429 18.575714285714287
decision_type=2 2 2 2 2
left_child=-1 3 -3 4 -2
right_child=1 2 -4 -5 -6
leaf_value=-0.0037777005305204801 0 0.0021685329720493515 0 0.00025771855264247013 -0.0022185653410193218
leaf_weight=22 23 54.536032557487488 17 12.999999999999998 22
leaf_count=22 23 43 17 13 22
internal_value=-4.75236e-05 0.000485932 0.00161497 -0.00054922 -0.00125171
internal_weight=151.536 129.536 71.536 58 45
internal_count=140 118 60 58 45
is_linear=0
shrinkage=0.0168771


Tree=162
num_leaves=8
num_cat=0
split_feature=11 2 0 11 11 10 3
split_gain=0.967697 0.510812 0.710332 0.56904 0.336017 0.250692 0.240281
threshold=20.25142857142858 0.24285714285714288 20.500000000000004 19.125714285714288 18.017142857142858 0.40357142857142864 0.39357142857142852
decision_type=2 2 2 2 2 2 2
left_child=1 2 -1 4 -3 -5 -2
right_child=6 3 -4 5 -6 -7 -8
leaf_value=-0.0049146210074160826 0.0036960112423606124 0 0 -0.0023465124085718758 0.0023929382147522987 0 0
leaf_weight=15.000000000000002 16.073498129844669 35.632714152336121 11.999999999999998 31.357074618339539 21.621240139007568 13.230204939842222 12.74414002895355
leaf_count=15 12 35 12 30 19 13 11
internal_value=-3.41931e-05 -0.000802618 -0.00277507 -3.01589e-06 0.000862758 -0.00157141 0.00245305
internal_weight=157.659 128.841 27 101.841 57.254 44.5873 28.8176
internal_count=147 124 27 97 54 43 23
is_linear=0
shrinkage=0.0168771


Tree=163
num_leaves=7
num_cat=0
split_feature=10 10 3 13 1 10
split_gain=1.15715 0.583388 0.432273 0.261065 0.37036 0.18644
threshold=0.26428571428571429 0.3535714285714287 0.25357142857142861 0.42253909625472691 8.303511904761903 0.40357142857142864
decision_type=2 2 2 2 2 2
left_child=2 3 -1 4 -2 -3
right_child=1 5 -4 -5 -6 -7
leaf_value=-0.00315053669768048 0.0039209997096185476 -0.00094026702220638175 0 0 0 0.00082730329306081167
leaf_weight=28 29.181843996047974 28.934360980987549 16.482812404632568 10.999999999999998 11.999999999999998 33.534957766532898
leaf_count=28 21 28 16 11 12 31
internal_value=9.82436e-05 0.00111985 -0.00196884 0.00238578 0.00296617 0
internal_weight=159.134 114.651 44.4828 52.1818 41.1818 62.4693
internal_count=147 103 44 44 33 59
is_linear=0
shrinkage=0.0168771


Tree=164
num_leaves=6
num_cat=0
split_feature=9 8 13 9 8
split_gain=1.89889 0.736892 0.318601 0.260345 0.258551
threshold=17.093571428571433 -0.76191531316865058 0.066488567371289845 18.682142857142864 -0.016562784633909679
decision_type=2 2 2 2 2
left_child=4 3 -3 -2 -1
right_child=1 2 -4 -5 -6
leaf_value=-0.0049916753648265944 0 0.0020665717483875066 0 -0.0031947744489593624 0
leaf_weight=19.000000000000004 12.000000000000002 70.139849901199341 36.256840229034424 9.9999999999999982 12.200000047683714
leaf_count=19 12 58 36 10 12
internal_value=-5.74461e-05 0.00072495 0.00142267 -0.00152127 -0.00372121
internal_weight=159.597 128.397 106.397 22 31.2
internal_count=147 116 94 22 31
is_linear=0
shrinkage=0.0168771


Tree=165
num_leaves=6
num_cat=0
split_feature=5 3 12 0 0
split_gain=1.22983 0.73299 0.310683 0.344873 0.17192
threshold=18.664285714285718 0.36428571428571438 0.42763007964406702 20.500000000000004 33.000000000000007
decision_type=2 2 2 2 2
left_child=2 -2 3 -1 -5
right_child=1 -3 -4 4 -6
leaf_value=-0.0042234227364560516 0.0033603663500241 0 0 0 -0.0013098251180533726
leaf_weight=14.999999999999998 33.504142999649048 52.25544261932373 13.416634559631346 14.999999999999998 34.400000095367432
leaf_count=15 26 47 13 15 34
internal_value=1.38739e-05 0.00151103 -0.00135339 -0.00187386 -0.00053635
internal_weight=163.576 85.7596 77.8166 64.4 49.4
internal_count=150 73 77 64 49
is_linear=0
shrinkage=0.0168771


Tree=166
num_leaves=5
num_cat=0
split_feature=8 8 8 8
split_gain=0.483372 0.471198 0.251641 0.221583
threshold=-0.15902934788027778 -0.090553599655062753 -0.84442410795461564 1.039333853338446
decision_type=2 2 2 2
left_child=2 -2 -1 -3
right_child=1 3 -4 -5
leaf_value=0 0.0029375119878677597 -0.00086233396584944248 -0.0016329215740229026 0.0010028884291844412
leaf_weight=13.999999999999998 16.917544722557068 37.266729831695557 62 30.12942361831665
leaf_count=14 12 34 62 28
internal_value=-6.30669e-05 0.00065056 -0.00113363 0
internal_weight=160.314 84.3137 76 67.3962
internal_count=150 74 76 62
is_linear=0
shrinkage=0.0168771


Tree=167
num_leaves=7
num_cat=0
split_feature=9 2 10 3 6 10
split_gain=1.4702 0.452644 0.367037 0.623576 0.334924 0.283284
threshold=17.093571428571433 0.24285714285714288 0.3535714285714287 0.25357142857142861 17.688571428571429 0.40357142857142864
decision_type=2 2 2 2 2 2
left_child=1 -1 3 -2 -5 -4
right_child=2 -3 5 4 -6 -7
leaf_value=-0.0044403607040959274 -1.1342002076611961e-05 0 -0.0013570943140472239 0 0.0038422913839899647 0.00074211522764765171
leaf_weight=22 20.713680505752563 15.40000009536743 30.388525485992432 19.416634559631348 26.536333322525024 32.229562044143677
leaf_count=22 20 15 29 19 20 29
internal_value=-6.75428e-05 -0.00299783 0.000657971 0.0015248 0.00263536 0
internal_weight=166.685 37.4 129.285 66.6666 45.953 62.6181
internal_count=154 37 117 59 39 58
is_linear=0
shrinkage=0.0168771


Tree=168
num_leaves=7
num_cat=0
split_feature=2 11 10 11 0 11
split_gain=0.973069 0.33658 0.237347 0.189757 0.181028 0.120846
threshold=0.25857142857142867 20.25142857142858 0.40785714285714286 19.125714285714288 15.000000000000002 17.829285714285714
decision_type=2 2 2 2 2 2
left_child=4 3 -3 5 -1 -2
right_child=1 2 -4 -5 -6 -7
leaf_value=-0.0043129266639295805 0 0.0033634302701901989 0 -0.00050201701220281732 -0.00024476707916040312 0.0018621114956312158
leaf_weight=9.9999999999999982 19.632714152336121 19.211118221282959 13.699803113937376 41.9602370262146 25 19.338427782058716
leaf_count=10 19 14 12 39 25 17
internal_value=0 0.000862351 0.00225823 0 -0.00224058 0.00101015
internal_weight=148.842 113.842 32.9109 80.9314 35 38.9711
internal_count=136 101 26 75 35 36
is_linear=0
shrinkage=0.0168771


Tree=169
num_leaves=4
num_cat=0
split_feature=10 8 3
split_gain=0.857046 0.445027 0.240224
threshold=0.24000000000000002 -0.15902934788027778 0.39642857142857141
decision_type=2 2 2
left_child=-1 -2 -3
right_child=1 2 -4
leaf_value=-0.0028752035104263516 -0.00031416122251799484 0.0020980918281015464 0
leaf_weight=23 58 46.849124193191528 21.709290027618408
leaf_count=23 58 39 18
internal_value=0 0.000480453 0.00145175
internal_weight=149.558 126.558 68.5584
internal_count=138 115 57
is_linear=0
shrinkage=0.0168771


Tree=170
num_leaves=5
num_cat=0
split_feature=10 8 10 8
split_gain=1.50634 0.755775 0.314762 0.210459
threshold=0.23285714285714293 -0.15902934788027778 0.41428571428571431 1.8364683183885757
decision_type=2 2 2 2
left_child=-1 -2 3 -3
right_child=1 2 -4 -5
leaf_value=-0.0035434481866301131 -0.0001851967180291774 0.0028781084138599726 0 0
leaf_weight=21 57 57.146200299263 12.699803113937376 11.94716429710388
leaf_count=21 57 46 11 11
internal_value=0.000190513 0.00097494 0.00202662 0.00246509
internal_weight=159.793 138.793 81.7932 69.0934
internal_count=146 125 68 57
is_linear=0
shrinkage=0.0168771


Tree=171
num_leaves=5
num_cat=0
split_feature=6 8 12 3
split_gain=1.47537 0.492602 0.512662 0.398854
threshold=19.282142857142858 1.039333853338446 -0.88539954594203396 0.36071428571428571
decision_type=2 2 2 2
left_child=1 2 -1 -2
right_child=3 -3 -4 -5
leaf_value=0 0.0037093819912582733 0.00097897086604173552 -0.0023753285866659301 0.00035568936276807124
leaf_weight=19 25.169527649879456 11.289554476737974 70.446712732315063 46.342806100845337
leaf_count=19 18 10 70 41
internal_value=4.1117e-06 -0.00116714 -0.00170308 0.00193631
internal_weight=172.249 100.736 89.4467 71.5123
internal_count=158 99 89 59
is_linear=0
shrinkage=0.0168771


Tree=172
num_leaves=8
num_cat=0
split_feature=10 13 14 14 11 11 11
split_gain=1.09474 0.542084 0.370014 0.137594 0.123637 0.343493 0.270471
threshold=0.24000000000000002 -0.371403684273521 19.98714285714286 16.481428571428577 19.125714285714288 17.829285714285714 20.25142857142858
decision_type=2 2 2 2 2 2 2
left_child=3 2 -2 -1 5 -3 -6
right_child=1 4 -4 -5 6 -7 -8
leaf_value=0 0.0038257332425925676 0 0 -0.0036850275217980288 -0.0015545665953432739 0.002305860236252216 0.00032549513311541699
leaf_weight=10.000000000000002 19.413688540458679 28 12.677163839340208 18 33.254164457321167 19.716906785964966 19.320117473602295
leaf_count=10 15 28 10 18 33 17 18
internal_value=0 0.000703732 0.00251495 -0.0028141 0 0.000666513 -0.000478858
internal_weight=160.382 132.382 32.0909 28 100.291 47.7169 52.5743
internal_count=149 121 25 28 96 45 51
is_linear=0
shrinkage=0.0168771


Tree=173
num_leaves=6
num_cat=0
split_feature=10 11 10 11 11
split_gain=0.965011 0.387328 0.299771 0.237396 0.218952
threshold=0.24000000000000002 19.959285714285713 0.40785714285714286 19.125714285714288 18.017142857142858
decision_type=2 2 2 2 2
left_child=-1 3 -3 4 -2
right_child=1 2 -4 -5 -6
leaf_value=-0.0027678897647580502 0 0.0029615472948938382 0 -0.0010156101775502483 0.0021410025985207325
leaf_weight=26 31.632714152336121 25.481989979743958 13.440347194671629 35.371993064880371 16.826916217803955
leaf_count=26 31 19 12 34 15
internal_value=0 0.000651556 0.00197793 0 0.000739937
internal_weight=148.754 122.754 38.9223 83.8316 48.4596
internal_count=137 111 31 80 46
is_linear=0
shrinkage=0.0168771


Tree=174
num_leaves=5
num_cat=0
split_feature=9 11 3 14
split_gain=0.709633 0.31724 0.266611 0.288498
threshold=17.093571428571433 16.177857142857142 0.36428571428571438 19.067142857142866
decision_type=2 2 2 2
left_child=1 -1 3 -2
right_child=2 -3 -4 -5
leaf_value=0 0 -0.0029966121235624902 0 0.0027799373172581509
leaf_weight=10.999999999999998 38.115526556968689 24.400000095367432 62.526754140853882 23.654699683189392
leaf_count=11 37 24 58 18
internal_value=0 -0.00201078 0.000609219 0.00137983
internal_weight=159.697 35.4 124.297 61.7702
internal_count=148 35 113 55
is_linear=0
shrinkage=0.0168771


Tree=175
num_leaves=5
num_cat=0
split_feature=10 8 13 12
split_gain=0.996387 0.396241 0.208303 0.127272
threshold=0.24000000000000002 -0.15902934788027778 0.4735023106683745 -0.88539954594203396
decision_type=2 2 2 2
left_child=-1 3 -3 -2
right_child=1 2 -4 -5
leaf_value=-0.0030511710135394218 0 0.0018699816861396682 0 -0.001002583752121813
leaf_weight=27 13.999999999999998 45.829728484153748 23 46
leaf_count=27 14 37 23 46
internal_value=-0.000192097 0.000291187 0.00124451 -0.000453095
internal_weight=155.83 128.83 68.8297 60
internal_count=147 120 60 60
is_linear=0
shrinkage=0.0168771


Tree=176
num_leaves=7
num_cat=0
split_feature=10 8 10 14 6 6
split_gain=0.921467 0.521436 0.30641 0.293523 0.177842 0.142104
threshold=0.24928571428571428 -0.76191531316865058 0.35928571428571426 16.481428571428577 17.21285714285715 18.223571428571436
decision_type=2 2 2 2 2 2
left_child=3 5 4 -1 -3 -2
right_child=1 2 -4 -5 -6 -7
leaf_value=0 0 0 0 -0.0035477252348372562 0.0026562925840317967 -0.0021758129515372891
leaf_weight=10.999999999999998 10.000000000000002 12.416634559631346 42.571429371833801 24 32.852911949157715 15.999999999999998
leaf_count=11 10 12 40 24 27 16
internal_value=-0.00022478 0.000358241 0.00112293 -0.00259415 0.00204606 -0.0013027
internal_weight=148.841 113.841 87.841 35 45.2695 26
internal_count=140 105 79 35 39 26
is_linear=0
shrinkage=0.0168771


Tree=177
num_leaves=6
num_cat=0
split_feature=3 12 8 8 3
split_gain=1.38694 0.829906 0.476777 0.199667 0.13112
threshold=0.25357142857142861 -0.26362275871049073 -0.15902934788027778 -0.090553599655062753 0.39642857142857141
decision_type=2 2 2 2 2
left_child=1 -1 -2 -4 -5
right_child=2 -3 3 4 -6
leaf_value=-0.005236004269291928 0 0 0.0033514812992162433 0.0013112477750541838 0
leaf_weight=17 56 21.713680505752563 20.812453866004944 25.569730401039124 22.88557231426239
leaf_count=17 56 21 14 23 20
internal_value=0 -0.00272708 0.000816543 0.00175083 0.00047576
internal_weight=163.981 38.7137 125.268 69.2678 48.4553
internal_count=151 38 113 57 43
is_linear=0
shrinkage=0.0168771


Tree=178
num_leaves=6
num_cat=0
split_feature=10 8 10 10 10
split_gain=0.887372 0.24993 0.235674 0.231777 0.124773
threshold=0.23285714285714293 -0.5987870565482547 0.35928571428571426 0.40357142857142864 0.3535714285714287
decision_type=2 2 2 2 2
left_child=-1 3 -3 4 -2
right_child=1 2 -4 -5 -6
leaf_value=-0.0033051584189970175 0 0.0016111710516865563 0 0.00063626879106385738 -0.0023733988560817195
leaf_weight=20 24 48.666799187660217 33.5855553150177 10.999999999999998 15.999999999999998
leaf_count=20 24 42 30 11 16
internal_value=-0.000155328 0.000213425 0.000885434 -0.000443852 -0.00128632
internal_weight=153.252 133.252 82.2524 51 40
internal_count=143 123 72 51 40
is_linear=0
shrinkage=0.0168771


Tree=179
num_leaves=6
num_cat=0
split_feature=6 8 1 3 4
split_gain=1.02543 0.522097 0.768066 0.365095 0.279536
threshold=19.282142857142858 -0.84442410795461564 -1.2251785714285717 0.39071428571428585 16.315000000000005
decision_type=2 2 2 2 2
left_child=1 -1 -3 -2 -4
right_child=3 2 4 -5 -6
leaf_value=0.00043102531670776882 0.0023775766484449828 0 -0.0062579634719063587 0 -0.001628129672601925
leaf_weight=13.999999999999998 32.25672173500061 19.361433744430542 9.9999999999999982 31.969125032424927 52
leaf_count=14 25 18 10 28 52
internal_value=-0.000249515 -0.00145261 -0.00204644 0.00118843 -0.00296768
internal_weight=159.587 95.3614 81.3614 64.2258 62
internal_count=147 94 80 53 62
is_linear=0
shrinkage=0.0168771


Tree=180
num_leaves=6
num_cat=0
split_feature=9 8 1 10 8
split_gain=1.1504 0.650775 0.358051 0.256034 0.16595
threshold=16.552142857142858 -0.15902934788027778 -7.2825595238095238 0.40999999999999998 -0.84442410795461564
decision_type=2 2 2 2 2
left_child=-1 4 -3 -4 -2
right_child=1 2 3 -5 -6
leaf_value=-0.0034832496968811109 0.00041566870811381222 0 0.002701468080943399 0 -0.0010522609527386939
leaf_weight=17 13.999999999999998 13.999999999999998 57.879023432731628 12.189463973045347 42
leaf_count=17 14 14 46 10 42
internal_value=0.000130504 0.000787957 0.00175776 0.00225384 -0.00030235
internal_weight=157.068 140.068 84.0685 70.0685 56
internal_count=143 126 70 56 56
is_linear=0
shrinkage=0.0168771


Tree=181
num_leaves=6
num_cat=0
split_feature=6 8 3 8 10
split_gain=0.792219 0.536799 0.447698 0.188197 0.383074
threshold=19.282142857142858 -0.031643394364177117 0.36071428571428571 -0.85603834937016177 0.26428571428571429
decision_type=2 2 2 2 2
left_child=1 3 -2 -1 -5
right_child=2 -3 -4 4 -6
leaf_value=0 0.0034077157939458374 0.00039818544973696377 0 -0.0038090262112868787 0
leaf_weight=10.999999999999998 21.801805853843689 33.569751024246216 41.998406648635864 23 28
leaf_count=11 15 32 37 23 28
internal_value=1.30875e-07 -0.000819581 0.00154621 -0.00181256 -0.00222485
internal_weight=159.37 95.5698 63.8002 62 51
internal_count=146 94 52 62 51
is_linear=0
shrinkage=0.0168771


Tree=182
num_leaves=6
num_cat=0
split_feature=2 9 1 5 9
split_gain=1.08854 0.508621 0.50596 0.225593 0.141655
threshold=0.24285714285714288 16.552142857142858 7.6091666666666677 19.020000000000003 19.129285714285714
decision_type=2 2 2 2 2
left_child=1 -1 3 -2 -4
right_child=2 -3 4 -5 -6
leaf_value=-0.0049117543359287223 0 0 0 0.002138420902824914 -0.0015609716343318618
leaf_weight=12.999999999999998 26.519544720649719 20.233483791351318 38 57.453312039375305 14.999999999999998
leaf_count=13 25 20 38 45 15
internal_value=0 -0.00257171 0.00071234 0.00156128 -0.000243048
internal_weight=170.206 33.2335 136.973 83.9729 53
internal_count=156 33 123 70 53
is_linear=0
shrinkage=0.0168771


Tree=183
num_leaves=5
num_cat=0
split_feature=9 0 8 6
split_gain=0.943465 0.591034 0.465254 0.125689
threshold=17.093571428571433 34.500000000000007 -0.74899248672383167 17.969285714285714
decision_type=2 2 2 2
left_child=1 -1 3 -2
right_child=2 -3 -4 -5
leaf_value=-0.00428194786077716 0 0 0.00097214262875973672 -0.0018586118290375535
leaf_weight=21 10.000000000000002 14.40000009536743 98.159399628639221 21
leaf_count=21 10 14 86 21
internal_value=-0.000258671 -0.00265524 0.000272542 -0.00117484
internal_weight=164.559 35.4 129.159 31
internal_count=152 35 117 31
is_linear=0
shrinkage=0.0168771


Tree=184
num_leaves=6
num_cat=0
split_feature=2 3 3 8 14
split_gain=1.17585 0.269364 0.449159 0.204412 0.195822
threshold=0.24285714285714288 0.36071428571428571 0.25642857142857151 -0.145226582046321 17.461428571428581
decision_type=2 2 2 2 2
left_child=4 2 -2 -4 -1
right_child=1 -3 3 -5 -6
leaf_value=-0.0039612136386708591 0 0 0 0.0032144163408327833 0
leaf_weight=20.000000000000004 17.45684027671814 62.843883991241455 13.271718978881834 25.676508188247681 9.9999999999999982
leaf_count=20 17 59 13 19 10
internal_value=-9.5521e-05 0.000516041 0.00135714 0.00238033 -0.00303799
internal_weight=149.249 119.249 56.4051 38.9482 30
internal_count=138 108 49 32 30
is_linear=0
shrinkage=0.0168771


Tree=185
num_leaves=4
num_cat=0
split_feature=10 10 10
split_gain=0.796453 0.504173 0.174353
threshold=0.23285714285714293 0.3535714285714287 0.40357142857142864
decision_type=2 2 2
left_child=-1 -2 -3
right_child=1 2 -4
leaf_value=-0.0026932521603269576 0.0015815423056023267 -0.0011769586983401887 0.00018876795700468262
leaf_weight=22 71.647966623306274 34.388525485992432 31.670552134513855
leaf_count=22 64 33 30
internal_value=0 0.000572801 -0.000216858
internal_weight=159.707 137.707 66.0591
internal_count=149 127 63
is_linear=0
shrinkage=0.0168771


Tree=186
num_leaves=6
num_cat=0
split_feature=9 0 11 3 11
split_gain=0.53673 0.751449 0.306575 0.227784 0.18146
threshold=16.803571428571434 34.500000000000007 20.25142857142858 0.39642857142857141 19.125714285714288
decision_type=2 2 2 2 2
left_child=1 -1 4 -4 -2
right_child=2 -3 3 -5 -6
leaf_value=-0.0047673606356980376 0.00066623438677069363 0 0.0028255083733015364 0 -0.00077215291053530895
leaf_weight=12.000000000000002 48.601749658584595 13.40000009536743 19.650485157966617 11.74414002895355 45.423370242118835
leaf_count=12 47 13 15 10 42
internal_value=0 -0.00210058 0.000466629 0.00183294 0
internal_weight=150.82 25.4 125.42 31.3946 94.0251
internal_count=139 25 114 25 89
is_linear=0
shrinkage=0.0168771


Tree=187
num_leaves=6
num_cat=0
split_feature=6 1 0 10 0
split_gain=0.850164 0.526671 0.608456 0.457031 0.336463
threshold=19.282142857142858 1.0000000180025095e-35 20.500000000000004 0.3535714285714287 33.000000000000007
decision_type=2 2 2 2 2
left_child=1 -1 -3 -2 -4
right_child=3 2 4 -5 -6
leaf_value=0.00042918040253702301 0.0028537595883713594 -0.0049651006004584226 0.00059722630641799164 0 -0.0015880730963267723
leaf_weight=18.353116512298584 25.297195911407471 14.999999999999998 15.999999999999998 34.87938666343689 41
leaf_count=17 18 15 16 32 41
internal_value=-9.23189e-05 -0.00124208 -0.00196746 0.0012563 -0.000601274
internal_weight=150.53 90.3531 72 60.1766 57
internal_count=139 89 72 50 57
is_linear=0
shrinkage=0.0168771


Tree=188
num_leaves=6
num_cat=0
split_feature=3 10 2 10 6
split_gain=1.08752 0.510251 0.506765 0.443061 0.418536
threshold=0.26785714285714296 0.3535714285714287 0.24785714285714289 0.40357142857142864 17.688571428571429
decision_type=2 2 2 2 2
left_child=2 4 -1 -3 -2
right_child=1 3 -4 -5 -6
leaf_value=-0.0035164596362752668 0 -0.0017377530791167417 0 0.00095590753163843866 0.0030242666009980576
leaf_weight=28 28.816634654998779 29.155041694641113 17.713680505752563 29.323266625404358 33.853483438491821
leaf_count=28 28 28 17 27 26
internal_value=0 0.000760945 -0.00221197 -4.06324e-05 0.00181929
internal_weight=166.862 121.148 45.7137 58.4783 62.6701
internal_count=154 109 45 55 54
is_linear=0
shrinkage=0.0168771


Tree=189
num_leaves=5
num_cat=0
split_feature=9 0 1 10
split_gain=0.793726 0.571047 0.433459 0.132265
threshold=17.093571428571433 34.500000000000007 13.103809523809526 0.26428571428571429
decision_type=2 2 2 2
left_child=1 -1 3 -2
right_child=2 -3 -4 -5
leaf_value=-0.0042155926877925857 0 0 -0.001291715652610636 0.0012439748403964336
leaf_weight=18 17 14.40000009536743 22 86.26685893535614
leaf_count=18 17 14 22 74
internal_value=-9.26872e-05 -0.00243288 0.000379262 0.000972065
internal_weight=157.667 32.4 125.267 103.267
internal_count=145 32 113 91
is_linear=0
shrinkage=0.0168771


Tree=190
num_leaves=6
num_cat=0
split_feature=10 8 13 3 12
split_gain=0.719892 0.577693 0.56405 0.222591 0.131535
threshold=0.24928571428571428 -0.15902934788027778 0.4735023106683745 0.36071428571428571 -0.81499658312116341
decision_type=2 2 2 2 2
left_child=-1 4 3 -3 -2
right_child=1 2 -4 -5 -6
leaf_value=-0.0019587125367847595 0.00012532255568904654 0.0035091228271865475 0 0 -0.0010179743231603518
leaf_weight=33 22 33.844241857528687 19 19.545245885848999 36
leaf_count=33 22 25 19 15 36
internal_value=1.16814e-05 0.000710462 0.00174226 0.00262931 -0.000231037
internal_weight=163.389 130.389 72.3895 53.3895 58
internal_count=150 117 59 40 58
is_linear=0
shrinkage=0.0168771


Tree=191
num_leaves=6
num_cat=0
split_feature=10 13 4 2 3
split_gain=0.61906 0.365765 0.219731 0.178908 0.15341
threshold=0.24000000000000002 -0.16746797330759403 20.217142857142864 0.27428571428571435 0.23785714285714293
decision_type=2 2 2 2 2
left_child=4 3 -3 -2 -1
right_child=1 2 -4 -5 -6
leaf_value=0 0 -0.00068508485233223677 0.0012379685236621281 0.0020541211498411268 -0.0034964694685567475
leaf_weight=15.000000000000002 13.200000047683714 58 19.268822431564331 45.684749364852905 10.999999999999998
leaf_count=15 13 58 16 35 11
internal_value=2.67618e-06 0.00059912 0 0.00157911 -0.00209093
internal_weight=162.154 136.154 77.2688 58.8847 26
internal_count=148 122 74 48 26
is_linear=0
shrinkage=0.0168771


Tree=192
num_leaves=6
num_cat=0
split_feature=9 12 1 6 6
split_gain=0.709451 0.608154 0.187113 0.233805 0.17398
threshold=17.093571428571433 -0.65522026164191105 8.2022023809523805 20.166428571428579 19.282142857142858
decision_type=2 2 2 2 2
left_child=1 -1 3 4 -2
right_child=2 -3 -4 -5 -6
leaf_value=0 0 -0.0040680418433765644 -0.0001412836232166134 0 0.0023004393876903772
leaf_weight=10.000000000000002 22.112910747528076 19 49 20.944140076637268 31.519829630851746
leaf_count=10 21 19 49 19 23
internal_value=-8.70402e-05 -0.00243636 0.000330484 0.000923408 0.00153173
internal_weight=152.577 29 123.577 74.5769 53.6327
internal_count=141 29 112 63 44
is_linear=0
shrinkage=0.0168771


Tree=193
num_leaves=7
num_cat=0
split_feature=3 12 1 5 10 10
split_gain=0.982982 0.680431 0.520333 0.321091 0.344793 0.188718
threshold=0.25357142857142861 -0.26362275871049073 7.6091666666666677 19.020000000000003 0.40999999999999998 0.39428571428571429
decision_type=2 2 2 2 2 2
left_child=1 -1 3 -2 -5 -4
right_child=2 -3 5 4 -6 -7
leaf_value=-0.004481158912628372 0 0 -0.0012038731490231248 0.0030544716888736669 0 0.0003814104507286689
leaf_weight=18 22.927647829055786 21.713680505752563 36 38.490260124206543 12.476345896720884 15.999999999999998
leaf_count=18 22 21 36 28 11 16
internal_value=0 -0.0023034 0.000646387 0.0016 0.0023123 -0.000313502
internal_weight=165.608 39.7137 125.894 73.8943 50.9666 52
internal_count=152 39 113 61 39 52
is_linear=0
shrinkage=0.0168771


Tree=194
num_leaves=5
num_cat=0
split_feature=10 8 13 8
split_gain=0.589792 0.205152 0.144265 0.125514
threshold=0.24000000000000002 -0.76191531316865058 0.80145874781186144 -0.84442410795461564
decision_type=2 2 2 2
left_child=-1 3 -3 -2
right_child=1 2 -4 -5
leaf_value=-0.002408112297039704 0 0.0010180429737295491 0 -0.0014504789907489135
leaf_weight=25 10.000000000000002 88.15294623374939 10.999999999999998 20
leaf_count=25 10 77 11 20
internal_value=-8.73541e-05 0.000235357 0.000722578 -0.000615244
internal_weight=154.153 129.153 99.1529 30
internal_count=143 118 88 30
is_linear=0
shrinkage=0.0168771


Tree=195
num_leaves=6
num_cat=0
split_feature=9 2 8 1 9
split_gain=1.05927 0.429471 0.418409 0.284916 0.260867
threshold=17.093571428571433 0.24285714285714288 -0.66505900663988926 1.976964285714286 18.682142857142864
decision_type=2 2 2 2 2
left_child=1 -1 4 -4 -2
right_child=2 -3 3 -5 -6
leaf_value=-0.0046671524050009875 0 0 0 0.0022937788444618067 -0.0020338967750794935
leaf_weight=16.000000000000004 18 15.200000047683714 57.080977559089661 33.755935311317444 21
leaf_count=16 18 15 50 28 21
internal_value=-0.000177883 -0.00291398 0.000360275 0.00109195 -0.000766477
internal_weight=161.037 31.2 129.837 90.8369 39
internal_count=148 31 117 78 39
is_linear=0
shrinkage=0.0168771


Tree=196
num_leaves=5
num_cat=0
split_feature=3 7 3 8
split_gain=0.324621 0.609844 0.284776 0.226987
threshold=0.25785714285714295 18.332142857142859 0.36071428571428571 -0.031643394364177117
decision_type=2 2 2 2
left_child=3 -2 -3 -1
right_child=1 2 -4 -5
leaf_value=-0.0019360725650464541 0.0024050421757648615 0.0012857371635769787 -0.00078466379795332538 0
leaf_weight=28 34.245774388313293 22.037519454956055 61.834312081336975 17.45684027671814
leaf_count=28 31 18 58 17
internal_value=0 0.000583715 0 -0.00102908
internal_weight=163.574 118.118 83.8718 45.4568
internal_count=152 107 76 45
is_linear=0
shrinkage=0.0168771


Tree=197
num_leaves=6
num_cat=0
split_feature=3 10 5 8 10
split_gain=0.560117 0.468476 0.422223 0.419553 0.228373
threshold=0.26785714285714296 0.3535714285714287 19.020000000000003 -0.031643394364177117 0.40357142857142864
decision_type=2 2 2 2 2
left_child=3 2 -2 -1 -3
right_child=1 4 -4 -5 -6
leaf_value=-0.003137133652715487 0 -0.0016320760048210475 0.0029683113983101678 0 3.9663166773785126e-05
leaf_weight=23 31.296188354492188 24.687648296356201 27.637854695320129 16.200000047683716 26.47297203540802
leaf_count=23 30 24 20 16 25
internal_value=-6.85235e-06 0.000460945 0.00155176 -0.00179397 -0.000396952
internal_weight=149.295 110.095 58.934 39.2 51.1606
internal_count=138 99 50 39 49
is_linear=0
shrinkage=0.0168771


Tree=198
num_leaves=5
num_cat=0
split_feature=9 4 10 10
split_gain=0.606751 0.366783 0.237306 0.397717
threshold=16.552142857142858 16.577142857142857 0.3535714285714287 0.23285714285714293
decision_type=2 2 2 2
left_child=1 -1 3 -2
right_child=2 -3 -4 -5
leaf_value=-0.0044379581976788027 -0.00064447577661745539 0 -0.00010788686340328786 0.0016604005864303702
leaf_weight=10.000000000000002 11.999999999999998 11.40000009536743 59.961051464080811 68.501327037811279
leaf_count=10 12 11 56 60
internal_value=0 -0.00248284 0.000399974 0.00103756
internal_weight=161.862 21.4 140.462 80.5013
internal_count=149 21 128 72
is_linear=0
shrinkage=0.0168771


Tree=199
num_leaves=5
num_cat=0
split_feature=9 8 8 13
split_gain=0.806043 0.38676 0.212336 0.302482
threshold=17.214285714285719 -0.016562784633909679 -0.5987870565482547 0.42253909625472691
decision_type=2 2 2 2
left_child=1 -1 -2 -4
right_child=2 -3 3 -5
leaf_value=-0.0033065796048407491 0 0 0.0019064905291284434 0
leaf_weight=21 43 11.200000047683714 59.007907152175903 23
leaf_count=21 43 11 46 23
internal_value=3.03272e-05 -0.0020758 0.000783016 0.00127896
internal_weight=157.208 32.2 125.008 82.0079
internal_count=144 32 112 69
is_linear=0
shrinkage=0.0168771


Tree=200
num_leaves=5
num_cat=0
split_feature=9 0 10 10
split_gain=0.694083 0.642707 0.41728 0.293718
threshold=17.093571428571433 34.500000000000007 0.3535714285714287 0.24928571428571428
decision_type=2 2 2 2
left_child=1 -1 3 -2
right_child=2 -3 -4 -5
leaf_value=-0.0039223611222896308 0 0 0 0.0022197394194123253
leaf_weight=17 11.999999999999998 16.400000095367432 56.86897075176239 53.352491021156311
leaf_count=17 12 16 53 44
internal_value=4.64247e-05 -0.00184278 0.000772745 0.00168393
internal_weight=155.621 33.4 122.221 65.3525
internal_count=142 33 109 56
is_linear=0
shrinkage=0.0168771


Tree=201
num_leaves=5
num_cat=0
split_feature=11 14 8 10
split_gain=0.42006 0.247698 0.247848 0.129081
threshold=20.25142857142858 19.125714285714288 -0.031643394364177117 0.40785714285714286
decision_type=2 2 2 2
left_child=1 2 -1 -2
right_child=3 -3 -4 -5
leaf_value=-0.0018039834503357868 0.002164623684744257 0 0 0
leaf_weight=59 18.094427943229679 44.834948539733887 16.891129732131958 11.681289315223692
leaf_count=59 14 40 16 10
internal_value=-0.000124213 -0.000698603 -0.0012888 0.00137353
internal_weight=150.502 120.726 75.8911 29.7757
internal_count=139 115 75 24
is_linear=0
shrinkage=0.0168771


Tree=202
num_leaves=5
num_cat=0
split_feature=0 11 2 5
split_gain=0.490047 0.489631 0.182957 0.140812
threshold=20.500000000000004 17.262142857142859 0.38428571428571434 20.172857142857151
decision_type=2 2 2 2
left_child=1 -1 -2 -4
right_child=2 -3 3 -5
leaf_value=-0.004528847651079331 0.00080994029616145396 0 -0.001093217099197499 0.00026286223965115677
leaf_weight=10.000000000000002 94.134461164474487 14.781704306602476 31.870195865631104 13.679165482521055
leaf_count=10 85 14 31 11
internal_value=0 -0.00212801 0.00031514 -0.000232075
internal_weight=164.466 24.7817 139.684 45.5494
internal_count=151 24 127 42
is_linear=0
shrinkage=0.0168771


Tree=203
num_leaves=6
num_cat=0
split_feature=14 2 10 10 8
split_gain=0.77238 0.318435 0.29464 0.221568 0.187334
threshold=17.461428571428581 0.24285714285714288 0.3535714285714287 0.40357142857142864 -0.15902934788027778
decision_type=2 2 2 2 2
left_child=1 -1 4 -4 -2
right_child=2 -3 3 -5 -6
leaf_value=-0.0032111571226157874 0 0 -0.0010768093680080999 0.00086606363953662096 0.002404688521825678
leaf_weight=20 24 19.416079640388489 28.388525485992432 32.834511756896973 33.696102380752563
leaf_count=20 24 19 27 29 25
internal_value=0 -0.00185451 0.000781551 0 0.00161631
internal_weight=158.335 39.4161 118.919 61.223 57.6961
internal_count=144 39 105 56 49
is_linear=0
shrinkage=0.0168771


Tree=204
num_leaves=5
num_cat=0
split_feature=10 9 9 9
split_gain=0.583058 0.13869 0.157994 0.15364
threshold=0.23285714285714293 17.093571428571433 19.530000000000005 19.930000000000003
decision_type=2 2 2 2
left_child=-1 -2 -3 -4
right_child=1 2 3 -5
leaf_value=-0.0021779405011713815 0 0.0014676811526924155 -0.0010808850278261322 0.00069339258813381978
leaf_weight=21 21.400000095367432 61.285310029983521 15.155519604682921 44.196722149848938
leaf_count=21 21 57 14 37
internal_value=8.31197e-05 0.000609145 0.000868944 0
internal_weight=163.038 142.038 120.638 59.3522
internal_count=150 129 108 51
is_linear=0
shrinkage=0.0168771


Tree=205
num_leaves=7
num_cat=0
split_feature=11 10 13 9 11 13
split_gain=0.467878 0.279444 0.405249 0.2323 0.530415 0.191524
threshold=19.959285714285713 0.41428571428571431 0.4735023106683745 16.803571428571434 19.125714285714288 -1.0000000180025095e-35
decision_type=2 2 2 2 2 2
left_child=3 2 -2 5 -5 -1
right_child=1 -3 -4 4 -6 -7
leaf_value=0 0.0038453437404395467 0 0 0.0011918021504607403 -0.0013074579636980807 -0.0030565720463836708
leaf_weight=14.400000095367433 18.825132846832279 12.699803113937376 10.999999999999998 53.424116015434265 38.653561353683472 10.999999999999998
leaf_count=14 12 11 11 50 38 11
internal_value=0.000122483 0.00166807 0.00250857 -0.000277623 0 -0.00163236
internal_weight=160.003 42.5249 29.8251 117.478 92.0777 25.4
internal_count=147 34 23 113 88 25
is_linear=0
shrinkage=0.0168771


Tree=206
num_leaves=3
num_cat=0
split_feature=0 10
split_gain=0.655373 0.260019
threshold=42.500000000000007 0.3535714285714287
decision_type=2 2
left_child=-1 -2
right_child=1 -3
leaf_value=-0.0015589184963825196 0.0014664466049614769 0
leaf_weight=56.672919869422913 51.034907460212708 51.898316740989685
leaf_count=56 44 48
internal_value=-2.3599e-05 0.00062957
internal_weight=159.606 102.933
internal_count=148 92
is_linear=0
shrinkage=0.0168771


Tree=207
num_leaves=6
num_cat=0
split_feature=9 11 0 7 7
split_gain=0.484022 0.322273 0.24303 0.19466 0.177126
threshold=17.214285714285719 16.177857142857142 34.500000000000007 18.575714285714287 19.546428571428574
decision_type=2 2 2 2 2
left_child=1 -1 -3 -2 -5
right_child=3 2 -4 4 -6
leaf_value=0 0.0011013069966824445 -0.0043532777947270385 0 -0.001519431104582885 2.7730239557692575e-05
leaf_weight=9.9999999999999982 44.354644656181335 13.000000000000002 11.40000009536743 19.471719026565552 55.584416389465332
leaf_count=10 42 13 11 19 48
internal_value=-0.00019361 -0.00194099 -0.00291674 0.000160765 -0.000127922
internal_weight=153.811 34.4 24.4 119.411 75.0561
internal_count=143 34 24 109 67
is_linear=0
shrinkage=0.0168771


Tree=208
num_leaves=4
num_cat=0
split_feature=10 1 14
split_gain=0.533872 0.219802 0.191374
threshold=0.24000000000000002 13.834702380952384 17.461428571428581
decision_type=2 2 2
left_child=-1 2 -2
right_child=1 -3 -4
leaf_value=-0.0022005441952193876 -0.00010335153732769303 -0.00092815424058374037 0.0010345359260858248
leaf_weight=26 17.200000047683716 18 100.73912060260773
leaf_count=26 17 18 88
internal_value=-1.84237e-06 0.000294599 0.0006846
internal_weight=161.939 135.939 117.939
internal_count=149 123 105
is_linear=0
shrinkage=0.0168771


Tree=209
num_leaves=5
num_cat=0
split_feature=0 1 1 1
split_gain=0.548187 0.500179 0.203877 0.202175
threshold=20.500000000000004 7.6091666666666677 5.5448214285714306 -1.2251785714285717
decision_type=2 2 2 2
left_child=-1 2 3 -2
right_child=1 -3 -4 -5
leaf_value=-0.0022864492598537621 0.0012849344150415725 -0.00034914615898549122 0.0034099198001680299 -4.0426330696959124e-05
leaf_weight=19.216079592704773 43.504015564918518 61 15.505867838859556 22.248170971870422
leaf_count=19 37 61 13 19
internal_value=2.24315e-05 0.000528382 0.00144275 0.000527322
internal_weight=161.474 142.258 81.2581 65.7522
internal_count=149 130 69 56
is_linear=0
shrinkage=0.0168771


Tree=210
num_leaves=5
num_cat=0
split_feature=9 5 3 3
split_gain=0.695624 0.32405 0.201095 0.409223
threshold=17.093571428571433 16.535000000000004 0.25357142857142861 0.32500000000000001
decision_type=2 2 2 2
left_child=1 -1 -2 -4
right_child=2 -3 3 -5
leaf_value=0 -0.0002354797129930244 -0.003251889488578521 0.0025663660101556988 0
leaf_weight=15.40000009536743 18.45684027671814 20 30.606581330299377 71.057134032249451
leaf_count=15 18 20 25 65
internal_value=0 -0.00197873 0.000625404 0.000998271
internal_weight=155.521 35.4 120.121 101.664
internal_count=143 35 108 90
is_linear=0
shrinkage=0.0168771


Tree=211
num_leaves=8
num_cat=0
split_feature=6 1 0 0 6 1 1
split_gain=0.704593 0.310494 0.292127 0.334978 0.205761 0.135779 0.141064
threshold=19.282142857142858 -1.2251785714285717 20.500000000000004 33.000000000000007 20.375000000000004 -2.6732738095238084 10.666488095238099
decision_type=2 2 2 2 2 2 2
left_child=1 -1 -3 -4 5 -2 -7
right_child=4 2 3 -5 -6 6 -8
leaf_value=0 0 -0.0036931273810747842 0.00081465600801462941 -0.0014087033878299579 0 0.0029948790698888297 0
leaf_weight=22.312910795211792 13.449411153793333 17 14.999999999999998 49 20.232550024986267 21.596650958061218 11.999999999999998
leaf_count=21 12 17 15 49 17 14 12
internal_value=-8.17834e-05 -0.0010605 -0.00157405 -0.000539789 0.00108338 0.00167991 0.00221831
internal_weight=170.592 103.313 81 64 67.2786 47.0461 33.5967
internal_count=157 102 81 64 55 38 26
is_linear=0
shrinkage=0.0168771


Tree=212
num_leaves=4
num_cat=0
split_feature=3 3 3
split_gain=0.494357 0.373262 0.127148
threshold=0.25357142857142861 0.36071428571428571 0.22714285714285717
decision_type=2 2 2
left_child=2 -2 -1
right_child=1 -3 -4
leaf_value=0 0.0014919571867109615 -0.00013514849389852969 -0.0025479533954021077
leaf_weight=14.999999999999998 53.425617456436157 72.762003660202026 21.200000047683716
leaf_count=15 47 68 21
internal_value=0 0.000398223 -0.00175401
internal_weight=162.388 126.188 36.2
internal_count=151 115 36
is_linear=0
shrinkage=0.0168771


Tree=213
num_leaves=5
num_cat=0
split_feature=3 13 2 6
split_gain=0.303185 0.276035 0.141195 0.12221
threshold=0.25357142857142861 -0.16746797330759403 0.3535714285714287 17.688571428571429
decision_type=2 2 2 2
left_child=-1 3 -3 -2
right_child=1 2 -4 -5
leaf_value=-0.0013663543984766035 0 0.00040345299484479319 -0.00087578399778403605 0.0018008806338207974
leaf_weight=34.200000047683716 13.608317375183104 32.988625764846802 42 37.301204204559326
leaf_count=34 13 30 42 29
internal_value=0 0.000364009 -3.12186e-05 0.00133284
internal_weight=160.098 125.898 74.9886 50.9095
internal_count=148 114 72 42
is_linear=0
shrinkage=0.0168771


Tree=214
num_leaves=6
num_cat=0
split_feature=3 12 1 3 6
split_gain=0.357027 0.448878 0.350619 0.304367 0.124041
threshold=0.25357142857142861 -0.26362275871049073 7.6091666666666677 0.39642857142857141 20.237142857142864
decision_type=2 2 2 2 2
left_child=1 -1 3 4 -2
right_child=2 -3 -4 -5 -6
leaf_value=-0.00310563271722892 0.0026248037560121346 0 0 0 0
leaf_weight=13.999999999999998 40.190605998039246 21.45684027671814 48 19.98060154914856 12.588421583175657
leaf_count=14 32 21 48 17 11
internal_value=0.000233447 -0.000958931 0.000779164 0.00152049 0.00216748
internal_weight=156.216 35.4568 120.76 72.7596 52.779
internal_count=143 35 108 60 43
is_linear=0
shrinkage=0.0168771


Tree=215
num_leaves=6
num_cat=0
split_feature=2 0 2 2 13
split_gain=0.479409 0.408608 0.17864 0.135247 0.155945
threshold=0.24285714285714288 20.500000000000004 0.3992857142857143 0.27428571428571435 0.37361912462082542
decision_type=2 2 2 2 2
left_child=1 -1 3 -2 -5
right_child=2 -3 -4 4 -6
leaf_value=-0.003662932153017451 0 0 -0.00052846094790539916 0.0014958479771614783 0
leaf_weight=16.000000000000004 20.200000047683716 14.999999999999998 35.500635385513306 53.557565450668335 14.999999999999998
leaf_count=16 20 15 34 46 15
internal_value=-0.000161051 -0.00201275 0.000160173 0.0006882 0.00107074
internal_weight=155.258 31 124.258 88.7576 68.5576
internal_count=146 31 115 81 61
is_linear=0
shrinkage=0.0168771


Tree=216
num_leaves=4
num_cat=0
split_feature=6 8 10
split_gain=0.562629 0.438483 0.331693
threshold=19.282142857142858 -0.031643394364177117 0.3535714285714287
decision_type=2 2 2
left_child=1 -1 -2
right_child=2 -3 -4
leaf_value=-0.0018826744806966912 0.0021384449996634867 0 0
leaf_weight=59 32.144765257835388 36.793107390403748 37.703601598739624
leaf_count=59 23 35 34
internal_value=-2.95091e-05 -0.000978754 0.000951286
internal_weight=165.641 95.7931 69.8484
internal_count=151 94 57
is_linear=0
shrinkage=0.0168771


Tree=217
num_leaves=5
num_cat=0
split_feature=6 13 10 13
split_gain=0.535366 0.259472 0.200447 0.164411
threshold=19.282142857142858 -0.10326434779682422 0.41428571428571431 -0.371403684273521
decision_type=2 2 2 2
left_child=1 -1 3 -2
right_child=2 -3 -4 -5
leaf_value=0 0.0029985173123607462 -0.0015698944424415975 0 0
leaf_weight=45.416079640388489 19.04568612575531 51 15.681289315223692 28.748380422592163
leaf_count=45 12 51 14 25
internal_value=0 -0.000770496 0.00118688 0.00172344
internal_weight=159.891 96.4161 63.4754 47.7941
internal_count=147 96 51 37
is_linear=0
shrinkage=0.0168771


Tree=218
num_leaves=6
num_cat=0
split_feature=2 11 10 11 8
split_gain=0.829101 0.267892 0.372079 0.228493 0.222531
threshold=0.25857142857142867 20.060000000000006 0.41428571428571431 18.875714285714285 -0.031643394364177117
decision_type=2 2 2 2 2
left_child=4 3 -3 -2 -1
right_child=1 2 -4 -5 -6
leaf_value=-0.0033885538183422246 0.00052346858680633 0.0027079836139584589 0 -0.0011201167012430606 0
leaf_weight=24 35.315526604652405 22.776393055915833 13.940745234489439 41.080322027206421 13.999999999999998
leaf_count=24 34 17 12 39 14
internal_value=-0.000324308 0.000240323 0.00144206 -8.63567e-05 -0.00245033
internal_weight=151.113 113.113 36.7171 76.3958 38
internal_count=140 102 29 73 38
is_linear=0
shrinkage=0.0168771


Tree=219
num_leaves=3
num_cat=0
split_feature=10 3
split_gain=0.489153 0.238019
threshold=0.24928571428571428 0.36071428571428571
decision_type=2 2
left_child=-1 -2
right_child=1 -3
leaf_value=-0.0015639662032287253 0.0014121189833552394 0
leaf_weight=37 51.995174884796143 67.745860934257507
leaf_count=37 44 62
internal_value=0 0.00058306
internal_weight=156.741 119.741
internal_count=143 106
is_linear=0
shrinkage=0.0168771


Tree=220
num_leaves=3
num_cat=0
split_feature=14 2
split_gain=0.454561 0.374723
threshold=16.652857142857144 0.24285714285714288
decision_type=2 2
left_child=1 -1
right_child=-2 -3
leaf_value=-0.0035421515320014831 0.00029178299542979499 0
leaf_weight=15.000000000000002 131.43118715286255 9.9999999999999982
leaf_count=15 120 10
internal_value=0 -0.00205634
internal_weight=156.431 25
internal_count=145 25
is_linear=0
shrinkage=0.0168771


Tree=221
num_leaves=3
num_cat=0
split_feature=8 8
split_gain=0.225933 0.219739
threshold=0.32651883385898106 -0.84442410795461564
decision_type=2 2
left_child=1 -1
right_child=-2 -3
leaf_value=0.00047786461798227949 0.00064052778712478582 -0.0010727795293756419
leaf_weight=11.999999999999998 52.469149589538574 84.951397061347961
leaf_count=12 46 82
internal_value=-4.47851e-05 -0.000648023
internal_weight=149.421 96.9514
internal_count=140 94
is_linear=0
shrinkage=0.0168771


Tree=222
num_leaves=3
num_cat=0
split_feature=2 0
split_gain=0.438116 0.150772
threshold=0.24285714285714288 20.500000000000004
decision_type=2 2
left_child=1 -1
right_child=-2 -3
leaf_value=-0.0029438644904610112 4.995813504681407e-06 0
leaf_weight=18.000000000000004 120.26289308071136 13.233483791351317
leaf_count=18 110 13
internal_value=-0.000295901 -0.00201252
internal_weight=151.496 31.2335
internal_count=141 31
is_linear=0
shrinkage=0.0168771


Tree=223
num_leaves=3
num_cat=0
split_feature=9 2
split_gain=0.495404 0.176225
threshold=17.093571428571433 0.25857142857142867
decision_type=2 2
left_child=1 -1
right_child=-2 -3
leaf_value=-0.0027082385055970711 0.00053740944378879182 0
leaf_weight=18.000000000000004 128.33058738708496 11.40000009536743
leaf_count=18 118 11
internal_value=0 -0.0017871
internal_weight=157.731 29.4
internal_count=147 29
is_linear=0
shrinkage=0.0168771


Tree=224
num_leaves=5
num_cat=0
split_feature=8 13 0 3
split_gain=0.505933 0.300499 0.285782 0.272371
threshold=-0.15902934788027778 -0.371403684273521 67.500000000000014 0.39357142857142852
decision_type=2 2 2 2
left_child=3 2 -2 -1
right_child=1 -3 -4 -5
leaf_value=-0.0019483073949716355 0.0033684905160750282 0 0 0
leaf_weight=51 13.688127160072328 65.464800000190735 13.514903783798216 15.999999999999998
leaf_count=51 10 61 10 16
internal_value=-0.000163724 0.000473095 0.00188475 -0.00134817
internal_weight=159.668 92.6678 27.203 67
internal_count=148 81 20 67
is_linear=0
shrinkage=0.0168771


Tree=225
num_leaves=5
num_cat=0
split_feature=6 8 8 6
split_gain=0.353249 0.19099 0.152735 0.136587
threshold=19.282142857142858 1.039333853338446 -0.82650410525855544 20.375000000000004
decision_type=2 2 2 2
left_child=1 2 -1 -2
right_child=3 -3 -4 -5
leaf_value=0 0.0013257713758548957 1.1712685108006226e-05 -0.00152732355822689 0
leaf_weight=15.999999999999998 47.043964982032776 13.546394705772398 61.223356366157532 19.428890466690063
leaf_count=16 38 12 61 17
internal_value=0 -0.000742959 -0.0011507 0.000839535
internal_weight=157.243 90.7698 77.2234 66.4729
internal_count=144 89 77 55
is_linear=0
shrinkage=0.0168771


Tree=226
num_leaves=4
num_cat=0
split_feature=14 3 12
split_gain=0.20834 0.131947 0.124033
threshold=19.175000000000004 0.39642857142857141 0.57716973551682071
decision_type=2 2 2
left_child=2 -2 -1
right_child=1 -3 -4
leaf_value=-0.0011590184669697514 0.00101875573662586 -0.00015194607827614959 0
leaf_weight=78.69322681427002 34.218948125839233 28.937090039253235 14.416079640388487
leaf_count=78 29 26 14
internal_value=-0.000323371 0.000160012 -0.000879619
internal_weight=156.265 63.156 93.1093
internal_count=147 55 92
is_linear=0
shrinkage=0.0168771


Tree=227
num_leaves=3
num_cat=0
split_feature=8 1
split_gain=0.448272 0.15828
threshold=-0.15902934788027778 3.3814285714285721
decision_type=2 2
left_child=-1 -2
right_child=1 -3
leaf_value=-0.001060308942574734 2.2846510184489877e-05 0.0022566056466639338
leaf_weight=66 68.758063673973083 15.790777325630186
leaf_count=66 60 13
internal_value=0 0.000757649
internal_weight=150.549 84.5488
internal_count=139 73
is_linear=0
shrinkage=0.0168771


Tree=228
num_leaves=4
num_cat=0
split_feature=13 0 2
split_gain=0.272411 0.417507 0.166605
threshold=-0.32336502689753049 20.500000000000004 0.3992857142857143
decision_type=2 2 2
left_child=-1 -2 -3
right_child=1 2 -4
leaf_value=0.00099632907097529986 -0.0028834627862330564 0.00049098731961166474 -0.0010512056913394273
leaf_weight=53.377055048942566 13.999999999999998 61.397365093231201 26
leaf_count=44 14 59 26
internal_value=0 -0.000456245 0
internal_weight=154.774 101.397 87.3974
internal_count=143 99 85
is_linear=0
shrinkage=0.0168771


Tree=229
num_leaves=3
num_cat=0
split_feature=14 8
split_gain=0.294241 0.389343
threshold=19.125714285714288 -0.031643394364177117
decision_type=2 2
left_child=1 -1
right_child=-2 -3
leaf_value=-0.0020285255938592463 0.00013136353030055787 0
leaf_weight=51 66.157407999038696 30.590021729469299
leaf_count=51 58 29
internal_value=-0.00043368 -0.00114586
internal_weight=147.747 81.59
internal_count=138 80
is_linear=0
shrinkage=0.0168771


Tree=230
num_leaves=4
num_cat=0
split_feature=0 2 3
split_gain=0.401578 0.284814 0.223959
threshold=42.500000000000007 0.24285714285714288 0.32500000000000001
decision_type=2 2 2
left_child=1 -1 -2
right_child=2 -3 -4
leaf_value=-0.0022374356386080469 0.001742325705087088 0 0
leaf_weight=28 31.52189302444458 28.498891949653625 70.626848340034485
leaf_count=28 26 28 65
internal_value=0 -0.00111328 0.000622764
internal_weight=158.648 56.4989 102.149
internal_count=147 56 91
is_linear=0
shrinkage=0.0168771


Tree=231
num_leaves=3
num_cat=0
split_feature=4 8
split_gain=0.414251 0.328071
threshold=16.577142857142857 -0.76191531316865058
decision_type=2 2
left_child=-1 -2
right_child=1 -3
leaf_value=-0.0024231743863669581 -0.0013244935901708984 0.00065233333591052439
leaf_weight=17 24 109.85114717483521
leaf_count=17 24 97
internal_value=-6.72729e-05 0.000113291
internal_weight=150.851 133.851
internal_count=138 121
is_linear=0
shrinkage=0.0168771


Tree=232
num_leaves=4
num_cat=0
split_feature=0 11 14
split_gain=0.574447 0.440728 0.1463
threshold=42.500000000000007 18.631428571428575 20.101428571428574
decision_type=2 2 2
left_child=1 -1 -2
right_child=2 -3 -4
leaf_value=-0.002330662615707932 0.0010464552031356868 0 0
leaf_weight=44 66.931361794471741 13.747164249420164 24.976191878318787
leaf_count=44 61 13 22
internal_value=-5.69653e-05 -0.00145999 0.000605935
internal_weight=149.655 57.7472 91.9076
internal_count=140 57 83
is_linear=0
shrinkage=0.0168771


Tree=233
num_leaves=3
num_cat=0
split_feature=0 3
split_gain=0.405561 0.202123
threshold=42.500000000000007 0.32500000000000001
decision_type=2 2
left_child=-1 -2
right_child=1 -3
leaf_value=-0.0012372191822729924 0.0018322432071813664 0
leaf_weight=53.672919869422913 22.843028426170349 70.433912515640259
leaf_count=53 19 64
internal_value=0 0.000548121
internal_weight=146.95 93.2769
internal_count=136 83
is_linear=0
shrinkage=0.0168771


Tree=234
num_leaves=7
num_cat=0
split_feature=2 14 8 8 10 10
split_gain=0.343943 0.373873 0.275364 0.268085 0.122479 0.22253
threshold=0.24285714285714288 16.951428571428579 -0.15902934788027778 -0.090553599655062753 0.40357142857142864 0.29785714285714288
decision_type=2 2 2 2 2 2
left_child=1 -1 4 -4 5 -2
right_child=2 -3 3 -5 -6 -7
leaf_value=-0.0032588680653072382 0 0 0.0028653136214496205 0 0.00032068583517016038 -0.0018267359472527488
leaf_weight=14.999999999999998 14.999999999999998 17.233483791351318 17.29354202747345 45.980784773826599 11.999999999999998 27
leaf_count=15 15 17 11 41 12 27
internal_value=0 -0.00154376 0.000343754 0.00116316 -0.000232884 -0.000900723
internal_weight=149.508 32.2335 117.274 63.2743 54 42
internal_count=138 32 106 52 54 42
is_linear=0
shrinkage=0.0168771


Tree=235
num_leaves=6
num_cat=0
split_feature=8 13 14 14 8
split_gain=0.530728 0.300889 0.275741 0.270843 0.159796
threshold=-0.15902934788027778 -0.371403684273521 19.913571428571434 19.125714285714288 -0.84442410795461564
decision_type=2 2 2 2 2
left_child=3 2 -2 4 -1
right_child=1 -3 -4 -5 -6
leaf_value=0 0.0033114473957739443 0 0 0 -0.0021784239442375415
leaf_weight=9.9999999999999982 16.30016040802002 59.40801990032196 16.000290274620056 19 45
leaf_count=10 11 55 12 19 45
internal_value=-6.08067e-06 0.000700703 0.00193727 -0.00116683 -0.00177207
internal_weight=165.708 91.7085 32.3005 74 55
internal_count=152 78 23 74 55
is_linear=0
shrinkage=0.0168771


Tree=236
num_leaves=3
num_cat=0
split_feature=10 5
split_gain=0.151428 0.152967
threshold=0.26428571428571429 18.223571428571436
decision_type=2 2
left_child=1 -1
right_child=-2 -3
leaf_value=-0.0012016068575893294 0.00052604985656618463 0
leaf_weight=36.400000095367432 107.42566859722137 11.565624713897703
leaf_count=36 96 11
internal_value=6.13766e-05 -0.000509234
internal_weight=155.391 47.9656
internal_count=143 47
is_linear=0
shrinkage=0.0168771


Tree=237
num_leaves=4
num_cat=0
split_feature=9 8 8
split_gain=0.325526 0.184567 0.200042
threshold=16.552142857142858 -0.76191531316865058 -0.005703045642890414
decision_type=2 2 2
left_child=-1 -2 -3
right_child=1 2 -4
leaf_value=-0.0017223201629847282 -0.00031749668474045906 0.0014477763509578869 0
leaf_weight=19.400000095367432 28 60.523720145225525 53.410553336143494
leaf_count=19 28 54 48
internal_value=6.9781e-06 0.000428015 0.000806434
internal_weight=161.334 141.934 113.934
internal_count=149 130 102
is_linear=0
shrinkage=0.0168771


Tree=238
num_leaves=4
num_cat=0
split_feature=9 11 2
split_gain=0.348984 0.216639 0.141749
threshold=17.093571428571433 19.125714285714288 0.24285714285714288
decision_type=2 2 2
left_child=2 -2 -1
right_child=1 -3 -4
leaf_value=-0.0025932264488769913 0.0011309629593675306 -3.6226600043224609e-05 0
leaf_weight=16.000000000000004 55.087437987327576 72.126586675643921 11.200000047683714
leaf_count=16 52 64 11
internal_value=0 0.000310935 -0.00169796
internal_weight=154.414 127.214 27.2
internal_count=143 116 27
is_linear=0
shrinkage=0.0168771


Tree=239
num_leaves=5
num_cat=0
split_feature=2 9 8 8
split_gain=0.597052 0.285549 0.209259 0.133104
threshold=0.24285714285714288 16.552142857142858 -0.15902934788027778 -0.090553599655062753
decision_type=2 2 2 2
left_child=1 -1 -2 -4
right_child=2 -3 3 -5
leaf_value=-0.0039209607485849469 -5.9295076194444384e-05 0 0.0021943971848042603 6.2099085298422503e-05
leaf_weight=11.999999999999998 55 20 21.837907433509827 54.346616625785828
leaf_count=12 55 20 15 48
internal_value=0 -0.0020586 0.00040596 0.00101507
internal_weight=163.185 32 131.185 76.1845
internal_count=150 32 118 63
is_linear=0
shrinkage=0.0168771


Tree=240
num_leaves=4
num_cat=0
split_feature=10 7 13
split_gain=0.412545 0.128405 0.124218
threshold=0.24928571428571428 18.575714285714287 -0.13946555660387946
decision_type=2 2 2
left_child=-1 2 -2
right_child=1 -3 -4
leaf_value=-0.0016601099073905049 0.0016956624247254242 0 0
leaf_weight=38 24.422056674957275 72.446560621261597 20
leaf_count=38 22 64 20
internal_value=-0.000109604 0.000235517 0.000955514
internal_weight=154.869 116.869 44.4221
internal_count=144 106 42
is_linear=0
shrinkage=0.0168771


Tree=241
num_leaves=6
num_cat=0
split_feature=14 0 8 7 7
split_gain=0.295161 0.298763 0.236458 0.164414 0.144191
threshold=16.652857142857144 22.500000000000004 -0.76191531316865058 18.672857142857151 20.289285714285718
decision_type=2 2 2 2 2
left_child=1 -1 3 -2 -4
right_child=2 -3 4 -5 -6
leaf_value=-0.0026183717990176316 0 0 0.0011720531867913393 -0.0020368493148724912 0
leaf_weight=19.000000000000004 13.000000000000002 11.999999999999998 81.857809066772461 10.999999999999998 20.184983491897583
leaf_count=19 13 12 73 11 17
internal_value=0 -0.00138595 0.000383106 -0.000636309 0.000847474
internal_weight=157.043 31 126.043 24 102.043
internal_count=145 31 114 24 90
is_linear=0
shrinkage=0.0168771


Tree=242
num_leaves=4
num_cat=0
split_feature=3 0 7
split_gain=0.489785 0.340744 0.211366
threshold=0.25357142857142861 19.500000000000004 18.575714285714287
decision_type=2 2 2
left_child=1 -1 -2
right_child=2 -3 -4
leaf_value=-0.0036695438925699836 0.0013396637098906626 0 0
leaf_weight=12.999999999999998 43.03745710849762 24.45684027671814 75.674413800239563
leaf_count=13 40 24 67
internal_value=0 -0.00170415 0.000427858
internal_weight=156.169 37.4568 118.712
internal_count=144 37 107
is_linear=0
shrinkage=0.0168771


Tree=243
num_leaves=2
num_cat=0
split_feature=6
split_gain=0.251482
threshold=19.282142857142858
decision_type=2
left_child=-1
right_child=-2
leaf_value=-0.0006320290295562962 0.00069758222111854912
leaf_weight=94.04775333404541 64.691834092140198
leaf_count=93 54
internal_value=0
internal_weight=158.74
internal_count=147
is_linear=0
shrinkage=0.0168771


Tree=244
num_leaves=5
num_cat=0
split_feature=3 8 3 6
split_gain=0.445604 0.467496 0.221971 0.221439
threshold=0.26785714285714296 -0.031643394364177117 0.36071428571428571 19.282142857142858
decision_type=2 2 2 2
left_child=1 -1 3 -2
right_child=2 -3 -4 -5
leaf_value=-0.0028575977735106452 0 0 0 0.0027707182013987702
leaf_weight=24 25.816634654998779 21.45684027671814 64.087946057319641 18.787188649177551
leaf_count=24 25 21 60 13
internal_value=0 -0.00133819 0.000600931 0.00147604
internal_weight=154.149 45.4568 108.692 44.6038
internal_count=143 45 98 38
is_linear=0
shrinkage=0.0168771


Tree=245
num_leaves=4
num_cat=0
split_feature=11 9 11
split_gain=0.340706 0.185315 0.296848
threshold=20.25142857142858 16.552142857142858 19.125714285714288
decision_type=2 2 2
left_child=1 -1 -3
right_child=-2 2 -4
leaf_value=-0.0016666374452460856 0.0016997676443338849 0.00077640076611632869 -0.00093496648321250416
leaf_weight=18.200000047683716 28.667399287223816 65.804625630378723 46.423370242118835
leaf_count=18 23 63 43
internal_value=2.03551e-05 -0.000209732 0
internal_weight=159.095 130.428 112.228
internal_count=147 124 106
is_linear=0
shrinkage=0.0168771


Tree=246
num_leaves=5
num_cat=0
split_feature=9 10 3 10
split_gain=0.747047 0.178093 0.452695 0.169238
threshold=17.093571428571433 0.3535714285714287 0.25357142857142861 0.40357142857142864
decision_type=2 2 2 2
left_child=-1 2 -2 -3
right_child=1 3 -4 -5
leaf_value=-0.0022151387798493901 -5.3333613328927575e-05 -0.0010314130055174074 0.0021090006334583251 0.00074982770450107033
leaf_weight=29 19.713680505752563 24.70087718963623 50.097925662994385 30.571681976318359
leaf_count=29 19 24 41 27
internal_value=0 0.000662541 0.00121247 0
internal_weight=154.084 125.084 69.8116 55.2726
internal_count=140 111 60 51
is_linear=0
shrinkage=0.0168771


Tree=247
num_leaves=4
num_cat=0
split_feature=6 8 3
split_gain=0.435058 0.360597 0.406442
threshold=19.282142857142858 -0.031643394364177117 0.39357142857142852
decision_type=2 2 2
left_child=1 2 -1
right_child=-2 -3 -4
leaf_value=-0.0021500062907842208 0.0011593209975315039 0.00028784468123715088 0
leaf_weight=53 57.335969924926758 32.769751071929932 11.999999999999998
leaf_count=53 47 31 12
internal_value=0 -0.000653073 -0.00144953
internal_weight=155.106 97.7698 65
internal_count=143 96 65
is_linear=0
shrinkage=0.0168771


Tree=248
num_leaves=7
num_cat=0
split_feature=9 0 7 7 3 3
split_gain=0.662871 0.416867 0.163039 0.409117 0.29853 0.127314
threshold=17.093571428571433 20.500000000000004 18.575714285714287 19.254999999999999 0.36428571428571438 0.25357142857142861
decision_type=2 2 2 2 2 2
left_child=1 -1 5 -4 -5 -2
right_child=2 -3 3 4 -6 -7
leaf_value=-0.0038146771897559512 0 0 -0.0020881036403075791 0.0020851470259139583 0 0.0019339944951669544
leaf_weight=13.999999999999998 17 18.200000047683716 14.999999999999998 25.479386687278748 44.97468888759613 35.637457013130188
leaf_count=14 17 18 15 18 41 33
internal_value=2.20301e-05 -0.00190476 0.000660389 0 0.000723646 0.00139389
internal_weight=170.292 32.2 138.092 85.4541 70.4541 52.6375
internal_count=156 32 124 74 59 50
is_linear=0
shrinkage=0.0168771


Tree=249
num_leaves=5
num_cat=0
split_feature=10 10 10 10
split_gain=0.300601 0.151764 0.228498 0.154875
threshold=0.24928571428571428 0.3535714285714287 0.40357142857142864 0.34214285714285719
decision_type=2 2 2 2
left_child=-1 3 -3 -2
right_child=1 2 -4 -5
leaf_value=-0.0012308417909764368 4.1080407910626426e-05 -0.0013353576988028896 0.00063923436738500385 0.0025055863363571368
leaf_weight=37 52.876325607299805 24.70087718963623 35.853025555610657 14.989290833473204
leaf_count=37 49 24 32 10
internal_value=0 0.000437625 0 0.000982903
internal_weight=165.42 128.42 60.5539 67.8656
internal_count=152 115 56 59
is_linear=0
shrinkage=0.0168771


Tree=250
num_leaves=3
num_cat=0
split_feature=10 10
split_gain=0.253956 0.210392
threshold=0.26428571428571429 0.3535714285714287
decision_type=2 2
left_child=-1 -2
right_child=1 -3
leaf_value=-0.00095465465613300945 0.0012342795867649331 0
leaf_weight=51.482812404632568 51.361899137496948 61.394823789596558
leaf_count=51 44 58
internal_value=0 0.000443581
internal_weight=164.24 112.757
internal_count=153 102
is_linear=0
shrinkage=0.0168771


Tree=251
num_leaves=4
num_cat=0
split_feature=6 8 8
split_gain=0.263147 0.261367 0.203214
threshold=19.282142857142858 -0.031643394364177117 -0.84442410795461564
decision_type=2 2 2
left_child=1 2 -1
right_child=-2 -3 -4
leaf_value=0 0.00052264806292335816 0 -0.0018065659100781298
leaf_weight=10.999999999999998 69.253278851509094 32.553671479225159 55
leaf_count=11 57 31 55
internal_value=-9.19827e-05 -0.000747426 -0.00137943
internal_weight=167.807 98.5537 66
internal_count=154 97 66
is_linear=0
shrinkage=0.0168771


Tree=252
num_leaves=3
num_cat=0
split_feature=5 3
split_gain=0.258411 0.176855
threshold=18.664285714285718 0.36071428571428571
decision_type=2 2
left_child=-1 -2
right_child=1 -3
leaf_value=-0.00058811284269090925 0.0017336628115193061 0
leaf_weight=76.616634607315063 29.182859063148499 56.085706472396851
leaf_count=76 23 50
internal_value=0 0.000723009
internal_weight=161.885 85.2686
internal_count=149 73
is_linear=0
shrinkage=0.0168771


Tree=253
num_leaves=4
num_cat=0
split_feature=2 14 11
split_gain=0.404664 0.149585 0.117982
threshold=0.24285714285714288 16.951428571428579 20.566428571428574
decision_type=2 2 2
left_child=1 -1 -2
right_child=2 -3 -4
leaf_value=-0.0030526874655333195 0 0 0.0015124647576871431
leaf_weight=15.000000000000002 112.63845527172089 12.999999999999998 11.789275288581846
leaf_count=15 105 13 8
internal_value=-0.000242101 -0.00200548 1.5487e-05
internal_weight=152.428 28 124.428
internal_count=141 28 113
is_linear=0
shrinkage=0.0168771


Tree=254
num_leaves=4
num_cat=0
split_feature=2 9 3
split_gain=0.23371 0.351671 0.242883
threshold=0.27428571428571435 16.552142857142858 0.32500000000000001
decision_type=2 2 2
left_child=1 -1 -2
right_child=2 -3 -4
leaf_value=-0.0033617209023143885 0.0014680301928671018 0 0
leaf_weight=10.999999999999998 33.593921422958374 40.433483839035034 70.552615880966187
leaf_count=11 27 40 65
internal_value=-8.78627e-06 -0.00102486 0.000297851
internal_weight=155.58 51.4335 104.147
internal_count=143 51 92
is_linear=0
shrinkage=0.0168771


Tree=255
num_leaves=3
num_cat=0
split_feature=3 3
split_gain=0.239309 0.172977
threshold=0.26785714285714296 0.29571428571428582
decision_type=2 2
left_child=-1 -2
right_child=1 -3
leaf_value=-0.001193788800241202 0.0016783345796724273 0
leaf_weight=42.45684027671814 16.026146531105042 100.37326109409332
leaf_count=42 14 93
internal_value=-5.98103e-05 0.000184976
internal_weight=158.856 116.399
internal_count=149 107
is_linear=0
shrinkage=0.0168771


Tree=256
num_leaves=5
num_cat=0
split_feature=10 9 11 11
split_gain=0.29394 0.134932 0.121353 0.156147
threshold=0.24928571428571428 16.552142857142858 20.25142857142858 19.125714285714288
decision_type=2 2 2 2
left_child=1 -1 3 -2
right_child=2 -3 -4 -5
leaf_value=-0.0028817150530350442 0.00067314072915479234 0 0.0011967309205849742 -0.00067128409187517117
leaf_weight=10.000000000000002 47.860521912574768 21 31.632420301437378 44.72865629196167
leaf_count=10 46 21 25 41
internal_value=0 -0.00142444 0.000342469 0
internal_weight=155.222 31 124.222 92.5892
internal_count=143 31 112 87
is_linear=0
shrinkage=0.0168771


Tree=257
num_leaves=3
num_cat=0
split_feature=2 8
split_gain=0.310814 0.42901
threshold=0.25857142857142867 -0.031643394364177117
decision_type=2 2
left_child=1 -1
right_child=-2 -3
leaf_value=-0.0027405252199461556 0 0
leaf_weight=27 119.87011134624481 16.233483791351318
leaf_count=27 109 16
internal_value=-0.000289814 -0.00149016
internal_weight=163.104 43.2335
internal_count=152 43
is_linear=0
shrinkage=0.0168771


Tree=258
num_leaves=2
num_cat=0
split_feature=13
split_gain=0.207022
threshold=-0.16746797330759403
decision_type=2
left_child=-1
right_child=-2
leaf_value=0.00078436445145513463 -0.00042273064675463153
leaf_weight=66.180899262428284 89.184174537658691
leaf_count=56 87
internal_value=0
internal_weight=155.365
internal_count=143
is_linear=0
shrinkage=0.0168771


Tree=259
num_leaves=2
num_cat=0
split_feature=10
split_gain=0.149265
threshold=0.23285714285714293
decision_type=2
left_child=-1
right_child=-2
leaf_value=-0.0013336485971463836 3.2518004409625066e-05
leaf_weight=21 133.08336126804352
leaf_count=21 123
internal_value=-3.21864e-05
internal_weight=154.083
internal_count=144
is_linear=0
shrinkage=0.0168771


Tree=260
num_leaves=2
num_cat=0
split_feature=12
split_gain=0.184768
threshold=-0.88539954594203396
decision_type=2
left_child=-1
right_child=-2
leaf_value=0.0015256515311836193 0
leaf_weight=20.647435426712036 134.91825711727142
leaf_count=19 124
internal_value=0.000118216
internal_weight=155.566
internal_count=143
is_linear=0
shrinkage=0.0168771


Tree=261
num_leaves=2
num_cat=0
split_feature=10
split_gain=0.206934
threshold=0.23285714285714293
decision_type=2
left_child=-1
right_child=-2
leaf_value=-0.0015719957408752391 0.00022071708602593463
leaf_weight=18 146.08324408531189
leaf_count=18 132
internal_value=0
internal_weight=164.083
internal_count=150
is_linear=0
shrinkage=0.0168771


Tree=262
num_leaves=2
num_cat=0
split_feature=10
split_gain=0.203809
threshold=0.23285714285714293
decision_type=2
left_child=-1
right_child=-2
leaf_value=-0.0013748812029232809 0.00032400625369229997
leaf_weight=20 137.46103882789612
leaf_count=20 127
internal_value=0
internal_weight=157.461
internal_count=147
is_linear=0
shrinkage=0.0168771


Tree=263
num_leaves=2
num_cat=0
split_feature=9
split_gain=0.132263
threshold=16.552142857142858
decision_type=2
left_child=-1
right_child=-2
leaf_value=-0.0012099943513843253 0.00021864201818563948
leaf_weight=18.200000047683716 138.49110412597656
leaf_count=18 128
internal_value=0
internal_weight=156.691
internal_count=146
is_linear=0
shrinkage=0.0168771


Tree=264
num_leaves=2
num_cat=0
split_feature=9
split_gain=0.418077
threshold=16.552142857142858
decision_type=2
left_child=-1
right_child=-2
leaf_value=-0.0022488360923018373 0.00024724597778789855
leaf_weight=19 132.1297652721405
leaf_count=19 121
internal_value=0
internal_weight=151.13
internal_count=140
is_linear=0
shrinkage=0.0168771


Tree=265
num_leaves=2
num_cat=0
split_feature=9
split_gain=0.143408
threshold=16.552142857142858
decision_type=2
left_child=-1
right_child=-2
leaf_value=-0.0014067948053401306 0
leaf_weight=18.200000047683716 135.16886579990387
leaf_count=18 126
internal_value=-7.7541e-05
internal_weight=153.369
internal_count=144
is_linear=0
shrinkage=0.0168771


Tree=266
num_leaves=2
num_cat=0
split_feature=10
split_gain=0.287391
threshold=0.23285714285714293
decision_type=2
left_child=-1
right_child=-2
leaf_value=-0.0018671783471542614 0.00036817915833162082
leaf_weight=14.999999999999998 140.21851694583893
leaf_count=15 128
internal_value=0
internal_weight=155.219
internal_count=143
is_linear=0
shrinkage=0.0168771


Tree=267
num_leaves=6
num_cat=0
split_feature=8 10 10 10 8
split_gain=0.265579 0.221249 0.238404 0.212315 0.316634
threshold=-0.5987870565482547 0.24928571428571428 0.35928571428571426 0.39428571428571429 -0.84442410795461564
decision_type=2 2 2 2 2
left_child=3 -2 -3 4 -1
right_child=1 2 -4 -5 -6
leaf_value=0 0 0.0019932492850781168 0 0.00012294452292265523 -0.0024594783575735985
leaf_weight=11.999999999999995 24 45.76379656791687 38.0408855676651 13.999999999999998 25.000000000000004
leaf_count=12 24 37 34 14 25
internal_value=0.000180646 0.000751179 0.00120297 -0.00058496 -0.00140389
internal_weight=158.805 107.805 83.8047 51 37
internal_count=146 95 71 51 37
is_linear=0
shrinkage=0.0168771


Tree=268
num_leaves=6
num_cat=0
split_feature=3 10 10 10 13
split_gain=0.245364 0.362405 0.253709 0.143672 0.131832
threshold=0.26785714285714296 0.3535714285714287 0.40357142857142864 0.26928571428571441 0.64398681158506954
decision_type=2 2 2 2 2
left_child=3 4 -3 -1 -2
right_child=1 2 -4 -5 -6
leaf_value=-0.0016963107608111727 0.0016649379363142937 -0.001500824301001819 0.00023415356025254829 0 0
leaf_weight=30 52.068173050880432 30.1651691198349 37.542430996894836 11.713680505752562 9.9999999999999982
leaf_count=30 43 29 34 11 10
internal_value=0 0.000348339 -0.000251417 -0.00109784 0.00132951
internal_weight=171.489 129.776 67.7076 41.7137 62.0682
internal_count=157 116 63 41 53
is_linear=0
shrinkage=0.0168771


Tree=269
num_leaves=4
num_cat=0
split_feature=2 8 2
split_gain=0.137011 0.202199 0.149721
threshold=0.24285714285714288 -0.031643394364177117 0.38785714285714284
decision_type=2 2 2
left_child=1 -1 -2
right_child=2 -3 -4
leaf_value=-0.0022484080057559182 0.00039375324173955079 0 -0.00078509960145571589
leaf_weight=18.000000000000004 90.639701962471008 12.233483791351317 42.740987658500671
leaf_count=18 82 12 40
internal_value=-0.000233909 -0.00120507 0
internal_weight=163.614 30.2335 133.381
internal_count=152 30 122
is_linear=0
shrinkage=0.0168771


Tree=270
num_leaves=6
num_cat=0
split_feature=5 8 8 8 10
split_gain=0.192423 0.260889 0.188093 0.157933 0.15045
threshold=16.562142857142856 -0.76191531316865058 -0.004178663327669121 -0.85603834937016177 0.31428571428571433
decision_type=2 2 2 2 2
left_child=-1 3 4 -2 -3
right_child=1 2 -4 -5 -6
leaf_value=-0.0013920929504895939 0 0 0 -0.0019561380823905215 0.0019494046347443925
leaf_weight=24.400000095367432 11.000000000000002 17 52.904619574546814 17 34.29354202747345
leaf_count=24 11 17 47 17 28
internal_value=0 0.000117812 0.000647935 -0.00100489 0.00134829
internal_weight=156.598 132.198 104.198 28 51.2935
internal_count=144 120 92 28 45
is_linear=0
shrinkage=0.0168771


Tree=271
num_leaves=6
num_cat=0
split_feature=2 4 7 7 7
split_gain=0.260536 0.308578 0.193119 0.220074 0.182858
threshold=0.24285714285714288 16.315000000000005 18.575714285714287 17.298571428571428 19.254999999999999
decision_type=2 2 2 2 2
left_child=1 -1 3 -2 -4
right_child=2 -3 4 -5 -6
leaf_value=-0.0034479737260376415 0 0 -0.0017622516450208278 0.0018356652525063492 2.38810641125018e-05
leaf_weight=9.9999999999999982 23.632714152336121 23.233483791351318 13.999999999999998 34.413060188293457 57.169431805610657
leaf_count=10 23 23 14 32 48
internal_value=0 -0.00134756 0.000254646 0.00101737 -8.03799e-05
internal_weight=162.449 33.2335 129.215 58.0458 71.1694
internal_count=150 33 117 55 62
is_linear=0
shrinkage=0.0168771


Tree=272
num_leaves=3
num_cat=0
split_feature=10 3
split_gain=0.1398 0.136046
threshold=0.23285714285714293 0.22714285714285717
decision_type=2 2
left_child=1 -1
right_child=-2 -3
leaf_value=0 0.00038841112488134075 -0.0021222200492940161
leaf_weight=10.000000000000002 137.3091002702713 9.9999999999999982
leaf_count=10 126 10
internal_value=6.8367e-05 -0.000920466
internal_weight=157.309 20
internal_count=146 20
is_linear=0
shrinkage=0.0168771


Tree=273
num_leaves=4
num_cat=0
split_feature=12 12 10
split_gain=0.358846 0.352313 0.402566
threshold=-0.88539954594203396 -0.22329258280141012 0.40357142857142864
decision_type=2 2 2
left_child=-1 2 -2
right_child=1 -3 -4
leaf_value=0.001780415776633673 -0.0024411402107315464 0 0
leaf_weight=16.647435426712036 40.254164457321167 78.619894742965698 9.9999999999999982
leaf_count=15 40 70 10
internal_value=-0.000116934 -0.00056609 -0.0016376
internal_weight=145.521 128.874 50.2542
internal_count=135 120 50
is_linear=0
shrinkage=0.0168771


Tree=274
num_leaves=3
num_cat=0
split_feature=13 4
split_gain=0.173914 0.184206
threshold=-0.371403684273521 19.401428571428571
decision_type=2 2
left_child=-1 -2
right_child=1 -3
leaf_value=0.0010018815389186157 -0.00088055138059285989 0.00020281635631938042
leaf_weight=37.112839818000793 74 50.333368301391602
leaf_count=30 74 45
internal_value=0 -0.000271199
internal_weight=161.446 124.333
internal_count=149 119
is_linear=0
shrinkage=0.0168771


Tree=275
num_leaves=2
num_cat=0
split_feature=13
split_gain=0.153747
threshold=0.053419242766532322
decision_type=2
left_child=-1
right_child=-2
leaf_value=0.00017421760226193271 -0.00086592512419477981
leaf_weight=120.66596734523773 50.52855920791626
leaf_count=107 50
internal_value=-1.33807e-05
internal_weight=171.195
internal_count=157
is_linear=0
shrinkage=0.0168771


Tree=276
num_leaves=2
num_cat=0
split_feature=6
split_gain=0.215825
threshold=19.282142857142858
decision_type=2
left_child=-1
right_child=-2
leaf_value=-0.00012702210397637245 0.0010420278441294075
leaf_weight=99.576472878456116 56.130572199821472
leaf_count=98 46
internal_value=0.000164479
internal_weight=155.707
internal_count=144
is_linear=0
shrinkage=0.0168771


Tree=277
num_leaves=6
num_cat=0
split_feature=9 13 1 10 10
split_gain=0.3598 0.232195 0.179061 0.158297 0.139278
threshold=17.093571428571433 0.021678267884871611 13.538392857142856 0.40999999999999998 0.24928571428571428
decision_type=2 2 2 2 2
left_child=1 -1 3 4 -2
right_child=2 -3 -4 -5 -6
leaf_value=0 0 -0.0026010306381904448 -6.7148584216114289e-05 0 0.0016240156198962877
leaf_weight=21.400000095367432 14.999999999999998 13.999999999999998 15.999999999999998 17.670552134513855 69.77640426158905
leaf_count=21 15 14 16 16 59
internal_value=0.000108653 -0.00112273 0.000679522 0.00100754 0.00131677
internal_weight=153.847 35.4 118.447 102.447 84.7764
internal_count=141 35 106 90 74
is_linear=0
shrinkage=0.0168771


Tree=278
num_leaves=4
num_cat=0
split_feature=1 1 1
split_gain=0.12929 0.360095 0.175943
threshold=8.0667261904761904 4.8703571428571442 -1.2251785714285717
decision_type=2 2 2
left_child=1 2 -1
right_child=-2 -3 -4
leaf_value=0.00029998241294222015 -0.00069366727969050288 0.0020009429721538664 -0.0011430121499714755
leaf_weight=41.672596335411072 58 24.505867838859558 32.601862072944641
leaf_count=37 58 22 28
internal_value=0 0.000271857 -6.22137e-05
internal_weight=156.78 98.7803 74.2745
internal_count=145 87 65
is_linear=0
shrinkage=0.0168771


Tree=279
num_leaves=3
num_cat=0
split_feature=2 3
split_gain=0.203988 0.173293
threshold=0.25857142857142867 0.27428571428571435
decision_type=2 2
left_child=1 -1
right_child=-2 -3
leaf_value=-0.0016911188117804858 0.00024869929918678452 0
leaf_weight=32 120.14911484718323 11.999999999999998
leaf_count=32 109 12
internal_value=0 -0.00103742
internal_weight=164.149 44
internal_count=153 44
is_linear=0
shrinkage=0.0168771


Tree=280
num_leaves=4
num_cat=0
split_feature=2 2 2
split_gain=0.191921 0.25426 0.182366
threshold=0.25857142857142867 0.38785714285714284 0.22428571428571434
decision_type=2 2 2
left_child=2 -2 -1
right_child=1 -3 -4
leaf_value=0 0.00072408832006195796 -0.000887578433199966 -0.0020524575495781184
leaf_weight=17 72.660036563873291 38.71879506111145 24.233483791351318
leaf_count=17 65 36 24
internal_value=-0.000223273 0 -0.00118906
internal_weight=152.612 111.379 41.2335
internal_count=142 101 41
is_linear=0
shrinkage=0.0168771


Tree=281
num_leaves=4
num_cat=0
split_feature=0 3 7
split_gain=0.278945 0.386711 0.118325
threshold=42.500000000000007 0.32500000000000001 16.332142857142859
decision_type=2 2 2
left_child=2 -2 -1
right_child=1 -3 -4
leaf_value=-0.0027827465298346844 0.0019596359528548067 -7.3251985846387076e-05 -6.7155150645554248e-05
leaf_weight=9.9999999999999982 29.068764328956604 63.960252523422241 43.955732226371765
leaf_count=10 23 60 43
internal_value=-2.48631e-05 0.000368539 -0.00108148
internal_weight=146.985 93.029 53.9557
internal_count=136 83 53
is_linear=0
shrinkage=0.0168771


Tree=282
num_leaves=5
num_cat=0
split_feature=10 14 14 14
split_gain=0.181423 0.155193 0.141549 0.171354
threshold=0.24928571428571428 18.793571428571429 16.481428571428577 16.951428571428579
decision_type=2 2 2 2
left_child=2 -2 -1 -4
right_child=1 -3 3 -5
leaf_value=0 0.0010684876635166922 0 -0.0031099254096063457 0
leaf_weight=9.9999999999999982 41.256771326065063 79.531418561935425 11.000000000000002 18
leaf_count=10 39 72 11 18
internal_value=0 0.000224315 -0.00104134 -0.00163935
internal_weight=159.788 120.788 39 29
internal_count=150 111 39 29
is_linear=0
shrinkage=0.0168771


Tree=283
num_leaves=4
num_cat=0
split_feature=9 7 8
split_gain=0.419447 0.2734 0.50523
threshold=16.552142857142858 18.575714285714287 -0.66505900663988926
decision_type=2 2 2
left_child=-1 -2 -3
right_child=1 2 -4
leaf_value=-0.0022202884851944696 0.0012604379341449733 -0.0024032494002344984 0.00041989310582504384
leaf_weight=18.200000047683716 55.637457013130188 20 64.013084411621094
leaf_count=18 53 20 54
internal_value=0 0.00032851 -5.2331e-05
internal_weight=157.851 139.651 84.0131
internal_count=145 127 74
is_linear=0
shrinkage=0.0168771


Tree=284
num_leaves=6
num_cat=0
split_feature=8 14 6 14 0
split_gain=0.242951 0.177349 0.266119 0.167086 0.132603
threshold=-0.15902934788027778 16.652857142857144 20.547857142857151 20.652857142857147 43.500000000000007
decision_type=2 2 2 2 2
left_child=4 -2 3 -3 -1
right_child=1 2 -4 -5 -6
leaf_value=-0.0012194760409892419 0 0.0023359425681363515 0 0 0
leaf_weight=35 19 38.300224781036377 15.22417628765106 16.25900411605835 39
leaf_count=35 19 31 13 13 39
internal_value=4.90095e-05 0.000745667 0.00118161 0.00175639 -0.000491938
internal_weight=162.783 88.7834 69.7834 54.5592 74
internal_count=150 76 57 44 74
is_linear=0
shrinkage=0.0168771


Tree=285
num_leaves=2
num_cat=0
split_feature=6
split_gain=0.211209
threshold=19.282142857142858
decision_type=2
left_child=-1
right_child=-2
leaf_value=-0.00019177960109391577 0.00096739561100192886
leaf_weight=103.47942698001862 59.088988065719604
leaf_count=102 48
internal_value=0.000103694
internal_weight=162.568
internal_count=150
is_linear=0
shrinkage=0.0168771


Tree=286
num_leaves=3
num_cat=0
split_feature=5 13
split_gain=0.371768 0.141713
threshold=18.664285714285718 -0.371403684273521
decision_type=2 2
left_child=-1 -2
right_child=1 -3
leaf_value=-0.00090751726832965249 0.0017787311648357021 0
leaf_weight=71.416634559631348 23.96364688873291 62.662184357643127
leaf_count=71 16 58
internal_value=0 0.000706354
internal_weight=158.042 86.6258
internal_count=145 74
is_linear=0
shrinkage=0.0168771


Tree=287
num_leaves=3
num_cat=0
split_feature=10 10
split_gain=0.176417 0.121768
threshold=0.29928571428571432 0.3535714285714287
decision_type=2 2
left_child=-1 -2
right_child=1 -3
leaf_value=-0.00071175248450880369 0.0011419137013477367 0
leaf_weight=67.107209324836731 35.016862750053406 62.92877471446991
leaf_count=66 28 59
internal_value=0 0.000382773
internal_weight=165.053 97.9456
internal_count=153 87
is_linear=0
shrinkage=0.0168771


Tree=288
num_leaves=3
num_cat=0
split_feature=11 11
split_gain=0.13122 0.125518
threshold=20.566428571428574 19.125714285714288
decision_type=2 2
left_child=1 -1
right_child=-2 -3
leaf_value=0 0.0012724373527785954 -0.00082950241520281373
leaf_weight=83.705733776092529 12.789275288581846 66.413703083992004
leaf_count=81 9 61
internal_value=-2.19969e-06 -0.00027945
internal_weight=162.909 150.119
internal_count=151 142
is_linear=0
shrinkage=0.0168771


Tree=289
num_leaves=4
num_cat=0
split_feature=0 11 10
split_gain=0.396022 0.246332 0.190328
threshold=42.500000000000007 17.175714285714289 0.3535714285714287
decision_type=2 2 2
left_child=1 -1 -2
right_child=2 -3 -4
leaf_value=-0.0019636915993412941 0.0014287408119709347 0 0
leaf_weight=29 52.987457871437073 28.246056199073792 45.080838084220886
leaf_count=29 44 27 41
internal_value=0 -0.000937727 0.000770178
internal_weight=155.314 57.2461 98.0683
internal_count=141 56 85
is_linear=0
shrinkage=0.0168771


Tree=290
num_leaves=5
num_cat=0
split_feature=11 11 11 11
split_gain=0.141851 0.124171 0.207526 0.177992
threshold=20.060000000000006 19.125714285714288 17.262142857142859 16.177857142857142
decision_type=2 2 2 2
left_child=1 2 3 -1
right_child=-2 -3 -4 -5
leaf_value=0 0.00090201447534026219 -0.0010442010827214617 0.0007836494686017392 -0.0017936333472396587
leaf_weight=15.999999999999998 36.889435768127441 36.876917719841003 50.615798830986023 21
leaf_count=16 29 36 47 21
internal_value=0 -0.000250872 0 -0.00081077
internal_weight=161.382 124.493 87.6158 37
internal_count=149 120 84 37
is_linear=0
shrinkage=0.0168771


Tree=291
num_leaves=4
num_cat=0
split_feature=2 2 3
split_gain=0.241707 0.207038 0.163427
threshold=0.24285714285714288 0.22428571428571434 0.36071428571428571
decision_type=2 2 2
left_child=1 -1 -2
right_child=2 -3 -4
leaf_value=0 0.00064959966459776652 -0.0028500288885158118 -0.00048405161654945108
leaf_weight=14.000000000000002 66.273535966873169 13.999999999999998 71.151015877723694
leaf_count=14 59 14 66
internal_value=-0.000238475 -0.00159269 0
internal_weight=165.425 28 137.425
internal_count=153 28 125
is_linear=0
shrinkage=0.0168771


Tree=292
num_leaves=3
num_cat=0
split_feature=3 3
split_gain=0.177479 0.199691
threshold=0.25357142857142861 0.29571428571428582
decision_type=2 2
left_child=-1 -2
right_child=1 -3
leaf_value=-0.0011924605818044865 0.0015474404638106613 0
leaf_weight=28.200000047683716 23.473444581031799 84.667404174804688
leaf_count=28 20 78
internal_value=0 0.000238344
internal_weight=136.341 108.141
internal_count=126 98
is_linear=0
shrinkage=0.0168771


Tree=293
num_leaves=3
num_cat=0
split_feature=3 3
split_gain=0.137408 0.281551
threshold=0.25357142857142861 0.30500000000000005
decision_type=2 2
left_child=-1 -2
right_child=1 -3
leaf_value=-0.0009201465038374642 0.0016241388552086752 -0.00011100191032535128
leaf_weight=40.713680505752563 27.865682363510132 95.250096082687378
leaf_count=40 24 87
internal_value=-6.2932e-06 0.000132324
internal_weight=163.829 123.116
internal_count=151 111
is_linear=0
shrinkage=0.0168771


Tree=294
num_leaves=2
num_cat=0
split_feature=12
split_gain=0.172609
threshold=-0.88539954594203396
decision_type=2
left_child=-1
right_child=-2
leaf_value=0.00089404715058812327 -0.00046631346028719534
leaf_weight=23.647435426712036 134.8595165014267
leaf_count=22 125
internal_value=-0.000112004
internal_weight=158.507
internal_count=147
is_linear=0
shrinkage=0.0168771


Tree=295
num_leaves=3
num_cat=0
split_feature=8 8
split_gain=0.285076 0.13952
threshold=-0.15902934788027778 -0.84442410795461564
decision_type=2 2
left_child=1 -1
right_child=-2 -3
leaf_value=0 0.00068162697913499287 -0.0011217580102691378
leaf_weight=14.999999999999998 89.701567530632019 59
leaf_count=15 76 59
internal_value=0 -0.000704453
internal_weight=163.702 74
internal_count=150 74
is_linear=0
shrinkage=0.0168771


Tree=296
num_leaves=2
num_cat=0
split_feature=5
split_gain=0.186823
threshold=18.894285714285719
decision_type=2
left_child=-1
right_child=-2
leaf_value=-0.00040308880329679308 0.00073149407965505844
leaf_weight=79.534583806991577 71.499415993690491
leaf_count=78 62
internal_value=0
internal_weight=151.034
internal_count=140
is_linear=0
shrinkage=0.0168771


Tree=297
num_leaves=2
num_cat=0
split_feature=9
split_gain=0.191202
threshold=16.552142857142858
decision_type=2
left_child=-1
right_child=-2
leaf_value=-0.001655356082511845 5.319222795801701e-06
leaf_weight=17.200000047683716 135.55001032352448
leaf_count=17 124
internal_value=-6.51545e-05
internal_weight=152.75
internal_count=141
is_linear=0
shrinkage=0.0168771


Tree=298
num_leaves=2
num_cat=0
split_feature=11
split_gain=0.139939
threshold=20.060000000000006
decision_type=2
left_child=-1
right_child=-2
leaf_value=-0.00053606529925336391 0.00043932057152981733
leaf_weight=116.26912486553192 41.619019031524658
leaf_count=113 34
internal_value=-0.000136238
internal_weight=157.888
internal_count=147
is_linear=0
shrinkage=0.0168771


Tree=299
num_leaves=2
num_cat=0
split_feature=9
split_gain=0.23892
threshold=16.552142857142858
decision_type=2
left_child=-1
right_child=-2
leaf_value=-0.0017222265536725816 0.00011021981717929429
leaf_weight=19.400000095367432 150.73050403594971
leaf_count=19 139
internal_value=0
internal_weight=170.131
internal_count=158
is_linear=0
shrinkage=0.0168771


Tree=300
num_leaves=5
num_cat=0
split_feature=10 11 10 10
split_gain=0.313148 0.153089 0.126905 0.13499
threshold=0.26428571428571429 16.283571428571431 0.3535714285714287 0.34214285714285719
decision_type=2 2 2 2
left_child=1 -1 3 -2
right_child=2 -3 -4 -5
leaf_value=0 0 -0.0018429501471116253 0 0.0021110854402364319
leaf_weight=9.9999999999999982 36.022936224937439 32.282812356948853 53.264476180076599 16.797664523124695
leaf_count=10 33 32 50 11
internal_value=0 -0.00129623 0.000348712 0.000941467
internal_weight=148.368 42.2828 106.085 52.8206
internal_count=136 42 94 44
is_linear=0
shrinkage=0.0168771


Tree=301
num_leaves=3
num_cat=0
split_feature=3 3
split_gain=0.123814 0.122756
threshold=0.25642857142857151 0.36071428571428571
decision_type=2 2
left_child=-1 -2
right_child=1 -3
leaf_value=-0.00053886647592419701 0.0010775542297095299 0
leaf_weight=39.713680505752563 47.129979729652405 65.296170711517334
leaf_count=39 41 60
internal_value=4.04754e-05 0.000447935
internal_weight=152.14 112.426
internal_count=140 101
is_linear=0
shrinkage=0.0168771


Tree=302
num_leaves=4
num_cat=0
split_feature=3 0 3
split_gain=0.314352 0.172648 0.165655
threshold=0.25357142857142861 20.500000000000004 0.29571428571428582
decision_type=2 2 2
left_child=1 -1 -2
right_child=2 -3 -4
leaf_value=-0.0022866574277822594 0.0015791621201635623 0 0
leaf_weight=19 25.681761860847473 17.45684027671814 92.732554316520691
leaf_count=19 22 17 85
internal_value=0 -0.00128895 0.000445942
internal_weight=154.871 36.4568 118.414
internal_count=143 36 107
is_linear=0
shrinkage=0.0168771


Tree=303
num_leaves=2
num_cat=0
split_feature=14
split_gain=0.134528
threshold=19.175000000000004
decision_type=2
left_child=-1
right_child=-2
leaf_value=-0.00055783855170849037 0.00039478553450795562
leaf_weight=81.592118859291077 74.218028903007507
leaf_count=80 63
internal_value=0
internal_weight=155.81
internal_count=143
is_linear=0
shrinkage=0.0168771


Tree=304
num_leaves=4
num_cat=0
split_feature=0 8 3
split_gain=0.230358 0.402467 0.204809
threshold=40.500000000000007 -0.031643394364177117 0.32500000000000001
decision_type=2 2 2
left_child=1 -1 -2
right_child=2 -3 -4
leaf_value=-0.0022648501863198542 0.001312866122457594 0 -8.227710702651559e-07
leaf_weight=31 34.898058533668518 24.955732226371765 70.109825134277344
leaf_count=31 30 24 65
internal_value=-5.80707e-05 -0.00100389 0.000251706
internal_weight=160.964 55.9557 105.008
internal_count=150 55 95
is_linear=0
shrinkage=0.0168771


Tree=305
num_leaves=3
num_cat=0
split_feature=9 9
split_gain=0.230683 0.13655
threshold=17.093571428571433 17.672857142857143
decision_type=2 2
left_child=-1 -2
right_child=1 -3
leaf_value=-0.0011530511856527972 0.0017304382367239232 0
leaf_weight=31.400000095367432 16.781704306602478 98.763341188430786
leaf_count=31 16 89
internal_value=0 0.000411763
internal_weight=146.945 115.545
internal_count=136 105
is_linear=0
shrinkage=0.0168771


Tree=306
num_leaves=3
num_cat=0
split_feature=3 8
split_gain=0.268207 0.322045
threshold=0.36071428571428571 -0.13087619000275263
decision_type=2 2
left_child=1 -1
right_child=-2 -3
leaf_value=0 -0.00058855306171877746 0.0016223582620098214
leaf_weight=38.271718978881836 65.694780826568604 52.066354036331177
leaf_count=38 61 44
internal_value=4.71347e-05 0.000753763
internal_weight=156.033 90.3381
internal_count=143 82
is_linear=0
shrinkage=0.0168771


Tree=307
num_leaves=2
num_cat=0
split_feature=9
split_gain=0.203296
threshold=16.552142857142858
decision_type=2
left_child=-1
right_child=-2
leaf_value=-0.0015915577244502296 0.0001156638177379906
leaf_weight=19.200000047683716 138.2428925037384
leaf_count=19 128
internal_value=0
internal_weight=157.443
internal_count=147
is_linear=0
shrinkage=0.0168771


Tree=308
num_leaves=4
num_cat=0
split_feature=3 3 2
split_gain=0.188219 0.295092 0.128103
threshold=0.25357142857142861 0.36428571428571438 0.38785714285714284
decision_type=2 2 2
left_child=-1 -2 -3
right_child=1 2 -4
leaf_value=-0.0011165369046235685 0.0012486730719750141 0 -0.0011677048085902743
leaf_weight=33.513680458068848 53.311005115509033 32.555429697036743 27.208317279815674
leaf_count=33 46 29 27
internal_value=0 0.000265858 -0.00027047
internal_weight=146.588 113.075 59.7637
internal_count=135 102 56
is_linear=0
shrinkage=0.0168771


Tree=309
num_leaves=2
num_cat=0
split_feature=10
split_gain=0.163293
threshold=0.24000000000000002
decision_type=2
left_child=-1
right_child=-2
leaf_value=-0.0013257123317086108 1.3538491691433762e-05
leaf_weight=24 132.999391913414
leaf_count=24 122
internal_value=-7.14312e-05
internal_weight=156.999
internal_count=146
is_linear=0
shrinkage=0.0168771


Tree=310
num_leaves=4
num_cat=0
split_feature=9 9 5
split_gain=0.183473 0.125858 0.120767
threshold=17.093571428571433 17.452142857142864 16.535000000000004
decision_type=2 2 2
left_child=2 -2 -1
right_child=1 -3 -4
leaf_value=0 0.0013861881114041648 -2.6718091939136679e-06 -0.0017853594071793365
leaf_weight=10.200000047683714 15.781704306602476 113.04555726051331 25
leaf_count=10 15 103 25
internal_value=-0.000119821 2.42041e-05 -0.00119665
internal_weight=164.027 128.827 35.2
internal_count=153 118 35
is_linear=0
shrinkage=0.0168771


Tree=311
num_leaves=2
num_cat=0
split_feature=8
split_gain=0.143487
threshold=-0.5987870565482547
decision_type=2
left_child=-1
right_child=-2
leaf_value=-0.0008921265334170934 0.00011913624254477778
leaf_weight=47 110.33408522605896
leaf_count=47 97
internal_value=-5.37911e-05
internal_weight=157.334
internal_count=144
is_linear=0
shrinkage=0.0168771


Tree=312
num_leaves=3
num_cat=0
split_feature=10 10
split_gain=0.246982 0.126873
threshold=0.22714285714285717 0.3535714285714287
decision_type=2 2
left_child=-1 -2
right_child=1 -3
leaf_value=-0.0014326471770118598 0.00092547437519756369 0
leaf_weight=15.999999999999998 78.855770349502563 57.458727121353149
leaf_count=16 70 53
internal_value=0.000123581 0.000493429
internal_weight=152.314 136.314
internal_count=139 123
is_linear=0
shrinkage=0.0168771


Tree=313
num_leaves=3
num_cat=0
split_feature=6 6
split_gain=0.173641 0.144707
threshold=19.282142857142858 19.540000000000003
decision_type=2 2
left_child=-1 -2
right_child=1 -3
leaf_value=-0.00047689049428176547 0.0019131485154280405 0
leaf_weight=89.120187520980835 16.140963912010193 52.726040601730347
leaf_count=88 12 45
internal_value=0 0.000630424
internal_weight=157.987 68.867
internal_count=145 57
is_linear=0
shrinkage=0.0168771


Tree=314
num_leaves=3
num_cat=0
split_feature=3 3
split_gain=0.163897 0.248412
threshold=0.25357142857142861 0.30500000000000005
decision_type=2 2
left_child=-1 -2
right_child=1 -3
leaf_value=-0.001127438444834877 0.0014944899647992148 -0.00018724656750650361
leaf_weight=34.713680505752563 27.398949503898621 90.817507982254028
leaf_count=34 24 84
internal_value=-9.41402e-05 4.40365e-05
internal_weight=152.93 118.216
internal_count=142 108
is_linear=0
shrinkage=0.0168771


Tree=315
num_leaves=3
num_cat=0
split_feature=7 7
split_gain=0.117605 0.151502
threshold=18.575714285714287 17.298571428571428
decision_type=2 2
left_child=1 -1
right_child=-2 -3
leaf_value=0 -0.00046058087459976651 0.001196858815354146
leaf_weight=46.632714152336121 79.348508358001709 38.413060188293457
leaf_count=46 71 36
internal_value=0 0.000427128
internal_weight=164.394 85.0458
internal_count=153 82
is_linear=0
shrinkage=0.0168771


Tree=316
num_leaves=2
num_cat=0
split_feature=8
split_gain=0.156325
threshold=-0.15902934788027778
decision_type=2
left_child=-1
right_child=-2
leaf_value=-0.00021979104677611553 0.00073175734202101078
leaf_weight=68 80.320965647697449
leaf_count=68 68
internal_value=0.000151443
internal_weight=148.321
internal_count=136
is_linear=0
shrinkage=0.0168771


Tree=317
num_leaves=2
num_cat=0
split_feature=9
split_gain=0.39402
threshold=16.552142857142858
decision_type=2
left_child=-1
right_child=-2
leaf_value=-0.0024881496598592101 0
leaf_weight=16.400000095367432 131.14971530437469
leaf_count=16 121
internal_value=-0.000220921
internal_weight=147.55
internal_count=137
is_linear=0
shrinkage=0.0168771


Tree=318
num_leaves=3
num_cat=0
split_feature=3 3
split_gain=0.119203 0.142061
threshold=0.36071428571428571 0.25357142857142861
decision_type=2 2
left_child=1 -1
right_child=-2 -3
leaf_value=0 -0.00043947825919630963 0.0010451221841707322
leaf_weight=38.513680458068848 63.408840298652649 53.488377094268799
leaf_count=38 60 47
internal_value=0 0.000471976
internal_weight=155.411 92.0021
internal_count=145 85
is_linear=0
shrinkage=0.0168771


Tree=319
num_leaves=3
num_cat=0
split_feature=2 4
split_gain=0.138723 0.247362
threshold=0.24285714285714288 16.315000000000005
decision_type=2 2
left_child=1 -1
right_child=-2 -3
leaf_value=-0.0028003034249727029 8.5076002444986715e-05 0
leaf_weight=10.999999999999998 125.37646853923798 21
leaf_count=11 116 21
internal_value=-2.12462e-05 -0.00105223
internal_weight=157.376 32
internal_count=148 32
is_linear=0
shrinkage=0.0168771


Tree=320
num_leaves=2
num_cat=0
split_feature=0
split_gain=0.158674
threshold=40.500000000000007
decision_type=2
left_child=-1
right_child=-2
leaf_value=-0.00097851921431696518 1.4072158614456169e-05
leaf_weight=49.022464990615845 106.48428130149841
leaf_count=48 96
internal_value=-0.000169572
internal_weight=155.507
internal_count=144
is_linear=0
shrinkage=0.0168771


Tree=321
num_leaves=2
num_cat=0
split_feature=10
split_gain=0.20583
threshold=0.26428571428571429
decision_type=2
left_child=-1
right_child=-2
leaf_value=-0.00088194427059628405 0.00044375723637071367
leaf_weight=44.282812356948853 108.38217532634735
leaf_count=44 97
internal_value=0
internal_weight=152.665
internal_count=141
is_linear=0
shrinkage=0.0168771


Tree=322
num_leaves=2
num_cat=0
split_feature=9
split_gain=0.217841
threshold=16.552142857142858
decision_type=2
left_child=-1
right_child=-2
leaf_value=-0.001488168648318598 0.00026739368787618016
leaf_weight=20.400000095367432 142.75694477558136
leaf_count=20 131
internal_value=0
internal_weight=163.157
internal_count=151
is_linear=0
shrinkage=0.0168771


Tree=323
num_leaves=2
num_cat=0
split_feature=14
split_gain=0.119764
threshold=19.125714285714288
decision_type=2
left_child=-1
right_child=-2
leaf_value=-0.00066463883543486956 8.9638544578427476e-05
leaf_weight=88.450534343719482 63.260514259338379
leaf_count=87 55
internal_value=-0.000209375
internal_weight=151.711
internal_count=142
is_linear=0
shrinkage=0.0168771


Tree=324
num_leaves=3
num_cat=0
split_feature=8 8
split_gain=0.117737 0.133287
threshold=-0.5987870565482547 -0.85603834937016177
decision_type=2 2
left_child=1 -1
right_child=-2 -3
leaf_value=0 0.00027018755505088689 -0.0012057196409762444
leaf_weight=10.999999999999998 102.00797605514526 41
leaf_count=11 91 41
internal_value=0 -0.000686448
internal_weight=154.008 52
internal_count=143 52
is_linear=0
shrinkage=0.0168771


Tree=325
num_leaves=3
num_cat=0
split_feature=3 3
split_gain=0.128259 0.279505
threshold=0.25357142857142861 0.30500000000000005
decision_type=2 2
left_child=-1 -2
right_child=1 -3
leaf_value=-0.000848570499065355 0.0016089220347194175 -3.6662029970863128e-05
leaf_weight=39.713680505752563 30.045637011528015 92.860204219818115
leaf_count=39 27 85
internal_value=0 0.000215395
internal_weight=162.62 122.906
internal_count=151 112
is_linear=0
shrinkage=0.0168771


Tree=326
num_leaves=3
num_cat=0
split_feature=11 11
split_gain=0.165154 0.14454
threshold=20.25142857142858 19.125714285714288
decision_type=2 2
left_child=1 -1
right_child=-2 -3
leaf_value=0 0.00098876922643783205 -0.0010253326736105277
leaf_weight=81.623505473136902 30.817638158798218 49.623370289802551
leaf_count=80 25 46
internal_value=0 -0.000323764
internal_weight=162.065 131.247
internal_count=151 126
is_linear=0
shrinkage=0.0168771


Tree=327
num_leaves=3
num_cat=0
split_feature=8 8
split_gain=0.120217 0.185573
threshold=-0.15902934788027778 -0.82232966682031039
decision_type=2 2
left_child=1 -1
right_child=-2 -3
leaf_value=0 0.00010138353098591793 -0.0012599455891732774
leaf_weight=20 87.718177199363708 53
leaf_count=20 76 53
internal_value=-0.000125898 -0.000687718
internal_weight=160.718 73
internal_count=149 73
is_linear=0
shrinkage=0.0168771


Tree=328
num_leaves=2
num_cat=0
split_feature=10
split_gain=0.134607
threshold=0.26428571428571429
decision_type=2
left_child=-1
right_child=-2
leaf_value=-0.00079246962168962325 0.00025085327165485599
leaf_weight=46.565624713897705 112.57037210464478
leaf_count=46 102
internal_value=0
internal_weight=159.136
internal_count=148
is_linear=0
shrinkage=0.0168771


Tree=329
num_leaves=3
num_cat=0
split_feature=11 11
split_gain=0.131505 0.164414
threshold=20.25142857142858 19.125714285714288
decision_type=2 2
left_child=1 -1
right_child=-2 -3
leaf_value=0 0.00092876568193877847 -0.0010878526253303479
leaf_weight=79.968500733375549 30.607498049736023 43.875264525413513
leaf_count=78 24 41
internal_value=0 -0.000259578
internal_weight=154.451 123.844
internal_count=143 119
is_linear=0
shrinkage=0.0168771


Tree=330
num_leaves=3
num_cat=0
split_feature=8 8
split_gain=0.268307 0.141069
threshold=-0.13087619000275263 -0.85603834937016177
decision_type=2 2
left_child=1 -1
right_child=-2 -3
leaf_value=0 0.00077436252014278996 -0.0010693753507740223
leaf_weight=12.999999999999998 74.831859230995178 58.28490948677063
leaf_count=13 65 58
internal_value=0 -0.000633778
internal_weight=146.117 71.2849
internal_count=136 71
is_linear=0
shrinkage=0.0168771


Tree=331
num_leaves=2
num_cat=0
split_feature=10
split_gain=0.199234
threshold=0.24000000000000002
decision_type=2
left_child=-1
right_child=-2
leaf_value=-0.0013865915692852036 9.7916554211220701e-05
leaf_weight=26 131.18277502059937
leaf_count=26 120
internal_value=-2.83845e-05
internal_weight=157.183
internal_count=146
is_linear=0
shrinkage=0.0168771


Tree=332
num_leaves=3
num_cat=0
split_feature=7 7
split_gain=0.186433 0.176616
threshold=18.672857142857151 16.552142857142858
decision_type=2 2
left_child=1 -1
right_child=-2 -3
leaf_value=0 -0.00013325941166439481 0.0013628057070440452
leaf_weight=16.208317279815674 78.578688859939575 55.829139828681946
leaf_count=16 69 53
internal_value=0.000215628 0.000885679
internal_weight=150.616 72.0375
internal_count=138 69
is_linear=0
shrinkage=0.0168771


Tree=333
num_leaves=4
num_cat=0
split_feature=11 3 3
split_gain=0.417964 0.188964 0.252837
threshold=20.25142857142858 0.25357142857142861 0.29571428571428582
decision_type=2 2 2
left_child=1 -1 -3
right_child=-2 2 -4
leaf_value=-0.0016439811023619196 0.0015500372364047124 0.0011005577556057393 -0.00073673507761975608
leaf_weight=37.200000047683716 24.896202802658081 25.853954195976257 65.570003151893616
leaf_count=37 20 23 63
internal_value=-0.000122832 -0.000644231 0
internal_weight=153.52 128.624 91.424
internal_count=143 123 86
is_linear=0
shrinkage=0.0168771


Tree=334
num_leaves=2
num_cat=0
split_feature=2
split_gain=0.144377
threshold=0.3992857142857143
decision_type=2
left_child=-1
right_child=-2
leaf_value=0 -0.0010381214087010673
leaf_weight=113.38692009449005 40.532365441322327
leaf_count=107 38
internal_value=-0.000190623
internal_weight=153.919
internal_count=145
is_linear=0
shrinkage=0.0168771


Tree=335
num_leaves=5
num_cat=0
split_feature=6 12 12 3
split_gain=0.237168 0.204682 0.200608 0.149768
threshold=19.282142857142858 -0.88539954594203396 -0.22329258280141012 0.39071428571428585
decision_type=2 2 2 2
left_child=1 -1 -3 -2
right_child=3 2 -4 -5
leaf_value=0.00011361422132809356 0.0013109816165322267 -0.0019923457433632186 0 0
leaf_weight=18 38.347328543663025 36 35.312910795211792 33.815984487533569
leaf_count=18 30 36 34 30
internal_value=0 -0.000652761 -0.00114509 0.000613483
internal_weight=161.476 89.3129 71.3129 72.1633
internal_count=148 88 70 60
is_linear=0
shrinkage=0.0168771


Tree=336
num_leaves=5
num_cat=0
split_feature=9 1 1 1
split_gain=0.182249 0.14511 0.256202 0.195352
threshold=16.552142857142858 9.0283333333333342 5.4348214285714302 -1.2251785714285717
decision_type=2 2 2 2
left_child=-1 2 3 -2
right_child=1 -3 -4 -5
leaf_value=-0.0014023866944962412 0.00080524113806320263 -0.00025460811701224394 0.0021253790951699832 -0.0008330517449582005
leaf_weight=19 47.856070399284363 43 23.68215012550354 29.828693151473999
leaf_count=19 41 43 22 25
internal_value=0 0.000244604 0.000672546 0
internal_weight=163.367 144.367 101.367 77.6848
internal_count=150 131 88 66
is_linear=0
shrinkage=0.0168771


Tree=337
num_leaves=2
num_cat=0
split_feature=4
split_gain=0.185498
threshold=18.683571428571433
decision_type=2
left_child=-1
right_child=-2
leaf_value=-0.00078402116938138704 0.00033919505675037098
leaf_weight=67.899446964263916 79.516308903694153
leaf_count=67 68
internal_value=-3.42004e-05
internal_weight=147.416
internal_count=135
is_linear=0
shrinkage=0.0168771


Tree=338
num_leaves=3
num_cat=0
split_feature=9 9
split_gain=0.151624 0.118476
threshold=16.552142857142858 17.452142857142864
decision_type=2 2
left_child=-1 -2
right_child=1 -3
leaf_value=-0.0012526795152527723 0.0012101143166055801 0
leaf_weight=21.200000047683716 23.781704306602478 121.58243775367737
leaf_count=21 23 109
internal_value=0 0.000189898
internal_weight=166.564 145.364
internal_count=153 132
is_linear=0
shrinkage=0.0168771


Tree=339
num_leaves=2
num_cat=0
split_feature=6
split_gain=0.125178
threshold=19.282142857142858
decision_type=2
left_child=-1
right_child=-2
leaf_value=-0.00064209272140781687 0.00013062906038321465
leaf_weight=93.568710565567017 70.432443737983704
leaf_count=92 59
internal_value=-0.000179442
internal_weight=164.001
internal_count=151
is_linear=0
shrinkage=0.0168771


Tree=340
num_leaves=2
num_cat=0
split_feature=0
split_gain=0.185895
threshold=20.500000000000004
decision_type=2
left_child=-1
right_child=-2
leaf_value=-0.0015826243715870794 0.00011300743051474531
leaf_weight=17.498891949653625 139.59527623653412
leaf_count=17 129
internal_value=0
internal_weight=157.094
internal_count=146
is_linear=0
shrinkage=0.0168771


Tree=341
num_leaves=3
num_cat=0
split_feature=8 8
split_gain=0.156816 0.215728
threshold=-0.15902934788027778 -0.004178663327669121
decision_type=2 2
left_child=-1 -2
right_child=1 -3
leaf_value=-0.00032962575857476339 0.0017142259098572568 0
leaf_weight=75 30.57845151424408 62.582708716392517
leaf_count=75 24 55
internal_value=6.72259e-05 0.00062036
internal_weight=168.161 93.1612
internal_count=154 79
is_linear=0
shrinkage=0.0168771


Tree=342
num_leaves=2
num_cat=0
split_feature=4
split_gain=0.14771
threshold=16.464285714285719
decision_type=2
left_child=-1
right_child=-2
leaf_value=-0.0015813168606771937 0
leaf_weight=14.999999999999998 139.96845817565918
leaf_count=15 129
internal_value=-0.00013134
internal_weight=154.968
internal_count=144
is_linear=0
shrinkage=0.0168771


Tree=343
num_leaves=3
num_cat=0
split_feature=11 11
split_gain=0.119415 0.231736
threshold=20.25142857142858 19.125714285714288
decision_type=2 2
left_child=1 -1
right_child=-2 -3
leaf_value=0 0.00076251480736179238 -0.001275400559927545
leaf_weight=83.426146626472473 28.543851256370544 47.329670786857605
leaf_count=81 23 45
internal_value=0 -0.000342964
internal_weight=159.3 130.756
internal_count=149 126
is_linear=0
shrinkage=0.0168771


Tree=344
num_leaves=3
num_cat=0
split_feature=11 11
split_gain=0.125155 0.207996
threshold=20.25142857142858 19.125714285714288
decision_type=2 2
left_child=1 -1
right_child=-2 -3
leaf_value=8.8632010615140007e-05 0.0010143371511133802 -0.0011439196708438993
leaf_weight=75.832433342933655 26.102547645568848 46.315283179283142
leaf_count=72 20 44
internal_value=0 -0.000215232
internal_weight=148.25 122.148
internal_count=136 116
is_linear=0
shrinkage=0.0168771


Tree=345
num_leaves=2
num_cat=0
split_feature=8
split_gain=0.125831
threshold=-0.5987870565482547
decision_type=2
left_child=-1
right_child=-2
leaf_value=0 0.00083180688732557319
leaf_weight=46 103.43338179588318
leaf_count=46 92
internal_value=0.000497724
internal_weight=149.433
internal_count=138
is_linear=0
shrinkage=0.0168771


Tree=346
num_leaves=3
num_cat=0
split_feature=9 9
split_gain=0.209967 0.171198
threshold=16.552142857142858 17.452142857142864
decision_type=2 2
left_child=-1 -2
right_child=1 -3
leaf_value=-0.0012316607378509399 0.0017910063235946417 0
leaf_weight=18 21.498891949653625 110.65009689331055
leaf_count=18 21 100
internal_value=9.79673e-05 0.00046773
internal_weight=150.149 132.149
internal_count=139 121
is_linear=0
shrinkage=0.0168771


Tree=347
num_leaves=4
num_cat=0
split_feature=3 10 10
split_gain=0.209581 0.212184 0.134519
threshold=0.25642857142857151 0.3535714285714287 0.40357142857142864
decision_type=2 2 2
left_child=-1 -2 -3
right_child=1 2 -4
leaf_value=-0.00074753996525051263 0.0012826366302412977 -0.00093949554461551397 0.00053146867396893134
leaf_weight=40.713680505752563 55.778988361358643 28.188525438308716 35.542430996894836
leaf_count=40 48 27 32
internal_value=7.02955e-05 0.000543192 0
internal_weight=160.224 119.51 63.731
internal_count=147 107 59
is_linear=0
shrinkage=0.0168771


Tree=348
num_leaves=2
num_cat=0
split_feature=14
split_gain=0.148812
threshold=16.652857142857144
decision_type=2
left_child=-1
right_child=-2
leaf_value=-0.00098923104681686172 0.00029313642804061667
leaf_weight=29 126.91467940807343
leaf_count=29 115
internal_value=0
internal_weight=155.915
internal_count=144
is_linear=0
shrinkage=0.0168771


Tree=349
num_leaves=4
num_cat=0
split_feature=1 1 1
split_gain=0.17175 0.178911 0.131128
threshold=4.8703571428571442 13.538392857142856 -1.2251785714285717
decision_type=2 2 2
left_child=2 -2 -1
right_child=1 -3 -4
leaf_value=0 0.0012895632825867724 0 -0.0010921495224661755
leaf_weight=55.660406947135925 54.505867838859558 13.999999999999998 32.833984613418579
leaf_count=50 52 14 28
internal_value=7.49441e-05 0.0007896 -0.000240575
internal_weight=157 68.5059 88.4944
internal_count=144 66 78
is_linear=0
shrinkage=0.0168771


Tree=350
num_leaves=2
num_cat=0
split_feature=8
split_gain=0.126754
threshold=-0.76191531316865058
decision_type=2
left_child=-1
right_child=-2
leaf_value=-0.001046527204243091 4.8167754727275456e-05
leaf_weight=30 121.84815716743469
leaf_count=30 110
internal_value=-3.88876e-05
internal_weight=151.848
internal_count=140
is_linear=0
shrinkage=0.0168771


Tree=351
num_leaves=3
num_cat=0
split_feature=13 8
split_gain=0.151816 0.247689
threshold=0.83757201660997593 -0.15902934788027778
decision_type=2 2
left_child=1 -1
right_child=-2 -3
leaf_value=-0.00013571739187962105 -0.0015051131076756822 0.0010659404064788855
leaf_weight=80 10.999999999999998 68.149206519126892
leaf_count=80 11 57
internal_value=0 0.000278549
internal_weight=159.149 148.149
internal_count=148 137
is_linear=0
shrinkage=0.0168771


Tree=352
num_leaves=3
num_cat=0
split_feature=13 13
split_gain=0.118265 0.186952
threshold=-0.30742688935280738 -0.46048612475067707
decision_type=2 2
left_child=1 -1
right_child=-2 -3
leaf_value=0 -0.00046230896901345046 0.0015331359169900708
leaf_weight=27.306998372077942 90.360818147659302 25.590394973754883
leaf_count=24 88 21
internal_value=0 0.000496359
internal_weight=143.258 52.8974
internal_count=133 45
is_linear=0
shrinkage=0.0168771


Tree=353
num_leaves=2
num_cat=0
split_feature=11
split_gain=0.224711
threshold=19.125714285714288
decision_type=2
left_child=-1
right_child=-2
leaf_value=0.00054337386671953305 -0.00073829587057644094
leaf_weight=80.279120802879333 69.446410894393921
leaf_count=77 64
internal_value=0
internal_weight=149.726
internal_count=141
is_linear=0
shrinkage=0.0168771


Tree=354
num_leaves=2
num_cat=0
split_feature=8
split_gain=0.137621
threshold=-0.15902934788027778
decision_type=2
left_child=-1
right_child=-2
leaf_value=-0.0006248053979345039 0.00032282687186010539
leaf_weight=74 85.107083678245544
leaf_count=74 72
internal_value=0
internal_weight=159.107
internal_count=146
is_linear=0
shrinkage=0.0168771


Tree=355
num_leaves=3
num_cat=0
split_feature=9 0
split_gain=0.191044 0.169051
threshold=17.093571428571433 34.500000000000007
decision_type=2 2
left_child=1 -1
right_child=-2 -3
leaf_value=-0.0018409538034130405 0.00030027669017800577 0
leaf_weight=24 122.98152136802673 14.200000047683714
leaf_count=24 113 14
internal_value=0 -0.00102344
internal_weight=161.182 38.2
internal_count=151 38
is_linear=0
shrinkage=0.0168771


Tree=356
num_leaves=4
num_cat=0
split_feature=11 11 11
split_gain=0.151971 0.144926 0.139252
threshold=20.25142857142858 19.125714285714288 18.017142857142858
decision_type=2 2 2
left_child=1 2 -1
right_child=-2 -3 -4
leaf_value=-0.00037766058942116074 0.000909230617026572 -0.001017355691983706 0.0010579161634723918
leaf_weight=53 27.643992185592651 54.383593440055847 25.39971923828125
leaf_count=53 22 51 22
internal_value=0 -0.000364451 0
internal_weight=160.427 132.783 78.3997
internal_count=148 126 75
is_linear=0
shrinkage=0.0168771


Tree=357
num_leaves=4
num_cat=0
split_feature=7 7 7
split_gain=0.155477 0.138495 0.133458
threshold=18.575714285714287 17.298571428571428 20.260000000000002
decision_type=2 2 2
left_child=1 -1 -2
right_child=2 -3 -4
leaf_value=0 -0.00122730495383446 0.001141970849083836 0
leaf_weight=35.216079592704773 44.403882265090942 35.789342522621155 31.884804964065552
leaf_count=35 43 34 25
internal_value=-2.3963e-06 0.000386202 -0.000648032
internal_weight=147.294 71.0054 76.2887
internal_count=137 69 68
is_linear=0
shrinkage=0.0168771


Tree=358
num_leaves=2
num_cat=0
split_feature=10
split_gain=0.161274
threshold=0.22714285714285717
decision_type=2
left_child=-1
right_child=-2
leaf_value=-0.0010419821973066616 0.0004154497217183128
leaf_weight=17 154.23895180225372
leaf_count=17 141
internal_value=0.000127017
internal_weight=171.239
internal_count=158
is_linear=0
shrinkage=0.0168771


Tree=359
num_leaves=3
num_cat=0
split_feature=1 1
split_gain=0.125163 0.218348
threshold=13.538392857142856 4.8703571428571442
decision_type=2 2
left_child=1 -1
right_child=-2 -3
leaf_value=0 -0.00078942745241355756 0.0012430904590112911
leaf_weight=83.717079043388367 15.999999999999998 55.505867838859558
leaf_count=73 16 53
internal_value=0.000163328 0.000444487
internal_weight=155.223 139.223
internal_count=142 126
is_linear=0
shrinkage=0.0168771


Tree=360
num_leaves=2
num_cat=0
split_feature=7
split_gain=0.166995
threshold=18.575714285714287
decision_type=2
left_child=-1
right_child=-2
leaf_value=0.00016974315481837839 -0.00081058136447245395
leaf_weight=80.045774340629578 71.397222995758057
leaf_count=77 64
internal_value=-0.00015377
internal_weight=151.443
internal_count=141
is_linear=0
shrinkage=0.0168771


Tree=361
num_leaves=3
num_cat=0
split_feature=8 8
split_gain=0.151065 0.122599
threshold=-0.15902934788027778 -0.004178663327669121
decision_type=2 2
left_child=-1 -2
right_child=1 -3
leaf_value=-0.00051887207044425305 0.0012939131558409225 0
leaf_weight=69 32.079808831214905 55.535109639167786
leaf_count=69 25 49
internal_value=0 0.000511304
internal_weight=156.615 87.6149
internal_count=143 74
is_linear=0
shrinkage=0.0168771


Tree=362
num_leaves=3
num_cat=0
split_feature=0 3
split_gain=0.169322 0.27662
threshold=43.500000000000007 0.32500000000000001
decision_type=2 2
left_child=-1 -2
right_child=1 -3
leaf_value=-0.00069281933200745832 0.0017692014081726745 0
leaf_weight=60.68034565448761 27.91368293762207 64.864592313766479
leaf_count=59 22 59
internal_value=0 0.000430121
internal_weight=153.459 92.7783
internal_count=140 81
is_linear=0
shrinkage=0.0168771


Tree=363
num_leaves=2
num_cat=0
split_feature=13
split_gain=0.131715
threshold=-0.371403684273521
decision_type=2
left_child=-1
right_child=-2
leaf_value=0.00092408960618940955 -3.1868925157289767e-05
leaf_weight=42.66035270690918 118.65253698825836
leaf_count=34 114
internal_value=9.63479e-05
internal_weight=161.313
internal_count=148
is_linear=0
shrinkage=0.0168771


Tree=364
num_leaves=2
num_cat=0
split_feature=5
split_gain=0.150222
threshold=16.630714285714287
decision_type=2
left_child=-1
right_child=-2
leaf_value=-0.0011028520997700853 0.00024576223621001109
leaf_weight=25.40831732749939 135.16536200046539
leaf_count=25 123
internal_value=0
internal_weight=160.574
internal_count=148
is_linear=0
shrinkage=0.0168771


Tree=365
num_leaves=4
num_cat=0
split_feature=7 4 7
split_gain=0.137875 0.242513 0.189628
threshold=16.675000000000001 20.307857142857141 16.456428571428578
decision_type=2 2 2
left_child=2 -2 -1
right_child=1 -3 -4
leaf_value=-0.00056134736413436276 -0.001176791299097356 3.2015783403231037e-05 0.0014958255151510229
leaf_weight=10.000000000000002 94.053045153617859 29.041847348213196 19.632714152336121
leaf_count=10 91 23 19
internal_value=-0.000412433 -0.000719544 0.000124714
internal_weight=152.728 123.095 29.6327
internal_count=143 114 29
is_linear=0
shrinkage=0.0168771


Tree=366
num_leaves=2
num_cat=0
split_feature=4
split_gain=0.141355
threshold=18.683571428571433
decision_type=2
left_child=-1
right_child=-2
leaf_value=-0.00066833886475756675 0.00029586771233725668
leaf_weight=68.907209277153015 90.553377985954285
leaf_count=68 79
internal_value=0
internal_weight=159.461
internal_count=147
is_linear=0
shrinkage=0.0168771


Tree=367
num_leaves=3
num_cat=0
split_feature=12 12
split_gain=0.124334 0.11952
threshold=-0.88539954594203396 -0.74846373711313507
decision_type=2 2
left_child=-1 -2
right_child=1 -3
leaf_value=0.0011692802424832791 -0.0012670534786661928 6.361872312240584e-05
leaf_weight=23.647435426712036 18 112.38700032234192
leaf_count=22 18 104
internal_value=7.57818e-05 0
internal_weight=154.034 130.387
internal_count=144 122
is_linear=0
shrinkage=0.0168771


Tree=368
num_leaves=2
num_cat=0
split_feature=0
split_gain=0.156916
threshold=20.500000000000004
decision_type=2
left_child=-1
right_child=-2
leaf_value=-0.0014186842344863567 0.00011973042663435235
leaf_weight=18.282812356948853 138.83719611167908
leaf_count=18 126
internal_value=0
internal_weight=157.12
internal_count=144
is_linear=0
shrinkage=0.0168771


Tree=369
num_leaves=3
num_cat=0
split_feature=7 7
split_gain=0.253387 0.178437
threshold=18.575714285714287 17.298571428571428
decision_type=2 2
left_child=1 -1
right_child=-2 -3
leaf_value=0 -0.00045929001708253011 0.0015647720689365564
leaf_weight=42.416634559631348 86.899780631065369 39.613060235977173
leaf_count=42 78 37
internal_value=2.10681e-05 0.00079216
internal_weight=168.929 82.0297
internal_count=157 79
is_linear=0
shrinkage=0.0168771


Tree=370
num_leaves=4
num_cat=0
split_feature=12 9 9
split_gain=0.14068 0.132088 0.178417
threshold=-0.88539954594203396 16.552142857142858 18.534285714285719
decision_type=2 2 2
left_child=-1 -2 -3
right_child=1 2 -4
leaf_value=0.0010545975323349699 -0.0014926038508777603 0.00069294247868478093 -0.00056224603818722668
leaf_weight=24.647435426712036 18.200000047683716 51.781704306602478 74.765673875808716
leaf_count=23 18 51 66
internal_value=0 -0.000252536 0
internal_weight=169.395 144.747 126.547
internal_count=158 135 117
is_linear=0
shrinkage=0.0168771


Tree=371
num_leaves=2
num_cat=0
split_feature=8
split_gain=0.158103
threshold=-0.15902934788027778
decision_type=2
left_child=-1
right_child=-2
leaf_value=-0.00019706003408705657 0.00075519941345465974
leaf_weight=72 77.223837733268738
leaf_count=72 66
internal_value=0.00015341
internal_weight=149.224
internal_count=138
is_linear=0
shrinkage=0.0168771


Tree=372
num_leaves=4
num_cat=0
split_feature=9 8 8
split_gain=0.119837 0.260167 0.125014
threshold=17.093571428571433 -0.016562784633909679 -0.76191531316865058
decision_type=2 2 2
left_child=1 -1 -2
right_child=2 -3 -4
leaf_value=-0.0020591367199810457 -0.00061626683919633034 0 0.00054479262671920051
leaf_weight=22 20 12.200000047683714 96.498987436294556
leaf_count=22 20 12 86
internal_value=0 -0.00092176 0.000147554
internal_weight=150.699 34.2 116.499
internal_count=140 34 106
is_linear=0
shrinkage=0.0168771


Tree=373
num_leaves=3
num_cat=0
split_feature=11 11
split_gain=0.133872 0.183548
threshold=19.125714285714288 17.262142857142859
decision_type=2 2
left_child=1 -1
right_child=-2 -3
leaf_value=-0.00025825621554080894 -0.00070275722515018672 0.0010660032175608435
leaf_weight=32.208317279815674 64.55109703540802 45.415798783302307
leaf_count=32 57 42
internal_value=-3.42019e-05 0.000248718
internal_weight=142.175 77.6241
internal_count=131 74
is_linear=0
shrinkage=0.0168771


Tree=374
num_leaves=3
num_cat=0
split_feature=7 7
split_gain=0.122638 0.138197
threshold=18.575714285714287 19.254999999999999
decision_type=2 2
left_child=-1 -2
right_child=1 -3
leaf_value=0.00027784277143637028 -0.0018484462726538154 0
leaf_weight=79.245774388313293 17 64.116611480712891
leaf_count=76 17 55
internal_value=-2.35545e-05 -0.000584209
internal_weight=160.362 81.1166
internal_count=148 72
is_linear=0
shrinkage=0.0168771


Tree=375
num_leaves=4
num_cat=0
split_feature=7 7 7
split_gain=0.166491 0.151782 0.119587
threshold=18.575714285714287 16.456428571428578 19.546428571428574
decision_type=2 2 2
left_child=1 -1 -2
right_child=2 -3 -4
leaf_value=0 -0.001382786985087368 0.0010532011826247644 0
leaf_weight=11.999999999999998 23.471719026565552 64.03745710849762 58.466706037521362
leaf_count=12 23 61 50
internal_value=0 0.000626939 -0.000439504
internal_weight=157.976 76.0375 81.9384
internal_count=146 73 73
is_linear=0
shrinkage=0.0168771


Tree=376
num_leaves=4
num_cat=0
split_feature=4 8 8
split_gain=0.220361 0.148946 0.30676
threshold=18.746428571428574 -0.66505900663988926 0.56681421594250792
decision_type=2 2 2
left_child=-1 -2 -3
right_child=1 2 -4
leaf_value=-0.00046852952814215303 0 0.002129579348934302 0
leaf_weight=78.190021634101868 18 35.62220823764801 26.856367468833923
leaf_count=77 18 25 25
internal_value=5.06659e-06 0.000734314 0.00115603
internal_weight=158.669 80.4786 62.4786
internal_count=145 68 50
is_linear=0
shrinkage=0.0168771


Tree=377
num_leaves=2
num_cat=0
split_feature=0
split_gain=0.229329
threshold=20.500000000000004
decision_type=2
left_child=-1
right_child=-2
leaf_value=-0.0016958610679401282 0.00017759672666792418
leaf_weight=18.216079592704773 141.35441243648529
leaf_count=18 128
internal_value=0
internal_weight=159.57
internal_count=146
is_linear=0
shrinkage=0.0168771


Tree=378
num_leaves=2
num_cat=0
split_feature=9
split_gain=0.129679
threshold=16.552142857142858
decision_type=2
left_child=-1
right_child=-2
leaf_value=-0.0013212254651536416 2.5808541181928492e-05
leaf_weight=18.200000047683716 142.55918121337891
leaf_count=18 131
internal_value=-1.05367e-05
internal_weight=160.759
internal_count=149
is_linear=0
shrinkage=0.0168771


Tree=379
num_leaves=2
num_cat=0
split_feature=10
split_gain=0.152731
threshold=0.23285714285714293
decision_type=2
left_child=-1
right_child=-2
leaf_value=-0.00093308339644182481 0.00043969978415233811
leaf_weight=19 132.89977526664734
leaf_count=19 119
internal_value=0.000108847
internal_weight=151.9
internal_count=138
is_linear=0
shrinkage=0.0168771


Tree=380
num_leaves=3
num_cat=0
split_feature=9 9
split_gain=0.148994 0.117876
threshold=16.552142857142858 17.452142857142864
decision_type=2 2
left_child=-1 -2
right_child=1 -3
leaf_value=-0.0010132207428262458 0.0014546905908207923 0
leaf_weight=18.200000047683716 23.216079592704773 120.14171266555786
leaf_count=18 23 108
internal_value=7.63283e-05 0.000385349
internal_weight=161.558 143.358
internal_count=149 131
is_linear=0
shrinkage=0.0168771


Tree=381
num_leaves=3
num_cat=0
split_feature=2 2
split_gain=0.171239 0.18929
threshold=0.24285714285714288 0.22428571428571434
decision_type=2 2
left_child=1 -1
right_child=-2 -3
leaf_value=0 0.00019541141579429674 -0.0023998184353421401
leaf_weight=15.000000000000002 135.30675196647644 13.999999999999998
leaf_count=15 122 14
internal_value=0 -0.00116744
internal_weight=164.307 29
internal_count=151 29
is_linear=0
shrinkage=0.0168771


Tree=382
num_leaves=2
num_cat=0
split_feature=12
split_gain=0.121318
threshold=-0.88539954594203396
decision_type=2
left_child=-1
right_child=-2
leaf_value=0.0010342134395397498 -0.00026170808894888855
leaf_weight=20.647435426712036 133.65578675270081
leaf_count=19 125
internal_value=0
internal_weight=154.303
internal_count=144
is_linear=0
shrinkage=0.0168771


Tree=383
num_leaves=2
num_cat=0
split_feature=0
split_gain=0.117654
threshold=43.500000000000007
decision_type=2
left_child=-1
right_child=-2
leaf_value=-0.00066315596451567947 0.00021505437415665748
leaf_weight=63.181453704833984 93.263583660125732
leaf_count=62 84
internal_value=-4.58246e-06
internal_weight=156.445
internal_count=146
is_linear=0
shrinkage=0.0168771


Tree=384
num_leaves=2
num_cat=0
split_feature=10
split_gain=0.236915
threshold=0.24928571428571428
decision_type=2
left_child=-1
right_child=-2
leaf_value=-0.00122776904013414 0.00031760654274771944
leaf_weight=33 129.36632096767426
leaf_count=33 116
internal_value=0
internal_weight=162.366
internal_count=149
is_linear=0
shrinkage=0.0168771


Tree=385
num_leaves=2
num_cat=0
split_feature=13
split_gain=0.12429
threshold=-0.30742688935280738
decision_type=2
left_child=-1
right_child=-2
leaf_value=0.00041617488232289281 -0.00050853892300674406
leaf_weight=58.549165844917297 92.826397657394409
leaf_count=50 91
internal_value=-4.47281e-06
internal_weight=151.376
internal_count=141
is_linear=0
shrinkage=0.0168771


Tree=386
num_leaves=2
num_cat=0
split_feature=11
split_gain=0.119368
threshold=20.566428571428574
decision_type=2
left_child=-1
right_child=-2
leaf_value=-0.0003760614152492077 0.0009839826212327406
leaf_weight=142.74175369739532 12.789275288581846
leaf_count=135 9
internal_value=-0.000106693
internal_weight=155.531
internal_count=144
is_linear=0
shrinkage=0.0168771


Tree=387
num_leaves=4
num_cat=0
split_feature=1 1 1
split_gain=0.165428 0.21495 0.189647
threshold=4.8703571428571442 7.6091666666666677 1.0000000180025095e-35
decision_type=2 2 2
left_child=2 -2 -1
right_child=1 -3 -4
leaf_value=0.00014573694094940307 0.0020711912896940955 0 -0.0013190419530834797
leaf_weight=47.632285714149475 23.505867838859558 60 28.503712892532349
leaf_count=42 21 60 25
internal_value=0.000203217 0.00077655 -0.000147468
internal_weight=159.642 83.5059 76.136
internal_count=148 81 67
is_linear=0
shrinkage=0.0168771


Tree=388
num_leaves=3
num_cat=0
split_feature=0 0
split_gain=0.181558 0.171461
threshold=20.500000000000004 38.000000000000007
decision_type=2 2
left_child=-1 -2
right_child=1 -3
leaf_value=-0.0013449758019488675 0.0014088813687289047 0
leaf_weight=19.282812356948853 27.513680458068848 96.361966371536255
leaf_count=19 27 87
internal_value=0 0.000301952
internal_weight=143.158 123.876
internal_count=133 114
is_linear=0
shrinkage=0.0168771


Tree=389
num_leaves=3
num_cat=0
split_feature=9 9
split_gain=0.133158 0.139152
threshold=16.552142857142858 17.452142857142864
decision_type=2 2
left_child=-1 -2
right_child=1 -3
leaf_value=-0.0012918881116474122 0.0013230857152277159 0
leaf_weight=17.200000047683716 22.216079592704773 113.71150434017181
leaf_count=17 22 102
internal_value=0 0.000177153
internal_weight=153.128 135.928
internal_count=141 124
is_linear=0
shrinkage=0.0168771


Tree=390
num_leaves=3
num_cat=0
split_feature=8 8
split_gain=0.18702 0.118936
threshold=-0.82650410525855544 -0.76191531316865058
decision_type=2 2
left_child=-1 -2
right_child=1 -3
leaf_value=0.001628631550097193 -0.0012543851793226969 8.8295502059089378e-05
leaf_weight=18 18 121.29721295833588
leaf_count=18 18 109
internal_value=0.000117311 0
internal_weight=157.297 139.297
internal_count=145 127
is_linear=0
shrinkage=0.0168771


Tree=391
num_leaves=3
num_cat=0
split_feature=12 12
split_gain=0.126466 0.142172
threshold=-0.88539954594203396 -0.13858508731105493
decision_type=2 2
left_child=-1 -2
right_child=1 -3
leaf_value=0.00096090502115279107 -0.00089285194011140513 0
leaf_weight=21.647435426712036 64.621740818023682 67.958366274833679
leaf_count=20 62 60
internal_value=0 -0.000313809
internal_weight=154.228 132.58
internal_count=142 122
is_linear=0
shrinkage=0.0168771


Tree=392
num_leaves=2
num_cat=0
split_feature=4
split_gain=0.173202
threshold=16.315000000000005
decision_type=2
left_child=-1
right_child=-2
leaf_value=-0.0015258843884267206 0.00018920710883042893
leaf_weight=15.999999999999998 144.99089121818542
leaf_count=16 133
internal_value=0
internal_weight=160.991
internal_count=149
is_linear=0
shrinkage=0.0168771


Tree=393
num_leaves=2
num_cat=0
split_feature=4
split_gain=0.17707
threshold=16.315000000000005
decision_type=2
left_child=-1
right_child=-2
leaf_value=-0.0016609719804500836 0.00015352191696613079
leaf_weight=13.999999999999998 157.09654116630554
leaf_count=14 143
internal_value=0
internal_weight=171.097
internal_count=157
is_linear=0
shrinkage=0.0168771


Tree=394
num_leaves=3
num_cat=0
split_feature=12 12
split_gain=0.139463 0.129918
threshold=-0.88539954594203396 -0.22329258280141012
decision_type=2 2
left_child=-1 -2
right_child=1 -3
leaf_value=0.0011306085354071055 -0.00087806531422429137 0
leaf_weight=23.647435426712036 52.566761374473572 81.156330108642578
leaf_count=22 51 71
internal_value=0 -0.000205507
internal_weight=157.371 133.723
internal_count=144 122
is_linear=0
shrinkage=0.0168771


Tree=395
num_leaves=2
num_cat=0
split_feature=12
split_gain=0.209514
threshold=-0.88539954594203396
decision_type=2
left_child=-1
right_child=-2
leaf_value=0.0010195469229531664 -0.00051979879607736584
leaf_weight=21.647435426712036 139.25460314750671
leaf_count=20 129
internal_value=-0.000161393
internal_weight=160.902
internal_count=149
is_linear=0
shrinkage=0.0168771


Tree=396
num_leaves=2
num_cat=0
split_feature=13
split_gain=0.152597
threshold=-0.10326434779682422
decision_type=2
left_child=-1
right_child=-2
leaf_value=0.00061908335360797502 -0.000372727441929504
leaf_weight=78.019522666931152 86.674498558044434
leaf_count=68 84
internal_value=0
internal_weight=164.694
internal_count=152
is_linear=0
shrinkage=0.0168771


Tree=397
num_leaves=2
num_cat=0
split_feature=10
split_gain=0.144503
threshold=0.23285714285714293
decision_type=2
left_child=-1
right_child=-2
leaf_value=-0.00089819307725502609 0.0004373868501767266
leaf_weight=18 137.5335019826889
leaf_count=18 127
internal_value=0.000127654
internal_weight=155.534
internal_count=145
is_linear=0
shrinkage=0.0168771


Tree=398
num_leaves=2
num_cat=0
split_feature=10
split_gain=0.150688
threshold=0.24928571428571428
decision_type=2
left_child=-1
right_child=-2
leaf_value=-0.0011384381332948039 6.8149709426046595e-05
leaf_weight=30 118.68455588817596
leaf_count=30 108
internal_value=-4.46319e-05
internal_weight=148.685
internal_count=138
is_linear=0
shrinkage=0.0168771


Tree=399
num_leaves=2
num_cat=0
split_feature=9
split_gain=0.139519
threshold=16.552142857142858
decision_type=2
left_child=-1
right_child=-2
leaf_value=-0.0012935526193276399 0.00012929373189830162
leaf_weight=19.400000095367432 140.73947143554688
leaf_count=19 128
internal_value=0
internal_weight=160.139
internal_count=147
is_linear=0
shrinkage=0.0168771


Tree=400
num_leaves=2
num_cat=0
split_feature=3
split_gain=0.118375
threshold=0.26785714285714296
decision_type=2
left_child=-1
right_child=-2
leaf_value=-0.00059234139206030081 0.00038108656778769196
leaf_weight=45.713680505752563 111.77005624771118
leaf_count=45 99
internal_value=0
internal_weight=157.484
internal_count=144
is_linear=0
shrinkage=0.0168771


Tree=401
num_leaves=2
num_cat=0
split_feature=12
split_gain=0.136292
threshold=-0.88539954594203396
decision_type=2
left_child=-1
right_child=-2
leaf_value=0.0008578451111170177 -0.00037697897962607414
leaf_weight=22.647435426712036 142.46877944469452
leaf_count=21 133
internal_value=-6.22499e-05
internal_weight=165.116
internal_count=154
is_linear=0
shrinkage=0.0168771


Tree=402
num_leaves=2
num_cat=0
split_feature=14
split_gain=0.123091
threshold=16.652857142857144
decision_type=2
left_child=-1
right_child=-2
leaf_value=-0.0010781494672513295 0
leaf_weight=28 130.20683479309082
leaf_count=28 119
internal_value=-7.36778e-05
internal_weight=158.207
internal_count=147
is_linear=0
shrinkage=0.0168771


Tree=403
num_leaves=3
num_cat=0
split_feature=7 7
split_gain=0.128501 0.196341
threshold=18.332142857142859 16.456428571428578
decision_type=2 2
left_child=1 -1
right_child=-2 -3
leaf_value=-0.0001983860697155191 -0.00025541858432913926 0.0011781795974428293
leaf_weight=11.999999999999998 88.662747502326965 59.029694795608521
leaf_count=12 78 56
internal_value=1.10431e-05 0.000643788
internal_weight=159.692 71.0297
internal_count=146 68
is_linear=0
shrinkage=0.0168771


Tree=404
num_leaves=4
num_cat=0
split_feature=7 7 7
split_gain=0.14349 0.25142 0.196199
threshold=18.575714285714287 16.332142857142859 19.254999999999999
decision_type=2 2 2
left_child=1 -1 -2
right_child=2 -3 -4
leaf_value=-0.0013252262902057601 -0.0023512062217016243 0.00082244287082582177 0
leaf_weight=12.999999999999998 14.999999999999998 64.139244318008423 63.081745505332947
leaf_count=13 15 62 56
internal_value=-0.000158482 0.000145392 -0.000729897
internal_weight=155.221 77.1392 78.0817
internal_count=146 75 71
is_linear=0
shrinkage=0.0168771


Tree=405
num_leaves=2
num_cat=0
split_feature=0
split_gain=0.128203
threshold=68.500000000000014
decision_type=2
left_child=-1
right_child=-2
leaf_value=-0.00065169850071172852 0.00015705572645776237
leaf_weight=101.07952129840851 49.719363808631897
leaf_count=98 42
internal_value=-0.000241281
internal_weight=150.799
internal_count=140
is_linear=0
shrinkage=0.0168771


Tree=406
num_leaves=3
num_cat=0
split_feature=1 1
split_gain=0.167882 0.264186
threshold=4.8703571428571442 7.6091666666666677
decision_type=2 2
left_child=-1 -2
right_child=1 -3
leaf_value=-0.0005044712388066209 0.0021283747089188365 0
leaf_weight=78.446658253669739 19.68215012550354 52
leaf_count=70 18 52
internal_value=0 0.000602881
internal_weight=150.129 71.6822
internal_count=140 70
is_linear=0
shrinkage=0.0168771


Tree=407
num_leaves=2
num_cat=0
split_feature=2
split_gain=0.140007
threshold=0.25857142857142867
decision_type=2
left_child=-1
right_child=-2
leaf_value=-0.00080040045503581897 0.00031413972360890013
leaf_weight=40 122.60117447376251
leaf_count=40 109
internal_value=0
internal_weight=162.601
internal_count=149
is_linear=0
shrinkage=0.0168771


Tree=408
num_leaves=3
num_cat=0
split_feature=5 6
split_gain=0.138899 0.126238
threshold=19.020000000000003 20.547857142857151
decision_type=2 2
left_child=-1 -2
right_child=1 -3
leaf_value=-0.00022972450511490343 0.0010604089960111742 0
leaf_weight=85.982677936553955 60.767452478408813 19.032549977302551
leaf_count=84 51 16
internal_value=6.79521e-05 0.000656515
internal_weight=165.783 79.8
internal_count=151 67
is_linear=0
shrinkage=0.0168771


Tree=409
num_leaves=3
num_cat=0
split_feature=10 10
split_gain=0.151481 0.155367
threshold=0.23285714285714293 0.3535714285714287
decision_type=2 2
left_child=-1 -2
right_child=1 -3
leaf_value=-0.00084710137262092853 0.00093775268229071473 0
leaf_weight=20 81.695357084274292 57.543699622154236
leaf_count=20 73 53
internal_value=0.000145773 0.000460537
internal_weight=159.239 139.239
internal_count=146 126
is_linear=0
shrinkage=0.0168771


Tree=410
num_leaves=2
num_cat=0
split_feature=4
split_gain=0.117447
threshold=16.315000000000005
decision_type=2
left_child=-1
right_child=-2
leaf_value=-0.0010007233277193309 0.00029803841938102571
leaf_weight=17 149.84802961349487
leaf_count=17 137
internal_value=1.87426e-05
internal_weight=166.848
internal_count=154
is_linear=0
shrinkage=0.0168771


Tree=411
num_leaves=3
num_cat=0
split_feature=7 7
split_gain=0.207645 0.180817
threshold=18.575714285714287 17.298571428571428
decision_type=2 2
left_child=1 -1
right_child=-2 -3
leaf_value=0 -0.00067582586013692351 0.0013735910474333393
leaf_weight=38.416634559631348 83.590038776397705 34.789342522621155
leaf_count=38 75 33
internal_value=0 0.00050788
internal_weight=156.796 73.206
internal_count=146 71
is_linear=0
shrinkage=0.0168771


Tree=412
num_leaves=4
num_cat=0
split_feature=6 6 5
split_gain=0.251172 0.140876 0.140213
threshold=19.282142857142858 19.540000000000003 16.456428571428578
decision_type=2 2 2
left_child=2 -2 -1
right_child=1 -3 -4
leaf_value=0 0.0019266497116109326 0 -0.0010646945421185858
leaf_weight=17.608317375183105 15.140963912010191 52.229882121086121 71.703552961349487
leaf_count=17 11 44 71
internal_value=0 0.000618597 -0.000695779
internal_weight=156.683 67.3708 89.3119
internal_count=143 55 88
is_linear=0
shrinkage=0.0168771


Tree=413
num_leaves=2
num_cat=0
split_feature=11
split_gain=0.142821
threshold=20.25142857142858
decision_type=2
left_child=-1
right_child=-2
leaf_value=-0.00022017113602371748 0.0010684589978747453
leaf_weight=110.23286509513855 27.915509462356567
leaf_count=105 22
internal_value=0
internal_weight=138.148
internal_count=127
is_linear=0
shrinkage=0.0168771


Tree=414
num_leaves=4
num_cat=0
split_feature=7 7 7
split_gain=0.177152 0.181655 0.168602
threshold=18.575714285714287 16.456428571428578 19.254999999999999
decision_type=2 2 2
left_child=1 -1 -2
right_child=2 -3 -4
leaf_value=-4.4433996066313401e-05 -0.0017562839807754142 0.0011346866588077111 0
leaf_weight=12.999999999999998 17 66.029694795608521 65.564451098442078
leaf_count=13 17 63 55
internal_value=0 0.000672467 -0.000395984
internal_weight=161.594 79.0297 82.5645
internal_count=148 76 72
is_linear=0
shrinkage=0.0168771


Tree=415
num_leaves=4
num_cat=0
split_feature=7 7 7
split_gain=0.157848 0.197597 0.166624
threshold=18.575714285714287 19.254999999999999 16.552142857142858
decision_type=2 2 2
left_child=2 -2 -1
right_child=1 -3 -4
leaf_value=0 -0.0021401407387566579 0 0.0011144329869754073
leaf_weight=15.416634559631346 13.999999999999998 69.241232872009277 54.439797401428223
leaf_count=15 14 59 53
internal_value=0 -0.00049593 0.000571541
internal_weight=153.098 83.2412 69.8564
internal_count=141 73 68
is_linear=0
shrinkage=0.0168771


Tree=416
num_leaves=2
num_cat=0
split_feature=14
split_gain=0.120317
threshold=16.652857142857144
decision_type=2
left_child=-1
right_child=-2
leaf_value=-0.0006035909510220185 0.00041569472240195822
leaf_weight=29 137.73184263706207
leaf_count=29 124
internal_value=9.89372e-05
internal_weight=166.732
internal_count=153
is_linear=0
shrinkage=0.0168771


Tree=417
num_leaves=3
num_cat=0
split_feature=7 7
split_gain=0.170979 0.119264
threshold=18.575714285714287 17.298571428571428
decision_type=2 2
left_child=1 -1
right_child=-2 -3
leaf_value=0 -0.00058508629587356736 0.0012478997622644825
leaf_weight=45.632714152336121 73.707155704498291 33.33024787902832
leaf_count=45 66 31
internal_value=0 0.000523884
internal_weight=152.67 78.963
internal_count=142 76
is_linear=0
shrinkage=0.0168771


Tree=418
num_leaves=3
num_cat=0
split_feature=1 1
split_gain=0.167472 0.192798
threshold=4.8703571428571442 13.834702380952384
decision_type=2 2
left_child=-1 -2
right_child=1 -3
leaf_value=-0.00055827875458820361 0.0010737187763861702 -0.00027586774588113003
leaf_weight=75.37599766254425 63.68215012550354 15.999999999999998
leaf_count=66 62 16
internal_value=0 0.000531135
internal_weight=155.058 79.6822
internal_count=144 78
is_linear=0
shrinkage=0.0168771


Tree=419
num_leaves=2
num_cat=0
split_feature=7
split_gain=0.147789
threshold=18.575714285714287
decision_type=2
left_child=-1
right_child=-2
leaf_value=0.00019527642327790942 -0.00069718502548014568
leaf_weight=77.245774388313293 83.628116250038147
leaf_count=74 74
internal_value=-0.000135935
internal_weight=160.874
internal_count=148
is_linear=0
shrinkage=0.0168771


Tree=420
num_leaves=2
num_cat=0
split_feature=9
split_gain=0.118185
threshold=16.552142857142858
decision_type=2
left_child=-1
right_child=-2
leaf_value=-0.0012279463821611844 0.00017444893057881098
leaf_weight=16.400000095367432 146.26132309436798
leaf_count=16 135
internal_value=0
internal_weight=162.661
internal_count=151
is_linear=0
shrinkage=0.0168771


Tree=421
num_leaves=3
num_cat=0
split_feature=11 10
split_gain=0.159087 0.20835
threshold=20.060000000000006 0.41428571428571431
decision_type=2 2
left_child=-1 -2
right_child=1 -3
leaf_value=-0.00013056175420348353 0.0017867011375240006 0
leaf_weight=113.66436743736267 29.338107347488403 12.959259033203123
leaf_count=109 22 11
internal_value=4.25946e-05 0.000982178
internal_weight=155.962 42.2974
internal_count=142 33
is_linear=0
shrinkage=0.0168771


Tree=422
num_leaves=2
num_cat=0
split_feature=12
split_gain=0.122506
threshold=-0.88539954594203396
decision_type=2
left_child=-1
right_child=-2
leaf_value=0.00085519554872594055 -0.00037260717862488632
leaf_weight=18.647435426712036 142.71296489238739
leaf_count=17 134
internal_value=-8.15937e-05
internal_weight=161.36
internal_count=151
is_linear=0
shrinkage=0.0168771


Tree=423
num_leaves=2
num_cat=0
split_feature=8
split_gain=0.125693
threshold=-0.76191531316865058
decision_type=2
left_child=-1
right_child=-2
leaf_value=-0.0003730264117628856 0.0005660030314910804
leaf_weight=32 112.70464658737183
leaf_count=32 100
internal_value=0.000203216
internal_weight=144.705
internal_count=132
is_linear=0
shrinkage=0.0168771


Tree=424
num_leaves=2
num_cat=0
split_feature=3
split_gain=0.184921
threshold=0.25642857142857151
decision_type=2
left_child=-1
right_child=-2
leaf_value=-0.00063207018244405215 0.00055200316497387193
leaf_weight=43.45684027671814 111.98318886756897
leaf_count=43 100
internal_value=7.38575e-05
internal_weight=155.44
internal_count=143
is_linear=0
shrinkage=0.0168771


Tree=425
num_leaves=2
num_cat=0
split_feature=9
split_gain=0.143503
threshold=16.552142857142858
decision_type=2
left_child=-1
right_child=-2
leaf_value=-0.0012746008199482643 0.00014350737241316557
leaf_weight=20.400000095367432 142.64413678646088
leaf_count=20 132
internal_value=0
internal_weight=163.044
internal_count=152
is_linear=0
shrinkage=0.0168771


Tree=426
num_leaves=2
num_cat=0
split_feature=11
split_gain=0.137342
threshold=20.566428571428574
decision_type=2
left_child=-1
right_child=-2
leaf_value=-0.00042622811858197704 0.001009224566983973
leaf_weight=146.00232326984406 12.789275288581846
leaf_count=138 9
internal_value=-0.000155872
internal_weight=158.792
internal_count=147
is_linear=0
shrinkage=0.0168771


Tree=427
num_leaves=3
num_cat=0
split_feature=6 6
split_gain=0.152739 0.139245
threshold=19.282142857142858 20.375000000000004
decision_type=2 2
left_child=-1 -2
right_child=1 -3
leaf_value=-0.00040561585833955851 0.0011077546026589614 0
leaf_weight=100.78479015827179 50.956682085990906 11.665639042854307
leaf_count=99 41 10
internal_value=0 0.000635221
internal_weight=163.407 62.6223
internal_count=150 51
is_linear=0
shrinkage=0.0168771


Tree=428
num_leaves=2
num_cat=0
split_feature=10
split_gain=0.117531
threshold=0.23285714285714293
decision_type=2
left_child=-1
right_child=-2
leaf_value=-0.00088093067633584219 0.00034061470942675816
leaf_weight=19 142.15771341323853
leaf_count=19 130
internal_value=4.68708e-05
internal_weight=161.158
internal_count=149
is_linear=0
shrinkage=0.0168771


Tree=429
num_leaves=3
num_cat=0
split_feature=0 3
split_gain=0.153416 0.261322
threshold=43.500000000000007 0.32500000000000001
decision_type=2 2
left_child=-1 -2
right_child=1 -3
leaf_value=-0.0008590379905870166 0.0015533345647876545 -0.0002731766340163934
leaf_weight=66.947969913482666 25.600965738296509 72.728238105773926
leaf_count=66 21 67
internal_value=-0.000216325 1.19737e-05
internal_weight=165.277 98.3292
internal_count=154 88
is_linear=0
shrinkage=0.0168771


Tree=430
num_leaves=4
num_cat=0
split_feature=3 7 3
split_gain=0.18484 0.202622 0.202456
threshold=0.36071428571428571 18.672857142857151 0.25357142857142861
decision_type=2 2 2
left_child=2 -2 -1
right_child=1 -3 -4
leaf_value=0 0.00095654080246492955 -0.00090170571586558809 0.0014573883291580934
leaf_weight=41.713680505752563 13.647435426712034 51.559136271476746 54.355671405792236
leaf_count=41 12 48 47
internal_value=0.000281986 -0.000159403 0.000803932
internal_weight=161.276 65.2066 96.0694
internal_count=148 60 88
is_linear=0
shrinkage=0.0168771


Tree=431
num_leaves=3
num_cat=0
split_feature=2 2
split_gain=0.162647 0.142146
threshold=0.27428571428571435 0.22428571428571434
decision_type=2 2
left_child=1 -1
right_child=-2 -3
leaf_value=0 0 -0.001595534378286891
leaf_weight=17 109.72643196582794 35.433483839035034
leaf_count=17 100 35
internal_value=-0.000255877 -0.00101602
internal_weight=162.16 52.4335
internal_count=152 52
is_linear=0
shrinkage=0.0168771


Tree=432
num_leaves=2
num_cat=0
split_feature=0
split_gain=0.284757
threshold=66.500000000000014
decision_type=2
left_child=-1
right_child=-2
leaf_value=-0.00076577778035587967 0.00063771416486279307
leaf_weight=102.78267741203308 52.481106758117676
leaf_count=99 44
internal_value=-0.000146643
internal_weight=155.264
internal_count=143
is_linear=0
shrinkage=0.0168771


Tree=433
num_leaves=2
num_cat=0
split_feature=0
split_gain=0.134329
threshold=44.500000000000007
decision_type=2
left_child=-1
right_child=-2
leaf_value=-0.00061217631956260422 0.00033232493789992677
leaf_weight=70.629207015037537 93.97490382194519
leaf_count=69 83
internal_value=0
internal_weight=164.604
internal_count=152
is_linear=0
shrinkage=0.0168771


Tree=434
num_leaves=2
num_cat=0
split_feature=8
split_gain=0.131928
threshold=-0.15902934788027778
decision_type=2
left_child=-1
right_child=-2
leaf_value=-0.00019444545370814886 0.0006231073760836689
leaf_weight=75 94.136868119239807
leaf_count=75 80
internal_value=0.00013313
internal_weight=169.137
internal_count=155
is_linear=0
shrinkage=0.0168771


Tree=435
num_leaves=2
num_cat=0
split_feature=6
split_gain=0.148468
threshold=18.894285714285719
decision_type=2
left_child=-1
right_child=-2
leaf_value=-0.000491561964280174 0.0005193062043394247
leaf_weight=83.04775333404541 76.876404762268066
leaf_count=82 66
internal_value=0
internal_weight=159.924
internal_count=148
is_linear=0
shrinkage=0.0168771


Tree=436
num_leaves=3
num_cat=0
split_feature=2 2
split_gain=0.173026 0.282207
threshold=0.25857142857142867 0.22428571428571434
decision_type=2 2
left_child=1 -1
right_child=-2 -3
leaf_value=0 0.00043305659564496962 -0.0019005650607643134
leaf_weight=14.999999999999998 112.32070541381836 27
leaf_count=15 101 27
internal_value=0 -0.00078494
internal_weight=154.321 42
internal_count=143 42
is_linear=0
shrinkage=0.0168771


Tree=437
num_leaves=3
num_cat=0
split_feature=2 2
split_gain=0.126537 0.119032
threshold=0.25857142857142867 0.22428571428571434
decision_type=2 2
left_child=1 -1
right_child=-2 -3
leaf_value=0 0 -0.0016789455724022602
leaf_weight=14.999999999999998 107.25080323219299 24.233483791351318
leaf_count=15 95 24
internal_value=-0.000209859 -0.00100561
internal_weight=146.484 39.2335
internal_count=134 39
is_linear=0
shrinkage=0.0168771


Tree=438
num_leaves=3
num_cat=0
split_feature=7 7
split_gain=0.159019 0.123832
threshold=18.575714285714287 16.456428571428578
decision_type=2 2
left_child=1 -1
right_child=-2 -3
leaf_value=-8.5646041301790438e-05 -0.00056864445479033287 0.00083034672524185575
leaf_weight=12.999999999999998 81.959157824516296 73.962962031364441
leaf_count=13 74 71
internal_value=0 0.000445648
internal_weight=168.922 86.963
internal_count=158 84
is_linear=0
shrinkage=0.0168771


Tree=439
num_leaves=2
num_cat=0
split_feature=3
split_gain=0.180279
threshold=0.36071428571428571
decision_type=2
left_child=-1
right_child=-2
leaf_value=0.00059365564939612965 -0.00051294965900287631
leaf_weight=91.071449041366577 66.358515381813049
leaf_count=83 62
internal_value=0
internal_weight=157.43
internal_count=145
is_linear=0
shrinkage=0.0168771


Tree=440
num_leaves=3
num_cat=0
split_feature=12 12
split_gain=0.129638 0.301329
threshold=-0.13858508731105493 -0.88539954594203396
decision_type=2 2
left_child=1 -1
right_child=-2 -3
leaf_value=0.0003823051695239881 8.994568281408943e-05 -0.0013888277655802331
leaf_weight=18.647435426712036 75.133166193962097 61.621740818023682
leaf_count=17 66 59
internal_value=-0.000186525 -0.000708893
internal_weight=155.402 80.2692
internal_count=142 76
is_linear=0
shrinkage=0.0168771


Tree=441
num_leaves=2
num_cat=0
split_feature=3
split_gain=0.193332
threshold=0.30500000000000005
decision_type=2
left_child=-1
right_child=-2
leaf_value=0.00080993211949392796 -0.0003284814140931133
leaf_weight=65.395442366600037 92.301411271095276
leaf_count=61 86
internal_value=1.01588e-05
internal_weight=157.697
internal_count=147
is_linear=0
shrinkage=0.0168771


Tree=442
num_leaves=3
num_cat=0
split_feature=2 3
split_gain=0.195027 0.163781
threshold=0.25857142857142867 0.32500000000000001
decision_type=2 2
left_child=-1 -2
right_child=1 -3
leaf_value=-0.00096731687814870487 0.0011710714497417632 0
leaf_weight=40.233483791351318 42.168861985206604 79.138672709465027
leaf_count=40 35 72
internal_value=0 0.000349538
internal_weight=161.541 121.308
internal_count=147 107
is_linear=0
shrinkage=0.0168771


Tree=443
num_leaves=3
num_cat=0
split_feature=10 10
split_gain=0.134518 0.130247
threshold=0.40357142857142864 0.34785714285714292
decision_type=2 2
left_child=1 -1
right_child=-2 -3
leaf_value=0 0.00089541095482744771 -0.0011393621165923927
leaf_weight=81.49951708316803 33.107282638549805 32.931685328483582
leaf_count=77 30 32
internal_value=0 -0.000283552
internal_weight=147.538 114.431
internal_count=139 109
is_linear=0
shrinkage=0.0168771


Tree=444
num_leaves=3
num_cat=0
split_feature=10 6
split_gain=0.174481 0.143196
threshold=0.40357142857142864 19.347857142857148
decision_type=2 2
left_child=1 -1
right_child=-2 -3
leaf_value=-0.00094703438859341268 0.00067264200198814792 0
leaf_weight=85.120187520980835 31.077921748161316 40.651098132133484
leaf_count=84 29 33
internal_value=-0.000155235 -0.000544613
internal_weight=156.849 125.771
internal_count=146 117
is_linear=0
shrinkage=0.0168771


Tree=445
num_leaves=2
num_cat=0
split_feature=0
split_gain=0.151223
threshold=20.500000000000004
decision_type=2
left_child=-1
right_child=-2
leaf_value=-0.001395534917444177 0
leaf_weight=19.498891949653625 139.92430937290192
leaf_count=19 128
internal_value=-5.96096e-05
internal_weight=159.423
internal_count=147
is_linear=0
shrinkage=0.0168771


Tree=446
num_leaves=2
num_cat=0
split_feature=7
split_gain=0.154815
threshold=18.575714285714287
decision_type=2
left_child=-1
right_child=-2
leaf_value=0 -0.00086769322116994954
leaf_weight=72.962962031364441 77.108974933624268
leaf_count=70 69
internal_value=-0.000324928
internal_weight=150.072
internal_count=139
is_linear=0
shrinkage=0.0168771


Tree=447
num_leaves=2
num_cat=0
split_feature=0
split_gain=0.18848
threshold=20.500000000000004
decision_type=2
left_child=-1
right_child=-2
leaf_value=-0.0012634025353404977 0.00031211493146492087
leaf_weight=21.282812356948853 151.70515942573547
leaf_count=21 137
internal_value=0
internal_weight=172.988
internal_count=158
is_linear=0
shrinkage=0.0168771


Tree=448
num_leaves=5
num_cat=0
split_feature=3 12 12 3
split_gain=0.133756 0.277704 0.179498 0.172178
threshold=0.26785714285714296 -0.27701767534017557 -0.88539954594203396 0.30500000000000005
decision_type=2 2 2 2
left_child=1 -1 -2 -4
right_child=2 -3 3 -5
leaf_value=-0.0023602715095631375 0.0016778314103652906 0 0.0010847752081533072 -0.00051968872754894289
leaf_weight=18 15.647435426712034 27.45684027671814 19.426146626472473 81.333631873130798
leaf_count=18 14 27 17 75
internal_value=-5.17451e-05 -0.000879459 9.7183e-05 0
internal_weight=161.864 45.4568 116.407 100.76
internal_count=151 45 106 92
is_linear=0
shrinkage=0.0168771


Tree=449
num_leaves=3
num_cat=0
split_feature=6 6
split_gain=0.132223 0.153009
threshold=19.282142857142858 20.547857142857151
decision_type=2 2
left_child=-1 -2
right_child=1 -3
leaf_value=-0.00027425769504661567 0.0012204845411325847 0
leaf_weight=97.304593563079834 46.566444158554077 18.032549977302551
leaf_count=96 38 15
internal_value=0 0.000667972
internal_weight=161.904 64.599
internal_count=149 53
is_linear=0
shrinkage=0.0168771


Tree=450
num_leaves=3
num_cat=0
split_feature=7 11
split_gain=0.237412 0.182982
threshold=18.575714285714287 17.262142857142859
decision_type=2 2
left_child=1 -1
right_child=-2 -3
leaf_value=0 -0.00034095807579730358 0.0016651896712571266
leaf_weight=37.416634559631348 76.437639236450195 37.829139828681946
leaf_count=37 69 35
internal_value=0.000126095 0.000882391
internal_weight=151.683 75.2458
internal_count=141 72
is_linear=0
shrinkage=0.0168771


Tree=451
num_leaves=3
num_cat=0
split_feature=10 10
split_gain=0.136105 0.157238
threshold=0.24928571428571428 0.35928571428571426
decision_type=2 2
left_child=-1 -2
right_child=1 -3
leaf_value=-0.00026125413341900977 0.0011768942242375636 0
leaf_weight=34 66.836336374282837 63.510020017623901
leaf_count=34 58 59
internal_value=0.000305153 0.000623607
internal_weight=164.346 130.346
internal_count=151 117
is_linear=0
shrinkage=0.0168771


Tree=452
num_leaves=2
num_cat=0
split_feature=13
split_gain=0.126723
threshold=-0.371403684273521
decision_type=2
left_child=-1
right_child=-2
leaf_value=0.00079418263619482658 -0.00034735737980971765
leaf_weight=31.868694186210632 114.41409111022949
leaf_count=26 111
internal_value=0
internal_weight=146.283
internal_count=137
is_linear=0
shrinkage=0.0168771


Tree=453
num_leaves=2
num_cat=0
split_feature=8
split_gain=0.148934
threshold=-0.004178663327669121
decision_type=2
left_child=-1
right_child=-2
leaf_value=0.00067669521831172129 -0.00030296597009238835
leaf_weight=84.182292103767395 53.733273029327393
leaf_count=79 47
internal_value=0.000137452
internal_weight=137.916
internal_count=126
is_linear=0
shrinkage=0.0168771


Tree=454
num_leaves=2
num_cat=0
split_feature=5
split_gain=0.224228
threshold=18.664285714285718
decision_type=2
left_child=-1
right_child=-2
leaf_value=-0.00069179519884599375 0.0005581751797851985
leaf_weight=70.816634654998779 88.823922514915466
leaf_count=70 76
internal_value=0
internal_weight=159.641
internal_count=146
is_linear=0
shrinkage=0.0168771


Tree=455
num_leaves=2
num_cat=0
split_feature=2
split_gain=0.143975
threshold=0.25857142857142867
decision_type=2
left_child=-1
right_child=-2
leaf_value=-0.0010164561324535364 3.4764526183128191e-05
leaf_weight=38 118.01935088634491
leaf_count=38 106
internal_value=-9.4162e-05
internal_weight=156.019
internal_count=144
is_linear=0
shrinkage=0.0168771


Tree=456
num_leaves=3
num_cat=0
split_feature=7 7
split_gain=0.126474 0.11853
threshold=18.575714285714287 19.546428571428574
decision_type=2 2
left_child=-1 -2
right_child=1 -3
leaf_value=0.00070858712568452886 -0.0011773199112789974 0
leaf_weight=64.930927038192749 23.471719026565552 50.167521119117737
leaf_count=63 23 44
internal_value=7.76335e-05 -0.00019166
internal_weight=138.57 73.6392
internal_count=130 67
is_linear=0
shrinkage=0.0168771


Tree=457
num_leaves=2
num_cat=0
split_feature=0
split_gain=0.139284
threshold=43.500000000000007
decision_type=2
left_child=-1
right_child=-2
leaf_value=-0.00054494858680746467 0.00044268358644935525
leaf_weight=68.68034565448761 91.038065671920776
leaf_count=67 79
internal_value=0
internal_weight=159.718
internal_count=146
is_linear=0
shrinkage=0.0168771


Tree=458
num_leaves=2
num_cat=0
split_feature=6
split_gain=0.130469
threshold=19.282142857142858
decision_type=2
left_child=-1
right_child=-2
leaf_value=-0.00052481360286240188 0.0003796638393112052
leaf_weight=97.146394610404968 64.550359606742859
leaf_count=96 53
internal_value=-2.72225e-05
internal_weight=161.697
internal_count=149
is_linear=0
shrinkage=0.0168771


Tree=459
num_leaves=2
num_cat=0
split_feature=0
split_gain=0.120732
threshold=66.500000000000014
decision_type=2
left_child=-1
right_child=-2
leaf_value=-0.00049605615025859998 0.0004403800365066055
leaf_weight=95.906282901763916 49.455341458320618
leaf_count=93 42
internal_value=-2.38729e-05
internal_weight=145.362
internal_count=135
is_linear=0
shrinkage=0.0168771


Tree=460
num_leaves=3
num_cat=0
split_feature=7 7
split_gain=0.118136 0.131027
threshold=18.575714285714287 17.298571428571428
decision_type=2 2
left_child=1 -1
right_child=-2 -3
leaf_value=0 -0.00048924804374396523 0.001215833868791
leaf_weight=43.632714152336121 79.259284257888794 31.789342522621155
leaf_count=43 70 30
internal_value=0 0.000422447
internal_weight=154.681 75.4221
internal_count=143 73
is_linear=0
shrinkage=0.0168771


Tree=461
num_leaves=2
num_cat=0
split_feature=11
split_gain=0.117396
threshold=20.25142857142858
decision_type=2
left_child=-1
right_child=-2
leaf_value=-0.0001997446102980627 0.00096603514007724295
leaf_weight=130.86504912376404 27.197271943092346
leaf_count=126 21
internal_value=0
internal_weight=158.062
internal_count=147
is_linear=0
shrinkage=0.0168771


Tree=462
num_leaves=3
num_cat=0
split_feature=11 11
split_gain=0.149079 0.141053
threshold=19.125714285714288 17.175714285714289
decision_type=2 2
left_child=1 -1
right_child=-2 -3
leaf_value=0 -0.00064734225666095364 0.00097142896107164087
leaf_weight=33.208317279815674 71.308358669281006 51.69861114025116
leaf_count=33 64 48
internal_value=0 0.000359656
internal_weight=156.215 84.9069
internal_count=145 81
is_linear=0
shrinkage=0.0168771


Tree=463
num_leaves=2
num_cat=0
split_feature=8
split_gain=0.16311
threshold=-0.76191531316865058
decision_type=2
left_child=-1
right_child=-2
leaf_value=-0.0010698216067299815 0.00035105584314078171
leaf_weight=24 124.11619746685028
leaf_count=24 111
internal_value=0
internal_weight=148.116
internal_count=135
is_linear=0
shrinkage=0.0168771


Tree=464
num_leaves=3
num_cat=0
split_feature=7 7
split_gain=0.124516 0.142097
threshold=18.575714285714287 19.546428571428574
decision_type=2 2
left_child=-1 -2
right_child=1 -3
leaf_value=0.00058662109666729196 -0.0012571993101099857 0
leaf_weight=74.85643196105957 28.200000047683716 60.749804735183716
leaf_count=73 28 50
internal_value=0 -0.000307809
internal_weight=163.806 88.9498
internal_count=151 78
is_linear=0
shrinkage=0.0168771


Tree=465
num_leaves=2
num_cat=0
split_feature=6
split_gain=0.117826
threshold=19.282142857142858
decision_type=2
left_child=-1
right_child=-2
leaf_value=-0.00041907889519810485 0.00048084625738727561
leaf_weight=99.512910842895508 64.435061812400818
leaf_count=98 53
internal_value=0
internal_weight=163.948
internal_count=151
is_linear=0
shrinkage=0.0168771


Tree=466
num_leaves=2
num_cat=0
split_feature=0
split_gain=0.121996
threshold=20.500000000000004
decision_type=2
left_child=-1
right_child=-2
leaf_value=-0.00053499896624694483 0.00054224282417923947
leaf_weight=17.565624713897705 127.07479441165924
leaf_count=17 116
internal_value=0.000251504
internal_weight=144.64
internal_count=133
is_linear=0
shrinkage=0.0168771


Tree=467
num_leaves=2
num_cat=0
split_feature=10
split_gain=0.172657
threshold=0.23285714285714293
decision_type=2
left_child=-1
right_child=-2
leaf_value=-0.0015565108099752781 0.00015012985468811237
leaf_weight=15.999999999999998 145.88959085941315
leaf_count=16 134
internal_value=0
internal_weight=161.89
internal_count=150
is_linear=0
shrinkage=0.0168771


Tree=468
num_leaves=2
num_cat=0
split_feature=9
split_gain=0.176706
threshold=17.093571428571433
decision_type=2
left_child=-1
right_child=-2
leaf_value=-0.0011418486268991916 9.259575150785767e-05
leaf_weight=35 140.08331501483917
leaf_count=35 127
internal_value=-4.28859e-05
internal_weight=175.083
internal_count=162
is_linear=0
shrinkage=0.0168771


Tree=469
num_leaves=3
num_cat=0
split_feature=11 11
split_gain=0.176051 0.127652
threshold=17.175714285714289 19.125714285714288
decision_type=2 2
left_child=-1 -2
right_child=1 -3
leaf_value=-0.0011726619784452959 0.00076442214243947141 -0.00021414950044898923
leaf_weight=35.208317279815674 52.837319731712341 80.437389492988586
leaf_count=35 50 71
internal_value=-0.000116321 1.72556e-05
internal_weight=168.483 133.275
internal_count=156 121
is_linear=0
shrinkage=0.0168771


Tree=470
num_leaves=2
num_cat=0
split_feature=3
split_gain=0.214568
threshold=0.25357142857142861
decision_type=2
left_child=-1
right_child=-2
leaf_value=-0.00090409344620780326 0.00046458263779634867
leaf_weight=38.45684027671814 123.57125461101532
leaf_count=38 110
internal_value=0
internal_weight=162.028
internal_count=148
is_linear=0
shrinkage=0.0168771


Tree=471
num_leaves=2
num_cat=0
split_feature=7
split_gain=0.132603
threshold=18.575714285714287
decision_type=2
left_child=-1
right_child=-2
leaf_value=0.00048695834895835641 -0.00047610293091528166
leaf_weight=74.213739395141602 83.028034448623657
leaf_count=72 75
internal_value=0
internal_weight=157.242
internal_count=147
is_linear=0
shrinkage=0.0168771


Tree=472
num_leaves=2
num_cat=0
split_feature=14
split_gain=0.123781
threshold=16.652857142857144
decision_type=2
left_child=-1
right_child=-2
leaf_value=-0.00093295204897360156 0.00027657564564966241
leaf_weight=26 128.99290764331818
leaf_count=26 117
internal_value=0
internal_weight=154.993
internal_count=143
is_linear=0
shrinkage=0.0168771


Tree=473
num_leaves=3
num_cat=0
split_feature=3 3
split_gain=0.159108 0.123371
threshold=0.25357142857142861 0.30500000000000005
decision_type=2 2
left_child=-1 -2
right_child=1 -3
leaf_value=-0.00097409430310505982 0.0011745061281525791 0
leaf_weight=36.713680505752563 28.154507279396057 91.308125615119934
leaf_count=36 26 82
internal_value=0 0.000251135
internal_weight=156.176 119.463
internal_count=144 108
is_linear=0
shrinkage=0.0168771


Tree=474
num_leaves=3
num_cat=0
split_feature=10 10
split_gain=0.158275 0.167909
threshold=0.3535714285714287 0.24928571428571428
decision_type=2 2
left_child=1 -1
right_child=-2 -3
leaf_value=0 -0.00019947727691178776 0.0012335384152784281
leaf_weight=32 59.164425373077393 61.703601956367493
leaf_count=32 55 53
internal_value=0.000224981 0.000722945
internal_weight=152.868 93.7036
internal_count=140 85
is_linear=0
shrinkage=0.0168771


Tree=475
num_leaves=4
num_cat=0
split_feature=1 1 1
split_gain=0.13172 0.236316 0.138795
threshold=4.8703571428571442 -1.2251785714285717 13.103809523809526
decision_type=2 2 2
left_child=1 -1 -2
right_child=2 -3 -4
leaf_value=0 0.0010803934454312392 -0.0016001495694946296 0
leaf_weight=46.061816096305847 52.505867838859558 28.202355623245239 28
leaf_count=40 50 25 28
internal_value=0 -0.000400234 0.000549139
internal_weight=154.77 74.2642 80.5059
internal_count=143 65 78
is_linear=0
shrinkage=0.0168771


Tree=476
num_leaves=2
num_cat=0
split_feature=7
split_gain=0.118392
threshold=18.575714285714287
decision_type=2
left_child=-1
right_child=-2
leaf_value=0.00056965742078598418 -0.00034988094971717746
leaf_weight=69.471832394599915 80.67104172706604
leaf_count=67 72
internal_value=0
internal_weight=150.143
internal_count=139
is_linear=0
shrinkage=0.0168771


Tree=477
num_leaves=4
num_cat=0
split_feature=7 8 7
split_gain=0.120933 0.236611 0.232597
threshold=18.575714285714287 -0.732109929124514 16.456428571428578
decision_type=2 2 2
left_child=2 -2 -1
right_child=1 -3 -4
leaf_value=-0.00049912834719721526 -0.0019641050067399288 0 0.0011270596896144579
leaf_weight=14.999999999999998 17 68.975932002067566 65.422056674957275
leaf_count=15 17 57 63
internal_value=0 -0.0003257 0.000547893
internal_weight=166.398 85.9759 80.4221
internal_count=152 74 78
is_linear=0
shrinkage=0.0168771


Tree=478
num_leaves=2
num_cat=0
split_feature=7
split_gain=0.141883
threshold=16.675000000000001
decision_type=2
left_child=-1
right_child=-2
leaf_value=0.0012750465407580696 -0.00014938461360666691
leaf_weight=20 138.69204461574554
leaf_count=20 127
internal_value=0
internal_weight=158.692
internal_count=147
is_linear=0
shrinkage=0.0168771


Tree=479
num_leaves=2
num_cat=0
split_feature=8
split_gain=0.15476
threshold=-0.15902934788027778
decision_type=2
left_child=-1
right_child=-2
leaf_value=-0.0003925082152074529 0.00057829581469363075
leaf_weight=73 94.198760032653809
leaf_count=73 79
internal_value=2.31899e-05
internal_weight=167.199
internal_count=152
is_linear=0
shrinkage=0.0168771


Tree=480
num_leaves=3
num_cat=0
split_feature=7 7
split_gain=0.136282 0.172356
threshold=18.332142857142859 16.456428571428578
decision_type=2 2
left_child=1 -1
right_child=-2 -3
leaf_value=-0.00014543661879400053 -0.00039429864200651236 0.0010785946202686411
leaf_weight=12.999999999999998 87.752270102500916 60.245774388313293
leaf_count=13 78 57
internal_value=0 0.000569741
internal_weight=160.998 73.2458
internal_count=148 70
is_linear=0
shrinkage=0.0168771


Tree=481
num_leaves=2
num_cat=0
split_feature=13
split_gain=0.136417
threshold=0.37361912462082542
decision_type=2
left_child=-1
right_child=-2
leaf_value=0.00048771990679338795 -0.00055829585111851756
leaf_weight=116.65873885154724 35
leaf_count=106 35
internal_value=9.53105e-05
internal_weight=151.659
internal_count=141
is_linear=0
shrinkage=0.0168771


Tree=482
num_leaves=3
num_cat=0
split_feature=12 12
split_gain=0.130015 0.216554
threshold=-0.88539954594203396 -0.26362275871049073
decision_type=2 2
left_child=-1 -2
right_child=1 -3
leaf_value=0.00053075882755976571 -0.0014091704634882156 0
leaf_weight=19.647435426712036 49.200000047683716 88.160586714744568
leaf_count=18 49 79
internal_value=-0.000263782 -0.000545912
internal_weight=157.008 137.361
internal_count=146 128
is_linear=0
shrinkage=0.0168771


Tree=483
num_leaves=2
num_cat=0
split_feature=8
split_gain=0.149446
threshold=-0.15902934788027778
decision_type=2
left_child=-1
right_child=-2
leaf_value=-0.00045392406601820552 0.00054696856544224186
leaf_weight=69 89.840693235397339
leaf_count=69 76
internal_value=0
internal_weight=158.841
internal_count=145
is_linear=0
shrinkage=0.0168771


Tree=484
num_leaves=2
num_cat=0
split_feature=4
split_gain=0.125299
threshold=16.315000000000005
decision_type=2
left_child=-1
right_child=-2
leaf_value=-0.00118069273531824 0.00027975618451509871
leaf_weight=14.999999999999998 134.0084468126297
leaf_count=15 123
internal_value=0
internal_weight=149.008
internal_count=138
is_linear=0
shrinkage=0.0168771


Tree=485
num_leaves=3
num_cat=0
split_feature=1 1
split_gain=0.144163 0.314387
threshold=4.8703571428571442 8.2022023809523805
decision_type=2 2
left_child=-1 -2
right_child=1 -3
leaf_value=-0.00026829536286983443 0.0022081848314910173 0
leaf_weight=81.755774855613708 22.68215012550354 51
leaf_count=71 21 51
internal_value=4.31745e-05 0.00067851
internal_weight=155.438 73.6822
internal_count=143 72
is_linear=0
shrinkage=0.0168771


Tree=486
num_leaves=2
num_cat=0
split_feature=10
split_gain=0.138827
threshold=0.40357142857142864
decision_type=2
left_child=-1
right_child=-2
leaf_value=-0.00066225518327985011 0.00026373221931015855
leaf_weight=117.55134117603302 30.491485834121704
leaf_count=111 29
internal_value=-0.000321618
internal_weight=148.043
internal_count=140
is_linear=0
shrinkage=0.0168771


Tree=487
num_leaves=2
num_cat=0
split_feature=2
split_gain=0.127355
threshold=0.24285714285714288
decision_type=2
left_child=-1
right_child=-2
leaf_value=-0.00096873996160708414 0.00023713822477020532
leaf_weight=28.233483791351318 122.34784305095673
leaf_count=28 111
internal_value=0
internal_weight=150.581
internal_count=139
is_linear=0
shrinkage=0.0168771


Tree=488
num_leaves=3
num_cat=0
split_feature=7 7
split_gain=0.150156 0.15658
threshold=18.575714285714287 19.254999999999999
decision_type=2 2
left_child=-1 -2
right_child=1 -3
leaf_value=0.00075705465619066231 -0.001617598482743454 0
leaf_weight=72.829139828681946 14.999999999999998 64.13687789440155
leaf_count=70 15 53
internal_value=0.00013725 -0.00016656
internal_weight=151.966 79.1369
internal_count=138 68
is_linear=0
shrinkage=0.0168771


Tree=489
num_leaves=2
num_cat=0
split_feature=4
split_gain=0.159439
threshold=18.664285714285718
decision_type=2
left_child=-1
right_child=-2
leaf_value=-0.00077837153408228505 0.00022540269658877988
leaf_weight=66.973942041397095 80.380179047584534
leaf_count=66 70
internal_value=-8.78838e-05
internal_weight=147.354
internal_count=136
is_linear=0
shrinkage=0.0168771


Tree=490
num_leaves=2
num_cat=0
split_feature=11
split_gain=0.17578
threshold=19.125714285714288
decision_type=2
left_child=-1
right_child=-2
leaf_value=0.00031377233711081141 -0.0007841484061662736
leaf_weight=89.115245699882507 63.787725448608398
leaf_count=85 59
internal_value=-6.48136e-06
internal_weight=152.903
internal_count=144
is_linear=0
shrinkage=0.0168771


Tree=491
num_leaves=2
num_cat=0
split_feature=0
split_gain=0.207506
threshold=20.500000000000004
decision_type=2
left_child=-1
right_child=-2
leaf_value=-0.0011633642820448791 0.00047138457636810188
leaf_weight=19.498891949653625 133.95290279388428
leaf_count=19 122
internal_value=0.000102476
internal_weight=153.452
internal_count=141
is_linear=0
shrinkage=0.0168771


Tree=492
num_leaves=2
num_cat=0
split_feature=8
split_gain=0.135053
threshold=-0.76191531316865058
decision_type=2
left_child=-1
right_child=-2
leaf_value=-0.00079572174897349845 0.0003393103465129138
leaf_weight=34 128.19355392456055
leaf_count=34 115
internal_value=0
internal_weight=162.194
internal_count=149
is_linear=0
shrinkage=0.0168771


Tree=493
num_leaves=2
num_cat=0
split_feature=11
split_gain=0.155318
threshold=20.25142857142858
decision_type=2
left_child=-1
right_child=-2
leaf_value=-0.0006094959006701893 0.00047413233369962831
leaf_weight=123.57940459251404 29.25225305557251
leaf_count=120 24
internal_value=-0.000253155
internal_weight=152.832
internal_count=144
is_linear=0
shrinkage=0.0168771


Tree=494
num_leaves=3
num_cat=0
split_feature=3 3
split_gain=0.143885 0.122483
threshold=0.25642857142857151 0.36428571428571438
decision_type=2 2
left_child=-1 -2
right_child=1 -3
leaf_value=-0.00079999801672680365 0.00094076959704267045 0
leaf_weight=38.45684027671814 52.894436359405518 60.736092090606689
leaf_count=38 46 57
internal_value=0 0.000352799
internal_weight=152.087 113.631
internal_count=141 103
is_linear=0
shrinkage=0.0168771


Tree=495
num_leaves=3
num_cat=0
split_feature=1 1
split_gain=0.144547 0.128314
threshold=4.8703571428571442 13.834702380952384
decision_type=2 2
left_child=-1 -2
right_child=1 -3
leaf_value=-0.000161172977980002 0.0011141051544785857 0
leaf_weight=77.160311818122864 60.505867838859558 13.999999999999998
leaf_count=67 58 14
internal_value=0.000141124 0.000738036
internal_weight=151.666 74.5059
internal_count=139 72
is_linear=0
shrinkage=0.0168771


Tree=496
num_leaves=2
num_cat=0
split_feature=3
split_gain=0.147149
threshold=0.25357142857142861
decision_type=2
left_child=-1
right_child=-2
leaf_value=-0.0011388032782556371 0
leaf_weight=31.256840229034424 126.30055785179138
leaf_count=31 114
internal_value=-0.000122364
internal_weight=157.557
internal_count=145
is_linear=0
shrinkage=0.0168771


Tree=497
num_leaves=2
num_cat=0
split_feature=10
split_gain=0.133918
threshold=0.23285714285714293
decision_type=2
left_child=-1
right_child=-2
leaf_value=-0.00075861693743365266 0.00042989310560193641
leaf_weight=22 138.42260706424713
leaf_count=22 125
internal_value=0.000119023
internal_weight=160.423
internal_count=147
is_linear=0
shrinkage=0.0168771


Tree=498
num_leaves=3
num_cat=0
split_feature=7 7
split_gain=0.175779 0.123767
threshold=18.575714285714287 20.522857142857145
decision_type=2 2
left_child=-1 -2
right_child=1 -3
leaf_value=0.00020693120324916982 -0.0011305979737364759 0
leaf_weight=76.837457060813904 64.412576675415039 14.873596787452696
leaf_count=74 61 11
internal_value=-0.000161621 -0.000786188
internal_weight=156.124 79.2862
internal_count=146 72
is_linear=0
shrinkage=0.0168771


Tree=499
num_leaves=2
num_cat=0
split_feature=9
split_gain=0.133478
threshold=17.093571428571433
decision_type=2
left_child=-1
right_child=-2
leaf_value=-0.00094540829573346334 0.00017305178071982364
leaf_weight=35.400000095367432 123.10474514961243
leaf_count=35 112
internal_value=0
internal_weight=158.505
internal_count=147
is_linear=0
shrinkage=0.0168771


Tree=500
num_leaves=4
num_cat=0
split_feature=0 9 3
split_gain=0.183509 0.288378 0.213992
threshold=43.500000000000007 17.214285714285719 0.32500000000000001
decision_type=2 2 2
left_child=1 -1 -2
right_child=2 -3 -4
leaf_value=-0.0024123117576187601 0.0013396695688681793 0 -0.00027718475544758392
leaf_weight=22 27.852129817008972 35.605850577354431 71.732832193374634
leaf_count=22 22 34 66
internal_value=-0.000256987 -0.00101901 0
internal_weight=157.191 57.6059 99.585
internal_count=144 56 88
is_linear=0
shrinkage=0.0168771


Tree=501
num_leaves=3
num_cat=0
split_feature=12 12
split_gain=0.144609 0.189203
threshold=-0.88539954594203396 -0.13858508731105493
decision_type=2 2
left_child=-1 -2
right_child=1 -3
leaf_value=0.00073738538968156698 -0.0011821738168560174 0
leaf_weight=18.647435426712036 61.421740770339966 72.728897929191589
leaf_count=17 59 64
internal_value=-0.000205166 -0.000512638
internal_weight=152.798 134.151
internal_count=140 123
is_linear=0
shrinkage=0.0168771


Tree=502
num_leaves=2
num_cat=0
split_feature=2
split_gain=0.132847
threshold=0.3535714285714287
decision_type=2
left_child=-1
right_child=-2
leaf_value=0.00063655941187849342 -0.00024072764719372677
leaf_weight=88.709262728691101 59.370233654975891
leaf_count=81 56
internal_value=0.000138496
internal_weight=148.079
internal_count=137
is_linear=0
shrinkage=0.0168771


Tree=503
num_leaves=2
num_cat=0
split_feature=9
split_gain=0.170153
threshold=17.093571428571433
decision_type=2
left_child=-1
right_child=-2
leaf_value=-0.0011813586191625411 0.00013729962484994822
leaf_weight=30 131.28493463993073
leaf_count=30 119
internal_value=0
internal_weight=161.285
internal_count=149
is_linear=0
shrinkage=0.0168771


Tree=504
num_leaves=3
num_cat=0
split_feature=1 1
split_gain=0.136194 0.245213
threshold=4.8703571428571442 7.5385119047619051
decision_type=2 2
left_child=-1 -2
right_child=1 -3
leaf_value=-0.00052466066053087667 0.0021209183602720135 0
leaf_weight=74.389652967453003 16.505867838859558 59
leaf_count=66 14 59
internal_value=0 0.000472579
internal_weight=149.896 75.5059
internal_count=139 73
is_linear=0
shrinkage=0.0168771


Tree=505
num_leaves=2
num_cat=0
split_feature=9
split_gain=0.130637
threshold=16.552142857142858
decision_type=2
left_child=-1
right_child=-2
leaf_value=-0.0013174996178243581 3.7641508577711534e-05
leaf_weight=18.400000095367432 146.84525787830353
leaf_count=18 135
internal_value=-1.5876e-07
internal_weight=165.245
internal_count=153
is_linear=0
shrinkage=0.0168771


Tree=506
num_leaves=2
num_cat=0
split_feature=0
split_gain=0.121451
threshold=66.500000000000014
decision_type=2
left_child=-1
right_child=-2
leaf_value=-0.00067131367397236217 8.5809096346151656e-05
leaf_weight=95.258064031600952 51.647413969039917
leaf_count=92 44
internal_value=-0.000259008
internal_weight=146.905
internal_count=136
is_linear=0
shrinkage=0.0168771


Tree=507
num_leaves=2
num_cat=0
split_feature=3
split_gain=0.119722
threshold=0.36071428571428571
decision_type=2
left_child=-1
right_child=-2
leaf_value=0.00021433832904773416 -0.00065317645131474544
leaf_weight=98.450179576873779 66.112813115119934
leaf_count=91 62
internal_value=-5.62778e-06
internal_weight=164.563
internal_count=153
is_linear=0
shrinkage=0.0168771


Tree=508
num_leaves=3
num_cat=0
split_feature=1 1
split_gain=0.119846 0.148834
threshold=4.8703571428571442 7.6091666666666677
decision_type=2 2
left_child=-1 -2
right_child=1 -3
leaf_value=-0.00065104916645763913 0.0014280472456373852 0
leaf_weight=79.548901677131653 18.68215012550354 58
leaf_count=71 17 58
internal_value=-0.000124487 0.00014395
internal_weight=156.231 76.6822
internal_count=146 75
is_linear=0
shrinkage=0.0168771


Tree=509
num_leaves=4
num_cat=0
split_feature=1 1 1
split_gain=0.11855 0.124254 0.121722
threshold=4.8703571428571442 7.6091666666666677 -1.2251785714285717
decision_type=2 2 2
left_child=2 -2 -1
right_child=1 -3 -4
leaf_value=0 0.0016897362224588236 0 -0.0010458143396957851
leaf_weight=47.397273778915405 19.647435426712036 60 33.330143094062805
leaf_count=42 18 60 29
internal_value=3.76361e-05 0.000592945 -0.000243789
internal_weight=160.375 79.6474 80.7274
internal_count=149 78 71
is_linear=0
shrinkage=0.0168771


Tree=510
num_leaves=4
num_cat=0
split_feature=3 2 2
split_gain=0.150172 0.124685 0.165671
threshold=0.30500000000000005 0.24285714285714288 0.22714285714285717
decision_type=2 2 2
left_child=1 2 -1
right_child=-2 -3 -4
leaf_value=0.00016198933514643176 -0.00066214806873171898 0.00097213265658467835 -0.0017679637203349837
leaf_weight=19.000000000000004 89.92456328868866 39.587125182151794 11.999999999999998
leaf_count=19 84 35 12
internal_value=-0.000125784 0.000251677 -1.18086e-05
internal_weight=160.512 70.5871 31
internal_count=150 66 31
is_linear=0
shrinkage=0.0168771


Tree=511
num_leaves=2
num_cat=0
split_feature=7
split_gain=0.17314
threshold=18.575714285714287
decision_type=2
left_child=-1
right_child=-2
leaf_value=0.00074497172939172972 -0.00027118516484023024
leaf_weight=75.962962031364441 85.243145823478699
leaf_count=73 75
internal_value=7.57752e-05
internal_weight=161.206
internal_count=148
is_linear=0
shrinkage=0.0168771


Tree=512
num_leaves=2
num_cat=0
split_feature=13
split_gain=0.165483
threshold=0.83757201660997593
decision_type=2
left_child=-1
right_child=-2
leaf_value=0.00052921461458282112 -0.0011593874493690452
leaf_weight=131.67061305046082 9.9999999999999982
leaf_count=121 10
internal_value=0.000234001
internal_weight=141.671
internal_count=131
is_linear=0
shrinkage=0.0168771


Tree=513
num_leaves=2
num_cat=0
split_feature=9
split_gain=0.141363
threshold=16.555714285714288
decision_type=2
left_child=-1
right_child=-2
leaf_value=-0.0012789719460178594 0.00025230579373273566
leaf_weight=16.200000047683716 138.43659126758575
leaf_count=16 125
internal_value=0
internal_weight=154.637
internal_count=141
is_linear=0
shrinkage=0.0168771


Tree=514
num_leaves=2
num_cat=0
split_feature=9
split_gain=0.130729
threshold=17.093571428571433
decision_type=2
left_child=-1
right_child=-2
leaf_value=-0.0009438425560775942 0.00010135773458760465
leaf_weight=37.400000095367432 128.81188130378723
leaf_count=37 117
internal_value=-1.34869e-05
internal_weight=166.212
internal_count=154
is_linear=0
shrinkage=0.0168771


Tree=515
num_leaves=3
num_cat=0
split_feature=9 9
split_gain=0.136083 0.205007
threshold=16.552142857142858 17.452142857142864
decision_type=2 2
left_child=-1 -2
right_child=1 -3
leaf_value=-0.0011154685156756793 0.0016381591784546271 0
leaf_weight=18.200000047683716 23.498891949653625 110.50767004489899
leaf_count=18 23 98
internal_value=0 0.000302015
internal_weight=152.207 134.007
internal_count=139 121
is_linear=0
shrinkage=0.0168771


Tree=516
num_leaves=2
num_cat=0
split_feature=0
split_gain=0.117829
threshold=68.500000000000014
decision_type=2
left_child=-1
right_child=-2
leaf_value=-0.0005968330801546652 0.00016702973726283473
leaf_weight=106.75466465950012 52.409645557403564
leaf_count=103 45
internal_value=-0.000208511
internal_weight=159.164
internal_count=148
is_linear=0
shrinkage=0.0168771


Tree=517
num_leaves=3
num_cat=0
split_feature=7 7
split_gain=0.163574 0.140988
threshold=18.575714285714287 16.456428571428578
decision_type=2 2
left_child=1 -1
right_child=-2 -3
leaf_value=0 -0.00040958491280141795 0.0010559090323384963
leaf_weight=12.999999999999998 87.663602948188782 61.263515114784241
leaf_count=13 79 59
internal_value=0 0.000637813
internal_weight=161.927 74.2635
internal_count=151 72
is_linear=0
shrinkage=0.0168771


Tree=518
num_leaves=2
num_cat=0
split_feature=5
split_gain=0.181696
threshold=18.894285714285719
decision_type=2
left_child=-1
right_child=-2
leaf_value=-0.00066971955731163916 0.00040275479914343417
leaf_weight=83.559321522712708 77.403911709785461
leaf_count=82 65
internal_value=-1.91996e-05
internal_weight=160.963
internal_count=147
is_linear=0
shrinkage=0.0168771


Tree=519
num_leaves=2
num_cat=0
split_feature=13
split_gain=0.119382
threshold=0.066488567371289845
decision_type=2
left_child=-1
right_child=-2
leaf_value=0.00051711641240957088 -0.0003681794972820363
leaf_weight=107.28527069091797 44.505202770233154
leaf_count=95 44
internal_value=0.000110591
internal_weight=151.79
internal_count=139
is_linear=0
shrinkage=0.0168771


Tree=520
num_leaves=2
num_cat=0
split_feature=13
split_gain=0.11738
threshold=0.83757201660997593
decision_type=2
left_child=-1
right_child=-2
leaf_value=0.00046548374320667181 -0.00081416310261333462
leaf_weight=143.6097412109375 10.999999999999998
leaf_count=131 11
internal_value=0.000218745
internal_weight=154.61
internal_count=142
is_linear=0
shrinkage=0.0168771


Tree=521
num_leaves=2
num_cat=0
split_feature=14
split_gain=0.133649
threshold=19.125714285714288
decision_type=2
left_child=-1
right_child=-2
leaf_value=-0.00054510616979617393 0.00038667796824191144
leaf_weight=90.392118811607361 66.374632716178894
leaf_count=89 56
internal_value=-1.03407e-05
internal_weight=156.767
internal_count=145
is_linear=0
shrinkage=0.0168771


Tree=522
num_leaves=2
num_cat=0
split_feature=9
split_gain=0.157908
threshold=20.305714285714291
decision_type=2
left_child=-1
right_child=-2
leaf_value=-0.00031957010809313544 0.0010886728256595739
leaf_weight=132.04535830020905 23.405877828598022
leaf_count=125 18
internal_value=0
internal_weight=155.451
internal_count=143
is_linear=0
shrinkage=0.0168771


Tree=523
num_leaves=2
num_cat=0
split_feature=13
split_gain=0.144213
threshold=0.83757201660997593
decision_type=2
left_child=-1
right_child=-2
leaf_value=0.00046355928241123236 -0.00097499929276238491
leaf_weight=144.92785441875458 12.999999999999998
leaf_count=133 13
internal_value=0.00019024
internal_weight=157.928
internal_count=146
is_linear=0
shrinkage=0.0168771


Tree=524
num_leaves=3
num_cat=0
split_feature=7 7
split_gain=0.130317 0.122639
threshold=18.575714285714287 20.522857142857145
decision_type=2 2
left_child=-1 -2
right_child=1 -3
leaf_value=0.00012226437734675011 -0.0010992764113263085 0
leaf_weight=77.013739347457886 58.169345140457153 11.847171783447264
leaf_count=75 55 9
internal_value=-0.000140458 -0.000730163
internal_weight=147.03 70.0165
internal_count=139 64
is_linear=0
shrinkage=0.0168771


Tree=525
num_leaves=3
num_cat=0
split_feature=1 1
split_gain=0.123438 0.349764
threshold=4.8703571428571442 8.2022023809523805
decision_type=2 2
left_child=-1 -2
right_child=1 -3
leaf_value=-0.00013802111375788175 0.0023122609359553206 0
leaf_weight=76.561407566070557 22.505867838859558 54
leaf_count=68 20 54
internal_value=0.000130116 0.000675938
internal_weight=153.067 76.5059
internal_count=142 74
is_linear=0
shrinkage=0.0168771


Tree=526
num_leaves=3
num_cat=0
split_feature=11 11
split_gain=0.156869 0.166514
threshold=20.25142857142858 19.125714285714288
decision_type=2 2
left_child=1 -1
right_child=-2 -3
leaf_value=0 0.00042143496820407696 -0.0014279700471115761
leaf_weight=81.226146578788757 33.891876220703125 44.115041375160217
leaf_count=79 27 41
internal_value=-0.000252328 -0.000614741
internal_weight=159.233 125.341
internal_count=147 120
is_linear=0
shrinkage=0.0168771


Tree=527
num_leaves=2
num_cat=0
split_feature=9
split_gain=0.129325
threshold=16.555714285714288
decision_type=2
left_child=-1
right_child=-2
leaf_value=-0.0012499279076498928 0.00023551950544920837
leaf_weight=16.200000047683716 122.79862999916077
leaf_count=16 111
internal_value=0
internal_weight=138.999
internal_count=127
is_linear=0
shrinkage=0.0168771


Tree=528
num_leaves=2
num_cat=0
split_feature=6
split_gain=0.118693
threshold=19.282142857142858
decision_type=2
left_child=-1
right_child=-2
leaf_value=-0.00029078824266866299 0.00059454141450281063
leaf_weight=100.78479015827179 67.922902226448059
leaf_count=99 56
internal_value=0
internal_weight=168.708
internal_count=155
is_linear=0
shrinkage=0.0168771


Tree=529
num_leaves=2
num_cat=0
split_feature=10
split_gain=0.121213
threshold=0.40357142857142864
decision_type=2
left_child=-1
right_child=-2
leaf_value=-0.00041687746506530253 0.00060374252008460005
leaf_weight=119.41458559036255 34.155047416687012
leaf_count=112 31
internal_value=-3.96045e-05
internal_weight=153.57
internal_count=143
is_linear=0
shrinkage=0.0168771


Tree=530
num_leaves=4
num_cat=0
split_feature=1 1 1
split_gain=0.128706 0.388588 0.239255
threshold=4.8703571428571442 7.5385119047619051 -1.2251785714285717
decision_type=2 2 2
left_child=2 -2 -1
right_child=1 -3 -4
leaf_value=0 0.0024414783805117393 0 -0.0016146359246470684
leaf_weight=43.265087246894836 19.505867838859558 63 28.48029351234436
leaf_count=38 17 63 25
internal_value=0 0.000518456 -0.000428362
internal_weight=154.251 82.5059 71.7454
internal_count=143 80 63
is_linear=0
shrinkage=0.0168771


Tree=531
num_leaves=2
num_cat=0
split_feature=6
split_gain=0.166446
threshold=19.282142857142858
decision_type=2
left_child=-1
right_child=-2
leaf_value=-0.00034988930149278303 0.00075193051688448784
leaf_weight=93.256070613861084 60.114200234413147
leaf_count=92 48
internal_value=0
internal_weight=153.37
internal_count=140
is_linear=0
shrinkage=0.0168771


Tree=532
num_leaves=3
num_cat=0
split_feature=4 4
split_gain=0.127697 0.144556
threshold=16.315000000000005 19.57357142857143
decision_type=2 2
left_child=-1 -2
right_child=1 -3
leaf_value=-0.0012173109160265704 0.00078810236370028652 -8.350020944487969e-05
leaf_weight=13.999999999999998 80.972481727600098 51.597992062568665
leaf_count=14 77 44
internal_value=0 0.0002889
internal_weight=146.57 132.57
internal_count=135 121
is_linear=0
shrinkage=0.0168771


Tree=533
num_leaves=2
num_cat=0
split_feature=9
split_gain=0.131614
threshold=16.552142857142858
decision_type=2
left_child=-1
right_child=-2
leaf_value=-0.00089996984190664892 0.00040289269049000146
leaf_weight=17 140.21632254123688
leaf_count=17 127
internal_value=0.000108196
internal_weight=157.216
internal_count=144
is_linear=0
shrinkage=0.0168771


Tree=534
num_leaves=3
num_cat=0
split_feature=7 9
split_gain=0.292924 0.170398
threshold=18.575714285714287 16.552142857142858
decision_type=2 2
left_child=1 -1
right_child=-2 -3
leaf_value=-0.00066558733886113613 -0.0011370927585449475 0.00079409956332653173
leaf_weight=18.400000095367432 67.547111034393311 64.280149579048157
leaf_count=18 61 62
internal_value=-0.000267393 0.00019574
internal_weight=150.227 82.6801
internal_count=141 80
is_linear=0
shrinkage=0.0168771


Tree=535
num_leaves=2
num_cat=0
split_feature=10
split_gain=0.141849
threshold=0.3535714285714287
decision_type=2
left_child=-1
right_child=-2
leaf_value=0.00085244699513217673 0
leaf_weight=95.80328893661499 62.472793459892273
leaf_count=86 59
internal_value=0.000440878
internal_weight=158.276
internal_count=145
is_linear=0
shrinkage=0.0168771


Tree=536
num_leaves=3
num_cat=0
split_feature=1 1
split_gain=0.145388 0.314239
threshold=4.8703571428571442 7.5385119047619051
decision_type=2 2
left_child=-1 -2
right_child=1 -3
leaf_value=-0.00043980946002756985 0.002324667146814851 0
leaf_weight=75.460419774055481 18.505867838859558 65
leaf_count=67 16 65
internal_value=0 0.00055115
internal_weight=158.966 83.5059
internal_count=148 81
is_linear=0
shrinkage=0.0168771


Tree=537
num_leaves=2
num_cat=0
split_feature=2
split_gain=0.128298
threshold=0.27428571428571435
decision_type=2
left_child=-1
right_child=-2
leaf_value=-0.00041792459738664641 0.00049764256403194318
leaf_weight=53.433483839035034 106.74076318740845
leaf_count=53 93
internal_value=5.27423e-05
internal_weight=160.174
internal_count=146
is_linear=0
shrinkage=0.0168771


Tree=538
num_leaves=5
num_cat=0
split_feature=6 8 8 5
split_gain=0.146056 0.179752 0.137941 0.137184
threshold=19.282142857142858 -0.031643394364177117 1.0000000180025095e-35 16.535000000000004
decision_type=2 2 2 2
left_child=1 3 -2 -1
right_child=2 -3 -4 -5
leaf_value=0 0.0011667986083930702 0 0 -0.0015814495551152593
leaf_weight=9.9999999999999982 33.097363352775574 30.111870288848877 31.041752457618713 46
leaf_count=10 26 29 27 46
internal_value=-3.56125e-05 -0.000600095 0.000381061 -0.00118879
internal_weight=150.251 86.1119 64.1391 56
internal_count=138 85 53 56
is_linear=0
shrinkage=0.0168771


Tree=539
num_leaves=2
num_cat=0
split_feature=6
split_gain=0.121743
threshold=17.567142857142859
decision_type=2
left_child=-1
right_child=-2
leaf_value=-0.00055765286428774712 0.00039248306256078425
leaf_weight=53.616634607315063 108.07381880283356
leaf_count=53 96
internal_value=0
internal_weight=161.69
internal_count=149
is_linear=0
shrinkage=0.0168771


Tree=540
num_leaves=3
num_cat=0
split_feature=7 3
split_gain=0.162784 0.182472
threshold=18.894285714285719 0.39642857142857141
decision_type=2 2
left_child=-1 -2
right_child=1 -3
leaf_value=0.00061712669694020538 0 -0.0014193495822918355
leaf_weight=80.762961983680725 40.980067849159241 30.081912755966187
leaf_count=78 36 28
internal_value=0 -0.000442706
internal_weight=151.825 71.062
internal_count=142 64
is_linear=0
shrinkage=0.0168771


Tree=541
num_leaves=2
num_cat=0
split_feature=0
split_gain=0.126864
threshold=42.500000000000007
decision_type=2
left_child=-1
right_child=-2
leaf_value=-0.0008444136306402976 7.7624466101276242e-05
leaf_weight=48.906403660774231 91.05247962474823
leaf_count=48 82
internal_value=-9.83111e-05
internal_weight=139.959
internal_count=130
is_linear=0
shrinkage=0.0168771


Tree=542
num_leaves=2
num_cat=0
split_feature=5
split_gain=0.155633
threshold=16.630714285714287
decision_type=2
left_child=-1
right_child=-2
leaf_value=-0.00095555620911733487 0.00038009030099900808
leaf_weight=25.208317279815674 126.18896555900574
leaf_count=25 115
internal_value=0
internal_weight=151.397
internal_count=140
is_linear=0
shrinkage=0.0168771


Tree=543
num_leaves=2
num_cat=0
split_feature=10
split_gain=0.120981
threshold=0.40357142857142864
decision_type=2
left_child=-1
right_child=-2
leaf_value=-0.00052368695437976878 0.00039727860315401305
leaf_weight=127.38898432254791 30.604306817054749
leaf_count=119 27
internal_value=-0.000202002
internal_weight=157.993
internal_count=146
is_linear=0
shrinkage=0.0168771


Tree=544
num_leaves=2
num_cat=0
split_feature=3
split_gain=0.165343
threshold=0.36071428571428571
decision_type=2
left_child=-1
right_child=-2
leaf_value=0.00050338824338044342 -0.00057653493183249828
leaf_weight=98.196488618850708 61.690654635429382
leaf_count=90 57
internal_value=0
internal_weight=159.887
internal_count=147
is_linear=0
shrinkage=0.0168771


Tree=545
num_leaves=2
num_cat=0
split_feature=10
split_gain=0.132714
threshold=0.40357142857142864
decision_type=2
left_child=-1
right_child=-2
leaf_value=-0.00026285474265028965 0.0009095952365525445
leaf_weight=124.60623013973236 32.125796437263489
leaf_count=117 29
internal_value=0
internal_weight=156.732
internal_count=146
is_linear=0
shrinkage=0.0168771


Tree=546
num_leaves=2
num_cat=0
split_feature=10
split_gain=0.165504
threshold=0.24000000000000002
decision_type=2
left_child=-1
right_child=-2
leaf_value=-0.00060719396187287964 0.00056422933219081486
leaf_weight=27 140.53255701065063
leaf_count=27 128
internal_value=0.000236759
internal_weight=167.533
internal_count=155
is_linear=0
shrinkage=0.0168771


Tree=547
num_leaves=2
num_cat=0
split_feature=1
split_gain=0.12419
threshold=4.8703571428571442
decision_type=2
left_child=-1
right_child=-2
leaf_value=0 0.00078229123570012994
leaf_weight=75.790339708328247 69.505867838859558
leaf_count=64 67
internal_value=0.000245682
internal_weight=145.296
internal_count=131
is_linear=0
shrinkage=0.0168771


Tree=548
num_leaves=2
num_cat=0
split_feature=0
split_gain=0.12978
threshold=44.500000000000007
decision_type=2
left_child=-1
right_child=-2
leaf_value=-0.00057877952638471606 0.00039021211255997758
leaf_weight=63.646611213684082 93.424829244613647
leaf_count=62 83
internal_value=0
internal_weight=157.071
internal_count=145
is_linear=0
shrinkage=0.0168771


Tree=549
num_leaves=2
num_cat=0
split_feature=2
split_gain=0.21474
threshold=0.24285714285714288
decision_type=2
left_child=-1
right_child=-2
leaf_value=-0.0014448915484329603 4.5933458931794601e-05
leaf_weight=27 119.36973905563354
leaf_count=27 108
internal_value=-0.000101741
internal_weight=146.37
internal_count=135
is_linear=0
shrinkage=0.0168771


Tree=550
num_leaves=2
num_cat=0
split_feature=13
split_gain=0.129964
threshold=-0.16746797330759403
decision_type=2
left_child=-1
right_child=-2
leaf_value=0.00035876063934345758 -0.00056127377695562629
leaf_weight=69.172357320785522 85.169295787811279
leaf_count=59 83
internal_value=-7.37009e-06
internal_weight=154.342
internal_count=142
is_linear=0
shrinkage=0.0168771


Tree=551
num_leaves=2
num_cat=0
split_feature=3
split_gain=0.145212
threshold=0.36071428571428571
decision_type=2
left_child=-1
right_child=-2
leaf_value=0.00073663473293775791 -9.2402180736464966e-05
leaf_weight=90.494729399681091 67.151325345039368
leaf_count=83 62
internal_value=0.000248605
internal_weight=157.646
internal_count=145
is_linear=0
shrinkage=0.0168771


Tree=552
num_leaves=2
num_cat=0
split_feature=13
split_gain=0.15181
threshold=-0.13946555660387946
decision_type=2
left_child=-1
right_child=-2
leaf_value=0.00014374359229630209 -0.00075991624304138142
leaf_weight=72.286425352096558 78.52855920791626
leaf_count=62 78
internal_value=-0.000186445
internal_weight=150.815
internal_count=140
is_linear=0
shrinkage=0.0168771


Tree=553
num_leaves=2
num_cat=0
split_feature=5
split_gain=0.199344
threshold=18.894285714285719
decision_type=2
left_child=-1
right_child=-2
leaf_value=-0.00024352602521235351 0.00086402345117874996
leaf_weight=82.774360656738281 69.562889575958252
leaf_count=81 58
internal_value=0.00012455
internal_weight=152.337
internal_count=139
is_linear=0
shrinkage=0.0168771


Tree=554
num_leaves=2
num_cat=0
split_feature=2
split_gain=0.147002
threshold=0.24285714285714288
decision_type=2
left_child=-1
right_child=-2
leaf_value=-0.0011617982839080057 4.2906835039106633e-05
leaf_weight=28.233483791351318 128.57282602787018
leaf_count=28 116
internal_value=-5.08885e-05
internal_weight=156.806
internal_count=144
is_linear=0
shrinkage=0.0168771


Tree=555
num_leaves=2
num_cat=0
split_feature=11
split_gain=0.136779
threshold=20.25142857142858
decision_type=2
left_child=-1
right_child=-2
leaf_value=-0.00040452598108680363 0.00074066632716047044
leaf_weight=116.69461870193481 32.424634337425232
leaf_count=111 26
internal_value=0
internal_weight=149.119
internal_count=137
is_linear=0
shrinkage=0.0168771


Tree=556
num_leaves=4
num_cat=0
split_feature=7 7 7
split_gain=0.157304 0.131142 0.122952
threshold=18.575714285714287 16.456428571428578 19.254999999999999
decision_type=2 2 2
left_child=1 -1 -2
right_child=2 -3 -4
leaf_value=0 -0.0016449689891669549 0.001011797175325461 0
leaf_weight=10.999999999999998 15.999999999999998 61.554644703865051 58.182464599609375
leaf_count=11 16 59 51
internal_value=0 0.000616087 -0.000457835
internal_weight=146.737 72.5546 74.1825
internal_count=137 70 67
is_linear=0
shrinkage=0.0168771


Tree=557
num_leaves=2
num_cat=0
split_feature=7
split_gain=0.131229
threshold=16.675000000000001
decision_type=2
left_child=-1
right_child=-2
leaf_value=0.0011417954384294695 0
leaf_weight=27.424396872520447 121.05914115905762
leaf_count=27 111
internal_value=0.000119831
internal_weight=148.484
internal_count=138
is_linear=0
shrinkage=0.0168771


Tree=558
num_leaves=3
num_cat=0
split_feature=0 0
split_gain=0.118016 0.127612
threshold=66.500000000000014 33.000000000000007
decision_type=2 2
left_child=1 -1
right_child=-2 -3
leaf_value=0 0.00032264757331168167 -0.0010420392297499548
leaf_weight=40.565624713897705 56.508350968360901 56.616012215614319
leaf_count=40 47 54
internal_value=-7.42332e-05 -0.00053165
internal_weight=153.69 97.1816
internal_count=141 94
is_linear=0
shrinkage=0.0168771


Tree=559
num_leaves=3
num_cat=0
split_feature=1 1
split_gain=0.126758 0.167579
threshold=4.8703571428571442 7.5385119047619051
decision_type=2 2
left_child=-1 -2
right_child=1 -3
leaf_value=-0.00021006141773343551 0.001946867208003464 0
leaf_weight=78.154054403305054 18.505867838859558 58
leaf_count=68 16 58
internal_value=7.67924e-05 0.000649053
internal_weight=154.66 76.5059
internal_count=142 74
is_linear=0
shrinkage=0.0168771


Tree=560
num_leaves=2
num_cat=0
split_feature=7
split_gain=0.199284
threshold=18.575714285714287
decision_type=2
left_child=-1
right_child=-2
leaf_value=0.00039391090003215815 -0.00073824601115299294
leaf_weight=79.762961983680725 77.952539086341858
leaf_count=77 71
internal_value=-2.93472e-05
internal_weight=157.716
internal_count=148
is_linear=0
shrinkage=0.0168771


Tree=561
num_leaves=2
num_cat=0
split_feature=1
split_gain=0.126915
threshold=4.8703571428571442
decision_type=2
left_child=-1
right_child=-2
leaf_value=0 0.00075568373069822756
leaf_weight=90.274317383766174 88.505867838859558
leaf_count=79 86
internal_value=0.000297271
internal_weight=178.78
internal_count=165
is_linear=0
shrinkage=0.0168771


Tree=562
num_leaves=4
num_cat=0
split_feature=11 11 11
split_gain=0.127694 0.147288 0.136589
threshold=19.125714285714288 20.566428571428574 17.175714285714289
decision_type=2 2 2
left_child=2 -2 -1
right_child=1 -3 -4
leaf_value=0 -0.00098055905835108415 5.6722362117755002e-05 0.00096502892203040335
leaf_weight=35 69.583405375480652 10.149120807647703 48.07080352306366
leaf_count=35 64 8 45
internal_value=0 -0.000579928 0.000315818
internal_weight=162.803 79.7325 83.0708
internal_count=152 72 80
is_linear=0
shrinkage=0.0168771


Tree=563
num_leaves=2
num_cat=0
split_feature=8
split_gain=0.124812
threshold=-0.76191531316865058
decision_type=2
left_child=-1
right_child=-2
leaf_value=-0.0010081356831690028 0.00012822398025556193
leaf_weight=30 124.73214340209961
leaf_count=30 113
internal_value=0
internal_weight=154.732
internal_count=143
is_linear=0
shrinkage=0.0168771


end of trees

feature_importances:
Column_10=238
Column_8=197
Column_1=176
Column_3=158
Column_0=152
Column_2=142
Column_13=121
Column_9=111
Column_6=110
Column_7=104
Column_11=91
Column_12=85
Column_14=64
Column_5=58
Column_4=30

parameters:
[boosting: gbdt]
[objective: regression]
[metric: l1]
[tree_learner: serial]
[device_type: cpu]
[data_sample_strategy: bagging]
[data: ]
[valid: ]
[num_iterations: 3000]
[learning_rate: 0.0168771]
[num_leaves: 26]
[num_threads: -1]
[seed: 46]
[deterministic: 0]
[force_col_wise: 0]
[force_row_wise: 0]
[histogram_pool_size: -1]
[max_depth: 4]
[min_data_in_leaf: 10]
[min_sum_hessian_in_leaf: 0.001]
[bagging_fraction: 0.743593]
[pos_bagging_fraction: 1]
[neg_bagging_fraction: 1]
[bagging_freq: 1]
[bagging_seed: 46]
[bagging_by_query: 0]
[feature_fraction: 0.681046]
[feature_fraction_bynode: 1]
[feature_fraction_seed: 28005]
[extra_trees: 0]
[extra_seed: 28586]
[early_stopping_round: 0]
[early_stopping_min_delta: 0]
[first_metric_only: 0]
[max_delta_step: 0]
[lambda_l1: 1.32832]
[lambda_l2: 2.91472]
[linear_lambda: 0]
[min_gain_to_split: 0.117378]
[drop_rate: 0.1]
[max_drop: 50]
[skip_drop: 0.5]
[xgboost_dart_mode: 0]
[uniform_drop: 0]
[drop_seed: 23790]
[top_rate: 0.2]
[other_rate: 0.1]
[min_data_per_group: 100]
[max_cat_threshold: 32]
[cat_l2: 10]
[cat_smooth: 10]
[max_cat_to_onehot: 4]
[top_k: 20]
[monotone_constraints: ]
[monotone_constraints_method: basic]
[monotone_penalty: 0]
[feature_contri: ]
[forcedsplits_filename: ]
[refit_decay_rate: 0.9]
[cegb_tradeoff: 1]
[cegb_penalty_split: 0]
[cegb_penalty_feature_lazy: ]
[cegb_penalty_feature_coupled: ]
[path_smooth: 0]
[interaction_constraints: ]
[verbosity: -1]
[saved_feature_importance_type: 0]
[use_quantized_grad: 0]
[num_grad_quant_bins: 4]
[quant_train_renew_leaf: 0]
[stochastic_rounding: 1]
[linear_tree: 0]
[max_bin: 255]
[max_bin_by_feature: ]
[min_data_in_bin: 3]
[bin_construct_sample_cnt: 200000]
[data_random_seed: 188]
[is_enable_sparse: 1]
[enable_bundle: 1]
[use_missing: 1]
[zero_as_missing: 0]
[feature_pre_filter: 1]
[pre_partition: 0]
[two_round: 0]
[header: 0]
[label_column: ]
[weight_column: ]
[group_column: ]
[ignore_column: ]
[categorical_feature: ]
[forcedbins_filename: ]
[precise_float_parser: 0]
[parser_config_file: ]
[objective_seed: 24573]
[num_class: 1]
[is_unbalance: 0]
[scale_pos_weight: 1]
[sigmoid: 1]
[boost_from_average: 1]
[reg_sqrt: 0]
[alpha: 0.9]
[fair_c: 1]
[poisson_max_delta_step: 0.7]
[tweedie_variance_power: 1.5]
[lambdarank_truncation_level: 30]
[lambdarank_norm: 1]
[label_gain: ]
[lambdarank_position_bias_regularization: 0]
[eval_at: ]
[multi_error_top_k: 1]
[auc_mu_weights: ]
[num_machines: 1]
[local_listen_port: 12400]
[time_out: 120]
[machine_list_filename: ]
[machines: ]
[gpu_platform_id: -1]
[gpu_device_id: -1]
[gpu_use_dp: 0]
[num_gpu: 1]

end of parameters

pandas_categorical:null
