tree
version=v4
num_class=1
num_tree_per_iteration=1
label_index=0
max_feature_idx=14
objective=regression
feature_names=Column_0 Column_1 Column_2 Column_3 Column_4 Column_5 Column_6 Column_7 Column_8 Column_9 Column_10 Column_11 Column_12 Column_13 Column_14
feature_infos=[2:79] [-12.280119047619047:18.025357142857143] [0.18857142857142861:0.51285714285714279] [0.19428571428571431:0.52000000000000002] [14.967142857142861:21.148571428571429] [15.074285714285709:21.148571428571429] [14.967142857142861:21.148571428571429] [14.967142857142861:21.148571428571429] [-0.90227691474415017:2.0472496932461151] [15.074285714285709:21.148571428571429] [0.18857142857142861:0.53142857142857147] [15.074285714285709:20.87857142857143] [-1.056707518441337:2.1071713141032631] [-1.1009645658534963:1.0622243725459328] [14.967142857142861:21.148571428571429]
tree_sizes=696 827 803 830 787 824 912 844 825 930 797 800 690 823 941 707 936 815 836 641 831 826 631 899 831 784 774 938 727 926 793 899 709 728 803 714 857 926 929 688 914 821 845 693 811 856 802 692 824 688 725 697 831 568 746 828 748 820 793 830 718 711 935 785 805 797 709 797 790 731 687 812 671 764 730 793 674 748 747 821 620 443 811 643 731 734 724 595 822 803 748 691 810 877 693 739 831 788 680 691 886 773 940 662 700 843 730 601 708 817 728 743 630 893 627 829 708 692 628 688 707 705 745 492 718 602 607 754 710 558 578 669 624 816 641 604 697 687 676 744 646 646 691 770 718 700 695 702 683 746 720 652 627 653 587 732 638 580 702 542 813 610 528 647 732 592 440 636 536 544 449 713 531 636 618 601 819 519 636 642 566 443 630 427 524 617 426 606 614 746 753 640 468 551 561 598 642 525 646 541 532 454 477 614 651 759 441 653 729 609 428 605 528 644 641 614 512 510 514 543 361 455 428 524 670 707 589 467 558 454 524 612 372 431 646 616 513 360 371 355 602 533 558 501 643 516 495 454 446 547 358 444 597 462 535 515 523 351 531 359 372 713 515 445 474 370 446 372 653 362 609 370 548 357 573 361 361 475 345 361 656 454 550 361 560 523 532 360 447 371 549 433 350 355 533 526 454 428 557 371 426 587 540 345 372 362 372 550 442 371 374 345 439 446 454 462 444 345 453 361 361 449 351 361 456 360 359 370 350 362 362 345 355 370 374 361 478 357 373 371 361 349 466 478 454 475 361 370 363 446 345 374 372 441 549 373 454 347 421 443 444 356 372 351 374 362 360 376 370 345 345 361 360 371 373 346 467 347 370 346 373 548 364 365 360 452 477 345 374 372 334 444 373 468 361 363 369

Tree=0
num_leaves=6
num_cat=0
split_feature=0 1 1 9 1
split_gain=72.6611 33.2185 5.0458 3.40472 0.929088
threshold=15.000000000000002 4.7317261904761923 -7.1026785714285703 19.236428571428572 12.531011904761906
decision_type=2 2 2 2 2
left_child=-1 2 -2 4 -3
right_child=1 3 -4 -5 -6
leaf_value=2.5399079498293937 2.5742156476760911 2.5648266386729319 2.5876049576259863 2.5749154096222484 2.5709678956048498
leaf_weight=13.999999999999998 14.999999999999998 30 52.811312437057495 14.866770982742308 25
leaf_count=14 15 30 42 14 25
internal_value=2.57281 2.57692 2.58516 2.56904 2.56702
internal_weight=151.678 137.678 67.8113 69.8668 55
internal_count=140 126 57 69 55
is_linear=0
shrinkage=1


Tree=1
num_leaves=7
num_cat=0
split_feature=0 1 13 10 14 10
split_gain=71.7212 32.1801 7.85433 4.35523 0.501077 0.120893
threshold=15.000000000000002 7.219166666666669 0.4715816266425365 0.38642857142857145 20.179285714285719 0.4121428571428572
decision_type=2 2 2 2 2 2
left_child=-1 2 -2 -3 -4 -5
right_child=1 3 4 5 -6 -7
leaf_value=-0.032771094096313513 0.016092188900573012 -0.0079551084678522177 0 -0.00014213834861853884 0.0042862424962060068 0.0013432802581292286
leaf_weight=13.999999999999998 44.792060971260071 35 10.000000000000002 13.000000000000002 13.22335636615753 15.999999999999998
leaf_count=14 34 35 10 13 13 16
internal_value=0 0.00409569 0.0120333 -0.00416157 0.00242542 2.2793e-05
internal_weight=146.015 132.015 68.0154 64 23.2234 29
internal_count=135 121 57 64 23 29
is_linear=0
shrinkage=0.0168771


Tree=2
num_leaves=7
num_cat=0
split_feature=3 8 0 13 10 5
split_gain=61.8827 27.0908 9.5872 6.05286 2.42729 0.201547
threshold=0.24357142857142858 -0.21379055801246849 23.500000000000004 0.38995318850604721 0.38642857142857145 19.87857142857143
decision_type=2 2 2 2 2 2
left_child=2 4 -1 -3 -2 -5
right_child=1 3 -4 5 -6 -7
leaf_value=-0.031003723158154157 -0.006426985454694039 0.01594593013955678 -0.0075902645566622044 0 0 0.0049637685661544344
leaf_weight=14.000000000000002 30 41.967295408248901 15.256840229034422 10.000000000000002 27 16.446712732315063
leaf_count=14 30 32 15 10 27 16
internal_value=-0.000226841 0.00488277 -0.0212848 0.0119041 -0.00333953 0.0037805
internal_weight=154.671 125.414 29.2568 68.414 57 26.4467
internal_count=144 115 29 58 57 26
is_linear=0
shrinkage=0.0168771


Tree=3
num_leaves=7
num_cat=0
split_feature=3 1 9 13 1 10
split_gain=74.4282 17.799 8.53737 6.42969 3.03519 2.06126
threshold=0.23928571428571432 7.219166666666669 17.177142857142858 0.38995318850604721 8.0667261904761904 0.40357142857142864
decision_type=2 2 2 2 2 2
left_child=4 2 -2 -4 -1 -3
right_child=1 5 3 -5 -6 -7
leaf_value=-0.030107386008981236 -1.0568652099668833e-05 -0.0047262856157248793 0.016972248915363197 0.0044999460668453724 -0.0095252946543501662 0.0012562929626975285
leaf_weight=16.000000000000004 15.600000143051146 33 39.102143883705139 28.446712732315063 10.999999999999998 20
leaf_count=16 15 33 29 28 11 20
internal_value=0 0.00512783 0.00992348 0.0124414 -0.0242166 -0.00211997
internal_weight=163.149 136.149 83.1489 67.5489 27 53
internal_count=152 125 72 57 27 53
is_linear=0
shrinkage=0.0168771


Tree=4
num_leaves=7
num_cat=0
split_feature=3 8 13 10 13 6
split_gain=58.3606 29.7543 4.90053 2.72637 0.195042 0.187097
threshold=0.23928571428571432 -0.21379055801246849 0.4715816266425365 0.38642857142857145 0.82750225007779676 17.175714285714289
decision_type=2 2 2 2 2 2
left_child=-1 3 -3 5 -4 -2
right_child=1 2 4 -5 -6 -7
leaf_value=-0.02130779029841846 -0.01078501557788584 0.015438226218786768 0.0058272185528785193 0 0 -0.0033117882908254414
leaf_weight=26 10.000000000000002 46.205693006515503 20.446712732315067 23 9.9999999999999982 21
leaf_count=26 10 35 20 23 10 21
internal_value=0.000288572 0.00512532 0.0117841 -0.00405235 0.00470243 -0.00710323
internal_weight=156.652 130.652 76.6524 54 30.4467 31
internal_count=145 119 65 54 30 31
is_linear=0
shrinkage=0.0168771


Tree=5
num_leaves=7
num_cat=0
split_feature=3 8 12 5 4 12
split_gain=66.8893 36.3813 3.04003 1.9014 0.577725 0.476859
threshold=0.23928571428571432 -0.21379055801246849 0.31254311650991445 17.317142857142859 18.816428571428574 1.1402499760900227
decision_type=2 2 2 2 2 2
left_child=-1 3 -3 -2 -5 -4
right_child=1 2 5 4 -6 -7
leaf_value=-0.022586514346058947 -0.0087544997324088686 0.017812875910073425 0.0028103955930877103 7.4803708593963638e-06 -0.0027783673251340637 0.01002640465617459
leaf_weight=27 15.999999999999998 30.241396188735962 17.200000047683716 17 33 31.620838642120361
leaf_count=27 16 21 17 17 33 27
internal_value=0.000300097 0.0050724 0.012665 -0.00384859 -0.00145927 0.00821903
internal_weight=172.062 145.062 79.0622 66 50 48.8208
internal_count=158 131 65 66 50 44
is_linear=0
shrinkage=0.0168771


Tree=6
num_leaves=8
num_cat=0
split_feature=2 8 13 10 6 13 10
split_gain=64.6236 25.8328 3.4402 2.81299 1.07525 0.386607 0.162063
threshold=0.2442857142857143 -0.21379055801246849 0.38995318850604721 0.38928571428571429 18.239285714285717 0.82750225007779676 0.4121428571428572
decision_type=2 2 2 2 2 2 2
left_child=-1 3 4 -2 -3 -4 -5
right_child=1 2 5 6 -6 -7 -8
leaf_value=-0.026200823057957252 -0.0063934149679243484 0.0049966129584653601 0.0060900625469850018 -0.00038330312632684789 0.016328231504020067 0 0.0014839754888353669
leaf_weight=19 31 13.085600376129149 20.670069098472599 13.000000000000002 35.816595196723938 9.9999999999999982 17
leaf_count=19 31 12 20 13 26 10 17
internal_value=0.000646497 0.00488999 0.0111223 -0.00302556 0.0141803 0.00477144 3.14311e-05
internal_weight=159.572 140.572 79.5723 61 48.9022 30.6701 30
internal_count=148 129 68 61 38 30 30
is_linear=0
shrinkage=0.0168771


Tree=7
num_leaves=7
num_cat=0
split_feature=2 8 5 1 10 5
split_gain=64.9966 18.9641 12.0654 2.17499 1.07731 0.734177
threshold=0.26428571428571429 -0.21379055801246849 17.354285714285719 -6.4779166666666645 0.4121428571428572 18.700000000000003
decision_type=2 2 2 2 2 2
left_child=2 4 -1 -3 -2 -5
right_child=1 3 -4 5 -6 -7
leaf_value=-0.025499707808286611 -0.0031434664177061315 0.0041391253313998472 -0.0017975321846021169 0.0055638714425696066 0.001487687917986824 0.016248549348469667
leaf_weight=23 33 18.670069098472595 11.433483839035032 14.110305547714232 13.999999999999998 36.151315927505493
leaf_count=23 33 18 11 13 14 26
internal_value=0.000290264 0.00652891 -0.0189842 0.0120211 -0.00130852 0.0141399
internal_weight=150.365 115.932 34.4335 68.9317 47 50.2616
internal_count=138 104 34 57 47 39
is_linear=0
shrinkage=0.0168771


Tree=8
num_leaves=7
num_cat=0
split_feature=0 1 5 13 12 0
split_gain=61.8037 27.7582 3.02757 2.44726 1.0685 0.519032
threshold=15.000000000000002 4.7317261904761923 18.634285714285721 0.76045325449616696 -0.71449845603534146 30.500000000000004
decision_type=2 2 2 2 2 2
left_child=-1 3 5 -2 -4 -3
right_child=1 2 4 -5 -6 -7
leaf_value=-0.029587764302077817 0.013300721202047179 -0.0009250875793308899 0.0030869136925080753 0.0025845930808187844 -0.0024484282149953404 -0.0084763990432885072
leaf_weight=14.999999999999998 51.012788534164429 11.999999999999998 15.866770982742308 14.999999999999998 18 23
leaf_count=15 41 12 15 15 18 23
internal_value=0 0.00373358 -0.0034704 0.0114032 0 -0.00674881
internal_weight=149.88 134.88 68.8668 66.0128 33.8668 35
internal_count=139 124 68 56 33 35
is_linear=0
shrinkage=0.0168771


Tree=9
num_leaves=8
num_cat=0
split_feature=0 1 6 10 1 13 2
split_gain=62.7419 22.0694 7.5573 3.5668 3.53134 1.70317 0.132631
threshold=15.000000000000002 6.6127380952380976 18.777142857142859 0.38642857142857145 -7.1026785714285703 -0.12098056758794888 0.38928571428571429
decision_type=2 2 2 2 2 2 2
left_child=-1 2 5 -3 -4 -2 -5
right_child=1 3 4 6 -6 -7 -8
leaf_value=-0.029818984835653352 0.0054377191695590237 -0.0073128263251061691 0.0016554749606888291 0 0.014900951019131104 -0.0019344880228517277 0.0015861217938953317
leaf_weight=14.999999999999998 11.832159280776979 34 11.999999999999998 10.000000000000002 43.777062773704529 14.999999999999998 12.999999999999998
leaf_count=15 11 34 12 10 33 15 13
internal_value=0 0.00369128 0.00921841 -0.00400369 0.012657 0.000777067 0.000295297
internal_weight=154.609 139.609 82.6092 57 55.7771 26.8322 23
internal_count=143 128 71 57 45 26 23
is_linear=0
shrinkage=0.0168771


Tree=10
num_leaves=7
num_cat=0
split_feature=0 8 5 13 10 13
split_gain=70.2319 18.8805 11.8857 3.31541 1.62679 0.323191
threshold=15.000000000000002 -0.21379055801246849 17.354285714285719 0.38995318850604721 0.38642857142857145 0.13816276855848655
decision_type=2 2 2 2 2 2
left_child=-1 4 -3 -4 5 -2
right_child=1 2 3 -5 -6 -7
leaf_value=-0.029777856330047762 -0.00642959275565672 -0.001388620126139018 0.01536079341981458 0.0044505057368594888 0 -7.8850226811166032e-05
leaf_weight=17 23 19.416079640388489 43.755488872528076 21.446712732315063 27 10.999999999999998
leaf_count=17 23 19 32 21 27 11
internal_value=0 0.00397411 0.00907433 0.0124452 -0.00284125 -0.0051507
internal_weight=162.618 145.618 84.6183 65.2022 61 34
internal_count=150 133 72 53 61 34
is_linear=0
shrinkage=0.0168771


Tree=11
num_leaves=7
num_cat=0
split_feature=2 1 9 13 10 14
split_gain=57.167 19.0842 10.2054 5.67819 1.42824 0.725661
threshold=0.26428571428571429 7.5489285714285721 17.002857142857149 0.4715816266425365 0.38642857142857145 20.179285714285719
decision_type=2 2 2 2 2 2
left_child=2 3 -1 -2 -3 -5
right_child=1 4 -4 5 -6 -7
leaf_value=-0.024929053062481232 0.01500507798235576 -0.0047570871312776651 -0.0044433788271675172 0 0.00010966331096930284 0.0055587214198983851
leaf_weight=21 43.561035513877869 24 16.233483791351318 12.000000000000002 25 14.670069098472593
leaf_count=21 32 24 16 12 25 14
internal_value=0 0.00568678 -0.0175269 0.0112049 -0.00197547 0.00337337
internal_weight=156.465 119.231 37.2335 70.2311 49 26.6701
internal_count=144 107 37 58 49 26
is_linear=0
shrinkage=0.0168771


Tree=12
num_leaves=6
num_cat=0
split_feature=3 8 10 12 10
split_gain=57.777 22.9161 2.26937 1.86231 1.21416
threshold=0.23928571428571432 -0.21379055801246849 0.38642857142857145 0.31254311650991445 0.40142857142857152
decision_type=2 2 2 2 2
left_child=-1 2 -2 -3 -5
right_child=1 3 -4 4 -6
leaf_value=-0.020992163868424535 -0.0060807765317315507 0.015248800971171235 0 0.0082526608470767267 0
leaf_weight=28 29 27.069035053253174 30 37.19879150390625 9.9999999999999982
leaf_count=28 29 19 30 33 10
internal_value=-3.23196e-05 0.00456184 -0.00293589 0.0106946 0.00690036
internal_weight=161.268 133.268 59 74.2678 47.1988
internal_count=149 121 59 62 43
is_linear=0
shrinkage=0.0168771


Tree=13
num_leaves=7
num_cat=0
split_feature=3 12 13 0 2 10
split_gain=43.1089 13.7982 3.79151 2.46005 2.03889 1.41074
threshold=0.23928571428571432 -0.34870079585484087 0.38995318850604721 23.500000000000004 0.43928571428571433 0.38642857142857145
decision_type=2 2 2 2 2 2
left_child=3 4 -3 -1 5 -2
right_child=1 2 -4 -5 -6 -7
leaf_value=-0.025524954355867407 -0.0065130000240904993 0.012470821916538114 0.003368127013887843 -0.008619502328354154 0.0034715677229271739 0
leaf_weight=11.000000000000002 21 41.519139647483826 34.446712732315063 15.999999999999998 9.8667709827423078 23
leaf_count=11 21 33 34 16 9 23
internal_value=8.87663e-05 0.0043483 0.00890439 -0.0180723 -0.00180939 -0.00361358
internal_weight=156.833 129.833 75.9659 27 53.8668 44
internal_count=147 120 67 27 53 44
is_linear=0
shrinkage=0.0168771


Tree=14
num_leaves=8
num_cat=0
split_feature=0 1 5 1 5 4 3
split_gain=57.4683 17.9163 4.11153 2.55781 1.47038 0.665018 0.367409
threshold=15.000000000000002 6.6127380952380976 18.700000000000003 -7.1026785714285703 18.634285714285721 18.272857142857148 0.27714285714285719
decision_type=2 2 2 2 2 2 2
left_child=-1 2 5 -4 6 -2 -3
right_child=1 4 3 -5 -6 -7 -8
leaf_value=-0.028555056380781253 0 -0.0081992889554096428 0.0011384929744338195 0.014148316940797616 -8.4857450249202909e-06 0.0040116177448038751 -0.0014732039614522173
leaf_weight=15.999999999999998 10.200000047683718 15.999999999999998 9.9999999999999982 32.557986736297607 31 18.867505431175232 15.999999999999998
leaf_count=16 10 16 10 24 31 18 16
internal_value=-0.000879146 0.00278252 0.00849479 0.0118533 -0.00346018 0.00224451 -0.00588207
internal_weight=150.625 134.625 71.6255 42.558 63 29.0675 32
internal_count=141 125 62 34 63 28 32
is_linear=0
shrinkage=0.0168771


Tree=15
num_leaves=6
num_cat=0
split_feature=2 8 5 12 10
split_gain=56.582 20.399 9.63849 2.18014 1.43766
threshold=0.26428571428571429 -0.21379055801246849 16.622857142857146 0.31254311650991445 0.38642857142857145
decision_type=2 2 2 2 2
left_child=2 4 -1 -3 -2
right_child=1 3 -4 -5 -6
leaf_value=-0.023541451345767715 -0.0050629292239945051 0.015546430267794545 -0.0034926278443635711 0.006630627331324866 0
leaf_weight=25 26 27.729392528533936 14.433483839035032 40.747918844223022 26
leaf_count=25 26 19 14 37 26
internal_value=-0.000533002 0.00511344 -0.017478 0.0110423 -0.00245762
internal_weight=159.911 120.477 39.4335 68.4773 52
internal_count=147 108 39 56 52
is_linear=0
shrinkage=0.0168771


Tree=16
num_leaves=8
num_cat=0
split_feature=0 7 12 3 13 13 0
split_gain=49.8993 14.161 9.48631 2.22763 0.880819 0.63281 0.629334
threshold=15.000000000000002 19.456428571428571 0.088671874454511093 0.31928571428571434 -0.20664781320310519 0.67061129274808795 67.500000000000014
decision_type=2 2 2 2 2 2 2
left_child=-1 2 3 -2 -3 -4 -6
right_child=1 4 5 -5 6 -7 -8
leaf_value=-0.026772804724109714 -0.0091346006200479953 0.012705218110142873 0.0090914259715415956 -0.0013953183930171674 0.0067103085381431211 0.0004116673347431632 0
leaf_weight=14.999999999999998 22 26.567493200302124 14.769863247871401 36 18.781679868698124 9.9999999999999982 9.9999999999999982
leaf_count=15 22 20 12 36 17 10 10
internal_value=-0.000108908 0.00312135 -0.00108971 -0.00499555 0.00954288 0.00680931 0.00501664
internal_weight=153.119 138.119 82.7699 58 55.3492 24.7699 28.7817
internal_count=142 127 80 58 47 22 27
is_linear=0
shrinkage=0.0168771


Tree=17
num_leaves=7
num_cat=0
split_feature=2 8 6 13 10 1
split_gain=33.8683 12.5017 6.35472 3.01878 1.44079 0.342606
threshold=0.26428571428571429 -0.21379055801246849 16.675000000000001 0.82750225007779676 0.38642857142857145 -6.4779166666666645
decision_type=2 2 2 2 2 2
left_child=2 4 -1 5 -2 -3
right_child=1 3 -4 -5 -6 -7
leaf_value=-0.020737856726467958 -0.0044900480605078556 0.0031774124744552955 -0.0024507154636216649 0 0.00012040067742230427 0.01130909025026623
leaf_weight=20 29 13.446712732315062 12.233483791351317 10.999999999999998 27 41.381639003753662
leaf_count=20 29 13 12 11 27 34
internal_value=-0.000466577 0.00351991 -0.015214 0.00841949 -0.00199065 0.00996408
internal_weight=154.062 121.828 32.2335 65.8284 56 54.8284
internal_count=146 114 32 58 56 47
is_linear=0
shrinkage=0.0168771


Tree=18
num_leaves=7
num_cat=0
split_feature=0 1 3 13 2 13
split_gain=48.7816 20.4859 3.53932 3.43846 1.19041 0.148296
threshold=15.000000000000002 4.7317261904761923 0.24785714285714289 0.38995318850604721 0.43928571428571433 0.82750225007779676
decision_type=2 2 2 2 2 2
left_child=-1 3 -3 -2 -4 -5
right_child=1 2 4 5 -6 -7
leaf_value=-0.026766321477183483 0.012080884683620586 -0.0090766140844262683 -0.0020391790411762559 0.0039744115771396223 0.0033030924737258186 0
leaf_weight=14.999999999999998 43.421620607376099 19 47 19.446712732315067 10.866770982742308 10.999999999999998
leaf_count=15 34 19 47 19 10 11
internal_value=-0.000300193 0.0026454 -0.00319842 0.00890898 -0.000556835 0.00305312
internal_weight=165.735 150.735 76.8668 73.8683 57.8668 30.4467
internal_count=155 140 76 64 57 30
is_linear=0
shrinkage=0.0168771


Tree=19
num_leaves=5
num_cat=0
split_feature=0 9 8 3
split_gain=55.6214 18.2033 4.94518 2.85422
threshold=15.000000000000002 19.752142857142861 0.7758189321806036 0.25642857142857151
decision_type=2 2 2 2
left_child=-1 2 3 -2
right_child=1 -3 -4 -5
leaf_value=-0.026752362143795949 -0.008074791480889465 0.011752748555781584 0.0067986039024492961 -0.00017310955285243645
leaf_weight=15.999999999999998 17 51.355949401855469 17.280927181243896 57
leaf_count=16 17 41 15 57
internal_value=0.000328705 0.00399538 -0.000359643 -0.00251704
internal_weight=158.637 142.637 91.2809 74
internal_count=146 130 89 74
is_linear=0
shrinkage=0.0168771


Tree=20
num_leaves=7
num_cat=0
split_feature=0 1 13 10 13 14
split_gain=37.4056 17.6366 4.33285 2.60627 0.510482 0.400697
threshold=19.500000000000004 6.6127380952380976 0.38995318850604721 0.38642857142857145 0.049534058996609349 20.142857142857149
decision_type=2 2 2 2 2 2
left_child=-1 2 -2 4 -3 -4
right_child=1 3 5 -5 -6 -7
leaf_value=-0.021788819496147849 0.011844847919756525 -0.0075782691298922457 0 0.00014640176872043011 -0.00053414666709101187 0.0036711703253405753
leaf_weight=17.416079640388489 41.846165299415588 27 13.000000000000002 22 11.999999999999998 17.446712732315063
leaf_count=17 33 27 13 22 12 17
internal_value=-0.000314241 0.00273326 0.00832004 -0.00361452 -0.00613357 0.00219193
internal_weight=150.709 133.293 72.2929 61 39 30.4467
internal_count=141 124 63 61 39 30
is_linear=0
shrinkage=0.0168771


Tree=21
num_leaves=7
num_cat=0
split_feature=0 1 1 5 6 1
split_gain=39.5698 21.3146 3.17329 3.02748 0.519354 0.180821
threshold=15.000000000000002 4.7317261904761923 -7.1026785714285703 18.682142857142864 18.683571428571433 13.543690476190477
decision_type=2 2 2 2 2 2
left_child=-1 2 -2 -3 -4 -5
right_child=1 3 4 5 -6 -7
leaf_value=-0.024453586978098119 0 -0.0063229143709705345 0.0045852330121584845 0.0014317214515714044 0.012415513607682119 -0.00072562342890551603
leaf_weight=13.999999999999998 12.999999999999998 41 19.274959444999695 17.866770982742313 41.974607586860657 13.999999999999998
leaf_count=14 13 41 18 17 32 14
internal_value=0 0.00277619 0.00906019 -0.00343342 0.010621 0
internal_weight=161.116 147.116 74.2496 72.8668 61.2496 31.8668
internal_count=149 135 63 72 50 31
is_linear=0
shrinkage=0.0168771


Tree=22
num_leaves=5
num_cat=0
split_feature=0 9 12 10
split_gain=51.6657 17.4496 7.18399 3.13733
threshold=15.000000000000002 19.752142857142861 0.17787472211888863 0.38928571428571429
decision_type=2 2 2 2
left_child=-1 2 3 -2
right_child=1 -3 -4 -5
leaf_value=-0.026327381210105527 -0.0065064824130190513 0.010898359602424617 0.0058102548892297809 8.985891435590282e-05
leaf_weight=15.999999999999998 44 51.88116729259491 27.343142867088318 25
leaf_count=16 44 42 24 25
internal_value=0 0.0032597 -0.000827129 -0.00389799
internal_weight=164.224 148.224 96.3431 69
internal_count=151 135 93 69
is_linear=0
shrinkage=0.0168771


Tree=23
num_leaves=8
num_cat=0
split_feature=3 1 2 5 10 1 1
split_gain=39.7393 11.3162 10.2535 2.95702 1.2689 1.17699 0.848061
threshold=0.24357142857142858 7.5489285714285721 0.26214285714285718 18.700000000000003 0.4121428571428572 -6.7692857142857141 1.0000000180025095e-35
decision_type=2 2 2 2 2 2 2
left_child=2 3 -1 6 -3 -5 -2
right_child=1 4 -4 5 -6 -7 -8
leaf_value=-0.021732295618382278 0.0046872072768688339 -0.0035435295161802549 0 0.0025886637831938238 0.0013238232208147816 0.013135959573477541 0
leaf_weight=22 21.310305595397953 33 10.513680458068846 11.446712732315062 15.999999999999998 33.96662962436676 9.9999999999999982
leaf_count=22 20 33 10 11 16 25 10
internal_value=0 0.00438438 -0.0158019 0.00836562 -0.00153727 0.0112578 0.00291422
internal_weight=158.237 125.724 32.5137 76.7236 49 45.4133 31.3103
internal_count=147 115 32 66 49 36 30
is_linear=0
shrinkage=0.0168771


Tree=24
num_leaves=7
num_cat=0
split_feature=3 8 1 10 6 6
split_gain=48.537 11.6942 1.83898 1.24169 0.463972 0.180194
threshold=0.24357142857142858 -0.21379055801246849 -7.1026785714285703 0.38642857142857145 16.552142857142858 18.683571428571433
decision_type=2 2 2 2 2 2
left_child=4 3 -3 -2 -1 -4
right_child=1 2 5 -5 -6 -7
leaf_value=-0.022801274735012169 -0.0043001737637675327 0.00058688290602078156 0.004460879073311122 4.4800742590428376e-05 -0.009377821735183629 0.011230923479136009
leaf_weight=17 25 13.999999999999998 21.31775951385498 29 16.256840229034424 38.805550813674927
leaf_count=17 25 14 20 29 16 30
internal_value=-0.000736834 0.00391345 0.0081962 -0.00169007 -0.0181437 0.00950337
internal_weight=161.38 128.123 74.1233 54 33.2568 60.1233
internal_count=151 118 64 54 33 50
is_linear=0
shrinkage=0.0168771


Tree=25
num_leaves=7
num_cat=0
split_feature=3 12 13 2 10 6
split_gain=47.4884 8.90744 5.48575 1.06832 0.52817 0.476864
threshold=0.23928571428571432 -0.34870079585484087 0.38995318850604721 0.43928571428571433 0.38642857142857145 18.35285714285715
decision_type=2 2 2 2 2 2
left_child=-1 3 -3 4 -2 -4
right_child=1 2 5 -5 -6 -7
leaf_value=-0.018535146957529766 -0.0044555044823807385 0.01124473081254807 0 0.0026416384040679926 0 0.0030909143895137023
leaf_weight=29 17 48.714089632034302 13.999999999999998 10.866770982742308 24 21.446712732315063
leaf_count=29 17 38 14 10 24 21
internal_value=0 0.0042942 0.00762492 -0.000819253 -0.00236148 0.00158945
internal_weight=165.028 136.028 84.1608 51.8668 41 35.4467
internal_count=153 124 73 51 41 35
is_linear=0
shrinkage=0.0168771


Tree=26
num_leaves=7
num_cat=0
split_feature=0 1 5 13 10 13
split_gain=47.0169 19.6612 5.49277 2.36513 2.09799 0.597397
threshold=15.000000000000002 6.6127380952380976 17.372142857142858 0.76045325449616696 0.38642857142857145 0.049534058996609349
decision_type=2 2 2 2 2 2
left_child=-1 2 -2 -4 5 -3
right_child=1 4 3 -5 -6 -7
leaf_value=-0.025071308202609263 0 -0.0069719062322037987 0.012489722375339034 0.00097594638574631477 0 0
leaf_weight=15.999999999999998 17.400000095367432 29 51.86072838306427 10.999999999999998 25 10.999999999999998
leaf_count=16 17 29 39 11 25 11
internal_value=0 0.00318479 0.00871662 0.0109483 -0.00339665 -0.00567302
internal_weight=161.261 145.261 80.2607 62.8607 65 40
internal_count=148 132 67 50 65 40
is_linear=0
shrinkage=0.0168771


Tree=27
num_leaves=8
num_cat=0
split_feature=3 8 13 0 7 1 7
split_gain=38.1479 15.8479 3.77033 0.828306 0.589964 0.215547 0.190228
threshold=0.23928571428571432 -0.21379055801246849 0.38995318850604721 27.500000000000004 17.175714285714289 -7.6906547619047627 18.07357142857143
decision_type=2 2 2 2 2 2 2
left_child=3 4 -3 -1 -2 -4 -6
right_child=1 2 5 -5 6 -7 -8
leaf_value=-0.022480498122927857 -0.0053376424067891363 0.012626107384153895 0 -0.007047046966855648 0.00020697863845309727 0.004159040286682055 -0.001312819304031589
leaf_weight=13.000000000000002 10.999999999999998 43.824303984642029 11.000000000000002 10.999999999999998 11.999999999999998 17.446712732315063 35
leaf_count=13 11 32 11 11 12 17 35
internal_value=0.000407203 0.00423973 0.00941734 -0.017769 -0.00198573 0.00304513 -0.000486227
internal_weight=154.271 130.271 72.271 24 58 28.4467 47
internal_count=142 118 60 24 58 28 47
is_linear=0
shrinkage=0.0168771


Tree=28
num_leaves=6
num_cat=0
split_feature=0 9 12 5 5
split_gain=41.6747 13.8192 6.34374 1.35242 0.89275
threshold=15.000000000000002 19.835714285714289 0.17787472211888863 18.634285714285721 20.270000000000003
decision_type=2 2 2 2 2
left_child=-1 2 3 -2 -3
right_child=1 4 -4 -5 -6
leaf_value=-0.023738699735815522 -0.0064391335204285072 0.011859806551667065 0.004431165934898099 -0.00022379885605673422 0.0031604183653333924
leaf_weight=17 38 29.72947084903717 30.278295516967773 24 16.056840300559998
leaf_count=17 38 22 28 24 15
internal_value=-0.000795133 0.00230329 -0.00128576 -0.00449662 0.00964107
internal_weight=155.065 138.065 92.2783 62 45.7863
internal_count=144 127 90 62 37
is_linear=0
shrinkage=0.0168771


Tree=29
num_leaves=8
num_cat=0
split_feature=0 8 6 13 10 13 10
split_gain=34.4071 13.0498 4.37088 1.97588 1.4812 1.14112 0.13126
threshold=15.000000000000002 -0.21379055801246849 18.683571428571433 0.38995318850604721 0.4121428571428572 -0.071056031414747686 0.38642857142857145
decision_type=2 2 2 2 2 2 2
left_child=-1 4 5 -4 6 -3 -2
right_child=1 2 3 -5 -6 -7 -8
leaf_value=-0.02201001681940495 -0.0037263756659672844 0.0046531920294832401 0.013364833425413624 0.0035304207748751912 0.0015113516456182891 -0.0012800867971098748 0
leaf_weight=13.999999999999998 41 12.101679921150209 34.650221467018127 18.670069098472595 19 12.999999999999998 10.999999999999998
leaf_count=14 41 11 24 18 19 13 11
internal_value=0.000669047 0.00332158 0.0079936 0.0106814 -0.00164725 0.00096671 -0.00322855
internal_weight=163.422 149.422 78.422 53.3203 71 25.1017 52
internal_count=151 137 66 42 71 24 52
is_linear=0
shrinkage=0.0168771


Tree=30
num_leaves=7
num_cat=0
split_feature=0 1 5 1 5 1
split_gain=35.745 13.9998 4.054 3.28006 1.65334 0.598401
threshold=15.000000000000002 7.5489285714285721 17.354285714285719 -7.1026785714285703 18.634285714285721 1.0000000180025095e-35
decision_type=2 2 2 2 2 2
left_child=-1 2 5 -4 -3 -2
right_child=1 4 3 -5 -6 -7
leaf_value=-0.023064657165453657 0.002838308569074739 -0.005438291123091743 0 0.010904496874357902 0 -0.0018735067170776399
leaf_weight=13.999999999999998 12.616079688072206 32 11.999999999999998 53.431418657302856 33 9.9999999999999982
leaf_count=14 12 32 12 42 33 10
internal_value=0.000102103 0.00275646 0.00711979 0.00918481 -0.0028758 0
internal_weight=167.047 153.047 88.0475 65.4314 65 22.6161
internal_count=155 141 76 54 65 22
is_linear=0
shrinkage=0.0168771


Tree=31
num_leaves=8
num_cat=0
split_feature=3 1 5 1 0 13 5
split_gain=29.3343 8.08974 2.75451 1.41799 1.24593 0.678 0.567998
threshold=0.23928571428571432 7.5489285714285721 18.700000000000003 -6.4779166666666645 23.500000000000004 0.076842100983792697 18.634285714285721
decision_type=2 2 2 2 2 2 2
left_child=4 2 5 -4 -1 -2 -3
right_child=1 6 3 -5 -6 -7 -8
leaf_value=-0.020173501657361748 0.0041417916814850382 -0.0031872778744952441 0.0012607862517211763 0.011351488559271658 -0.005801935235446966 0 0
leaf_weight=13.000000000000002 13.06750547885895 22 11.22335636615753 36.125951647758484 11.999999999999998 14.999999999999998 25
leaf_count=13 12 22 11 27 12 15 25
internal_value=9.0359e-05 0.00371822 0.00709728 0.00961748 -0.0154044 0.00161737 -0.00135256
internal_weight=147.417 122.417 75.4168 47.3493 25 28.0675 47
internal_count=137 112 65 38 25 27 47
is_linear=0
shrinkage=0.0168771


Tree=32
num_leaves=6
num_cat=0
split_feature=0 6 8 13 5
split_gain=44.1316 12.6529 5.49285 1.68563 1.01295
threshold=15.000000000000002 19.912857142857145 0.039697660614148762 0.38995318850604721 18.634285714285721
decision_type=2 2 2 2 2
left_child=-1 2 4 -3 -2
right_child=1 3 -4 -5 -6
leaf_value=-0.023501830973765191 -0.004744077616241048 0.013345795474873252 0.0051282198590220261 0.0031730635651197226 0
leaf_weight=18 41 24.743664860725403 30.454796314239502 16.670069098472595 32
leaf_count=18 41 16 28 16 32
internal_value=-0.000451182 0.00266822 -0.000347369 0.0102346 -0.00303622
internal_weight=162.869 144.869 103.455 41.4137 73
internal_count=151 133 101 32 73
is_linear=0
shrinkage=0.0168771


Tree=33
num_leaves=6
num_cat=0
split_feature=3 8 13 6 4
split_gain=28.4754 15.4179 3.76825 1.83672 0.323013
threshold=0.23928571428571432 -0.21379055801246849 0.38995318850604721 17.175714285714289 18.816428571428574
decision_type=2 2 2 2 2
left_child=-1 3 -3 -2 -5
right_child=1 2 -4 4 -6
leaf_value=-0.014777661721088579 -0.0082537487719118313 0.011055231289163987 0.0018779005821511407 0.00026585109673314667 -0.0018016994782796775
leaf_weight=27 10.999999999999998 50.209924340248108 27.223356366157532 20 31
leaf_count=27 11 38 27 20 31
internal_value=5.64095e-05 0.00333015 0.00829292 -0.00261668 -0.000604547
internal_weight=166.433 139.433 77.4333 62 51
internal_count=154 127 65 62 51
is_linear=0
shrinkage=0.0168771


Tree=34
num_leaves=7
num_cat=0
split_feature=3 8 0 1 10 6
split_gain=38.7792 13.3055 3.53308 3.28704 1.17303 0.84493
threshold=0.24357142857142858 -0.21379055801246849 27.500000000000004 -7.1026785714285703 0.38642857142857145 18.777142857142859
decision_type=2 2 2 2 2 2
left_child=2 4 -1 -3 -2 -5
right_child=1 3 -4 5 -6 -7
leaf_value=-0.022491602174326469 -0.0046637253942321795 0 -0.0057641377698068571 0.003606221129784629 0 0.011918418240887567
leaf_weight=16.000000000000004 26 13.999999999999998 13.256840229034422 17.074959397315979 24 41.872595906257629
leaf_count=16 26 14 13 16 24 30
internal_value=-0.000149843 0.003936 -0.0168178 0.008472 -0.00236027 0.0101564
internal_weight=152.204 122.948 29.2568 72.9476 50 58.9476
internal_count=139 110 29 60 50 46
is_linear=0
shrinkage=0.0168771


Tree=35
num_leaves=6
num_cat=0
split_feature=3 8 0 10 10
split_gain=28.7163 11.2897 1.13283 1.06214 0.285292
threshold=0.23928571428571432 -0.21379055801246849 23.500000000000004 0.38928571428571429 0.39357142857142852
decision_type=2 2 2 2 2
left_child=2 3 -1 -2 -3
right_child=1 4 -4 -5 -6
leaf_value=-0.020956340710364708 -0.0040061759502268875 0.0091909976776609909 -0.0067179419465908828 0 0.0023117234123518514
leaf_weight=11.000000000000002 28 52.015055418014526 13.999999999999998 23 14.129787325859068
leaf_count=11 28 42 14 23 13
internal_value=0 0.00368224 -0.0153199 -0.00189509 0.00820567
internal_weight=142.145 117.145 25 51 66.1448
internal_count=131 106 25 51 55
is_linear=0
shrinkage=0.0168771


Tree=36
num_leaves=7
num_cat=0
split_feature=3 8 1 7 0 4
split_gain=29.6134 10.951 1.7568 0.46396 0.331482 0.186851
threshold=0.23214285714285718 -0.21379055801246849 -6.4779166666666645 17.238571428571429 27.500000000000004 18.700000000000003
decision_type=2 2 2 2 2 2
left_child=4 3 -3 -2 -1 -5
right_child=1 2 -4 5 -6 -7
leaf_value=-0.019913618593384627 -0.0043974745759680772 0.0016525417952852691 0.0096398036894989082 0.00055399167099739175 -0.0068168631790514536 -0.0012473702575142845
leaf_weight=12.000000000000002 10.999999999999998 19.223356366157532 54.246063828468323 15.999999999999998 12.999999999999998 28
leaf_count=12 11 19 42 16 13 28
internal_value=0.000306928 0.00379292 0.00798623 -0.00154146 -0.0153293 -0.000120756
internal_weight=153.469 128.469 73.4694 55 25 44
internal_count=141 116 61 55 25 44
is_linear=0
shrinkage=0.0168771


Tree=37
num_leaves=8
num_cat=0
split_feature=3 8 0 10 1 5 9
split_gain=26.1117 8.72379 2.81904 1.57685 1.23678 0.301302 0.216131
threshold=0.24357142857142858 -0.21379055801246849 23.500000000000004 0.4121428571428572 -6.4779166666666645 18.239285714285717 19.515000000000004
decision_type=2 2 2 2 2 2 2
left_child=2 3 -1 6 -3 -6 -2
right_child=1 4 -4 -5 5 -7 -8
leaf_value=-0.019481497513461784 -0.0038573434916542712 0.0014108178221853302 -0.0051566610846342309 0.0021837459745726331 0.0025597962605636805 0.010292721511185021 0
leaf_weight=14.000000000000002 31 17.446712732315063 16.256840229034424 17 13.067505478858946 34.86890184879303 9.9999999999999982
leaf_count=14 31 17 16 17 12 26 10
internal_value=-0.000134227 0.00322548 -0.0135901 -0.00120793 0.00737022 0.00889313 -0.00317633
internal_weight=153.64 123.383 30.2568 58 65.3831 47.9364 41
internal_count=143 113 30 58 55 38 41
is_linear=0
shrinkage=0.0168771


Tree=38
num_leaves=8
num_cat=0
split_feature=7 6 2 12 10 13 13
split_gain=27.6375 6.93689 4.17329 3.45859 2.35942 1.02447 0.789696
threshold=16.58071428571429 19.476428571428574 0.2592857142857144 0.088671874454511093 0.38642857142857145 0.75155748289774404 0.18759371839709335
decision_type=2 2 2 2 2 2 2
left_child=2 3 -1 4 -2 -5 -3
right_child=1 6 -4 5 -6 -7 -8
leaf_value=-0.020628647813923946 -0.0059882039651388292 0.0096209714562798219 -0.0032515210190431089 0.0062254796665554748 0.00010971130963189892 0 0.0029400734812839086
leaf_weight=16.000000000000004 30 27.863136529922485 10.999999999999998 17.066786050796512 25 12.999999999999998 25.670069098472595
leaf_count=16 30 20 11 15 25 13 25
internal_value=-0.000464724 0.00252353 -0.0153051 -0.000261851 -0.00296331 0.00382526 0.00713175
internal_weight=165.6 138.6 27 85.0668 55 30.0668 53.5332
internal_count=155 128 27 83 55 28 45
is_linear=0
shrinkage=0.0168771


Tree=39
num_leaves=6
num_cat=0
split_feature=0 1 13 10 4
split_gain=31.4619 12.0287 3.84952 1.89664 0.301942
threshold=15.000000000000002 6.6127380952380976 0.4715816266425365 0.38642857142857145 18.534285714285719
decision_type=2 2 2 2 2
left_child=-1 2 -2 -3 -4
right_child=1 3 4 -5 -6
leaf_value=-0.020446989935326284 0.0095697604896945853 -0.0051164798005578363 0 0 0.0022525909332606142
leaf_weight=17 46.83156418800354 40 9.9999999999999982 27 23.446712732315063
leaf_count=17 36 40 10 27 23
internal_value=-0.000412533 0.00210266 0.00649274 -0.00288819 0.00114605
internal_weight=164.278 147.278 80.2783 67 33.4467
internal_count=153 136 69 67 33
is_linear=0
shrinkage=0.0168771


Tree=40
num_leaves=8
num_cat=0
split_feature=0 1 5 1 13 13 9
split_gain=29.4015 10.4604 2.20643 2.1095 1.23081 0.409452 0.377359
threshold=15.000000000000002 4.7317261904761923 18.634285714285721 -7.1026785714285703 0.056076004200584291 0.70550270240426427 19.368571428571428
decision_type=2 2 2 2 2 2 2
left_child=-1 3 4 -2 -3 -5 -4
right_child=1 2 6 5 -6 -7 -8
leaf_value=-0.020556379021184901 0 -0.0070826900110076705 -0.00041983955043822915 0.0091342297753276274 0 0.0016314185416178096 0.00258103031877915
leaf_weight=15.999999999999998 12.999999999999998 25 21 41.356822967529297 13.999999999999998 11.999999999999998 12.866770982742308
leaf_count=16 13 25 21 32 14 12 12
internal_value=-0.000700711 0.00179818 -0.00236297 0.00659835 -0.00500448 0.00801714 0.000224948
internal_weight=155.224 139.224 72.8668 66.3568 39 53.3568 33.8668
internal_count=145 129 72 57 39 44 33
is_linear=0
shrinkage=0.0168771


Tree=41
num_leaves=7
num_cat=0
split_feature=0 1 1 10 5 4
split_gain=29.5262 9.14743 2.15948 1.99077 0.425136 0.31662
threshold=15.000000000000002 4.7317261904761923 -7.1026785714285703 0.29357142857142865 18.239285714285717 18.816428571428574
decision_type=2 2 2 2 2 2
left_child=-1 2 -2 -3 -4 -5
right_child=1 3 4 5 -6 -7
leaf_value=-0.020622427588749812 0 -0.005472960002287244 0.0021190889551965272 0.0021933112462405361 0.0090832409904123609 -0.00056222373573225131
leaf_weight=14.999999999999998 11.999999999999998 24 14.816079735755919 13.866770982742308 43.336992383003235 27
leaf_count=15 12 24 14 13 33 27
internal_value=-0.000106505 0.00239779 0.0065757 -0.00187831 0.00786187 0
internal_weight=150.02 135.02 70.1531 64.8668 58.1531 40.8668
internal_count=138 123 59 64 47 40
is_linear=0
shrinkage=0.0168771


Tree=42
num_leaves=7
num_cat=0
split_feature=7 9 8 3 13 9
split_gain=27.2472 7.49783 2.06407 1.86825 1.4672 0.965393
threshold=16.732142857142865 19.646428571428569 0.7758189321806036 0.26214285714285718 0.38995318850604721 16.552142857142858
decision_type=2 2 2 2 2 2
left_child=5 2 3 -2 -3 -1
right_child=1 4 -4 -5 -6 -7
leaf_value=-0.01825035417845243 -0.0065718370698168898 0.01077547259697678 0.0051082615658405743 0 0.0020338843283792302 -0.0052648881112983036
leaf_weight=16.000000000000004 11.999999999999998 29.75173282623291 15.32372725009918 55.846136093139648 17.223356366157532 11.999999999999998
leaf_count=16 12 21 13 55 17 12
internal_value=-2.61395e-05 0.00315283 0 -0.00125812 0.00832581 -0.0144314
internal_weight=158.145 130.145 83.1699 67.8461 46.9751 28
internal_count=146 118 80 67 38 28
is_linear=0
shrinkage=0.0168771


Tree=43
num_leaves=6
num_cat=0
split_feature=0 1 7 1 10
split_gain=28.9133 8.80808 3.14962 2.22359 1.36419
threshold=15.000000000000002 8.0667261904761904 17.372142857142858 -7.6906547619047627 0.38642857142857145
decision_type=2 2 2 2 2
left_child=-1 2 -2 -4 -3
right_child=1 4 3 -5 -6
leaf_value=-0.019761213395436621 -0.00041604232295551908 -0.0045808070919321582 0 0.0082372027278382071 0
leaf_weight=15.999999999999998 12.999999999999998 32 11.999999999999998 64.023022651672363 27
leaf_count=16 13 32 12 53 27
internal_value=0 0.00237209 0.00572574 0.00703657 -0.00235737
internal_weight=164.023 148.023 89.023 76.023 59
internal_count=153 137 78 65 59
is_linear=0
shrinkage=0.0168771


Tree=44
num_leaves=7
num_cat=0
split_feature=0 6 12 10 10 9
split_gain=20.6385 7.87485 2.80782 1.57458 0.699221 0.412014
threshold=15.000000000000002 20.13214285714286 1.0000000180025095e-35 0.38642857142857145 0.39357142857142852 17.177142857142858
decision_type=2 2 2 2 2 2
left_child=-1 2 3 -2 -3 -4
right_child=1 4 5 -5 -6 -7
leaf_value=-0.017950036828644021 -0.0046954323802293483 0.010682215076251549 0 0 0.0023075795668915469 0.0044539020898166654
leaf_weight=12.999999999999998 34 24.280970573425293 11.200000047683714 30 14.332345485687254 24.906775236129761
leaf_count=13 34 17 11 30 13 22
internal_value=0.000119623 0.00230583 -3.61412e-05 -0.00233669 0.00849372 0.00333707
internal_weight=151.72 138.72 100.107 64 38.6133 36.1068
internal_count=140 127 97 64 30 33
is_linear=0
shrinkage=0.0168771


Tree=45
num_leaves=7
num_cat=0
split_feature=7 9 1 10 10 0
split_gain=19.5348 7.52817 1.41111 1.8522 0.550556 0.508437
threshold=16.58071428571429 19.752142857142861 1.0000000180025095e-35 0.38214285714285717 0.39357142857142852 26.500000000000004
decision_type=2 2 2 2 2 2
left_child=5 2 -2 -4 -3 -1
right_child=1 4 3 -5 -6 -7
leaf_value=-0.017058912801372231 0.0036296654364227406 0.0099794119532553276 -0.0038880182857222315 0.0013350445811036364 0.0027133255409111301 -0.0048447573592153761
leaf_weight=11.000000000000002 19.838127017021179 32.183796882629395 35 28.846136093139648 17.329787373542786 11.999999999999998
leaf_count=11 18 24 35 28 16 12
internal_value=0.000459665 0.00314154 0 -0.00123714 0.0081561 -0.012813
internal_weight=156.198 133.198 83.6843 63.8461 49.5136 23
internal_count=144 121 81 63 40 23
is_linear=0
shrinkage=0.0168771


Tree=46
num_leaves=7
num_cat=0
split_feature=0 1 13 10 3 6
split_gain=22.1219 6.90252 2.19736 1.3892 0.747816 0.195697
threshold=15.000000000000002 7.5489285714285721 0.4715816266425365 0.38642857142857145 0.25642857142857151 18.35285714285715
decision_type=2 2 2 2 2 2
left_child=-1 2 4 -3 -2 -4
right_child=1 3 5 -5 -6 -7
leaf_value=-0.018476581679569826 0.0011202951079766082 -0.0043503888736036557 0 0 0.0089039133017035609 0.0017512030362472461
leaf_weight=14.999999999999998 13.056840419769285 38 12.999999999999998 33 30.41996443271637 22.223356366157532
leaf_count=15 12 38 13 33 23 22
internal_value=-0.00065761 0.00129974 0.00475493 -0.00226336 0.00726685 0.000748195
internal_weight=164.7 149.7 78.7002 71 43.4768 35.2234
internal_count=156 141 70 71 35 35
is_linear=0
shrinkage=0.0168771


Tree=47
num_leaves=6
num_cat=0
split_feature=2 8 5 13 5
split_gain=17.6825 4.53227 4.08785 1.80797 0.232975
threshold=0.26428571428571429 -0.21379055801246849 17.354285714285719 0.78727032463219804 18.682142857142864
decision_type=2 2 2 2 2
left_child=2 4 -1 -3 -2
right_child=1 3 -4 -5 -6
leaf_value=-0.014369380865120206 -0.0022901536835180313 0.0066310031468243026 -0.00073808850474717648 0 0
leaf_weight=25 23 49.852463006973267 13.233483791351317 11.999999999999998 27
leaf_count=25 23 42 13 12 27
internal_value=-0.00100777 0.00225541 -0.0105826 0.00527942 -0.00114653
internal_weight=150.086 111.852 38.2335 61.8525 50
internal_count=142 104 38 54 50
is_linear=0
shrinkage=0.0168771


Tree=48
num_leaves=7
num_cat=0
split_feature=0 1 1 3 4 10
split_gain=20.5834 8.27817 1.26978 1.11622 0.983293 0.350937
threshold=15.000000000000002 4.7317261904761923 -7.1026785714285703 0.4171428571428572 18.534285714285719 0.40357142857142864
decision_type=2 2 2 2 2 2
left_child=-1 2 -2 5 -4 -3
right_child=1 3 4 -5 -6 -7
leaf_value=-0.017694918315183734 0 -0.0039057494151139814 0.0007332821387874179 0.0012447923358389899 0.0086089566211404994 0
leaf_weight=13.999999999999998 12.999999999999998 41 13.016079783439634 11.866770982742308 41.381820917129517 9.9999999999999982
leaf_count=14 13 41 12 11 32 10
internal_value=-1.45474e-05 0.00206297 0.0061389 -0.00204432 0.00724879 -0.00325137
internal_weight=144.265 130.265 67.3979 62.8668 54.3979 51
internal_count=133 119 57 62 44 51
is_linear=0
shrinkage=0.0168771


Tree=49
num_leaves=6
num_cat=0
split_feature=11 8 2 13 5
split_gain=18.7919 6.19815 1.45424 0.759472 0.248441
threshold=16.887857142857147 -0.21379055801246849 0.26214285714285718 0.78727032463219804 18.634285714285721
decision_type=2 2 2 2 2
left_child=2 4 -1 -3 -2
right_child=1 3 -4 -5 -6
leaf_value=-0.01386161381486645 -0.0024867190911043503 0.0066758763492936503 -0.0019748070907424434 0 0
leaf_weight=23 24 56.613338351249695 9.9999999999999982 10.999999999999998 35
leaf_count=23 24 47 10 11 35
internal_value=-0.000427939 0.00243323 -0.0113364 0.00587785 -0.00124305
internal_weight=159.613 126.613 33 67.6133 59
internal_count=150 117 33 58 59
is_linear=0
shrinkage=0.0168771


Tree=50
num_leaves=6
num_cat=0
split_feature=11 1 9 13 10
split_gain=15.3511 7.02808 2.91502 2.62455 1.12873
threshold=17.250000000000004 8.0667261904761904 17.002857142857149 0.43848855600605779 0.4121428571428572
decision_type=2 2 2 2 2
left_child=2 3 -1 -2 -3
right_child=1 4 -4 -5 -6
leaf_value=-0.012156378510540753 0.0086206683637235753 -0.0032785096250060705 0 0.00084664504971433381 0.0012635344363630388
leaf_weight=24 48.937004566192627 34 11.216079592704771 26.223356366157532 15.999999999999998
leaf_count=24 37 34 11 26 16
internal_value=0.000172262 0.00309942 -0.00908482 0.00632832 -0.00141185
internal_weight=160.376 125.16 35.2161 75.1604 50
internal_count=148 113 35 63 50
is_linear=0
shrinkage=0.0168771


Tree=51
num_leaves=6
num_cat=0
split_feature=9 8 2 13 5
split_gain=16.9428 7.55487 3.61179 1.57583 0.417039
threshold=17.093571428571433 -0.21379055801246849 0.25428571428571428 0.38995318850604721 18.634285714285721
decision_type=2 2 2 2 2
left_child=2 4 -1 -3 -2
right_child=1 3 -4 -5 -6
leaf_value=-0.014621580464469118 -0.0029795435465540363 0.0086528962098914065 -0.0012815959296224948 0.0019571862925299925 0
leaf_weight=19 25 43.738294959068298 14.200000047683714 28.446712732315063 27
leaf_count=19 25 33 14 28 27
internal_value=0 0.00299676 -0.0101006 0.00649113 -0.00153285
internal_weight=157.385 124.185 33.2 72.185 52
internal_count=146 113 33 61 52
is_linear=0
shrinkage=0.0168771


Tree=52
num_leaves=7
num_cat=0
split_feature=9 9 0 1 13 6
split_gain=24.7241 5.93869 2.38983 1.43102 0.997449 0.344032
threshold=17.002857142857149 19.752142857142861 23.500000000000004 1.0000000180025095e-35 0.38995318850604721 19.104285714285719
decision_type=2 2 2 2 2 2
left_child=2 3 -1 -2 -3 -5
right_child=1 4 -4 5 -6 -7
leaf_value=-0.019004240375692906 0.0034313768738480645 0.0095717814279917685 -0.0043395826055348929 -0.0029489637882790447 0.0017596232874357548 0
leaf_weight=16.000000000000004 15.464847445487974 25.900579452514648 12.200000047683714 31 17.223356366157532 23
leaf_count=16 14 18 12 31 17 23
internal_value=-0.000933791 0.00251821 -0.0143813 -0.000281664 0.00724755 -0.00186019
internal_weight=140.789 112.589 28.2 69.4648 43.1239 54
internal_count=131 103 28 68 35 54
is_linear=0
shrinkage=0.0168771


Tree=53
num_leaves=5
num_cat=0
split_feature=0 1 13 10
split_gain=23.395 9.18842 2.09868 1.6361
threshold=15.000000000000002 7.5489285714285721 0.75155748289774404 0.38214285714285717
decision_type=2 2 2 2
left_child=-1 2 -2 -3
right_child=1 3 -4 -5
leaf_value=-0.017407106417212565 0.0075618379850722886 -0.0052081902336765891 0 0
leaf_weight=17 57.430575728416443 29 18 29
leaf_count=17 45 29 18 29
internal_value=-0.000195141 0.0021586 0.00603438 -0.00256148
internal_weight=150.431 133.431 75.4306 58
internal_count=138 121 63 58
is_linear=0
shrinkage=0.0168771


Tree=54
num_leaves=6
num_cat=0
split_feature=9 8 0 1 10
split_gain=18.9958 7.24191 3.14249 0.994861 0.80024
threshold=17.093571428571433 -0.21379055801246849 23.500000000000004 -6.7692857142857141 0.38642857142857145
decision_type=2 2 2 2 2
left_child=2 4 -1 -3 -2
right_child=1 3 -4 -5 -6
leaf_value=-0.017281411432304879 -0.0032722883139744276 0.00092387025085186307 -0.0033615522604777339 0.0077795128896704481 0.00019395797504720622
leaf_weight=13.000000000000002 26 16.446712732315063 16.200000047683716 56.386424779891968 25
leaf_count=13 26 16 16 45 25
internal_value=0.000181575 0.00325399 -0.0112628 0.00662249 -0.00123871
internal_weight=153.033 123.833 29.2 72.8331 51
internal_count=141 112 29 61 51
is_linear=0
shrinkage=0.0168771


Tree=55
num_leaves=7
num_cat=0
split_feature=2 8 0 6 5 5
split_gain=17.2127 4.94019 4.33255 1.07337 0.214252 0.130719
threshold=0.26428571428571429 -0.21379055801246849 19.500000000000004 18.445714285714292 20.270000000000003 18.634285714285721
decision_type=2 2 2 2 2 2
left_child=2 5 -1 -3 -5 -2
right_child=1 3 -4 4 -6 -7
leaf_value=-0.01667821445745684 -0.0014304613213112509 0.00055105239782660392 -0.002708661582769235 0.008863724025367432 0.0027299754051760498 0
leaf_weight=14.999999999999998 23 17.616079688072205 19.233483791351318 29.892334461212158 19.315076231956482 34
leaf_count=15 23 17 19 22 17 34
internal_value=-2.68842e-05 0.00279671 -0.0102615 0.00584514 0.00717349 -0.000513419
internal_weight=158.057 123.823 34.2335 66.8235 49.2074 57
internal_count=147 113 34 56 39 57
is_linear=0
shrinkage=0.0168771


Tree=56
num_leaves=6
num_cat=0
split_feature=3 1 2 13 10
split_gain=14.6235 4.80691 2.00064 1.57584 0.389983
threshold=0.24785714285714289 7.5489285714285721 0.26214285714285718 0.38995318850604721 0.4171428571428572
decision_type=2 2 2 2 2
left_child=2 3 -1 -2 -3
right_child=1 4 -4 -5 -6
leaf_value=-0.011966213571023544 0.0083298000356359595 -0.0017078584086019448 -0.00060365505725102069 0.0015364837998174488 0.001015612807069841
leaf_weight=21 41.264937996864319 32 11.256840229034422 26.446712732315063 13.999999999999998
leaf_count=21 30 32 11 26 14
internal_value=0.000359536 0.0033705 -0.00901699 0.00616681 -0.000409536
internal_weight=145.968 113.712 32.2568 67.7117 46
internal_count=134 102 32 56 46
is_linear=0
shrinkage=0.0168771


Tree=57
num_leaves=7
num_cat=0
split_feature=11 0 1 13 10 2
split_gain=12.9412 5.86007 5.35237 4.01128 0.77322 0.172961
threshold=16.887857142857147 19.500000000000004 8.0667261904761904 0.43848855600605779 0.38642857142857145 0.35285714285714292
decision_type=2 2 2 2 2 2
left_child=1 -1 3 -2 -4 -5
right_child=2 -3 4 5 -6 -7
leaf_value=-0.016582343905148605 0.0082565446006522148 0 -0.0033911241756949032 -0.001089314856269317 6.472830581755377e-05 0.0012320054964674975
leaf_weight=13.000000000000002 49.756476283073425 13.216079592704771 23 10.000000000000002 26 19.446712732315063
leaf_count=13 37 13 23 10 26 19
internal_value=0.000375782 -0.00963974 0.00276358 0.00545999 -0.0012249 0
internal_weight=154.419 26.2161 128.203 79.2032 49 29.4467
internal_count=141 26 115 66 49 29
is_linear=0
shrinkage=0.0168771


Tree=58
num_leaves=7
num_cat=0
split_feature=0 9 1 10 1 11
split_gain=22.1285 6.60651 2.19973 1.5598 1.47054 0.198726
threshold=15.000000000000002 19.646428571428569 2.7565476190476197 0.40357142857142864 -7.1026785714285703 18.377142857142868
decision_type=2 2 2 2 2 2
left_child=-1 2 5 -4 -3 -2
right_child=1 4 3 -5 -6 -7
leaf_value=-0.017213006513124025 0.0036851709284847337 0 -0.0040766842952841328 0.00044117474209127457 0.0080293277998821182 0
leaf_weight=18 16.097006678581241 10.999999999999998 55 21 34.899149537086487 11.600000143051146
leaf_count=18 14 11 55 21 27 11
internal_value=-0.00086932 0.00124161 -0.000958228 -0.00257406 0.00643127 0.00256616
internal_weight=167.596 149.596 103.697 76 45.8991 27.697
internal_count=157 139 101 76 38 25
is_linear=0
shrinkage=0.0168771


Tree=59
num_leaves=7
num_cat=0
split_feature=0 9 12 10 13 13
split_gain=17.9146 5.57265 1.50857 1.39321 0.289038 0.167099
threshold=15.000000000000002 19.646428571428569 0.23086695599236665 0.38642857142857145 0.38995318850604721 0.78727032463219804
decision_type=2 2 2 2 2 2
left_child=-1 2 3 -2 -3 -4
right_child=1 4 5 -5 -6 -7
leaf_value=-0.015618622633651014 -0.0038709062488011896 0.008105775624975442 0.0031052341903693064 0.00037974153907542114 0.0021071771313381253 0
leaf_weight=15.999999999999998 40 28.345946311950684 21.497006773948673 27 18.670069098472595 9.9999999999999982
leaf_count=16 40 21 19 27 18 10
internal_value=-2.2276e-05 0.00181463 -0.00029123 -0.00189289 0.00643478 0.00233608
internal_weight=161.513 145.513 98.497 67 47.016 31.497
internal_count=151 135 96 67 39 29
is_linear=0
shrinkage=0.0168771


Tree=60
num_leaves=6
num_cat=0
split_feature=0 1 3 1 4
split_gain=17.9312 6.63968 1.85052 1.34216 0.47055
threshold=15.000000000000002 4.7317261904761923 0.27714285714285719 -7.1026785714285703 18.816428571428574
decision_type=2 2 2 2 2
left_child=-1 3 -3 -2 -4
right_child=1 2 4 -5 -6
leaf_value=-0.015769078305995381 0 -0.0055809473931318129 0.0023501524298505296 0.006802620954499735 -0.00074260577106514687
leaf_weight=14.999999999999998 11.999999999999998 18 17.86677098274231 57.634095668792725 32
leaf_count=15 12 18 17 46 32
internal_value=0 0.00215608 -0.00132538 0.00577511 9.35086e-06
internal_weight=152.501 137.501 67.8668 69.6341 49.8668
internal_count=140 125 67 58 49
is_linear=0
shrinkage=0.0168771


Tree=61
num_leaves=6
num_cat=0
split_feature=2 1 13 0 14
split_gain=15.0299 6.83391 1.48023 0.361546 0.300972
threshold=0.25428571428571428 7.5489285714285721 0.4715816266425365 15.000000000000002 19.129285714285714
decision_type=2 2 2 2 2
left_child=3 2 -2 -1 -3
right_child=1 4 -4 -5 -6
leaf_value=-0.014811177612964977 0.0076294406157095063 -0.0023078141462548486 0.00088934222492115375 -0.0034805031911151704 0
leaf_weight=13.000000000000002 47.530709385871887 41 22.446712732315063 9.9999999999999982 18
leaf_count=13 36 41 22 10 18
internal_value=0 0.0023629 0.00589698 -0.0116954 -0.00154693
internal_weight=151.977 128.977 69.9774 23 59
internal_count=140 117 58 23 59
is_linear=0
shrinkage=0.0168771


Tree=62
num_leaves=8
num_cat=0
split_feature=0 1 5 10 10 10 5
split_gain=16.6328 5.44955 1.50181 1.42826 1.12171 0.350145 0.129511
threshold=15.000000000000002 7.5489285714285721 18.871428571428574 0.38642857142857145 0.39357142857142852 0.24928571428571433 18.634285714285721
decision_type=2 2 2 2 2 2 2
left_child=-1 2 5 6 -4 -2 -3
right_child=1 3 4 -5 -6 -7 -8
leaf_value=-0.015527689921484178 -0.00080320891176109189 -0.0050761787502688546 0.0078364851729836923 0.00020878483500721032 0 0.0020990576274780622 -0.00019146715663337786
leaf_weight=15.999999999999998 10.000000000000002 25 33.633611917495728 28 12.067773342132567 19.110305547714233 12.999999999999998
leaf_count=16 10 25 25 28 11 18 13
internal_value=-0.000564854 0.00125977 0.00439712 -0.00200672 0.00629244 0.000419682 -0.00408571
internal_weight=156.812 140.812 74.8117 66 45.7014 29.1103 38
internal_count=146 130 64 66 36 28 38
is_linear=0
shrinkage=0.0168771


Tree=63
num_leaves=7
num_cat=0
split_feature=7 9 12 10 13 5
split_gain=9.53094 3.57758 1.84274 1.23144 0.688799 0.256095
threshold=16.58071428571429 19.752142857142861 0.088671874454511093 0.38214285714285717 0.38995318850604721 19.953571428571426
decision_type=2 2 2 2 2 2
left_child=-1 2 3 -2 -4 -3
right_child=1 5 4 -5 -6 -7
leaf_value=-0.0090082131605739805 -0.0044331237549844974 0.0076313714857004378 0.004625316376953713 0 0 0.0016736483618067363
leaf_weight=24 25 23.985202789306641 21.543142914772034 30 15.999999999999998 17.147384524345398
leaf_count=24 25 18 18 30 16 16
internal_value=2.73643e-05 0.00197134 0 -0.00184825 0.00284317 0.00593177
internal_weight=157.676 133.676 92.5431 55 37.5431 41.1326
internal_count=147 123 89 55 34 34
is_linear=0
shrinkage=0.0168771


Tree=64
num_leaves=7
num_cat=0
split_feature=11 8 3 1 7 9
split_gain=14.6095 6.72845 2.74891 0.546313 0.251437 0.211069
threshold=16.887857142857147 -0.21379055801246849 0.24357142857142858 -6.7692857142857141 17.969285714285714 19.236428571428572
decision_type=2 2 2 2 2 2
left_child=2 4 -1 -3 -2 -6
right_child=1 3 -4 -5 5 -7
leaf_value=-0.013404708949380643 0 0.00090456963168305279 -0.00076226435383749448 0.0071525617228813372 -0.0027620195632688548 0
leaf_weight=19.000000000000004 19 14.670069098472593 11.999999999999998 55.085002899169922 26 10.999999999999998
leaf_count=19 19 14 12 43 26 11
internal_value=5.28554e-05 0.00278547 -0.00965798 0.00623604 -0.00122801 -0.00200503
internal_weight=156.755 125.755 31 69.7551 56 37
internal_count=144 113 31 57 56 37
is_linear=0
shrinkage=0.0168771


Tree=65
num_leaves=7
num_cat=0
split_feature=3 8 5 3 6 4
split_gain=11.5553 5.1626 0.869861 0.469749 0.440549 0.241704
threshold=0.23928571428571432 -0.21379055801246849 17.317142857142859 0.42571428571428577 18.777142857142859 18.816428571428574
decision_type=2 2 2 2 2 2
left_child=-1 2 -2 4 -3 -4
right_child=1 3 5 -5 -6 -7
leaf_value=-0.0096563082351707897 -0.0048205032056856971 0.001787506940807282 0.001446739122455453 0 0.0067585406159854948 -0.00086968034482131761
leaf_weight=24 10.999999999999998 24.517759561538696 17 10.22335636615753 48.99025285243988 33
leaf_count=24 11 23 17 10 38 33
internal_value=0.000362943 0.00233405 -0.00108737 0.00503808 0.00552527 0
internal_weight=168.731 144.731 61 83.7314 73.508 50
internal_count=156 132 61 71 61 50
is_linear=0
shrinkage=0.0168771


Tree=66
num_leaves=6
num_cat=0
split_feature=7 9 12 13 5
split_gain=15.8929 4.95103 1.3112 0.734816 0.713017
threshold=16.58071428571429 19.646428571428569 0.088671874454511093 0.38995318850604721 18.487857142857148
decision_type=2 2 2 2 2
left_child=-1 2 4 -3 -2
right_child=1 3 -4 -5 -6
leaf_value=-0.0117809177050205 -0.0040411889857553422 0.0080621708243771868 0.0022902789097807136 0.0016797662174629932 0
leaf_weight=25 22 30.997366428375244 29.721095681190491 20.670069098472595 33
leaf_count=25 22 22 27 20 33
internal_value=-2.98073e-05 0.00216467 -0.000130958 0.0061456 -0.00187586
internal_weight=161.389 136.389 84.7211 51.6674 55
internal_count=149 124 82 42 55
is_linear=0
shrinkage=0.0168771


Tree=67
num_leaves=7
num_cat=0
split_feature=2 0 8 13 10 1
split_gain=11.5503 5.31519 3.77107 1.91765 0.617553 0.467791
threshold=0.26785714285714296 19.500000000000004 -0.21379055801246849 0.76045325449616696 0.4121428571428572 8.7544642857142883
decision_type=2 2 2 2 2 2
left_child=1 -1 4 -4 -2 -3
right_child=2 5 3 -5 -6 -7
leaf_value=-0.014508722592774607 -0.0017218042626986547 0 0.0066671463713241751 0 0.0017067239681360796 -0.0033536487435934207
leaf_weight=14.999999999999998 38 13.23348379135132 55.717447996139526 18 17 12.999999999999998
leaf_count=15 38 13 43 18 17 13
internal_value=0.000113329 -0.00722237 0.00274145 0.00518479 -0.000242425 -0.00125279
internal_weight=169.951 41.2335 128.717 73.7174 55 26.2335
internal_count=157 41 116 61 55 26
is_linear=0
shrinkage=0.0168771


Tree=68
num_leaves=7
num_cat=0
split_feature=0 8 5 10 10 0
split_gain=19.9593 5.24996 2.20593 1.21608 0.731493 0.395081
threshold=15.000000000000002 -0.21379055801246849 17.372142857142858 0.39357142857142852 0.4121428571428572 37.500000000000007
decision_type=2 2 2 2 2 2
left_child=-1 4 -3 -4 5 -2
right_child=1 2 3 -5 -6 -7
leaf_value=-0.015082607965726124 0 0 0.0079215507373483797 0.00033959677802874414 0.0014156346420109809 -0.0027444806227220173
leaf_weight=18 9.9999999999999982 16.400000095367432 50.750717282295227 14.329787373542784 18 39
leaf_count=18 10 16 38 13 18 39
internal_value=0.000227914 0.0024867 0.00532695 0.00666794 -0.000724833 -0.00197829
internal_weight=166.481 148.481 81.4805 65.0805 67 49
internal_count=152 134 67 51 67 49
is_linear=0
shrinkage=0.0168771


Tree=69
num_leaves=6
num_cat=0
split_feature=11 8 0 5 12
split_gain=12.8028 4.50535 3.34145 0.431163 0.381367
threshold=17.250000000000004 -0.21379055801246849 19.500000000000004 16.622857142857146 0.31254311650991445
decision_type=2 2 2 2 2
left_child=2 -2 -1 -4 -3
right_child=1 4 3 -5 -6
leaf_value=-0.014823739724707815 -0.00063924402350160894 0.0079873218916619755 -0.0044398171146184419 0 0.0030532647477517104
leaf_weight=12.999999999999998 50 27.149296164512634 11.000000000000002 10.999999999999998 40.222147822380066
leaf_count=13 50 19 11 11 36
internal_value=0 0.00281008 -0.00843384 -0.00246572 0.00560932
internal_weight=152.371 117.371 35 22 67.3714
internal_count=140 105 35 22 55
is_linear=0
shrinkage=0.0168771


Tree=70
num_leaves=6
num_cat=0
split_feature=2 5 11 1 1
split_gain=13.7276 3.61099 2.85242 0.49053 0.127193
threshold=0.26428571428571429 17.354285714285719 20.279285714285717 7.5489285714285721 -5.1229166666666668
decision_type=2 2 2 2 2
left_child=1 -1 3 4 -2
right_child=2 -3 -4 -5 -6
leaf_value=-0.010989363626736814 0 0 0.0075859035725421263 0 0.0030133317497703866
leaf_weight=30 13.446712732315062 12.433483839035032 26.39505136013031 47 26.37151038646698
leaf_count=30 13 12 19 47 23
internal_value=-5.36333e-05 -0.00806062 0.00288141 0.00100134 0.00231843
internal_weight=155.647 42.4335 113.213 86.8182 39.8182
internal_count=144 42 102 83 36
is_linear=0
shrinkage=0.0168771


Tree=71
num_leaves=7
num_cat=0
split_feature=0 6 12 10 2 10
split_gain=13.2609 3.85898 1.45467 0.865049 0.308498 0.177573
threshold=15.000000000000002 19.912857142857145 0.23086695599236665 0.38928571428571429 0.40000000000000008 0.39357142857142852
decision_type=2 2 2 2 2 2
left_child=-1 2 3 -2 -4 -3
right_child=1 5 4 -5 -6 -7
leaf_value=-0.013585248592886442 -0.0029441681342422055 0.0074619035106283493 0.003495897804190923 0.00040012036607863129 0 0.0016482760905331178
leaf_weight=14.999999999999998 43 25.252331376075745 25.448072910308838 22 10.22335636615753 16.332345485687256
leaf_count=15 43 18 22 22 10 15
internal_value=0 0.00180099 0 -0.00151357 0.00258959 0.00593991
internal_weight=157.256 142.256 100.671 65 35.6714 41.5847
internal_count=145 130 97 65 32 33
is_linear=0
shrinkage=0.0168771


Tree=72
num_leaves=6
num_cat=0
split_feature=3 1 0 13 0
split_gain=15.3064 3.05114 2.00451 1.31797 0.141233
threshold=0.24357142857142858 7.5489285714285721 23.500000000000004 0.75155748289774404 57.000000000000007
decision_type=2 2 2 2 2
left_child=2 3 -1 -2 -3
right_child=1 4 -4 -5 -6
leaf_value=-0.014272027371793764 0.0055319119817759856 0 -0.0032117471036595155 0 -0.0015856469185631899
leaf_weight=18 54.00304651260376 19 17.256840229034424 19 28
leaf_count=18 44 19 17 19 28
internal_value=-0.000675752 0.0020859 -0.0101044 0.00424245 -0.000866761
internal_weight=155.26 120.003 35.2568 73.003 47
internal_count=145 110 35 63 47
is_linear=0
shrinkage=0.0168771


Tree=73
num_leaves=6
num_cat=0
split_feature=0 9 7 10 0
split_gain=11.6196 4.98309 1.40904 0.344543 0.276809
threshold=15.000000000000002 19.646428571428569 16.58071428571429 0.3342857142857143 70.500000000000014
decision_type=2 2 2 2 2
left_child=-1 2 -2 -3 -4
right_child=1 3 4 -5 -6
leaf_value=-0.012694681983622742 -0.0053143243084168091 0.0088637520096290622 0.0012016087484129109 0.0031729789484806568 -0.00061445188027933588
leaf_weight=13.999999999999998 10.999999999999998 19.388599872589111 54.305016040802002 33.273173809051514 21
leaf_count=14 11 12 52 30 21
internal_value=0.000355932 0.00206248 -0.000222888 0.00602652 0.00040454
internal_weight=152.967 138.967 86.305 52.6618 75.305
internal_count=140 126 84 42 73
is_linear=0
shrinkage=0.0168771


Tree=74
num_leaves=6
num_cat=0
split_feature=2 12 8 1 10
split_gain=13.0392 2.92432 2.64469 0.743522 0.425952
threshold=0.26428571428571429 0.088671874454511093 -0.21379055801246849 -6.4779166666666645 0.4121428571428572
decision_type=2 2 2 2 2
left_child=1 -1 4 -4 -2
right_child=2 -3 3 -5 -6
leaf_value=-0.011018404964893036 -0.0013535010701010803 0 0.00031492846094783932 0.0057415236133530351 0.0016139590702225854
leaf_weight=29 38 11.200000047683714 19.670069098472595 47.13400137424469 14.999999999999998
leaf_count=29 38 11 19 37 15
internal_value=-0.000302558 -0.00839929 0.00236657 0.00454521 -7.23646e-05
internal_weight=160.004 40.2 119.804 66.8041 53
internal_count=149 40 109 56 53
is_linear=0
shrinkage=0.0168771


Tree=75
num_leaves=7
num_cat=0
split_feature=0 1 13 5 3 1
split_gain=14.3818 4.87849 1.70161 0.765991 0.416007 0.120261
threshold=15.000000000000002 7.5489285714285721 0.4715816266425365 18.487857142857148 0.25642857142857151 -7.1026785714285703
decision_type=2 2 2 2 2 2
left_child=-1 2 4 -3 -2 -4
right_child=1 3 5 -5 -6 -7
leaf_value=-0.013676203464213395 0.0011358007675816672 -0.003687275767691438 0 0 0.0075289133654664036 0.0012959330927063387
leaf_weight=17 14.313680648803709 27 10.999999999999998 34 34.984198570251465 21.670069098472595
leaf_count=17 13 27 11 34 25 21
internal_value=-0.000101721 0.00159972 0.00430669 -0.00171751 0.00626906 0.000444599
internal_weight=159.968 142.968 81.9679 61 49.2979 32.6701
internal_count=148 131 70 61 38 32
is_linear=0
shrinkage=0.0168771


Tree=76
num_leaves=6
num_cat=0
split_feature=3 12 13 5 5
split_gain=11.0496 2.83695 0.923715 0.277138 0.227973
threshold=0.23928571428571432 -0.34870079585484087 0.82750225007779676 17.354285714285719 18.634285714285721
decision_type=2 2 2 2 2
left_child=-1 4 3 -3 -2
right_child=1 2 -4 -5 -6
leaf_value=-0.0097054937932642294 -0.0024293567544375022 0 0 0.0047300481524662529 0
leaf_weight=28 23 12.416079640388487 10.999999999999998 56.924712061882019 31
leaf_count=28 23 12 11 48 31
internal_value=-0.000500702 0.00141984 0.0034601 0.00417568 -0.00124351
internal_weight=162.341 134.341 80.3408 69.3408 54
internal_count=153 125 71 60 54
is_linear=0
shrinkage=0.0168771


Tree=77
num_leaves=6
num_cat=0
split_feature=0 9 12 10 10
split_gain=11.8218 3.47904 1.04069 1.21299 0.484912
threshold=15.000000000000002 19.752142857142861 0.23086695599236665 0.38214285714285717 0.39357142857142852
decision_type=2 2 2 2 2
left_child=-1 2 3 -2 -3
right_child=1 4 -4 -5 -6
leaf_value=-0.013332807664048971 -0.003820856672385345 0.0061858883064249753 0.0016901174379157697 1.783904069183316e-05 0.00036111974101480482
leaf_weight=14.999999999999998 36 31.086440563201904 30.480927228927612 32 15.12402820587158
leaf_count=15 36 24 28 32 14
internal_value=-0.000285225 0.00115209 -0.000461417 -0.0017718 0.00487041
internal_weight=159.691 144.691 98.4809 68 46.2105
internal_count=149 134 96 68 38
is_linear=0
shrinkage=0.0168771


Tree=78
num_leaves=6
num_cat=0
split_feature=2 9 6 13 8
split_gain=13.2732 3.32265 2.40975 0.953805 0.266516
threshold=0.26428571428571429 17.002857142857149 19.912857142857145 0.38995318850604721 0.65703596910905293
decision_type=2 2 2 2 2
left_child=1 -1 4 -4 -2
right_child=2 -3 3 -5 -6
leaf_value=-0.012880617764585239 0 -0.00098699037857505204 0.0071283353153669855 0.00031941298407520277 0.0018809374241687336
leaf_weight=21 65.223356366157532 16.233483791351318 30.289452433586121 16.446712732315063 21.406581878662109
leaf_count=21 65 16 21 16 19
internal_value=-5.24547e-05 -0.0087016 0.0023322 0.00534317 0.000336397
internal_weight=170.6 37.2335 133.366 46.7362 86.6299
internal_count=158 37 121 37 84
is_linear=0
shrinkage=0.0168771


Tree=79
num_leaves=7
num_cat=0
split_feature=0 1 5 5 13 13
split_gain=11.6368 4.46624 1.16193 0.536812 0.29432 0.126582
threshold=15.000000000000002 7.5489285714285721 18.700000000000003 18.487857142857148 0.035730924075443829 0.38995318850604721
decision_type=2 2 2 2 2 2
left_child=-1 2 -2 4 -3 -4
right_child=1 3 5 -5 -6 -7
leaf_value=-0.012907311011627304 0.00020071583952515726 -0.0045329220570930464 0.0066493441780413158 0 0 0.0014289800319927967
leaf_weight=15.999999999999998 27.858879804611206 20.000000000000004 32.107572674751282 34 10.999999999999998 16.670069098472595
leaf_count=16 27 20 23 34 11 16
internal_value=-0.00036346 0.00113016 0.00392043 -0.0018566 -0.00337803 0.00548011
internal_weight=157.637 141.637 76.6365 65 31 48.7776
internal_count=147 131 66 65 31 39
is_linear=0
shrinkage=0.0168771


Tree=80
num_leaves=5
num_cat=0
split_feature=11 0 8 1
split_gain=8.22657 4.20271 3.02927 0.845042
threshold=16.887857142857147 19.500000000000004 -0.21379055801246849 -7.1026785714285703
decision_type=2 2 2 2
left_child=1 -1 -2 -4
right_child=2 -3 3 -5
leaf_value=-0.013104190535101458 -0.00030869035373475527 0 0 0.0054371584777700779
leaf_weight=14.000000000000002 56 14.999999999999998 11.999999999999998 55.915578126907349
leaf_count=14 56 15 12 45
internal_value=0.000188183 -0.00731451 0.00224854 0.00459956
internal_weight=152.916 29 123.916 67.9156
internal_count=142 29 113 57
is_linear=0
shrinkage=0.0168771


Tree=81
num_leaves=3
num_cat=0
split_feature=3 8
split_gain=12.4481 2.91818
threshold=0.23928571428571432 -0.21379055801246849
decision_type=2 2
left_child=-1 -2
right_child=1 -3
leaf_value=-0.0096363691557027672 -0.00024269907023462072 0.0045585124761020291
leaf_weight=29 59 64.974996328353882
leaf_count=29 59 55
internal_value=-8.3986e-05 0.00214384
internal_weight=152.975 123.975
internal_count=143 114
is_linear=0
shrinkage=0.0168771


Tree=82
num_leaves=7
num_cat=0
split_feature=3 8 14 1 14 6
split_gain=7.72809 1.82589 1.29265 0.805677 0.453185 0.183567
threshold=0.24357142857142858 -0.21379055801246849 16.630714285714287 -7.6906547619047627 19.104285714285719 17.175714285714289
decision_type=2 2 2 2 2 2
left_child=2 5 -1 -3 -5 -2
right_child=1 3 -4 4 -6 -7
leaf_value=-0.011236423051722374 -0.0021550824105574084 0 -0.0017048241414414718 0 0.0053540467443410362 0
leaf_weight=15.000000000000002 9.9999999999999982 10.999999999999998 15.513680458068846 15.016079783439634 36.891167044639587 48
leaf_count=15 10 11 15 14 29 48
internal_value=-0.000322891 0.00147697 -0.00763222 0.00344791 0.00429645 -0.000355398
internal_weight=151.421 120.907 30.5137 62.9072 51.9072 58
internal_count=142 112 30 54 43 58
is_linear=0
shrinkage=0.0168771


Tree=83
num_leaves=5
num_cat=0
split_feature=0 1 10 13
split_gain=10.6465 3.23048 0.985943 0.590293
threshold=15.000000000000002 7.5489285714285721 0.38214285714285717 0.4715816266425365
decision_type=2 2 2 2
left_child=-1 3 -3 -2
right_child=1 2 -4 -5
leaf_value=-0.0121795618297401 0.0048707879553811957 -0.0032110315896723214 0.00037934691761206226 0.00058299155574353338
leaf_weight=15.999999999999998 47.837169647216797 34 30 28.446712732315063
leaf_count=16 38 34 30 28
internal_value=-0.000163944 0.00126995 -0.0012498 0.00363521
internal_weight=156.284 140.284 64 76.2839
internal_count=146 130 64 66
is_linear=0
shrinkage=0.0168771


Tree=84
num_leaves=6
num_cat=0
split_feature=0 11 13 12 5
split_gain=10.3978 2.83838 1.21397 0.993159 0.776155
threshold=15.000000000000002 20.009285714285713 0.38995318850604721 0.23086695599236665 18.487857142857148
decision_type=2 2 2 2 2
left_child=-1 3 -3 4 -2
right_child=1 2 -4 -5 -6
leaf_value=-0.011730372361963178 -0.0026914539723601016 0.0077010781900631754 0 0.0022917082995068854 0.00029951578226503761
leaf_weight=15.999999999999998 38 22.600781321525574 15.446712732315062 35.981916308403015 33.885370492935181
leaf_count=16 38 15 15 33 33
internal_value=0 0.00155306 0.00533861 0 -0.00102513
internal_weight=161.915 145.915 38.0475 107.867 71.8854
internal_count=150 134 30 104 71
is_linear=0
shrinkage=0.0168771


Tree=85
num_leaves=6
num_cat=0
split_feature=7 6 8 10 10
split_gain=7.48292 3.17958 1.70808 0.706417 0.395328
threshold=16.58071428571429 19.912857142857145 0.65703596910905293 0.4121428571428572 0.39357142857142852
decision_type=2 2 2 2 2
left_child=-1 2 3 -2 -3
right_child=1 4 -4 -5 -6
leaf_value=-0.0082924199291790242 -0.0020060320660954998 0.0071613682457236172 0.0037493678742849886 0.0013474762535492704 0.001247648120948992
leaf_weight=21 63 26.13642418384552 24.954299330711365 13.999999999999998 17.391801357269287
leaf_count=21 63 18 21 14 16
internal_value=0.000310188 0.0018415 0 -0.00108887 0.00550782
internal_weight=166.483 145.483 101.954 77 43.5282
internal_count=153 132 98 77 34
is_linear=0
shrinkage=0.0168771


Tree=86
num_leaves=6
num_cat=0
split_feature=0 6 8 13 10
split_gain=11.1327 2.98772 1.58316 0.668465 0.640544
threshold=15.000000000000002 19.912857142857145 0.65703596910905293 0.056076004200584291 0.39357142857142852
decision_type=2 2 2 2 2
left_child=-1 2 3 -2 -3
right_child=1 4 -4 -5 -6
leaf_value=-0.011735702600472266 -0.0027851788817015487 0.0072507982371908921 0.0033033914801685526 0 0.00079297153801601895
leaf_weight=18 41.223356366157532 22.079040050506592 24.48155665397644 32 17.12978732585907
leaf_count=18 41 15 21 32 16
internal_value=-0.000130299 0.00144796 0 -0.00141286 0.00521176
internal_weight=154.914 136.914 97.7049 73.2234 39.2088
internal_count=143 125 94 73 31
is_linear=0
shrinkage=0.0168771


Tree=87
num_leaves=5
num_cat=0
split_feature=3 1 13 5
split_gain=6.88866 1.60988 1.07105 0.614225
threshold=0.23928571428571432 7.5489285714285721 0.4715816266425365 20.349285714285713
decision_type=2 2 2 2
left_child=-1 2 3 -2
right_child=1 -3 -4 -5
leaf_value=-0.0073961207734860356 0.0061378583391780697 -0.000230992323404643 0 0
leaf_weight=26 32.025237917900085 48 28.446712732315063 11.685370683670042
leaf_count=26 24 48 28 10
internal_value=0 0.00175817 0.00333761 0.00494764
internal_weight=146.157 120.157 72.1573 43.7106
internal_count=136 110 62 34
is_linear=0
shrinkage=0.0168771


Tree=88
num_leaves=7
num_cat=0
split_feature=2 9 5 10 11 4
split_gain=6.75965 2.04438 1.37876 0.605241 0.378632 0.196168
threshold=0.26428571428571429 19.646428571428569 17.354285714285719 0.32071428571428579 19.232857142857146 17.624285714285715
decision_type=2 2 2 2 2 2
left_child=2 4 -1 -3 5 -2
right_child=1 3 -4 -5 -6 -7
leaf_value=-0.0085392609426001801 0 0.0075231606131784803 0 0.001801145748617694 -0.0016770335323517402 0.0014767938680558348
leaf_weight=24 14.216079592704771 14.524378657341002 11.433483839035032 35.239690065383911 25.400000095367432 35.642800211906433
leaf_count=24 14 9 11 32 25 35
internal_value=-5.81628e-05 0.00166831 -0.00639822 0.00422062 0 0.000731193
internal_weight=160.456 125.023 35.4335 49.7641 75.2589 49.8589
internal_count=150 115 35 41 74 49
is_linear=0
shrinkage=0.0168771


Tree=89
num_leaves=7
num_cat=0
split_feature=9 10 12 10 13 11
split_gain=3.95734 1.86734 0.814887 0.898946 0.661811 0.265724
threshold=19.646428571428569 0.24214285714285719 0.088671874454511093 0.38214285714285717 0.4715816266425365 18.377142857142868
decision_type=2 2 2 2 2 2
left_child=1 -1 3 -3 -2 -4
right_child=4 2 5 -5 -6 -7
leaf_value=-0.0059422947567655034 0.0056341533909342618 -0.0033820581574420662 0.0030784819182873998 3.3938520509606654e-05 0 0
leaf_weight=18 32.339508414268494 30 16.880927085876468 31 14.22335636615753 12.600000143051146
leaf_count=18 24 30 15 31 14 12
internal_value=0.000255385 -0.00136288 -5.48106e-05 -0.00137293 0.00433686 0.00185867
internal_weight=155.044 108.481 90.4809 61 46.5629 29.4809
internal_count=144 106 88 61 38 27
is_linear=0
shrinkage=0.0168771


Tree=90
num_leaves=6
num_cat=0
split_feature=0 9 13 1 4
split_gain=12.3442 3.16906 0.437189 0.370639 0.214151
threshold=19.500000000000004 19.646428571428569 0.38995318850604721 7.5489285714285721 17.372142857142858
decision_type=2 2 2 2 2
left_child=-1 3 -3 -2 -5
right_child=1 2 -4 4 -6
leaf_value=-0.012133367368043588 0.0005030146227831435 0.0056540165086998847 0.0006138709482889532 -0.0032067640742357508 -0.00024090428118294418
leaf_weight=20 30.301679968833923 33.892042875289917 19.446712732315063 14.999999999999998 50
leaf_count=20 29 25 19 15 50
internal_value=-0.000508692 0.00111079 0.00434198 -0.000544587 -0.00136368
internal_weight=168.64 148.64 53.3388 95.3017 65
internal_count=158 138 44 94 65
is_linear=0
shrinkage=0.0168771


Tree=91
num_leaves=6
num_cat=0
split_feature=7 1 6 10 10
split_gain=10.1805 2.03967 0.884425 0.617725 0.437983
threshold=16.58071428571429 9.2017857142857142 18.445714285714292 0.4121428571428572 0.39357142857142852
decision_type=2 2 2 2 2
left_child=-1 2 -2 -3 -4
right_child=1 3 4 -5 -6
leaf_value=-0.0099503082666259624 0 -0.0021192189690412639 0.0055175226455586356 0.0011734978485812889 0
leaf_weight=23 25.117759466171265 35 38.921744585037231 17 13.329787373542784
leaf_count=23 24 35 30 17 12
internal_value=-0.000155015 0.00159785 0.0033425 -0.000629366 0.00456352
internal_weight=152.369 129.369 77.3693 52 52.2515
internal_count=141 118 66 52 42
is_linear=0
shrinkage=0.0168771


Tree=92
num_leaves=7
num_cat=0
split_feature=7 1 0 10 10 10
split_gain=4.00821 1.52666 1.07706 0.996175 0.804841 0.509571
threshold=16.58071428571429 9.2017857142857142 26.500000000000004 0.24928571428571433 0.39357142857142852 0.38214285714285717
decision_type=2 2 2 2 2 2
left_child=2 3 -1 -2 -5 -3
right_child=1 5 -4 4 -6 -7
leaf_value=-0.0097435451925783779 -0.00028513419997772371 -0.0028739668341557869 -6.9814627201271177e-05 0.0044642270726990554 0 0
leaf_weight=11.000000000000002 13.999999999999998 21 10.999999999999998 48.359127759933472 15.924028158187864 28
leaf_count=11 14 21 11 40 15 28
internal_value=-4.97635e-05 0.000990617 -0.0063805 0.00250675 0.0034344 -0.0010045
internal_weight=149.283 127.283 22 78.2832 64.2832 49
internal_count=140 118 22 69 55 49
is_linear=0
shrinkage=0.0168771


Tree=93
num_leaves=8
num_cat=0
split_feature=0 9 1 1 10 10 11
split_gain=10.3338 2.41924 0.867978 0.737713 0.616005 0.300282 0.224874
threshold=15.000000000000002 19.646428571428569 -7.1026785714285703 2.7565476190476197 0.38214285714285717 0.38642857142857145 18.377142857142868
decision_type=2 2 2 2 2 2 2
left_child=-1 3 -3 6 -5 -4 -2
right_child=1 2 5 4 -6 -7 -8
leaf_value=-0.011374267695575637 0.0028676145183461487 0 0.0062294477277114787 -0.0026457975454948482 0 0.00014614170288588694 0
leaf_weight=18 17.139806747436527 12.999999999999998 29.558844685554504 38 34 11.301257133483885 10.600000143051146
leaf_count=18 15 13 21 38 34 10 10
internal_value=-0.000123407 0.00123909 0.0040423 -0.000128074 -0.00121698 0.00518079 0.0018139
internal_weight=171.6 153.6 53.8601 99.7398 72 40.8601 27.7398
internal_count=159 141 44 97 72 31 25
is_linear=0
shrinkage=0.0168771


Tree=94
num_leaves=6
num_cat=0
split_feature=0 1 1 10 0
split_gain=6.55972 2.71066 0.7596 0.58989 0.442313
threshold=15.000000000000002 7.5489285714285721 -7.1026785714285703 0.38214285714285717 28.500000000000004
decision_type=2 2 2 2 2
left_child=-1 2 -2 -3 -4
right_child=1 3 4 -5 -6
leaf_value=-0.0095516926965568856 0 -0.0025138508324538482 0 0.00010971370795581345 0.0048231938919808147
leaf_weight=14.999999999999998 12.999999999999998 35 14.016079783439634 29 51.957002997398376
leaf_count=15 13 35 13 29 42
internal_value=0 0.0012665 0.00337751 -0.00103702 0.0040867
internal_weight=157.973 142.973 78.9731 64 65.9731
internal_count=147 132 68 64 55
is_linear=0
shrinkage=0.0168771


Tree=95
num_leaves=6
num_cat=0
split_feature=0 6 4 8 10
split_gain=6.01304 2.34333 0.906319 0.770437 0.505219
threshold=15.000000000000002 19.912857142857145 19.915000000000003 0.18750637205777737 0.39357142857142852
decision_type=2 2 2 2 2
left_child=-1 3 -3 4 -2
right_child=1 2 -4 -5 -6
leaf_value=-0.0091889930900573742 -0.0018870034572462684 0.0075821007375126192 0.0011787890439433411 0.0023436441808349713 0.00067380328838141049
leaf_weight=12.999999999999998 48 19.49769914150238 25.087387084960938 28.336894869804382 20
leaf_count=13 48 12 23 25 20
internal_value=0.000457331 0.00167123 0.00474444 0 -0.000820958
internal_weight=153.922 140.922 44.5851 96.3369 68
internal_count=141 128 35 93 68
is_linear=0
shrinkage=0.0168771


Tree=96
num_leaves=7
num_cat=0
split_feature=11 1 2 10 1 11
split_gain=6.22282 2.15596 1.09081 0.587308 0.521445 0.488788
threshold=16.887857142857147 9.2017857142857142 0.2442857142857143 0.4121428571428572 -6.4779166666666645 20.009285714285713
decision_type=2 2 2 2 2 2
left_child=2 4 -1 -3 -2 -6
right_child=1 3 -4 -5 5 -7
leaf_value=-0.0088205428061006782 0 -0.0017571524080146879 -0.00075277424652183214 0.0017090300327817184 0.001753061789021368 0.006968471936680827
leaf_weight=17 15.456840157508848 34 16.216079592704773 15.999999999999998 28.647101879119873 24.430486917495728
leaf_count=17 15 34 16 16 26 16
internal_value=0.000113805 0.00207904 -0.0058808 -0.000191265 0.00398937 0.00479177
internal_weight=151.751 118.534 33.2161 50 68.5344 53.0776
internal_count=140 107 33 50 57 42
is_linear=0
shrinkage=0.0168771


Tree=97
num_leaves=7
num_cat=0
split_feature=11 8 13 10 10 6
split_gain=7.382 2.30795 1.83604 0.693961 0.483789 0.33369
threshold=16.887857142857147 -0.21379055801246849 -0.071056031414747686 0.39357142857142852 0.4121428571428572 19.98714285714286
decision_type=2 2 2 2 2 2
left_child=2 4 -1 5 -2 -3
right_child=1 3 -4 -5 -6 -7
leaf_value=0 -0.0014778495083758037 0.0019960204166520235 -0.0091255352077783108 0 0.0012776613177317175 0.0066199897219487939
leaf_weight=11.216079592704771 50 34.663975238800049 24 21.591801404953003 18 23.846391558647156
leaf_count=11 50 31 24 20 18 16
internal_value=0 0.00159524 -0.00671304 0.00352201 -0.000409785 0.00447023
internal_weight=183.318 148.102 35.2161 80.1022 68 58.5104
internal_count=170 135 35 67 68 47
is_linear=0
shrinkage=0.0168771


Tree=98
num_leaves=6
num_cat=0
split_feature=3 8 1 10 5
split_gain=6.93929 2.06651 1.10971 0.414701 0.335904
threshold=0.23928571428571432 -0.21379055801246849 -7.6906547619047627 0.4121428571428572 17.372142857142858
decision_type=2 2 2 2 2
left_child=-1 3 -3 -2 -4
right_child=1 2 4 -5 -6
leaf_value=-0.0072259845103232285 -0.0016482350607622516 0 0 0.00088047138478331 0.0048576847022427008
leaf_weight=28 40 11.999999999999998 13.40000009536743 18 54.213775396347046
leaf_count=28 40 12 13 18 42
internal_value=0 0.00160579 0.00336827 -0.000490858 0.00421393
internal_weight=165.614 137.614 79.6138 58 67.6138
internal_count=153 125 67 58 55
is_linear=0
shrinkage=0.0168771


Tree=99
num_leaves=6
num_cat=0
split_feature=3 2 1 13 1
split_gain=8.75931 2.24148 1.55225 1.12789 0.173461
threshold=0.25642857142857151 0.26785714285714296 7.5489285714285721 0.4715816266425365 -7.6906547619047627
decision_type=2 2 2 2 2
left_child=1 -1 3 -2 -5
right_child=2 -3 -4 4 -6
leaf_value=-0.0088338404094648899 0.0058162228956004734 0 0 0 0.0016014881580037423
leaf_weight=31 34.149755001068115 10.456840276718138 46 12.000000000000002 18.670069098472595
leaf_count=31 25 10 46 12 18
internal_value=-0.000247955 -0.00672736 0.00208911 0.00372235 0.000420965
internal_weight=152.277 41.4568 110.82 64.8198 30.6701
internal_count=142 41 101 55 30
is_linear=0
shrinkage=0.0168771


Tree=100
num_leaves=8
num_cat=0
split_feature=9 8 8 13 10 7 11
split_gain=6.84239 2.11468 1.6464 0.917919 0.442085 0.203605 0.137905
threshold=17.093571428571433 -0.21379055801246849 -0.079228257983534917 0.4715816266425365 0.4121428571428572 17.969285714285714 20.240000000000009
decision_type=2 2 2 2 2 2 2
left_child=2 4 -1 6 5 -2 -3
right_child=1 3 -4 -5 -6 -7 -8
leaf_value=-0.0078990736206698744 0 0.0019632414806957108 0 0.00029073304860764444 0.0013837188849836325 -0.0020746527569760571 0.0072595723398466028
leaf_weight=29 10.999999999999998 21.266435265541077 10.40000009536743 26.670069098472595 18 31 20.459676265716553
leaf_count=29 11 18 10 26 18 31 13
internal_value=0 0.00180242 -0.00599812 0.00379464 -0.000182846 -0.00139959 0.00536683
internal_weight=167.796 128.396 39.4 68.3962 60 42 41.7261
internal_count=156 117 39 57 60 42 31
is_linear=0
shrinkage=0.0168771


Tree=101
num_leaves=7
num_cat=0
split_feature=7 8 13 5 10 7
split_gain=6.64984 1.40027 1.06283 0.684175 0.38546 0.324453
threshold=16.58071428571429 -0.21379055801246849 0.4715816266425365 18.239285714285717 0.4121428571428572 17.969285714285714
decision_type=2 2 2 2 2 2
left_child=-1 4 3 -3 5 -2
right_child=1 2 -4 -5 -6 -7
leaf_value=-0.0077603330226669901 0 0 0 0.0055058942891280348 0.0014695428591547158 -0.002251442979118775
leaf_weight=23 11.999999999999998 13.851425886154173 24.446712732315063 37.643362760543823 15.999999999999998 29
leaf_count=23 12 13 24 27 16 29
internal_value=0 0.0015667 0.00304655 0.0043607 -8.30406e-05 -0.00125674
internal_weight=155.942 132.942 75.9415 51.4948 57 41
internal_count=144 121 64 40 57 41
is_linear=0
shrinkage=0.0168771


Tree=102
num_leaves=8
num_cat=0
split_feature=11 11 13 4 12 13 10
split_gain=6.15582 1.83706 1.56182 0.621301 0.316201 0.349234 0.289
threshold=16.887857142857147 20.240000000000009 -0.071056031414747686 19.915000000000003 -0.23617284957851684 0.43848855600605779 0.4121428571428572
decision_type=2 2 2 2 2 2 2
left_child=2 4 -1 -3 6 -6 -2
right_child=1 3 -4 -5 5 -7 -8
leaf_value=0 -0.0011959974909057037 0.0075653028820948254 -0.0084061258765673937 0.00071338384865493848 0.0026413026483468713 0 0.0012299861056497368
leaf_weight=11.216079592704771 40.400000095367432 16.49769914150238 22 15.981453657150267 26.479856967926025 27.446712732315063 11.999999999999998
leaf_count=11 40 9 22 15 22 27 12
internal_value=4.99885e-05 0.00175834 -0.00603444 0.00516359 0.000402911 0.00136299 -0.000199606
internal_weight=172.022 138.806 33.2161 32.4792 106.327 53.9266 52.4
internal_count=158 125 33 24 101 49 52
is_linear=0
shrinkage=0.0168771


Tree=103
num_leaves=5
num_cat=0
split_feature=0 9 7 7
split_gain=7.38722 2.00388 0.37019 0.470599
threshold=15.000000000000002 19.752142857142861 16.58071428571429 17.860714285714291
decision_type=2 2 2 2
left_child=-1 2 -2 -4
right_child=1 -3 3 -5
leaf_value=-0.0099655498015389556 -0.0026970040567693989 0.0039106262943645774 0.0018527219248935254 -0.00061813946208695038
leaf_weight=17 11.999999999999998 43.01064932346344 29.42204737663269 57.400000095367432
leaf_count=17 12 35 28 57
internal_value=-0.00022542 0.000964313 -0.000172965 2.33887e-06
internal_weight=158.833 141.833 98.822 86.822
internal_count=149 132 97 85
is_linear=0
shrinkage=0.0168771


Tree=104
num_leaves=6
num_cat=0
split_feature=7 9 1 1 12
split_gain=4.88643 1.28101 0.453886 0.333939 0.254476
threshold=16.58071428571429 19.236428571428572 -6.7692857142857141 9.7816071428571458 0.088671874454511093
decision_type=2 2 2 2 2
left_child=-1 4 -3 -4 -2
right_child=1 2 3 -5 -6
leaf_value=-0.005930810439213857 -0.00087499491028653542 0 0.0050414756763167484 0 0.001169184227209432
leaf_weight=25 35 15.446712732315062 37.02778685092926 13.999999999999998 28.874959588050842
leaf_count=25 35 15 27 14 27
internal_value=0.000317614 0.00178774 0.00337587 0.00412997 0
internal_weight=155.349 130.349 66.4745 51.0278 63.875
internal_count=143 118 56 41 62
is_linear=0
shrinkage=0.0168771


Tree=105
num_leaves=7
num_cat=0
split_feature=3 1 2 1 14 4
split_gain=4.89461 1.36594 0.559622 0.5432 0.289157 0.235791
threshold=0.23928571428571432 4.7317261904761923 0.26214285714285718 -7.1026785714285703 17.298571428571428 18.816428571428574
decision_type=2 2 2 2 2 2
left_child=2 3 -1 -2 -3 -6
right_child=1 4 -4 -5 5 -7
leaf_value=-0.0078558171559959394 0 -0.0025374944706301481 -6.1606658845603758e-05 0.0033997593345877438 0.0016132921326490505 -0.00065166574373677546
leaf_weight=20.000000000000004 12.999999999999998 11.999999999999998 9.9999999999999982 55.819896936416626 16.86677098274231 34
leaf_count=20 13 12 10 46 16 34
internal_value=-0.000238817 0.00105125 -0.00617437 0.00270311 -0.000455884 0
internal_weight=161.687 131.687 30 68.8199 62.8668 50.8668
internal_count=151 121 30 59 62 50
is_linear=0
shrinkage=0.0168771


Tree=106
num_leaves=6
num_cat=0
split_feature=0 11 1 10 1
split_gain=5.72837 2.55327 0.483477 0.464529 0.13986
threshold=15.000000000000002 20.13214285714286 4.7317261904761923 0.40357142857142864 -5.1229166666666668
decision_type=2 2 2 2 2
left_child=-1 2 4 -4 -2
right_child=1 -3 3 -5 -6
leaf_value=-0.0089602637469613621 0 0.0049376047867619758 -0.001914870445914498 0.00036153550481806215 0.0018026397158610289
leaf_weight=15.999999999999998 10.233483791351317 31.51341712474823 57 19 24.849444985389709
leaf_count=16 10 24 57 19 22
internal_value=-0.000109613 0.000888997 -0.000159787 -0.00106935 0.0011515
internal_weight=158.596 142.596 111.083 76 35.0829
internal_count=148 132 108 76 32
is_linear=0
shrinkage=0.0168771


Tree=107
num_leaves=5
num_cat=0
split_feature=3 1 13 10
split_gain=5.79331 1.12787 1.13961 0.307446
threshold=0.24357142857142858 7.5489285714285721 0.4715816266425365 0.4121428571428572
decision_type=2 2 2 2
left_child=-1 2 -2 -3
right_child=1 3 -4 -5
leaf_value=-0.0064090912830209474 0.0045824512341224085 -0.0010076196921320934 0 0.001416978168609243
leaf_weight=29.256840229034424 43.49358606338501 40 30.446712732315063 19
leaf_count=29 33 40 30 19
internal_value=0 0.00155537 0.00290799 0
internal_weight=162.197 132.94 73.9403 59
internal_count=151 122 63 59
is_linear=0
shrinkage=0.0168771


Tree=108
num_leaves=6
num_cat=0
split_feature=7 11 1 10 10
split_gain=3.63836 1.68101 0.644923 0.481583 0.324094
threshold=16.58071428571429 20.240000000000009 2.3072023809523814 0.38214285714285717 0.39357142857142852
decision_type=2 2 2 2 2
left_child=-1 2 4 -4 -2
right_child=1 -3 3 -5 -6
leaf_value=-0.0059537175367901513 0.0023054090580107824 0.0048081720540590492 -0.0021896183649059999 2.5049147745245231e-05 0
leaf_weight=23 36.110013723373413 22.890384078025818 40 30 12.662014126777647
leaf_count=23 32 16 40 30 12
internal_value=-8.28924e-06 0.000902505 0 -0.000969957 0.00149227
internal_weight=164.662 141.662 118.772 70 48.772
internal_count=153 130 114 70 44
is_linear=0
shrinkage=0.0168771


Tree=109
num_leaves=7
num_cat=0
split_feature=2 8 13 10 13 11
split_gain=5.55671 1.7951 0.721819 0.327647 0.184219 0.140576
threshold=0.2442857142857143 -0.21379055801246849 0.4715816266425365 0.4121428571428572 0.056076004200584291 20.279285714285717
decision_type=2 2 2 2 2 2
left_child=-1 3 5 4 -2 -3
right_child=1 2 -4 -5 -6 -7
leaf_value=-0.0079876279066076541 -0.0019566291456570811 0.0017157153392851833 0 0.00072383167522754692 0 0.0062747120093235298
leaf_weight=19.233483791351318 40 28.114409446716309 29.670069098472595 14.999999999999998 14.999999999999998 17.591831684112549
leaf_count=19 40 24 29 15 15 11
internal_value=0 0.00106961 0.0028882 -0.000618381 -0.00138954 0.00420247
internal_weight=164.61 145.376 75.3763 70 55 45.7062
internal_count=153 134 64 70 55 35
is_linear=0
shrinkage=0.0168771


Tree=110
num_leaves=6
num_cat=0
split_feature=3 1 14 1 11
split_gain=6.11919 1.40939 0.845231 0.528747 0.363948
threshold=0.24357142857142858 7.5489285714285721 16.71285714285715 -6.7692857142857141 20.240000000000009
decision_type=2 2 2 2 2
left_child=2 3 -1 -2 -5
right_child=1 -3 -4 4 -6
leaf_value=-0.0091757059416694223 0 0 -0.001138260424037762 0.0019938715895567558 0.0064515459981989223
leaf_weight=15.000000000000002 13.446712732315062 50 15.513680458068846 46.850397825241089 18.965472340583801
leaf_count=15 13 50 15 42 11
internal_value=8.88644e-05 0.00185093 -0.00621552 0.00322421 0.00382369
internal_weight=159.776 129.263 30.5137 79.2626 65.8159
internal_count=146 116 30 66 53
is_linear=0
shrinkage=0.0168771


Tree=111
num_leaves=6
num_cat=0
split_feature=7 11 3 0 12
split_gain=3.59432 0.841119 0.456434 0.365692 0.361092
threshold=16.58071428571429 20.240000000000009 0.25642857142857151 28.500000000000004 -0.23617284957851684
decision_type=2 2 2 2 2
left_child=3 2 -2 -1 -4
right_child=1 -3 4 -5 -6
leaf_value=-0.0067882960809269631 -0.0013196776692898878 0.0040800385435253075 0 0 0.0022909440435810945
leaf_weight=16.000000000000004 19.800000190734863 25.766245722770691 47.600000143051147 9.9999999999999982 37.681205630302429
leaf_count=16 19 19 47 10 34
internal_value=8.92059e-05 0.0013878 0.000427766 -0.00515186 0.00111787
internal_weight=156.847 130.847 105.081 26 85.2812
internal_count=145 119 100 26 81
is_linear=0
shrinkage=0.0168771


Tree=112
num_leaves=5
num_cat=0
split_feature=3 8 1 10
split_gain=6.22703 1.81107 0.683793 0.125439
threshold=0.23928571428571432 -0.21379055801246849 -7.1026785714285703 0.4121428571428572
decision_type=2 2 2 2
left_child=-1 3 -3 -2
right_child=1 2 -4 -5
leaf_value=-0.0070712386733772763 -0.00093581353083433967 0 0.0040178681542262819 0.00019810478547285261
leaf_weight=25 42 11.999999999999998 64.266669631004333 14.999999999999998
leaf_count=25 42 12 51 15
internal_value=4.42709e-05 0.00166649 0.00335216 -0.000268124
internal_weight=158.267 133.267 76.2667 57
internal_count=145 120 63 57
is_linear=0
shrinkage=0.0168771


Tree=113
num_leaves=8
num_cat=0
split_feature=4 9 12 1 10 9 9
split_gain=2.31274 0.924622 0.640773 0.779375 0.394048 0.231224 0.129417
threshold=17.800000000000001 19.752142857142861 0.088671874454511093 7.219166666666669 0.39357142857142852 18.793571428571429 19.236428571428572
decision_type=2 2 2 2 2 2 2
left_child=2 5 3 -1 -3 -2 -7
right_child=1 4 -4 -5 -6 6 -8
leaf_value=-0.0077557386535134767 0.00094330519609509824 0.0041317784494815518 0 -9.7174078187887183e-05 0 -0.0019143551592212388 0
leaf_weight=12.000000000000002 29.685600280761719 28.808696985244751 15.200000047683714 13.999999999999998 16.329787373542786 17.200000047683716 18
leaf_count=12 29 22 15 14 15 17 18
internal_value=0 0.00121223 -0.00334226 -0.00483271 0.00298906 0 -0.000983305
internal_weight=151.224 110.024 41.2 26 45.1385 64.8856 35.2
internal_count=142 101 41 26 37 64 35
is_linear=0
shrinkage=0.0168771


Tree=114
num_leaves=5
num_cat=0
split_feature=0 1 1 10
split_gain=4.11893 0.99238 0.543973 0.315064
threshold=15.000000000000002 4.7317261904761923 -7.6906547619047627 0.38214285714285717
decision_type=2 2 2 2
left_child=-1 2 -2 -3
right_child=1 3 -4 -5
leaf_value=-0.0080942433803661996 0 -0.0015765365562356089 0.0028201816566084527 0.00013411830768312216
leaf_weight=14.999999999999998 11.999999999999998 47 50.877976655960083 28
leaf_count=15 12 47 42 28
internal_value=-0.000405284 0.000422235 0.0020366 -0.000669038
internal_weight=152.878 137.878 62.878 75
internal_count=144 129 54 75
is_linear=0
shrinkage=0.0168771


Tree=115
num_leaves=7
num_cat=0
split_feature=7 1 2 6 9 10
split_gain=5.34811 1.1712 0.456895 0.418795 0.400409 0.332503
threshold=16.58071428571429 8.2587500000000009 0.2592857142857144 18.777142857142859 20.470000000000002 0.4121428571428572
decision_type=2 2 2 2 2 2
left_child=2 3 -1 -2 -5 -3
right_child=1 5 -4 4 -6 -7
leaf_value=-0.0083875753436281671 0.00025331111275697941 -0.0011244826304580983 -0.00061156317862207706 0.0046164028765346603 0 0.0015714342396951483
leaf_weight=15.000000000000002 28.741115927696228 37 10.999999999999998 42.035033941268921 11.72199773788452 14.999999999999998
leaf_count=15 27 37 11 31 11 15
internal_value=0.000176152 0.0016912 -0.00626633 0.00291671 0.00385884 0
internal_weight=160.498 134.498 26 82.4981 53.757 52
internal_count=147 121 26 69 42 52
is_linear=0
shrinkage=0.0168771


Tree=116
num_leaves=6
num_cat=0
split_feature=0 1 13 10 5
split_gain=3.02483 1.62702 0.665968 0.498948 0.175801
threshold=15.000000000000002 7.5489285714285721 0.4715816266425365 0.38214285714285717 17.372142857142858
decision_type=2 2 2 2 2
left_child=-1 2 4 -3 -2
right_child=1 3 -4 -5 -6
leaf_value=-0.0068298680517188256 0 -0.002137500660767773 0 0.00027270529015924351 0.0045580029173704672
leaf_weight=12.999999999999998 11.616079688072203 37 31.670069098472595 29 34.62009584903717
leaf_count=13 11 37 31 29 25
internal_value=7.43433e-06 0.00090111 0.00258493 -0.000786424 0.00385313
internal_weight=156.906 143.906 77.9062 66 46.2362
internal_count=146 133 67 66 36
is_linear=0
shrinkage=0.0168771


Tree=117
num_leaves=6
num_cat=0
split_feature=0 1 13 9 13
split_gain=4.45016 2.01927 0.908695 0.204866 0.131668
threshold=15.000000000000002 7.5489285714285721 0.4715816266425365 19.236428571428572 0.056076004200584291
decision_type=2 2 2 2 2
left_child=-1 2 -2 4 -3
right_child=1 3 -4 -5 -6
leaf_value=-0.0081664827925573471 0.004179820706200839 -0.0020598339914279164 0 0 0
leaf_weight=13.999999999999998 49.085224032402039 35 32.446712732315063 15.999999999999998 14.999999999999998
leaf_count=14 36 35 32 16 15
internal_value=0 0.000962945 0.00277364 -0.000971268 -0.00152689
internal_weight=161.532 147.532 81.5319 66 50
internal_count=148 134 68 66 50
is_linear=0
shrinkage=0.0168771


Tree=118
num_leaves=5
num_cat=0
split_feature=3 8 13 3
split_gain=4.0896 1.49128 0.811744 0.174898
threshold=0.23928571428571432 -0.60181334366401018 0.4715816266425365 0.25642857142857151
decision_type=2 2 2 2
left_child=-1 -2 3 -3
right_child=1 2 -4 -5
leaf_value=-0.0055758012017811344 -0.00052309479556721604 5.0280267130278341e-06 0 0.0045999512912381323
leaf_weight=25 50 13.313680648803709 33.670069098472595 44.056693553924561
leaf_count=25 50 12 33 32
internal_value=0.000181329 0.00144977 0.0027545 0.0039573
internal_weight=166.04 141.04 91.0404 57.3704
internal_count=152 127 77 44
is_linear=0
shrinkage=0.0168771


Tree=119
num_leaves=6
num_cat=0
split_feature=0 1 3 4 10
split_gain=5.2656 1.28694 0.708354 1.03902 0.464353
threshold=12.000000000000002 7.5489285714285721 0.25642857142857151 19.992857142857144 0.38214285714285717
decision_type=2 2 2 2 2
left_child=-1 2 -2 -4 -3
right_child=1 4 3 -5 -6
leaf_value=-0.0090124742061599931 0 -0.0023444326742718888 0.0047350144638412285 0 0
leaf_weight=14.999999999999998 16.056840419769287 32 35.588139057159424 29.865742802619934 28
leaf_count=15 15 32 27 28 28
internal_value=-0.000295061 0.000636989 0.00208078 0.00288056 -0.00097362
internal_weight=156.511 141.511 81.5107 65.4539 60
internal_count=145 130 70 55 60
is_linear=0
shrinkage=0.0168771


Tree=120
num_leaves=6
num_cat=0
split_feature=7 1 5 10 10
split_gain=2.24113 0.688765 0.544956 0.725107 0.361661
threshold=16.58071428571429 9.2017857142857142 17.15071428571429 0.39357142857142852 0.4121428571428572
decision_type=2 2 2 2 2
left_child=-1 2 -2 -4 -3
right_child=1 4 3 -5 -6
leaf_value=-0.0047003609701993252 0 -0.0013877127285460739 0.0037336260561880532 0 0.0013394554775581153
leaf_weight=18 18.200000047683716 33 50.492316365242004 18.329787373542786 15.999999999999998
leaf_count=18 18 33 40 17 16
internal_value=0.000256802 0.00115899 0.0020629 0.00273843 -4.01744e-05
internal_weight=154.022 136.022 87.0221 68.8221 49
internal_count=142 124 75 57 49
is_linear=0
shrinkage=0.0168771


Tree=121
num_leaves=6
num_cat=0
split_feature=4 9 9 13 11
split_gain=4.0851 0.815589 0.686933 0.402709 0.255428
threshold=17.372142857142858 19.752142857142861 17.002857142857149 0.4715816266425365 19.232857142857146
decision_type=2 2 2 2 2
left_child=2 4 -1 -3 -2
right_child=1 3 -4 -5 -6
leaf_value=-0.0061300116264582129 0.0011112729113934565 0.0042626080876457181 0 0 -0.00081662245397984984
leaf_weight=26 37.901679873466492 31.193461537361145 14.999999999999998 19.446712732315063 30.600000143051147
leaf_count=26 37 23 15 19 30
internal_value=0 0.00149479 -0.00450403 0.00307086 0
internal_weight=160.142 119.142 41 50.6402 68.5017
internal_count=150 109 41 42 67
is_linear=0
shrinkage=0.0168771


Tree=122
num_leaves=6
num_cat=0
split_feature=0 9 10 1 10
split_gain=4.53894 1.7297 0.357674 0.169417 0.34057
threshold=15.000000000000002 19.646428571428569 0.3342857142857143 1.0000000180025095e-35 0.40357142857142864
decision_type=2 2 2 2 2
left_child=-1 3 -3 -2 -5
right_child=1 2 -4 4 -6
leaf_value=-0.0083340365440382654 0.00057556265726255173 0.0055520794247647135 0.0011342773523233443 -0.0015486319058983845 0.00038611384247479625
leaf_weight=13.999999999999998 17.474959492683411 18.388599872589111 34.083178281784058 57 18
leaf_count=14 16 11 31 57 18
internal_value=0 0.000893439 0.00329795 -0.000294983 -0.000799491
internal_weight=158.947 144.947 52.4718 92.475 75
internal_count=147 133 42 91 75
is_linear=0
shrinkage=0.0168771


Tree=123
num_leaves=4
num_cat=0
split_feature=7 1 13
split_gain=4.35027 0.623971 0.6077
threshold=16.58071428571429 9.2017857142857142 0.18759371839709335
decision_type=2 2 2
left_child=-1 2 -2
right_child=1 -3 -4
leaf_value=-0.0061387406225459776 0.0033412860465346361 0 0
leaf_weight=24 48.650667309761047 51 37.926909327507019
leaf_count=24 38 51 37
internal_value=0 0.00126511 0.00212099
internal_weight=161.578 137.578 86.5776
internal_count=150 126 75
is_linear=0
shrinkage=0.0168771


Tree=124
num_leaves=6
num_cat=0
split_feature=3 1 13 2 10
split_gain=4.20807 1.39217 0.93891 0.494909 0.152251
threshold=0.25642857142857151 7.5489285714285721 0.4715816266425365 0.26214285714285718 0.4121428571428572
decision_type=2 2 2 2 2
left_child=3 2 -2 -1 -3
right_child=1 4 -4 -5 -6
leaf_value=-0.0064602916664175999 0.0050401778380239166 -0.00084205964787870493 9.5406832344511607e-05 0 0.00094372852901020599
leaf_weight=20 38.446677923202515 37 28.446712732315063 12.40000009536743 13.999999999999998
leaf_count=20 27 37 28 12 14
internal_value=0.000157446 0.00178988 0.00335031 -0.00480511 0
internal_weight=150.293 117.893 66.8934 32.4 51
internal_count=138 106 55 32 51
is_linear=0
shrinkage=0.0168771


Tree=125
num_leaves=5
num_cat=0
split_feature=3 8 1 10
split_gain=2.11899 0.758881 0.76691 0.155451
threshold=0.23214285714285718 -0.21379055801246849 -7.6906547619047627 0.38642857142857145
decision_type=2 2 2 2
left_child=-1 3 -3 -2
right_child=1 2 -4 -5
leaf_value=-0.0039847297028392289 -0.00099889073036300196 0 0.0030871292488082835 0.00069268368341496734
leaf_weight=21 29 13.999999999999998 69.3944993019104 23
leaf_count=21 29 14 57 23
internal_value=0.000438866 0.00135658 0.00233528 0
internal_weight=156.394 135.394 83.3945 52
internal_count=144 123 71 52
is_linear=0
shrinkage=0.0168771


Tree=126
num_leaves=5
num_cat=0
split_feature=3 1 2 1
split_gain=4.91451 1.29424 1.19488 0.219037
threshold=0.25642857142857151 7.5489285714285721 0.26785714285714296 -6.2496428571428577
decision_type=2 2 2 2
left_child=2 3 -1 -2
right_child=1 -3 -4 -5
leaf_value=-0.0066206657194462105 0 -0.00049097564828525831 0 0.003477267532107144
leaf_weight=33 19.903552889823914 46 12.600000143051146 48.023373246192932
leaf_count=33 19 46 12 37
internal_value=-0.000435008 0.00129737 -0.00504319 0.00279527
internal_weight=159.527 113.927 45.6 67.9269
internal_count=147 102 45 56
is_linear=0
shrinkage=0.0168771


Tree=127
num_leaves=6
num_cat=0
split_feature=0 6 8 10 10
split_gain=5.16312 0.965582 0.462067 0.396481 0.284576
threshold=12.000000000000002 19.912857142857145 0.65703596910905293 0.39357142857142852 0.40357142857142864
decision_type=2 2 2 2 2
left_child=-1 2 4 -3 -2
right_child=1 3 -4 -5 -6
leaf_value=-0.0089423447933448148 -0.0014004862302158592 0.0040670910106573198 0.0017409776031364129 0 0.00023775231887524938
leaf_weight=14.999999999999998 68.223356366157532 23.68185031414032 21.055349588394165 17.12978732585907 17
leaf_count=15 68 17 18 16 17
internal_value=-0.00029664 0.000592208 -7.62434e-05 0.00273468 -0.000822288
internal_weight=162.09 147.09 106.279 40.8116 85.2234
internal_count=151 136 103 33 85
is_linear=0
shrinkage=0.0168771


Tree=128
num_leaves=6
num_cat=0
split_feature=0 1 1 10 10
split_gain=2.92231 1.17969 0.827348 0.498796 0.249516
threshold=15.000000000000002 7.5489285714285721 -7.6906547619047627 0.24928571428571433 0.4121428571428572
decision_type=2 2 2 2 2
left_child=-1 2 -2 -4 -3
right_child=1 4 3 -5 -6
leaf_value=-0.0062982121623307375 0 -0.0012533075880803962 0 0.0039764470269107073 0.00067372765421825069
leaf_weight=12.999999999999998 12.999999999999998 40 14.622318506240843 55.833247780799866 17
leaf_count=13 13 40 13 45 17
internal_value=0.000352812 0.0012403 0.00252622 0.00327482 -0.000299592
internal_weight=153.456 140.456 83.4556 70.4556 57
internal_count=141 128 71 58 57
is_linear=0
shrinkage=0.0168771


Tree=129
num_leaves=4
num_cat=0
split_feature=11 11 0
split_gain=2.49912 1.06967 0.935971
threshold=16.887857142857147 20.240000000000009 19.500000000000004
decision_type=2 2 2
left_child=2 -2 -1
right_child=1 -3 -4
leaf_value=-0.0069536413649202442 0.00026651540453209764 0.0043507444623301274 -5.7754294544216819e-05
leaf_weight=12.999999999999998 108.81193804740906 23.838287949562073 20
leaf_count=13 103 17 20
internal_value=6.97977e-05 0.00124362 -0.00374239
internal_weight=165.65 132.65 33
internal_count=153 120 33
is_linear=0
shrinkage=0.0168771


Tree=130
num_leaves=5
num_cat=0
split_feature=3 8 1 1
split_gain=3.1167 1.11035 0.831329 0.416845
threshold=0.25642857142857151 -0.079228257983534917 8.0667261904761904 -6.2496428571428577
decision_type=2 2 2 2
left_child=1 -1 3 -2
right_child=2 -3 -4 -5
leaf_value=-0.0054763027024507084 0 0 0 0.0033692493420457571
leaf_weight=30 20.903552889823914 13.85684037208557 47 47.512279272079468
leaf_count=30 20 13 47 37
internal_value=0 -0.0037872 0.00135392 0.00252203
internal_weight=159.273 43.8568 115.416 68.4158
internal_count=147 43 104 57
is_linear=0
shrinkage=0.0168771


Tree=131
num_leaves=6
num_cat=0
split_feature=0 1 13 14 14
split_gain=3.69067 0.932218 0.578597 0.185103 0.211997
threshold=15.000000000000002 7.5489285714285721 0.4715816266425365 19.129285714285714 17.631428571428575
decision_type=2 2 2 2 2
left_child=-1 2 -2 4 -3
right_child=1 3 -4 -5 -6
leaf_value=-0.0070113167466355954 0.0031616710669156844 0 0 0 -0.002229959803724685
leaf_weight=17 45.43920624256134 15.999999999999998 32.446712732315063 20 24
leaf_count=17 35 16 32 20 24
internal_value=-9.70186e-05 0.000723722 0.00198555 -0.000574024 -0.0013083
internal_weight=154.886 137.886 77.8859 60 40
internal_count=144 127 67 60 40
is_linear=0
shrinkage=0.0168771


Tree=132
num_leaves=5
num_cat=0
split_feature=7 5 1 1
split_gain=3.0076 0.938454 0.414044 0.18886
threshold=16.374285714285719 18.871428571428574 13.011250000000006 -1.6179166666666667
decision_type=2 2 2 2
left_child=-1 3 -3 -2
right_child=1 2 -4 -5
leaf_value=-0.005702929146288116 0.00059339351354060468 0.0029193834488414881 0 -0.0010547972632033815
leaf_weight=18 20.337026119232178 63.043389439582825 12.999999999999998 39
leaf_count=18 19 52 13 39
internal_value=9.70824e-05 0.00113429 0.0023719 -0.000128444
internal_weight=153.38 135.38 76.0434 59.337
internal_count=141 123 65 58
is_linear=0
shrinkage=0.0168771


Tree=133
num_leaves=7
num_cat=0
split_feature=10 12 8 10 9 10
split_gain=2.358 0.805164 0.670891 0.668369 0.320099 0.187644
threshold=0.2592857142857144 0.23086695599236665 -0.60181334366401018 0.39357142857142852 17.002857142857149 0.4121428571428572
decision_type=2 2 2 2 2 2
left_child=1 4 5 -4 -1 -2
right_child=2 -3 3 -5 -6 -7
leaf_value=-0.0061870917047335801 -0.0011788525268348878 0 0.0031235239779236544 0 -0.00037878527944538076 0.00066463776175658179
leaf_weight=20 32 10.011159300804136 47.934738516807556 19.332345485687256 13.999999999999998 11.999999999999998
leaf_count=20 32 9 40 18 14 12
internal_value=-0.000153744 -0.00345171 0.00100922 0.00208717 -0.00462148 -0.000188175
internal_weight=155.278 44.0112 111.267 67.2671 34 44
internal_count=145 43 102 58 34 44
is_linear=0
shrinkage=0.0168771


Tree=134
num_leaves=5
num_cat=0
split_feature=11 6 1 11
split_gain=3.28312 0.719846 0.553846 0.138301
threshold=16.887857142857147 19.912857142857145 -7.1026785714285703 19.232857142857146
decision_type=2 2 2 2
left_child=-1 3 -3 -2
right_child=1 2 -4 -5
leaf_value=-0.0052289100622405459 0.00054957100121031852 0 0.0037689280904480574 -0.00074544855394639647
leaf_weight=27 59.038015246391296 11.999999999999998 30.895300269126892 34.303553104400635
leaf_count=27 57 12 23 33
internal_value=-3.70207e-05 0.000918797 0.00265333 0
internal_weight=163.237 136.237 42.8953 93.3416
internal_count=152 125 35 90
is_linear=0
shrinkage=0.0168771


Tree=135
num_leaves=5
num_cat=0
split_feature=0 1 13 14
split_gain=2.60154 1.01234 0.549484 0.175805
threshold=15.000000000000002 9.2017857142857142 0.4715816266425365 19.129285714285714
decision_type=2 2 2 2
left_child=-1 2 -2 -3
right_child=1 3 -4 -5
leaf_value=-0.0061851418358746498 0.0025423665119059841 -0.0017477475711234034 0 0
leaf_weight=15.999999999999998 58.128671884536743 38 31.670069098472595 17
leaf_count=16 49 38 31 17
internal_value=-0.00020947 0.00040808 0.00160236 -0.00113725
internal_weight=160.799 144.799 89.7987 55
internal_count=151 135 80 55
is_linear=0
shrinkage=0.0168771


Tree=136
num_leaves=6
num_cat=0
split_feature=5 12 13 13 10
split_gain=2.18714 0.429829 0.616261 0.392532 0.128662
threshold=16.622857142857146 -0.23617284957851684 0.4715816266425365 -0.071056031414747686 0.38642857142857145
decision_type=2 2 2 2 2
left_child=3 4 -3 -1 -2
right_child=1 2 -4 -5 -6
leaf_value=0 -0.001290906389781393 0.0028128143090989468 0 -0.005692396188281483 0
leaf_weight=10.200000047683718 25 36.436634302139282 32.446712732315063 20 25.600000143051147
leaf_count=10 25 28 32 20 25
internal_value=-0.000450562 0.000435837 0.00137534 -0.00436418 -0.000429471
internal_weight=149.683 119.483 68.8833 30.2 50.6
internal_count=140 110 60 30 50
is_linear=0
shrinkage=0.0168771


Tree=137
num_leaves=5
num_cat=0
split_feature=0 6 4 11
split_gain=2.90085 0.879346 0.551402 0.121846
threshold=15.000000000000002 19.912857142857145 19.915000000000003 19.232857142857146
decision_type=2 2 2 2
left_child=-1 3 -3 -2
right_child=1 2 -4 -5
leaf_value=-0.0063902921128894206 0.00013046073005298711 0.0052139221529141017 0.00013680967377794647 -0.00096710633036136838
leaf_weight=15.999999999999998 74.543789386749268 14.050735116004942 26.346843004226685 32.823356509208679
leaf_count=16 73 9 24 32
internal_value=-4.81852e-05 0.000600088 0.00265232 -1.84888e-05
internal_weight=163.765 147.765 40.3976 107.367
internal_count=154 138 33 105
is_linear=0
shrinkage=0.0168771


Tree=138
num_leaves=6
num_cat=0
split_feature=3 8 1 10 1
split_gain=2.90368 1.25789 1.03931 0.650592 0.474403
threshold=0.25642857142857151 -0.079228257983534917 7.5489285714285721 0.39357142857142852 7.5489285714285721
decision_type=2 2 2 2 2
left_child=1 4 3 -2 -1
right_child=2 -3 -4 -5 -6
leaf_value=-0.0067535375873693923 0.003730959954744087 0 0 0 -7.2681414478226444e-05
leaf_weight=20 51.43983519077301 10.913680553436278 46 16.12978732585907 11.999999999999998
leaf_count=20 40 10 46 15 12
internal_value=0 -0.00346996 0.00153726 0.002847 -0.00510552
internal_weight=156.483 42.9137 113.57 67.5696 32
internal_count=143 42 101 55 32
is_linear=0
shrinkage=0.0168771


Tree=139
num_leaves=6
num_cat=0
split_feature=0 12 0 4 3
split_gain=3.75782 0.840476 0.318317 0.353849 0.158702
threshold=15.000000000000002 -0.12298964110336134 42.500000000000007 18.816428571428574 0.41928571428571432
decision_type=2 2 2 2 2
left_child=-1 2 -2 -4 -3
right_child=1 4 3 -5 -6
leaf_value=-0.0074736496223778721 -0.0019664625098689981 0.0025341177437048991 0.0024790048141839207 -0.00016528252291458348 0
leaf_weight=13.999999999999998 20 60.758923768997192 13.866770982742308 34.116646289825439 12.670069098472593
leaf_count=14 20 51 13 33 12
internal_value=0 0.000932824 -0.000135126 0.00025664 0.00218263
internal_weight=155.412 141.412 67.9834 47.9834 73.429
internal_count=143 129 66 46 63
is_linear=0
shrinkage=0.0168771


Tree=140
num_leaves=5
num_cat=0
split_feature=2 0 8 13
split_gain=2.57196 0.631231 0.472685 0.617428
threshold=0.26785714285714296 12.000000000000002 -0.76191531316865058 0.3523967178477036
decision_type=2 2 2 2
left_child=1 -1 -2 -4
right_child=2 -3 3 -5
leaf_value=-0.0067336971545685527 -6.8365640644853668e-05 -0.00067160242874666511 0.002778043923863533 0
leaf_weight=11.999999999999998 24 24.200000047683716 66.35296905040741 36.670069098472595
leaf_count=12 24 24 54 36
internal_value=4.33474e-05 -0.00360631 0.00131355 0.00184012
internal_weight=163.223 36.2 127.023 103.023
internal_count=150 36 114 90
is_linear=0
shrinkage=0.0168771


Tree=141
num_leaves=5
num_cat=0
split_feature=7 9 9 10
split_gain=1.83078 0.860932 0.26963 0.220461
threshold=16.374285714285719 19.646428571428569 18.793571428571429 0.39357142857142852
decision_type=2 2 2 2
left_child=-1 2 -2 -3
right_child=1 3 -4 -5
leaf_value=-0.0049298471519698137 0.00023260948664854811 0.0031521977443735778 -0.0013867845702543093 0
leaf_weight=17 55.31775951385498 31.433424472808838 37.600000143051147 13.391801357269285
leaf_count=17 54 24 37 12
internal_value=-1.96101e-05 0.00051662 -0.000211009 0.0024153
internal_weight=154.743 137.743 92.9178 44.8252
internal_count=144 127 91 36
is_linear=0
shrinkage=0.0168771


Tree=142
num_leaves=6
num_cat=0
split_feature=3 8 10 10 5
split_gain=2.4882 0.542351 0.573834 0.231281 0.216602
threshold=0.23928571428571432 -0.21379055801246849 0.39357142857142852 0.4121428571428572 17.15071428571429
decision_type=2 2 2 2 2
left_child=-1 3 4 -2 -3
right_child=1 2 -4 -5 -6
leaf_value=-0.0043117725873078007 -0.00080707844743671173 0 0 0.0013538099848297224 0.0032392780116579155
leaf_weight=28 45 12.40000009536743 15.662014126777647 15.999999999999998 46.033781170845032
leaf_count=28 45 12 15 16 36
internal_value=0 0.000985309 0.00193541 0 0.00271411
internal_weight=163.096 135.096 74.0958 61 58.4338
internal_count=152 124 63 61 48
is_linear=0
shrinkage=0.0168771


Tree=143
num_leaves=6
num_cat=0
split_feature=0 11 13 8 10
split_gain=2.8417 0.987653 0.478906 0.304469 0.291451
threshold=12.000000000000002 20.13214285714286 0.4715816266425365 0.65703596910905293 0.40357142857142864
decision_type=2 2 2 2 2
left_child=-1 3 -3 4 -2
right_child=1 2 -4 -5 -6
leaf_value=-0.006789433791999578 -0.0013976659402101851 0.0044800578423385305 0 0.0011627742286169863 0.0002407133749953162
leaf_weight=13.999999999999998 67.108329057693481 19.392606973648071 16.670069098472595 22.642658233642578 19.262014031410217
leaf_count=14 66 12 16 20 19
internal_value=-0.000139897 0.00047139 0.00282615 -0.000160609 -0.000785264
internal_weight=159.076 145.076 36.0627 109.013 86.3703
internal_count=147 133 28 105 85
is_linear=0
shrinkage=0.0168771


Tree=144
num_leaves=6
num_cat=0
split_feature=0 5 8 13 12
split_gain=1.82121 0.656655 0.281666 0.304958 0.212539
threshold=15.000000000000002 18.634285714285721 -0.60181334366401018 0.38995318850604721 -0.12298964110336134
decision_type=2 2 2 2 2
left_child=-1 4 -3 -4 -2
right_child=1 2 3 -5 -6
leaf_value=-0.0051105730396984886 -0.001372859067401213 0 0.0032516355679286994 0 0.00024285386791142972
leaf_weight=12.999999999999998 31 38 40.18746817111969 16.446712732315063 25.310305595397949
leaf_count=13 31 38 29 16 24
internal_value=0.00014587 0.000832523 0.00172013 0.00248883 -0.000291892
internal_weight=163.944 150.944 94.6342 56.6342 56.3103
internal_count=151 138 83 45 55
is_linear=0
shrinkage=0.0168771


Tree=145
num_leaves=6
num_cat=0
split_feature=0 1 3 4 10
split_gain=2.89444 0.65742 0.479821 0.785167 0.366737
threshold=12.000000000000002 8.2587500000000009 0.25214285714285717 19.992857142857144 0.38214285714285717
decision_type=2 2 2 2 2
left_child=-1 2 -2 -4 -3
right_child=1 4 3 -5 -6
leaf_value=-0.0066217777170339753 0 -0.0018035595312543827 0.0039424776691540687 0 0.00042970092758553858
leaf_weight=13.999999999999998 16.800000190734863 29 37.254661440849304 33.31104850769043 33
leaf_count=14 16 29 28 30 33
internal_value=0 0.000737242 0.00171017 0.00233524 -0.000303618
internal_weight=163.366 149.366 87.3657 70.5657 62
internal_count=150 136 74 58 62
is_linear=0
shrinkage=0.0168771


Tree=146
num_leaves=6
num_cat=0
split_feature=0 5 0 8 0
split_gain=2.21391 0.442913 0.303212 0.213065 0.174476
threshold=15.000000000000002 18.871428571428574 73.500000000000014 0.65703596910905293 42.500000000000007
decision_type=2 2 2 2 2
left_child=-1 3 -3 4 -2
right_child=1 2 -4 -5 -6
leaf_value=-0.0055268502828320423 -0.0017304224010108501 0.0020636382275785446 0 0.00080362166833736562 0
leaf_weight=17 31 52.234309434890747 14.999999999999998 17.02788782119751 27
leaf_count=17 31 44 15 15 27
internal_value=-0.000158855 0.000426271 0.00145492 -0.00022784 -0.000922651
internal_weight=159.262 142.262 67.2343 75.0279 58
internal_count=149 132 59 73 58
is_linear=0
shrinkage=0.0168771


Tree=147
num_leaves=6
num_cat=0
split_feature=3 8 12 10 10
split_gain=2.06813 0.958111 0.480641 0.56142 0.11888
threshold=0.25642857142857151 -0.079228257983534917 -0.74494293757847363 0.35714285714285721 0.38928571428571429
decision_type=2 2 2 2 2
left_child=1 -1 4 -4 -2
right_child=2 -3 3 -5 -6
leaf_value=-0.0047458530636554303 -0.0016139787744408245 0 0.0031454869206855897 0 0
leaf_weight=28 11.000000000000002 14.113680601119993 43.590110778808594 47.569620966911316 9.9999999999999982
leaf_count=28 11 13 36 45 10
internal_value=0 -0.00306639 0.00119994 0.00178639 -0.000315833
internal_weight=154.273 42.1137 112.16 91.1597 21
internal_count=143 41 102 81 21
is_linear=0
shrinkage=0.0168771


Tree=148
num_leaves=6
num_cat=0
split_feature=3 1 8 1 12
split_gain=2.23343 0.787711 0.742555 0.439839 0.231019
threshold=0.27071428571428585 11.654821428571429 -0.079228257983534917 -6.0452380952380933 -0.52192425302096768
decision_type=2 2 2 2 2
left_child=2 3 4 -2 -1
right_child=1 -3 -4 -5 -6
leaf_value=0 0 -0.00014103270468466276 0 0.0031982352239517094 -0.0051830215658316553
leaf_weight=10.999999999999998 20.680196523666382 35 13.713680505752562 52.439858555793762 23
leaf_count=11 20 35 13 43 23
internal_value=0 0.00139897 -0.00287631 0.0024081 -0.00413233
internal_weight=155.834 108.12 47.7137 73.1201 34
internal_count=145 98 47 63 34
is_linear=0
shrinkage=0.0168771


Tree=149
num_leaves=6
num_cat=0
split_feature=0 9 9 10 1
split_gain=2.41022 0.474046 0.231866 0.210195 0.181502
threshold=12.000000000000002 19.236428571428572 18.729285714285719 0.24928571428571433 -6.7692857142857141
decision_type=2 2 2 2 2
left_child=-1 2 3 -2 -3
right_child=1 4 -4 -5 -6
leaf_value=-0.0063140928257288806 -0.00074555635133379862 0 -0.0017106151425603283 0.0011114897403194668 0.0020330130593854594
leaf_weight=13.999999999999998 24 13.446712732315062 21.600000143051147 33.438126921653748 45.490233182907104
leaf_count=14 24 13 21 32 38
internal_value=-0.000210485 0.000367528 -0.000263516 0 0.00154879
internal_weight=151.975 137.975 79.0381 57.4381 58.9369
internal_count=142 128 77 56 51
is_linear=0
shrinkage=0.0168771


Tree=150
num_leaves=6
num_cat=0
split_feature=5 12 12 10 10
split_gain=2.88701 1.11193 0.719386 0.470861 0.22175
threshold=17.317142857142859 0.13379061807479184 -0.23617284957851684 0.38642857142857145 0.40357142857142864
decision_type=2 2 2 2 2
left_child=1 -1 4 -4 -2
right_child=2 -3 3 -5 -6
leaf_value=-0.0055798466787814714 -0.001279081937888709 0 0.0030363282580440367 0 0.00052476702517044362
leaf_weight=32 34.466771125793457 12.416079640388487 42.41665780544281 18.95314359664917 18
leaf_count=32 33 12 33 18 18
internal_value=-0.000436168 -0.00403431 0.000841383 0.00210115 -0.000260383
internal_weight=158.253 44.4161 113.837 61.3698 52.4668
internal_count=146 44 102 51 51
is_linear=0
shrinkage=0.0168771


Tree=151
num_leaves=5
num_cat=0
split_feature=0 12 1 1
split_gain=1.63463 1.6709 0.359613 0.408115
threshold=27.500000000000004 0.17787472211888863 7.5489285714285721 -7.1026785714285703
decision_type=2 2 2 2
left_child=1 -1 3 -2
right_child=2 -3 -4 -5
leaf_value=-0.0061561870146597513 -8.7826525680589034e-05 8.7214380052164946e-06 -0.0003013219128579584 0.0020360704360109982
leaf_weight=22 13.999999999999998 11.638126969337462 58 53.0430588722229
leaf_count=22 14 10 58 45
internal_value=-0.000366094 -0.00357932 0.000384947 0.00128692
internal_weight=158.681 33.6381 125.043 67.0431
internal_count=149 32 117 59
is_linear=0
shrinkage=0.0168771


Tree=152
num_leaves=5
num_cat=0
split_feature=0 6 8 8
split_gain=2.43862 0.750275 0.313427 0.125943
threshold=12.000000000000002 19.912857142857145 0.65703596910905293 -0.73431146818967086
decision_type=2 2 2 2
left_child=-1 2 3 -2
right_child=1 -3 -4 -5
leaf_value=-0.0061520269111767492 0 0.0023850702278462293 0.0012385210235534537 -0.0012208279850238095
leaf_weight=13.999999999999998 39 44.221762418746948 29.956338763237 47.223356366157532
leaf_count=14 39 35 26 47
internal_value=0 0.000577317 0 -0.000660213
internal_weight=174.401 160.401 116.18 86.2234
internal_count=161 147 112 86
is_linear=0
shrinkage=0.0168771


Tree=153
num_leaves=5
num_cat=0
split_feature=0 8 10 5
split_gain=1.87649 0.546627 0.532099 0.260244
threshold=12.000000000000002 0.65703596910905293 0.4121428571428572 19.953571428571426
decision_type=2 2 2 2
left_child=-1 2 -2 -3
right_child=1 3 -4 -5
leaf_value=-0.0060681833811951748 -0.001511153462622782 0.0024120387945967387 0.0012302415556374974 0
leaf_weight=13.999999999999998 77.58584988117218 26.191886067390442 15.729787230491636 13.633483886718748
leaf_count=14 76 21 15 13
internal_value=-0.000767334 0 -0.000792819 0.00149255
internal_weight=147.141 133.141 93.3156 39.8254
internal_count=139 125 91 34
is_linear=0
shrinkage=0.0168771


Tree=154
num_leaves=5
num_cat=0
split_feature=5 10 8 0
split_gain=1.85509 0.651105 0.467375 0.199051
threshold=18.634285714285721 0.2592857142857144 -0.079228257983534917 73.500000000000014
decision_type=2 2 2 2
left_child=1 2 -1 -2
right_child=3 -3 -4 -5
leaf_value=-0.0040394825642085137 0.0023832169693625226 0 0 0
leaf_weight=30 61.704512119293213 34.694225907325745 11.40000009536743 20
leaf_count=30 51 34 11 20
internal_value=5.12635e-05 -0.00166298 -0.00301921 0.00191501
internal_weight=157.799 76.0942 41.4 81.7045
internal_count=146 75 41 71
is_linear=0
shrinkage=0.0168771


Tree=155
num_leaves=6
num_cat=0
split_feature=7 9 13 3 7
split_gain=2.22733 0.646851 0.315185 0.229116 0.302526
threshold=16.374285714285719 19.368571428571428 0.4715816266425365 0.25642857142857151 17.860714285714291
decision_type=2 2 2 2 2
left_child=-1 3 -3 -2 -5
right_child=1 2 -4 4 -6
leaf_value=-0.0052898052561409234 -0.0016498896464585133 0.0028265243900096899 0 0.0019606588692964552 -0.00016163000712150484
leaf_weight=17 19.600000143051147 41.043835163116455 16.223356366157532 20.238126873970032 40.701679825782776
leaf_count=17 19 32 16 19 40
internal_value=0 0.00074054 0.00208418 0 0.000249424
internal_weight=154.807 137.807 57.2672 80.5398 60.9398
internal_count=143 126 48 78 59
is_linear=0
shrinkage=0.0168771


Tree=156
num_leaves=5
num_cat=0
split_feature=6 0 1 1
split_gain=1.1372 0.916186 0.447299 0.178356
threshold=19.912857142857145 12.000000000000002 -7.1026785714285703 7.5489285714285721
decision_type=2 2 2 2
left_child=1 -1 -2 -3
right_child=2 3 -4 -5
leaf_value=-0.0051674469901203356 0 0.00032456680945670136 0.0032408422258136259 -0.00088707213617772603
leaf_weight=10.999999999999998 10.999999999999998 39.898768186569214 29.145279407501221 61
leaf_count=11 11 37 22 61
internal_value=0 -0.000999053 0.0022048 -0.000196341
internal_weight=152.044 111.899 40.1453 100.899
internal_count=142 109 33 98
is_linear=0
shrinkage=0.0168771


Tree=157
num_leaves=5
num_cat=0
split_feature=3 5 1 10
split_gain=1.96526 0.666592 0.357861 0.573991
threshold=0.25642857142857151 17.317142857142859 7.5489285714285721 0.38642857142857145
decision_type=2 2 2 2
left_child=1 -1 3 -2
right_child=2 -3 -4 -5
leaf_value=-0.0047492032726742673 0.0029055955769795075 0 0 0
leaf_weight=24 45.414199352264404 16.913680553436279 47 20.815157771110535
leaf_count=24 36 16 47 19
internal_value=0 -0.00308524 0.00110802 0.00188054
internal_weight=154.143 40.9137 113.229 66.2294
internal_count=142 40 102 55
is_linear=0
shrinkage=0.0168771


Tree=158
num_leaves=6
num_cat=0
split_feature=3 1 10 8 10
split_gain=1.96167 0.614343 0.528398 0.511471 0.153994
threshold=0.25642857142857151 7.5489285714285721 0.39357142857142852 -0.079228257983534917 0.40357142857142864
decision_type=2 2 2 2 2
left_child=3 2 -2 -1 -3
right_child=1 4 -4 -5 -6
leaf_value=-0.0043155207593522649 0.0028160279475108862 -0.0011643993751338994 0 0 0.00012876177011768921
leaf_weight=32 45.818855285644531 33 21.391801357269287 13.656840324401854 18
leaf_count=32 37 33 20 13 18
internal_value=-0.000267555 0.00073895 0.00183431 -0.00322302 -0.000309893
internal_weight=163.867 118.211 67.2107 45.6568 51
internal_count=153 108 57 45 51
is_linear=0
shrinkage=0.0168771


Tree=159
num_leaves=4
num_cat=0
split_feature=0 1 12
split_gain=0.859573 0.395207 0.419945
threshold=15.000000000000002 7.5489285714285721 0.31254311650991445
decision_type=2 2 2
left_child=-1 2 -2
right_child=1 -3 -4
leaf_value=-0.0036444446757505139 0.0029848624799809517 -0.00013554898583883413 0
leaf_weight=11.999999999999998 28.279486894607544 63 50.623185753822327
leaf_count=12 22 63 48
internal_value=3.62241e-05 0.00056937 0.001391
internal_weight=153.903 141.903 78.9027
internal_count=145 133 70
is_linear=0
shrinkage=0.0168771


Tree=160
num_leaves=7
num_cat=0
split_feature=9 9 12 13 11 5
split_gain=1.15995 0.431872 0.39473 0.272765 0.187004 0.147458
threshold=17.177142857142858 19.646428571428569 0.17787472211888863 0.4715816266425365 19.232857142857146 16.518571428571434
decision_type=2 2 2 2 2 2
left_child=2 4 5 -3 -2 -1
right_child=1 3 -4 -5 -6 -7
leaf_value=0 0.00040234149543886215 0.0026261989513123364 0 0 -0.0012006233477163985 -0.0048379851409505311
leaf_weight=10.000000000000002 47.280926942825317 32.397031545639038 10.40000009536743 14.22335636615753 28.400000095367432 15.999999999999998
leaf_count=10 46 24 10 14 28 16
internal_value=-6.68567e-05 0.000584886 -0.0027079 0.00182978 0 -0.00372272
internal_weight=158.701 122.301 36.4 46.6204 75.6809 26
internal_count=148 112 36 38 74 26
is_linear=0
shrinkage=0.0168771


Tree=161
num_leaves=5
num_cat=0
split_feature=4 1 11 1
split_gain=2.32264 0.245871 0.222906 0.166386
threshold=17.372142857142858 9.739880952380954 17.250000000000004 1.8606547619047624
decision_type=2 2 2 2
left_child=2 3 -1 -2
right_child=1 -3 -4 -5
leaf_value=-0.0048607321858650928 0.00030679804239129029 0 0 0.0029969438433689903
leaf_weight=27 57.717539310455322 39 11.216079592704771 14.797008514404295
leaf_count=27 51 39 11 12
internal_value=-0.000436482 0.000643348 -0.00395477 0.00124754
internal_weight=149.731 111.515 38.2161 72.5145
internal_count=140 102 38 63
is_linear=0
shrinkage=0.0168771


Tree=162
num_leaves=4
num_cat=0
split_feature=11 11 13
split_gain=1.34696 0.555511 0.361603
threshold=16.887857142857147 20.13214285714286 0.38995318850604721
decision_type=2 2 2
left_child=-1 -2 -3
right_child=1 2 -4
leaf_value=-0.0031313732972965609 0 0.0041117677349881464 0
leaf_weight=29.216079592704773 93.98074996471405 16.594447374343872 16.670069098472595
leaf_count=29 90 10 16
internal_value=0 0.000726009 0.00250395
internal_weight=156.461 127.245 33.2645
internal_count=145 116 26
is_linear=0
shrinkage=0.0168771


Tree=163
num_leaves=5
num_cat=0
split_feature=11 1 10 11
split_gain=1.09979 0.693985 0.473541 0.122385
threshold=20.240000000000009 -0.78214285714285736 0.38214285714285717 19.855000000000004
decision_type=2 2 2 2
left_child=1 3 -3 -1
right_child=-2 2 -4 -5
leaf_value=0.0019486623808292549 0.0030948394539651591 -0.0021574746351878883 0 0
leaf_weight=23.166686296463013 28.667993545532227 58.254164457321167 31.400000095367432 12.270069241523741
leaf_count=20 21 58 31 11
internal_value=0.000188814 -0.000357352 -0.00127228 0.00129361
internal_weight=153.759 125.091 89.6542 35.4368
internal_count=141 120 89 31
is_linear=0
shrinkage=0.0168771


Tree=164
num_leaves=6
num_cat=0
split_feature=0 1 1 10 3
split_gain=2.25418 0.469941 0.397758 0.342474 0.283851
threshold=12.000000000000002 7.5489285714285721 -7.1026785714285703 0.40357142857142864 0.25642857142857151
decision_type=2 2 2 2 2
left_child=-1 2 -2 -3 -4
right_child=1 3 4 -5 -6
leaf_value=-0.005664428998259064 -0.00011477632080804707 -0.0014465798026732808 0 0.00083697861964200854 0.0024886571620447891
leaf_weight=15.999999999999998 12.999999999999998 41 17.313680648803711 18 54.382330179214478
leaf_count=16 13 41 16 18 45
internal_value=-7.38272e-05 0.000495992 0.0013553 -0.000381213 0.00191639
internal_weight=159.696 143.696 84.696 59 71.696
internal_count=149 133 74 59 61
is_linear=0
shrinkage=0.0168771


Tree=165
num_leaves=5
num_cat=0
split_feature=3 1 4 8
split_gain=0.854233 0.479262 0.657646 0.429328
threshold=0.25642857142857151 7.5489285714285721 19.992857142857144 -0.079228257983534917
decision_type=2 2 2 2
left_child=3 2 -2 -1
right_child=1 -3 -4 -5
leaf_value=-0.0027639013975730088 0.0036264595038570727 0 0 0
leaf_weight=23 37.428189516067505 49 26.433527588844299 14.056840419769285
leaf_count=23 28 49 24 13
internal_value=0.000505699 0.00133624 0.00226717 -0.00137597
internal_weight=149.919 112.862 63.8617 37.0568
internal_count=137 101 52 36
is_linear=0
shrinkage=0.0168771


Tree=166
num_leaves=3
num_cat=0
split_feature=11 11
split_gain=2.87735 0.416368
threshold=16.887857142857147 20.279285714285717
decision_type=2 2
left_child=-1 -2
right_child=1 -3
leaf_value=-0.0050687135120067242 0 0.0025275942915633292
leaf_weight=29 101.24159729480743 21.071062445640564
leaf_count=29 96 15
internal_value=-0.000476467 0.000525956
internal_weight=151.313 122.313
internal_count=140 111
is_linear=0
shrinkage=0.0168771


Tree=167
num_leaves=5
num_cat=0
split_feature=0 9 1 1
split_gain=1.7727 0.632196 0.48048 0.159237
threshold=12.000000000000002 19.368571428571428 -7.1026785714285703 9.4967857142857159
decision_type=2 2 2 2
left_child=-1 3 -3 -2
right_child=1 2 -4 -5
leaf_value=-0.0049873806622099627 0.00017424562331822688 0 0.0024925247443002454 -0.0010569207377969883
leaf_weight=14.999999999999998 38.123727202415466 12.999999999999998 57.210941910743713 39
leaf_count=15 36 13 45 39
internal_value=0 0.000628346 0.00179907 -0.000184056
internal_weight=162.335 147.335 70.2109 77.1237
internal_count=148 133 58 75
is_linear=0
shrinkage=0.0168771


Tree=168
num_leaves=4
num_cat=0
split_feature=0 6 4
split_gain=1.60677 0.456755 0.405474
threshold=15.000000000000002 19.236428571428572 19.992857142857144
decision_type=2 2 2
left_child=-1 -2 -3
right_child=1 2 -4
leaf_value=-0.0043751425369003474 0 0.0029518546611710891 0
leaf_weight=15.999999999999998 70.647342324256897 36.328584790229797 29.592690229415894
leaf_count=16 69 28 27
internal_value=6.91672e-05 0.000831119 0.00181375
internal_weight=152.569 136.569 65.9213
internal_count=140 124 55
is_linear=0
shrinkage=0.0168771


Tree=169
num_leaves=4
num_cat=0
split_feature=7 11 1
split_gain=1.1708 0.529136 0.157393
threshold=16.58071428571429 20.240000000000009 -1.6179166666666667
decision_type=2 2 2
left_child=-1 2 -2
right_child=1 -3 -4
leaf_value=-0.0032540533114052408 0.00095516151389700757 0.0026116855335313748 -0.0003259219810861565
leaf_weight=23 36.939218163490295 27.843348026275635 76.832737565040588
leaf_count=23 33 21 75
internal_value=0 0.000639354 0
internal_weight=164.615 141.615 113.772
internal_count=152 129 108
is_linear=0
shrinkage=0.0168771


Tree=170
num_leaves=3
num_cat=0
split_feature=0 6
split_gain=1.04305 0.403157
threshold=15.000000000000002 19.87857142857143
decision_type=2 2
left_child=-1 -2
right_child=1 -3
leaf_value=-0.0037307312655039965 0 0.0020993818767277
leaf_weight=12.999999999999998 98.804376125335693 41.188799619674683
leaf_count=13 95 33
internal_value=0.000159255 0.000746081
internal_weight=152.993 139.993
internal_count=141 128
is_linear=0
shrinkage=0.0168771


Tree=171
num_leaves=6
num_cat=0
split_feature=3 1 10 2 10
split_gain=2.18746 0.513835 0.559486 0.466302 0.139435
threshold=0.25642857142857151 7.5489285714285721 0.39357142857142852 0.26785714285714296 0.40357142857142864
decision_type=2 2 2 2 2
left_child=3 2 -2 -1 -3
right_child=1 4 -4 -5 -6
leaf_value=-0.0043700900733478782 0.002708766999994879 -0.0010313643822911613 0 0 0.00051815841394840291
leaf_weight=31 53.708824515342712 30 20.383484125137329 12.600000143051146 14.999999999999998
leaf_count=31 43 30 19 12 15
internal_value=-0.000100031 0.000948888 0.00182367 -0.00332701 -4.68783e-05
internal_weight=162.692 119.092 74.0923 43.6 45
internal_count=150 107 62 43 45
is_linear=0
shrinkage=0.0168771


Tree=172
num_leaves=4
num_cat=0
split_feature=7 5 5
split_gain=1.07347 0.234276 0.165818
threshold=16.374285714285719 18.634285714285721 19.426428571428573
decision_type=2 2 2
left_child=-1 -2 -3
right_child=1 2 -4
leaf_value=-0.0035763889760041683 0 0.0022341142427484734 9.1534212136030294e-05
leaf_weight=17 55.404531359672546 30.048173546791077 54.139553189277649
leaf_count=17 54 26 47
internal_value=0 0.000598481 0.00116281
internal_weight=156.592 139.592 84.1877
internal_count=144 127 73
is_linear=0
shrinkage=0.0168771


Tree=173
num_leaves=5
num_cat=0
split_feature=11 3 2 2
split_gain=1.13828 0.875953 0.375525 0.219825
threshold=20.240000000000009 0.24785714285714289 0.26214285714285718 0.31428571428571433
decision_type=2 2 2 2
left_child=1 2 -1 -3
right_child=-2 3 -4 -5
leaf_value=-0.0040295500122451179 0.0027885713954748526 0.0011931949088189954 0 -0.00049078470080437273
leaf_weight=25 26.441129922866821 28.608636736869812 11.999999999999998 70.71065628528595
leaf_count=25 19 26 12 68
internal_value=-7.12828e-05 -0.000833768 -0.00294549 0
internal_weight=162.76 136.319 37 99.3193
internal_count=150 131 37 94
is_linear=0
shrinkage=0.0168771


Tree=174
num_leaves=5
num_cat=0
split_feature=3 1 4 0
split_gain=0.643353 0.272768 0.293104 0.224612
threshold=0.25642857142857151 13.011250000000006 19.992857142857144 28.500000000000004
decision_type=2 2 2 2
left_child=3 2 -2 -1
right_child=1 -3 -4 -5
leaf_value=-0.0031110383386445169 0.0018680864579544594 -0.00026858149161668182 0 0
leaf_weight=18.600000143051151 53.725535035133362 32 31.246879577636719 13.256840229034422
leaf_count=18 47 32 28 13
internal_value=0 0.000570336 0.00113978 -0.00203681
internal_weight=148.829 116.972 84.9724 31.8568
internal_count=138 107 75 31
is_linear=0
shrinkage=0.0168771


Tree=175
num_leaves=5
num_cat=0
split_feature=3 10 6 2
split_gain=1.33262 0.262062 0.184706 0.144787
threshold=0.25642857142857151 0.3342857142857143 18.239285714285717 0.26785714285714296
decision_type=2 2 2 2
left_child=3 2 -2 -1
right_child=1 -3 -4 -5
leaf_value=-0.0034243784148206193 0 0 0.0032248334788913873 0
leaf_weight=29 20.65887975692749 72.89129626750946 14.181567430496214 12.600000143051146
leaf_count=29 20 70 9 12
internal_value=-0.000161287 0.000675831 0.00182089 -0.00273509
internal_weight=149.332 107.732 34.8404 41.6
internal_count=140 99 29 41
is_linear=0
shrinkage=0.0168771


Tree=176
num_leaves=7
num_cat=0
split_feature=14 1 13 6 10 10
split_gain=0.986482 0.377739 0.371713 0.357725 0.351146 0.209187
threshold=16.630714285714287 9.4967857142857159 0.76045325449616696 16.552142857142858 0.40357142857142864 0.39357142857142852
decision_type=2 2 2 2 2 2
left_child=3 2 5 -1 -3 -2
right_child=1 4 -4 -5 -6 -7
leaf_value=-0.0049023259851053696 0.0023084708953526735 -0.0016119148816212728 -4.0629952084603275e-05 0 0.00073780670601400076 0
leaf_weight=12.000000000000002 51.448828458786011 34 14.999999999999998 11.999999999999998 19 12.391801357269285
leaf_count=12 43 34 15 12 19 11
internal_value=-2.02554e-05 0.000426418 0.00123291 -0.00308738 -0.000374075 0.00185667
internal_weight=155.841 131.841 78.8406 24 53 63.8406
internal_count=146 122 69 24 53 54
is_linear=0
shrinkage=0.0168771


Tree=177
num_leaves=4
num_cat=0
split_feature=7 6 14
split_gain=1.06123 0.434348 0.341884
threshold=16.374285714285719 19.912857142857145 20.275000000000002
decision_type=2 2 2
left_child=-1 -2 -3
right_child=1 2 -4
leaf_value=-0.0034827175693781251 0 0.002912189757732555 0
leaf_weight=17 97.530131697654724 30.32187294960022 16.383484125137329
leaf_count=17 94 22 15
internal_value=1.70069e-05 0.000642658 0.00192824
internal_weight=161.235 144.235 46.7054
internal_count=148 131 37
is_linear=0
shrinkage=0.0168771


Tree=178
num_leaves=5
num_cat=0
split_feature=0 5 5 12
split_gain=1.67577 0.467265 0.348698 0.141259
threshold=12.000000000000002 18.634285714285721 19.426428571428573 -0.12298964110336134
decision_type=2 2 2 2
left_child=-1 3 -3 -2
right_child=1 2 -4 -5
leaf_value=-0.0048407467716498022 -0.0011529052710821208 0.00280821134928701 4.5494418215731714e-05 0
leaf_weight=15.999999999999998 33 29.914944529533386 53.127931118011475 33.058879852294922
leaf_count=16 33 25 47 32
internal_value=0 0.000473603 0.001363 -0.000329791
internal_weight=165.102 149.102 83.0429 66.0589
internal_count=153 137 72 65
is_linear=0
shrinkage=0.0168771


Tree=179
num_leaves=5
num_cat=0
split_feature=0 12 11 10
split_gain=1.65316 0.529741 0.467434 0.242264
threshold=27.500000000000004 0.13379061807479184 20.279285714285717 0.40785714285714292
decision_type=2 2 2 2
left_child=1 -1 3 -2
right_child=2 -3 -4 -5
leaf_value=-0.004496260081102512 -0.00034384664742628237 0 0.0024443159937702972 0.0015259158766650696
leaf_weight=25 79.752995491027832 11.016079783439634 29.219696879386902 22.524028062820435
leaf_count=25 77 10 21 22
internal_value=-9.10155e-05 -0.00325883 0.000661693 0
internal_weight=167.513 36.0161 131.497 102.277
internal_count=155 35 120 99
is_linear=0
shrinkage=0.0168771


Tree=180
num_leaves=4
num_cat=0
split_feature=3 3 13
split_gain=0.911677 0.508376 0.196591
threshold=0.25642857142857151 0.35928571428571426 -0.078854860853389538
decision_type=2 2 2
left_child=-1 -2 -3
right_child=1 2 -4
leaf_value=-0.0024327590277085824 0.0020082506780358289 0.00084696593748568628 -0.00077114568470794355
leaf_weight=33.400000095367432 44.087177395820618 27.594298720359802 54.446712732315063
leaf_count=33 38 23 54
internal_value=0 0.000588933 0
internal_weight=159.528 126.128 82.041
internal_count=148 115 77
is_linear=0
shrinkage=0.0168771


Tree=181
num_leaves=3
num_cat=0
split_feature=0 9
split_gain=1.42797 0.239698
threshold=12.000000000000002 19.368571428571428
decision_type=2 2
left_child=-1 -2
right_child=1 -3
leaf_value=-0.0044593214129605751 0 0.0014118901582200821
leaf_weight=14.999999999999998 80.080927133560181 56.665245413780212
leaf_count=15 78 47
internal_value=0 0.000601287
internal_weight=151.746 136.746
internal_count=140 125
is_linear=0
shrinkage=0.0168771


Tree=182
num_leaves=5
num_cat=0
split_feature=0 12 5 12
split_gain=1.04345 0.41382 0.263428 0.151423
threshold=27.500000000000004 0.13379061807479184 18.634285714285721 -0.70320050205503182
decision_type=2 2 2 2
left_child=1 -1 3 -2
right_child=2 -3 -4 -5
leaf_value=-0.0040245626000148041 -0.0016118940284427943 0 0.0011321034262615714 0
leaf_weight=21 13.999999999999998 11.816079735755919 77.52799379825592 38.353105664253235
leaf_count=21 14 11 69 37
internal_value=-8.31808e-05 -0.00274625 0.000466368 -0.00012158
internal_weight=162.697 32.8161 129.881 52.3531
internal_count=152 32 120 51
is_linear=0
shrinkage=0.0168771


Tree=183
num_leaves=3
num_cat=0
split_feature=3 9
split_gain=1.11284 0.295059
threshold=0.23928571428571432 19.646428571428569
decision_type=2 2
left_child=-1 -2
right_child=1 -3
leaf_value=-0.003059452774223495 0 0.0016067226399592068
leaf_weight=26 74.339806795120239 47.587551116943359
leaf_count=26 72 39
internal_value=0 0.000609191
internal_weight=147.927 121.927
internal_count=137 111
is_linear=0
shrinkage=0.0168771


Tree=184
num_leaves=4
num_cat=0
split_feature=4 13 6
split_gain=0.954652 0.167626 0.146031
threshold=17.829285714285714 -0.14307853706426674 19.912857142857145
decision_type=2 2 2
left_child=1 -1 -2
right_child=2 -3 -4
leaf_value=0 0 -0.0026493911513949656 0.001449920856411458
leaf_weight=12.416079640388487 68.698768138885498 35 42.387986540794373
leaf_count=12 66 35 33
internal_value=-2.61523e-05 -0.00208304 0.000685967
internal_weight=158.503 47.4161 111.087
internal_count=146 47 99
is_linear=0
shrinkage=0.0168771


Tree=185
num_leaves=5
num_cat=0
split_feature=0 1 12 12
split_gain=0.803371 0.586058 0.309361 0.297033
threshold=27.500000000000004 9.4967857142857159 0.31254311650991445 0.088671874454511093
decision_type=2 2 2 2
left_child=3 2 -2 -1
right_child=1 -3 -4 -5
leaf_value=-0.0039043552070950854 0.0024360008012569265 -0.00067545457471271213 0 0
leaf_weight=16.000000000000004 40.303874254226685 49 33.525871515274048 10.600000143051146
leaf_count=16 34 49 31 10
internal_value=0 0.000446781 0.00148108 -0.00262729
internal_weight=149.43 122.83 73.8297 26.6
internal_count=140 114 65 26
is_linear=0
shrinkage=0.0168771


Tree=186
num_leaves=3
num_cat=0
split_feature=7 11
split_gain=1.2572 0.610263
threshold=16.58071428571429 20.240000000000009
decision_type=2 2
left_child=-1 -2
right_child=1 -3
leaf_value=-0.0035676850213102367 0 0.0027629738540436385
leaf_weight=22 98.241493701934814 25.222312569618225
leaf_count=22 93 17
internal_value=0 0.000569393
internal_weight=145.464 123.464
internal_count=132 110
is_linear=0
shrinkage=0.0168771


Tree=187
num_leaves=5
num_cat=0
split_feature=3 10 10 1
split_gain=1.05858 0.409619 0.262181 0.285319
threshold=0.25642857142857151 0.2592857142857144 0.32071428571428579 7.5489285714285721
decision_type=2 2 2 2
left_child=1 -1 3 -2
right_child=2 -3 -4 -5
leaf_value=-0.0035981267554830469 0.0023432438443861258 0 0 0
leaf_weight=29 28.652093052864075 10.456840276718138 76.21834933757782 10.999999999999998
leaf_count=29 22 10 73 11
internal_value=-0.000279537 -0.00264534 0.000382494 0.0014706
internal_weight=155.327 39.4568 115.87 39.6521
internal_count=145 39 106 33
is_linear=0
shrinkage=0.0168771


Tree=188
num_leaves=5
num_cat=0
split_feature=2 10 10 14
split_gain=0.77923 0.283836 0.32221 0.156088
threshold=0.25428571428571428 0.3342857142857143 0.25500000000000006 16.630714285714287
decision_type=2 2 2 2
left_child=3 2 -2 -1
right_child=1 -3 -4 -5
leaf_value=-0.0033532660837605963 0 0 0.0025415551027299144 0
leaf_weight=15.000000000000002 18.822318553924561 72.113606572151184 33.867961287498474 14.233483791351317
leaf_count=15 17 69 27 14
internal_value=0 0.000713248 0.00161939 -0.00220976
internal_weight=154.037 124.804 52.6903 29.2335
internal_count=142 113 44 29
is_linear=0
shrinkage=0.0168771


Tree=189
num_leaves=6
num_cat=0
split_feature=0 12 13 12 13
split_gain=0.999081 0.506848 0.202669 0.136745 0.200253
threshold=27.500000000000004 0.13379061807479184 -0.6446676192687476 -0.12298964110336134 0.38995318850604721
decision_type=2 2 2 2 2
left_child=1 -1 -2 -4 -5
right_child=2 -3 3 4 -6
leaf_value=-0.0040438335771552439 0.0022565906651521553 0 -0.00012688980376663082 0.0022119333118262837 0
leaf_weight=20.000000000000004 18.6621013879776 11.816079735755919 65.570810794830322 16.904972195625305 35.446712732315063
leaf_count=20 15 11 64 11 35
internal_value=0 -0.00257533 0.000623495 0.000131324 0.000850014
internal_weight=168.401 31.8161 136.585 117.922 52.3517
internal_count=156 31 125 110 46
is_linear=0
shrinkage=0.0168771


Tree=190
num_leaves=6
num_cat=0
split_feature=11 14 13 11 11
split_gain=0.447952 0.185901 0.141784 0.144369 0.180824
threshold=16.887857142857147 16.630714285714287 0.3523967178477036 20.240000000000009 19.232857142857146
decision_type=2 2 2 2 2
left_child=1 -1 3 4 -2
right_child=2 -3 -4 -5 -6
leaf_value=-0.0028703671039961593 0.0010493777778868263 0 -0.00022873603072365406 0.0021071528716894586 -0.00050684272590838274
leaf_weight=18 35.604531407356262 13.999999999999998 36.223356366157532 16.955086469650269 32.463370800018311
leaf_count=18 34 14 36 11 30
internal_value=-5.85957e-05 -0.00184899 0.00026569 0.000731869 1.01251e-06
internal_weight=153.246 32 121.246 85.023 68.0679
internal_count=143 32 111 75 64
is_linear=0
shrinkage=0.0168771


Tree=191
num_leaves=5
num_cat=0
split_feature=3 10 10 10
split_gain=1.06891 0.409934 0.330107 0.17031
threshold=0.25642857142857151 0.2592857142857144 0.3342857142857143 0.40785714285714292
decision_type=2 2 2 2
left_child=1 -1 -2 -4
right_child=2 -3 3 -5
leaf_value=-0.0034237597551240481 0.0017784094905333679 0 -0.00067952387280935844 0.00095733431939179568
leaf_weight=29 41.931875586509705 12.800000190734862 45.283988356590271 25.732345342636108
leaf_count=29 34 12 43 25
internal_value=-6.61189e-05 -0.00239901 0.000642382 0
internal_weight=154.748 41.8 112.948 71.0163
internal_count=143 41 102 68
is_linear=0
shrinkage=0.0168771


Tree=192
num_leaves=3
num_cat=0
split_feature=7 12
split_gain=1.03532 0.281971
threshold=16.374285714285719 0.088671874454511093
decision_type=2 2
left_child=-1 -2
right_child=1 -3
leaf_value=-0.0038979953461526556 -1.4059440344952239e-05 0.0012887597672713298
leaf_weight=14.999999999999998 77.964928150177002 59.096434354782104
leaf_count=15 74 51
internal_value=0 0.000402655
internal_weight=152.061 137.061
internal_count=140 125
is_linear=0
shrinkage=0.0168771


Tree=193
num_leaves=4
num_cat=0
split_feature=5 12 8
split_gain=0.545506 0.346978 0.236253
threshold=17.317142857142859 -0.11036464142879203 -0.079228257983534917
decision_type=2 2 2
left_child=2 -2 -1
right_child=1 -3 -4
leaf_value=-0.0024331878218778811 -0.00019340333459591611 0.0013499198767423473 0
leaf_weight=31 61.830266714096069 62.024332523345947 11.416079640388487
leaf_count=31 60 52 11
internal_value=-1.56655e-05 0.000415892 -0.00171607
internal_weight=166.271 123.855 42.4161
internal_count=154 112 42
is_linear=0
shrinkage=0.0168771


Tree=194
num_leaves=4
num_cat=0
split_feature=0 5 5
split_gain=0.948916 0.179182 0.273269
threshold=12.000000000000002 18.634285714285721 19.426428571428573
decision_type=2 2 2
left_child=-1 -2 -3
right_child=1 2 -4
leaf_value=-0.0037844864856817488 -9.5833253042093276e-05 0.0020150566201017684 0
leaf_weight=14.999999999999998 64.145651698112488 32.048173546791077 50.845236420631409
leaf_count=15 63 28 45
internal_value=-2.69311e-07 0.000302329 0.000864489
internal_weight=162.039 147.039 82.8934
internal_count=151 136 73
is_linear=0
shrinkage=0.0168771


Tree=195
num_leaves=5
num_cat=0
split_feature=11 13 8 5
split_gain=0.735504 0.317795 0.429411 0.220245
threshold=16.887857142857147 0.3523967178477036 -0.21379055801246849 16.391428571428573
decision_type=2 2 2 2
left_child=3 2 -2 -1
right_child=1 -3 -4 -5
leaf_value=0 0 -0.00039169367197250599 0.002327018993071161 -0.0031171270456420092
leaf_weight=9.9999999999999982 44 38.223356366157532 40.79151976108551 22
leaf_count=10 44 38 30 22
internal_value=0 0.000489302 0.00114187 -0.00226645
internal_weight=155.015 123.015 84.7915 32
internal_count=144 112 74 32
is_linear=0
shrinkage=0.0168771


Tree=196
num_leaves=5
num_cat=0
split_feature=6 10 0 2
split_gain=0.475971 0.319209 0.14508 0.136532
threshold=19.129285714285714 0.2592857142857144 73.500000000000014 0.35714285714285721
decision_type=2 2 2 2
left_child=1 -1 -2 -3
right_child=2 3 -4 -5
leaf_value=-0.0017885259411090041 0.0016420838938338048 0.0010089249173662429 0 -0.0005550881821195907
leaf_weight=37.200000047683716 48.820695757865906 26.167145729064941 13.999999999999998 27.223356366157532
leaf_count=37 39 25 14 27
internal_value=0 -0.000632415 0.0012221 0
internal_weight=153.411 90.5905 62.8207 53.3905
internal_count=142 89 53 52
is_linear=0
shrinkage=0.0168771


Tree=197
num_leaves=4
num_cat=0
split_feature=0 6 8
split_gain=1.38923 0.261532 0.166494
threshold=27.500000000000004 19.912857142857145 0.65703596910905293
decision_type=2 2 2
left_child=-1 -2 -3
right_child=1 2 -4
leaf_value=-0.0029525246978233219 0 0.0026675590361582625 0
leaf_weight=33.81607973575592 90.070698738098145 24.829675316810608 18.481228351593018
leaf_count=33 88 17 17
internal_value=0 0.00074431 0.00180139
internal_weight=167.198 133.382 43.3109
internal_count=155 122 34
is_linear=0
shrinkage=0.0168771


Tree=198
num_leaves=5
num_cat=0
split_feature=0 9 9 8
split_gain=0.593221 0.259637 0.124454 0.121982
threshold=15.000000000000002 19.236428571428572 18.793571428571429 1.0000000180025095e-35
decision_type=2 2 2 2
left_child=-1 2 -2 -3
right_child=1 3 -4 -5
leaf_value=-0.0028586934122775721 0.00013688521948653152 0.0022060662210262737 -0.001308177388551734 0
leaf_weight=13.999999999999998 51.858879804611206 25.737298011779785 17.200000047683716 37.669938802719116
leaf_count=14 51 21 17 33
internal_value=0 0.000476529 0 0.00125643
internal_weight=146.466 132.466 69.0589 63.4072
internal_count=136 122 68 54
is_linear=0
shrinkage=0.0168771


Tree=199
num_leaves=4
num_cat=0
split_feature=3 5 5
split_gain=0.867355 0.277164 0.360354
threshold=0.23214285714285718 18.634285714285721 19.426428571428573
decision_type=2 2 2
left_child=-1 -2 -3
right_child=1 2 -4
leaf_value=-0.002431803899499505 0 0.0028952870490532028 1.1621082272837803e-06
leaf_weight=25 48.361731290817261 28.658104300498962 48.483893990516663
leaf_count=25 47 24 43
internal_value=8.46516e-05 0.000804312 0.00142262
internal_weight=150.504 125.504 77.142
internal_count=139 114 67
is_linear=0
shrinkage=0.0168771


Tree=200
num_leaves=4
num_cat=0
split_feature=7 8 1
split_gain=0.713572 0.181477 0.188259
threshold=16.374285714285719 -0.48430028484602056 -7.1026785714285703
decision_type=2 2 2
left_child=-1 -2 -3
right_child=1 2 -4
leaf_value=-0.0029077951513961681 -0.00022575927449115831 0 0.0011915673223561053
leaf_weight=20 55 12.999999999999998 76.043643712997437
leaf_count=20 55 13 65
internal_value=-3.81552e-05 0.000257507 0.000797489
internal_weight=164.044 144.044 89.0436
internal_count=153 133 78
is_linear=0
shrinkage=0.0168771


Tree=201
num_leaves=3
num_cat=0
split_feature=0 2
split_gain=0.693141 0.248949
threshold=27.500000000000004 0.4592857142857143
decision_type=2 2
left_child=-1 -2
right_child=1 -3
leaf_value=-0.0023529458226324517 0 0.0023759252588833315
leaf_weight=32.81607973575592 120.36248052120209 10.733541965484617
leaf_count=32 113 9
internal_value=-0.000197702 0.000213957
internal_weight=163.912 131.096
internal_count=154 122
is_linear=0
shrinkage=0.0168771


Tree=202
num_leaves=3
num_cat=0
split_feature=11 0
split_gain=0.855835 0.474737
threshold=20.13214285714286 12.000000000000002
decision_type=2 2
left_child=1 -1
right_child=-2 -3
leaf_value=-0.0036975128483773454 0.002136497568279036 -0.0002504404264726951
leaf_weight=13.999999999999998 28.678164839744568 105.15789258480072
leaf_count=14 22 103
internal_value=-0.000146666 -0.000917703
internal_weight=147.836 119.158
internal_count=139 117
is_linear=0
shrinkage=0.0168771


Tree=203
num_leaves=5
num_cat=0
split_feature=11 11 14 1
split_gain=0.772003 0.272177 0.226589 0.194782
threshold=16.887857142857147 20.240000000000009 16.630714285714287 -6.2496428571428577
decision_type=2 2 2 2
left_child=2 -2 -1 -3
right_child=1 3 -4 -5
leaf_value=-0.0035391799435464544 0 0 0 0.0028237551323798899
leaf_weight=17.000000000000004 108.80597031116486 13.513680458068849 14.216079592704771 18.154313087463379
leaf_count=17 104 13 14 11
internal_value=0 0.000493976 -0.00232757 0.00180374
internal_weight=171.69 140.474 31.2161 31.668
internal_count=159 128 31 24
is_linear=0
shrinkage=0.0168771


Tree=204
num_leaves=5
num_cat=0
split_feature=0 12 1 1
split_gain=0.666974 0.228555 0.228094 0.330222
threshold=27.500000000000004 0.13379061807479184 9.2017857142857142 -7.6906547619047627
decision_type=2 2 2 2
left_child=1 -1 3 -2
right_child=2 -3 -4 -5
leaf_value=-0.0032035988197008786 -0.00052322906967124994 0 -0.00029636106624103889 0.001463086018363579
leaf_weight=21.000000000000004 12.999999999999998 10.616079688072203 54 72.247197866439819
leaf_count=21 13 10 54 61
internal_value=-9.5275e-05 -0.00228528 0.00028093 0.000898609
internal_weight=170.863 31.6161 139.247 85.2472
internal_count=159 31 128 74
is_linear=0
shrinkage=0.0168771


Tree=205
num_leaves=7
num_cat=0
split_feature=5 13 5 13 1 13
split_gain=0.817809 0.361587 0.47756 0.308939 0.218045 0.174508
threshold=18.634285714285721 -0.078854860853389538 16.518571428571434 0.13816276855848655 13.543690476190477 0.38995318850604721
decision_type=2 2 2 2 2 2
left_child=1 -1 -3 -4 5 -2
right_child=4 2 3 -5 -6 -7
leaf_value=0 0.0021689698929696598 0 -0.0045255142277934642 -0.00013349397736411102 0 0
leaf_weight=30.353105664253235 53.235873460769653 9.9999999999999982 17 22 17 13.446712732315062
leaf_count=29 42 10 17 22 17 13
internal_value=6.42672e-05 -0.000994011 -0.00188405 -0.00276439 0.00132635 0.00175536
internal_weight=163.036 79.3531 49 39 83.6826 66.6826
internal_count=150 78 49 39 72 55
is_linear=0
shrinkage=0.0168771


Tree=206
num_leaves=3
num_cat=0
split_feature=3 9
split_gain=0.624963 0.191906
threshold=0.24357142857142858 17.002857142857149
decision_type=2 2
left_child=1 -1
right_child=-2 -3
leaf_value=-0.0029643857123674228 0.00034180142066279033 0
leaf_weight=22 123.16518402099609 12.256840229034422
leaf_count=22 113 12
internal_value=-7.87804e-05 -0.00210225
internal_weight=157.422 34.2568
internal_count=147 34
is_linear=0
shrinkage=0.0168771


Tree=207
num_leaves=5
num_cat=0
split_feature=5 0 0 9
split_gain=0.632415 0.254101 0.234978 0.118065
threshold=18.634285714285721 12.000000000000002 32.500000000000007 19.368571428571428
decision_type=2 2 2 2
left_child=1 -1 -3 -2
right_child=3 2 -4 -5
leaf_value=-0.003634535168550999 0 0.00048130433548608395 -0.0012975755625283063 0.0013534225233130779
leaf_weight=10.999999999999998 30.638126969337463 20.200000047683716 36.910305500030518 49.959947347640991
leaf_count=11 29 20 36 41
internal_value=0 -0.00128299 -0.000302083 0.000870091
internal_weight=148.708 68.1103 57.1103 80.5981
internal_count=137 67 56 70
is_linear=0
shrinkage=0.0168771


Tree=208
num_leaves=6
num_cat=0
split_feature=0 11 8 11 11
split_gain=0.943769 0.380984 0.160209 0.131915 0.143216
threshold=12.000000000000002 20.13214285714286 1.4504538951885133 19.232857142857146 17.950714285714287
decision_type=2 2 2 2 2
left_child=-1 3 -3 4 -2
right_child=1 2 -4 -5 -6
leaf_value=-0.003580718480640465 0 0.0027302830889883362 0 -0.00071914286675767321 0.0013059232867119474
leaf_weight=14.999999999999998 34.674959301948547 23.013222932815552 13.135998964309691 41.533234357833862 29.558382511138916
leaf_count=15 34 16 11 39 28
internal_value=0 0.000519763 0.00194411 0 0.000466092
internal_weight=156.916 141.916 36.1492 105.767 64.2333
internal_count=143 128 27 101 62
is_linear=0
shrinkage=0.0168771


Tree=209
num_leaves=5
num_cat=0
split_feature=9 2 10 10
split_gain=0.53999 0.337431 0.213225 0.250651
threshold=17.002857142857149 0.26785714285714296 0.3342857142857143 0.24928571428571433
decision_type=2 2 2 2
left_child=1 -1 3 -2
right_child=2 -3 -4 -5
leaf_value=-0.0032383325446548187 0 0 0 0.0019523573881360568
leaf_weight=19.000000000000004 18.622318506240845 10.40000009536743 70.047259330749512 37.02460241317749
leaf_count=19 17 10 67 30
internal_value=0 -0.00203408 0.000395404 0.00117493
internal_weight=155.094 29.4 125.694 55.6469
internal_count=143 29 114 47
is_linear=0
shrinkage=0.0168771


Tree=210
num_leaves=3
num_cat=0
split_feature=7 4
split_gain=0.488822 0.152579
threshold=16.374285714285719 17.022857142857148
decision_type=2 2
left_child=-1 -2
right_child=1 -3
leaf_value=-0.0024099385896647219 0.0015816571989884314 0
leaf_weight=19 19.238126873970032 121.5400505065918
leaf_count=19 18 112
internal_value=0 0.000288481
internal_weight=159.778 140.778
internal_count=149 130
is_linear=0
shrinkage=0.0168771


Tree=211
num_leaves=5
num_cat=0
split_feature=7 3 11 8
split_gain=0.551897 0.29618 0.294369 0.125172
threshold=16.58071428571429 0.23000000000000007 20.13214285714286 1.0515797987935092
decision_type=2 2 2 2
left_child=1 -1 -2 -4
right_child=2 -3 3 -5
leaf_value=0 0 -0.0038809374293992693 0.0028804564541908759 0
leaf_weight=11.000000000000002 109.86245286464691 10.999999999999998 15.343153834342955 19.549227833747864
leaf_count=11 105 11 9 17
internal_value=0 -0.00224183 0.000465402 0.00175036
internal_weight=166.755 22 144.755 34.8924
internal_count=153 22 131 26
is_linear=0
shrinkage=0.0168771


Tree=212
num_leaves=4
num_cat=0
split_feature=12 3 13
split_gain=0.431792 0.406949 0.362003
threshold=0.088671874454511093 0.27714285714285719 0.38995318850604721
decision_type=2 2 2
left_child=1 -1 -2
right_child=2 -3 -4
leaf_value=-0.0023887954576291837 0.002022061803097381 0 0
leaf_weight=32 32.116885781288147 51.282557845115662 37.446712732315063
leaf_count=32 25 48 37
internal_value=-5.39445e-05 -0.000983174 0.000744033
internal_weight=152.846 83.2826 69.5636
internal_count=142 80 62
is_linear=0
shrinkage=0.0168771


Tree=213
num_leaves=5
num_cat=0
split_feature=5 13 5 4
split_gain=0.576079 0.309836 0.397756 0.292192
threshold=18.700000000000003 -0.14307853706426674 16.207857142857144 18.816428571428574
decision_type=2 2 2 2
left_child=1 -1 -3 -2
right_child=3 2 -4 -5
leaf_value=5.7279100806589413e-05 0.0032457733361225295 0 -0.002217631663060376 0.00020967794620071033
leaf_weight=28.804531455039978 15.171668887138365 10.999999999999998 49 64.049114465713501
leaf_count=27 12 11 49 57
internal_value=1.43673e-05 -0.000766352 -0.00150242 0.00115861
internal_weight=168.025 88.8045 60 79.2208
internal_count=156 87 60 69
is_linear=0
shrinkage=0.0168771


Tree=214
num_leaves=5
num_cat=0
split_feature=14 12 6 2
split_gain=0.690403 0.228877 0.144673 0.185972
threshold=18.664285714285718 0.088671874454511093 20.262857142857147 0.40500000000000008
decision_type=2 2 2 2
left_child=1 -1 3 -2
right_child=2 -3 -4 -5
leaf_value=-0.0021555037903672825 0.00069464649321925314 0 0.0017724598567597628 -0.0011132914214878615
leaf_weight=47 51.995614647865295 17.616079688072205 21.152377963066101 18.446712732315063
leaf_count=47 48 17 15 18
internal_value=-0.0001676 -0.00157125 0.000603323 0
internal_weight=156.211 64.6161 91.5947 70.4423
internal_count=145 64 81 66
is_linear=0
shrinkage=0.0168771


Tree=215
num_leaves=5
num_cat=0
split_feature=13 0 13 1
split_gain=0.481672 0.487032 0.26334 0.15631
threshold=-0.14307853706426674 27.500000000000004 0.035730924075443829 8.0667261904761904
decision_type=2 2 2 2
left_child=3 -2 -3 -1
right_child=1 2 -4 -5
leaf_value=0.0016096090268734025 -0.0026679462556352769 -0.0016933544979540866 0.00041845822179012167 0
leaf_weight=44.078032493591309 25 19 66.58420467376709 12.999999999999998
leaf_count=34 25 19 64 13
internal_value=0 -0.000726896 0 0.00113459
internal_weight=167.662 110.584 85.5842 57.078
internal_count=155 108 83 47
is_linear=0
shrinkage=0.0168771


Tree=216
num_leaves=4
num_cat=0
split_feature=3 10 3
split_gain=0.437645 0.299412 0.260099
threshold=0.25642857142857151 0.2592857142857144 0.36142857142857149
decision_type=2 2 2
left_child=1 -1 -2
right_child=2 -3 -4
leaf_value=-0.0022658258802935871 0.0014759853305357366 0 0
leaf_weight=31 47.536740779876709 10.85684037208557 75.16890025138855
leaf_count=31 41 10 70
internal_value=0 -0.0014086 0.000534021
internal_weight=164.562 41.8568 122.706
internal_count=152 41 111
is_linear=0
shrinkage=0.0168771


Tree=217
num_leaves=4
num_cat=0
split_feature=7 11 8
split_gain=0.39326 0.21487 0.130981
threshold=16.374285714285719 20.240000000000009 1.0515797987935092
decision_type=2 2 2
left_child=-1 -2 -3
right_child=1 2 -4
leaf_value=-0.0020643373901594363 0 0.0027179760145060834 0
leaf_weight=18 111.53850698471069 13.518508315086367 13.879158735275267
leaf_count=18 106 8 12
internal_value=0 0.000401682 0.00166557
internal_weight=156.936 138.936 27.3977
internal_count=144 126 20
is_linear=0
shrinkage=0.0168771


Tree=218
num_leaves=4
num_cat=0
split_feature=7 8 10
split_gain=0.803116 0.162792 0.343346
threshold=16.374285714285719 -0.10610713285028134 0.31071428571428578
decision_type=2 2 2
left_child=-1 -2 -3
right_child=1 2 -4
leaf_value=-0.0032492792502486147 0 0.0023024161596856448 0
leaf_weight=17 65.332974433898926 27.770949721336365 35.366358160972595
leaf_count=17 64 23 32
internal_value=0 0.000375259 0.000991017
internal_weight=145.47 128.47 63.1373
internal_count=136 119 55
is_linear=0
shrinkage=0.0168771


Tree=219
num_leaves=4
num_cat=0
split_feature=5 14 5
split_gain=0.545412 0.238579 0.140569
threshold=18.634285714285721 16.71285714285715 19.426428571428573
decision_type=2 2 2
left_child=1 -1 -2
right_child=2 -3 -4
leaf_value=-0.0028395534254665763 0.0014910626860419429 -0.00013482900576704718 0
leaf_weight=20 32.425855040550232 53.910305500030518 57.184669017791748
leaf_count=20 30 53 50
internal_value=-7.82274e-05 -0.0012385 0.000645331
internal_weight=163.521 73.9103 89.6105
internal_count=153 73 80
is_linear=0
shrinkage=0.0168771


Tree=220
num_leaves=2
num_cat=0
split_feature=5
split_gain=0.234155
threshold=18.700000000000003
decision_type=2
left_child=-1
right_child=-2
leaf_value=-0.00071635729232095481 0.00057738002350996498
leaf_weight=80.310305595397949 69.040520429611206
leaf_count=79 61
internal_value=0
internal_weight=149.351
internal_count=140
is_linear=0
shrinkage=0.0168771


Tree=221
num_leaves=3
num_cat=0
split_feature=10 5
split_gain=0.288534 0.20226
threshold=0.2592857142857144 16.518571428571434
decision_type=2 2
left_child=1 -1
right_child=-2 -3
leaf_value=0 0.00021389973657934958 -0.0022410733332136105
leaf_weight=16.200000047683716 125.84968566894531 23.811159253120422
leaf_count=16 117 23
internal_value=-4.3772e-05 -0.00133599
internal_weight=165.861 40.0112
internal_count=156 39
is_linear=0
shrinkage=0.0168771


Tree=222
num_leaves=3
num_cat=0
split_feature=9 11
split_gain=0.642823 0.246329
threshold=16.425000000000001 20.13214285714286
decision_type=2 2
left_child=-1 -2
right_child=1 -3
leaf_value=-0.0028141577912619829 0 0.0015956448802496213
leaf_weight=18 115.92987906932831 31.50281035900116
leaf_count=18 111 24
internal_value=0 0.000340841
internal_weight=165.433 147.433
internal_count=153 135
is_linear=0
shrinkage=0.0168771


Tree=223
num_leaves=4
num_cat=0
split_feature=7 12 13
split_gain=0.905541 0.191731 0.319644
threshold=16.374285714285719 -0.74494293757847363 0.18759371839709335
decision_type=2 2 2
left_child=-1 -2 -3
right_child=1 2 -4
leaf_value=-0.0029905512675198849 -0.00019716903648870325 0.0016633092694548557 0
leaf_weight=20 20 68.568290591239929 47.960393190383911
leaf_count=20 20 56 47
internal_value=0 0.000616489 0.000945231
internal_weight=156.529 136.529 116.529
internal_count=143 123 103
is_linear=0
shrinkage=0.0168771


Tree=224
num_leaves=5
num_cat=0
split_feature=2 11 10 11
split_gain=0.404264 0.200079 0.143814 0.400701
threshold=0.2442857142857143 20.240000000000009 0.40785714285714292 18.419285714285724
decision_type=2 2 2 2
left_child=-1 2 3 -2
right_child=1 -3 -4 -5
leaf_value=-0.0018572424524130025 0.00063353073768823221 0.0016193645129685709 0.0013302439690404567 -0.0014268320358472694
leaf_weight=22.233483791351318 43.123727202415466 29.649447202682495 18.262014031410217 45.785849928855896
leaf_count=22 41 22 18 44
internal_value=0 0.000450858 0 -0.000194965
internal_weight=159.055 136.821 107.172 88.9096
internal_count=147 125 103 85
is_linear=0
shrinkage=0.0168771


Tree=225
num_leaves=6
num_cat=0
split_feature=3 8 4 6 3
split_gain=0.322243 0.266754 0.188757 0.614861 0.138214
threshold=0.25642857142857151 -0.079228257983534917 18.700000000000003 18.664285714285718 0.36142857142857149
decision_type=2 2 2 2 2
left_child=1 -1 3 -2 -4
right_child=2 -3 4 -5 -6
leaf_value=-0.0018624523839935105 0 0 0.0011343827825926603 0.0045942366061737776 -0.00028379320131001988
leaf_weight=30 29 14.056840419769285 24.03659987449646 10.55558919906616 55.280640006065369
leaf_count=30 29 13 19 8 52
internal_value=0.000104802 -0.000901699 0.000674562 0.00160337 0
internal_weight=162.93 44.0568 118.873 39.5556 79.3172
internal_count=151 43 108 37 71
is_linear=0
shrinkage=0.0168771


Tree=226
num_leaves=5
num_cat=0
split_feature=5 1 14 1
split_gain=0.522632 0.375449 0.345338 0.265583
threshold=17.317142857142859 9.739880952380954 16.630714285714287 -6.7692857142857141
decision_type=2 2 2 2
left_child=2 3 -1 -2
right_child=1 -3 -4 -5
leaf_value=-0.0027632878846458207 0 0 0 0.0021797657608593874
leaf_weight=17 15.446712732315062 42 31.416079640388489 57.077571511268616
leaf_count=17 15 42 31 45
internal_value=0.000209655 0.000934035 -0.00102281 0.00166605
internal_weight=162.94 114.524 48.4161 72.5243
internal_count=150 102 48 60
is_linear=0
shrinkage=0.0168771


Tree=227
num_leaves=3
num_cat=0
split_feature=11 9
split_gain=0.511665 0.217691
threshold=20.240000000000009 16.177857142857142
decision_type=2 2
left_child=1 -1
right_child=-2 -3
leaf_value=-0.0024787419622018391 0.0018701989180281901 -1.815462214754344e-05
leaf_weight=11.999999999999998 30.270835518836975 112.49310338497162
leaf_count=12 22 108
internal_value=0 -0.00048257
internal_weight=154.764 124.493
internal_count=142 120
is_linear=0
shrinkage=0.0168771


Tree=228
num_leaves=4
num_cat=0
split_feature=7 13 2
split_gain=0.395726 0.21598 0.130608
threshold=16.374285714285719 -0.078854860853389538 0.31714285714285723
decision_type=2 2 2
left_child=-1 -2 -3
right_child=1 2 -4
leaf_value=-0.0021162206534598984 0.00099602608132945956 0.00030716621131534016 -0.00081986535505816323
leaf_weight=21 62.234297633171082 25.112642526626587 52.223356366157532
leaf_count=21 53 23 52
internal_value=0 0.000198571 -0.000176677
internal_weight=160.57 139.57 77.336
internal_count=149 128 75
is_linear=0
shrinkage=0.0168771


Tree=229
num_leaves=3
num_cat=0
split_feature=0 5
split_gain=0.578294 0.133725
threshold=27.500000000000004 18.634285714285721
decision_type=2 2
left_child=-1 -2
right_child=1 -3
leaf_value=-0.0022218907134049517 0 0.00081699524378437902
leaf_weight=27.81607973575592 51.404531359672546 73.859354376792908
leaf_count=27 50 65
internal_value=-3.07592e-05 0.000320365
internal_weight=153.08 125.264
internal_count=142 115
is_linear=0
shrinkage=0.0168771


Tree=230
num_leaves=4
num_cat=0
split_feature=2 10 10
split_gain=0.418417 0.189653 0.27787
threshold=0.2442857142857143 0.32071428571428579 0.24928571428571433
decision_type=2 2 2
left_child=-1 2 -2
right_child=1 -3 -4
leaf_value=-0.0018270591199465551 0 0 0.0021145809534965795
leaf_weight=18 18.622318506240845 84.959107875823975 38.994146585464478
leaf_count=18 17 80 32
internal_value=0.000172432 0.000610499 0.00133726
internal_weight=160.576 142.576 57.6165
internal_count=147 129 49
is_linear=0
shrinkage=0.0168771


Tree=231
num_leaves=5
num_cat=0
split_feature=9 14 10 10
split_gain=0.384295 0.231251 0.150256 0.194735
threshold=17.002857142857149 17.441428571428577 0.35714285714285721 0.24928571428571433
decision_type=2 2 2 2
left_child=1 -1 3 -2
right_child=2 -3 -4 -5
leaf_value=-0.0024082816282448597 0 0 0 0.0016746318979101512
leaf_weight=23.200000047683716 17.811159253120422 13.40000009536743 67.054711103439331 40.637080907821655
leaf_count=23 17 13 64 33
internal_value=0 -0.00147176 0.000431135 0.00104233
internal_weight=162.103 36.6 125.503 58.4482
internal_count=150 36 114 50
is_linear=0
shrinkage=0.0168771


Tree=232
num_leaves=2
num_cat=0
split_feature=0
split_gain=0.308923
threshold=27.500000000000004
decision_type=2
left_child=-1
right_child=-2
leaf_value=-0.0016100119086044538 0.00013035860023960871
leaf_weight=30.800000190734863 122.67083752155304
leaf_count=30 113
internal_value=-9.90609e-05
internal_weight=153.471
internal_count=143
is_linear=0
shrinkage=0.0168771


Tree=233
num_leaves=3
num_cat=0
split_feature=2 7
split_gain=0.452409 0.211287
threshold=0.42999999999999999 16.374285714285719
decision_type=2 2
left_child=1 -1
right_child=-2 -3
leaf_value=-0.0019071190512602728 0.0021764024571128194 0
leaf_weight=17 21.704282760620117 119.20376920700073
leaf_count=17 19 111
internal_value=0 -0.000296734
internal_weight=157.908 136.204
internal_count=147 128
is_linear=0
shrinkage=0.0168771


Tree=234
num_leaves=5
num_cat=0
split_feature=2 3 13 13
split_gain=0.239331 0.289381 0.140735 0.130921
threshold=0.25428571428571428 0.35928571428571426 0.024374198700700542 0.67061129274808795
decision_type=2 2 2 2
left_child=-1 3 -3 -2
right_child=1 2 -4 -5
leaf_value=-0.0014225828922639773 0.0016900598579283911 0.00019349845653092522 -0.00093159110467617014 0
leaf_weight=26 41.706921577453613 39.195795774459839 43.670069098472595 12.999999999999998
leaf_count=26 36 34 43 13
internal_value=0 0.000262148 -0.000149584 0.00125089
internal_weight=163.573 137.573 82.8659 54.7069
internal_count=152 126 77 49
is_linear=0
shrinkage=0.0168771


Tree=235
num_leaves=5
num_cat=0
split_feature=5 0 13 0
split_gain=0.286756 0.242609 0.217232 0.171192
threshold=17.317142857142859 64.500000000000014 0.70550270240426427 44.500000000000007
decision_type=2 2 2 2
left_child=3 2 -2 -1
right_child=1 -3 -4 -5
leaf_value=-0.0018258653090620668 0.0016575567293587109 -9.829919007658475e-05 0 0
leaf_weight=31 50.863337278366089 59.320841550827026 11.999999999999998 11.616079688072203
leaf_count=31 44 54 12 11
internal_value=0 0.000372695 0.00114262 -0.00118839
internal_weight=164.8 122.184 62.8633 42.6161
internal_count=152 110 56 42
is_linear=0
shrinkage=0.0168771


Tree=236
num_leaves=4
num_cat=0
split_feature=8 14 7
split_gain=0.283625 0.39908 0.138624
threshold=-0.10610713285028134 16.71285714285715 20.172857142857151
decision_type=2 2 2
left_child=1 -1 -2
right_child=2 -3 -4
leaf_value=-0.0027731675854083208 0.0012942505441300221 0 0
leaf_weight=18 40.725716948509216 68.903455495834351 28.646706700325012
leaf_count=18 36 67 24
internal_value=0 -0.000724694 0.000681935
internal_weight=156.276 86.9035 69.3724
internal_count=145 85 60
is_linear=0
shrinkage=0.0168771


Tree=237
num_leaves=2
num_cat=0
split_feature=0
split_gain=0.858892
threshold=27.500000000000004
decision_type=2
left_child=-1
right_child=-2
leaf_value=-0.0024856989664236049 0.00056409996811537322
leaf_weight=29.81607973575592 130.36530947685242
leaf_count=29 119
internal_value=0
internal_weight=160.181
internal_count=148
is_linear=0
shrinkage=0.0168771


Tree=238
num_leaves=2
num_cat=0
split_feature=2
split_gain=0.230486
threshold=0.42999999999999999
decision_type=2
left_child=-1
right_child=-2
leaf_value=-4.809180372754531e-05 0.0016029421552791084
leaf_weight=127.90413188934326 22.927639126777649
leaf_count=119 20
internal_value=8.26962e-05
internal_weight=150.832
internal_count=139
is_linear=0
shrinkage=0.0168771


Tree=239
num_leaves=2
num_cat=0
split_feature=2
split_gain=0.301081
threshold=0.2442857142857143
decision_type=2
left_child=-1
right_child=-2
leaf_value=-0.002024615087425484 7.0847299279439753e-05
leaf_weight=18 134.86826610565186
leaf_count=18 124
internal_value=-6.52476e-05
internal_weight=152.868
internal_count=142
is_linear=0
shrinkage=0.0168771


Tree=240
num_leaves=5
num_cat=0
split_feature=5 8 1 10
split_gain=0.464788 0.300458 0.248854 0.177236
threshold=18.634285714285721 0.65703596910905293 9.7816071428571458 0.39357142857142852
decision_type=2 2 2 2
left_child=1 -1 3 -2
right_child=2 -3 -4 -5
leaf_value=-0.0016003917232934707 0.0020732959873374984 6.8005804141391669e-05 0 0
leaf_weight=63 36.733912467956543 14.553105711936949 29 14.183484077453612
leaf_count=63 27 13 29 13
internal_value=0 -0.00101759 0.000769642 0.00149271
internal_weight=157.471 77.5531 79.9174 50.9174
internal_count=145 76 69 40
is_linear=0
shrinkage=0.0168771


Tree=241
num_leaves=4
num_cat=0
split_feature=9 14 11
split_gain=0.480754 0.203178 0.131152
threshold=17.002857142857149 16.630714285714287 20.13214285714286
decision_type=2 2 2
left_child=1 -1 -2
right_child=2 -3 -4
leaf_value=-0.0028912483476598986 0 0 0.001247701139474989
leaf_weight=19.000000000000004 86.72268807888031 10.200000047683714 28.607549667358398
leaf_count=19 83 10 23
internal_value=-2.57848e-05 -0.00197541 0.000314767
internal_weight=144.53 29.2 115.33
internal_count=135 29 106
is_linear=0
shrinkage=0.0168771


Tree=242
num_leaves=4
num_cat=0
split_feature=3 8 1
split_gain=0.637287 0.205516 0.150498
threshold=0.24357142857142858 -0.60181334366401018 2.7565476190476197
decision_type=2 2 2
left_child=-1 -2 -3
right_child=1 2 -4
leaf_value=-0.0020995522756223919 -0.00010206832680437486 0.00014241244532617236 0.0023864000195369332
leaf_weight=32.256840229034424 41 62.427219152450562 19.228969097137451
leaf_count=32 41 55 15
internal_value=0 0.000459238 0.000999959
internal_weight=154.913 122.656 81.6562
internal_count=143 111 70
is_linear=0
shrinkage=0.0168771


Tree=243
num_leaves=4
num_cat=0
split_feature=10 8 8
split_gain=0.602483 0.459832 0.206911
threshold=0.2592857142857144 -0.079228257983534917 -0.60181334366401018
decision_type=2 2 2
left_child=1 -1 -2
right_child=2 -3 -4
leaf_value=-0.0029670037705850864 0 0 0.001285216840425988
leaf_weight=24 44 15.238398194313048 72.512674450874329
leaf_count=24 44 13 62
internal_value=0 -0.00158543 0.000741443
internal_weight=155.751 39.2384 116.513
internal_count=143 37 106
is_linear=0
shrinkage=0.0168771


Tree=244
num_leaves=5
num_cat=0
split_feature=11 0 7 7
split_gain=0.387058 0.397811 0.143233 0.153943
threshold=20.279285714285717 12.000000000000002 17.969285714285714 16.58071428571429
decision_type=2 2 2 2
left_child=1 -1 3 -3
right_child=-2 2 -4 -5
leaf_value=-0.0028672654863895353 0.0020315680291721583 0 -0.00046737223415668614 0.001360569963915721
leaf_weight=12.999999999999998 19.550929307937622 11.999999999999998 76.660362482070923 33.42204737663269
leaf_count=13 14 12 73 32
internal_value=0 -0.000356383 0 0.000696014
internal_weight=154.633 135.082 122.082 45.422
internal_count=144 130 117 44
is_linear=0
shrinkage=0.0168771


Tree=245
num_leaves=4
num_cat=0
split_feature=3 10 13
split_gain=0.205165 0.152211 0.150288
threshold=0.27071428571428585 0.26714285714285718 -0.1830169705899207
decision_type=2 2 2
left_child=1 -1 -2
right_child=2 -3 -4
leaf_value=-0.0014769146596968973 0.0013729041699648227 0 0
leaf_weight=31 34.554437160491943 11.85684037208557 71.890779137611389
leaf_count=31 26 11 70
internal_value=0 -0.000817935 0.000504339
internal_weight=149.302 42.8568 106.445
internal_count=138 42 96
is_linear=0
shrinkage=0.0168771


Tree=246
num_leaves=4
num_cat=0
split_feature=5 1 8
split_gain=0.361843 0.198467 0.19727
threshold=17.317142857142859 9.739880952380954 -0.079228257983534917
decision_type=2 2 2
left_child=2 -2 -1
right_child=1 -3 -4
leaf_value=-0.0018792298500821373 0.0013044777911699775 0 0
leaf_weight=29 57.66135036945343 42 13.416079640388487
leaf_count=29 47 42 13
internal_value=0 0.000673648 -0.00111659
internal_weight=142.077 99.6614 42.4161
internal_count=131 89 42
is_linear=0
shrinkage=0.0168771


Tree=247
num_leaves=3
num_cat=0
split_feature=9 5
split_gain=0.245116 0.171595
threshold=19.236428571428572 16.207857142857144
decision_type=2 2
left_child=1 -1
right_child=-2 -3
leaf_value=0 0.0004796388151542006 -0.0011218575658805065
leaf_weight=10.999999999999998 63.568953394889832 81.08560037612915
leaf_count=11 54 80
internal_value=-0.000120951 -0.000773529
internal_weight=155.655 92.0856
internal_count=145 91
is_linear=0
shrinkage=0.0168771


Tree=248
num_leaves=3
num_cat=0
split_feature=2 3
split_gain=0.253443 0.139956
threshold=0.2442857142857143 0.35928571428571426
decision_type=2 2
left_child=-1 -2
right_child=1 -3
leaf_value=-0.0015442290417640814 0.00088313029117119315 0
leaf_weight=21.233483791351318 66.925581693649292 77.539149880409241
leaf_count=21 61 72
internal_value=0 0.000314799
internal_weight=165.698 144.465
internal_count=154 133
is_linear=0
shrinkage=0.0168771


Tree=249
num_leaves=4
num_cat=0
split_feature=3 3 3
split_gain=0.182137 0.188957 0.122558
threshold=0.23214285714285718 0.35928571428571426 0.25642857142857151
decision_type=2 2 2
left_child=-1 2 -2
right_child=1 -3 -4
leaf_value=-0.0014666042323556218 0 -0.00030095615365278842 0.0013930695838031398
leaf_weight=21 20.113680601119995 74.65033757686615 39.467452168464661
leaf_count=21 19 70 35
internal_value=-2.54494e-05 6.29289e-05 0.000870336
internal_weight=155.231 134.231 59.5811
internal_count=145 124 54
is_linear=0
shrinkage=0.0168771


Tree=250
num_leaves=2
num_cat=0
split_feature=0
split_gain=0.39955
threshold=12.000000000000002
decision_type=2
left_child=-1
right_child=-2
leaf_value=-0.0024347329920839569 0.00022704860793620595
leaf_weight=14.999999999999998 144.69998967647552
leaf_count=15 133
internal_value=0
internal_weight=159.7
internal_count=148
is_linear=0
shrinkage=0.0168771


Tree=251
num_leaves=3
num_cat=0
split_feature=11 0
split_gain=0.467471 0.259908
threshold=20.13214285714286 12.000000000000002
decision_type=2 2
left_child=1 -1
right_child=-2 -3
leaf_value=-0.002533829165832337 0.0017881745729343003 0
leaf_weight=10.999999999999998 33.94090461730957 121.08173894882202
leaf_count=11 25 117
internal_value=0 -0.000336709
internal_weight=166.023 132.082
internal_count=153 128
is_linear=0
shrinkage=0.0168771


Tree=252
num_leaves=5
num_cat=0
split_feature=5 10 3 0
split_gain=0.359948 0.189832 0.214968 0.154604
threshold=17.317142857142859 0.3342857142857143 0.25642857142857151 44.500000000000007
decision_type=2 2 2 2
left_child=3 2 -2 -1
right_child=1 -3 -4 -5
leaf_value=-0.0017021876398558556 0 0 0.0023298802323915612 0
leaf_weight=33 14.113680601119993 76.588858246803284 26.155846357345581 10.416079640388487
leaf_count=33 13 72 18 10
internal_value=0 0.000595703 0.00149544 -0.00113822
internal_weight=160.274 116.858 40.2695 43.4161
internal_count=146 103 31 43
is_linear=0
shrinkage=0.0168771


Tree=253
num_leaves=3
num_cat=0
split_feature=13 13
split_gain=0.229398 0.212167
threshold=-0.078854860853389538 0.13816276855848655
decision_type=2 2
left_child=-1 -2
right_child=1 -3
leaf_value=0.00056341241222102165 -0.0016524967793660192 0
leaf_weight=60.871100306510925 35.811159253120422 52.183749556541443
leaf_count=53 35 51
internal_value=-3.84079e-05 -0.000706037
internal_weight=148.866 87.9949
internal_count=139 86
is_linear=0
shrinkage=0.0168771


Tree=254
num_leaves=4
num_cat=0
split_feature=8 5 5
split_gain=0.211786 0.439475 0.163275
threshold=-0.10610713285028134 19.892857142857142 18.487857142857148
decision_type=2 2 2
left_child=2 -2 -1
right_child=1 -3 -4
leaf_value=-0.0011904874523251075 0.0020192624378197678 -0.00028315345613141868 0
leaf_weight=51 34.638478994369507 28.003333568572998 38.411784410476685
leaf_count=51 28 25 36
internal_value=0 0.000681198 -0.00056912
internal_weight=152.054 62.6418 89.4118
internal_count=140 53 87
is_linear=0
shrinkage=0.0168771


Tree=255
num_leaves=4
num_cat=0
split_feature=3 10 10
split_gain=0.387363 0.313425 0.256589
threshold=0.25642857142857151 0.32071428571428579 0.2592857142857144
decision_type=2 2 2
left_child=2 -2 -1
right_child=1 -3 -4
leaf_value=-0.0021947372725027291 0.0016837980280834006 0 0
leaf_weight=28 40.745584607124329 77.566786170005798 12.85684037208557
leaf_count=28 33 73 12
internal_value=0 0.000533542 -0.00131617
internal_weight=159.169 118.312 40.8568
internal_count=146 106 40
is_linear=0
shrinkage=0.0168771


Tree=256
num_leaves=4
num_cat=0
split_feature=3 8 8
split_gain=0.195287 0.189984 0.135498
threshold=0.25642857142857151 -0.079228257983534917 -0.60181334366401018
decision_type=2 2 2
left_child=1 -1 -2
right_child=2 -3 -4
leaf_value=-0.0017781430781152732 -2.5233401687176435e-05 0 0.00082945875022409502
leaf_weight=28 43 11.713680505752562 70.57246470451355
leaf_count=28 43 11 60
internal_value=0 -0.0010117 0.000320874
internal_weight=153.286 39.7137 113.572
internal_count=142 39 103
is_linear=0
shrinkage=0.0168771


Tree=257
num_leaves=2
num_cat=0
split_feature=0
split_gain=0.449915
threshold=27.500000000000004
decision_type=2
left_child=-1
right_child=-2
leaf_value=-0.0020390761553293201 0
leaf_weight=31.616079688072205 125.62255358695984
leaf_count=31 115
internal_value=-0.000310301
internal_weight=157.239
internal_count=146
is_linear=0
shrinkage=0.0168771


Tree=258
num_leaves=4
num_cat=0
split_feature=0 11 12
split_gain=0.257829 0.153612 0.135416
threshold=27.500000000000004 20.13214285714286 0.088671874454511093
decision_type=2 2 2
left_child=2 -2 -1
right_child=1 -3 -4
leaf_value=-0.0021896596146191178 0 0.0012929586703678412 0
leaf_weight=18.000000000000004 100.26979947090149 30.276574492454529 11.816079735755919
leaf_count=18 97 23 11
internal_value=0 0.000296501 -0.00137305
internal_weight=160.362 130.546 29.8161
internal_count=149 120 29
is_linear=0
shrinkage=0.0168771


Tree=259
num_leaves=2
num_cat=0
split_feature=6
split_gain=0.226867
threshold=19.236428571428572
decision_type=2
left_child=-1
right_child=-2
leaf_value=-0.00065521789324570281 0.000592324039605637
leaf_weight=90.390502095222473 67.096624255180359
leaf_count=89 57
internal_value=0
internal_weight=157.487
internal_count=146
is_linear=0
shrinkage=0.0168771


Tree=260
num_leaves=2
num_cat=0
split_feature=2
split_gain=0.247922
threshold=0.2442857142857143
decision_type=2
left_child=-1
right_child=-2
leaf_value=-0.0018337374772646716 4.5396735012119193e-05
leaf_weight=18.233483791351318 125.23971891403198
leaf_count=18 117
internal_value=-7.20293e-05
internal_weight=143.473
internal_count=135
is_linear=0
shrinkage=0.0168771


Tree=261
num_leaves=6
num_cat=0
split_feature=9 3 13 3 14
split_gain=0.174591 0.172597 0.164634 0.154911 0.119912
threshold=17.177142857142858 0.36142857142857149 -0.1830169705899207 0.25642857142857151 16.630714285714287
decision_type=2 2 2 2 2
left_child=4 3 -3 -2 -1
right_child=1 2 -4 -5 -6
leaf_value=-0.0018254753591362173 0 0.00086373924534154296 -0.00068742489104253897 0.0017092098798505971 0
leaf_weight=18 13.913680553436278 24.875566363334656 52.446712732315063 33.87472665309906 17.400000095367432
leaf_count=18 13 19 52 28 17
internal_value=0 0.000332923 0 0.0011178 -0.000963109
internal_weight=160.511 125.111 77.3223 47.7884 35.4
internal_count=147 112 71 41 35
is_linear=0
shrinkage=0.0168771


Tree=262
num_leaves=4
num_cat=0
split_feature=10 10 3
split_gain=0.351527 0.282952 0.220722
threshold=0.25500000000000006 0.32071428571428579 0.24785714285714289
decision_type=2 2 2
left_child=2 -2 -1
right_child=1 -3 -4
leaf_value=-0.0023807135972607626 0.0017652924270544429 0 0
leaf_weight=22 29.939313769340515 89.390494465827942 13.227238893508909
leaf_count=22 25 84 12
internal_value=0 0.00042216 -0.00143316
internal_weight=154.557 119.33 35.2272
internal_count=143 109 34
is_linear=0
shrinkage=0.0168771


Tree=263
num_leaves=3
num_cat=0
split_feature=6 11
split_gain=0.197497 0.177958
threshold=19.912857142857145 19.232857142857146
decision_type=2 2
left_child=1 -1
right_child=-2 -3
leaf_value=0 0.0010864311521498061 -0.0011952200444681632
leaf_weight=87.842658281326294 40.224244117736816 36.303553104400635
leaf_count=85 32 35
internal_value=0 -0.000204933
internal_weight=164.37 124.146
internal_count=152 120
is_linear=0
shrinkage=0.0168771


Tree=264
num_leaves=3
num_cat=0
split_feature=5 5
split_gain=0.122349 0.220948
threshold=18.634285714285721 19.426428571428573
decision_type=2 2
left_child=-1 -2
right_child=1 -3
leaf_value=-0.0007164593960925867 0.0013610841123720275 -0.00029108646666064299
leaf_weight=75.561731338500977 28.534493088722229 54.1890629529953
leaf_count=74 25 49
internal_value=-0.000186367 4.39598e-05
internal_weight=158.285 82.7236
internal_count=148 74
is_linear=0
shrinkage=0.0168771


Tree=265
num_leaves=2
num_cat=0
split_feature=5
split_gain=0.126883
threshold=18.634285714285721
decision_type=2
left_child=-1
right_child=-2
leaf_value=-0.00027340453284615244 0.00061367211395249696
leaf_weight=78.361731290817261 77.27058744430542
leaf_count=77 68
internal_value=2.88109e-05
internal_weight=155.632
internal_count=145
is_linear=0
shrinkage=0.0168771


Tree=266
num_leaves=3
num_cat=0
split_feature=3 3
split_gain=0.144386 0.260043
threshold=0.25642857142857151 0.35928571428571426
decision_type=2 2
left_child=-1 -2
right_child=1 -3
leaf_value=-0.00068567832922232801 0.0014465359700908183 0
leaf_weight=40.856840372085571 42.303256988525391 72.62470006942749
leaf_count=40 36 67
internal_value=0 0.000417566
internal_weight=155.785 114.928
internal_count=143 103
is_linear=0
shrinkage=0.0168771


Tree=267
num_leaves=2
num_cat=0
split_feature=11
split_gain=0.184481
threshold=20.279285714285717
decision_type=2
left_child=-1
right_child=-2
leaf_value=-3.3835585731345341e-05 0.0013934884799392485
leaf_weight=143.84019017219543 24.402990937232971
leaf_count=138 17
internal_value=6.24168e-05
internal_weight=168.243
internal_count=155
is_linear=0
shrinkage=0.0168771


Tree=268
num_leaves=5
num_cat=0
split_feature=7 7 1 1
split_gain=0.36643 0.234338 0.171605 0.160074
threshold=16.374285714285719 17.860714285714291 9.739880952380954 -7.1026785714285703
decision_type=2 2 2 2
left_child=-1 -2 3 -3
right_child=1 2 -4 -5
leaf_value=-0.0023046213330934237 0.0012474521010528638 -0.00080703570925194298 -0.0010835151691420909 0.00087986131889220671
leaf_weight=17 37.42204737663269 12.999999999999998 42 43.211471199989319
leaf_count=17 36 13 42 35
internal_value=-0.000106093 5.03439e-05 -0.000206918 9.0022e-05
internal_weight=152.634 135.634 98.2115 56.2115
internal_count=143 126 90 48
is_linear=0
shrinkage=0.0168771


Tree=269
num_leaves=2
num_cat=0
split_feature=11
split_gain=0.285733
threshold=20.279285714285717
decision_type=2
left_child=-1
right_child=-2
leaf_value=-0.00030306215020988277 0.0015638096485076005
leaf_weight=129.07575178146362 25.408537626266479
leaf_count=125 18
internal_value=0
internal_weight=154.484
internal_count=143
is_linear=0
shrinkage=0.0168771


Tree=270
num_leaves=5
num_cat=0
split_feature=5 5 14 13
split_gain=0.403749 0.299492 0.194768 0.190551
threshold=17.317142857142859 16.207857142857144 18.503571428571433 -0.57355038044720918
decision_type=2 2 2 2
left_child=1 -1 -3 -2
right_child=3 2 -4 -5
leaf_value=0 0.0017432821783021277 -0.0031104677486132573 0 0
leaf_weight=10.999999999999998 16.004857897758484 24 10.416079640388487 90.556706190109253
leaf_count=11 12 24 10 86
internal_value=-0.000224908 -0.0015732 -0.00234294 0.000171537
internal_weight=151.978 45.4161 34.4161 106.562
internal_count=143 45 34 98
is_linear=0
shrinkage=0.0168771


Tree=271
num_leaves=2
num_cat=0
split_feature=5
split_gain=0.157305
threshold=18.700000000000003
decision_type=2
left_child=-1
right_child=-2
leaf_value=-0.00033017790959104243 0.00067745482820503393
leaf_weight=80.588451862335205 74.985845804214478
leaf_count=79 64
internal_value=1.7572e-05
internal_weight=155.574
internal_count=143
is_linear=0
shrinkage=0.0168771


Tree=272
num_leaves=4
num_cat=0
split_feature=11 8 8
split_gain=0.235099 0.200339 0.133479
threshold=20.240000000000009 0.65703596910905293 -0.8243330355201447
decision_type=2 2 2
left_child=1 2 -1
right_child=-2 -3 -4
leaf_value=0 0.0010732694931359654 0.00028247297080669862 -0.0012263090179924427
leaf_weight=18 26.843348026275635 24.028628945350647 81.102028369903564
leaf_count=18 20 21 79
internal_value=-6.89387e-05 -0.000514867 -0.000930491
internal_weight=149.974 123.131 99.102
internal_count=138 118 97
is_linear=0
shrinkage=0.0168771


Tree=273
num_leaves=2
num_cat=0
split_feature=3
split_gain=0.198686
threshold=0.23928571428571432
decision_type=2
left_child=-1
right_child=-2
leaf_value=-0.0014673128696655428 8.3753873597434053e-05
leaf_weight=23 129.59075450897217
leaf_count=23 118
internal_value=-2.89952e-05
internal_weight=152.591
internal_count=141
is_linear=0
shrinkage=0.0168771


Tree=274
num_leaves=4
num_cat=0
split_feature=6 2 2
split_gain=0.182687 0.126052 0.143679
threshold=20.262857142857147 0.2442857142857143 0.31428571428571433
decision_type=2 2 2
left_child=1 -1 -3
right_child=-2 2 -4
leaf_value=-0.0013772719002503235 0.0013115726883427986 0.00081994827308537726 -0.0003202394913915976
leaf_weight=16.233483791351318 27.450822591781616 47.340259194374084 66.688016176223755
leaf_count=16 20 44 64
internal_value=6.19635e-05 -5.59809e-05 0
internal_weight=157.713 130.262 114.028
internal_count=144 124 108
is_linear=0
shrinkage=0.0168771


Tree=275
num_leaves=2
num_cat=0
split_feature=0
split_gain=0.417153
threshold=12.000000000000002
decision_type=2
left_child=-1
right_child=-2
leaf_value=-0.0025963695816620686 0.00017275173671605208
leaf_weight=13.999999999999998 157.80718791484833
leaf_count=14 146
internal_value=0
internal_weight=171.807
internal_count=160
is_linear=0
shrinkage=0.0168771


Tree=276
num_leaves=2
num_cat=0
split_feature=2
split_gain=0.273395
threshold=0.42999999999999999
decision_type=2
left_child=-1
right_child=-2
leaf_value=-0.0002077442969480749 0.0016947809583713464
leaf_weight=133.26989769935608 22.150995492935181
leaf_count=124 19
internal_value=0
internal_weight=155.421
internal_count=143
is_linear=0
shrinkage=0.0168771


Tree=277
num_leaves=3
num_cat=0
split_feature=5 5
split_gain=0.125976 0.18924
threshold=18.634285714285721 16.207857142857144
decision_type=2 2
left_child=1 -1
right_child=-2 -3
leaf_value=0.0003097348090915805 0.00028333066953028244 -0.0010903159272100235
leaf_weight=10.999999999999998 80.694693922996521 65.867505431175232
leaf_count=11 71 65
internal_value=-1.34529e-05 -0.000604975
internal_weight=157.562 76.8675
internal_count=147 76
is_linear=0
shrinkage=0.0168771


Tree=278
num_leaves=2
num_cat=0
split_feature=0
split_gain=0.334378
threshold=12.000000000000002
decision_type=2
left_child=-1
right_child=-2
leaf_value=-0.0021445603472106645 0.00016038973335722105
leaf_weight=17 139.08089828491211
leaf_count=17 129
internal_value=0
internal_weight=156.081
internal_count=146
is_linear=0
shrinkage=0.0168771


Tree=279
num_leaves=2
num_cat=0
split_feature=0
split_gain=0.321683
threshold=15.000000000000002
decision_type=2
left_child=-1
right_child=-2
leaf_value=-0.0020075411686698314 0.00037759970240964293
leaf_weight=14.999999999999998 133.33696448802948
leaf_count=15 121
internal_value=0
internal_weight=148.337
internal_count=136
is_linear=0
shrinkage=0.0168771


Tree=280
num_leaves=5
num_cat=0
split_feature=14 11 11 6
split_gain=0.332279 0.142786 0.141195 0.123372
threshold=16.71285714285715 20.279285714285717 19.232857142857146 16.675000000000001
decision_type=2 2 2 2
left_child=3 2 -2 -1
right_child=1 -3 -4 -5
leaf_value=-0.0027667781770669073 0.00036899296604329062 0.0012091414606538659 -0.000789695914991481 0
leaf_weight=14.000000000000002 52.992557048797607 25.962856650352478 49.369539499282837 10.216079592704771
leaf_count=14 51 18 46 10
internal_value=-8.95191e-05 0.000108639 0 -0.00186476
internal_weight=152.541 128.325 102.362 24.2161
internal_count=139 115 97 24
is_linear=0
shrinkage=0.0168771


Tree=281
num_leaves=3
num_cat=0
split_feature=5 5
split_gain=0.333351 0.205357
threshold=18.634285714285721 19.426428571428573
decision_type=2 2
left_child=-1 -2
right_child=1 -3
leaf_value=-0.00062222467799720666 0.0018590344960984215 0
leaf_weight=69.361731290817261 33.691588163375854 58.771349191665649
leaf_count=68 29 51
internal_value=7.98483e-05 0.000844481
internal_weight=161.825 92.4629
internal_count=148 80
is_linear=0
shrinkage=0.0168771


Tree=282
num_leaves=4
num_cat=0
split_feature=7 1 1
split_gain=0.323231 0.140399 0.189718
threshold=16.58071428571429 9.739880952380954 -7.1026785714285703
decision_type=2 2 2
left_child=-1 2 -2
right_child=1 -3 -4
leaf_value=-0.0018476055014540766 -0.00027202119784484148 -0.00044422171446975475 0.0010572838562842393
leaf_weight=24 12.999999999999998 39 74.025339722633362
leaf_count=24 13 39 61
internal_value=-8.98857e-05 0.000105184 0.000607072
internal_weight=150.025 126.025 87.0253
internal_count=137 113 74
is_linear=0
shrinkage=0.0168771


Tree=283
num_leaves=2
num_cat=0
split_feature=2
split_gain=0.141365
threshold=0.4592857142857143
decision_type=2
left_child=-1
right_child=-2
leaf_value=-8.3903236544194361e-05 0.0016369306158155567
leaf_weight=141.32263517379761 11.733541965484617
leaf_count=133 10
internal_value=0
internal_weight=153.056
internal_count=143
is_linear=0
shrinkage=0.0168771


Tree=284
num_leaves=4
num_cat=0
split_feature=6 7 7
split_gain=0.302987 0.16827 0.154299
threshold=20.262857142857147 16.374285714285719 17.672857142857143
decision_type=2 2 2
left_child=1 -1 -3
right_child=-2 2 -4
leaf_value=-0.0018885407343566586 0.0015478733759484722 0.00091549448606845078 -0.0004748379657362879
leaf_weight=14.999999999999998 26.442505359649658 27.638126969337463 78.438959240913391
leaf_count=15 19 26 75
internal_value=0 -0.000358826 0
internal_weight=147.52 121.077 106.077
internal_count=135 116 101
is_linear=0
shrinkage=0.0168771


Tree=285
num_leaves=4
num_cat=0
split_feature=13 0 5
split_gain=0.3463 0.189627 0.156235
threshold=-0.078854860853389538 27.500000000000004 17.354285714285719
decision_type=2 2 2
left_child=2 -2 -1
right_child=1 -3 -4
leaf_value=0 -0.0019659681815466399 0 0.0014500101635493638
leaf_weight=14.416079640388487 25 72.970520615577698 39.542306423187256
leaf_count=14 25 72 31
internal_value=-5.492e-06 -0.000730792 0.000887193
internal_weight=151.929 97.9705 53.9584
internal_count=142 97 45
is_linear=0
shrinkage=0.0168771


Tree=286
num_leaves=4
num_cat=0
split_feature=3 8 5
split_gain=0.392325 0.289556 0.192473
threshold=0.25642857142857151 -0.60181334366401018 16.545000000000005
decision_type=2 2 2
left_child=2 -2 -1
right_child=1 -3 -4
leaf_value=0 -0.00025153353167640952 0.0011902654015713816 -0.0020892371721711366
leaf_weight=12.999999999999998 46 68.049943447113037 30.400000095367432
leaf_count=13 46 57 30
internal_value=0 0.000425298 -0.00139858
internal_weight=157.45 114.05 43.4
internal_count=146 103 43
is_linear=0
shrinkage=0.0168771


Tree=287
num_leaves=2
num_cat=0
split_feature=0
split_gain=0.194668
threshold=15.000000000000002
decision_type=2
left_child=-1
right_child=-2
leaf_value=-0.001745330538913544 7.8880707450912431e-05
leaf_weight=14.999999999999998 138.05915796756744
leaf_count=15 127
internal_value=0
internal_weight=153.059
internal_count=142
is_linear=0
shrinkage=0.0168771


Tree=288
num_leaves=3
num_cat=0
split_feature=12 12
split_gain=0.168839 0.142059
threshold=-0.12298964110336134 0.31254311650991445
decision_type=2 2
left_child=-1 -2
right_child=1 -3
leaf_value=-0.0006214604437688563 0.0013120704477512209 0
leaf_weight=79.242873191833496 30.093754410743713 49.188664078712463
leaf_count=77 24 45
internal_value=0 0.00044615
internal_weight=158.525 79.2824
internal_count=146 69
is_linear=0
shrinkage=0.0168771


Tree=289
num_leaves=2
num_cat=0
split_feature=0
split_gain=0.244084
threshold=12.000000000000002
decision_type=2
left_child=-1
right_child=-2
leaf_value=-0.0020958933632902071 1.7268121242991719e-05
leaf_weight=12.999999999999998 146.49754846096039
leaf_count=13 136
internal_value=-5.1457e-05
internal_weight=159.498
internal_count=149
is_linear=0
shrinkage=0.0168771


Tree=290
num_leaves=4
num_cat=0
split_feature=5 5 5
split_gain=0.256009 0.159328 0.14139
threshold=18.634285714285721 19.426428571428573 16.207857142857144
decision_type=2 2 2
left_child=2 -2 -1
right_child=1 -3 -4
leaf_value=4.3129692877651087e-05 0.0016350160404285648 0 -0.00095497117900663578
leaf_weight=11.999999999999998 32.914944529533386 46.693641662597656 65.910305500030518
leaf_count=12 28 41 65
internal_value=0 0.000781497 -0.000527861
internal_weight=157.519 79.6086 77.9103
internal_count=146 69 77
is_linear=0
shrinkage=0.0168771


Tree=291
num_leaves=3
num_cat=0
split_feature=13 0
split_gain=0.159782 0.155244
threshold=-0.078854860853389538 27.500000000000004
decision_type=2 2
left_child=-1 -2
right_child=1 -3
leaf_value=0.00060175555933492943 -0.0015661549663630739 0
leaf_weight=62.572909951210022 24 70.148651123046875
leaf_count=53 24 67
internal_value=0 -0.000473896
internal_weight=156.722 94.1487
internal_count=144 91
is_linear=0
shrinkage=0.0168771


Tree=292
num_leaves=2
num_cat=0
split_feature=2
split_gain=0.254975
threshold=0.2442857142857143
decision_type=2
left_child=-1
right_child=-2
leaf_value=-0.0017521738980685406 0
leaf_weight=22.233483791351318 136.3146585226059
leaf_count=22 125
internal_value=-0.000168445
internal_weight=158.548
internal_count=147
is_linear=0
shrinkage=0.0168771


Tree=293
num_leaves=2
num_cat=0
split_feature=14
split_gain=0.255445
threshold=16.630714285714287
decision_type=2
left_child=-1
right_child=-2
leaf_value=-0.0013324300956291221 0.00043822912236033318
leaf_weight=22 149.30973088741302
leaf_count=22 136
internal_value=6.36754e-05
internal_weight=171.31
internal_count=158
is_linear=0
shrinkage=0.0168771


Tree=294
num_leaves=4
num_cat=0
split_feature=8 13 13
split_gain=0.264405 0.340689 0.172286
threshold=-0.60181334366401018 0.18759371839709335 0.13816276855848655
decision_type=2 2 2
left_child=2 -2 -1
right_child=1 -3 -4
leaf_value=-0.0013172396248101079 0.0014624007691939544 -9.7293233509489758e-05 0
leaf_weight=46 60.719706773757935 46.160393118858337 11.999999999999998
leaf_count=46 48 45 12
internal_value=0 0.000599902 -0.000766613
internal_weight=164.88 106.88 58
internal_count=151 93 58
is_linear=0
shrinkage=0.0168771


Tree=295
num_leaves=4
num_cat=0
split_feature=9 13 6
split_gain=0.26632 0.170312 0.131445
threshold=16.552142857142858 -0.37011355942225199 16.630714285714287
decision_type=2 2 2
left_child=2 -2 -1
right_child=1 -3 -4
leaf_value=-0.0025653594075871981 0.001335469803331701 0 0
leaf_weight=12.000000000000002 32.776645302772522 104.38715827465057 10.200000047683714
leaf_count=12 26 98 10
internal_value=0 0.000328796 -0.00155482
internal_weight=159.364 137.164 22.2
internal_count=146 124 22
is_linear=0
shrinkage=0.0168771


Tree=296
num_leaves=3
num_cat=0
split_feature=0 0
split_gain=0.361106 0.176022
threshold=15.000000000000002 64.500000000000014
decision_type=2 2
left_child=-1 -2
right_child=1 -3
leaf_value=-0.0018938491759963173 0.0010389349082792188 0
leaf_weight=14.999999999999998 81.846744179725647 59.684255957603455
leaf_count=15 75 54
internal_value=0.000131333 0.000535056
internal_weight=156.531 141.531
internal_count=144 129
is_linear=0
shrinkage=0.0168771


Tree=297
num_leaves=3
num_cat=0
split_feature=0 5
split_gain=0.257227 0.141004
threshold=27.500000000000004 17.372142857142858
decision_type=2 2
left_child=1 -1
right_child=-2 -3
leaf_value=-0.0018794424690818602 0.0004875123368322439 0
leaf_weight=21 118.92262959480286 13.838127017021177
leaf_count=21 107 12
internal_value=0 -0.00108338
internal_weight=153.761 34.8381
internal_count=140 33
is_linear=0
shrinkage=0.0168771


Tree=298
num_leaves=4
num_cat=0
split_feature=12 12 12
split_gain=0.118369 0.229741 0.155565
threshold=-0.71449845603534146 0.088671874454511093 -0.77781096100807179
decision_type=2 2 2
left_child=2 -2 -1
right_child=1 -3 -4
leaf_value=0 -0.0011324980450183985 0.00019099079798621727 0.0021957016677721999
leaf_weight=20.000000000000004 52.200747728347778 56.192881345748901 11.733541965484617
leaf_count=20 50 49 10
internal_value=0 -0.00025794 0.000871406
internal_weight=140.127 108.394 31.7335
internal_count=129 99 30
is_linear=0
shrinkage=0.0168771


Tree=299
num_leaves=2
num_cat=0
split_feature=0
split_gain=0.220347
threshold=15.000000000000002
decision_type=2
left_child=-1
right_child=-2
leaf_value=-0.0015563964468779327 0.00036628058624103274
leaf_weight=14.999999999999998 141.78204643726349
leaf_count=15 130
internal_value=1.69005e-05
internal_weight=156.782
internal_count=145
is_linear=0
shrinkage=0.0168771


Tree=300
num_leaves=3
num_cat=0
split_feature=7 7
split_gain=0.29715 0.130904
threshold=16.374285714285719 17.436428571428578
decision_type=2 2
left_child=-1 -2
right_child=1 -3
leaf_value=-0.001860071085505236 0.0012706989053876971 0
leaf_weight=19 25.638126969337463 114.53258585929871
leaf_count=19 24 104
internal_value=0 0.00024824
internal_weight=159.171 140.171
internal_count=147 128
is_linear=0
shrinkage=0.0168771


Tree=301
num_leaves=5
num_cat=0
split_feature=5 8 13 5
split_gain=0.238315 0.139054 0.161603 0.131518
threshold=18.871428571428574 0.65703596910905293 0.13816276855848655 19.426428571428573
decision_type=2 2 2 2
left_child=1 2 -1 -2
right_child=3 -3 -4 -5
leaf_value=-0.001851783634693161 0.0014504887167494844 0 0 0
leaf_weight=36 24.434747934341431 14.411808133125303 29 50.868001103401184
leaf_count=36 20 13 29 44
internal_value=-4.34654e-06 -0.000762015 -0.0011345 0.000506673
internal_weight=154.715 79.4118 65 75.3027
internal_count=142 78 65 64
is_linear=0
shrinkage=0.0168771


Tree=302
num_leaves=4
num_cat=0
split_feature=14 0 13
split_gain=0.187431 0.125921 0.154143
threshold=16.71285714285715 64.500000000000014 0.78727032463219804
decision_type=2 2 2
left_child=-1 2 -2
right_child=1 -3 -4
leaf_value=-0.00090193934800222712 0.0012999959182079773 0 0
leaf_weight=24.416079640388489 64.420537114143372 60.411797881126404 10.999999999999998
leaf_count=24 58 55 11
internal_value=0.000132615 0.000495195 0.00094456
internal_weight=160.248 135.832 75.4205
internal_count=148 124 69
is_linear=0
shrinkage=0.0168771


Tree=303
num_leaves=2
num_cat=0
split_feature=0
split_gain=0.263655
threshold=12.000000000000002
decision_type=2
left_child=-1
right_child=-2
leaf_value=-0.0016822063902004517 0.00035875658444823488
leaf_weight=17 142.71745038032532
leaf_count=17 132
internal_value=0
internal_weight=159.717
internal_count=149
is_linear=0
shrinkage=0.0168771


Tree=304
num_leaves=2
num_cat=0
split_feature=10
split_gain=0.263485
threshold=0.24928571428571433
decision_type=2
left_child=-1
right_child=-2
leaf_value=-0.0010710423696010235 0.0005450946357409372
leaf_weight=32.811159253120422 111.82213842868805
leaf_count=32 102
internal_value=1.26079e-05
internal_weight=144.633
internal_count=134
is_linear=0
shrinkage=0.0168771


Tree=305
num_leaves=2
num_cat=0
split_feature=11
split_gain=0.179111
threshold=20.279285714285717
decision_type=2
left_child=-1
right_child=-2
leaf_value=-0.00016505661449247591 0.0012983336670735154
leaf_weight=130.14508450031281 25.200220346450806
leaf_count=125 18
internal_value=0
internal_weight=155.345
internal_count=143
is_linear=0
shrinkage=0.0168771


Tree=306
num_leaves=2
num_cat=0
split_feature=3
split_gain=0.204971
threshold=0.27071428571428585
decision_type=2
left_child=-1
right_child=-2
leaf_value=-0.00042234918209668797 0.00074171062616554446
leaf_weight=44.856840372085571 103.68662762641907
leaf_count=44 91
internal_value=0.000240811
internal_weight=148.543
internal_count=135
is_linear=0
shrinkage=0.0168771


Tree=307
num_leaves=4
num_cat=0
split_feature=5 5 5
split_gain=0.182872 0.155091 0.126962
threshold=18.700000000000003 19.426428571428573 16.207857142857144
decision_type=2 2 2
left_child=2 -2 -1
right_child=1 -3 -4
leaf_value=2.3334432526954676e-05 0.0015972305219854204 0 -0.00086756783937673768
leaf_weight=10.999999999999998 25.691588163375854 54.384162187576294 76.058879852294922
leaf_count=11 21 48 75
internal_value=0 0.000589124 -0.000508727
internal_weight=167.135 80.0758 87.0589
internal_count=155 69 86
is_linear=0
shrinkage=0.0168771


Tree=308
num_leaves=3
num_cat=0
split_feature=0 0
split_gain=0.2301 0.155958
threshold=27.500000000000004 64.500000000000014
decision_type=2 2
left_child=-1 -2
right_child=1 -3
leaf_value=-0.0012439692713509211 0.00091203949100378484 0
leaf_weight=28.638126969337463 70.583417892456055 61.099582195281982
leaf_count=27 66 55
internal_value=0 0.00035239
internal_weight=160.321 131.683
internal_count=148 121
is_linear=0
shrinkage=0.0168771


Tree=309
num_leaves=2
num_cat=0
split_feature=0
split_gain=0.206118
threshold=12.000000000000002
decision_type=2
left_child=-1
right_child=-2
leaf_value=-0.0014157715372539669 0.00039037473158193791
leaf_weight=14.999999999999998 153.43721342086792
leaf_count=15 141
internal_value=7.73522e-05
internal_weight=168.437
internal_count=156
is_linear=0
shrinkage=0.0168771


Tree=310
num_leaves=2
num_cat=0
split_feature=12
split_gain=0.175336
threshold=-0.12298964110336134
decision_type=2
left_child=-1
right_child=-2
leaf_value=-0.0007865278328137679 0.00018843079039741083
leaf_weight=80.830266714096069 79.378956079483032
leaf_count=79 70
internal_value=-0.000171298
internal_weight=160.209
internal_count=149
is_linear=0
shrinkage=0.0168771


Tree=311
num_leaves=2
num_cat=0
split_feature=2
split_gain=0.222537
threshold=0.2442857142857143
decision_type=2
left_child=-1
right_child=-2
leaf_value=-0.0014776137941924521 0.00027712374172270072
leaf_weight=21 142.56807124614716
leaf_count=21 130
internal_value=0
internal_weight=163.568
internal_count=151
is_linear=0
shrinkage=0.0168771


Tree=312
num_leaves=3
num_cat=0
split_feature=9 5
split_gain=0.1559 0.149891
threshold=19.236428571428572 19.892857142857142
decision_type=2 2
left_child=-1 -2
right_child=1 -3
leaf_value=-0.00031816017243183368 0.0015928735587329935 0
leaf_weight=93.497006773948669 27.567679405212402 32.379276752471924
leaf_count=91 23 28
internal_value=0 0.0007424
internal_weight=153.444 59.947
internal_count=142 51
is_linear=0
shrinkage=0.0168771


Tree=313
num_leaves=3
num_cat=0
split_feature=3 3
split_gain=0.121714 0.184412
threshold=0.25642857142857151 0.35928571428571426
decision_type=2 2
left_child=-1 -2
right_child=1 -3
leaf_value=-0.00074981518884689106 0.0011714415501381718 0
leaf_weight=38.600000143051147 43.617886543273926 69.327298998832703
leaf_count=38 38 64
internal_value=0 0.00031269
internal_weight=151.545 112.945
internal_count=140 102
is_linear=0
shrinkage=0.0168771


Tree=314
num_leaves=3
num_cat=0
split_feature=5 5
split_gain=0.130932 0.181012
threshold=18.871428571428574 19.426428571428573
decision_type=2 2
left_child=-1 -2
right_child=1 -3
leaf_value=-0.0006273884362513007 0.0015396243126235083 0
leaf_weight=82.333661913871765 20.824817180633545 50.516247749328613
leaf_count=81 17 44
internal_value=-7.89061e-05 0.000251963
internal_weight=153.675 71.3411
internal_count=142 61
is_linear=0
shrinkage=0.0168771


Tree=315
num_leaves=3
num_cat=0
split_feature=13 10
split_gain=0.249463 0.158839
threshold=-0.6446676192687476 0.40357142857142864
decision_type=2 2
left_child=-1 -2
right_child=1 -3
leaf_value=0.0012185311491144635 -0.00088502333845497994 0
leaf_weight=19.862101435661316 108.07802295684814 31.467773199081421
leaf_count=16 101 31
internal_value=-0.000165701 -0.000540988
internal_weight=159.408 139.546
internal_count=148 132
is_linear=0
shrinkage=0.0168771


Tree=316
num_leaves=3
num_cat=0
split_feature=0 0
split_gain=0.159351 0.196169
threshold=27.500000000000004 64.500000000000014
decision_type=2 2
left_child=-1 -2
right_child=1 -3
leaf_value=-0.00093127439225663608 0.001077697385800959 0
leaf_weight=29.016079783439636 60.431973576545715 57.684255957603455
leaf_count=28 55 52
internal_value=0 0.000382381
internal_weight=147.132 118.116
internal_count=135 107
is_linear=0
shrinkage=0.0168771


Tree=317
num_leaves=2
num_cat=0
split_feature=7
split_gain=0.244325
threshold=16.374285714285719
decision_type=2
left_child=-1
right_child=-2
leaf_value=-0.0017180890211218951 0.00011050769069094283
leaf_weight=20 156.96735918521881
leaf_count=20 143
internal_value=0
internal_weight=176.967
internal_count=163
is_linear=0
shrinkage=0.0168771


Tree=318
num_leaves=3
num_cat=0
split_feature=5 5
split_gain=0.123532 0.273544
threshold=18.700000000000003 19.426428571428573
decision_type=2 2
left_child=-1 -2
right_child=1 -3
leaf_value=-0.00020318122848249392 0.0021176916799599274 0
leaf_weight=85.361731290817261 21.623588681221008 53.76102876663208
leaf_count=84 18 46
internal_value=5.98956e-05 0.000640579
internal_weight=160.746 75.3846
internal_count=148 64
is_linear=0
shrinkage=0.0168771


Tree=319
num_leaves=2
num_cat=0
split_feature=6
split_gain=0.131938
threshold=19.236428571428572
decision_type=2
left_child=-1
right_child=-2
leaf_value=-0.00029295891681632225 0.00069016007303678234
leaf_weight=91.284728050231934 59.010103940963745
leaf_count=89 50
internal_value=0
internal_weight=150.295
internal_count=139
is_linear=0
shrinkage=0.0168771


Tree=320
num_leaves=2
num_cat=0
split_feature=11
split_gain=0.152739
threshold=20.279285714285717
decision_type=2
left_child=-1
right_child=-2
leaf_value=-0.0001258089065233417 0.0012749389914227113
leaf_weight=149.05666542053223 22.370514750480652
leaf_count=143 16
internal_value=0
internal_weight=171.427
internal_count=159
is_linear=0
shrinkage=0.0168771


Tree=321
num_leaves=3
num_cat=0
split_feature=7 7
split_gain=0.141668 0.17818
threshold=16.374285714285719 17.436428571428578
decision_type=2 2
left_child=-1 -2
right_child=1 -3
leaf_value=-0.0014358138210736353 0.0011465445857223326 -0.00028244301139257114
leaf_weight=19 28.638126969337463 113.33995401859283
leaf_count=19 27 104
internal_value=-0.0001716 0
internal_weight=160.978 141.978
internal_count=150 131
is_linear=0
shrinkage=0.0168771


Tree=322
num_leaves=2
num_cat=0
split_feature=9
split_gain=0.154549
threshold=17.002857142857149
decision_type=2
left_child=-1
right_child=-2
leaf_value=-0.0011828453644644145 0
leaf_weight=30.400000095367432 121.62744212150574
leaf_count=30 112
internal_value=-0.000129293
internal_weight=152.027
internal_count=142
is_linear=0
shrinkage=0.0168771


Tree=323
num_leaves=2
num_cat=0
split_feature=3
split_gain=0.318526
threshold=0.25642857142857151
decision_type=2
left_child=-1
right_child=-2
leaf_value=-0.0012468350051676475 0.00045964494566671729
leaf_weight=37.45684027671814 129.45628201961517
leaf_count=37 116
internal_value=0
internal_weight=166.913
internal_count=153
is_linear=0
shrinkage=0.0168771


Tree=324
num_leaves=3
num_cat=0
split_feature=0 0
split_gain=0.120474 0.126777
threshold=27.500000000000004 64.500000000000014
decision_type=2 2
left_child=-1 -2
right_child=1 -3
leaf_value=-0.00074261102507879083 0.00086705316644029851 0
leaf_weight=28.416079640388489 67.808002710342407 61.377565979957581
leaf_count=28 63 55
internal_value=1.11125e-05 0.000359337
internal_weight=157.602 129.186
internal_count=146 118
is_linear=0
shrinkage=0.0168771


Tree=325
num_leaves=2
num_cat=0
split_feature=0
split_gain=0.121837
threshold=12.000000000000002
decision_type=2
left_child=-1
right_child=-2
leaf_value=-0.0012099358008807234 0.0002614571334265737
leaf_weight=13.999999999999998 142.51251137256622
leaf_count=14 131
internal_value=0
internal_weight=156.513
internal_count=145
is_linear=0
shrinkage=0.0168771


Tree=326
num_leaves=2
num_cat=0
split_feature=11
split_gain=0.119275
threshold=20.13214285714286
decision_type=2
left_child=-1
right_child=-2
leaf_value=-9.76306940278236e-05 0.00096284563443241463
leaf_weight=133.9626636505127 32.324576377868652
leaf_count=129 24
internal_value=0
internal_weight=166.287
internal_count=153
is_linear=0
shrinkage=0.0168771


Tree=327
num_leaves=2
num_cat=0
split_feature=7
split_gain=0.28469
threshold=16.374285714285719
decision_type=2
left_child=-1
right_child=-2
leaf_value=-0.002071528748228389 5.7114002006800253e-05
leaf_weight=15.999999999999998 133.95126020908356
leaf_count=16 124
internal_value=-5.85295e-05
internal_weight=149.951
internal_count=140
is_linear=0
shrinkage=0.0168771


Tree=328
num_leaves=2
num_cat=0
split_feature=10
split_gain=0.252939
threshold=0.2592857142857144
decision_type=2
left_child=-1
right_child=-2
leaf_value=-0.001398042076946462 0
leaf_weight=40.038398146629333 112.2707222700119
leaf_count=38 104
internal_value=-0.000276956
internal_weight=152.309
internal_count=142
is_linear=0
shrinkage=0.0168771


Tree=329
num_leaves=2
num_cat=0
split_feature=13
split_gain=0.12473
threshold=-0.59161098906002774
decision_type=2
left_child=-1
right_child=-2
leaf_value=0.001087979682751922 -0.00019779297858236401
leaf_weight=22.907401084899902 123.92427372932434
leaf_count=18 117
internal_value=0
internal_weight=146.832
internal_count=135
is_linear=0
shrinkage=0.0168771


Tree=330
num_leaves=2
num_cat=0
split_feature=2
split_gain=0.176051
threshold=0.42999999999999999
decision_type=2
left_child=-1
right_child=-2
leaf_value=-0.00019232717126140862 0.0013249218168330688
leaf_weight=126.35748755931854 22.927639126777649
leaf_count=119 20
internal_value=0
internal_weight=149.285
internal_count=139
is_linear=0
shrinkage=0.0168771


Tree=331
num_leaves=2
num_cat=0
split_feature=9
split_gain=0.181432
threshold=16.425000000000001
decision_type=2
left_child=-1
right_child=-2
leaf_value=-0.0014485935457296834 0.00022265437000394632
leaf_weight=18 154.23362648487091
leaf_count=18 141
internal_value=0
internal_weight=172.234
internal_count=159
is_linear=0
shrinkage=0.0168771


Tree=332
num_leaves=2
num_cat=0
split_feature=2
split_gain=0.241005
threshold=0.2442857142857143
decision_type=2
left_child=-1
right_child=-2
leaf_value=-0.0017869149997781521 1.2168632769828928e-05
leaf_weight=19 143.8231760263443
leaf_count=19 132
internal_value=-9.02382e-05
internal_weight=162.823
internal_count=151
is_linear=0
shrinkage=0.0168771


Tree=333
num_leaves=2
num_cat=0
split_feature=5
split_gain=0.149386
threshold=18.634285714285721
decision_type=2
left_child=-1
right_child=-2
leaf_value=-0.00028967136244537945 0.0006321369951092572
leaf_weight=78.604531407356262 88.481147050857544
leaf_count=77 76
internal_value=6.90744e-05
internal_weight=167.086
internal_count=153
is_linear=0
shrinkage=0.0168771


Tree=334
num_leaves=2
num_cat=0
split_feature=13
split_gain=0.147467
threshold=-0.6446676192687476
decision_type=2
left_child=-1
right_child=-2
leaf_value=0.00085566223962325015 -0.00044868887661214104
leaf_weight=20.82344377040863 127.63725292682648
leaf_count=17 122
internal_value=-0.000104688
internal_weight=148.461
internal_count=139
is_linear=0
shrinkage=0.0168771


Tree=335
num_leaves=2
num_cat=0
split_feature=0
split_gain=0.143221
threshold=12.000000000000002
decision_type=2
left_child=-1
right_child=-2
leaf_value=-0.0012746711429155629 0.00027975109008590164
leaf_weight=14.999999999999998 146.41901874542236
leaf_count=15 133
internal_value=0
internal_weight=161.419
internal_count=148
is_linear=0
shrinkage=0.0168771


Tree=336
num_leaves=3
num_cat=0
split_feature=3 3
split_gain=0.144409 0.202967
threshold=0.36142857142857149 0.25642857142857151
decision_type=2 2
left_child=1 -1
right_child=-2 -3
leaf_value=-0.00023692986936069965 -0.0007776212426211656 0.0012247045280865398
leaf_weight=36.856840372085571 60.596144556999207 36.500935912132263
leaf_count=36 58 32
internal_value=-7.69931e-05 0.000215428
internal_weight=133.954 73.3578
internal_count=126 68
is_linear=0
shrinkage=0.0168771


Tree=337
num_leaves=2
num_cat=0
split_feature=8
split_gain=0.211427
threshold=-0.60181334366401018
decision_type=2
left_child=-1
right_child=-2
leaf_value=-0.00054576694191612153 0.00063236381278797802
leaf_weight=61 101.17649233341217
leaf_count=61 91
internal_value=5.16243e-05
internal_weight=162.176
internal_count=152
is_linear=0
shrinkage=0.0168771


Tree=338
num_leaves=2
num_cat=0
split_feature=13
split_gain=0.124538
threshold=-0.6446676192687476
decision_type=2
left_child=-1
right_child=-2
leaf_value=0.0009051770664884151 -0.0003497230583412218
leaf_weight=19.842657685279846 136.32216227054596
leaf_count=16 128
internal_value=-3.56843e-05
internal_weight=156.165
internal_count=144
is_linear=0
shrinkage=0.0168771


Tree=339
num_leaves=2
num_cat=0
split_feature=0
split_gain=0.141833
threshold=12.000000000000002
decision_type=2
left_child=-1
right_child=-2
leaf_value=-0.0011146853677668602 0.00035804963103230176
leaf_weight=14.999999999999998 143.42697584629059
leaf_count=15 130
internal_value=6.20426e-05
internal_weight=158.427
internal_count=145
is_linear=0
shrinkage=0.0168771


Tree=340
num_leaves=2
num_cat=0
split_feature=11
split_gain=0.123365
threshold=20.279285714285717
decision_type=2
left_child=-1
right_child=-2
leaf_value=-0.0002545499337465701 0.0010032162563390341
leaf_weight=137.83330905437469 22.937833428382874
leaf_count=132 16
internal_value=0
internal_weight=160.771
internal_count=148
is_linear=0
shrinkage=0.0168771


Tree=341
num_leaves=2
num_cat=0
split_feature=11
split_gain=0.137938
threshold=20.13214285714286
decision_type=2
left_child=-1
right_child=-2
leaf_value=0 0.0010867358851913351
leaf_weight=121.93309247493744 32.116259098052979
leaf_count=117 24
internal_value=0.000115155
internal_weight=154.049
internal_count=141
is_linear=0
shrinkage=0.0168771


Tree=342
num_leaves=3
num_cat=0
split_feature=5 5
split_gain=0.133315 0.154298
threshold=18.871428571428574 16.207857142857144
decision_type=2 2
left_child=1 -1
right_child=-2 -3
leaf_value=0.00042678998162626531 0.00054779168595870775 -0.00088180214660343197
leaf_weight=10.999999999999998 71.29921281337738 70.542287588119507
leaf_count=11 61 69
internal_value=0 -0.000431197
internal_weight=152.842 81.5423
internal_count=141 80
is_linear=0
shrinkage=0.0168771


Tree=343
num_leaves=3
num_cat=0
split_feature=3 3
split_gain=0.181938 0.137564
threshold=0.25642857142857151 0.35928571428571426
decision_type=2 2
left_child=-1 -2
right_child=1 -3
leaf_value=-0.0010539542411937104 0.00091211200544781621 -9.6860644915925409e-05
leaf_weight=42.856840372085571 45.467452168464661 71.25581419467926
leaf_count=42 41 65
internal_value=-6.95122e-05 0.000121429
internal_weight=159.58 116.723
internal_count=148 106
is_linear=0
shrinkage=0.0168771


Tree=344
num_leaves=3
num_cat=0
split_feature=7 7
split_gain=0.128668 0.118919
threshold=20.172857142857151 20.687142857142859
decision_type=2 2
left_child=-1 -2
right_child=1 -3
leaf_value=0.00055914135296843126 -0.0012117431156123193 0
leaf_weight=121.7558571100235 23.436134457588196 11.542716503143309
leaf_count=115 21 9
internal_value=0.000211571 -0.000356605
internal_weight=156.735 34.9789
internal_count=145 30
is_linear=0
shrinkage=0.0168771


Tree=345
num_leaves=3
num_cat=0
split_feature=5 5
split_gain=0.121909 0.13667
threshold=18.634285714285721 19.426428571428573
decision_type=2 2
left_child=-1 -2
right_child=1 -3
leaf_value=-0.00067649096628345036 0.0011131920845698729 -3.4543185740277933e-05
leaf_weight=73.188451766967773 29.824817180633545 52.928988933563232
leaf_count=72 26 46
internal_value=-0.000106805 0.00014122
internal_weight=155.942 82.7538
internal_count=144 72
is_linear=0
shrinkage=0.0168771


Tree=346
num_leaves=2
num_cat=0
split_feature=0
split_gain=0.190326
threshold=27.500000000000004
decision_type=2
left_child=-1
right_child=-2
leaf_value=-0.0013012225526754285 0.00013853892076922116
leaf_weight=27.600000143051147 129.68194222450256
leaf_count=27 120
internal_value=0
internal_weight=157.282
internal_count=147
is_linear=0
shrinkage=0.0168771


Tree=347
num_leaves=2
num_cat=0
split_feature=2
split_gain=0.187291
threshold=0.4592857142857143
decision_type=2
left_child=-1
right_child=-2
leaf_value=-0.0003734189013603745 0.0015636948638736185
leaf_weight=147.00901472568512 10.733541965484617
leaf_count=139 9
internal_value=-7.60899e-05
internal_weight=157.743
internal_count=148
is_linear=0
shrinkage=0.0168771


Tree=348
num_leaves=2
num_cat=0
split_feature=13
split_gain=0.12472
threshold=-0.078854860853389538
decision_type=2
left_child=-1
right_child=-2
leaf_value=0.00047246914191747668 -0.0004447056612714459
leaf_weight=65.934403538703918 99.005036234855652
leaf_count=57 97
internal_value=0
internal_weight=164.939
internal_count=154
is_linear=0
shrinkage=0.0168771


Tree=349
num_leaves=3
num_cat=0
split_feature=13 13
split_gain=0.142804 0.126809
threshold=-0.078854860853389538 0.035730924075443829
decision_type=2 2
left_child=-1 -2
right_child=1 -3
leaf_value=0.0002825655851822331 -0.0018054233999521112 0
leaf_weight=58.283931374549866 20 71.404459595680237
leaf_count=52 20 69
internal_value=-0.000135026 -0.000639491
internal_weight=149.688 91.4045
internal_count=141 89
is_linear=0
shrinkage=0.0168771


Tree=350
num_leaves=2
num_cat=0
split_feature=7
split_gain=0.214774
threshold=16.374285714285719
decision_type=2
left_child=-1
right_child=-2
leaf_value=-0.0016475570712910679 0.00010610929523224692
leaf_weight=19 147.12769246101379
leaf_count=19 135
internal_value=0
internal_weight=166.128
internal_count=154
is_linear=0
shrinkage=0.0168771


Tree=351
num_leaves=2
num_cat=0
split_feature=2
split_gain=0.171535
threshold=0.42999999999999999
decision_type=2
left_child=-1
right_child=-2
leaf_value=-0.00042044316277388736 0.00096351076558610265
leaf_weight=128.58529603481293 24.927639126777649
leaf_count=120 22
internal_value=-3.86352e-05
internal_weight=153.513
internal_count=142
is_linear=0
shrinkage=0.0168771


Tree=352
num_leaves=2
num_cat=0
split_feature=0
split_gain=0.117565
threshold=15.000000000000002
decision_type=2
left_child=-1
right_child=-2
leaf_value=-0.00085217170465555221 0.00041259385451978842
leaf_weight=13.999999999999998 139.95503115653992
leaf_count=14 127
internal_value=0.000140975
internal_weight=153.955
internal_count=141
is_linear=0
shrinkage=0.0168771


Tree=353
num_leaves=3
num_cat=0
split_feature=5 5
split_gain=0.137543 0.214132
threshold=18.634285714285721 19.426428571428573
decision_type=2 2
left_child=-1 -2
right_child=1 -3
leaf_value=-0.00038665465542664709 0.0016603960729449424 0
leaf_weight=81.404531359672546 28.84694504737854 51.688594460487366
leaf_count=80 25 45
internal_value=0 0.00056428
internal_weight=161.94 80.5355
internal_count=150 70
is_linear=0
shrinkage=0.0168771


Tree=354
num_leaves=4
num_cat=0
split_feature=5 5 5
split_gain=0.192933 0.216601 0.180648
threshold=18.700000000000003 19.426428571428573 16.207857142857144
decision_type=2 2 2
left_child=2 -2 -1
right_child=1 -3 -4
leaf_value=0.00022899054107454098 0.0016668983392410157 0 -0.0010728480183046086
leaf_weight=9.9999999999999982 25.914944529533386 47.421270966529846 72.953105568885803
leaf_count=10 21 42 72
internal_value=0 0.000491345 -0.000652387
internal_weight=156.289 73.3362 82.9531
internal_count=145 63 82
is_linear=0
shrinkage=0.0168771


Tree=355
num_leaves=2
num_cat=0
split_feature=13
split_gain=0.131324
threshold=-0.37011355942225199
decision_type=2
left_child=-1
right_child=-2
leaf_value=0.00099960952160845482 -0.00011044181210506272
leaf_weight=33.217470169067383 105.54473328590393
leaf_count=27 102
internal_value=1.215e-05
internal_weight=138.762
internal_count=129
is_linear=0
shrinkage=0.0168771


Tree=356
num_leaves=3
num_cat=0
split_feature=0 0
split_gain=0.173961 0.179409
threshold=27.500000000000004 64.500000000000014
decision_type=2 2
left_child=-1 -2
right_child=1 -3
leaf_value=-0.00071000949642337132 0.0010879858267642335 0
leaf_weight=30.81607973575592 70.651417374610901 64.299862027168274
leaf_count=30 65 57
internal_value=0.000142645 0.000510851
internal_weight=165.767 134.951
internal_count=152 122
is_linear=0
shrinkage=0.0168771


Tree=357
num_leaves=2
num_cat=0
split_feature=8
split_gain=0.157176
threshold=-0.60181334366401018
decision_type=2
left_child=-1
right_child=-2
leaf_value=-0.00062697185115686844 0.00044704321973929024
leaf_weight=56 105.22073602676392
leaf_count=56 93
internal_value=0
internal_weight=161.221
internal_count=149
is_linear=0
shrinkage=0.0168771


Tree=358
num_leaves=3
num_cat=0
split_feature=7 7
split_gain=0.201675 0.154983
threshold=16.58071428571429 17.436428571428578
decision_type=2 2
left_child=-1 -2
right_child=1 -3
leaf_value=-0.0013365663217249273 0.0016356230589548314 0
leaf_weight=22 18.42204737663269 104.2777487039566
leaf_count=22 17 94
internal_value=0 0.000320915
internal_weight=144.7 122.7
internal_count=133 111
is_linear=0
shrinkage=0.0168771


Tree=359
num_leaves=3
num_cat=0
split_feature=13 0
split_gain=0.149608 0.143243
threshold=-0.078854860853389538 27.500000000000004
decision_type=2 2
left_child=-1 -2
right_child=1 -3
leaf_value=0.00077776434211793111 -0.0012478680939702455 0
leaf_weight=64.998904228210449 25 75.228392601013184
leaf_count=55 25 73
internal_value=8.21702e-05 -0.000160808
internal_weight=165.227 100.228
internal_count=153 98
is_linear=0
shrinkage=0.0168771


Tree=360
num_leaves=3
num_cat=0
split_feature=5 5
split_gain=0.163085 0.176957
threshold=18.634285714285721 19.426428571428573
decision_type=2 2
left_child=-1 -2
right_child=1 -3
leaf_value=-0.00042538177538684432 0.0016433871223838249 0
leaf_weight=76.561731338500977 27.623588681221008 47.712310433387756
leaf_count=75 24 42
internal_value=0 0.000640201
internal_weight=151.898 75.3359
internal_count=141 66
is_linear=0
shrinkage=0.0168771


Tree=361
num_leaves=2
num_cat=0
split_feature=7
split_gain=0.152064
threshold=16.554285714285719
decision_type=2
left_child=-1
right_child=-2
leaf_value=-0.0014356513932306727 4.1207730803998934e-05
leaf_weight=18 133.59756588935852
leaf_count=18 123
internal_value=-1.28316e-05
internal_weight=151.598
internal_count=141
is_linear=0
shrinkage=0.0168771


Tree=362
num_leaves=2
num_cat=0
split_feature=0
split_gain=0.143206
threshold=27.500000000000004
decision_type=2
left_child=-1
right_child=-2
leaf_value=-0.0010934066082191858 8.2861352055542493e-05
leaf_weight=30.438126921653748 136.02550506591797
leaf_count=29 125
internal_value=-1.49795e-05
internal_weight=166.464
internal_count=154
is_linear=0
shrinkage=0.0168771


Tree=363
num_leaves=2
num_cat=0
split_feature=9
split_gain=0.156018
threshold=16.552142857142858
decision_type=2
left_child=-1
right_child=-2
leaf_value=-0.0013709454368692527 0
leaf_weight=23.200000047683716 134.71479690074921
leaf_count=23 125
internal_value=-0.000169901
internal_weight=157.915
internal_count=148
is_linear=0
shrinkage=0.0168771


Tree=364
num_leaves=2
num_cat=0
split_feature=8
split_gain=0.133946
threshold=-0.10610713285028134
decision_type=2
left_child=-1
right_child=-2
leaf_value=-0.00053822725418369933 0.00038705243038445852
leaf_weight=92.903455495834351 66.678197741508484
leaf_count=91 58
internal_value=-1.36471e-05
internal_weight=159.582
internal_count=149
is_linear=0
shrinkage=0.0168771


Tree=365
num_leaves=2
num_cat=0
split_feature=2
split_gain=0.143001
threshold=0.42999999999999999
decision_type=2
left_child=-1
right_child=-2
leaf_value=-0.00017826133343520334 0.0011397867102126708
leaf_weight=140.63619339466095 24.927639126777649
leaf_count=132 22
internal_value=0
internal_weight=165.564
internal_count=154
is_linear=0
shrinkage=0.0168771


Tree=366
num_leaves=2
num_cat=0
split_feature=0
split_gain=0.163059
threshold=12.000000000000002
decision_type=2
left_child=-1
right_child=-2
leaf_value=-0.0014888987740375396 0.00024020814545478681
leaf_weight=13.999999999999998 152.17034900188446
leaf_count=14 140
internal_value=0
internal_weight=166.17
internal_count=154
is_linear=0
shrinkage=0.0168771


Tree=367
num_leaves=2
num_cat=0
split_feature=13
split_gain=0.199465
threshold=-0.57355038044720918
decision_type=2
left_child=-1
right_child=-2
leaf_value=0.00098677009515547279 -0.00051552114144483763
leaf_weight=21.428244948387146 137.14568686485291
leaf_count=17 130
internal_value=-0.000159546
internal_weight=158.574
internal_count=147
is_linear=0
shrinkage=0.0168771


Tree=368
num_leaves=2
num_cat=0
split_feature=10
split_gain=0.141545
threshold=0.24928571428571433
decision_type=2
left_child=-1
right_child=-2
leaf_value=-0.001014887883177047 0.0001172774685720653
leaf_weight=34.622318506240845 118.34744119644165
leaf_count=33 107
internal_value=-9.3423e-06
internal_weight=152.97
internal_count=140
is_linear=0
shrinkage=0.0168771


Tree=369
num_leaves=2
num_cat=0
split_feature=9
split_gain=0.122702
threshold=16.177857142857142
decision_type=2
left_child=-1
right_child=-2
leaf_value=-0.0011534155853656475 0.00022071032407235063
leaf_weight=18 143.36750292778015
leaf_count=18 132
internal_value=0
internal_weight=161.368
internal_count=150
is_linear=0
shrinkage=0.0168771


Tree=370
num_leaves=2
num_cat=0
split_feature=2
split_gain=0.120317
threshold=0.2442857142857143
decision_type=2
left_child=-1
right_child=-2
leaf_value=-0.0012401315499994581 6.2058330920537034e-05
leaf_weight=19 144.44374799728394
leaf_count=19 132
internal_value=0
internal_weight=163.444
internal_count=151
is_linear=0
shrinkage=0.0168771


Tree=371
num_leaves=2
num_cat=0
split_feature=11
split_gain=0.140398
threshold=20.240000000000009
decision_type=2
left_child=-1
right_child=-2
leaf_value=-0.00023038104191130476 0.0010354682712411893
leaf_weight=136.9514102935791 27.459676265716553
leaf_count=132 20
internal_value=0
internal_weight=164.411
internal_count=152
is_linear=0
shrinkage=0.0168771


Tree=372
num_leaves=2
num_cat=0
split_feature=0
split_gain=0.164201
threshold=12.000000000000002
decision_type=2
left_child=-1
right_child=-2
leaf_value=-0.0014311587812313447 0.00028945861447161653
leaf_weight=13.999999999999998 141.8073902130127
leaf_count=14 131
internal_value=0
internal_weight=155.807
internal_count=145
is_linear=0
shrinkage=0.0168771


Tree=373
num_leaves=2
num_cat=0
split_feature=0
split_gain=0.123944
threshold=27.500000000000004
decision_type=2
left_child=-1
right_child=-2
leaf_value=-0.00057600424783205368 0.00043527343091143053
leaf_weight=31.438126921653748 131.8698216676712
leaf_count=30 119
internal_value=9.90388e-05
internal_weight=163.308
internal_count=149
is_linear=0
shrinkage=0.0168771


Tree=374
num_leaves=2
num_cat=0
split_feature=2
split_gain=0.183098
threshold=0.42999999999999999
decision_type=2
left_child=-1
right_child=-2
leaf_value=-0.00039656700989035889 0.0011537262677430403
leaf_weight=127.37178957462311 20.888981461524963
leaf_count=120 18
internal_value=-1.18149e-05
internal_weight=148.261
internal_count=138
is_linear=0
shrinkage=0.0168771


Tree=375
num_leaves=2
num_cat=0
split_feature=8
split_gain=0.123675
threshold=-0.60181334366401018
decision_type=2
left_child=-1
right_child=-2
leaf_value=-0.00052971945944718017 0.0004090796686864876
leaf_weight=61 100.41912531852722
leaf_count=61 88
internal_value=0
internal_weight=161.419
internal_count=149
is_linear=0
shrinkage=0.0168771


Tree=376
num_leaves=3
num_cat=0
split_feature=5 5
split_gain=0.142153 0.148663
threshold=17.317142857142859 19.426428571428573
decision_type=2 2
left_child=-1 -2
right_child=1 -3
leaf_value=-0.00086624334704711755 0.00088556289967284588 -8.7966520529060248e-05
leaf_weight=42.416079640388489 58.783971071243286 53.235596060752869
leaf_count=42 54 47
internal_value=0 0.000237357
internal_weight=154.436 112.02
internal_count=143 101
is_linear=0
shrinkage=0.0168771


Tree=377
num_leaves=2
num_cat=0
split_feature=8
split_gain=0.179166
threshold=-0.60181334366401018
decision_type=2
left_child=-1
right_child=-2
leaf_value=-0.00078481309558088195 0.0003713028635937744
leaf_weight=54 112.97734141349792
leaf_count=54 100
internal_value=0
internal_weight=166.977
internal_count=154
is_linear=0
shrinkage=0.0168771


Tree=378
num_leaves=2
num_cat=0
split_feature=2
split_gain=0.15653
threshold=0.4592857142857143
decision_type=2
left_child=-1
right_child=-2
leaf_value=-0.00030363530583102903 0.0014973854842113316
leaf_weight=149.55147421360016 10.733541965484617
leaf_count=141 9
internal_value=-2.10733e-05
internal_weight=160.285
internal_count=150
is_linear=0
shrinkage=0.0168771


Tree=379
num_leaves=2
num_cat=0
split_feature=8
split_gain=0.196176
threshold=-0.60181334366401018
decision_type=2
left_child=-1
right_child=-2
leaf_value=-0.00063548563111630514 0.00055146845923905472
leaf_weight=56 102.59041559696198
leaf_count=56 89
internal_value=0
internal_weight=158.59
internal_count=145
is_linear=0
shrinkage=0.0168771


Tree=380
num_leaves=2
num_cat=0
split_feature=11
split_gain=0.176798
threshold=20.240000000000009
decision_type=2
left_child=-1
right_child=-2
leaf_value=-0.00047482907216468158 0.00083563364154629429
leaf_weight=133.26172244548798 27.667993545532227
leaf_count=129 20
internal_value=-0.000101843
internal_weight=160.93
internal_count=149
is_linear=0
shrinkage=0.0168771


Tree=381
num_leaves=4
num_cat=0
split_feature=5 5 5
split_gain=0.122595 0.195909 0.150545
threshold=18.634285714285721 19.426428571428573 16.207857142857144
decision_type=2 2 2
left_child=2 -2 -1
right_child=1 -3 -4
leaf_value=0.00050191738142508395 0.0015163864776269111 0 -0.00085499382821322475
leaf_weight=9.9999999999999982 30.880428910255432 55.52294385433197 69.094226002693176
leaf_count=10 27 48 68
internal_value=0 0.00049525 -0.000398333
internal_weight=165.498 86.4034 79.0942
internal_count=153 75 78
is_linear=0
shrinkage=0.0168771


Tree=382
num_leaves=2
num_cat=0
split_feature=13
split_gain=0.118332
threshold=-0.6446676192687476
decision_type=2
left_child=-1
right_child=-2
leaf_value=0.00097676297869049708 -0.00027700631525324804
leaf_weight=20.885457754135132 140.42034089565277
leaf_count=17 133
internal_value=0
internal_weight=161.306
internal_count=150
is_linear=0
shrinkage=0.0168771


Tree=383
num_leaves=2
num_cat=0
split_feature=13
split_gain=0.117508
threshold=-0.078854860853389538
decision_type=2
left_child=-1
right_child=-2
leaf_value=0.00050755071046088148 -0.00041988742589624641
leaf_weight=62.888331055641174 90.782711625099182
leaf_count=53 88
internal_value=0
internal_weight=153.671
internal_count=141
is_linear=0
shrinkage=0.0168771


Tree=384
num_leaves=2
num_cat=0
split_feature=2
split_gain=0.15354
threshold=0.42999999999999999
decision_type=2
left_child=-1
right_child=-2
leaf_value=-0.00021120798291006214 0.001163444170511269
leaf_weight=125.84968936443329 25.150995492935181
leaf_count=118 22
internal_value=0
internal_weight=151.001
internal_count=140
is_linear=0
shrinkage=0.0168771


Tree=385
num_leaves=3
num_cat=0
split_feature=11 7
split_gain=0.148634 0.167381
threshold=19.232857142857146 16.374285714285719
decision_type=2 2
left_child=1 -1
right_child=-2 -3
leaf_value=-0.00037450642149843954 -0.00071221705830851374 0.00089872293804185688
leaf_weight=20 60.725730895996094 64.581916213035583
leaf_count=20 54 62
internal_value=0 0.000338994
internal_weight=145.308 84.5819
internal_count=136 82
is_linear=0
shrinkage=0.0168771


Tree=386
num_leaves=3
num_cat=0
split_feature=9 7
split_gain=0.143032 0.136604
threshold=17.177142857142858 17.860714285714291
decision_type=2 2
left_child=-1 -2
right_child=1 -3
leaf_value=-0.0010584395562959455 0.0013075138191354326 -3.6481003723594877e-05
leaf_weight=34.400000095367432 19.822047233581543 101.26480388641357
leaf_count=34 19 90
internal_value=-8.56514e-05 2.83046e-05
internal_weight=155.487 121.087
internal_count=143 109
is_linear=0
shrinkage=0.0168771


Tree=387
num_leaves=2
num_cat=0
split_feature=7
split_gain=0.135925
threshold=16.374285714285719
decision_type=2
left_child=-1
right_child=-2
leaf_value=-0.0012895621704252438 0.00016821256406465148
leaf_weight=18 136.18323111534119
leaf_count=18 124
internal_value=0
internal_weight=154.183
internal_count=142
is_linear=0
shrinkage=0.0168771


Tree=388
num_leaves=2
num_cat=0
split_feature=8
split_gain=0.127043
threshold=0.31706491986378321
decision_type=2
left_child=-1
right_child=-2
leaf_value=-0.00066796283975087997 9.1923113124533769e-05
leaf_weight=104.50291407108307 52.716154932975769
leaf_count=101 46
internal_value=-0.000276138
internal_weight=157.219
internal_count=147
is_linear=0
shrinkage=0.0168771


Tree=389
num_leaves=2
num_cat=0
split_feature=13
split_gain=0.12379
threshold=-0.078854860853389538
decision_type=2
left_child=-1
right_child=-2
leaf_value=0.00037394350199496703 -0.00051240259506193594
leaf_weight=61.60540509223938 97.594332098960876
leaf_count=51 95
internal_value=-3.05708e-05
internal_weight=159.2
internal_count=146
is_linear=0
shrinkage=0.0168771


Tree=390
num_leaves=2
num_cat=0
split_feature=7
split_gain=0.162903
threshold=16.374285714285719
decision_type=2
left_child=-1
right_child=-2
leaf_value=-0.0015154559673881917 0
leaf_weight=20 133.01162731647491
leaf_count=20 125
internal_value=-0.00019981
internal_weight=153.012
internal_count=145
is_linear=0
shrinkage=0.0168771


Tree=391
num_leaves=3
num_cat=0
split_feature=5 5
split_gain=0.231125 0.204468
threshold=18.634285714285721 19.892857142857142
decision_type=2 2
left_child=-1 -2
right_child=1 -3
leaf_value=-0.00069160839625643144 0.0013248325775605811 0
leaf_weight=63.858879804611206 49.577736854553223 42.074163675308228
leaf_count=63 44 36
internal_value=0 0.000598675
internal_weight=155.511 91.6519
internal_count=143 80
is_linear=0
shrinkage=0.0168771


Tree=392
num_leaves=2
num_cat=0
split_feature=11
split_gain=0.196966
threshold=20.13214285714286
decision_type=2
left_child=-1
right_child=-2
leaf_value=-0.00053182252689238556 0.00075682660373480189
leaf_weight=125.24903130531311 34.889765977859497
leaf_count=121 26
internal_value=-0.000105062
internal_weight=160.139
internal_count=147
is_linear=0
shrinkage=0.0168771


Tree=393
num_leaves=3
num_cat=0
split_feature=11 11
split_gain=0.136783 0.129358
threshold=20.279285714285717 19.232857142857146
decision_type=2 2
left_child=1 -1
right_child=-2 -3
leaf_value=1.1912079963764489e-05 0.0012326145968047739 -0.00088461109972842646
leaf_weight=86.20863664150238 20.375574827194214 48.723224520683289
leaf_count=84 14 46
internal_value=0 -0.000161046
internal_weight=155.307 134.932
internal_count=144 130
is_linear=0
shrinkage=0.0168771


Tree=394
num_leaves=2
num_cat=0
split_feature=9
split_gain=0.118984
threshold=19.368571428571428
decision_type=2
left_child=-1
right_child=-2
leaf_value=-0.00035591465147988808 0.00062063009647236704
leaf_weight=80.297006726264954 57.706511735916138
leaf_count=78 48
internal_value=0
internal_weight=138.004
internal_count=126
is_linear=0
shrinkage=0.0168771


Tree=395
num_leaves=2
num_cat=0
split_feature=2
split_gain=0.126764
threshold=0.42999999999999999
decision_type=2
left_child=-1
right_child=-2
leaf_value=-0.00032552795620030886 0.00089151935124352115
leaf_weight=138.16704392433167 23.704282760620117
leaf_count=129 21
internal_value=0
internal_weight=161.871
internal_count=150
is_linear=0
shrinkage=0.0168771


Tree=396
num_leaves=2
num_cat=0
split_feature=4
split_gain=0.12314
threshold=18.816428571428574
decision_type=2
left_child=-1
right_child=-2
leaf_value=0.0005947861806602973 -0.00027023691744574874
leaf_weight=77.771669030189514 86.660023927688599
leaf_count=74 77
internal_value=8.16569e-06
internal_weight=164.432
internal_count=151
is_linear=0
shrinkage=0.0168771


end of trees

feature_importances:
Column_0=162
Column_10=160
Column_1=157
Column_5=132
Column_13=132
Column_3=101
Column_8=95
Column_11=79
Column_9=70
Column_7=67
Column_2=66
Column_12=58
Column_6=49
Column_4=29
Column_14=27

parameters:
[boosting: gbdt]
[objective: regression]
[metric: l1]
[tree_learner: serial]
[device_type: cpu]
[data_sample_strategy: bagging]
[data: ]
[valid: ]
[num_iterations: 3000]
[learning_rate: 0.0168771]
[num_leaves: 26]
[num_threads: -1]
[seed: 43]
[deterministic: 0]
[force_col_wise: 0]
[force_row_wise: 0]
[histogram_pool_size: -1]
[max_depth: 4]
[min_data_in_leaf: 10]
[min_sum_hessian_in_leaf: 0.001]
[bagging_fraction: 0.743593]
[pos_bagging_fraction: 1]
[neg_bagging_fraction: 1]
[bagging_freq: 1]
[bagging_seed: 43]
[bagging_by_query: 0]
[feature_fraction: 0.681046]
[feature_fraction_bynode: 1]
[feature_fraction_seed: 21351]
[extra_trees: 0]
[extra_seed: 16806]
[early_stopping_round: 0]
[early_stopping_min_delta: 0]
[first_metric_only: 0]
[max_delta_step: 0]
[lambda_l1: 1.32832]
[lambda_l2: 2.91472]
[linear_lambda: 0]
[min_gain_to_split: 0.117378]
[drop_rate: 0.1]
[max_drop: 50]
[skip_drop: 0.5]
[xgboost_dart_mode: 0]
[uniform_drop: 0]
[drop_seed: 2965]
[top_rate: 0.2]
[other_rate: 0.1]
[min_data_per_group: 100]
[max_cat_threshold: 32]
[cat_l2: 10]
[cat_smooth: 10]
[max_cat_to_onehot: 4]
[top_k: 20]
[monotone_constraints: ]
[monotone_constraints_method: basic]
[monotone_penalty: 0]
[feature_contri: ]
[forcedsplits_filename: ]
[refit_decay_rate: 0.9]
[cegb_tradeoff: 1]
[cegb_penalty_split: 0]
[cegb_penalty_feature_lazy: ]
[cegb_penalty_feature_coupled: ]
[path_smooth: 0]
[interaction_constraints: ]
[verbosity: -1]
[saved_feature_importance_type: 0]
[use_quantized_grad: 0]
[num_grad_quant_bins: 4]
[quant_train_renew_leaf: 0]
[stochastic_rounding: 1]
[linear_tree: 0]
[max_bin: 255]
[max_bin_by_feature: ]
[min_data_in_bin: 3]
[bin_construct_sample_cnt: 200000]
[data_random_seed: 179]
[is_enable_sparse: 1]
[enable_bundle: 1]
[use_missing: 1]
[zero_as_missing: 0]
[feature_pre_filter: 1]
[pre_partition: 0]
[two_round: 0]
[header: 0]
[label_column: ]
[weight_column: ]
[group_column: ]
[ignore_column: ]
[categorical_feature: ]
[forcedbins_filename: ]
[precise_float_parser: 0]
[parser_config_file: ]
[objective_seed: 26397]
[num_class: 1]
[is_unbalance: 0]
[scale_pos_weight: 1]
[sigmoid: 1]
[boost_from_average: 1]
[reg_sqrt: 0]
[alpha: 0.9]
[fair_c: 1]
[poisson_max_delta_step: 0.7]
[tweedie_variance_power: 1.5]
[lambdarank_truncation_level: 30]
[lambdarank_norm: 1]
[label_gain: ]
[lambdarank_position_bias_regularization: 0]
[eval_at: ]
[multi_error_top_k: 1]
[auc_mu_weights: ]
[num_machines: 1]
[local_listen_port: 12400]
[time_out: 120]
[machine_list_filename: ]
[machines: ]
[gpu_platform_id: -1]
[gpu_device_id: -1]
[gpu_use_dp: 0]
[num_gpu: 1]

end of parameters

pandas_categorical:null
