tree
version=v4
num_class=1
num_tree_per_iteration=1
label_index=0
max_feature_idx=14
objective=regression
feature_names=Column_0 Column_1 Column_2 Column_3 Column_4 Column_5 Column_6 Column_7 Column_8 Column_9 Column_10 Column_11 Column_12 Column_13 Column_14
feature_infos=[7:79] [-12.280119047619047:17.856547619047618] [0.19428571428571431:0.53142857142857147] [0.18857142857142861:0.53142857142857147] [14.967142857142861:21.148571428571429] [15.074285714285709:21.148571428571429] [14.967142857142861:21.148571428571429] [15.074285714285709:21.148571428571429] [-0.89692804572128126:2.0472496932461151] [15.074285714285709:21.13428571428571] [0.2014285714285714:0.53142857142857147] [15.222857142857141:21.034285714285719] [-1.056707518441337:2.3394626208714082] [-1.0769691441085314:1.2531399449927134] [14.967142857142861:21.148571428571429]
tree_sizes=1004 909 804 821 1001 718 820 840 948 909 820 753 685 892 821 916 905 797 920 706 826 904 937 744 817 745 744 720 919 629 905 921 928 705 925 843 905 829 817 928 719 826 666 810 787 822 875 699 704 734 941 854 790 687 813 744 841 727 828 736 815 918 905 811 811 657 946 724 804 808 788 690 716 716 762 686 791 801 675 797 854 674 817 833 960 630 705 667 840 609 710 785 740 828 807 883 644 696 643 726 790 695 831 715 687 715 624 757 703 785 727 607 791 830 723 728 845 693 709 620 658 708 720 677 837 630 630 614 837 801 726 545 563 699 744 661 700 818 721 722 824 773 727 784 630 823 699 715 596 700 642 840 726 577 697 802 611 790 607 667 558 614 632 859 695 719 799 586 617 826 723 740 532 646 589 689 692 625 638 530 542 611 605 643 691 524 794 607 762 694 518 563 623 784 688 824 688 715 703 616 588 611 536 616 639 566 711 480 535 734 599 640 649 613 599 614 610 665 530 524 711 443 723 651 429 515 634 593 355 427 429 527 464 631 516 450 351 361 514 433 440 533 541 517 656 533 429 636 512 515 514 374 355 641 539 624 445 516 372 462 373 372 428 603 461 456 571 623 444 457 533 357 582 441 357 372 528 410 564 588 435 360 475 361 374 430 514 361 375 347 618 364 569 530 520 344 443 372 373 362 445 349 523 429 741 409 518 362 360 439 545 374 360 371 370 345 618 537 601 345 374 350 434 534 361 428 373 363 362 556 632 432 459 345 360 467 553 456 564 451 361 453 443 364 357 350 345 467 375 361 362 448 376 453 361 352 365 353 371 375 362 370 373 443 363 364 372 449 371 457 372 570 364 448 371 425 370 345 348 361 611 352 375 481 361 576 372 349 362 361 364 361 363 347 346 457 356 372 372 362 445 350 455 373 372 350 353 476

Tree=0
num_leaves=9
num_cat=0
split_feature=5 9 13 2 10 9 10 13
split_gain=47.6183 14.3935 12.1596 5.82579 3.99221 2.01672 0.382452 0.248028
threshold=18.605714285714289 16.365000000000006 -0.38615328583938019 0.3635714285714286 0.25214285714285717 19.867857142857144 0.40285714285714291 -0.33535560063575121
decision_type=2 2 2 2 2 2 2 2
left_child=1 -1 -2 6 -3 -5 -4 -6
right_child=2 4 3 5 7 -7 -8 -9
leaf_value=2.6639327367902395 2.7067531271106375 2.6770978246244059 2.6989035928398999 2.6846997019872894 2.6890399311078497 2.6914977736720958 2.6897391904028032 2.6862145606781933
leaf_weight=15.999999999999998 19.722130298614502 15.999999999999998 20.8005964756012 25 10.200000047683714 19.465095043182373 9.9999999999999982 17.000000000000004
leaf_count=16 13 16 18 25 10 19 10 17
internal_value=2.68808 2.67666 2.69555 2.69173 2.68308 2.68781 2.69702 2.68781
internal_weight=154.188 59.2 94.9878 75.2657 43.2 44.4651 30.8006 27.2
internal_count=144 59 85 72 43 44 28 27
is_linear=0
shrinkage=1


Tree=1
num_leaves=8
num_cat=0
split_feature=5 8 8 0 13 10 4
split_gain=68.0843 22.7844 19.9951 7.73413 7.29301 1.12887 0.348211
threshold=17.926428571428573 1.0000000180025095e-35 -0.18024946633210806 20.500000000000004 0.4188861480126011 0.40285714285714291 17.827857142857145
decision_type=2 2 2 2 2 2 2
left_child=1 3 5 -1 -4 -2 -5
right_child=2 -3 4 6 -6 -7 -8
leaf_value=-0.032002317011937967 -0.0051108359188294763 0.004644587660904506 0.016332752686215059 -0.014572668363214396 0.0033569639507240513 0 -0.0036184165926726117
leaf_weight=12.999999999999998 18 10.442403197288511 48.801570057868958 20.000000000000004 25 14.999999999999998 9.9999999999999982
leaf_count=13 18 10 37 20 25 15 10
internal_value=0 -0.0150886 0.00773388 -0.0203596 0.012524 -0.00250164 -0.0122461
internal_weight=160.244 53.4424 106.802 43 73.8016 33 30
internal_count=148 53 95 43 62 33 30
is_linear=0
shrinkage=0.0168771


Tree=2
num_leaves=7
num_cat=0
split_feature=3 8 5 1 10 11
split_gain=74.7453 24.9665 4.70294 3.70922 2.72398 1.31601
threshold=0.2442857142857143 -0.18024946633210806 18.687142857142863 -6.1251785714285711 0.40285714285714291 16.675000000000001
decision_type=2 2 2 2 2 2
left_child=5 4 -3 -4 -2 -1
right_child=1 2 3 -5 -6 -7
leaf_value=-0.030387273203666493 -0.006904973035627154 0.0006932611561236866 0.0034220639803857074 0.01536626837605801 0 -0.011089465727170825
leaf_weight=17.000000000000004 37 17.221529603004456 18 39.704682111740112 18 11.247729063034056
leaf_count=17 37 17 18 31 18 11
internal_value=-0.0015821 0.00381923 0.0100881 0.012354 -0.00441168 -0.0251786
internal_weight=158.174 129.926 74.9262 57.7047 55 28.2477
internal_count=149 121 66 49 55 28
is_linear=0
shrinkage=0.0168771


Tree=3
num_leaves=7
num_cat=0
split_feature=10 8 8 13 2 10
split_gain=67.9904 21.4301 16.5241 6.68492 4.71649 1.27505
threshold=0.26500000000000007 -0.01586936193052681 -0.18024946633210806 0.4188861480126011 0.26000000000000012 0.40285714285714291
decision_type=2 2 2 2 2 2
left_child=1 4 5 -4 -1 -2
right_child=2 -3 3 -5 -6 -7
leaf_value=-0.028664532486531773 -0.0052308214089039342 0.001032193146860161 0.015462666715685833 0.0031857537872236317 -0.0075523693547281954 0
leaf_weight=25 22 10.221529603004454 36.915337085723877 29.214793086051941 9.9999999999999982 12.999999999999998
leaf_count=25 22 10 28 29 10 13
internal_value=-0.0016975 -0.0183674 0.00584692 0.0107271 -0.0242681 -0.00289844
internal_weight=146.352 45.2215 101.13 66.1301 35 35
internal_count=137 45 92 57 35 35
is_linear=0
shrinkage=0.0168771


Tree=4
num_leaves=9
num_cat=0
split_feature=3 1 13 0 3 13 5 7
split_gain=69.4386 22.4798 9.97181 9.52239 1.78287 1.24565 0.39742 0.324436
threshold=0.2442857142857143 6.5945238095238112 0.4188861480126011 14.500000000000002 0.26214285714285718 0.032896328676532922 18.377142857142868 19.020000000000003
decision_type=2 2 2 2 2 2 2 2
left_child=3 2 4 -1 -2 7 -4 -3
right_child=1 5 6 -5 -6 -7 -8 -9
leaf_value=-0.032229096869442794 0.003660587008237297 -0.0086181310816004063 0 -0.0090668691965460728 0.016318854215867751 0 0.0026430752247971951 -0.0013205691845494638
leaf_weight=15.000000000000002 10.999999999999998 15.000000000000002 11.000000000000002 16.487373352050781 38.774428248405457 21 19 12.999999999999998
leaf_count=15 11 15 11 16 29 21 19 13
internal_value=-0.00110841 0.00434679 0.00982387 -0.0225483 0.0143041 -0.00418927 0.00110091 -0.00639909
internal_weight=160.262 128.774 79.7744 31.4874 49.7744 49 30 28
internal_count=150 119 70 31 40 49 30 28
is_linear=0
shrinkage=0.0168771


Tree=5
num_leaves=6
num_cat=0
split_feature=5 12 1 14 13
split_gain=63.7984 21.0277 15.2948 6.12 5.78432
threshold=18.605714285714289 0.23347159754484895 9.7816071428571458 18.047857142857143 0.47024268206659275
decision_type=2 2 2 2 2
left_child=1 3 4 -1 -2
right_child=2 -3 -4 -5 -6
leaf_value=-0.023261020887782875 0.015912088668253735 0.00070976950084195652 -0.0016931722062240517 -0.0036784588512996665 0.0029994165406239267
leaf_weight=32 46.622048258781433 18 26 9.9999999999999982 20.214793086051941
leaf_count=32 35 18 26 10 20
internal_value=-8.82465e-05 -0.0134279 0.0084453 -0.0196389 0.0126166
internal_weight=152.837 60 92.8368 42 66.8368
internal_count=141 60 81 42 55
is_linear=0
shrinkage=0.0168771


Tree=6
num_leaves=7
num_cat=0
split_feature=0 1 13 10 13 10
split_gain=60.2659 35.4571 7.74071 3.67664 0.688189 0.249462
threshold=14.500000000000002 4.9207142857142872 0.4188861480126011 0.36642857142857149 0.8113398291272943 0.41071428571428575
decision_type=2 2 2 2 2 2
left_child=-1 2 -2 -3 -4 -5
right_child=1 3 4 5 -6 -7
leaf_value=-0.030792190304612319 0.014598250397960397 -0.010298688892532305 0.0042010158527820383 -0.0024040766393304803 0 0
leaf_weight=13.999999999999998 47.006667256355286 31 22.214793086051941 17.000000000000004 9.9999999999999982 13.999999999999998
leaf_count=14 37 31 22 17 10 14
internal_value=-0.000548651 0.00285606 0.0102808 -0.00632127 0.00265419 -0.00113958
internal_weight=155.221 141.221 79.2215 62 32.2148 31
internal_count=145 131 69 62 32 31
is_linear=0
shrinkage=0.0168771


Tree=7
num_leaves=7
num_cat=0
split_feature=0 1 0 10 8 0
split_gain=64.6576 34.7799 7.18018 5.09882 2.19111 0.759212
threshold=14.500000000000002 6.5945238095238112 65.500000000000014 0.40285714285714291 1.7746855559803192 42.500000000000007
decision_type=2 2 2 2 2 2
left_child=-1 2 4 5 -2 -3
right_child=1 3 -4 -5 -6 -7
leaf_value=-0.031009822945705617 0.0010402080135508101 -0.013562270918382871 0.016194693546034089 0.00025521587826476022 0.0094245411234206017 -0.0050439403587156833
leaf_weight=14.999999999999998 31.421529650688171 15.999999999999998 33.223248600959778 17 16.777845859527588 27
leaf_count=15 31 16 23 17 15 27
internal_value=-0.000668232 0.00295585 0.0100951 -0.00639488 0.00476832 -0.00936155
internal_weight=156.423 141.423 81.4226 60 48.1994 43
internal_count=144 129 69 60 46 43
is_linear=0
shrinkage=0.0168771


Tree=8
num_leaves=8
num_cat=0
split_feature=3 8 13 2 10 13 11
split_gain=48.1354 22.7304 6.96318 5.54716 2.0829 0.574374 0.297352
threshold=0.2442857142857143 -0.18024946633210806 0.4188861480126011 0.27428571428571435 0.40285714285714291 0.8113398291272943 16.597857142857144
decision_type=2 2 2 2 2 2 2
left_child=6 4 3 -3 -2 -4 -1
right_child=1 2 5 -5 -6 -7 -8
leaf_value=-0.024898120992272354 -0.0059933492967091089 0.0017829889252757955 0.0039424006466524291 0.016349163922050228 3.2570097270412192e-05 0 -0.0084101042751735244
leaf_weight=13.000000000000002 36 14.221529603004454 21.214793086051941 42.151086688041687 15.999999999999998 11.999999999999998 10.239644289016722
leaf_count=13 36 14 21 30 16 12 10
internal_value=0.000687086 0.00461561 0.00972496 0.0133209 -0.00382767 0.00241909 -0.0202373
internal_weight=164.827 141.587 89.5874 56.3726 52 33.2148 23.2396
internal_count=152 129 77 44 52 33 23
is_linear=0
shrinkage=0.0168771


Tree=9
num_leaves=8
num_cat=0
split_feature=5 1 13 13 10 13 9
split_gain=54.3082 23.4013 10.3137 7.73017 2.48484 0.453112 0.361209
threshold=17.317142857142859 6.5945238095238112 -0.14307853706426674 0.47024268206659275 0.40285714285714291 0.8113398291272943 19.252857142857142
decision_type=2 2 2 2 2 2 2
left_child=2 3 -1 -2 6 -5 -3
right_child=1 4 -4 5 -6 -7 -8
leaf_value=-0.0038391835911887281 0.014572194754557753 -0.0080438334039779607 -0.023862576838839522 0.0037733876556493998 0.00014611693980752735 0 -0.00054275672892514727
leaf_weight=15.999999999999998 47.75434422492981 22 24 18.214793086051944 17 10.999999999999998 9.9999999999999982
leaf_count=16 37 22 24 18 17 11 10
internal_value=-0.000631964 0.00471854 -0.0171804 0.0104536 -0.00393934 0.0023123 -0.00658283
internal_weight=165.969 125.969 40 76.9691 49 29.2148 32
internal_count=155 115 40 66 49 29 32
is_linear=0
shrinkage=0.0168771


Tree=10
num_leaves=7
num_cat=0
split_feature=5 8 8 0 13 10
split_gain=51.2794 19.4282 13.4959 6.71087 6.48656 0.210314
threshold=18.377142857142868 1.0000000180025095e-35 -0.18024946633210806 22.500000000000004 0.4188861480126011 0.3992857142857143
decision_type=2 2 2 2 2 2
left_child=1 3 5 -1 -4 -2
right_child=2 -3 4 -5 -6 -7
leaf_value=-0.027183910231677145 -0.0029705071734867439 0.0038028522201646602 0.015043507280675172 -0.0099955844964065062 0.0021929482853417516 0
leaf_weight=14.999999999999998 16.000000000000004 13.200000047683714 44.210418105125427 31 22 10.999999999999998
leaf_count=15 16 13 33 31 22 11
internal_value=-0.00022727 -0.0123112 0.00735488 -0.0173446 0.0113704 -0.00189122
internal_weight=152.41 59.2 93.2104 46 66.2104 27
internal_count=141 59 82 46 55 27
is_linear=0
shrinkage=0.0168771


Tree=11
num_leaves=6
num_cat=0
split_feature=0 8 10 12 13
split_gain=56.953 25.7552 7.67619 3.99009 3.22779
threshold=14.500000000000002 -0.11485925364762634 0.31214285714285711 -0.3425499945878982 0.4188861480126011
decision_type=2 2 2 2 2
left_child=-1 2 -2 -4 -3
right_child=1 4 3 -5 -6
leaf_value=-0.029163043290905685 -0.010675213622819795 0.012002804283264397 -0.0028153389937217413 0.0079498224318264102 0.003077575648872025
leaf_weight=14.999999999999998 29 49.54810631275177 30.999999999999996 10.814985394477846 28.214793086051941
leaf_count=15 29 41 31 9 28
internal_value=-0.000609962 0.00263033 -0.00443551 0 0.00927051
internal_weight=163.578 148.578 70.815 41.815 77.7629
internal_count=153 138 69 40 69
is_linear=0
shrinkage=0.0168771


Tree=12
num_leaves=6
num_cat=0
split_feature=3 1 0 10 1
split_gain=62.1955 20.0116 5.11234 2.13304 1.09622
threshold=0.2442857142857143 6.5945238095238112 65.500000000000014 0.40285714285714291 -3.1191666666666662
decision_type=2 2 2 2 2
left_child=-1 2 4 -3 -2
right_child=1 3 -4 -5 -6
leaf_value=-0.022718696657890482 0.0058455401519463476 -0.0059589224183815449 0.014403847514089525 0 0
leaf_weight=27 35.712138175964355 34 34.546482086181641 19 11.200000047683714
leaf_count=27 34 34 25 19 11
internal_value=-0.000558746 0.00411552 0.00931663 -0.00354638 0.004497
internal_weight=161.459 134.459 81.4586 53 46.9121
internal_count=150 123 70 53 45
is_linear=0
shrinkage=0.0168771


Tree=13
num_leaves=8
num_cat=0
split_feature=5 12 12 13 13 4 12
split_gain=50.9455 17.1196 10.8125 7.73365 2.38201 0.893679 0.62327
threshold=17.317142857142859 -0.39182605381522845 0.063445803093990061 0.34645521362404252 -0.14307853706426674 20.492857142857144 -0.67126498477799534
decision_type=2 2 2 2 2 2 2
left_child=2 6 4 -3 -1 -5 -2
right_child=1 3 -4 5 -6 -7 -8
leaf_value=-0.0071093470271476914 -0.0047429776348587504 0.013944017081536867 0 0 -0.025344094547804501 0.0053044915435472495 0
leaf_weight=10.000000000000002 25 48.5810467004776 10.200000047683714 20.000000000000004 19 11.694081664085386 13.200000047683714
leaf_count=10 25 37 10 20 19 11 13
internal_value=-1.08558e-05 0.00540052 -0.0161399 0.00978572 -0.0209822 0.00212652 -0.00330992
internal_weight=157.675 118.475 39.2 80.2751 29 31.6941 38.2
internal_count=145 106 39 68 29 31 38
is_linear=0
shrinkage=0.0168771


Tree=14
num_leaves=7
num_cat=0
split_feature=7 3 1 1 10 3
split_gain=50.55 30.8062 6.60405 5.53053 2.22471 0.900965
threshold=19.305714285714291 0.2442857142857143 2.9365476190476199 -6.7692857142857141 0.41071428571428575 0.3535714285714287
decision_type=2 2 2 2 2 2
left_child=1 -1 -3 -2 -4 -5
right_child=3 2 4 5 -6 -7
leaf_value=-0.022172217123333837 3.8477445304814782e-05 0.0056006565707715185 -0.0069764336388760074 0.015811503703692067 0 0.0070086063922658211
leaf_weight=27 15.999999999999998 21.694805860519409 35 32.065646529197693 11.999999999999998 26.64527952671051
leaf_count=27 16 21 35 23 12 23
internal_value=6.94721e-05 -0.00782249 -0.00119646 0.010381 -0.00492691 0.0127006
internal_weight=170.406 95.6948 68.6948 74.7109 47 58.7109
internal_count=157 95 68 62 47 46
is_linear=0
shrinkage=0.0168771


Tree=15
num_leaves=8
num_cat=0
split_feature=9 0 8 12 12 0 12
split_gain=43.6008 12.3864 11.8457 3.39133 2.57757 0.893032 0.175042
threshold=18.048571428571428 14.500000000000002 -0.15410206433374521 0.4777223105941501 0.55723579866545558 64.500000000000014 -0.67126498477799534
decision_type=2 2 2 2 2 2 2
left_child=1 -1 6 -3 -4 -6 -2
right_child=2 3 4 -5 5 -7 -8
leaf_value=-0.026102331201388669 -0.0029871952894813796 -0.0088032903361557856 0.014159887102941061 0.0004770553625897765 0.0068695108417756124 0 0
leaf_weight=11.999999999999998 15.000000000000002 29 32.465235352516174 10.221529603004454 27.471073746681213 10.230944871902464 13.999999999999998
leaf_count=12 15 29 23 10 26 10 14
internal_value=0 -0.0122653 0.00647134 -0.005987 0.0101568 0.00538895 -0.00185653
internal_weight=150.389 51.2215 99.1673 39.2215 70.1673 37.702 29
internal_count=139 51 88 39 59 36 29
is_linear=0
shrinkage=0.0168771


Tree=16
num_leaves=8
num_cat=0
split_feature=5 8 12 13 12 10 13
split_gain=41.2959 16.2001 10.9733 7.06897 1.90436 1.39585 0.300785
threshold=17.317142857142859 -0.18024946633210806 0.063445803093990061 0.47024268206659275 -0.45380427794797068 0.40285714285714291 0.8113398291272943
decision_type=2 2 2 2 2 2 2
left_child=2 5 4 -3 -1 -2 -5
right_child=1 3 -4 6 -6 -7 -8
leaf_value=-0.0075404897603472583 -0.005776924259270233 0.013592045860616898 0 0.0034015877446490709 -0.024080522089670958 0 0
leaf_weight=11.999999999999998 22 49.203904151916504 10.200000047683714 22.214793086051941 16.000000000000004 13.999999999999998 10.999999999999998
leaf_count=12 22 38 10 22 16 14 11
internal_value=0.000396929 0.00547697 -0.0140776 0.00957301 -0.0190964 -0.00333911 0.00238257
internal_weight=156.619 118.419 38.2 82.4187 28 36 33.2148
internal_count=145 107 38 71 28 36 33
is_linear=0
shrinkage=0.0168771


Tree=17
num_leaves=7
num_cat=0
split_feature=11 12 1 13 1 10
split_gain=46.2647 15.5293 14.7908 6.0093 4.75138 0.978415
threshold=17.827857142857145 0.23347159754484895 6.5945238095238112 0.4188861480126011 6.5945238095238112 0.40285714285714291
decision_type=2 2 2 2 2 2
left_child=1 4 3 -2 -1 -4
right_child=2 -3 5 -5 -6 -7
leaf_value=-0.027586769371074418 0.01369406636404075 0 -0.0044276729360024965 0.0025545160126370461 -0.0085747407446510604 0
leaf_weight=16.000000000000004 43.490615606307983 13.999999999999998 25 30 14.999999999999998 13.999999999999998
leaf_count=16 33 14 25 30 15 14
internal_value=-0.000337126 -0.0143997 0.00531572 0.00971106 -0.020576 -0.00253126
internal_weight=157.491 45 112.491 73.4906 31 39
internal_count=147 45 102 63 31 39
is_linear=0
shrinkage=0.0168771


Tree=18
num_leaves=8
num_cat=0
split_feature=5 1 2 13 2 13 5
split_gain=37.9687 15.2751 8.57952 7.03866 3.28339 0.672667 0.250319
threshold=16.887857142857147 6.5945238095238112 0.25428571428571428 0.47024268206659275 0.27428571428571435 0.11140033717338872 19.87857142857143
decision_type=2 2 2 2 2 2 2
left_child=2 3 -1 4 -2 -3 -5
right_child=1 5 -4 6 -6 -7 -8
leaf_value=-0.022226592008932719 0.0023752112911740076 -0.0038499698167350632 -0.001551838581368075 0 0.015192557651649501 0 0.0027495979692658433
leaf_weight=17.000000000000004 12.999999999999998 30 12.200000047683714 9.9999999999999982 42.010148763656616 12.999999999999998 22.214793086051941
leaf_count=17 13 30 12 10 30 13 22
internal_value=0.00110726 0.00518764 -0.0152114 0.00920496 0.0128225 -0.0025402 0.00183808
internal_weight=159.425 130.225 29.2 87.2249 55.0101 43 32.2148
internal_count=147 118 29 75 43 43 32
is_linear=0
shrinkage=0.0168771


Tree=19
num_leaves=6
num_cat=0
split_feature=0 1 11 1 1
split_gain=43.6669 22.8587 4.08383 3.30899 1.79169
threshold=14.500000000000002 6.5945238095238112 17.238571428571429 -6.7692857142857141 9.7816071428571458
decision_type=2 2 2 2 2
left_child=-1 2 -2 -4 -3
right_child=1 4 3 -5 -6
leaf_value=-0.026553472257696407 0 -0.010122455963443357 0.00074182267542900011 0.010926516418213962 -0.0025272423198312061
leaf_weight=13.999999999999998 11.999999999999998 19 17 57.442800521850586 40
leaf_count=14 12 19 17 47 40
internal_value=-0.000776279 0.0020268 0.00756304 0.00900609 -0.00569662
internal_weight=159.443 145.443 86.4428 74.4428 59
internal_count=149 135 76 64 59
is_linear=0
shrinkage=0.0168771


Tree=20
num_leaves=7
num_cat=0
split_feature=6 3 7 13 0 14
split_gain=41.6434 17.5359 6.0862 3.56946 0.933118 0.632196
threshold=18.742142857142859 0.2442857142857143 19.401428571428571 0.4188861480126011 53.500000000000007 17.298571428571428
decision_type=2 2 2 2 2 2
left_child=1 -1 4 -4 -2 -3
right_child=2 5 3 -5 -6 -7
leaf_value=-0.020963075298097149 0.0040557050124273063 -0.0043740669885590491 0.013371425670665616 0.0028271582622496983 -0.001263805790508257 0
leaf_weight=22 11.546552419662477 12.999999999999998 44.195311665534973 21.214793086051941 17 24.421529650688171
leaf_count=22 11 13 32 21 17 24
internal_value=0.00074271 -0.00987464 0.007784 0.0105462 0.000351673 -0.00175626
internal_weight=153.378 59.4215 93.9567 65.4101 28.5466 37.4215
internal_count=140 59 81 53 28 37
is_linear=0
shrinkage=0.0168771


Tree=21
num_leaves=8
num_cat=0
split_feature=5 9 3 12 13 4 13
split_gain=40.9474 10.0231 9.25498 3.56643 1.72745 0.379383 0.30797
threshold=17.317142857142859 20.317142857142859 0.2442857142857143 -0.3425499945878982 0.8113398291272943 18.223571428571436 -0.14307853706426674
decision_type=2 2 2 2 2 2 2
left_child=2 3 -1 5 -5 -2 -4
right_child=1 -3 6 4 -6 -7 -8
leaf_value=-0.021484587939482575 0 0.012059339879003083 0 0.0057805929432155284 -0.00027245264056802274 -0.0035155014902803032 -0.005665862645390359
leaf_weight=23 11.999999999999998 30.957715034484863 10.000000000000002 36.150562644004822 9.9999999999999982 27 9.9999999999999982
leaf_count=23 12 23 10 34 10 27 10
internal_value=-0.000862051 0.00423145 -0.0144993 0.00082601 0.00407383 -0.00249847 -0.00377684
internal_weight=159.108 116.108 43 85.1506 46.1506 39 20
internal_count=149 106 43 83 44 39 20
is_linear=0
shrinkage=0.0168771


Tree=22
num_leaves=8
num_cat=0
split_feature=8 1 5 8 1 10 0
split_gain=39.3699 15.9752 9.31295 4.94366 2.67413 0.501581 0.241642
threshold=-0.18024946633210806 9.7816071428571458 18.687142857142863 0.1922049366597397 -6.7692857142857141 0.41071428571428575 26.500000000000004
decision_type=2 2 2 2 2 2 2
left_child=1 6 3 -2 -4 -3 -1
right_child=2 5 4 -5 -6 -7 -8
leaf_value=-0.025116197447412995 -0.0090784891208223646 -0.0031560682550483437 0.0013385151179441154 0.0041074833704543897 0.011993378143109917 0 -0.0097293151254375845
leaf_weight=11.000000000000002 10.000000000000002 24 13.999999999999998 17.663932800292969 57.955625176429749 15.999999999999998 13.999999999999998
leaf_count=11 10 24 14 17 45 16 14
internal_value=0.000523864 -0.00930869 0.00724031 -0.000336883 0.0103526 -0.0017082 -0.0192182
internal_weight=164.62 65 99.6196 27.6639 71.9556 40 25
internal_count=151 65 86 27 59 40 25
is_linear=0
shrinkage=0.0168771


Tree=23
num_leaves=6
num_cat=0
split_feature=8 0 11 13 10
split_gain=40.0841 16.6867 8.53486 3.95416 2.03857
threshold=-0.18024946633210806 22.500000000000004 17.238571428571429 0.4188861480126011 0.36642857142857149
decision_type=2 2 2 2 2
left_child=1 -1 -2 -4 -3
right_child=2 4 3 -5 -6
leaf_value=-0.026153222620835456 -0.0037979963901660194 -0.0078203531277590884 0.011957366287050039 0.0020838222147459484 -0.00053246129464777463
leaf_weight=11.999999999999998 12.999999999999998 30 51.281136155128479 24.214793086051941 28
leaf_count=12 13 30 39 24 28
internal_value=-0.000261588 -0.00972054 0.00704654 0.00927159 -0.00486391
internal_weight=158.496 70 88.4959 75.4959 58
internal_count=146 70 76 63 58
is_linear=0
shrinkage=0.0168771


Tree=24
num_leaves=7
num_cat=0
split_feature=5 1 1 3 13 13
split_gain=34.0161 14.5942 8.99476 3.53286 3.07765 0.227369
threshold=17.926428571428573 0.92458333333333353 9.5758333333333336 0.27714285714285719 0.4188861480126011 0.14727331454656564
decision_type=2 2 2 2 2 2
left_child=1 -1 4 -3 -2 -4
right_child=2 3 5 -5 -6 -7
leaf_value=0.0034363300158501428 0.011464233397976864 -0.019509954265315915 -0.0024137243867486708 -0.00416516548959899 0.002520002226670824 0
leaf_weight=11.200000047683714 41.573413491249084 28 23 11.999999999999998 27.214793086051941 9.9999999999999982
leaf_count=11 32 28 23 12 27 10
internal_value=-0.000410789 -0.0113973 0.00506483 -0.0160245 0.00848455 -0.00154939
internal_weight=152.988 51.2 101.788 40 68.7882 33
internal_count=143 51 92 40 59 33
is_linear=0
shrinkage=0.0168771


Tree=25
num_leaves=6
num_cat=0
split_feature=0 8 10 13 10
split_gain=36.465 16.1031 5.9553 3.81546 2.25292
threshold=14.500000000000002 -0.18024946633210806 0.24785714285714289 0.4188861480126011 0.41071428571428575
decision_type=2 2 2 2 2
left_child=-1 4 -3 -4 -2
right_child=1 2 3 -5 -6
leaf_value=-0.024085547128686199 -0.0057665922124584806 -0.0012110168076993723 0.012164914134141782 0.0026209915316138814 0.00033299027921255799
leaf_weight=12.999999999999998 42 14.264631509780882 47.351452231407166 27.214793086051941 17
leaf_count=13 42 14 36 27 17
internal_value=7.04869e-05 0.00276807 0.00729897 0.0092006 -0.00371406
internal_weight=160.831 147.831 88.8309 74.5662 59
internal_count=149 136 77 63 59
is_linear=0
shrinkage=0.0168771


Tree=26
num_leaves=6
num_cat=0
split_feature=0 7 13 13 7
split_gain=40.3404 16.1473 3.4572 3.45093 4.03301
threshold=14.500000000000002 19.599999999999998 0.4188861480126011 -0.33535560063575121 17.73714285714286
decision_type=2 2 2 2 2
left_child=-1 3 -3 -2 -5
right_child=1 2 -4 4 -6
leaf_value=-0.024247849072619475 0.0035089824829142948 0.011953615137376538 0.0019430684348754775 -0.008731255990257614 -1.3915415676641741e-05
leaf_weight=14.999999999999998 18.968082070350647 39.840967059135437 22.214793086051941 26 43
leaf_count=15 18 29 22 26 43
internal_value=-0.000168968 0.00250819 0.00896302 -0.00194002 -0.00383119
internal_weight=165.024 150.024 62.0558 87.9681 69
internal_count=153 138 51 87 69
is_linear=0
shrinkage=0.0168771


Tree=27
num_leaves=6
num_cat=0
split_feature=5 1 1 1 1
split_gain=32.4038 11.4379 8.54168 5.25472 3.83861
threshold=18.377142857142868 0.92458333333333353 9.7816071428571458 12.892142857142861 -7.4625595238095235
decision_type=2 2 2 2 2
left_child=1 -1 4 -3 -2
right_child=2 3 -4 -5 -6
leaf_value=0.0030859667933105612 0 -0.016870889239606515 -0.001248870280864592 -0.0016406737133811346 0.011256567195195254
leaf_weight=12.242403149604796 12.999999999999998 32 25 12.999999999999998 55.048675417900085
leaf_count=12 13 32 25 13 43
internal_value=0.000117225 -0.00944824 0.00634363 -0.0133064 0.00938564
internal_weight=150.291 57.2424 93.0487 45 68.0487
internal_count=138 57 81 45 56
is_linear=0
shrinkage=0.0168771


Tree=28
num_leaves=8
num_cat=0
split_feature=3 8 11 13 2 9 3
split_gain=30.1248 13.2603 4.86349 3.67359 1.64715 0.372502 0.17752
threshold=0.2442857142857143 -0.18024946633210806 16.597857142857144 0.4991853776705138 0.27428571428571435 19.252857142857142 0.40357142857142864
decision_type=2 2 2 2 2 2 2
left_child=2 5 -1 4 -3 6 -2
right_child=1 3 -4 -5 -6 -7 -8
leaf_value=-0.021398943424880346 -0.0043477052130685961 0.0023147126926840737 -0.003894075622124031 0.0012521577374504601 0.012087124107488866 0 0
leaf_weight=14.000000000000002 26 14.221529603004454 13.487373352050779 25.214793086051941 43.291492104530334 11.999999999999998 9.9999999999999982
leaf_count=14 26 14 13 25 32 12 10
internal_value=0.000274604 0.0038529 -0.0147439 0.00791925 0.0102699 -0.00276727 -0.00357012
internal_weight=158.215 130.728 27.4874 82.7278 57.513 48 36
internal_count=146 119 27 71 46 48 36
is_linear=0
shrinkage=0.0168771


Tree=29
num_leaves=5
num_cat=0
split_feature=8 3 13 9
split_gain=30.4285 21.8941 2.63986 2.62696
threshold=1.0000000180025095e-35 0.27714285714285719 0.64452831864684512 19.555714285714288
decision_type=2 2 2 2
left_child=1 -1 -2 -3
right_child=2 3 -4 -5
leaf_value=-0.01688046715908403 0.0091367942378408201 -0.0021339466313767133 0.00060394668913835744 0.0058809691501695623
leaf_weight=34 58.513998985290527 39.262364387512207 20 13.166812658309935
leaf_count=34 49 39 20 11
internal_value=0 -0.00692343 0.00733794 0
internal_weight=164.943 86.4292 78.514 52.4292
internal_count=153 84 69 50
is_linear=0
shrinkage=0.0168771


Tree=30
num_leaves=8
num_cat=0
split_feature=0 1 13 1 2 0 2
split_gain=37.6998 14.8365 3.39812 2.33928 1.86669 0.177349 0.127938
threshold=14.500000000000002 6.5945238095238112 0.4991853776705138 10.799821428571432 0.27428571428571435 53.500000000000007 0.35714285714285721
decision_type=2 2 2 2 2 2 2
left_child=-1 2 4 -3 -2 -5 -4
right_child=1 3 6 5 -6 -7 -8
leaf_value=-0.0231852675376166 0.0019670296501675725 -0.0091745655010519334 0 0 0.011034990827386118 -0.0017394901286160128 0.0016080233587712866
leaf_weight=15.999999999999998 17.221529603004456 18 12.000000000000002 9.9999999999999982 39.592589497566223 23 14.214793086051939
leaf_count=16 17 18 12 10 30 23 14
internal_value=-0.000757551 0.0021926 0.00661638 -0.00456193 0.00889176 -0.000881352 0.000519152
internal_weight=150.029 134.029 83.0289 51 56.8141 33 26.2148
internal_count=140 124 73 51 47 33 26
is_linear=0
shrinkage=0.0168771


Tree=31
num_leaves=8
num_cat=0
split_feature=0 8 5 13 9 13 13
split_gain=31.8686 14.736 3.57831 2.76773 1.2996 0.9584 0.44711
threshold=14.500000000000002 -0.15410206433374521 18.777142857142859 0.4188861480126011 19.252857142857142 0.032896328676532922 -0.38615328583938019
decision_type=2 2 2 2 2 2 2
left_child=-1 4 6 -4 5 -2 -3
right_child=1 2 3 -5 -6 -7 -8
leaf_value=-0.021688375535856654 -0.0066445479854228022 0.0028102685808992604 0.011729426025649078 0.0022796596113998113 0 -4.533704016157419e-05 -0.0013011455770129414
leaf_weight=13.999999999999998 28 10.442403197288515 42.730766892433167 21.214793086051941 12.252818226814268 17 9.9999999999999982
leaf_count=14 28 10 32 21 12 17 10
internal_value=8.49767e-05 0.00278609 0.00725698 0.00916569 -0.00346351 -0.0047738 0
internal_weight=155.641 141.641 84.388 63.9456 57.2528 45 20.4424
internal_count=144 130 73 53 57 45 20
is_linear=0
shrinkage=0.0168771


Tree=32
num_leaves=8
num_cat=0
split_feature=7 8 13 13 9 13 7
split_gain=36.6073 16.4368 4.95164 0.906922 0.650983 0.281205 0.235725
threshold=16.707857142857147 -0.18024946633210806 0.4188861480126011 0.021678267884871611 19.433571428571433 0.8113398291272943 19.305714285714291
decision_type=2 2 2 2 2 2 2
left_child=3 4 6 -1 -2 -4 -3
right_child=1 2 5 -5 -6 -7 -8
leaf_value=-0.0073032769001101436 -0.0043442014035727046 0.0037453685822221761 0.0025231309207502267 -0.021028678651442957 0 0 0.01187296493993642
leaf_weight=14.207635283470156 40 13.768082022666929 19.214793086051944 13.999999999999998 9.9999999999999982 10.999999999999998 50.65775740146637
leaf_count=14 40 13 19 14 10 11 37
internal_value=0.000332729 0.00395825 0.00808011 -0.0161672 -0.00343531 0.00135451 0.0107063
internal_weight=172.848 144.641 94.6406 28.2076 50 30.2148 64.4258
internal_count=158 130 80 28 50 30 50
is_linear=0
shrinkage=0.0168771


Tree=33
num_leaves=6
num_cat=0
split_feature=5 1 13 13 9
split_gain=41.2807 10.4977 7.74035 4.92877 0.276549
threshold=17.317142857142859 6.5945238095238112 -0.14307853706426674 0.4991853776705138 19.305714285714291
decision_type=2 2 2 2 2
left_child=2 3 -1 -2 -3
right_child=1 4 -4 -5 -6
leaf_value=-0.0018261225080063012 0.010377187018734677 -0.0025355792128559599 -0.019509548352049429 0.00043517408273037326 0
leaf_weight=13.999999999999998 59.847869277000427 34 27 25 9.9999999999999982
leaf_count=14 47 34 27 25 10
internal_value=-0.000215975 0.0043806 -0.0145038 0.00781501 -0.00183841
internal_weight=169.848 128.848 41 84.8479 44
internal_count=157 116 41 72 44
is_linear=0
shrinkage=0.0168771


Tree=34
num_leaves=8
num_cat=0
split_feature=6 3 12 13 12 13 10
split_gain=22.6212 9.09712 6.92006 3.0117 1.26924 0.178524 0.163489
threshold=18.742142857142859 0.23571428571428574 -0.39182605381522845 0.64452831864684512 -0.66549149581364209 0.34645521362404252 0.38928571428571429
decision_type=2 2 2 2 2 2 2
left_child=1 -1 6 -4 -3 -6 -2
right_child=2 4 3 -5 5 -7 -8
leaf_value=-0.0159399647185181 -0.002453322337807015 -0.0050643422209939778 0.010124977951307375 0 0.001779054695694755 -0.00037308760125769573 0
leaf_weight=19 11.000000000000002 15.999999999999998 57.497173547744751 10.999999999999998 12.407635331153871 13.999999999999998 11.200000047683714
leaf_count=19 11 16 45 11 12 14 11
internal_value=0.00061463 -0.00694284 0.00602785 0.00864358 -0.00165133 0 -0.00121675
internal_weight=152.105 61.4076 90.6972 68.4972 42.4076 26.4076 22.2
internal_count=139 61 78 56 42 26 22
is_linear=0
shrinkage=0.0168771


Tree=35
num_leaves=7
num_cat=0
split_feature=3 8 6 0 10 3
split_gain=29.3019 11.0904 4.47637 2.10566 1.21366 0.158267
threshold=0.2442857142857143 -0.18024946633210806 17.334285714285716 65.500000000000014 0.40285714285714291 0.40357142857142864
decision_type=2 2 2 2 2 2
left_child=2 4 -1 5 -2 -3
right_child=1 3 -4 -5 -6 -7
leaf_value=-0.019341289196165928 -0.0043049308477727333 0.0041110630863900625 -0.0022687351086903137 0.010604324749202672 2.546264684045442e-05 0
leaf_weight=20.000000000000004 38 33.467170834541321 10.487373352050779 31.04219388961792 15.999999999999998 11.999999999999998
leaf_count=20 38 32 10 22 16 12
internal_value=-0.000614444 0.00279479 -0.0148501 0.00690653 -0.00269236 0.0034318
internal_weight=160.997 130.509 30.4874 76.5094 54 45.4672
internal_count=150 120 30 66 54 44
is_linear=0
shrinkage=0.0168771


Tree=36
num_leaves=8
num_cat=0
split_feature=1 10 13 0 9 10 1
split_gain=27.6675 12.7828 2.2041 1.70207 0.745396 0.364636 0.183066
threshold=0.92458333333333353 0.28571428571428581 0.4991853776705138 20.500000000000004 19.555714285714288 0.41071428571428575 -7.940892857142857
decision_type=2 2 2 2 2 2 2
left_child=2 3 -1 -2 5 -3 -4
right_child=1 4 6 -5 -6 -7 -8
leaf_value=0.0082524792738175277 -0.020429022960888676 -0.003462249090961776 0 -0.0080580690413589694 0.0019687929922769568 0 0.002090834832492641
leaf_weight=53.022322535514832 13.999999999999998 20 11.000000000000002 25 11.748217225074766 12.999999999999998 12.999999999999998
leaf_count=44 14 20 11 25 11 13 13
internal_value=-0.000697998 -0.00741223 0.00632618 -0.0141456 -0.000567307 -0.00218089 0.000804701
internal_weight=160.771 83.7482 77.0223 39 44.7482 33 24
internal_count=151 83 68 39 44 33 24
is_linear=0
shrinkage=0.0168771


Tree=37
num_leaves=7
num_cat=0
split_feature=3 1 5 13 10 3
split_gain=27.9226 9.42401 6.80582 2.63323 1.68568 0.997597
threshold=0.2442857142857143 7.5686904761904765 17.769285714285719 0.4991853776705138 0.40285714285714291 0.27428571428571435
decision_type=2 2 2 2 2 2
left_child=2 3 -1 5 -3 -2
right_child=1 4 -4 -5 -6 -7
leaf_value=-0.019155360101688924 0.0013025963968513337 -0.0053125041091596102 0 0.00046741659532536654 0.00013600312261001282 0.0095442180757657862
leaf_weight=22.000000000000004 13.200000047683714 30 9.7189328670501691 25.214793086051941 17 42.167755484580994
leaf_count=22 13 30 9 25 17 32
internal_value=-0.000862789 0.00258321 -0.0144218 0.00609903 -0.00299977 0.00812742
internal_weight=159.301 127.583 31.7189 80.5825 47 55.3678
internal_count=148 117 31 70 47 45
is_linear=0
shrinkage=0.0168771


Tree=38
num_leaves=7
num_cat=0
split_feature=0 1 0 10 1 0
split_gain=27.2859 14.6938 2.58407 2.28097 1.00023 0.354884
threshold=14.500000000000002 6.5945238095238112 65.500000000000014 0.40285714285714291 -3.1191666666666662 42.500000000000007
decision_type=2 2 2 2 2 2
left_child=-1 2 4 5 -2 -3
right_child=1 3 -4 -5 -6 -7
leaf_value=-0.020652133498522515 0.0043501972880089449 -0.0098646886366718124 0.010531165338031457 0 0 -0.0032000800570547291
leaf_weight=13.999999999999998 44.98370897769928 12.999999999999998 30.922428011894226 15.999999999999998 9.9999999999999982 28
leaf_count=14 43 13 22 16 10 28
internal_value=-0.000245709 0.00197254 0.0064001 -0.00431292 0.00327643 -0.00633823
internal_weight=156.906 142.906 85.9061 57 54.9837 41
internal_count=146 132 75 57 53 41
is_linear=0
shrinkage=0.0168771


Tree=39
num_leaves=8
num_cat=0
split_feature=8 1 5 13 1 10 0
split_gain=26.3915 9.41276 3.36365 1.66924 0.641563 0.420181 0.382669
threshold=-0.18024946633210806 9.7816071428571458 18.687142857142863 0.47024268206659275 -3.1191666666666662 0.41071428571428575 26.500000000000004
decision_type=2 2 2 2 2 2 2
left_child=1 6 4 -4 -2 -3 -1
right_child=2 5 3 -5 -6 -7 -8
leaf_value=-0.019859816716225241 0.0029250729458502171 -0.002584439988626514 0.010206953523038619 0.0021632250867564011 -0.0023053231622331338 0 -0.0073290234981555564
leaf_weight=11.000000000000002 10.421529650688173 24 45.873689889907837 20.214793086051941 9.9999999999999982 14.999999999999998 15.999999999999998
leaf_count=11 10 24 34 20 10 15 16
internal_value=0.000304069 -0.00740034 0.00648222 0.00826677 0 -0.00119733 -0.0146212
internal_weight=152.51 66 86.51 66.0885 20.4215 39 27
internal_count=140 66 74 54 20 39 27
is_linear=0
shrinkage=0.0168771


Tree=40
num_leaves=6
num_cat=0
split_feature=9 1 13 13 0
split_gain=24.6311 11.08 3.62341 0.76237 0.580407
threshold=16.602142857142859 7.5686904761904765 0.4188861480126011 -0.033124610208548004 20.500000000000004
decision_type=2 2 2 2 2
left_child=4 2 -2 -3 -1
right_child=1 3 -4 -5 -6
leaf_value=-0.019801562689343452 0.0095069143984210496 -0.0049760957058130138 0.0012230534218960162 0 -0.0054543227044692661
leaf_weight=11.000000000000002 53.091718792915344 23 31.214793086051941 25 9.9999999999999982
leaf_count=11 41 23 31 25 10
internal_value=0.00023274 0.00315904 0.00684018 -0.00288759 -0.0154044
internal_weight=153.307 132.307 84.3065 48 21
internal_count=141 120 72 48 21
is_linear=0
shrinkage=0.0168771


Tree=41
num_leaves=7
num_cat=0
split_feature=9 1 0 1 5 9
split_gain=21.7718 10.1432 1.89175 1.03019 1.26537 0.466336
threshold=16.602142857142859 7.5686904761904765 27.500000000000004 -7.4625595238095235 18.687142857142863 19.252857142857142
decision_type=2 2 2 2 2 2
left_child=2 3 -1 -2 -5 -3
right_child=1 5 -4 4 -6 -7
leaf_value=-0.019063580645188181 0.00032489377391341451 -0.003850290891373545 -0.0041300903235773814 0.0015514964480399357 0.0086406842447196083 0
leaf_weight=12.000000000000002 14.999999999999998 37 10.999999999999998 19.663932800292969 52.140402793884277 10.999999999999998
leaf_count=12 15 37 11 19 41 11
internal_value=0 0.00280374 -0.0140544 0.00625733 0.00713557 -0.00300217
internal_weight=157.804 134.804 23 86.8043 71.8043 48
internal_count=146 123 23 75 60 48
is_linear=0
shrinkage=0.0168771


Tree=42
num_leaves=6
num_cat=0
split_feature=11 8 10 13 10
split_gain=25.6374 11.1983 2.50088 2.62265 1.76407
threshold=16.597857142857144 -0.18024946633210806 0.24785714285714289 0.47024268206659275 0.36642857142857149
decision_type=2 2 2 2 2
left_child=-1 4 -3 -4 -2
right_child=1 2 3 -5 -6
leaf_value=-0.016282325149002099 -0.0065462382040897427 0 0.0098592959632240081 0.0018145371161448522 0
leaf_weight=21 23 14.79389452934265 47.543892502784729 27 27
leaf_count=21 23 14 36 27 27
internal_value=0 0.00260098 0.00619808 0.00741281 -0.00338988
internal_weight=160.338 139.338 89.3378 74.5439 50
internal_count=148 127 77 63 50
is_linear=0
shrinkage=0.0168771


Tree=43
num_leaves=7
num_cat=0
split_feature=7 3 1 1 3 6
split_gain=22.6396 12.5322 2.86819 2.29408 0.954234 0.21027
threshold=19.305714285714291 0.2442857142857143 -2.7233333333333332 -6.7692857142857141 0.3535714285714287 18.503571428571433
decision_type=2 2 2 2 2 2
left_child=1 -1 -3 -2 -5 -4
right_child=3 2 5 4 -6 -7
leaf_value=-0.015690077279698539 0 0.0036380815391622162 -0.0049514605427713292 0.010903800465743754 0.0034804539397078438 -0.0006959879020231798
leaf_weight=22 15.999999999999998 18.494805812835693 24 34.303036451339722 22.856701731681824 22
leaf_count=22 16 18 24 25 20 22
internal_value=0.000184752 -0.00543622 -0.00107875 0.00707863 0.00862146 -0.00353729
internal_weight=159.655 86.4948 64.4948 73.1597 57.1597 46
internal_count=147 86 64 61 45 46
is_linear=0
shrinkage=0.0168771


Tree=44
num_leaves=7
num_cat=0
split_feature=5 1 3 1 12 1
split_gain=27.6608 8.63461 7.35938 2.00348 0.484707 0.43706
threshold=17.317142857142859 6.5945238095238112 0.2442857142857143 -7.4625595238095235 -0.65522026164191105 7.9508333333333336
decision_type=2 2 2 2 2 2
left_child=2 3 -1 -2 -3 -4
right_child=1 4 5 -5 -6 -7
leaf_value=-0.017213166405145197 0.00024208478895379292 -0.0032199391388958573 0 0.0083577953763014304 0 -0.0040977508664811419
leaf_weight=25 17 30 10.200000047683718 61.15933084487915 9.9999999999999982 9.9999999999999982
leaf_count=25 17 30 10 49 10 10
internal_value=-0.000479631 0.0036916 -0.0114128 0.00694127 -0.00217598 -0.00199901
internal_weight=163.359 118.159 45.2 78.1593 40 20.2
internal_count=151 106 45 66 40 20
is_linear=0
shrinkage=0.0168771


Tree=45
num_leaves=7
num_cat=0
split_feature=0 1 10 13 9 0
split_gain=26.412 11.4538 4.0049 1.92163 0.90136 0.16864
threshold=14.500000000000002 2.9365476190476199 0.35142857142857148 0.4188861480126011 19.555714285714288 64.500000000000014
decision_type=2 2 2 2 2 2
left_child=-1 3 -3 -2 -4 -5
right_child=1 2 4 5 -6 -7
leaf_value=-0.019626612360897234 0.0082585867370388814 -0.0072927420255781165 -0.0007294482575693022 0.0023126040721596578 0.0042837838401149197 0
leaf_weight=14.999999999999998 52.963047623634338 29 28 18.000000000000004 10.367441415786741 9.9999999999999982
leaf_count=15 42 29 28 18 9 10
internal_value=-0.000130507 0.00203306 -0.00282289 0.00629854 0.000288962 0.00143679
internal_weight=163.33 148.33 67.3674 80.963 38.3674 28
internal_count=151 136 66 70 37 28
is_linear=0
shrinkage=0.0168771


Tree=46
num_leaves=8
num_cat=0
split_feature=6 3 1 1 1 6 10
split_gain=22.663 8.88328 2.94657 2.1417 1.88756 0.654139 0.591444
threshold=19.254999999999999 0.2442857142857143 9.7816071428571458 -7.4625595238095235 2.9365476190476199 18.503571428571433 0.41071428571428575
decision_type=2 2 2 2 2 2 2
left_child=1 -1 3 -2 -3 -6 -5
right_child=2 4 -4 6 5 -7 -8
leaf_value=-0.013552595510051049 0 0.0022386554575013155 0 0.010826355248182385 -0.0049971465288842038 0 0.0023287428135624296
leaf_weight=27 12.999999999999998 16.671568036079407 12.999999999999998 38.719431161880493 28 12.999999999999998 12.34049618244171
leaf_count=27 13 16 13 28 28 13 11
internal_value=0 -0.00595924 0.00646716 0.00790404 -0.00155327 -0.0036519 0.00942461
internal_weight=161.731 84.6716 77.0599 64.0599 57.6716 41 51.0599
internal_count=149 84 65 52 57 41 39
is_linear=0
shrinkage=0.0168771


Tree=47
num_leaves=6
num_cat=0
split_feature=7 3 1 1 13
split_gain=19.1592 12.01 2.64392 2.30479 0.249782
threshold=19.305714285714291 0.2442857142857143 -7.1305357142857124 -2.7233333333333332 0.11140033717338872
decision_type=2 2 2 2 2
left_child=1 -1 -2 -3 -5
right_child=2 3 -4 4 -6
leaf_value=-0.01462624719951044 0 0.0033766059100529826 0.0080845883394017864 -0.0042056506366637781 -0.00024985502118427574
leaf_weight=24 15.999999999999998 18.694805860519409 55.592341423034668 27 22
leaf_count=24 16 18 44 27 22
internal_value=0 -0.00502221 0.00642006 -0.00083656 -0.00297515
internal_weight=163.287 91.6948 71.5923 67.6948 49
internal_count=151 91 60 67 49
is_linear=0
shrinkage=0.0168771


Tree=48
num_leaves=6
num_cat=0
split_feature=9 1 13 13 2
split_gain=19.9535 8.33378 4.78986 0.447486 0.421965
threshold=16.602142857142859 7.5686904761904765 0.4991853776705138 0.11140033717338872 0.27428571428571435
decision_type=2 2 2 2 2
left_child=-1 2 4 -3 -2
right_child=1 3 -4 -5 -6
leaf_value=-0.013483027133891448 0.002184562255873693 -0.0037208599205077624 0 0 0.0096789806619535425
leaf_weight=22 13.221529603004454 30 28.214793086051941 12.999999999999998 46.35297167301178
leaf_count=22 13 30 28 13 34
internal_value=0.000230562 0.00294863 0.00594709 -0.00267373 0.00855395
internal_weight=152.789 130.789 87.7893 43 59.5745
internal_count=140 118 75 43 47
is_linear=0
shrinkage=0.0168771


Tree=49
num_leaves=6
num_cat=0
split_feature=9 8 9 2 12
split_gain=18.5443 8.24469 4.53155 1.75275 1.20203
threshold=18.048571428571428 1.0000000180025095e-35 20.317142857142859 0.31000000000000005 -0.3425499945878982
decision_type=2 2 2 2 2
left_child=1 3 4 -1 -2
right_child=2 -3 -4 -5 -6
leaf_value=-0.013540685837547155 -0.00096740974305777375 0.003115254005224223 0.0089356471249298231 -0.0016255921772759699 0.0030634772279898503
leaf_weight=31 29 10.48091149330139 34.160221815109253 9.9999999999999982 38.679348587989807
leaf_count=31 29 10 25 10 37
internal_value=0 -0.00806116 0.00408419 -0.0114458 0.00105008
internal_weight=153.32 51.4809 101.84 41 67.6793
internal_count=142 51 91 41 66
is_linear=0
shrinkage=0.0168771


Tree=50
num_leaves=8
num_cat=0
split_feature=5 12 12 10 13 10 0
split_gain=15.5169 6.12934 4.24166 2.22133 1.86555 0.679093 0.478807
threshold=18.605714285714289 0.23347159754484895 -0.39182605381522845 0.26500000000000007 0.72594944079621504 0.41642857142857154 35.500000000000007
decision_type=2 2 2 2 2 2 2
left_child=1 3 -2 6 5 -4 -1
right_child=2 -3 4 -5 -6 -7 -8
leaf_value=-0.014980742243339083 -0.00083412330187815256 0.00090031541361318976 0.0092675245158471316 -0.001104252971522216 0 0.0015890523755376651 -0.0036240177569710113
leaf_weight=19.000000000000004 24 16.421529650688171 40.004836320877075 11.999999999999998 12.999999999999998 13.388109445571898 9.9999999999999982
leaf_count=19 24 16 30 12 13 12 10
internal_value=0 -0.00657285 0.00440815 -0.00993763 0.00658199 0.00792223 -0.0124557
internal_weight=147.814 57.4215 90.3929 41 66.3929 53.3929 29
internal_count=136 57 79 41 55 42 29
is_linear=0
shrinkage=0.0168771


Tree=51
num_leaves=7
num_cat=0
split_feature=4 8 8 12 10 10
split_gain=18.8973 5.65802 1.64034 0.501289 0.556157 0.271782
threshold=16.887857142857147 -0.13087619000275263 -0.090553599655062753 -0.3425499945878982 0.40285714285714291 0.41857142857142859
decision_type=2 2 2 2 2 2
left_child=2 3 -1 4 -2 -3
right_child=1 5 -4 -5 -6 -7
leaf_value=-0.014508717969715481 -0.003371853677587861 0.0067425161849049313 -0.0021176164780503087 0.00085579681712090786 0 0.0010357546866180266
leaf_weight=20.000000000000004 28 53.824938058853149 10.273276209831236 10.768000841140745 11.999999999999998 14.135291218757628
leaf_count=20 28 46 10 10 12 13
internal_value=-0.000112293 0.00282245 -0.0115345 -0.00105987 -0.00212105 0.00596326
internal_weight=149.002 118.728 30.2733 50.768 40 67.9602
internal_count=139 109 30 50 40 59
is_linear=0
shrinkage=0.0168771


Tree=52
num_leaves=7
num_cat=0
split_feature=5 13 1 13 10 1
split_gain=18.8901 6.2616 5.99442 2.48437 0.819126 0.602672
threshold=17.317142857142859 -0.14307853706426674 6.5945238095238112 0.72594944079621504 0.41071428571428575 -7.1305357142857124
decision_type=2 2 2 2 2 2
left_child=1 -1 3 5 -4 -2
right_child=2 -3 4 -5 -6 -7
leaf_value=0 0.0014641457456346829 -0.015051649550932583 -0.0030682609919025026 0 0.00085820216959422426 0.0085023763974344888
leaf_weight=12.999999999999998 13.999999999999998 22 28 18 14.999999999999998 52.55308198928833
leaf_count=13 14 22 28 18 15 40
internal_value=0.000252578 -0.0100912 0.00342473 0.00601703 -0.00124278 0.00746809
internal_weight=162.553 35 127.553 84.5531 43 66.5531
internal_count=150 35 115 72 43 54
is_linear=0
shrinkage=0.0168771


Tree=53
num_leaves=6
num_cat=0
split_feature=0 1 13 10 2
split_gain=22.3063 8.7104 2.93688 2.17363 0.86528
threshold=14.500000000000002 6.5945238095238112 0.4991853776705138 0.36642857142857149 0.27428571428571435
decision_type=2 2 2 2 2
left_child=-1 2 4 -3 -2
right_child=1 3 -4 -5 -6
leaf_value=-0.017804605603738057 0.0013590122370881876 -0.0063919779471042094 0 0 0.008418638170179682
leaf_weight=15.999999999999998 16.221529603004456 27 26 29 43.910820603370667
leaf_count=16 16 27 26 29 33
internal_value=-0.000469237 0.00164624 0.00505012 -0.00319952 0.00702066
internal_weight=158.132 142.132 86.1324 56 60.1324
internal_count=147 131 75 56 49
is_linear=0
shrinkage=0.0168771


Tree=54
num_leaves=7
num_cat=0
split_feature=3 8 8 13 8 9
split_gain=14.5475 5.17149 3.25001 1.90737 0.540601 0.311723
threshold=0.2442857142857143 -0.34820582071829226 -0.25732428018402836 0.72594944079621504 1.4012269306750527 19.252857142857142
decision_type=2 2 2 2 2 2
left_child=2 5 -1 4 -3 -2
right_child=1 3 -4 -5 -6 -7
leaf_value=-0.015123719800651844 -0.0024999094173064357 0.0079176164681270776 -0.00065930841815751615 0 0.0019070910100800822 0
leaf_weight=17.000000000000004 39 35.942304134368896 10.487373352050779 20 20.429164886474609 11.999999999999998
leaf_count=17 39 27 10 20 20 12
internal_value=-0.000309455 0.00200479 -0.0109347 0.00479575 0.00631837 -0.00179212
internal_weight=154.859 127.371 27.4874 76.3715 56.3715 51
internal_count=145 118 27 67 47 51
is_linear=0
shrinkage=0.0168771


Tree=55
num_leaves=6
num_cat=0
split_feature=6 1 12 2 1
split_gain=18.9798 5.98858 3.98273 2.98314 1.6621
threshold=18.742142857142859 0.92458333333333353 -0.39182605381522845 0.26000000000000012 -7.1305357142857124
decision_type=2 2 2 2 2
left_child=1 -1 -2 -3 -4
right_child=2 3 4 -5 -6
leaf_value=0.001956065291781545 -0.00084050252373795104 -0.013295659984538445 0.00045719691386577688 -0.0031435854259865047 0.0084473306952416657
leaf_weight=13.200000047683714 17.200000047683716 26 15.999999999999998 25 54.595605731010437
leaf_count=13 17 26 16 25 42
internal_value=9.33483e-05 -0.00656594 0.00526456 -0.00917395 0.00703132
internal_weight=151.996 64.2 87.7956 51 70.5956
internal_count=139 64 75 51 58
is_linear=0
shrinkage=0.0168771


Tree=56
num_leaves=7
num_cat=0
split_feature=3 13 0 4 2 12
split_gain=17.1823 3.10186 1.21036 1.12266 0.891641 0.64354
threshold=0.2442857142857143 -0.19087103419619919 14.500000000000002 17.877142857142861 0.27428571428571435 -0.65522026164191105
decision_type=2 2 2 2 2 2
left_child=2 4 -1 -3 -2 -5
right_child=1 3 -4 5 -6 -7
leaf_value=-0.016324471226164226 0 -0.0034678291639356805 -0.0041127619200281079 -0.000536660333541629 0.0071427134951126551 0.002461788389940271
leaf_weight=13.000000000000002 12.999999999999998 14.999999999999998 13.239644289016722 17 33.659871101379395 43.601312041282654
leaf_count=13 13 15 13 17 25 42
internal_value=-0.000160257 0.00241239 -0.011959 0 0.00570234 0.00128168
internal_weight=148.501 122.261 26.2396 75.6013 46.6599 60.6013
internal_count=138 112 26 74 38 59
is_linear=0
shrinkage=0.0168771


Tree=57
num_leaves=6
num_cat=0
split_feature=7 8 13 2 2
split_gain=13.6489 6.43551 1.38754 1.09049 1.0134
threshold=16.588571428571431 -0.18024946633210806 0.72594944079621504 0.31000000000000005 0.27428571428571435
decision_type=2 2 2 2 2
left_child=-1 3 4 -2 -3
right_child=1 2 -4 -5 -6
leaf_value=-0.01152490130045454 -0.0070629205005776951 0.00044988125973847672 0 -0.00049840581606267918 0.0072545668252577073
leaf_weight=24 10.999999999999998 16.221529603004456 13.999999999999998 36 44.090656518936157
leaf_count=24 11 16 14 36 35
internal_value=-0.00052678 0.00168795 0.00481955 -0.00280663 0.00588406
internal_weight=145.312 121.312 74.3122 47 60.3122
internal_count=136 112 65 47 51
is_linear=0
shrinkage=0.0168771


Tree=58
num_leaves=7
num_cat=0
split_feature=7 3 1 13 10 3
split_gain=15.4599 7.72528 1.82757 1.39539 0.799259 0.424514
threshold=19.305714285714291 0.2442857142857143 2.9365476190476199 0.4991853776705138 0.41071428571428575 0.3535714285714287
decision_type=2 2 2 2 2 2
left_child=1 -1 -3 5 -4 -2
right_child=3 2 4 -5 -6 -7
leaf_value=-0.011782777942094117 0.010581425439127035 0.0028521026268571326 -0.0041070642520482014 0.00064845839819673587 0 0.0036600736318936301
leaf_weight=24 24.105572700500488 20.902441143989563 31 17.214793086051941 10.999999999999998 22.905893564224243
leaf_count=24 16 20 31 17 11 19
internal_value=0.000274684 -0.0041593 -0.000517011 0.00652818 -0.00276915 0.00806865
internal_weight=151.129 86.9024 62.9024 64.2263 42 47.0115
internal_count=138 86 62 52 42 35
is_linear=0
shrinkage=0.0168771


Tree=59
num_leaves=6
num_cat=0
split_feature=8 0 9 1 9
split_gain=14.4281 5.04028 4.18543 0.688972 0.32919
threshold=-0.18024946633210806 22.500000000000004 17.262142857142859 -6.7692857142857141 19.252857142857142
decision_type=2 2 2 2 2
left_child=1 -1 -2 -4 -3
right_child=2 4 3 -5 -6
leaf_value=-0.015809205130319977 -0.0027349352879786648 -0.0036807175158286931 0.00083042181207274664 0.0070752526370635865 0
leaf_weight=10.999999999999998 13.999999999999998 42 15.999999999999998 53.119543194770813 9.9999999999999982
leaf_count=11 14 42 16 42 10
internal_value=-0.000148975 -0.0062281 0.00425299 0.00603299 -0.00306156
internal_weight=146.12 63 83.1195 69.1195 52
internal_count=135 63 72 58 52
is_linear=0
shrinkage=0.0168771


Tree=60
num_leaves=7
num_cat=0
split_feature=11 1 10 1 10 0
split_gain=17.0931 7.55764 2.89802 2.03008 1.45746 0.271401
threshold=16.597857142857144 6.5945238095238112 0.24785714285714289 -6.7692857142857141 0.36642857142857149 16.500000000000004
decision_type=2 2 2 2 2 2
left_child=5 2 -2 -4 -3 -1
right_child=1 4 3 -5 -6 -7
leaf_value=-0.017022055430343821 -0.00019042554464285627 -0.0053965893450070171 0.00057347972238800456 0.0078801828877660338 0 -0.004516124308350509
leaf_weight=11.000000000000002 17.529263019561768 25 22.214793086051941 58.286466360092163 30 9.9999999999999982
leaf_count=11 17 25 22 45 30 10
internal_value=0 0.00204294 0.0048818 0.0062231 -0.00262091 -0.0132805
internal_weight=174.031 153.031 98.0305 80.5013 55 21
internal_count=160 139 84 67 55 21
is_linear=0
shrinkage=0.0168771


Tree=61
num_leaves=8
num_cat=0
split_feature=0 6 8 10 10 8 8
split_gain=17.0029 6.59192 3.17943 1.05072 1.00393 0.498678 0.418626
threshold=14.500000000000002 19.254999999999999 1.0000000180025095e-35 0.3535714285714287 0.35142857142857148 -0.18024946633210806 0.55012273504620524
decision_type=2 2 2 2 2 2 2
left_child=-1 2 4 6 -2 -5 -3
right_child=1 3 -4 5 -6 -7 -8
leaf_value=-0.016206348660234793 -0.0061019699235618967 0.0097549032807979739 0.0025848668189027758 0 0 0.0033038646886728511 0.0022727130392302241
leaf_weight=13.999999999999998 31 19.586861610412598 23.091687083244324 12.999999999999998 18 29.801388144493103 15.571391820907591
leaf_count=14 31 12 22 13 18 27 14
internal_value=-2.49661e-05 0.00161826 -0.00180719 0.00501405 -0.00433774 0.00216898 0.00745759
internal_weight=164.051 150.051 72.0917 77.9596 49 42.8014 35.1583
internal_count=151 137 71 66 49 40 26
is_linear=0
shrinkage=0.0168771


Tree=62
num_leaves=8
num_cat=0
split_feature=11 8 0 1 11 9 3
split_gain=11.7862 5.17145 1.09063 1.02406 1.05362 0.554186 0.531047
threshold=16.597857142857144 -0.15410206433374521 34.500000000000007 -7.4625595238095235 20.142857142857149 19.305714285714291 0.40500000000000008
decision_type=2 2 2 2 2 2 2
left_child=2 5 -1 -3 -5 6 -2
right_child=1 3 -4 4 -6 -7 -8
leaf_value=-0.015323477272081186 -0.0035787018562991615 0 -0.0026593135834717184 0.0019900859237243751 0.0077337829477865496 0 0
leaf_weight=11.000000000000002 40 13.999999999999998 9.9999999999999982 35.793125152587891 30.314666032791138 10.252818226814268 9.9999999999999982
leaf_count=11 40 14 10 33 22 10 10
internal_value=-0.000210796 0.00148621 -0.0112895 0.00431944 0.0051641 -0.00195123 -0.00274375
internal_weight=161.361 140.361 21 80.1078 66.1078 60.2528 50
internal_count=150 129 21 69 55 60 50
is_linear=0
shrinkage=0.0168771


Tree=63
num_leaves=7
num_cat=0
split_feature=5 8 13 13 2 10
split_gain=16.5532 5.21382 4.06286 2.30374 0.999542 0.884225
threshold=17.317142857142859 -0.18024946633210806 -0.14307853706426674 0.4991853776705138 0.27428571428571435 0.40285714285714291
decision_type=2 2 2 2 2 2
left_child=2 5 -1 4 -3 -2
right_child=1 3 -4 -5 -6 -7
leaf_value=0 -0.0038934591968063387 0.00071726659218960794 -0.012900440562502955 0 0.0082235440223039236 2.9205598658584947e-05
leaf_weight=11.999999999999998 25 14.221529603004454 28 24.214793086051941 41.681929469108582 14.999999999999998
leaf_count=12 25 14 28 24 30 15
internal_value=-0.000511878 0.0025018 -0.00963948 0.00500965 0.00682531 -0.00199799
internal_weight=160.118 120.118 40 80.1183 55.9035 40
internal_count=148 108 40 68 44 40
is_linear=0
shrinkage=0.0168771


Tree=64
num_leaves=7
num_cat=0
split_feature=8 3 10 1 10 10
split_gain=13.8517 5.20204 1.66825 1.74741 0.284724 0.224398
threshold=-0.18024946633210806 0.27714285714285719 0.24785714285714289 -6.7692857142857141 0.41071428571428575 0.41071428571428575
decision_type=2 2 2 2 2 2
left_child=1 -1 -2 -4 -3 -5
right_child=2 4 3 5 -6 -7
leaf_value=-0.011768515545666564 0 -0.0020617167008351615 6.7072079876693907e-05 0.0080711697361901726 0 0.0015044183055757654
leaf_weight=22 16.793894529342651 24 20.214793086051941 42.624887228012085 12.999999999999998 12.614843964576719
leaf_count=22 16 24 20 32 13 11
internal_value=0.000375762 -0.00568666 0.00454415 0.00558011 -0.000913466 0.00710761
internal_weight=151.248 59 92.2484 75.4545 37 55.2397
internal_count=138 59 79 63 37 43
is_linear=0
shrinkage=0.0168771


Tree=65
num_leaves=6
num_cat=0
split_feature=6 13 8 13 13
split_gain=9.46088 4.81245 3.51834 0.967103 0.236939
threshold=17.176428571428573 -0.14307853706426674 -0.18024946633210806 0.4991853776705138 0.11140033717338872
decision_type=2 2 2 2 2
left_child=1 -1 4 -4 -2
right_child=2 -3 3 -5 -6
leaf_value=0 -0.0022841367042077594 -0.012728042190473835 0.0056183515012546842 0 0
leaf_weight=13.200000047683714 27 20 46.747770309448242 18 19
leaf_count=13 27 20 38 18 19
internal_value=-0.000414903 -0.00805201 0.00182509 0.00437005 -0.00134573
internal_weight=143.948 33.2 110.748 64.7478 46
internal_count=135 33 102 56 46
is_linear=0
shrinkage=0.0168771


Tree=66
num_leaves=8
num_cat=0
split_feature=5 12 10 9 10 2 5
split_gain=10.1405 3.35425 1.81107 0.484229 0.43281 0.419524 0.292383
threshold=16.609285714285718 -0.094897142112521177 0.35142857142857148 19.867857142857144 0.41857142857142859 0.25071428571428572 18.240000000000006
decision_type=2 2 2 2 2 2 2
left_child=5 2 -2 -4 6 -1 -3
right_child=1 4 3 -5 -6 -7 -8
leaf_value=-0.012575571961102851 -0.0055975298745946245 0.00042141446685408377 -0.00011841704300617841 0.0031333432964530225 0 -0.0023528026673520783 0.0054738865375613616
leaf_weight=13.000000000000002 14.999999999999998 14.999999999999998 32 11.957204103469847 11.245097041130064 9.9999999999999982 47.958173036575317
leaf_count=13 15 15 32 10 11 10 40
internal_value=0 0.00175592 -0.000934411 0.000427678 0.00413871 -0.0097605 0.00468235
internal_weight=156.16 133.16 58.9572 43.9572 74.2033 23 62.9582
internal_count=146 123 57 42 66 23 55
is_linear=0
shrinkage=0.0168771


Tree=67
num_leaves=6
num_cat=0
split_feature=8 3 9 13 12
split_gain=10.0231 5.70217 1.8583 0.726979 0.139232
threshold=-0.18024946633210806 0.25285714285714289 17.262142857142859 0.4188861480126011 -0.65522026164191105
decision_type=2 2 2 2 2
left_child=1 -1 -2 -4 -3
right_child=2 4 3 -5 -6
leaf_value=-0.012501048529070748 -0.00029437577734409717 -0.001575246770925605 0.006605235576290636 0.0015807235264761077 0
leaf_weight=17 14.999999999999998 29 42.469470620155334 30.214793086051941 15.999999999999998
leaf_count=17 15 29 32 30 16
internal_value=6.26041e-05 -0.00485093 0.00382861 0.00495457 -0.000908354
internal_weight=149.684 62 87.6843 72.6843 45
internal_count=139 62 77 62 45
is_linear=0
shrinkage=0.0168771


Tree=68
num_leaves=7
num_cat=0
split_feature=7 1 1 13 3 10
split_gain=10.8589 5.60077 3.45491 1.58577 0.436828 0.311167
threshold=19.305714285714291 0.92458333333333353 9.7816071428571458 0.64452831864684512 0.3535714285714287 0.41071428571428575
decision_type=2 2 2 2 2 2
left_child=1 -1 -3 4 -2 -4
right_child=3 2 5 -5 -6 -7
leaf_value=0.0028680004629097451 0.0083300332450359314 -0.0096799666755114245 -0.0025630366755541364 0 0.0024926893517495333 0
leaf_weight=19.968082070350647 24.2321857213974 39 25 15.214793086051939 25.632545590400696 11.999999999999998
leaf_count=19 17 39 25 15 22 12
internal_value=-0.000374628 -0.00406138 -0.00620476 0.0046733 0.00605752 -0.00154067
internal_weight=161.048 95.9681 76 65.0795 49.8647 37
internal_count=149 95 76 54 39 37
is_linear=0
shrinkage=0.0168771


Tree=69
num_leaves=7
num_cat=0
split_feature=11 7 1 13 1 13
split_gain=15.557 4.78149 1.92118 1.74454 0.957789 0.829052
threshold=16.597857142857144 19.305714285714291 -2.7233333333333332 0.4991853776705138 10.799821428571432 0.021678267884871611
decision_type=2 2 2 2 2 2
left_child=5 2 -2 -3 -4 -1
right_child=1 3 4 -5 -6 -7
leaf_value=-0.0030557769058584153 0.0026400952527306501 0.0066717443709672511 -0.005822385765684758 0 -0.00031350499327755031 -0.014917810336842108
leaf_weight=10.000000000000002 19.694805860519409 45.655232787132263 19 18 33 15.999999999999998
leaf_count=10 19 35 19 18 33 16
internal_value=-0.000549623 0.00167322 -0.00106105 0.0050012 -0.0029368 -0.0118987
internal_weight=161.35 135.35 71.6948 63.6552 52 26
internal_count=150 124 71 53 52 26
is_linear=0
shrinkage=0.0168771


Tree=70
num_leaves=7
num_cat=0
split_feature=3 1 4 1 3 9
split_gain=14.0556 3.67961 3.01222 0.757795 0.746834 0.22864
threshold=0.2442857142857143 7.5686904761904765 17.176428571428573 -7.4625595238095235 0.26928571428571441 19.305714285714291
decision_type=2 2 2 2 2 2
left_child=2 3 -1 -2 -5 -3
right_child=1 5 -4 4 -6 -7
leaf_value=-0.013617810275062767 0 -0.0020962709172021934 -0.00055175123084912688 0 0.0057523120248992015 0
leaf_weight=21 13.999999999999998 36 11.479288578033445 13.200000047683714 52.682077407836914 10.999999999999998
leaf_count=21 14 36 11 13 43 11
internal_value=-0.000535609 0.0019006 -0.0100589 0.00412827 0.00486294 -0.00145644
internal_weight=159.361 126.882 32.4793 79.8821 65.8821 47
internal_count=149 117 32 70 56 47
is_linear=0
shrinkage=0.0168771


Tree=71
num_leaves=6
num_cat=0
split_feature=0 1 13 10 14
split_gain=16.3617 4.97776 1.57859 1.0907 0.903538
threshold=14.500000000000002 7.5686904761904765 0.72594944079621504 0.36642857142857149 18.242857142857144
decision_type=2 2 2 2 2
left_child=-1 2 4 -3 -2
right_child=1 3 -4 -5 -6
leaf_value=-0.014592746865171891 0.00034972496404337311 -0.0043330928994375932 0 0 0.0065888672033295398
leaf_weight=15.999999999999998 16.754187703132629 23 22 29 56.507733702659607
leaf_count=16 16 23 22 29 44
internal_value=5.97236e-05 0.00205332 0.00437029 -0.00178971 0.00552431
internal_weight=163.262 147.262 95.2619 52 73.2619
internal_count=150 134 82 52 60
is_linear=0
shrinkage=0.0168771


Tree=72
num_leaves=6
num_cat=0
split_feature=8 1 6 13 10
split_gain=12.4517 5.812 2.65815 1.90764 0.751145
threshold=-0.18024946633210806 7.9508333333333336 17.176428571428573 0.4188861480126011 0.41071428571428575
decision_type=2 2 2 2 2
left_child=1 -1 -2 -4 -3
right_child=2 4 3 -5 -6
leaf_value=-0.012567074272339846 -0.00092036820212733209 -0.0028927372122382754 0.0073687209213558341 0.0005857823690532982 0.00064430150381765991
leaf_weight=20 17 36 47.513800382614136 26.214793086051941 13.999999999999998
leaf_count=20 17 36 35 26 14
internal_value=0 -0.00534382 0.00395467 0.00536349 -0.00149776
internal_weight=160.729 70 90.7286 73.7286 50
internal_count=148 70 78 61 50
is_linear=0
shrinkage=0.0168771


Tree=73
num_leaves=6
num_cat=0
split_feature=8 14 6 1 7
split_gain=6.54712 2.26388 1.70567 1.32904 0.131552
threshold=-0.18024946633210806 17.15071428571429 17.176428571428573 -7.4625595238095235 19.235000000000003
decision_type=2 2 2 2 2
left_child=1 -1 -2 -4 -3
right_child=2 4 3 -5 -6
leaf_value=-0.009121708953575506 -0.00038063308563389354 -0.0015567193800796683 0 0.0055820486813195867 0
leaf_weight=14.999999999999998 17.200000047683716 33 14.999999999999998 56.257593393325806 9.9999999999999982
leaf_count=15 17 33 15 46 10
internal_value=0.00029212 -0.00383381 0.00327877 0.00444456 -0.00103898
internal_weight=146.458 58 88.4576 71.2576 43
internal_count=136 58 78 61 43
is_linear=0
shrinkage=0.0168771


Tree=74
num_leaves=6
num_cat=0
split_feature=9 11 13 10 13
split_gain=10.2962 2.50556 0.881449 1.18458 0.617448
threshold=16.545000000000005 20.142857142857149 -0.36670848301478803 0.31714285714285723 0.4991853776705138
decision_type=2 2 2 2 2
left_child=-1 2 -2 -4 -3
right_child=1 4 3 -5 -6
leaf_value=-0.010008560175076368 0.0028648801193887621 0.0062732504140422347 -0.0043613450836024175 0.00021034766848812623 0.00021894599128237724
leaf_weight=21 21.895583510398865 33.326789736747742 17.207635283470154 44.502008676528931 15.214793086051939
leaf_count=21 20 25 17 44 15
internal_value=4.921e-05 0.00199502 0 -0.000856771 0.00493117
internal_weight=153.147 132.147 83.6052 61.7096 48.5416
internal_count=142 121 81 61 40
is_linear=0
shrinkage=0.0168771


Tree=75
num_leaves=6
num_cat=0
split_feature=0 1 10 10 1
split_gain=14.8072 5.41321 1.38289 1.3506 0.985472
threshold=14.500000000000002 7.5686904761904765 0.38285714285714295 0.25071428571428572 -7.4625595238095235
decision_type=2 2 2 2 2
left_child=-1 3 -3 -2 -5
right_child=1 2 -4 4 -6
leaf_value=-0.014710936389033554 0 -0.0051479351211736928 0 0 0.0054712482032703786
leaf_weight=15.999999999999998 13.264631509780882 29 25 15.999999999999998 61.667559146881104
leaf_count=16 13 29 25 16 50
internal_value=-0.000571783 0.00109674 -0.00281774 0.00367555 0.00452852
internal_weight=160.932 144.932 54 90.9322 77.6676
internal_count=149 133 54 79 66
is_linear=0
shrinkage=0.0168771


Tree=76
num_leaves=7
num_cat=0
split_feature=6 1 0 2 13 13
split_gain=11.87 3.68833 1.42526 1.13116 0.723344 0.448906
threshold=16.707857142857147 6.5945238095238112 16.500000000000004 0.27428571428571435 0.72594944079621504 -0.033124610208548004
decision_type=2 2 2 2 2 2
left_child=2 3 -1 -2 -5 -3
right_child=1 5 -4 4 -6 -7
leaf_value=-0.014756227336964212 0 -0.0027879753461390873 -0.0034103240031863702 0.0064752741768180485 0.00027345094740117022 0
leaf_weight=10.000000000000002 14.999999999999998 20 17 51.244560956954956 14.999999999999998 26
leaf_count=10 15 20 17 39 15 26
internal_value=4.95504e-05 0.00239024 -0.00939024 0.00455216 0.00546584 -0.00101352
internal_weight=154.245 127.245 27 81.2446 66.2446 46
internal_count=142 115 27 69 54 46
is_linear=0
shrinkage=0.0168771


Tree=77
num_leaves=7
num_cat=0
split_feature=2 1 1 13 10 0
split_gain=6.13821 3.95888 2.72821 2.24463 0.428058 0.210593
threshold=0.26714285714285718 -2.7233333333333332 6.5945238095238112 0.4188861480126011 0.41071428571428575 20.500000000000004
decision_type=2 2 2 2 2 2
left_child=1 -1 3 -2 -4 -3
right_child=2 5 4 -5 -6 -7
leaf_value=0.0015146900281048125 0.0058139719528096153 -0.012733833863543475 -0.0021322611009736616 0 0.00042040584812524148 -0.0041157654710426862
leaf_weight=10.221529603004454 50.709550499916077 10.000000000000002 33 26 13.999999999999998 19
leaf_count=10 39 10 33 26 14 19
internal_value=0 -0.00557127 0.0018652 0.00383863 -0.000942613 -0.00868151
internal_weight=162.931 39.2215 123.71 76.7096 47 29
internal_count=151 39 112 65 47 29
is_linear=0
shrinkage=0.0168771


Tree=78
num_leaves=6
num_cat=0
split_feature=5 1 3 13 10
split_gain=10.7902 3.42824 2.98251 1.59251 0.549333
threshold=17.317142857142859 6.5945238095238112 0.2442857142857143 0.4991853776705138 0.41071428571428575
decision_type=2 2 2 2 2
left_child=2 3 -1 -2 -3
right_child=1 4 -4 -5 -6
leaf_value=-0.011484388208869874 0.0055733664880723496 -0.0024452726702546808 0 0 0.00054395954801076838
leaf_weight=22 61.592700362205505 33 13.999999999999998 26 13.999999999999998
leaf_count=22 48 33 14 26 14
internal_value=0 0.00215222 -0.00791273 0.00413852 -0.00112596
internal_weight=170.593 134.593 36 87.5927 47
internal_count=157 121 36 74 47
is_linear=0
shrinkage=0.0168771


Tree=79
num_leaves=7
num_cat=0
split_feature=0 1 10 9 1 7
split_gain=10.4826 3.64462 1.21082 0.997665 0.928548 0.139281
threshold=14.500000000000002 7.5686904761904765 0.41071428571428575 17.262142857142859 -7.1305357142857124 19.235000000000003
decision_type=2 2 2 2 2 2
left_child=-1 3 5 -2 -5 -3
right_child=1 2 -4 4 -6 -7
leaf_value=-0.013006217935447954 0 -0.0043448158957302323 0.0011385684061629728 0 0.0051733821652888467 0
leaf_weight=13.999999999999998 14.999999999999998 30 11.999999999999998 15.999999999999998 52.22603166103363 9.9999999999999982
leaf_count=14 15 30 12 16 42 10
internal_value=-0.000368021 0.00102495 -0.00215962 0.00328068 0.00412635 -0.0036816
internal_weight=149.226 135.226 52 83.226 68.226 40
internal_count=139 125 52 73 58 40
is_linear=0
shrinkage=0.0168771


Tree=80
num_leaves=7
num_cat=0
split_feature=3 8 13 8 5 12
split_gain=12.9 2.86789 0.999329 0.338092 0.184802 0.176528
threshold=0.2442857142857143 -0.13087619000275263 0.4188861480126011 -0.25732428018402836 18.605714285714289 -0.67126498477799534
decision_type=2 2 2 2 2 2
left_child=3 4 -3 -1 -2 -6
right_child=1 2 -4 -5 5 -7
leaf_value=-0.01179680438824289 -0.0013298227638511577 0.0062619345369860141 0.00096361454921560074 -0.0023085851539851603 0 0.0020649753494501408
leaf_weight=17.000000000000004 24 48.39537525177002 28.214793086051941 10.239644289016722 17.000000000000004 10.064251899719237
leaf_count=17 24 36 28 10 17 9
internal_value=0.000254126 0.00268202 0.00469935 -0.00954145 -1.95341e-05 0.000410926
internal_weight=154.914 127.674 76.6102 27.2396 51.0643 27.0643
internal_count=141 114 64 27 50 26
is_linear=0
shrinkage=0.0168771


Tree=81
num_leaves=6
num_cat=0
split_feature=5 13 1 10 1
split_gain=7.62724 2.9408 2.60656 0.763243 0.759345
threshold=17.317142857142859 -0.14307853706426674 7.5686904761904765 0.41071428571428575 -7.1305357142857124
decision_type=2 2 2 2 2
left_child=1 -1 4 -4 -2
right_child=2 -3 3 -5 -6
leaf_value=0 0 -0.0099252402061967664 -0.0030120382492322289 0.00077174000844820051 0.0046427564519825317
leaf_weight=16.200000047683716 18 23 25 17 60.586358785629272
leaf_count=16 18 23 25 17 50
internal_value=-5.2748e-05 -0.0063818 0.00192522 -0.00103069 0.00376042
internal_weight=159.786 39.2 120.586 42 78.5864
internal_count=149 39 110 42 68
is_linear=0
shrinkage=0.0168771


Tree=82
num_leaves=7
num_cat=0
split_feature=2 8 13 0 2 10
split_gain=9.53458 3.03467 1.28416 0.861115 0.687527 0.412438
threshold=0.23571428571428579 -0.18024946633210806 0.72594944079621504 14.500000000000002 0.27428571428571435 0.41071428571428575
decision_type=2 2 2 2 2 2
left_child=3 5 4 -1 -3 -2
right_child=1 2 -4 -5 -6 -7
leaf_value=-0.012080037434318795 -0.0021427150173819113 0 0 -0.0020792118210272541 0.0059603496465081823 0.00025860234315500829
leaf_weight=14.000000000000002 36 12.999999999999998 17 12.221529603004454 47.501467943191528 12.999999999999998
leaf_count=14 36 13 17 12 37 13
internal_value=-4.08248e-06 0.00181713 0.00391008 -0.00886251 0.00501549 -0.00109505
internal_weight=152.723 126.501 77.5015 26.2215 60.5015 49
internal_count=142 116 67 26 50 49
is_linear=0
shrinkage=0.0168771


Tree=83
num_leaves=7
num_cat=0
split_feature=14 13 1 12 13 13
split_gain=8.75734 3.27453 2.70398 2.44339 2.41078 0.164507
threshold=18.242857142857144 -0.21853981321360297 12.995773809523813 -0.39182605381522845 0.4188861480126011 0.8113398291272943
decision_type=2 2 2 2 2 2
left_child=1 -1 -3 -2 -5 -6
right_child=3 2 -4 4 5 -7
leaf_value=0 -0.00087495995048509929 -0.010690072363460675 0 0.0076142717000381209 0.0014350504026354981 -0.00013082420568474599
leaf_weight=21.429164886474609 29.200000047683716 29 9.9999999999999982 30.829831838607788 21.214793086051941 10.999999999999998
leaf_count=21 29 29 10 21 21 11
internal_value=-0.000573869 -0.00554016 -0.00828481 0.00251399 0.00439281 0.000295718
internal_weight=152.674 60.4292 39 92.2446 63.0446 32.2148
internal_count=142 60 39 82 53 32
is_linear=0
shrinkage=0.0168771


Tree=84
num_leaves=8
num_cat=0
split_feature=0 11 12 3 10 10 13
split_gain=10.3369 3.41552 1.8729 0.995901 0.449819 0.371666 0.237623
threshold=14.500000000000002 20.142857142857149 -0.094897142112521177 0.27714285714285719 0.24785714285714289 0.41642857142857154 0.47024268206659275
decision_type=2 2 2 2 2 2 2
left_child=-1 2 3 -2 -4 6 -3
right_child=1 5 4 -5 -6 -7 -8
leaf_value=-0.013117627597960308 -0.0059330683797570683 0.0076534577819581144 0 -0.00044279997506750608 0.0028550089981195649 0 0.00099043258388179217
leaf_weight=12.999999999999998 14.999999999999998 19.771214365959171 10.999999999999998 45.245097041130066 35.64193332195282 10.890194177627562 12.214793086051939
leaf_count=13 15 13 11 45 32 10 12
internal_value=-5.34397e-05 0.00116252 -0.00028749 -0.00237545 0.00193814 0.00505507 0.00604655
internal_weight=162.763 149.763 106.887 60.2451 46.6419 42.8762 31.986
internal_count=151 138 103 60 43 35 25
is_linear=0
shrinkage=0.0168771


Tree=85
num_leaves=5
num_cat=0
split_feature=3 12 8 13
split_gain=7.79629 4.81334 2.53952 0.933011
threshold=0.26928571428571441 0.23347159754484895 -0.18024946633210806 0.72594944079621504
decision_type=2 2 2 2
left_child=1 -1 -2 -4
right_child=2 -3 3 -5
leaf_value=-0.010152943378741633 -0.00013222615088780796 0.0002477091417492112 0.0057854394521229431 0
leaf_weight=25 44 15.687373399734495 47.91572380065918 15.999999999999998
leaf_count=25 44 15 36 16
internal_value=1.52786e-05 -0.00588023 0.00253652 0.00463479
internal_weight=148.603 40.6874 107.916 63.9157
internal_count=136 40 96 52
is_linear=0
shrinkage=0.0168771


Tree=86
num_leaves=6
num_cat=0
split_feature=7 8 13 0 2
split_gain=7.79027 3.64542 0.718018 0.23412 0.226916
threshold=16.588571428571431 -0.18024946633210806 0.72594944079621504 20.500000000000004 0.31000000000000005
decision_type=2 2 2 2 2
left_child=3 4 -3 -1 -2
right_child=1 2 -4 -5 -6
leaf_value=-0.011171848060546134 -0.0032300696195868106 0.0050077608072142104 0 -0.002201954887065045 0
leaf_weight=11.000000000000002 12.999999999999998 61.867347240447998 19 11.200000047683714 34
leaf_count=11 13 51 19 11 34
internal_value=0.000130698 0.00192201 0.00411698 -0.00831988 -0.00142536
internal_weight=150.067 127.867 80.8673 22.2 47
internal_count=139 117 70 22 47
is_linear=0
shrinkage=0.0168771


Tree=87
num_leaves=6
num_cat=0
split_feature=2 1 1 13 13
split_gain=10.9561 3.33142 2.93787 1.78755 0.194257
threshold=0.26714285714285718 6.5945238095238112 1.5040476190476191 0.72594944079621504 0.11140033717338872
decision_type=2 2 2 2 2
left_child=2 3 -1 -2 -3
right_child=1 4 -4 -5 -6
leaf_value=0 0.0054342720064064903 -0.0020773926940457947 -0.010124138410028653 0 0
leaf_weight=9.9999999999999982 60.528554439544678 31 31 21 10.999999999999998
leaf_count=10 47 31 31 21 11
internal_value=-0.000387959 0.00200147 -0.00775258 0.00401966 -0.00142363
internal_weight=164.529 123.529 41 81.5286 42
internal_count=151 110 41 68 42
is_linear=0
shrinkage=0.0168771


Tree=88
num_leaves=7
num_cat=0
split_feature=7 12 7 12 10 9
split_gain=9.75835 2.36559 0.889651 0.650421 0.498011 0.38528
threshold=16.707857142857147 -0.39182605381522845 18.239285714285717 0.99987622669764953 0.41071428571428575 16.545000000000005
decision_type=2 2 2 2 2 2
left_child=5 4 -3 -4 -2 -1
right_child=1 2 3 -5 -6 -7
leaf_value=-0.011373175626803164 -0.0021599532993044246 0 0.0058824682830064361 0.0013970092228677916 0.0007574283651917489 -0.0022181690102943911
leaf_weight=15.000000000000002 33 19.494805812835693 40.564802765846252 35.512827396392822 14.200000047683714 11.200000047683714
leaf_count=15 33 19 30 34 14 11
internal_value=0 0.00185735 0.00340352 0.00420128 -0.000841922 -0.00884344
internal_weight=168.972 142.772 95.5724 76.0776 47.2 26.2
internal_count=156 130 83 64 47 26
is_linear=0
shrinkage=0.0168771


Tree=89
num_leaves=5
num_cat=0
split_feature=8 3 4 13
split_gain=4.97589 2.98187 1.14107 1.12085
threshold=-0.18024946633210806 0.27714285714285719 17.342857142857145 0.72594944079621504
decision_type=2 2 2 2
left_child=1 -1 -2 -4
right_child=2 -3 3 -5
leaf_value=-0.0087799276221845815 -7.2252237314200679e-05 -0.00023610257781898523 0.0047401769290193766 0
leaf_weight=17 16.702441096305847 43 58.531515717506409 17
leaf_count=17 16 43 47 17
internal_value=0.000220365 -0.00330779 0.00278213 0.00367834
internal_weight=152.234 60 92.234 75.5315
internal_count=140 60 80 64
is_linear=0
shrinkage=0.0168771


Tree=90
num_leaves=6
num_cat=0
split_feature=4 8 3 10 10
split_gain=6.88175 4.06468 1.6404 0.642104 0.199744
threshold=16.559285714285718 -0.18024946633210806 0.39071428571428574 0.40285714285714291 0.31214285714285711
decision_type=2 2 2 2 2
left_child=-1 3 4 -2 -3
right_child=1 2 -4 -5 -6
leaf_value=-0.0085405594827118909 -0.0032221703302802844 0.0012692846771746842 0 0 0.0058668131599870395
leaf_weight=23 44 20.466548323631287 19.485478639602661 13.999999999999998 39.105630874633789
leaf_count=23 44 19 18 14 30
internal_value=-0.000472161 0.000871306 0.0034219 -0.00223466 0.00477894
internal_weight=160.058 137.058 79.0577 58 59.5722
internal_count=148 125 67 58 49
is_linear=0
shrinkage=0.0168771


Tree=91
num_leaves=7
num_cat=0
split_feature=3 8 8 13 3 10
split_gain=5.29464 2.65057 1.23321 0.888331 0.615535 0.184803
threshold=0.2442857142857143 -0.18024946633210806 -0.34820582071829226 0.4991853776705138 0.25642857142857151 0.41071428571428575
decision_type=2 2 2 2 2 2
left_child=1 -1 5 4 -4 -2
right_child=2 -3 3 -5 -6 -7
leaf_value=-0.010283723528455644 -0.0012338078942321321 0 0 0 0.0050209782865428933 0.00043103278418138522
leaf_weight=16.000000000000004 32 9.7189328670501691 10.999999999999998 23 38.288118481636047 13.999999999999998
leaf_count=16 32 9 11 23 29 14
internal_value=0 -0.00659487 0.00147241 0.00284893 0.00406687 -0.000273313
internal_weight=144.007 25.7189 118.288 72.2881 49.2881 46
internal_count=134 25 109 63 40 46
is_linear=0
shrinkage=0.0168771


Tree=92
num_leaves=7
num_cat=0
split_feature=11 1 0 10 1 10
split_gain=5.38098 2.23023 1.66342 0.981128 1.36505 0.563047
threshold=16.597857142857144 6.5945238095238112 34.500000000000007 0.24785714285714289 -7.1305357142857124 0.38285714285714295
decision_type=2 2 2 2 2 2
left_child=2 3 -1 -2 -5 -3
right_child=1 5 -4 4 -6 -7
leaf_value=-0.011163502695318064 0 -0.0028592761105106341 0 0 0.0053653796183299116 0
leaf_weight=11.000000000000002 15.529263019561766 24 9.9999999999999982 19 49.756842255592346 26
leaf_count=11 15 24 10 19 39 26
internal_value=0 0.00140906 -0.00725946 0.00311843 0.00396622 -0.00106186
internal_weight=155.286 134.286 21 84.2861 68.7568 50
internal_count=144 123 21 73 58 50
is_linear=0
shrinkage=0.0168771


Tree=93
num_leaves=7
num_cat=0
split_feature=7 8 1 11 10 10
split_gain=6.99096 3.04341 1.28921 0.639962 0.576762 0.432261
threshold=16.588571428571431 -0.18024946633210806 -6.7692857142857141 16.597857142857144 0.41071428571428575 0.41071428571428575
decision_type=2 2 2 2 2 2
left_child=3 4 -3 -1 -2 -4
right_child=1 2 5 -5 -6 -7
leaf_value=-0.010410477378801707 -0.0022706554229016966 0 0.0056393545945101538 -0.0010301694878477239 0.00074883719329434334 0
leaf_weight=13.000000000000002 39 22.214793086051941 51.61943519115448 10.200000047683714 14.999999999999998 11.814844012260435
leaf_count=13 39 22 40 10 15 10
internal_value=0.000157663 0.00175473 0.00374781 -0.00772011 -0.00104262 0.00492783
internal_weight=162.849 139.649 85.6491 23.2 54 63.4343
internal_count=149 126 72 23 54 50
is_linear=0
shrinkage=0.0168771


Tree=94
num_leaves=7
num_cat=0
split_feature=3 6 12 13 10 3
split_gain=5.96993 2.00901 1.47306 1.21355 0.217152 0.134273
threshold=0.2442857142857143 17.334285714285716 -0.39182605381522845 0.34645521362404252 0.41071428571428575 0.27428571428571435
decision_type=2 2 2 2 2 2
left_child=1 -1 4 5 -2 -4
right_child=2 -3 3 -5 -6 -7
leaf_value=-0.0099347850171889063 -0.001603608626102065 0 0.00016318647222795659 0 0 0.0054246767336201878
leaf_weight=18.000000000000004 32 12.727017641067503 11.473276257514952 36.214793086051941 10.999999999999998 30.812948346138
leaf_count=18 32 12 11 36 11 22
internal_value=-0.000239695 -0.00665964 0.00132167 0.00273494 -0.000779968 0.00459565
internal_weight=152.228 30.727 121.501 78.501 43 42.2862
internal_count=142 30 112 69 43 33
is_linear=0
shrinkage=0.0168771


Tree=95
num_leaves=8
num_cat=0
split_feature=7 3 3 1 1 13 11
split_gain=5.36226 3.65621 1.20551 0.562053 0.507091 0.192345 0.149652
threshold=19.305714285714291 0.2442857142857143 0.39642857142857141 -6.3709523809523807 -2.7233333333333332 0.032896328676532922 16.597857142857144
decision_type=2 2 2 2 2 2 2
left_child=1 6 3 -2 -3 -6 -1
right_child=2 4 -4 -5 5 -7 -8
leaf_value=-0.010205716603057169 0 0.0015410109095924753 0 0.0057028858426635574 -0.0023449826753374581 0 -0.0017421365850719443
leaf_weight=14.000000000000002 9.9999999999999982 16.902441143989563 23.376095771789551 37.274848461151123 26 25 9.9999999999999982
leaf_count=14 10 16 21 28 26 25 10
internal_value=0 -0.00276283 0.00330511 0.00478049 -0.000310671 -0.0013903 -0.00808273
internal_weight=162.553 91.9024 70.6509 47.2748 67.9024 51 24
internal_count=150 91 59 38 67 51 24
is_linear=0
shrinkage=0.0168771


Tree=96
num_leaves=5
num_cat=0
split_feature=2 3 12 13
split_gain=5.26645 2.32391 2.0378 0.879493
threshold=0.26714285714285718 0.2442857142857143 -0.39182605381522845 0.4991853776705138
decision_type=2 2 2 2
left_child=1 -1 -2 -4
right_child=2 -3 3 -5
leaf_value=-0.0087430739877515321 -0.00032853982061941604 0 0.0052173816039071241 9.3917733947735709e-06
leaf_weight=18 39.200000047683716 16.221529603004456 48.679574370384216 22.214793086051941
leaf_count=18 39 16 37 22
internal_value=0.000316839 -0.00502259 0.00226165 0.003954
internal_weight=144.316 34.2215 110.094 70.8944
internal_count=132 34 98 59
is_linear=0
shrinkage=0.0168771


Tree=97
num_leaves=6
num_cat=0
split_feature=0 12 13 2 10
split_gain=5.99193 2.67659 1.00996 1.24398 0.438974
threshold=14.500000000000002 -0.39182605381522845 0.78090022158409866 0.27428571428571435 0.36642857142857149
decision_type=2 2 2 2 2
left_child=-1 4 3 -3 -2
right_child=1 2 -4 -5 -6
leaf_value=-0.0097338591611696324 -0.0031714326590919807 0 0 0.004639303200612681 0
leaf_weight=12.999999999999998 26 22.221529603004456 15.999999999999998 63.871473073959351 22.200000047683716
leaf_count=13 26 22 16 51 22
internal_value=0 0.00113922 0.00275229 0.00348838 -0.00180096
internal_weight=163.293 150.293 102.093 86.093 48.2
internal_count=150 137 89 73 48
is_linear=0
shrinkage=0.0168771


Tree=98
num_leaves=5
num_cat=0
split_feature=8 3 12 12
split_gain=4.26152 4.53482 0.456239 0.395436
threshold=0.30660107268929659 0.27714285714285719 -0.3425499945878982 1.4104885884693694
decision_type=2 2 2 2
left_child=1 -1 -3 -2
right_child=3 2 -4 -5
leaf_value=-0.0073005245694192714 0.0042034712295595713 -0.00036514623049357979 0.0027207548906620911 0.00061091632784801033
leaf_weight=32 39.082830548286438 39 14.058306336402891 34.455831170082092
leaf_count=32 32 39 11 33
internal_value=0 -0.00254648 0.000151076 0.00290091
internal_weight=158.597 85.0583 53.0583 73.5387
internal_count=147 82 50 65
is_linear=0
shrinkage=0.0168771


Tree=99
num_leaves=6
num_cat=0
split_feature=3 6 1 10 6
split_gain=6.19773 2.17904 1.22959 0.61657 0.271642
threshold=0.2442857142857143 17.334285714285716 2.9365476190476199 0.41857142857142859 18.503571428571433
decision_type=2 2 2 2 2
left_child=1 -1 3 -2 -4
right_child=2 -3 4 -5 -6
leaf_value=-0.00949326191227008 0.0034351929921886105 0 -0.0016310375410532988 0 0.00025734195844791317
leaf_weight=22.000000000000004 55.376393795013428 9.7189328670501691 29 12.845097184181212 23.801887512207031
leaf_count=22 48 9 29 12 23
internal_value=-0.000443803 -0.00684915 0.00117568 0.00268345 -0.000408506
internal_weight=152.742 31.7189 121.023 68.2215 52.8019
internal_count=143 31 112 60 52
is_linear=0
shrinkage=0.0168771


Tree=100
num_leaves=7
num_cat=0
split_feature=4 8 13 10 10 0
split_gain=5.4635 2.59612 0.889956 0.656634 0.19466 0.193838
threshold=16.559285714285718 -0.18024946633210806 0.72594944079621504 0.36642857142857149 0.41071428571428575 20.500000000000004
decision_type=2 2 2 2 2 2
left_child=5 3 4 -2 -3 -1
right_child=1 2 -4 -5 -6 -7
leaf_value=-0.010548465255726518 -0.0036045798245300828 0.004073751667702497 0 0 0 -0.0024252934316577259
leaf_weight=10.000000000000002 25 55.563440680503845 14.999999999999998 28 12.059941053390501 13.999999999999998
leaf_count=10 25 46 15 28 10 14
internal_value=-0.00037468 0.000839869 0.00278097 -0.00177246 0.00360168 -0.00741869
internal_weight=159.623 135.623 82.6234 53 67.6234 24
internal_count=148 124 71 53 56 24
is_linear=0
shrinkage=0.0168771


Tree=101
num_leaves=6
num_cat=0
split_feature=14 8 4 1 9
split_gain=5.23741 1.9228 1.47887 0.637848 0.145038
threshold=16.644285714285719 -0.13087619000275263 16.559285714285718 -6.7692857142857141 19.252857142857142
decision_type=2 2 2 2 2
left_child=2 4 -1 -3 -2
right_child=1 3 -4 -5 -6
leaf_value=-0.0093108184175281408 -0.0012921778397761013 0 0 0.0038419800062535784 0
leaf_weight=16.000000000000004 41 18.214793086051941 9.9999999999999982 62.844544529914856 11.252818226814268
leaf_count=16 41 18 10 51 11
internal_value=0 0.00141642 -0.00649164 0.00306521 -0.000761768
internal_weight=159.312 133.312 26 81.0593 52.2528
internal_count=147 121 26 69 52
is_linear=0
shrinkage=0.0168771


Tree=102
num_leaves=7
num_cat=0
split_feature=0 7 1 10 10 2
split_gain=7.64857 2.49281 0.884632 0.627549 0.443622 0.146249
threshold=14.500000000000002 19.305714285714291 -2.7233333333333332 0.41857142857142859 0.37071428571428572 0.38642857142857145
decision_type=2 2 2 2 2 2
left_child=-1 2 -2 5 -4 -3
right_child=1 3 4 -5 -6 -7
leaf_value=-0.010668116697760837 0.0013224471284185302 0.0052459554538469254 -0.0032791359023864493 0 0 0.0011834521453746476
leaf_weight=14.999999999999998 18.429164886474609 31.928490996360779 36 16.135291218757629 14.999999999999998 24.010266661643982
leaf_count=15 18 24 36 15 15 21
internal_value=-0.000154953 0.000997078 -0.00103456 0.00321726 -0.00232754 0.00402812
internal_weight=156.503 141.503 69.4292 72.074 51 55.9388
internal_count=144 129 69 60 51 45
is_linear=0
shrinkage=0.0168771


Tree=103
num_leaves=6
num_cat=0
split_feature=4 8 3 3 12
split_gain=3.80502 1.65663 0.854472 0.424579 0.265774
threshold=16.559285714285718 -0.13087619000275263 0.39071428571428574 0.34000000000000002 1.4104885884693694
decision_type=2 2 2 2 2
left_child=-1 3 4 -2 -3
right_child=1 2 -4 -5 -6
leaf_value=-0.006320493803580087 -0.0027357635532918277 0.0048883345629826096 0 0 0.00061317587395432014
leaf_weight=24 25 27.790998101234436 20.700271725654602 42.768000841140747 22.199284434318542
leaf_count=24 25 22 19 42 21
internal_value=-0.00043718 0.000533327 0.00240036 -0.00111573 0.00355198
internal_weight=162.459 138.459 70.6906 67.768 49.9903
internal_count=153 129 62 67 43
is_linear=0
shrinkage=0.0168771


Tree=104
num_leaves=6
num_cat=0
split_feature=6 12 3 3 7
split_gain=6.01096 2.14573 1.78681 1.25263 0.402225
threshold=18.675000000000001 0.23347159754484895 0.27714285714285719 0.39071428571428574 19.305714285714291
decision_type=2 2 2 2 2
left_child=1 2 -1 4 -2
right_child=3 -3 -4 -5 -6
leaf_value=-0.0088278736435494776 0 0 -0.00057765289977246748 0 0.004629953491166146
leaf_weight=27 15.546552419662474 16.40763533115387 19 38.818498969078064 42.476609230041504
leaf_count=27 15 16 19 36 34
internal_value=-0.000221991 -0.00431894 -0.00611597 0.00224252 0.00375333
internal_weight=159.249 62.4076 46 96.8417 58.0232
internal_count=147 62 46 85 49
is_linear=0
shrinkage=0.0168771


Tree=105
num_leaves=6
num_cat=0
split_feature=0 7 8 10 10
split_gain=6.01486 1.76914 0.731222 0.488964 0.391267
threshold=14.500000000000002 19.305714285714291 1.0000000180025095e-35 0.41857142857142859 0.38285714285714295
decision_type=2 2 2 2 2
left_child=-1 2 4 -3 -2
right_child=1 3 -4 -5 -6
leaf_value=-0.0099171133556332156 -0.0029022872341532193 0.003522023446352635 0.0010948225950668539 0 0
leaf_weight=13.999999999999998 38 49.605221271514893 22.680911540985107 16.135291218757629 19
leaf_count=14 38 41 22 15 19
internal_value=-0.000295548 0.000656272 -0.00082038 0.00273143 -0.00197282
internal_weight=159.421 145.421 79.6809 65.7405 57
internal_count=149 135 79 56 57
is_linear=0
shrinkage=0.0168771


Tree=106
num_leaves=5
num_cat=0
split_feature=14 8 1 10
split_gain=5.67115 1.67016 0.733726 0.416605
threshold=16.644285714285719 -0.11485925364762634 -6.7692857142857141 0.38285714285714295
decision_type=2 2 2 2
left_child=-1 3 -3 -2
right_child=1 2 -4 -5
leaf_value=-0.0073211422702058344 -0.0019513436749695552 0 0.0039549703077851241 0.00044002510065359508
leaf_weight=23 30 13.999999999999998 54.515755176544189 28.50563645362854
leaf_count=23 30 14 44 28
internal_value=0 0.00131985 0.00310649 -0.000455613
internal_weight=150.021 127.021 68.5158 58.5056
internal_count=139 116 58 58
is_linear=0
shrinkage=0.0168771


Tree=107
num_leaves=7
num_cat=0
split_feature=6 2 13 12 13 2
split_gain=6.01327 1.86737 0.588285 0.876252 0.478785 0.564446
threshold=18.828571428571429 0.23571428571428579 0.4991853776705138 -0.39182605381522845 -0.21853981321360297 0.37
decision_type=2 2 2 2 2 2
left_child=1 -1 3 -2 -3 -6
right_child=2 4 -4 -5 5 -7
leaf_value=-0.0075814075083433536 0 0.00036266868668378982 0 0.0047042389950614806 -0.0037224792125868608 0
leaf_weight=21 15.999999999999998 15.657196283340452 18 52.345549464225769 23 13.999999999999998
leaf_count=21 16 15 18 40 23 14
internal_value=0 -0.00344178 0.00300449 0.00369575 -0.0010764 -0.00222904
internal_weight=160.003 73.6572 86.3455 68.3455 52.6572 37
internal_count=147 73 74 56 52 37
is_linear=0
shrinkage=0.0168771


Tree=108
num_leaves=6
num_cat=0
split_feature=0 1 3 1 13
split_gain=6.11636 2.298 0.656031 0.475225 0.327526
threshold=14.500000000000002 7.5686904761904765 0.25642857142857151 9.7816071428571458 0.78090022158409866
decision_type=2 2 2 2 2
left_child=-1 2 -2 -3 -4
right_child=1 3 4 -5 -6
leaf_value=-0.010089677370948798 0 -0.0039839836882454519 0.0039421327816516151 -7.3653420783256567e-05 0
leaf_weight=13.999999999999998 20.966661930084229 17 48.663334608078003 41 11.999999999999998
leaf_count=14 20 17 40 41 12
internal_value=-0.000419704 0.00057907 0.00248335 -0.0017236 0.00333765
internal_weight=153.63 139.63 81.63 58 60.6633
internal_count=144 130 72 58 52
is_linear=0
shrinkage=0.0168771


Tree=109
num_leaves=7
num_cat=0
split_feature=11 11 1 1 10 0
split_gain=5.61294 1.89306 1.44369 0.665332 0.747082 0.231701
threshold=16.597857142857144 20.142857142857149 -7.4625595238095235 -2.7233333333333332 0.28571428571428581 53.500000000000007
decision_type=2 2 2 2 2 2
left_child=-1 3 -3 5 -5 -2
right_child=1 2 -4 4 -6 -7
leaf_value=-0.0078372099050369754 0.002901071137111408 0 0.0054453844633094639 -0.0038896867115346184 0 0
leaf_weight=20 15.24737060070038 13.999999999999998 35.556525111198425 18 43.83104407787323 10.68240439891815
leaf_count=20 14 14 26 18 43 10
internal_value=0 0.00116801 0.00372876 -0.000104131 -0.00126517 0.00173531
internal_weight=157.317 137.317 49.5565 87.7608 61.831 25.9298
internal_count=145 125 40 85 61 24
is_linear=0
shrinkage=0.0168771


Tree=110
num_leaves=6
num_cat=0
split_feature=2 8 8 13 13
split_gain=3.96756 2.28351 0.842754 0.883551 0.162653
threshold=0.26714285714285718 1.2650029244167469 -0.34820582071829226 0.4188861480126011 -0.46048612475067707
decision_type=2 2 2 2 2
left_child=1 -1 -2 4 -4
right_child=2 -3 3 -5 -6
leaf_value=-0.0065723160328580972 -2.3451830075905323e-05 0.00041709140008431005 0.0010890485605752882 0 0.0052463008653618757
leaf_weight=31 34 12.221529603004454 23.867115378379822 30.214793086051941 26.849064230918884
leaf_count=31 34 12 19 30 20
internal_value=0 -0.00420855 0.00162959 0.0025681 0.00387342
internal_weight=158.153 43.2215 114.931 80.931 50.7162
internal_count=146 43 103 69 39
is_linear=0
shrinkage=0.0168771


Tree=111
num_leaves=5
num_cat=0
split_feature=2 8 12 6
split_gain=3.92946 2.00358 0.806271 0.160151
threshold=0.26714285714285718 1.2650029244167469 -0.65522026164191105 19.254999999999999
decision_type=2 2 2 2
left_child=1 -1 -2 -4
right_child=2 -3 3 -5
leaf_value=-0.0069218914085461443 -0.0007207834105066441 0 0 0.0026011752945986192
leaf_weight=30 29 11.221529603004454 22.864831566810608 55.97918701171875
leaf_count=30 29 11 22 47
internal_value=-0.000420462 -0.004775 0.00112344 0.00207748
internal_weight=149.066 41.2215 107.844 78.844
internal_count=139 41 98 69
is_linear=0
shrinkage=0.0168771


Tree=112
num_leaves=7
num_cat=0
split_feature=8 14 13 2 11 3
split_gain=4.10016 2.04523 0.65024 0.622383 0.23201 0.130337
threshold=-0.18024946633210806 17.298571428571428 0.72594944079621504 0.27428571428571435 18.631428571428575 0.39071428571428574
decision_type=2 2 2 2 2 2
left_child=1 -1 3 -2 -3 -5
right_child=2 4 -4 5 -6 -7
leaf_value=-0.0067367359785851059 0 0.00069084632920225558 0 0.0048058930051115781 -0.0013705195146808018 0.00018491048658467193
leaf_weight=23 21.221529603004456 15.999999999999998 20 39.2085782289505 28 13.327933907508848
leaf_count=23 21 16 20 29 28 11
internal_value=5.63981e-05 -0.00291616 0.00243638 0.00314642 -0.00014673 0.00410923
internal_weight=160.758 67 93.758 73.758 44 52.5365
internal_count=148 67 81 61 44 40
is_linear=0
shrinkage=0.0168771


Tree=113
num_leaves=7
num_cat=0
split_feature=3 9 10 8 12 12
split_gain=5.2549 1.01878 0.572751 0.293656 0.286919 0.152701
threshold=0.2442857142857143 20.317142857142859 0.38285714285714295 -0.25732428018402836 -0.15179311963064326 1.4104885884693694
decision_type=2 2 2 2 2 2
left_child=3 4 -3 -1 -2 -6
right_child=1 2 -4 -5 5 -7
leaf_value=-0.0092119528563582888 -0.00071960446186048095 0.0052506972300840052 0 -0.0011005570581165232 0.0016285508716320696 0
leaf_weight=14.000000000000002 51 18.460097551345829 13.062457323074339 10.239644289016722 33.772667288780212 18.736898303031921
leaf_count=14 51 12 11 10 31 18
internal_value=-0.00020556 0.000992815 0.0035178 -0.00709694 0 0.000985298
internal_weight=159.272 135.032 31.5226 24.2396 103.51 52.5096
internal_count=147 123 23 24 100 49
is_linear=0
shrinkage=0.0168771


Tree=114
num_leaves=6
num_cat=0
split_feature=0 1 13 0 10
split_gain=5.62316 2.14261 1.17153 0.726124 0.557906
threshold=14.500000000000002 7.5686904761904765 0.4991853776705138 32.000000000000007 0.41071428571428575
decision_type=2 2 2 2 2
left_child=-1 2 3 -2 -3
right_child=1 4 -4 -5 -6
leaf_value=-0.008978189961774902 0 -0.0026231194100423891 0 0.0046729072735522213 3.0680880846776017e-05
leaf_weight=15.999999999999998 14.429164886474608 42 34.214793086051941 46.738287329673767 14.999999999999998
leaf_count=16 14 42 34 35 15
internal_value=-0.0001955 0.000733519 0.00235186 0.00370024 -0.00158306
internal_weight=168.382 152.382 95.3822 61.1675 57
internal_count=156 140 83 49 57
is_linear=0
shrinkage=0.0168771


Tree=115
num_leaves=6
num_cat=0
split_feature=1 10 10 1 12
split_gain=3.47453 2.82074 0.346201 0.334205 0.254496
threshold=1.0000000180025095e-35 0.26500000000000007 0.22214285714285717 -7.4625595238095235 -0.65522026164191105
decision_type=2 2 2 2 2
left_child=3 2 -2 -1 -3
right_child=1 4 -4 -5 -6
leaf_value=0 -0.00037895196550425802 -0.0011870523590764403 -0.0076043634226529381 0.0030932487748219538 0.00090515244493361913
leaf_weight=14.999999999999998 9.9999999999999982 31 23 49.534931302070618 27.233967185020447
leaf_count=15 10 31 23 42 24
internal_value=-0.000310759 -0.00252098 -0.0062475 0.0024554 0
internal_weight=155.769 91.234 33 64.5349 58.234
internal_count=145 88 33 57 55
is_linear=0
shrinkage=0.0168771


Tree=116
num_leaves=7
num_cat=0
split_feature=11 0 13 4 0 13
split_gain=3.14441 1.44333 1.28662 0.65137 0.41734 0.121516
threshold=16.597857142857144 34.500000000000007 -0.36670848301478803 17.877142857142861 53.500000000000007 -0.5228433100977441
decision_type=2 2 2 2 2 2
left_child=1 -1 5 -4 -5 -2
right_child=2 -3 3 4 -6 -7
leaf_value=-0.0088185988248902676 0.00070594332009259186 0 -0.0022255330073181066 0.0025118569898946127 0 0.0048596958629921229
leaf_weight=13.000000000000002 21.896993041038513 10.999999999999998 30.207635283470154 19.512827396392822 49.82019031047821 16.587019443511963
leaf_count=13 18 11 30 18 48 13
internal_value=-0.000153424 -0.00554161 0.00071965 -0.000106008 0.000559679 0.00325388
internal_weight=162.025 24 138.025 99.5407 69.333 38.484
internal_count=151 24 127 96 66 31
is_linear=0
shrinkage=0.0168771


Tree=117
num_leaves=6
num_cat=0
split_feature=5 13 8 1 13
split_gain=4.45627 1.70535 1.08564 0.700474 0.247283
threshold=17.317142857142859 -0.14307853706426674 -0.59325044211887168 -7.940892857142857 0.78090022158409866
decision_type=2 2 2 2 2
left_child=1 -1 -2 -4 -5
right_child=2 -3 3 4 -6
leaf_value=0 -0.00063730174447865814 -0.0077632369218833897 0 0.0036377545595364567 0
leaf_weight=12.999999999999998 38 23 15.999999999999998 54.521743178367615 11.999999999999998
leaf_count=13 38 23 16 43 12
internal_value=-0.000163568 -0.00525853 0.00126492 0.00239512 0.00315149
internal_weight=156.522 36 120.522 82.5217 66.5217
internal_count=145 36 109 71 55
is_linear=0
shrinkage=0.0168771


Tree=118
num_leaves=6
num_cat=0
split_feature=0 1 3 1 4
split_gain=4.63121 2.5147 0.600317 0.598572 0.298263
threshold=14.500000000000002 7.5686904761904765 0.25642857142857151 -7.1305357142857124 17.697142857142858
decision_type=2 2 2 2 2
left_child=-1 2 -2 -4 -3
right_child=1 4 3 -5 -6
leaf_value=-0.0086412097368426481 0 -0.0039730826150987282 0 0.0038923036192519867 -0.00028109672810719801
leaf_weight=13.999999999999998 22.966661930084229 17 14.999999999999998 55.611106872558594 34
leaf_count=14 22 17 15 44 34
internal_value=-0.000177853 0.00064426 0.00237697 0.00312096 -0.00207583
internal_weight=158.578 144.578 93.5778 70.6111 51
internal_count=146 132 81 59 51
is_linear=0
shrinkage=0.0168771


Tree=119
num_leaves=5
num_cat=0
split_feature=6 12 13 13
split_gain=2.93951 1.63389 1.34075 0.625664
threshold=17.176428571428573 -0.65522026164191105 -0.14307853706426674 0.19473693945578166
decision_type=2 2 2 2
left_child=2 -2 -1 -3
right_child=1 3 -4 -5
leaf_value=0 -0.0014170733878313213 0.0038177109727439945 -0.0064192337357557375 0.00029321036896062509
leaf_weight=13.999999999999998 35 48.964962482452393 22 41.941810727119446
leaf_count=14 35 38 22 41
internal_value=0 0.00122251 -0.00407043 0.00249018
internal_weight=161.907 125.907 36 90.9068
internal_count=150 114 36 79
is_linear=0
shrinkage=0.0168771


Tree=120
num_leaves=5
num_cat=0
split_feature=10 1 13 14
split_gain=3.2022 2.30689 0.848922 0.137067
threshold=0.26500000000000007 -5.0236904761904757 -0.28612699030878019 19.646428571428569
decision_type=2 2 2 2
left_child=1 -1 -2 -4
right_child=2 -3 3 -5
leaf_value=0.0010748967830267757 0.0031579998414895424 -0.0061516034892360964 -0.00045595358136076459 0.0009658241825785662
leaf_weight=10.811183929443358 37.63402247428894 34 45.25281822681427 28.204175114631653
leaf_count=10 29 34 45 27
internal_value=-0.000197385 -0.00397923 0.0011942 0
internal_weight=155.902 44.8112 111.091 73.457
internal_count=145 44 101 72
is_linear=0
shrinkage=0.0168771


Tree=121
num_leaves=6
num_cat=0
split_feature=13 4 3 1 13
split_gain=2.54612 2.73025 0.803191 0.351122 0.349727
threshold=-0.36670848301478803 17.800000000000001 0.27428571428571435 12.892142857142861 0.4991853776705138
decision_type=2 2 2 2 2
left_child=-1 2 -2 4 -3
right_child=1 3 -4 -5 -6
leaf_value=0.0033607386873535177 -0.0062198173920383001 0.0026040992212690343 0 -0.00071050722683781533 0
leaf_weight=40.802439570426941 29 24.330444812774658 10.207635283470152 33 21.214793086051941
leaf_count=33 29 21 10 33 21
internal_value=0 -0.00138499 -0.00488671 0.000200078 0.00132551
internal_weight=158.555 117.753 39.2076 78.5452 45.5452
internal_count=147 114 39 75 42
is_linear=0
shrinkage=0.0168771


Tree=122
num_leaves=6
num_cat=0
split_feature=11 11 1 1 13
split_gain=3.33355 0.589424 0.640536 0.344228 0.141596
threshold=16.597857142857144 20.142857142857149 -7.4625595238095235 -2.7233333333333332 0.11140033717338872
decision_type=2 2 2 2 2
left_child=-1 3 -3 -2 -5
right_child=1 2 -4 4 -6
leaf_value=-0.0062776722873314024 0.00052189485527357252 0 0.0033831801620484228 -0.0020606564122067237 0
leaf_weight=24 26.804752230644226 13.999999999999998 26.151512503623962 32.487500190734863 21
leaf_count=24 25 14 20 32 21
internal_value=-0.000877864 0.000139292 0.00186778 -0.00049079 -0.0013965
internal_weight=144.444 120.444 40.1515 80.2923 53.4875
internal_count=136 112 34 78 53
is_linear=0
shrinkage=0.0168771


Tree=123
num_leaves=6
num_cat=0
split_feature=0 1 10 1 0
split_gain=5.0611 1.59316 0.575766 0.417076 0.435378
threshold=14.500000000000002 7.5686904761904765 0.28571428571428581 -7.4625595238095235 34.500000000000007
decision_type=2 2 2 2 2
left_child=-1 3 -3 -2 -5
right_child=1 2 -4 4 -6
leaf_value=-0.0088080032572748872 0 -0.0032116215729801538 0 0 0.0036927807608750519
leaf_weight=13.999999999999998 15.999999999999998 19 34 19.018819212913513 53.102886199951172
leaf_count=14 16 19 34 18 42
internal_value=0 0.000947574 -0.00105335 0.00239246 0.0029202
internal_weight=155.122 141.122 53 88.1217 72.1217
internal_count=143 129 53 76 60
is_linear=0
shrinkage=0.0168771


Tree=124
num_leaves=7
num_cat=0
split_feature=14 9 5 14 1 1
split_gain=3.16534 1.14738 0.805679 0.306409 0.186573 0.140374
threshold=16.644285714285719 20.317142857142859 17.317142857142859 19.55714285714286 -6.7692857142857141 -2.7233333333333332
decision_type=2 2 2 2 2 2
left_child=2 3 -1 5 -5 -2
right_child=1 -3 -4 4 -6 -7
leaf_value=-0.0070324496216548132 0.00031215036828598089 0.0041792287296581587 0 0 0.002541437222913012 -0.00090916606207712099
leaf_weight=16.000000000000004 15.968082070350645 26.935494661331177 9.9999999999999982 13.000000000000002 18.100722074508667 50.245097041130066
leaf_count=16 15 19 10 13 15 50
internal_value=0 0.00124042 -0.00494113 0.000105434 0.00155824 -0.000289588
internal_weight=150.249 124.249 26 97.3139 31.1007 66.2132
internal_count=138 112 26 93 28 65
is_linear=0
shrinkage=0.0168771


Tree=125
num_leaves=5
num_cat=0
split_feature=6 14 12 13
split_gain=3.85734 1.035 0.848822 0.192874
threshold=16.644285714285719 17.631428571428575 -0.094897142112521177 0.78090022158409866
decision_type=2 2 2 2
left_child=1 -1 -2 -4
right_child=2 -3 3 -5
leaf_value=-0.0079273528969567072 -4.3707177555669657e-05 0 0.0027519950218275247 0
leaf_weight=16.000000000000004 50.957204103469849 9.9999999999999982 63.300358176231384 12.999999999999998
leaf_count=16 49 10 53 13
internal_value=0 -0.00555997 0.00125452 0.00237425
internal_weight=153.258 26 127.258 76.3004
internal_count=141 26 115 66
is_linear=0
shrinkage=0.0168771


Tree=126
num_leaves=5
num_cat=0
split_feature=11 8 0 3
split_gain=2.45731 1.07165 0.891374 0.601109
threshold=16.597857142857144 -0.13087619000275263 34.500000000000007 0.39071428571428574
decision_type=2 2 2 2
left_child=2 -2 -1 -3
right_child=1 3 -4 -5
leaf_value=-0.0077045885723408423 -0.00047804906674433681 0.0032095865796574158 0 0
leaf_weight=11.000000000000002 57.515182614326477 54.406994342803955 9.9999999999999982 23.818498969078064
leaf_count=11 57 46 10 21
internal_value=0 0.000960217 -0.00489102 0.00227318
internal_weight=156.741 135.741 21 78.2255
internal_count=145 124 21 67
is_linear=0
shrinkage=0.0168771


Tree=127
num_leaves=5
num_cat=0
split_feature=0 12 3 13
split_gain=3.15283 1.02906 0.5511 0.509543
threshold=14.500000000000002 -0.15179311963064326 0.27714285714285719 0.72594944079621504
decision_type=2 2 2 2
left_child=-1 2 -2 -3
right_child=1 3 -4 -5
leaf_value=-0.0073595134791456761 -0.0031932390633153378 0.0027116723778293113 0 0
leaf_weight=12.999999999999998 17 55.680683016777039 45.506902098655701 22
leaf_count=13 17 47 44 22
internal_value=-0.000129961 0.000520041 -0.000839368 0.00188286
internal_weight=153.188 140.188 62.5069 77.6807
internal_count=143 130 61 69
is_linear=0
shrinkage=0.0168771


Tree=128
num_leaves=7
num_cat=0
split_feature=0 7 10 8 10 8
split_gain=3.54795 1.25729 0.412842 0.398485 0.420485 0.226095
threshold=14.500000000000002 19.305714285714291 0.41857142857142859 1.0000000180025095e-35 0.41071428571428575 0.55012273504620524
decision_type=2 2 2 2 2 2
left_child=-1 3 5 4 -2 -3
right_child=1 2 -4 -5 -6 -7
leaf_value=-0.0075930305953922179 -0.0023533674534177368 0.00403533453493403 0 0.00064365117948518189 0 0.00029774312801609214
leaf_weight=13.999999999999998 45 30.094083547592163 11.890194177627562 18.902441143989563 11.999999999999998 23.134227633476257
leaf_count=14 45 22 11 18 12 21
internal_value=-0.000185811 0.000532666 0.00229339 -0.000722414 -0.00155887 0.00290999
internal_weight=155.021 141.021 65.1185 75.9024 57 53.2283
internal_count=143 129 54 75 57 43
is_linear=0
shrinkage=0.0168771


Tree=129
num_leaves=7
num_cat=0
split_feature=11 12 10 3 10 0
split_gain=5.61324 1.57696 0.72775 0.917327 0.262758 0.12103
threshold=16.597857142857144 -0.65522026164191105 0.24785714285714289 0.35999999999999999 0.38285714285714295 20.500000000000004
decision_type=2 2 2 2 2 2
left_child=5 4 -3 -4 -2 -1
right_child=1 2 3 -5 -6 -7
leaf_value=-0.0089405958451862274 -0.0023070492432475669 0 0.004610498319319479 0.00017699969913428752 0 -0.0012464659477876168
leaf_weight=14.000000000000002 20 15.529263019561766 50.278527498245239 33.068160057067871 20 9.9999999999999982
leaf_count=14 20 15 40 30 20 10
internal_value=0 0.00135727 0.00255263 0.00317679 -0.00104785 -0.00704981
internal_weight=162.876 138.876 98.876 83.3467 40 24
internal_count=149 125 85 70 40 24
is_linear=0
shrinkage=0.0168771


Tree=130
num_leaves=6
num_cat=0
split_feature=4 11 10 1 10
split_gain=2.39961 0.901583 0.486143 0.479473 0.203204
threshold=16.559285714285718 19.855000000000004 0.41857142857142859 -1.1069642857142856 0.40285714285714291
decision_type=2 2 2 2 2
left_child=-1 3 -3 -2 -5
right_child=1 2 -4 4 -6
leaf_value=-0.0052326703805426521 0.0013420528568444947 0.0032729425951732532 0 -0.0017228440647536411 0
leaf_weight=19 26.175499796867371 41.688003420829773 12.090194225311278 45.262364387512207 9.9999999999999982
leaf_count=19 24 33 11 45 10
internal_value=0 0.000777292 0.00244647 -0.000105644 -0.00120959
internal_weight=154.216 135.216 53.7782 81.4379 55.2624
internal_count=142 123 44 79 55
is_linear=0
shrinkage=0.0168771


Tree=131
num_leaves=4
num_cat=0
split_feature=3 12 13
split_gain=4.10965 2.80677 1.18446
threshold=0.26928571428571441 0.23347159754484895 -0.19087103419619919
decision_type=2 2 2
left_child=1 -1 -2
right_child=2 -3 -4
leaf_value=-0.0072316861973866654 0.0038683969032902317 8.5916233217884588e-05 0
leaf_weight=30 36.452343583106995 16.718932867050171 74.044445633888245
leaf_count=30 26 16 73
internal_value=-0.000140763 -0.00431006 0.00148984
internal_weight=157.216 46.7189 110.497
internal_count=145 46 99
is_linear=0
shrinkage=0.0168771


Tree=132
num_leaves=5
num_cat=0
split_feature=2 13 1 13
split_gain=2.57366 1.24611 0.63902 0.419954
threshold=0.26714285714285718 -0.19087103419619919 7.5686904761904765 0.72594944079621504
decision_type=2 2 2 2
left_child=1 -1 3 -2
right_child=2 -3 -4 -5
leaf_value=0 0.0028976533560427092 -0.0055777376233938324 0 0
leaf_weight=15.221529603004454 55.452803134918213 26 43 18
leaf_count=15 44 26 43 18
internal_value=0 -0.0035128 0.00125645 0.0022025
internal_weight=157.674 41.2215 116.453 73.4528
internal_count=146 41 105 62
is_linear=0
shrinkage=0.0168771


Tree=133
num_leaves=6
num_cat=0
split_feature=0 1 10 13 10
split_gain=4.09112 1.21873 0.491562 0.354738 0.188248
threshold=14.500000000000002 7.5686904761904765 0.41071428571428575 0.72594944079621504 0.41071428571428575
decision_type=2 2 2 2 2
left_child=-1 2 3 -2 -3
right_child=1 4 -4 -5 -6
leaf_value=-0.0079508091730893689 0.0032942089085621993 -0.0016205675110282406 0 0 0
leaf_weight=13.999999999999998 55.660869479179382 36 18.564542055130005 10.999999999999998 11.999999999999998
leaf_count=14 46 36 17 11 12
internal_value=0 0.000839877 0.00211587 0.00277198 -0.000976797
internal_weight=147.225 133.225 85.2254 66.6609 48
internal_count=136 122 74 57 48
is_linear=0
shrinkage=0.0168771


Tree=134
num_leaves=6
num_cat=0
split_feature=0 13 13 4 12
split_gain=4.01631 0.966278 0.413072 0.351088 0.188598
threshold=14.500000000000002 -0.38615328583938019 -0.5228433100977441 17.877142857142861 -0.65522026164191105
decision_type=2 2 2 2 2
left_child=-1 2 -2 -3 -5
right_child=1 3 -4 4 -6
leaf_value=-0.0071545624829839598 0.00084249989799836623 -0.001164642926202388 0.0058672477333638487 0 0.0014116763294784172
leaf_weight=15.999999999999998 29.147894144058228 33.207635283470154 12.94601249694824 20 49.637065887451172
leaf_count=16 24 33 9 20 46
internal_value=2.14112e-05 0.00109063 0.00316583 0 0.000838476
internal_weight=160.939 144.939 42.0939 102.845 69.6371
internal_count=148 132 33 99 66
is_linear=0
shrinkage=0.0168771


Tree=135
num_leaves=5
num_cat=0
split_feature=11 11 1 0
split_gain=2.78183 0.571795 0.632458 0.441433
threshold=17.093571428571433 20.217142857142864 -7.4625595238095235 34.500000000000007
decision_type=2 2 2 2
left_child=3 -2 -3 -1
right_child=1 2 -4 -5
leaf_value=-0.0070611012986410444 -1.2873560919686474e-05 0 0.0034898064621258101 -0.0005961532481348487
leaf_weight=15.000000000000002 77.175718784332275 13.999999999999998 28.909481763839722 14.999999999999998
leaf_count=15 75 14 21 15
internal_value=-0.000412623 0.000602002 0.0021276 -0.00484877
internal_weight=150.085 120.085 42.9095 30
internal_count=140 110 35 30
is_linear=0
shrinkage=0.0168771


Tree=136
num_leaves=6
num_cat=0
split_feature=4 8 10 10 2
split_gain=3.05479 1.16221 0.363359 0.343885 0.148138
threshold=16.559285714285718 -0.18024946633210806 0.41071428571428575 0.41857142857142859 0.27428571428571435
decision_type=2 2 2 2 2
left_child=-1 2 -2 4 -3
right_child=1 3 -4 -5 -6
leaf_value=-0.0058352304597716004 -0.0019075033857361477 0 0.00012585119071627452 0 0.0027835883921013458
leaf_weight=21 40 11.999999999999998 18 14.335291266441343 58.712144613265991
leaf_count=21 40 12 18 13 48
internal_value=-0.000144304 0.000637401 -0.000932608 0.00195839 0.00243154
internal_weight=164.047 143.047 58 85.0474 70.7121
internal_count=152 131 58 73 60
is_linear=0
shrinkage=0.0168771


Tree=137
num_leaves=7
num_cat=0
split_feature=2 1 12 1 1 2
split_gain=2.52727 1.76506 0.653378 0.595197 0.546064 0.120969
threshold=0.26714285714285718 -2.7233333333333332 -0.65522026164191105 -6.7692857142857141 8.5236904761904775 0.38071428571428584
decision_type=2 2 2 2 2 2
left_child=1 -1 -2 -4 -3 -5
right_child=2 4 3 5 -6 -7
leaf_value=0.00091870442040184713 -0.00036040967902007992 -0.0067013968898432487 0 0.0033341340263013984 0 0.00028316212122154013
leaf_weight=10.221529603004454 32 24 14.999999999999998 45.823981046676636 9.9999999999999982 24.028048515319824
leaf_count=10 32 24 15 38 10 20
internal_value=-1.54475e-05 -0.00345142 0.00115003 0.00196814 -0.00534132 0.00264611
internal_weight=161.074 44.2215 116.852 84.852 34 69.852
internal_count=149 44 105 73 34 58
is_linear=0
shrinkage=0.0168771


Tree=138
num_leaves=6
num_cat=0
split_feature=4 8 1 10 10
split_gain=1.91139 1.11722 0.673063 0.536495 0.203142
threshold=16.559285714285718 -0.18024946633210806 -6.7692857142857141 0.40285714285714291 0.40500000000000008
decision_type=2 2 2 2 2
left_child=-1 3 -3 -2 -4
right_child=1 2 4 -5 -6
leaf_value=-0.0047240995833567872 -0.0025063022490467435 -0.00016866532944138728 0.0029980034320751243 0.00020470328299554121 0
leaf_weight=21 36 19 52.109674334526062 15.999999999999998 12.901661753654478
leaf_count=21 36 19 42 16 11
internal_value=-0.000238247 0.000377578 0.00168092 -0.00129732 0.00253555
internal_weight=157.011 136.011 84.0113 52 65.0113
internal_count=145 124 72 52 53
is_linear=0
shrinkage=0.0168771


Tree=139
num_leaves=6
num_cat=0
split_feature=7 8 2 14 7
split_gain=2.94424 0.449042 0.332687 0.320513 0.14331
threshold=16.707857142857147 -0.13087619000275263 0.38642857142857145 17.002857142857149 17.73714285714286
decision_type=2 2 2 2 2
left_child=3 4 -3 -1 -2
right_child=1 2 -4 -5 -6
leaf_value=-0.0061167077601064577 -0.0016073129027390741 0.0026683662043518329 0 0 0
leaf_weight=20.000000000000004 12.999999999999998 39.796553611755371 32.900460839271545 10.200000047683714 32.768000841140747
leaf_count=20 13 34 29 10 32
internal_value=-0.00024571 0.00082063 0.00166396 -0.00480967 -7.78227e-05
internal_weight=148.665 118.465 72.697 30.2 45.768
internal_count=138 108 63 30 45
is_linear=0
shrinkage=0.0168771


Tree=140
num_leaves=7
num_cat=0
split_feature=8 1 10 3 10 1
split_gain=2.45808 1.87432 0.435276 0.5811 0.203958 0.122269
threshold=-0.18024946633210806 6.5945238095238112 0.24785714285714289 0.39071428571428574 0.41071428571428575 -6.3709523809523807
decision_type=2 2 2 2 2 2
left_child=1 -1 -2 5 -3 -4
right_child=2 4 3 -5 -6 -7
leaf_value=-0.0073733571473284763 0 -0.0011245580533311547 8.256832911789716e-05 0 0.0006417077258357803 0.004120431701285017
leaf_weight=12.999999999999998 17.793894529342651 40 15.247729063034056 25.818498969078064 14.999999999999998 37.767773866653442
leaf_count=13 17 40 15 23 15 29
internal_value=8.64055e-05 -0.00217316 0.00191881 0.00244947 -0.000247706 0.00342476
internal_weight=164.628 68 96.6279 78.834 55 53.0155
internal_count=152 68 84 67 55 44
is_linear=0
shrinkage=0.0168771


Tree=141
num_leaves=7
num_cat=0
split_feature=11 1 13 13 10 10
split_gain=1.90513 0.735327 0.519948 0.426898 0.196583 0.155366
threshold=16.597857142857144 6.5945238095238112 0.013701439149432228 0.4991853776705138 0.41071428571428575 0.40285714285714291
decision_type=2 2 2 2 2 2
left_child=2 3 -1 5 -3 -2
right_child=1 4 -4 -5 -6 -7
leaf_value=0 0.0025956548673474957 -0.0017467571556785831 -0.0060664093802771718 0 0 0
leaf_weight=10.000000000000002 46.587629556655884 34 15.999999999999998 28 15.999999999999998 12.362025737762449
leaf_count=10 37 34 16 28 16 11
internal_value=-0.000348913 0.00032593 -0.00435337 0.00136594 -0.00103459 0.00216236
internal_weight=162.95 136.95 26 86.9497 50 58.9497
internal_count=152 126 26 76 50 48
is_linear=0
shrinkage=0.0168771


Tree=142
num_leaves=6
num_cat=0
split_feature=3 1 3 6 1
split_gain=2.70186 0.94249 0.701379 0.583015 0.211901
threshold=0.26928571428571441 0.92458333333333353 0.35999999999999999 19.254999999999999 8.5236904761904775
decision_type=2 2 2 2 2
left_child=1 -1 3 -2 -3
right_child=2 4 -4 -5 -6
leaf_value=0 0 -0.0062110345219142582 -0.00028432786468465706 0.003382008080677196 -4.8225532941967568e-05
leaf_weight=11.439644336700438 16.429164886474609 26 56.60153341293335 33.042058348655701 9.9999999999999982
leaf_count=11 16 26 54 26 10
internal_value=-0.000655967 -0.00395252 0.000678954 0.00216352 -0.00520706
internal_weight=153.512 47.4396 106.073 49.4712 36
internal_count=143 47 96 42 36
is_linear=0
shrinkage=0.0168771


Tree=143
num_leaves=7
num_cat=0
split_feature=10 3 3 13 8 1
split_gain=2.27963 1.35676 0.951174 0.878901 0.486851 0.12622
threshold=0.26500000000000007 0.26928571428571441 0.35999999999999999 -0.19087103419619919 -0.15410206433374521 -4.2275595238095232
decision_type=2 2 2 2 2 2
left_child=1 3 4 -1 -2 -6
right_child=2 -3 -4 -5 5 -7
leaf_value=0 0 0.00059925640785668782 0 -0.0061738855405569634 0 0.0046221935565027208
leaf_weight=9.9999999999999982 15.505636453628538 10.759437322616575 63.868212223052979 25 12.447279572486876 28.105912804603577
leaf_count=10 15 10 60 25 12 20
internal_value=0 -0.00297961 0.00132968 -0.00463257 0.00287697 0.00379733
internal_weight=165.686 45.7594 119.927 35 56.0588 40.5532
internal_count=152 45 107 35 47 32
is_linear=0
shrinkage=0.0168771


Tree=144
num_leaves=5
num_cat=0
split_feature=10 12 12 1
split_gain=1.5599 0.6918 0.560924 0.423393
threshold=0.26500000000000007 0.23347159754484895 -0.39182605381522845 -7.4625595238095235
decision_type=2 2 2 2
left_child=1 -1 -2 -4
right_child=2 -3 3 -5
leaf_value=-0.003996995998612635 -0.00020682427033901938 0 0 0.0025348763044171188
leaf_weight=31 40.200000047683716 14.494805812835692 14.999999999999998 55.924113273620605
leaf_count=31 40 14 15 46
internal_value=-1.40686e-06 -0.0026687 0.000934311 0.00186735
internal_weight=156.619 45.4948 111.124 70.9241
internal_count=146 45 101 61
is_linear=0
shrinkage=0.0168771


Tree=145
num_leaves=7
num_cat=0
split_feature=9 7 13 1 13 10
split_gain=2.03473 0.655741 0.562158 0.548001 0.439167 0.326352
threshold=16.545000000000005 19.305714285714291 0.72594944079621504 -2.7233333333333332 -0.46048612475067707 0.41071428571428575
decision_type=2 2 2 2 2 2
left_child=-1 3 4 -2 -3 -5
right_child=1 2 -4 5 -6 -7
leaf_value=-0.0049076077288419655 0.0013717940515742151 0 -0.00012569897168871459 -0.0024257395052036741 0.0035347935408735071 0
leaf_weight=20 16.902441143989563 21.818132042884827 14.999999999999998 36 35.951037287712097 12.999999999999998
leaf_count=20 16 17 15 36 29 13
internal_value=-0.000146327 0.000468928 0.00162839 -0.000500322 0.00243743 -0.00161869
internal_weight=158.672 138.672 72.7692 65.9024 57.7692 49
internal_count=146 126 61 65 46 49
is_linear=0
shrinkage=0.0168771


Tree=146
num_leaves=6
num_cat=0
split_feature=3 11 12 3 12
split_gain=1.71299 0.947832 0.493241 0.170327 0.27615
threshold=0.2442857142857143 16.675000000000001 -0.65522026164191105 0.35999999999999999 1.4104885884693694
decision_type=2 2 2 2 2
left_child=1 -1 -2 4 -4
right_child=2 -3 3 -5 -6
leaf_value=-0.005982466090588545 -0.00038358808253876155 0 0.0028176658979589516 0 0
leaf_weight=16.000000000000004 39 13.727017641067503 40.218475580215454 34.402241587638855 16.472266793251038
leaf_count=16 39 13 34 31 16
internal_value=0 -0.00353101 0.000780115 0.00151325 0.0021037
internal_weight=159.82 29.727 130.093 91.093 56.6907
internal_count=149 29 120 81 50
is_linear=0
shrinkage=0.0168771


Tree=147
num_leaves=6
num_cat=0
split_feature=3 8 12 12 3
split_gain=1.77562 0.826497 0.530218 0.330641 0.357371
threshold=0.2442857142857143 -0.25732428018402836 -0.65522026164191105 1.4104885884693694 0.35999999999999999
decision_type=2 2 2 2 2
left_child=1 -1 -2 4 -4
right_child=2 -3 3 -5 -6
leaf_value=-0.006036457869999492 -0.00067262390744532799 0 0.0028925657184079457 0 0
leaf_weight=16.000000000000004 39 14.727017641067503 42.651596903800964 30.216322898864746 25.570179343223572
leaf_count=16 39 14 36 29 23
internal_value=-8.60291e-05 -0.00367282 0.000615761 0.00135206 0.00198204
internal_weight=168.165 30.727 137.438 98.4381 68.2218
internal_count=157 30 127 88 59
is_linear=0
shrinkage=0.0168771


Tree=148
num_leaves=5
num_cat=0
split_feature=8 3 10 13
split_gain=1.72299 0.93005 0.465141 0.463369
threshold=-0.18024946633210806 0.25285714285714289 0.41857142857142859 0.8113398291272943
decision_type=2 2 2 2
left_child=1 -1 3 -2
right_child=2 -3 -4 -5
leaf_value=-0.0047779764129021792 0.0028352818455584334 -9.8484166747074425e-06 0 0
leaf_weight=21 56.07451868057251 43 14.845097184181212 10.999999999999998
leaf_count=21 46 43 14 11
internal_value=0 -0.00204939 0.00157233 0.00221124
internal_weight=145.92 64 81.9196 67.0745
internal_count=135 64 71 57
is_linear=0
shrinkage=0.0168771


Tree=149
num_leaves=6
num_cat=0
split_feature=13 0 12 13 13
split_gain=1.76083 1.62442 0.243988 0.266777 0.16447
threshold=-0.36670848301478803 27.500000000000004 -0.11422526676739968 0.78090022158409866 -0.033124610208548004
decision_type=2 2 2 2 2
left_child=-1 -2 4 -4 -3
right_child=1 2 3 -5 -6
leaf_value=0.0030576250586598084 -0.0046485889856917604 -0.0016098654859868025 0.0020043662325541015 0 0
leaf_weight=39.844636082649231 23.207635283470154 24 27.596467852592468 14.999999999999998 28
leaf_count=32 23 24 24 15 28
internal_value=0 -0.000918263 0 0.00101179 -0.000645859
internal_weight=157.649 117.804 94.5965 42.5965 52
internal_count=146 114 91 39 52
is_linear=0
shrinkage=0.0168771


Tree=150
num_leaves=5
num_cat=0
split_feature=7 11 1 9
split_gain=1.22556 0.503429 0.325468 0.147045
threshold=16.707857142857147 20.260000000000002 -7.4625595238095235 16.545000000000005
decision_type=2 2 2 2
left_child=3 -2 -3 -1
right_child=1 2 -4 -5
leaf_value=-0.0047617428876175439 -0.00015461738221390087 0 0.0028523904875591235 0
leaf_weight=14.000000000000002 92.5992830991745 11.999999999999998 27.594412803649902 12.407635331153868
leaf_count=14 90 12 20 12
internal_value=-0.000207711 0.000326568 0.00191273 -0.0034134
internal_weight=158.601 132.194 39.5944 26.4076
internal_count=148 122 32 26
is_linear=0
shrinkage=0.0168771


Tree=151
num_leaves=7
num_cat=0
split_feature=7 13 7 10 3 3
split_gain=2.18341 0.764512 0.245419 0.22472 0.199035 0.189931
threshold=16.315000000000005 -0.38615328583938019 18.677857142857146 0.37071428571428572 0.27428571428571435 0.39214285714285718
decision_type=2 2 2 2 2 2
left_child=-1 3 4 -2 -3 -4
right_child=1 2 5 -5 -6 -7
leaf_value=-0.0055596532075173257 0.003190817987408581 -0.0024745735429244297 0.0012998386500493264 0 0 -0.00014894425027378629
leaf_weight=15.999999999999998 28.369813919067383 17 32.139398455619812 12.856773257255552 21.207635283470154 26.214793086051941
leaf_count=16 22 17 29 10 21 26
internal_value=-6.2175e-05 0.000518809 -0.000106317 0.0024012 -0.00125971 0.000306971
internal_weight=153.788 137.788 96.5618 41.2266 38.2076 58.3542
internal_count=141 125 93 32 38 55
is_linear=0
shrinkage=0.0168771


Tree=152
num_leaves=6
num_cat=0
split_feature=0 12 2 2 9
split_gain=2.51184 0.474152 0.287881 0.174957 0.124991
threshold=14.500000000000002 -0.11422526676739968 0.38642857142857145 0.27428571428571435 19.555714285714288
decision_type=2 2 2 2 2
left_child=-1 4 3 -3 -2
right_child=1 2 -4 -5 -6
leaf_value=-0.0059287819035165161 -0.00073791330022740618 0 0 0.0029075000787814435 0.00071489380567777425
leaf_weight=14.999999999999998 47 11.999999999999998 30.695276498794556 38.789447665214539 13.757204055786131
leaf_count=15 47 12 27 31 12
internal_value=0 0.000768626 0.00161713 0.00237417 -3.91983e-05
internal_weight=157.242 142.242 81.4847 50.7894 60.7572
internal_count=144 129 70 43 59
is_linear=0
shrinkage=0.0168771


Tree=153
num_leaves=5
num_cat=0
split_feature=14 13 1 1
split_gain=1.83599 1.53349 0.427743 0.444262
threshold=17.298571428571428 -0.21853981321360297 7.5686904761904765 -7.1305357142857124
decision_type=2 2 2 2
left_child=1 -1 3 -2
right_child=2 -3 -4 -5
leaf_value=0 0 -0.005992413093197738 0 0.0024688424976617952
leaf_weight=15.273276209831236 14.999999999999998 20 42 60.296979308128357
leaf_count=15 15 20 42 48
internal_value=0 -0.0031795 0.00106719 0.00181886
internal_weight=152.57 35.2733 117.297 75.297
internal_count=140 35 105 63
is_linear=0
shrinkage=0.0168771


Tree=154
num_leaves=6
num_cat=0
split_feature=13 0 1 1 3
split_gain=0.943088 1.47455 0.184675 0.273862 0.152052
threshold=-0.19087103419619919 29.500000000000004 7.5686904761904765 -7.940892857142857 0.25285714285714289
decision_type=2 2 2 2 2
left_child=4 -2 3 -3 -1
right_child=1 2 -4 -5 -6
leaf_value=0 -0.0046238247921249059 0 -0.00064903270780640129 0.0018545063468803668 0.002308231605903766
leaf_weight=12.999999999999998 21 12.999999999999998 40 29.805487155914307 38.499711155891418
leaf_count=13 21 13 40 27 29
internal_value=0 -0.000924852 0 0.000868984 0.0018053
internal_weight=155.305 103.805 82.8055 42.8055 51.4997
internal_count=143 101 80 40 42
is_linear=0
shrinkage=0.0168771


Tree=155
num_leaves=7
num_cat=0
split_feature=0 13 13 7 13 13
split_gain=1.62905 0.728702 0.42727 0.130633 0.217279 0.157103
threshold=14.500000000000002 -0.38615328583938019 -0.5228433100977441 19.305714285714291 0.032896328676532922 0.4991853776705138
decision_type=2 2 2 2 2 2
left_child=-1 2 -2 4 -3 -5
right_child=1 3 -4 5 -6 -7
leaf_value=-0.0050131063896281768 0.0002885454715590722 -0.0014840141747637251 0.0047800968976833705 0.0014877309071113991 0 0
leaf_weight=12.999999999999998 30.570408463478088 35 14.176957368850706 24.350724577903748 34 18.214793086051941
leaf_count=13 25 35 10 21 34 18
internal_value=0 0.000634271 0.00238722 0 -0.000548177 0.000585647
internal_weight=169.313 156.313 44.7474 111.566 69 42.5655
internal_count=156 143 35 108 69 39
is_linear=0
shrinkage=0.0168771


Tree=156
num_leaves=5
num_cat=0
split_feature=3 13 8 3
split_gain=2.19296 0.941439 0.218155 0.318988
threshold=0.26928571428571441 -0.19087103419619919 -0.15410206433374521 0.39071428571428574
decision_type=2 2 2 2
left_child=1 -1 -2 -4
right_child=2 -3 3 -5
leaf_value=0 0 -0.0051594786299176583 0.0024180088070449783 0
leaf_weight=15.999999999999998 43 27.239644289016724 39.702014088630676 26.582884550094604
leaf_count=16 43 27 33 23
internal_value=-0.000198011 -0.00340323 0.000925823 0.00151253
internal_weight=152.525 43.2396 109.285 66.2849
internal_count=142 43 99 56
is_linear=0
shrinkage=0.0168771


Tree=157
num_leaves=7
num_cat=0
split_feature=12 10 2 10 13 6
split_gain=0.946434 0.584882 0.259679 0.389923 0.137993 0.129837
threshold=-0.11422526676739968 0.26500000000000007 0.38642857142857145 0.24785714285714289 0.4991853776705138 16.492857142857151
decision_type=2 2 2 2 2 2
left_child=1 5 3 -2 -5 -1
right_child=2 -3 -4 4 -6 -7
leaf_value=0 0 0 0 0.002740257821195692 0 -0.0047385399436404817
leaf_weight=12.000000000000002 16.529263019561768 42.706902146339417 25.393558740615845 34.406513571739197 9.9999999999999982 15.999999999999998
leaf_count=12 16 41 23 28 10 16
internal_value=-0.000215923 -0.00173308 0.000791502 0.0014262 0.00225645 -0.00354143
internal_weight=157.036 70.7069 86.3293 60.9358 44.4065 28
internal_count=146 69 77 54 38 28
is_linear=0
shrinkage=0.0168771


Tree=158
num_leaves=5
num_cat=0
split_feature=3 1 3 1
split_gain=1.8142 1.84359 0.349784 0.272505
threshold=0.26928571428571441 -2.7233333333333332 0.37714285714285717 7.9508333333333336
decision_type=2 2 2 2
left_child=1 -1 3 -2
right_child=2 -3 -4 -5
leaf_value=0.0007142601157856702 0.0025391377730048193 -0.0051805024900781023 0 0
leaf_weight=14.927017688751219 36.601216435432434 33 52.113897919654846 17
leaf_count=14 30 33 49 17
internal_value=-0.000234498 -0.00296792 0.00084474 0.00177045
internal_weight=153.642 47.927 105.715 53.6012
internal_count=143 47 96 47
is_linear=0
shrinkage=0.0168771


Tree=159
num_leaves=5
num_cat=0
split_feature=0 13 14 13
split_gain=1.58605 0.370733 0.233156 0.160891
threshold=14.500000000000002 -0.38615328583938019 19.646428571428569 0.4991853776705138
decision_type=2 2 2 2
left_child=-1 -2 -3 -4
right_child=1 2 3 -5
leaf_value=-0.0051201682771384333 0.0017221604478797842 -0.00078182015936646091 0.0019484347795208866 0
leaf_weight=13.999999999999998 36.655830144882202 67.70555055141449 15.349689126014711 14.214793086051939
leaf_count=14 30 67 13 14
internal_value=-0.000156587 0.000296464 -5.15079e-05 0.000850815
internal_weight=147.926 133.926 97.27 29.5645
internal_count=138 124 94 27
is_linear=0
shrinkage=0.0168771


Tree=160
num_leaves=4
num_cat=0
split_feature=11 13 9
split_gain=2.17197 0.397212 0.323385
threshold=16.597857142857144 0.013701439149432228 20.317142857142859
decision_type=2 2 2
left_child=1 -1 -2
right_child=2 -3 -4
leaf_value=0 3.7672756846459637e-05 -0.0061074861007621647 0.0023618567592332187
leaf_weight=10.000000000000002 105.73332679271698 14.999999999999998 25.064501047134399
leaf_count=10 102 15 18
internal_value=-5.9659e-05 -0.00445934 0.000692487
internal_weight=155.798 25 130.798
internal_count=145 25 120
is_linear=0
shrinkage=0.0168771


Tree=161
num_leaves=5
num_cat=0
split_feature=3 10 3 6
split_gain=1.44127 1.15412 0.562199 0.639586
threshold=0.26928571428571441 0.25642857142857151 0.35999999999999999 19.254999999999999
decision_type=2 2 2 2
left_child=1 -1 3 -2
right_child=2 -3 -4 -5
leaf_value=-0.0041720149634636499 0 0.00024182693903939756 0 0.0032451211521709014
leaf_weight=32 16.436322689056396 15.479288578033445 56.853283882141113 41.980804681777954
leaf_count=32 16 15 54 33
internal_value=0 -0.00235739 0.0010507 0.00217676
internal_weight=162.75 47.4793 115.27 58.4171
internal_count=150 47 103 49
is_linear=0
shrinkage=0.0168771


Tree=162
num_leaves=5
num_cat=0
split_feature=11 8 13 10
split_gain=1.81604 0.567065 0.436956 0.154417
threshold=16.597857142857144 -0.62308211748798681 0.38875765553607372 0.41071428571428575
decision_type=2 2 2 2
left_child=-1 3 -3 -2
right_child=1 2 -4 -5
leaf_value=-0.004432011162516414 -0.0013055191921006386 0.0026634427436278995 0 0.00014726540973675878
leaf_weight=17 24 55.212165713310242 33.694081664085388 15.999999999999998
leaf_count=17 24 43 33 16
internal_value=0.000131384 0.000987955 0.00177068 -0.000231481
internal_weight=145.906 128.906 88.9062 40
internal_count=133 116 76 40
is_linear=0
shrinkage=0.0168771


Tree=163
num_leaves=7
num_cat=0
split_feature=0 7 3 8 10 8
split_gain=1.44259 0.55878 0.887013 0.302564 0.355125 0.151851
threshold=14.500000000000002 19.305714285714291 0.39071428571428574 1.0000000180025095e-35 0.41071428571428575 0.55012273504620524
decision_type=2 2 2 2 2 2
left_child=-1 3 5 4 -2 -3
right_child=1 2 -4 -5 -6 -7
leaf_value=-0.0049735186538008942 -0.0019571509262237001 0.0039710406108076392 -0.00027185786735510302 0.00066804838860710816 9.969080391819787e-05 0
leaf_weight=12.999999999999998 46 26.163935899734497 23.339773178100586 23.694805860519409 10.999999999999998 14.462988972663878
leaf_count=13 46 18 21 23 11 13
internal_value=-3.71779e-05 0.000343985 0.00156868 -0.000379543 -0.00120051 0.00308834
internal_weight=157.662 144.662 63.9667 80.6948 57 40.6269
internal_count=145 132 52 80 57 31
is_linear=0
shrinkage=0.0168771


Tree=164
num_leaves=6
num_cat=0
split_feature=6 13 12 13 2
split_gain=1.33389 0.639529 0.354322 0.28729 0.391231
threshold=16.707857142857147 -0.14307853706426674 -0.094897142112521177 0.78090022158409866 0.27428571428571435
decision_type=2 2 2 2 2
left_child=1 -1 -2 4 -4
right_child=2 -3 3 -5 -6
leaf_value=0 -0.00052350271119426257 -0.0052056897525778884 0 0 0.002536287363997981
leaf_weight=11.000000000000002 48.845097184181213 18 15.999999999999998 17 42.39576780796051
leaf_count=11 48 18 16 17 33
internal_value=-0.000321431 -0.00347148 0.000300261 0.00111983 0.0017136
internal_weight=153.241 29 124.241 75.3958 58.3958
internal_count=143 29 114 66 49
is_linear=0
shrinkage=0.0168771


Tree=165
num_leaves=6
num_cat=0
split_feature=13 0 4 1 13
split_gain=0.707525 1.06654 0.444954 0.197653 0.292068
threshold=-0.36670848301478803 26.500000000000004 19.867142857142859 8.5236904761904775 0.4991853776705138
decision_type=2 2 2 2 2
left_child=2 -2 -1 4 -3
right_child=1 3 -4 -5 -6
leaf_value=0.0030861743009405166 -0.0037594817330746434 0.0023514164356269601 0 -0.00037099709437654767 0
leaf_weight=29.116793036460876 20.207635283470154 21.316115260124207 12.308260679244993 46 28
leaf_count=24 20 18 10 46 28
internal_value=8.09079e-05 -0.000452327 0.00200554 0.000111339 0.000986054
internal_weight=156.949 115.524 41.4251 95.3161 49.3161
internal_count=146 112 34 92 46
is_linear=0
shrinkage=0.0168771


Tree=166
num_leaves=7
num_cat=0
split_feature=0 7 10 13 1 13
split_gain=1.48602 0.496316 0.433699 0.318834 0.220285 0.23811
threshold=14.500000000000002 19.305714285714291 0.41857142857142859 0.64452831864684512 -2.7233333333333332 0.11140033717338872
decision_type=2 2 2 2 2 2
left_child=-1 4 3 -3 -2 -6
right_child=1 2 -4 -5 5 -7
leaf_value=-0.0049646065246721754 0.00029933654486507616 0.0026629761135406648 0 0 -0.001893453117848896 0
leaf_weight=13.999999999999998 18.429164886474609 45.545831561088562 19.335291266441345 12.214793086051939 39 17
leaf_count=14 18 34 18 12 39 17
internal_value=-0.000137428 0.000248694 0.00127126 0.00204134 -0.000528652 -0.00118299
internal_weight=165.525 151.525 77.0959 57.7606 74.4292 56
internal_count=152 138 64 46 74 56
is_linear=0
shrinkage=0.0168771


Tree=167
num_leaves=5
num_cat=0
split_feature=11 12 1 3
split_gain=1.73637 0.385146 0.186252 0.130364
threshold=16.597857142857144 -0.65522026164191105 -7.1305357142857124 0.35999999999999999
decision_type=2 2 2 2
left_child=-1 -2 -3 -4
right_child=1 2 3 -5
leaf_value=-0.0039342619325530431 -0.00050441041044623327 0 0.002021526356711149 0
leaf_weight=25 31 18 59.183089256286621 27.263596057891846
leaf_count=25 31 18 50 24
internal_value=0 0.000672141 0.00123437 0.001557
internal_weight=160.447 135.447 104.447 86.4467
internal_count=148 123 92 74
is_linear=0
shrinkage=0.0168771


Tree=168
num_leaves=5
num_cat=0
split_feature=7 12 13 13
split_gain=0.877463 0.329644 0.403372 0.310271
threshold=16.588571428571431 -0.65522026164191105 0.19473693945578166 -0.5228433100977441
decision_type=2 2 2 2
left_child=-1 -2 3 -3
right_child=1 2 -4 -5
leaf_value=-0.0029571561557208792 -0.00028921551432127567 0 0 0.0029254563462648916
leaf_weight=19 37 22.756831049919128 40.941810727119446 38.239783644676208
leaf_count=19 37 19 40 31
internal_value=2.35104e-05 0.000641545 0.00119183 0.00203179
internal_weight=157.938 138.938 101.938 60.9966
internal_count=146 127 90 50
is_linear=0
shrinkage=0.0168771


Tree=169
num_leaves=7
num_cat=0
split_feature=11 8 13 2 2 2
split_gain=1.54331 0.484976 0.241516 0.232777 0.320435 0.136588
threshold=16.597857142857144 -0.788241653570107 0.021678267884871611 0.38071428571428584 0.27428571428571435 0.42928571428571433
decision_type=2 2 2 2 2 2
left_child=2 -2 -1 4 -3 -5
right_child=1 3 -4 5 -6 -7
leaf_value=0 -0.0016367348508647102 0 -0.0054344051094272188 -0.00051220776128105738 0.0024190500718812161 0.0013228717950040667
leaf_weight=11.000000000000002 14.999999999999998 24 12.999999999999998 32.040126800537109 46.069078087806702 14.076598048210142
leaf_count=11 15 24 13 30 38 13
internal_value=-5.85296e-05 0.000538732 -0.00386094 0.001041 0.00163613 0
internal_weight=155.186 131.186 24 116.186 70.0691 46.1167
internal_count=144 120 24 105 62 43
is_linear=0
shrinkage=0.0168771


Tree=170
num_leaves=6
num_cat=0
split_feature=9 9 10 2 2
split_gain=1.08207 0.610114 0.224206 0.133794 0.171274
threshold=16.545000000000005 20.317142857142859 0.38285714285714295 0.38071428571428584 0.27428571428571435
decision_type=2 2 2 2 2
left_child=-1 3 -3 4 -2
right_child=1 2 -4 -5 -6
leaf_value=-0.0033394285641226724 0 0.0037435581475278403 0 -0.0005430858013223711 0.001357600296653758
leaf_weight=18 31.221529603004456 19.489615678787231 13.475962638854979 47.932706356048584 36.094827890396118
leaf_count=18 31 13 11 47 33
internal_value=8.95514e-05 0.000710697 0.00264024 0 0.000573664
internal_weight=166.215 148.215 32.9656 115.249 67.3164
internal_count=153 135 24 111 64
is_linear=0
shrinkage=0.0168771


Tree=171
num_leaves=6
num_cat=0
split_feature=7 13 7 2 2
split_gain=1.04429 0.392153 0.290377 0.272194 0.154447
threshold=16.588571428571431 -0.38615328583938019 20.142857142857149 0.27428571428571435 0.38071428571428584
decision_type=2 2 2 2 2
left_child=-1 2 -2 -3 -5
right_child=1 3 -4 4 -6
leaf_value=-0.0037741574718278257 0.0028417671657546659 -0.0018683290389474385 0 0.0010286109775247199 -0.00030434120842651966
leaf_weight=18 21.503215670585632 20 12.86322498321533 35.265727400779724 38.465095043182373
leaf_count=18 18 20 10 32 38
internal_value=-0.000199574 0.000204396 0.00175235 -0.00016693 5.55935e-05
internal_weight=146.097 128.097 34.3664 93.7308 73.7308
internal_count=136 118 28 90 70
is_linear=0
shrinkage=0.0168771


Tree=172
num_leaves=4
num_cat=0
split_feature=11 13 12
split_gain=0.967498 0.319431 0.145312
threshold=17.093571428571433 -0.06905664590885853 -0.65522026164191105
decision_type=2 2 2
left_child=1 -1 -2
right_child=2 -3 -4
leaf_value=0 -0.00028262589568114812 -0.0042569332424292504 0.00070926213876581665
leaf_weight=11.000000000000002 31 17 96.737398862838745
leaf_count=11 31 17 86
internal_value=-0.000190671 -0.00295473 0.000296023
internal_weight=155.737 28 127.737
internal_count=145 28 117
is_linear=0
shrinkage=0.0168771


Tree=173
num_leaves=5
num_cat=0
split_feature=3 1 3 1
split_gain=1.43527 1.16494 0.541555 0.223971
threshold=0.26928571428571441 -2.7233333333333332 0.35999999999999999 7.9508333333333336
decision_type=2 2 2 2
left_child=1 -1 3 -2
right_child=2 -3 -4 -5
leaf_value=0.000511492658881788 0.0024387488971856263 -0.0042357778907455542 -0.00029250996026201632 0
leaf_weight=10.479288578033445 39.491045355796814 37 51.558237910270691 13.999999999999998
leaf_count=10 32 37 49 14
internal_value=-0.000338673 -0.00277415 0.000599625 0.00182765
internal_weight=152.529 47.4793 105.049 53.491
internal_count=142 47 95 46
is_linear=0
shrinkage=0.0168771


Tree=174
num_leaves=4
num_cat=0
split_feature=13 14 13
split_gain=0.794401 0.697544 0.212817
threshold=-0.38615328583938019 17.298571428571428 0.093626785651744898
decision_type=2 2 2
left_child=-1 -2 -3
right_child=1 2 -4
leaf_value=0.0022718019225792755 -0.0028574787966859404 -0.00060640633880146831 0.00090287603787089679
leaf_weight=36.807459712028503 24.207635283470154 38.305007696151733 52.973082423210144
leaf_count=29 24 37 51
internal_value=0.000101702 -0.000439506 3.23337e-05
internal_weight=152.293 115.486 91.2781
internal_count=141 112 88
is_linear=0
shrinkage=0.0168771


Tree=175
num_leaves=6
num_cat=0
split_feature=6 12 0 1 12
split_gain=0.938981 0.754735 0.512967 0.227455 0.441857
threshold=17.849285714285717 0.23347159754484895 42.500000000000007 13.222023809523813 0.33202463707753593
decision_type=2 2 2 2 2
left_child=1 2 -1 4 -2
right_child=3 -3 -4 -5 -6
leaf_value=-0.0042464319473357439 0.0030824465173975866 0.00045536297283425896 0 0 0
leaf_weight=24 31.98714816570282 15.42152965068817 10.999999999999998 28 40.166646242141724
leaf_count=24 24 15 11 28 37
internal_value=0.000100867 -0.00154942 -0.00299114 0.00116952 0.00165559
internal_weight=150.575 50.4215 35 100.154 72.1538
internal_count=139 50 35 89 61
is_linear=0
shrinkage=0.0168771


Tree=176
num_leaves=6
num_cat=0
split_feature=3 1 3 1 1
split_gain=1.5746 1.14374 0.597911 0.312781 0.20624
threshold=0.26928571428571441 -2.7233333333333332 0.35999999999999999 7.9508333333333336 8.5236904761904775
decision_type=2 2 2 2 2
left_child=1 -1 3 -2 -3
right_child=2 4 -4 -5 -6
leaf_value=0.00040981529914113364 0.002697419804867463 -0.0048747018235625406 0 0 0
leaf_weight=13.727017641067503 49.143135905265808 27 62.663490414619446 12.999999999999998 10.999999999999998
leaf_count=13 39 27 59 13 11
internal_value=0 -0.00245425 0.000966785 0.00211015 -0.00399228
internal_weight=176.534 51.727 124.807 62.1431 38
internal_count=162 51 111 52 38
is_linear=0
shrinkage=0.0168771


Tree=177
num_leaves=5
num_cat=0
split_feature=0 8 1 5
split_gain=1.09105 0.316747 0.219075 0.14736
threshold=14.500000000000002 0.30660107268929659 -7.940892857142857 18.377142857142868
decision_type=2 2 2 2
left_child=-1 3 -3 -2
right_child=1 2 -4 -5
leaf_value=-0.0041802985182516706 -0.001185834561852399 0 0.0016358230453335633 0
leaf_weight=14.999999999999998 35 12.999999999999998 51.19717812538147 39.458407402038574
leaf_count=15 35 13 44 37
internal_value=-0.000192563 0.000157668 0.00110805 -0.000382873
internal_weight=153.656 138.656 64.1972 74.4584
internal_count=144 129 57 72
is_linear=0
shrinkage=0.0168771


Tree=178
num_leaves=5
num_cat=0
split_feature=6 3 6 0
split_gain=1.85173 0.384953 0.683551 0.166314
threshold=16.644285714285719 0.33500000000000002 19.290714285714291 37.500000000000007
decision_type=2 2 2 2
left_child=3 2 -2 -1
right_child=1 -3 -4 -5
leaf_value=-0.0056693302752413091 0 -6.9374551959854697e-05 0.0031685004310689625 0
leaf_weight=14.000000000000002 31.684051752090454 73.304469466209412 30.815128445625305 9.9999999999999982
leaf_count=14 31 69 23 10
internal_value=-0.000146464 0.000499746 0.00148332 -0.0042941
internal_weight=159.804 135.804 62.4992 24
internal_count=147 123 54 24
is_linear=0
shrinkage=0.0168771


Tree=179
num_leaves=4
num_cat=0
split_feature=9 8 3
split_gain=1.04562 0.291154 0.336272
threshold=16.545000000000005 -0.18024946633210806 0.39071428571428574
decision_type=2 2 2
left_child=-1 -2 -3
right_child=1 2 -4
leaf_value=-0.0036962835618148783 -0.00045859528556879903 0.0017171611100874446 0
leaf_weight=18 46 58.674372434616089 26.313849091529846
leaf_count=18 46 50 23
internal_value=-8.48095e-05 0.000313702 0.00098809
internal_weight=148.988 130.988 84.9882
internal_count=137 119 73
is_linear=0
shrinkage=0.0168771


Tree=180
num_leaves=4
num_cat=0
split_feature=3 1 3
split_gain=1.24072 1.1489 0.792292
threshold=0.26928571428571441 -2.7233333333333332 0.32500000000000001
decision_type=2 2 2
left_child=1 -1 -2
right_child=2 -3 -4
leaf_value=0.00058699570591142078 0.003054760958213026 -0.0039812788419585753 0
leaf_weight=12.679288625717161 27.814459919929504 36 76.068599820137024
leaf_count=12 23 36 72
internal_value=-0.000129767 -0.00239095 0.000756237
internal_weight=152.562 48.6793 103.883
internal_count=143 48 95
is_linear=0
shrinkage=0.0168771


Tree=181
num_leaves=5
num_cat=0
split_feature=5 3 0 5
split_gain=1.19923 0.655227 0.222343 0.33544
threshold=18.605714285714289 0.2442857142857143 71.500000000000014 19.316428571428574
decision_type=2 2 2 2
left_child=1 -1 3 -2
right_child=2 -3 -4 -5
leaf_value=-0.0038129716193789714 0.0036090564705661176 0 0 0.00033158500992748339
leaf_weight=26 17.064056873321533 36.221529603004456 21.967591643333435 56.044504523277283
leaf_count=26 14 36 21 48
internal_value=0 -0.00189437 0.00104902 0.0015005
internal_weight=157.298 62.2215 95.0762 73.1086
internal_count=145 62 83 62
is_linear=0
shrinkage=0.0168771


Tree=182
num_leaves=5
num_cat=0
split_feature=11 12 2 2
split_gain=1.08034 0.240371 0.184144 0.319378
threshold=16.597857142857144 -0.65522026164191105 0.27428571428571435 0.38071428571428584
decision_type=2 2 2 2
left_child=-1 -2 -3 -4
right_child=1 2 3 -5
leaf_value=-0.0035081176198506082 -0.00037880239876641016 0 0.0023403054054087604 0
leaf_weight=20 34 25.221529603004456 39.49972927570343 35.658204078674316
leaf_count=20 34 25 32 32
internal_value=0 0.000432768 0.000927625 0.00134547
internal_weight=154.379 134.379 100.379 75.1579
internal_count=143 123 89 64
is_linear=0
shrinkage=0.0168771


Tree=183
num_leaves=5
num_cat=0
split_feature=13 3 10 4
split_gain=0.711019 0.526988 0.37161 0.246243
threshold=-0.38615328583938019 0.25642857142857151 0.37071428571428572 17.176428571428573
decision_type=2 2 2 2
left_child=2 3 -1 -2
right_child=1 -3 -4 -5
leaf_value=0.0033380683070516216 -0.0032345958283083748 0.00015280566157407981 0 0
leaf_weight=24.249589562416077 19.000000000000004 88.03130829334259 12.856773257255552 11.727017641067503
leaf_count=18 19 85 10 11
internal_value=0.00018568 -0.000302905 0.00221772 -0.002175
internal_weight=155.865 118.758 37.1064 30.727
internal_count=143 115 28 30
is_linear=0
shrinkage=0.0168771


Tree=184
num_leaves=6
num_cat=0
split_feature=3 1 3 6 1
split_gain=1.26304 0.762795 0.393815 0.428159 0.159571
threshold=0.26928571428571441 -2.7233333333333332 0.35999999999999999 19.254999999999999 8.5236904761904775
decision_type=2 2 2 2 2
left_child=1 -1 3 -2 -3
right_child=2 4 -4 -5 -6
leaf_value=2.6743055802716061e-07 0 -0.0041551665705474384 0 0.0028445507592096972 0
leaf_weight=12.679288625717161 16.64395797252655 26 66.660796523094177 41.254080891609192 9.9999999999999982
leaf_count=12 16 26 63 32 10
internal_value=0 -0.002141 0.00098334 0.0019676 -0.00341478
internal_weight=173.238 48.6793 124.559 57.898 36
internal_count=159 48 111 48 36
is_linear=0
shrinkage=0.0168771


Tree=185
num_leaves=4
num_cat=0
split_feature=3 12 13
split_gain=1.00092 0.971929 0.199257
threshold=0.26928571428571441 0.063445803093990061 -0.14307853706426674
decision_type=2 2 2
left_child=1 2 -1
right_child=-2 -3 -4
leaf_value=0 0.0002340279154152276 0 -0.0057072000240077055
leaf_weight=10.000000000000002 117.60991263389587 23.479288578033447 17
leaf_count=10 108 23 17
internal_value=-0.000462434 -0.00242916 -0.00444821
internal_weight=168.089 50.4793 27
internal_count=158 50 27
is_linear=0
shrinkage=0.0168771


Tree=186
num_leaves=7
num_cat=0
split_feature=13 4 4 0 13 13
split_gain=1.14823 0.964878 0.258283 0.182418 0.118289 0.131588
threshold=-0.38615328583938019 17.800000000000001 19.867142857142859 53.500000000000007 -0.21853981321360297 0.34645521362404252
decision_type=2 2 2 2 2 2
left_child=2 4 -1 -3 -2 -6
right_child=1 3 -4 -5 5 -7
leaf_value=0.003366752820700666 0 0.0014650565714913989 0 -0.00021873181732605748 -0.0043008985389088065 0
leaf_weight=23.928316712379456 10.207635283470152 19.76055645942688 18.254140138626099 65.841625690460205 21 11.999999999999998
leaf_count=18 10 18 14 64 21 12
internal_value=0 -0.000855295 0.00226176 0 -0.0028369 -0.00335761
internal_weight=170.992 128.81 42.1825 85.6022 43.2076 33
internal_count=157 125 32 82 43 33
is_linear=0
shrinkage=0.0168771


Tree=187
num_leaves=5
num_cat=0
split_feature=11 13 1 1
split_gain=1.01321 0.26224 0.2229 0.17969
threshold=17.093571428571433 -0.06905664590885853 6.5945238095238112 -7.940892857142857
decision_type=2 2 2 2
left_child=1 -1 3 -2
right_child=2 -3 -4 -5
leaf_value=0 0 -0.0039642035508632165 -0.00045353277564136248 0.0012221530710755215
leaf_weight=10.999999999999998 14.999999999999998 21 48 70.157091856002808
leaf_count=11 15 21 48 59
internal_value=-0.000322359 -0.00293675 0.000190621 0.000811246
internal_weight=165.157 32 133.157 85.1571
internal_count=154 32 122 74
is_linear=0
shrinkage=0.0168771


Tree=188
num_leaves=6
num_cat=0
split_feature=13 0 4 13 13
split_gain=0.666245 0.755126 0.341824 0.132734 0.215178
threshold=-0.36670848301478803 26.500000000000004 19.867142857142859 -0.033124610208548004 0.78090022158409866
decision_type=2 2 2 2 2
left_child=2 -2 -1 -3 -5
right_child=1 3 -4 4 -6
leaf_value=0.0031262885132900672 -0.0031195456581622175 -0.00046549280511641047 0 0.0013220450395368306 -7.8919256749383121e-06
leaf_weight=25.928316712379456 20.207635283470154 26.50563645362854 16.401968717575073 51.068758010864258 18
leaf_count=20 20 26 13 48 18
internal_value=0.000198203 -0.000312064 0.00201957 0.000128665 0.000677729
internal_weight=158.112 115.782 42.3303 95.5744 69.0688
internal_count=145 112 33 92 66
is_linear=0
shrinkage=0.0168771


Tree=189
num_leaves=6
num_cat=0
split_feature=4 8 13 6 1
split_gain=1.16676 0.361009 0.343584 0.159936 0.136845
threshold=16.559285714285718 -0.18024946633210806 0.72594944079621504 16.644285714285719 13.394880952380953
decision_type=2 2 2 2 2
left_child=3 4 -3 -1 -2
right_child=1 2 -4 -5 -6
leaf_value=-0.0047745253439437085 -0.0013518993436452515 0.0016007637407733102 -0.00020420211358501773 0 0
leaf_weight=14.000000000000002 31 68.179842472076416 18 10.999999999999998 25
leaf_count=14 31 56 18 11 25
internal_value=-0.000277052 0.000192174 0.000977798 -0.00349015 -0.000624884
internal_weight=167.18 142.18 86.1798 25 56
internal_count=155 130 74 25 56
is_linear=0
shrinkage=0.0168771


Tree=190
num_leaves=4
num_cat=0
split_feature=9 8 1
split_gain=1.37305 0.378227 0.207862
threshold=16.493571428571432 -0.18024946633210806 -7.1305357142857124
decision_type=2 2 2
left_child=-1 -2 -3
right_child=1 2 -4
leaf_value=-0.0039512724544572119 -0.00014889737464997814 0 0.001690606605496275
leaf_weight=18 52 15.999999999999998 77.657534837722778
leaf_count=18 52 16 64
internal_value=0 0.000659219 0.00133099
internal_weight=163.658 145.658 93.6575
internal_count=150 132 80
is_linear=0
shrinkage=0.0168771


Tree=191
num_leaves=4
num_cat=0
split_feature=3 13 3
split_gain=1.1162 0.409431 0.134878
threshold=0.2442857142857143 -0.38615328583938019 0.27428571428571435
decision_type=2 2 2
left_child=-1 -2 -3
right_child=1 2 -4
leaf_value=-0.0035585935842773714 0.0016823511624521341 -0.0015673393545444986 0
leaf_weight=22.239644289016724 39.716424942016602 13.999999999999998 82.821720123291016
leaf_count=22 31 14 80
internal_value=-0.000219379 0.000226772 -0.000177251
internal_weight=158.778 136.538 96.8217
internal_count=147 125 94
is_linear=0
shrinkage=0.0168771


Tree=192
num_leaves=5
num_cat=0
split_feature=3 1 1 4
split_gain=0.537787 0.64558 0.266673 0.742816
threshold=0.25642857142857151 -2.7233333333333332 7.5686904761904765 19.867142857142859
decision_type=2 2 2 2
left_child=1 -1 3 -2
right_child=2 -3 -4 -5
leaf_value=0.00015784313153606165 0.0029852067940985771 -0.0030619676695460003 -0.00010314855535507526 0
leaf_weight=13.718932867050169 33.498391151428223 29 42 42.288541555404663
leaf_count=13 26 29 42 38
internal_value=0 -0.00159264 0.000556881 0.00119778
internal_weight=160.506 42.7189 117.787 75.7869
internal_count=148 42 106 64
is_linear=0
shrinkage=0.0168771


Tree=193
num_leaves=7
num_cat=0
split_feature=3 10 3 8 8 8
split_gain=0.999822 0.590917 0.437708 0.165216 0.141696 0.144883
threshold=0.26928571428571441 0.26500000000000007 0.35999999999999999 -0.01586936193052681 0.55012273504620524 -0.15410206433374521
decision_type=2 2 2 2 2 2
left_child=1 3 4 -1 5 -2
right_child=2 -3 -4 -5 -6 -7
leaf_value=-0.0034910687947917116 0 3.2165496564472112e-05 0 0 0 0.0035260418208068632
leaf_weight=31 17.50563645362854 10.687373399734495 61.089741826057434 9.9999999999999982 16.2249675989151 20.660815715789795
leaf_count=31 17 10 57 10 15 13
internal_value=0 -0.00190416 0.000856281 -0.00288802 0.00192105 0.00247597
internal_weight=167.169 51.6874 115.481 41 54.3914 38.1665
internal_count=153 51 102 41 45 30
is_linear=0
shrinkage=0.0168771


Tree=194
num_leaves=6
num_cat=0
split_feature=6 12 10 2 10
split_gain=1.03318 0.294147 0.340036 0.285643 0.275197
threshold=16.707857142857147 -0.65522026164191105 0.41857142857142859 0.25428571428571428 0.24785714285714289
decision_type=2 2 2 2 2
left_child=3 -2 4 -1 -3
right_child=1 2 -4 -5 -6
leaf_value=-0.0037142879897325127 -6.3608820646040101e-05 0 0 0 0.0021821178882670067
leaf_weight=18 30 12.529263019561766 15.845097184181212 14.200000047683714 69.750469088554382
leaf_count=18 30 12 15 14 58
internal_value=0 0.000815343 0.00130003 -0.00242899 0.00177236
internal_weight=160.325 128.125 98.1248 32.2 82.2797
internal_count=147 115 85 32 70
is_linear=0
shrinkage=0.0168771


Tree=195
num_leaves=7
num_cat=0
split_feature=14 6 13 12 13 13
split_gain=0.577247 0.331445 0.139794 0.2619 0.158246 0.12029
threshold=16.644285714285719 16.675000000000001 -0.36670848301478803 0.17643508421523232 -0.033124610208548004 0.78090022158409866
decision_type=2 2 2 2 2 2
left_child=1 -1 3 -2 -4 -6
right_child=2 -3 4 -5 5 -7
leaf_value=-0.0038082754275857856 0 0 -0.0010146148876971168 0.0023492619426673557 0.00095383554997362317 0
leaf_weight=14.000000000000002 14.163972616195677 10.999999999999998 28.515159249305725 20.266148686408997 48.725353360176086 14.999999999999998
leaf_count=14 12 11 27 15 47 15
internal_value=-4.07945e-06 -0.00232507 0.00032299 0.00119509 0 0.00043688
internal_weight=151.671 25 126.671 34.4301 92.2405 63.7254
internal_count=141 25 116 27 89 62
is_linear=0
shrinkage=0.0168771


Tree=196
num_leaves=6
num_cat=0
split_feature=7 3 13 3 10
split_gain=0.680958 0.502688 0.912789 0.417286 0.133257
threshold=19.599999999999998 0.26928571428571441 -0.21853981321360297 0.39071428571428574 0.40500000000000008
decision_type=2 2 2 2 2
left_child=1 2 -1 4 -2
right_child=3 -3 -4 -5 -6
leaf_value=0 0.0032053837806595114 0 -0.0041450378512069581 0 0
leaf_weight=15.999999999999998 20.504805326461792 50.007005929946899 27 24.37281322479248 11.988109350204466
leaf_count=16 14 49 27 21 11
internal_value=-6.47295e-05 -0.00107473 -0.00235192 0.00118403 0.00239245
internal_weight=149.873 93.007 43 56.8657 32.4929
internal_count=138 92 43 46 25
is_linear=0
shrinkage=0.0168771


Tree=197
num_leaves=6
num_cat=0
split_feature=5 3 3 12 11
split_gain=0.491439 0.324986 0.424297 0.361734 0.29019
threshold=16.609285714285718 0.36214285714285727 0.26928571428571441 1.4104885884693694 17.093571428571433
decision_type=2 2 2 2 2
left_child=4 2 -2 -4 -1
right_child=1 -3 3 -5 -6
leaf_value=-0.0034256120566050967 0 -0.00041298676383512016 0.0029455693247851696 0 0
leaf_weight=15.000000000000002 28.966661930084229 55.214404225349426 33.846680998802185 14.73689830303192 10.200000047683714
leaf_count=15 28 53 26 14 10
internal_value=0 0.000302449 0.00108694 0.00204763 -0.00213013
internal_weight=157.965 132.765 77.5502 48.5836 25.2
internal_count=146 121 68 40 25
is_linear=0
shrinkage=0.0168771


Tree=198
num_leaves=6
num_cat=0
split_feature=0 1 1 1 10
split_gain=0.824016 0.170076 0.120169 0.240157 0.12748
threshold=29.500000000000004 -2.7233333333333332 7.9508333333333336 -6.7692857142857141 0.41642857142857154
decision_type=2 2 2 2 2
left_child=1 -1 3 -2 -4
right_child=2 -3 4 -5 -6
leaf_value=0 0 -0.0029452361382179414 -0.00065989397258611054 0.0015592696643379695 0.001224527465226355
leaf_weight=10.207635283470152 15.214793086051939 27 36 49.718680262565613 9.9999999999999982
leaf_count=10 15 27 36 40 10
internal_value=-0.000105236 -0.0022935 0.000471731 0.000936957 0
internal_weight=148.141 37.2076 110.933 64.9335 46
internal_count=138 37 101 55 46
is_linear=0
shrinkage=0.0168771


Tree=199
num_leaves=5
num_cat=0
split_feature=6 3 2 0
split_gain=0.668282 0.359204 0.417384 0.342663
threshold=16.707857142857147 0.35999999999999999 0.27428571428571435 35.500000000000007
decision_type=2 2 2 2
left_child=3 2 -2 -1
right_child=1 -3 -4 -5
leaf_value=-0.0036957703176825566 0 -0.00010928416175304372 0.0021982926608475955 0
leaf_weight=15.000000000000002 24 59.877575278282166 51.656345129013062 14.200000047683714
leaf_count=15 24 57 41 14
internal_value=0 0.000559003 0.00135767 -0.00214012
internal_weight=164.734 135.534 75.6563 29.2
internal_count=151 122 65 29
is_linear=0
shrinkage=0.0168771


Tree=200
num_leaves=5
num_cat=0
split_feature=3 3 10 10
split_gain=0.801158 0.50383 0.46955 0.182648
threshold=0.27428571428571435 0.33500000000000002 0.26500000000000007 0.23214285714285718
decision_type=2 2 2 2
left_child=2 -2 3 -1
right_child=1 -3 -4 -5
leaf_value=0 0.002415400825256939 0 0 -0.0032994674935372739
leaf_weight=10.999999999999998 31.221128582954407 76.26189136505127 10.927017688751219 30
leaf_count=11 24 71 10 30
internal_value=0 0.000709955 -0.00177382 -0.002641
internal_weight=159.41 107.483 51.927 41
internal_count=146 95 51 41
is_linear=0
shrinkage=0.0168771


Tree=201
num_leaves=5
num_cat=0
split_feature=11 8 3 8
split_gain=0.795444 0.30417 0.291562 0.17992
threshold=16.597857142857144 -0.788241653570107 0.35999999999999999 0.69884481649136276
decision_type=2 2 2 2
left_child=-1 -2 3 -3
right_child=1 2 -4 -5
leaf_value=-0.0027547773218198667 -0.00069234278546250903 0.0026174538540056579 0 0
leaf_weight=20 21 35.354928493499756 56.105893611907959 31.933734536170959
leaf_count=20 21 28 52 30
internal_value=1.5419e-05 0.000598217 0.00100625 0.00173341
internal_weight=164.395 144.395 123.395 67.2887
internal_count=151 131 110 58
is_linear=0
shrinkage=0.0168771


Tree=202
num_leaves=4
num_cat=0
split_feature=0 12 1
split_gain=1.05352 0.351639 0.180012
threshold=14.500000000000002 -0.11422526676739968 -7.1305357142857124
decision_type=2 2 2
left_child=-1 -2 -3
right_child=1 2 -4
leaf_value=-0.0037962964711650547 -0.00014418664431372057 0 0.0016988355027152285
leaf_weight=14.999999999999998 59.461805105209351 18 63.624293088912964
leaf_count=15 58 18 52
internal_value=0 0.000539398 0.00129036
internal_weight=156.086 141.086 81.6243
internal_count=143 128 70
is_linear=0
shrinkage=0.0168771


Tree=203
num_leaves=5
num_cat=0
split_feature=4 13 3 14
split_gain=0.539275 0.56936 0.47635 0.236211
threshold=17.877142857142861 -0.21853981321360297 0.37714285714285717 17.441428571428577
decision_type=2 2 2 2
left_child=1 -1 -2 -3
right_child=2 3 -4 -5
leaf_value=0.00016689887152426 0.001759604189607096 -0.0035315585674058655 -0.00014593223547860448 0
leaf_weight=21.902441143989563 59.674190402030945 23 46.819020390510559 17
leaf_count=21 50 23 44 17
internal_value=0 -0.00120708 0.000735374 -0.00244204
internal_weight=168.396 61.9024 106.493 40
internal_count=155 61 94 40
is_linear=0
shrinkage=0.0168771


Tree=204
num_leaves=5
num_cat=0
split_feature=0 1 1 10
split_gain=0.844406 0.449169 0.395463 0.232086
threshold=14.500000000000002 7.5686904761904765 -7.4625595238095235 0.41071428571428575
decision_type=2 2 2 2
left_child=-1 2 -2 -4
right_child=1 -3 3 -5
leaf_value=-0.0034082893294047683 -0.00030476729439477484 -0.00055597758198067126 0.0020509835589726834 0
leaf_weight=14.999999999999998 15.999999999999998 51 73.319140672683716 14.65994095802307
leaf_count=15 16 51 60 13
internal_value=0 0.000453084 0.0011594 0.00167355
internal_weight=169.979 154.979 103.979 87.9791
internal_count=155 140 89 73
is_linear=0
shrinkage=0.0168771


Tree=205
num_leaves=4
num_cat=0
split_feature=6 1 3
split_gain=0.646992 0.583491 0.292074
threshold=18.675000000000001 -1.1069642857142856 0.39071428571428574
decision_type=2 2 2
left_child=1 -1 -2
right_child=2 -3 -4
leaf_value=0.00021623575503317046 0.0012440684861675629 -0.0025382786284626913 -0.0003479438624860062
leaf_weight=13.629164934158323 58.496434211730957 51 36.388912796974182
leaf_count=13 50 51 34
internal_value=-0.000296318 -0.00164123 0.000412126
internal_weight=159.515 64.6292 94.8853
internal_count=148 64 84
is_linear=0
shrinkage=0.0168771


Tree=206
num_leaves=6
num_cat=0
split_feature=7 2 13 1 13
split_gain=0.545825 0.484526 0.375835 0.236057 0.333979
threshold=19.305714285714291 0.38642857142857145 -0.19087103419619919 13.394880952380953 0.47024268206659275
decision_type=2 2 2 2 2
left_child=2 -2 -1 4 -4
right_child=1 -3 3 -5 -6
leaf_value=2.4623945538123578e-05 0.0022838930983061488 -3.2557072602794904e-05 -0.0031370223149737655 0 0
leaf_weight=22.680911540985107 33.730736374855042 31.414638638496399 35 21 9.9999999999999982
leaf_count=22 26 28 35 21 10
internal_value=-9.499e-05 0.000883901 -0.00106408 -0.00174874 -0.00240867
internal_weight=153.826 65.1454 88.6809 66 45
internal_count=142 54 88 66 45
is_linear=0
shrinkage=0.0168771


Tree=207
num_leaves=3
num_cat=0
split_feature=13 14
split_gain=0.648802 0.553843
threshold=-0.38615328583938019 17.002857142857149
decision_type=2 2
left_child=-1 -2
right_child=1 -3
leaf_value=0.0020234071889637072 -0.0025447847987601509 5.5223441072697371e-05
leaf_weight=40.421233654022217 23.207635283470154 99.618862748146057
leaf_count=31 23 95
internal_value=0.000161726 -0.000305351
internal_weight=163.248 122.826
internal_count=149 118
is_linear=0
shrinkage=0.0168771


Tree=208
num_leaves=4
num_cat=0
split_feature=3 1 3
split_gain=0.772456 0.723471 0.299293
threshold=0.26928571428571441 -2.7233333333333332 0.32500000000000001
decision_type=2 2 2
left_child=1 -1 -2
right_child=2 -3 -4
leaf_value=0.0004246172707254597 0.0022065814819252337 -0.0031720304911432326 0
leaf_weight=10.679288625717161 27.384863376617432 33 85.783786535263062
leaf_count=10 22 33 79
internal_value=0 -0.00183998 0.000732463
internal_weight=156.848 43.6793 113.169
internal_count=144 43 101
is_linear=0
shrinkage=0.0168771


Tree=209
num_leaves=6
num_cat=0
split_feature=0 13 3 9 3
split_gain=0.86624 0.327023 0.175068 0.174414 0.170721
threshold=29.500000000000004 -0.21853981321360297 0.39214285714285718 20.317142857142859 0.40500000000000008
decision_type=2 2 2 2 2
left_child=1 -1 3 -2 -4
right_child=2 -3 4 -5 -6
leaf_value=0 3.6183417862270748e-05 -0.0035992423566454761 -0.0017553327454994385 0.0024746685512200806 0
leaf_weight=10.48091149330139 61.736863017082214 23 13.40000009536743 14.92856979370117 31.010494470596313
leaf_count=10 59 23 13 10 28
internal_value=-0.000215012 -0.0025816 0.000303914 0.000865967 -0.000186223
internal_weight=154.557 33.4809 121.076 76.6654 44.4105
internal_count=143 33 110 69 41
is_linear=0
shrinkage=0.0168771


Tree=210
num_leaves=5
num_cat=0
split_feature=12 3 13 13
split_gain=0.535282 0.62865 0.298992 0.23256
threshold=1.0000000180025095e-35 0.27714285714285719 -0.14307853706426674 0.4991853776705138
decision_type=2 2 2 2
left_child=1 2 -1 -2
right_child=3 -3 -4 -5
leaf_value=0 0.0016219012879956005 0 -0.0039247772208067929 0
leaf_weight=10.000000000000002 46.489758729934692 58.530319213867188 20 28.214793086051941
leaf_count=10 39 56 20 28
internal_value=0 -0.000985145 -0.00285246 0.000906052
internal_weight=163.235 88.5303 30 74.7046
internal_count=153 86 30 67
is_linear=0
shrinkage=0.0168771


Tree=211
num_leaves=5
num_cat=0
split_feature=6 3 1 13
split_gain=0.677118 0.216226 0.333271 0.210806
threshold=16.675000000000001 0.39071428571428574 7.5686904761904765 0.013701439149432228
decision_type=2 2 2 2
left_child=3 2 -2 -1
right_child=1 -3 -4 -5
leaf_value=0 0.0016555047005097124 -0.00014236478755488358 -4.4373023747569107e-05 -0.003484719379341627
leaf_weight=12.200000047683718 62.292114853858948 45.796969413757324 20 15.999999999999998
leaf_count=12 52 43 20 16
internal_value=0 0.000421073 0.000991883 -0.00233498
internal_weight=156.289 128.089 82.2921 28.2
internal_count=143 115 72 28
is_linear=0
shrinkage=0.0168771


Tree=212
num_leaves=5
num_cat=0
split_feature=13 14 10 10
split_gain=0.55661 0.415302 0.215448 0.195919
threshold=-0.19087103419619919 17.298571428571428 0.37071428571428572 0.26500000000000007
decision_type=2 2 2 2
left_child=2 -2 3 -1
right_child=1 -3 -4 -5
leaf_value=0 -0.003358811994818234 -0.0001348902486843404 0 0.0023391908341012933
leaf_weight=17.768082022666931 15.999999999999998 78.329791069030762 12.272040247917174 29.981018781661987
leaf_count=17 16 76 10 22
internal_value=-7.38163e-05 -0.000996543 0.000999133 0.00156568
internal_weight=154.351 94.3298 60.0211 47.7491
internal_count=141 92 49 39
is_linear=0
shrinkage=0.0168771


Tree=213
num_leaves=5
num_cat=0
split_feature=11 10 12 10
split_gain=0.582122 0.321951 0.286779 0.246634
threshold=20.142857142857149 0.25785714285714295 0.23347159754484895 0.41642857142857154
decision_type=2 2 2 2
left_child=1 2 -1 -2
right_child=3 -3 -4 -5
leaf_value=-0.0027281213324886573 0.0021719566689650089 0 0 0
leaf_weight=31 30.51339590549469 69.484842658042908 12.273276209831236 11.935291171073912
leaf_count=31 23 67 12 11
internal_value=-6.45667e-05 -0.000826551 -0.00192261 0.00138838
internal_weight=155.207 112.758 43.2733 42.4487
internal_count=144 110 43 34
is_linear=0
shrinkage=0.0168771


Tree=214
num_leaves=5
num_cat=0
split_feature=13 13 3 2
split_gain=0.422189 0.605304 0.473819 0.249968
threshold=-0.38615328583938019 -0.5228433100977441 0.27428571428571435 0.26000000000000012
decision_type=2 2 2 2
left_child=1 -1 3 -2
right_child=2 -3 -4 -5
leaf_value=0 -0.0029717178384508808 0.0039180606653643766 0 0
leaf_weight=32.894060969352722 26 12.94601249694824 81.368598222732544 13.727017641067503
leaf_count=27 26 9 78 13
internal_value=0 0.00120734 -0.000629792 -0.0020781
internal_weight=166.936 45.8401 121.096 39.727
internal_count=153 36 117 39
is_linear=0
shrinkage=0.0168771


Tree=215
num_leaves=5
num_cat=0
split_feature=13 14 13 13
split_gain=0.416316 0.451571 0.228616 0.267112
threshold=-0.19087103419619919 17.298571428571428 -0.5228433100977441 -0.38615328583938019
decision_type=2 2 2 2
left_child=2 -2 -1 -4
right_child=1 -3 3 -5
leaf_value=0 -0.0029412512117821176 0 0.0033800260280248537 0
leaf_weight=26.535301446914673 21 81.324837923049927 13.17695736885071 14.009522795677183
leaf_count=23 21 79 9 13
internal_value=-0.000120741 -0.000862349 0.000867669 0.00189204
internal_weight=156.047 102.325 53.7218 27.1865
internal_count=145 100 45 22
is_linear=0
shrinkage=0.0168771


Tree=216
num_leaves=5
num_cat=0
split_feature=13 11 10 10
split_gain=0.5979 0.829668 0.182353 0.252965
threshold=-0.17114437094398352 17.093571428571433 0.41071428571428575 0.26500000000000007
decision_type=2 2 2 2
left_child=2 -2 3 -1
right_child=1 -3 -4 -5
leaf_value=0 -0.0041703446681486357 0 0 0.0022944203571889756
leaf_weight=17.546552419662476 17 75.328329682350159 12.059941053390501 32.416834950447083
leaf_count=17 17 73 10 25
internal_value=-0.00010491 -0.00107484 0.000977142 0.00146794
internal_weight=154.352 92.3283 62.0233 49.9634
internal_count=142 90 52 42
is_linear=0
shrinkage=0.0168771


Tree=217
num_leaves=5
num_cat=0
split_feature=6 3 12 10
split_gain=0.338639 0.574413 0.521099 0.181355
threshold=18.828571428571429 0.39071428571428574 0.55723579866545558 0.41071428571428575
decision_type=2 2 2 2
left_child=2 3 -1 -2
right_child=1 -3 -4 -5
leaf_value=-0.0018821447377242641 0.0023319163447553266 -0.00079100322823219148 0.00080198325505236858 0
leaf_weight=57.414793133735657 36.121152400970459 34.146509647369385 15.429164886474608 16.2384113073349
leaf_count=57 28 32 15 15
internal_value=-7.09489e-05 0.000475151 -0.00100872 0.00170463
internal_weight=159.35 86.5061 72.844 52.3596
internal_count=147 75 72 43
is_linear=0
shrinkage=0.0168771


Tree=218
num_leaves=4
num_cat=0
split_feature=12 11 13
split_gain=0.58943 0.40526 0.170995
threshold=0.063445803093990061 17.640000000000004 0.4188861480126011
decision_type=2 2 2
left_child=1 -1 -2
right_child=2 -3 -4
leaf_value=-0.0029443812334222197 0.0013772570696281366 -4.2323526965900659e-05 0
leaf_weight=27 40.528111338615417 58.928897857666016 33
leaf_count=27 33 55 33
internal_value=-0.000246002 -0.0012732 0.000663948
internal_weight=159.457 85.9289 73.5281
internal_count=148 82 66
is_linear=0
shrinkage=0.0168771


Tree=219
num_leaves=4
num_cat=0
split_feature=9 10 1
split_gain=0.336965 0.20487 0.337993
threshold=20.317142857142859 0.34428571428571436 -2.7233333333333332
decision_type=2 2 2
left_child=1 2 -1
right_child=-2 -3 -4
leaf_value=0 0.0013283187113074309 0 -0.0020469030621416582
leaf_weight=24.711128711700439 30.095879912376404 50.262927889823914 43
leaf_count=23 22 48 43
internal_value=-8.5038e-06 -0.000558785 -0.00116649
internal_weight=148.07 117.974 67.7111
internal_count=136 114 66
is_linear=0
shrinkage=0.0168771


Tree=220
num_leaves=6
num_cat=0
split_feature=11 12 13 13 13
split_gain=0.428892 0.263762 0.20549 0.196731 0.183658
threshold=16.597857142857144 -0.65522026164191105 0.78090022158409866 -0.5228433100977441 0.013701439149432228
decision_type=2 2 2 2 2
left_child=4 -2 3 -3 -1
right_child=1 2 -4 -5 -6
leaf_value=0 -0.00068411944863239281 0 -6.6953272278097693e-06 0.0016108506514362036 -0.0031158659684662931
leaf_weight=10.000000000000002 35 25.362687230110168 17 67.305332899093628 13.999999999999998
leaf_count=10 35 20 17 59 14
internal_value=0 0.000263649 0.000775132 0.00114893 -0.00203907
internal_weight=168.668 144.668 109.668 92.668 24
internal_count=155 131 96 79 24
is_linear=0
shrinkage=0.0168771


Tree=221
num_leaves=3
num_cat=0
split_feature=0 13
split_gain=0.329936 0.508467
threshold=30.500000000000004 -0.28612699030878019
decision_type=2 2
left_child=1 -1
right_child=-2 -3
leaf_value=0 1.3864015843513296e-05 -0.0029899128568043705
leaf_weight=11.975717306137083 113.31533420085907 25
leaf_count=11 104 25
internal_value=-0.000265011 -0.00162021
internal_weight=150.291 36.9757
internal_count=140 36
is_linear=0
shrinkage=0.0168771


Tree=222
num_leaves=6
num_cat=0
split_feature=10 3 3 13 9
split_gain=0.388141 0.405291 0.287239 0.244395 0.121153
threshold=0.26500000000000007 0.26928571428571441 0.35999999999999999 -0.21853981321360297 20.317142857142859
decision_type=2 2 2 2 2
left_child=1 3 4 -1 -2
right_child=2 -3 -4 -5 -6
leaf_value=0 0.00016396622199233164 0 -5.2954477741316886e-05 -0.0031958338673689149 0.0026526126767869875
leaf_weight=10.999999999999998 43.447943687438965 12.811183929443358 51.13977313041687 23 17.815136313438416
leaf_count=11 41 12 49 23 11
internal_value=0 -0.00126539 0.000517942 -0.00229873 0.00132458
internal_weight=159.214 46.8112 112.403 34 61.2631
internal_count=147 46 101 34 52
is_linear=0
shrinkage=0.0168771


Tree=223
num_leaves=5
num_cat=0
split_feature=11 10 12 10
split_gain=0.312397 0.262076 0.254205 0.132967
threshold=20.260000000000002 0.38928571428571429 0.063445803093990061 0.40500000000000008
decision_type=2 2 2 2
left_child=1 2 -1 -2
right_child=3 -3 -4 -5
leaf_value=-0.0019393626069410461 0.0015863937566651374 9.0858347111959255e-05 0 0
leaf_weight=47.459890127182007 30.522820591926575 35.443582653999329 27.526748657226562 11.135291218757628
leaf_count=47 23 34 26 10
internal_value=-1.13233e-05 -0.000613967 -0.00122582 0.00101893
internal_weight=152.088 110.43 74.9866 41.6581
internal_count=140 107 73 33
is_linear=0
shrinkage=0.0168771


Tree=224
num_leaves=3
num_cat=0
split_feature=9 9
split_gain=0.522353 0.224781
threshold=16.493571428571432 20.317142857142859
decision_type=2 2
left_child=-1 -2
right_child=1 -3
leaf_value=-0.0026696130147127023 0 0.0015447017892724854
leaf_weight=17 119.49591028690338 26.791707873344421
leaf_count=17 115 19
internal_value=0 0.000214373
internal_weight=163.288 146.288
internal_count=151 134
is_linear=0
shrinkage=0.0168771


Tree=225
num_leaves=4
num_cat=0
split_feature=4 13 2
split_gain=0.198511 0.292571 0.157698
threshold=17.877142857142861 -0.21853981321360297 0.3635714285714286
decision_type=2 2 2
left_child=1 -1 -2
right_child=2 -3 -4
leaf_value=0 0.0012120427064454941 -0.0017910770246154421 0
leaf_weight=19.473276257514954 40.084627985954285 35 60.935969710350037
leaf_count=19 34 35 57
internal_value=0 -0.000816869 0.000419032
internal_weight=155.494 54.4733 101.021
internal_count=145 54 91
is_linear=0
shrinkage=0.0168771


Tree=226
num_leaves=5
num_cat=0
split_feature=3 3 13 13
split_gain=0.266145 0.409039 0.279535 0.187964
threshold=0.26928571428571441 0.32500000000000001 -0.21853981321360297 0.11818989325355704
decision_type=2 2 2 2
left_child=2 -2 -1 -4
right_child=1 -3 3 -5
leaf_value=0 0.001964406902568844 -3.3264573379639814e-05 -0.0032829022003444583 0
leaf_weight=15.999999999999998 31.373364806175232 78.000107169151306 15.000000000000002 15.727017641067503
leaf_count=16 25 73 15 15
internal_value=0 0.000376228 -0.0010986 -0.00203659
internal_weight=156.1 109.373 46.727 30.727
internal_count=144 98 46 30
is_linear=0
shrinkage=0.0168771


Tree=227
num_leaves=5
num_cat=0
split_feature=11 10 14 13
split_gain=0.459422 0.34832 0.19278 0.440748
threshold=20.142857142857149 0.41642857142857154 16.816428571428577 -0.21853981321360297
decision_type=2 2 2 2
left_child=2 -2 3 -1
right_child=1 -3 -4 -5
leaf_value=0 0.0021924557750758237 0 0 -0.0031644152752362182
leaf_weight=10.000000000000002 38.92078959941864 13.090194225311278 80.21541154384613 18
leaf_count=10 29 12 77 18
internal_value=0 0.00136196 -0.000510641 -0.00164729
internal_weight=160.226 52.011 108.215 28
internal_count=146 41 105 28
is_linear=0
shrinkage=0.0168771


Tree=228
num_leaves=2
num_cat=0
split_feature=5
split_gain=0.321636
threshold=16.609285714285718
decision_type=2
left_child=-1
right_child=-2
leaf_value=-0.002073035253884047 0.00011280105441836735
leaf_weight=18 142.96227431297302
leaf_count=18 130
internal_value=-2.73597e-05
internal_weight=160.962
internal_count=148
is_linear=0
shrinkage=0.0168771


Tree=229
num_leaves=3
num_cat=0
split_feature=6 13
split_gain=0.159794 0.165881
threshold=16.707857142857147 -0.14307853706426674
decision_type=2 2
left_child=1 -1
right_child=-2 -3
leaf_value=0 0.00018984887155318425 -0.0020538669917184384
leaf_weight=11.000000000000002 123.00653433799744 18
leaf_count=11 112 18
internal_value=0 -0.00113311
internal_weight=152.007 29
internal_count=141 29
is_linear=0
shrinkage=0.0168771


Tree=230
num_leaves=3
num_cat=0
split_feature=6 13
split_gain=0.339045 0.438679
threshold=16.707857142857147 -0.14307853706426674
decision_type=2 2
left_child=1 -1
right_child=-2 -3
leaf_value=0 0.00030871203354284813 -0.0029575796600803234
leaf_weight=14.200000047683714 126.52610445022583 21
leaf_count=14 115 21
internal_value=0 -0.00148663
internal_weight=161.726 35.2
internal_count=150 35
is_linear=0
shrinkage=0.0168771


Tree=231
num_leaves=4
num_cat=0
split_feature=9 5 2
split_gain=0.446487 0.239217 0.139012
threshold=20.317142857142859 16.609285714285718 0.25428571428571428
decision_type=2 2 2
left_child=1 2 -1
right_child=-2 -3 -4
leaf_value=-0.0026286704068248629 0.0019313957365133332 0 0
leaf_weight=16.000000000000004 25.021657705307007 108.56148624420166 10.200000047683714
leaf_count=16 17 105 10
internal_value=0 -0.00040842 -0.00176893
internal_weight=159.783 134.761 26.2
internal_count=148 131 26
is_linear=0
shrinkage=0.0168771


Tree=232
num_leaves=3
num_cat=0
split_feature=5 8
split_gain=0.436281 0.126401
threshold=16.609285714285718 -0.18024946633210806
decision_type=2 2
left_child=-1 -2
right_child=1 -3
leaf_value=-0.0022379244740404541 -0.00035467913479656155 0.00057079006832081336
leaf_weight=22.200000047683716 49 91.074404716491699
leaf_count=22 49 79
internal_value=-0.000126945 8.96344e-05
internal_weight=162.274 140.074
internal_count=150 128
is_linear=0
shrinkage=0.0168771


Tree=233
num_leaves=5
num_cat=0
split_feature=13 13 7 13
split_gain=0.296079 0.240013 0.287064 0.156887
threshold=-0.38615328583938019 0.093626785651744898 19.305714285714291 -0.21853981321360297
decision_type=2 2 2 2
left_child=-1 2 3 -2
right_child=1 -3 -4 -5
leaf_value=0.0014170455018610419 0 0.00034839986921382591 0 -0.0020803723699073908
leaf_weight=37.999738574028015 10.999999999999998 63.975349545478821 15.633967041969298 41
leaf_count=30 11 62 13 41
internal_value=8.2853e-05 -0.000158078 -0.000949529 -0.00162704
internal_weight=169.609 131.609 67.634 52
internal_count=157 127 65 52
is_linear=0
shrinkage=0.0168771


Tree=234
num_leaves=4
num_cat=0
split_feature=9 3 10
split_gain=0.319063 0.187977 0.446201
threshold=20.317142857142859 0.27428571428571435 0.25785714285714295
decision_type=2 2 2
left_child=1 2 -1
right_child=-2 -3 -4
leaf_value=-0.0025247191195679947 0.0013781916188047314 0 0
leaf_weight=29 32.931975483894348 70.743345499038696 12.439644336700438
leaf_count=29 24 67 12
internal_value=0 -0.000445013 -0.00131189
internal_weight=145.115 112.183 41.4396
internal_count=132 108 41
is_linear=0
shrinkage=0.0168771


Tree=235
num_leaves=3
num_cat=0
split_feature=6 8
split_gain=0.233137 0.11981
threshold=16.707857142857147 -0.62308211748798681
decision_type=2 2
left_child=-1 -2
right_child=1 -3
leaf_value=-0.0013723219416689172 -3.9090899382689309e-05 0.00072059806521626688
leaf_weight=26.200000047683716 44 84.959903597831726
leaf_count=26 44 72
internal_value=0 0.000296267
internal_weight=155.16 128.96
internal_count=142 116
is_linear=0
shrinkage=0.0168771


Tree=236
num_leaves=2
num_cat=0
split_feature=0
split_gain=0.334437
threshold=14.500000000000002
decision_type=2
left_child=-1
right_child=-2
leaf_value=-0.0025078799524014131 0
leaf_weight=13.999999999999998 136.63078725337982
leaf_count=14 127
internal_value=-0.000269164
internal_weight=150.631
internal_count=141
is_linear=0
shrinkage=0.0168771


Tree=237
num_leaves=2
num_cat=0
split_feature=7
split_gain=0.152089
threshold=16.315000000000005
decision_type=2
left_child=-1
right_child=-2
leaf_value=-0.0014593741933476125 0.00015244888534012065
leaf_weight=15.999999999999998 127.74427533149719
leaf_count=16 120
internal_value=0
internal_weight=143.744
internal_count=136
is_linear=0
shrinkage=0.0168771


Tree=238
num_leaves=4
num_cat=0
split_feature=0 13 3
split_gain=0.280043 0.218331 0.209666
threshold=29.500000000000004 -0.19087103419619919 0.35999999999999999
decision_type=2 2 2
left_child=1 -1 -2
right_child=2 -3 -4
leaf_value=0 0.0012052665725763888 -0.0018967809967996244 0
leaf_weight=11.48091149330139 61.827983975410461 27 56.652173757553101
leaf_count=11 55 27 53
internal_value=0 -0.00104769 0.000531778
internal_weight=156.961 38.4809 118.48
internal_count=146 38 108
is_linear=0
shrinkage=0.0168771


Tree=239
num_leaves=3
num_cat=0
split_feature=13 2
split_gain=0.200747 0.331365
threshold=-0.17114437094398352 0.26000000000000012
decision_type=2 2
left_child=-1 -2
right_child=1 -3
leaf_value=0.00064307498784517956 -0.0021983600428092669 0
leaf_weight=60.742114305496216 23 73.782767057418823
leaf_count=51 23 71
internal_value=0 -0.000556316
internal_weight=157.525 96.7828
internal_count=145 94
is_linear=0
shrinkage=0.0168771


Tree=240
num_leaves=3
num_cat=0
split_feature=5 13
split_gain=0.207337 0.117772
threshold=16.609285714285718 0.4991853776705138
decision_type=2 2
left_child=-1 -2
right_child=1 -3
leaf_value=-0.0011553892142991597 0.00073389726896274938 0
leaf_weight=24 102.35072541236877 27.214793086051941
leaf_count=24 92 27
internal_value=1.19199e-05 0.000418028
internal_weight=153.566 129.566
internal_count=143 119
is_linear=0
shrinkage=0.0168771


Tree=241
num_leaves=4
num_cat=0
split_feature=3 1 3
split_gain=0.593298 0.684743 0.300593
threshold=0.26928571428571441 -2.7233333333333332 0.32500000000000001
decision_type=2 2 2
left_child=1 -1 -2
right_child=2 -3 -4
leaf_value=0.00020629169073046902 0.0018005371033684798 -0.0030830238610198481 0
leaf_weight=13.727017641067503 33.199548840522766 32 76.90793240070343
leaf_count=13 27 32 71
internal_value=0 -0.00168151 0.000527591
internal_weight=155.834 45.727 110.107
internal_count=143 45 98
is_linear=0
shrinkage=0.0168771


Tree=242
num_leaves=4
num_cat=0
split_feature=13 0 4
split_gain=0.262456 0.35738 0.301755
threshold=-0.38615328583938019 30.500000000000004 19.867142857142859
decision_type=2 2 2
left_child=2 -2 -1
right_child=1 -3 -4
leaf_value=0.0022451117946246505 -0.0019483031995376839 0 0
leaf_weight=21.310004353523254 34.207635283470154 87.635162353515625 16.355797290802002
leaf_count=17 34 84 13
internal_value=-5.62495e-05 -0.00055995 0.000943888
internal_weight=159.509 121.843 37.6658
internal_count=148 118 30
is_linear=0
shrinkage=0.0168771


Tree=243
num_leaves=4
num_cat=0
split_feature=2 13 3
split_gain=0.296234 0.310303 0.299016
threshold=0.27428571428571435 -0.19087103419619919 0.32500000000000001
decision_type=2 2 2
left_child=1 -1 -2
right_child=2 -3 -4
leaf_value=0 0.0019151434992495304 -0.0021095874500981168 0
leaf_weight=24.221529603004456 31.112484812736511 27 79.818023920059204
leaf_count=24 24 27 74
internal_value=0 -0.000909137 0.000590027
internal_weight=162.152 51.2215 110.931
internal_count=149 51 98
is_linear=0
shrinkage=0.0168771


Tree=244
num_leaves=5
num_cat=0
split_feature=0 2 2 2
split_gain=0.339607 0.162276 0.156125 0.183328
threshold=29.500000000000004 0.25428571428571428 0.44857142857142857 0.38642857142857145
decision_type=2 2 2 2
left_child=1 -1 3 -2
right_child=2 -3 -4 -5
leaf_value=-0.002217931098454994 0.00084104494695156414 0 0.0023912356512821773 -0.00045774006924548076
leaf_weight=19.221529603004456 57.955296397209167 13.273276209831236 10.723609924316404 43.429219245910645
leaf_count=19 52 13 9 41
internal_value=0 -0.00133037 0.000544182 7.25096e-05
internal_weight=144.603 32.4948 112.108 101.385
internal_count=134 32 102 93
is_linear=0
shrinkage=0.0168771


Tree=245
num_leaves=4
num_cat=0
split_feature=13 3 13
split_gain=0.454695 0.366382 0.194442
threshold=-0.38615328583938019 0.27428571428571435 -0.5228433100977441
decision_type=2 2 2
left_child=2 -2 -1
right_child=1 -3 -4
leaf_value=0 -0.0018894324881568035 0 0.0030023593099692794
leaf_weight=27.567138910293579 37.479288578033447 81.831342220306396 13.176957368850706
leaf_count=22 37 79 9
internal_value=0 -0.000570965 0.00143313
internal_weight=160.055 119.311 40.7441
internal_count=147 116 31
is_linear=0
shrinkage=0.0168771


Tree=246
num_leaves=3
num_cat=0
split_feature=5 11
split_gain=0.294983 0.140816
threshold=16.609285714285718 20.260000000000002
decision_type=2 2
left_child=-1 -2
right_child=1 -3
leaf_value=-0.0016994616809192637 0 0.0010389858988817473
leaf_weight=24 89.400449275970459 40.066005825996399
leaf_count=24 86 31
internal_value=0 0.000217939
internal_weight=153.466 129.466
internal_count=141 117
is_linear=0
shrinkage=0.0168771


Tree=247
num_leaves=5
num_cat=0
split_feature=11 10 10 13
split_gain=0.293949 0.287959 0.234069 0.29352
threshold=20.260000000000002 0.34428571428571436 0.41642857142857154 0.47024268206659275
decision_type=2 2 2 2
left_child=1 -1 3 -2
right_child=2 -3 -4 -5
leaf_value=-0.0012933075190742745 0.0029439192224381141 7.0298780392116797e-05 0 0
leaf_weight=65.148179054260254 20.38313722610474 51.017830848693848 12.135291218757628 9.9999999999999982
leaf_count=64 13 49 11 10
internal_value=0 -0.000519115 0.0010661 0.00188496
internal_weight=158.684 116.166 42.5184 30.3831
internal_count=147 113 34 23
is_linear=0
shrinkage=0.0168771


Tree=248
num_leaves=4
num_cat=0
split_feature=14 3 3
split_gain=0.411337 0.241376 0.122561
threshold=17.298571428571428 0.32500000000000001 0.25642857142857151
decision_type=2 2 2
left_child=-1 2 -2
right_child=1 -3 -4
leaf_value=-0.0013550720839165618 0 0 0.0022468329808695659
leaf_weight=39 12.487373352050779 78.659606575965881 25.582724809646606
leaf_count=39 12 73 20
internal_value=0 0.000579648 0.00163045
internal_weight=155.73 116.73 38.0701
internal_count=144 105 32
is_linear=0
shrinkage=0.0168771


Tree=249
num_leaves=4
num_cat=0
split_feature=3 10 3
split_gain=0.161179 0.275308 0.134391
threshold=0.26928571428571441 0.25785714285714295 0.32500000000000001
decision_type=2 2 2
left_child=1 -1 -2
right_child=2 -3 -4
leaf_value=-0.0018481307450322589 0.0013404631954963889 0 0
leaf_weight=32 21.212752103805542 14.727017641067503 82.729426503181458
leaf_count=32 18 14 77
internal_value=0 -0.000906983 0.000217903
internal_weight=150.669 46.727 103.942
internal_count=141 46 95
is_linear=0
shrinkage=0.0168771


Tree=250
num_leaves=4
num_cat=0
split_feature=6 13 6
split_gain=0.187788 0.234382 0.136048
threshold=18.828571428571429 -0.19087103419619919 19.69857142857143
decision_type=2 2 2
left_child=1 -1 -2
right_child=2 -3 -4
leaf_value=0 0.0012864461950662139 -0.0014037376554040665 0
leaf_weight=22.886361122131348 31.348935484886169 49 60.310925960540771
leaf_count=22 28 49 51
internal_value=0 -0.000689257 0.000435691
internal_weight=163.546 71.8864 91.6599
internal_count=150 71 79
is_linear=0
shrinkage=0.0168771


Tree=251
num_leaves=2
num_cat=0
split_feature=10
split_gain=0.351227
threshold=0.26500000000000007
decision_type=2
left_child=-1
right_child=-2
leaf_value=-0.0015335575075781588 0.00015228182112402789
leaf_weight=40.264631509780884 114.81195271015167
leaf_count=40 104
internal_value=-0.000163757
internal_weight=155.077
internal_count=144
is_linear=0
shrinkage=0.0168771


Tree=252
num_leaves=2
num_cat=0
split_feature=4
split_gain=0.294714
threshold=16.559285714285718
decision_type=2
left_child=-1
right_child=-2
leaf_value=-0.0014501600968236923 0.00049009808136102784
leaf_weight=21 142.08685052394867
leaf_count=21 128
internal_value=8.41352e-05
internal_weight=163.087
internal_count=149
is_linear=0
shrinkage=0.0168771


Tree=253
num_leaves=5
num_cat=0
split_feature=13 10 10 13
split_gain=0.312833 0.239304 0.193155 0.168118
threshold=-0.36670848301478803 0.34428571428571436 0.23214285714285718 -0.5228433100977441
decision_type=2 2 2 2
left_child=3 2 -2 -1
right_child=1 -3 -4 -5
leaf_value=0 0 1.1899407762128563e-05 -0.0019209243353341843 0.0024934787391533552
leaf_weight=26.983917713165283 18.529263019561768 62.77542769908905 35.469999670982361 16.148778200149536
leaf_count=22 18 61 35 12
internal_value=0 -0.000392794 -0.00123367 0.00123858
internal_weight=159.907 116.775 53.9993 43.1327
internal_count=148 114 53 34
is_linear=0
shrinkage=0.0168771


Tree=254
num_leaves=4
num_cat=0
split_feature=12 13 10
split_gain=0.255275 0.236298 0.208967
threshold=0.063445803093990061 0.8113398291272943 0.26500000000000007
decision_type=2 2 2
left_child=2 -2 -1
right_child=1 -3 -4
leaf_value=-0.0015752253199616516 0.0013671293589065266 -0.0001670141286859388 0
leaf_weight=32 57.270543336868286 11.999999999999998 58.844393730163574
leaf_count=32 50 12 54
internal_value=0 0.000794786 -0.000537756
internal_weight=160.115 69.2705 90.8444
internal_count=148 62 86
is_linear=0
shrinkage=0.0168771


Tree=255
num_leaves=5
num_cat=0
split_feature=10 12 3 13
split_gain=0.357387 0.23394 0.193836 0.146957
threshold=0.26500000000000007 0.063445803093990061 0.35999999999999999 -0.14307853706426674
decision_type=2 2 2 2
left_child=1 3 -2 -1
right_child=2 -3 -4 -5
leaf_value=0 0.0013577387685152686 0 0 -0.0028892480000688751
leaf_weight=10.000000000000002 55.738298535346985 18.024068832397461 61.670384645462036 15.999999999999998
leaf_count=10 47 17 58 16
internal_value=5.60898e-05 -0.0010259 0.000663138 -0.00200326
internal_weight=161.433 44.0241 117.409 26
internal_count=148 43 105 26
is_linear=0
shrinkage=0.0168771


Tree=256
num_leaves=3
num_cat=0
split_feature=0 9
split_gain=0.300546 0.118865
threshold=14.500000000000002 20.317142857142859
decision_type=2 2
left_child=-1 -2
right_child=1 -3
leaf_value=-0.0021431541093503061 0 0.0010157694548600801
leaf_weight=14.999999999999998 120.35391938686371 33.119357705116272
leaf_count=15 117 24
internal_value=0 0.000145757
internal_weight=168.473 153.473
internal_count=156 141
is_linear=0
shrinkage=0.0168771


Tree=257
num_leaves=4
num_cat=0
split_feature=12 0 13
split_gain=0.207665 0.227259 0.166401
threshold=-0.11422526676739968 34.500000000000007 0.24685619576005144
decision_type=2 2 2
left_child=1 -1 -2
right_child=2 -3 -4
leaf_value=-0.0018510594315703178 0.001136359281431124 0 0
leaf_weight=27 50.348461747169495 55.706902146339417 39.933725953102112
leaf_count=27 40 54 39
internal_value=0 -0.000664161 0.000478989
internal_weight=172.989 82.7069 90.2822
internal_count=160 81 79
is_linear=0
shrinkage=0.0168771


Tree=258
num_leaves=2
num_cat=0
split_feature=9
split_gain=0.251018
threshold=20.317142857142859
decision_type=2
left_child=-1
right_child=-2
leaf_value=-0.00049473534073320191 0.0010706534329960199
leaf_weight=128.47635436058044 31.575584292411804
leaf_count=124 23
internal_value=-3.47212e-05
internal_weight=160.052
internal_count=147
is_linear=0
shrinkage=0.0168771


Tree=259
num_leaves=3
num_cat=0
split_feature=11 3
split_gain=0.166821 0.146731
threshold=16.597857142857144 0.32500000000000001
decision_type=2 2
left_child=-1 -2
right_child=1 -3
leaf_value=-0.0013543872005435771 0.00078488155339962254 -0.00025166340223559569
leaf_weight=23 57.568637609481812 72.901491641998291
leaf_count=23 51 69
internal_value=-4.28843e-05 4.47866e-05
internal_weight=153.47 130.47
internal_count=143 120
is_linear=0
shrinkage=0.0168771


Tree=260
num_leaves=2
num_cat=0
split_feature=2
split_gain=0.279834
threshold=0.42928571428571433
decision_type=2
left_child=-1
right_child=-2
leaf_value=-0.00041224703253196331 0.0018533873710491319
leaf_weight=129.88436412811279 13.723609924316404
leaf_count=123 12
internal_value=-1.01725e-05
internal_weight=143.608
internal_count=135
is_linear=0
shrinkage=0.0168771


Tree=261
num_leaves=2
num_cat=0
split_feature=0
split_gain=0.325284
threshold=14.500000000000002
decision_type=2
left_child=-1
right_child=-2
leaf_value=-0.0023402531005704899 5.6630153043099337e-05
leaf_weight=13.999999999999998 146.45296311378479
leaf_count=14 135
internal_value=-5.33016e-05
internal_weight=160.453
internal_count=149
is_linear=0
shrinkage=0.0168771


Tree=262
num_leaves=3
num_cat=0
split_feature=6 12
split_gain=0.166123 0.148694
threshold=18.828571428571429 0.14891642119203299
decision_type=2 2
left_child=1 -1
right_child=-2 -3
leaf_value=-0.001309472331469119 0.000393919979927692 0
leaf_weight=42 78.642033100128174 23.864831566810608
leaf_count=42 69 23
internal_value=0 -0.000709905
internal_weight=144.507 65.8648
internal_count=134 65
is_linear=0
shrinkage=0.0168771


Tree=263
num_leaves=5
num_cat=0
split_feature=13 11 13 13
split_gain=0.247483 0.315746 0.237329 0.189226
threshold=-0.19087103419619919 17.452142857142864 -0.5228433100977441 -0.38615328583938019
decision_type=2 2 2 2
left_child=2 -2 -1 -4
right_child=1 -3 3 -5
leaf_value=0 -0.0022781128856454317 0 0.0031316480772510527 0
leaf_weight=31.058969855308533 21 84.064301013946533 13.17695736885071 16.504921793937683
leaf_count=26 21 81 9 15
internal_value=0 -0.000562592 0.000755319 0.00178548
internal_weight=165.805 105.064 60.7408 29.6819
internal_count=152 102 50 24
is_linear=0
shrinkage=0.0168771


Tree=264
num_leaves=3
num_cat=0
split_feature=13 3
split_gain=0.214397 0.288757
threshold=-0.38615328583938019 0.27428571428571435
decision_type=2 2
left_child=-1 -2
right_child=1 -3
leaf_value=0.00090478905496807081 -0.0016056142958848206 0
leaf_weight=35.500932455062866 40.487373352050781 74.060464859008789
leaf_count=28 40 71
internal_value=-1.19654e-05 -0.000502344
internal_weight=150.049 114.548
internal_count=139 111
is_linear=0
shrinkage=0.0168771


Tree=265
num_leaves=3
num_cat=0
split_feature=10 9
split_gain=0.343169 0.147385
threshold=0.35142857142857148 20.317142857142859
decision_type=2 2
left_child=1 -1
right_child=-2 -3
leaf_value=-0.0013969488200497118 0.00037223306061263332 0
leaf_weight=67.900954246520996 73.586440682411194 10.305561065673826
leaf_count=67 67 8
internal_value=-0.000242077 -0.00108906
internal_weight=151.793 78.2065
internal_count=142 75
is_linear=0
shrinkage=0.0168771


Tree=266
num_leaves=4
num_cat=0
split_feature=0 2 2
split_gain=0.26659 0.189369 0.371856
threshold=30.500000000000004 0.38642857142857145 0.44857142857142857
decision_type=2 2 2
left_child=-1 -2 -3
right_child=1 2 -4
leaf_value=-0.0013610394878506198 0.00095667527126382047 -0.0011289401308276193 0.0017429062572758547
leaf_weight=32.273276209831238 66.814595937728882 45.985837697982788 11.723609924316404
leaf_count=32 60 43 10
internal_value=0 0.000290459 -0.00011999
internal_weight=156.797 124.524 57.7094
internal_count=145 113 53
is_linear=0
shrinkage=0.0168771


Tree=267
num_leaves=5
num_cat=0
split_feature=4 2 2 2
split_gain=0.388013 0.178331 0.293059 0.130078
threshold=16.559285714285718 0.44857142857142857 0.3635714285714286 0.27428571428571435
decision_type=2 2 2 2
left_child=-1 2 3 -2
right_child=1 -3 -4 -5
leaf_value=-0.0020221591637511471 0 0.0020154239635654962 -0.00084841359315604393 0.001120619316386545
leaf_weight=23 26 10.723609924316404 62.802566289901733 55.392584681510925
leaf_count=23 26 9 59 46
internal_value=-1.67681e-05 0.00017077 0 0.000655004
internal_weight=177.919 154.919 144.195 81.3926
internal_count=163 140 131 72
is_linear=0
shrinkage=0.0168771


Tree=268
num_leaves=3
num_cat=0
split_feature=13 0
split_gain=0.257306 0.154266
threshold=-0.19087103419619919 35.500000000000007
decision_type=2 2
left_child=-1 -2
right_child=1 -3
leaf_value=0.00075005580373544323 -0.0016080310871280595 0
leaf_weight=54.195217609405518 30 74.048393130302429
leaf_count=44 30 72
internal_value=-6.85932e-06 -0.000620394
internal_weight=158.244 104.048
internal_count=146 102
is_linear=0
shrinkage=0.0168771


Tree=269
num_leaves=3
num_cat=0
split_feature=13 8
split_gain=0.295302 0.143925
threshold=-0.19087103419619919 1.7746855559803192
decision_type=2 2
left_child=-1 -2
right_child=1 -3
leaf_value=0.00051131117396256795 -0.0011888662203266914 0
leaf_weight=54.650628089904785 80.25281822681427 11.991649150848387
leaf_count=45 80 11
internal_value=-0.000223611 -0.00089693
internal_weight=146.895 92.2445
internal_count=136 91
is_linear=0
shrinkage=0.0168771


Tree=270
num_leaves=4
num_cat=0
split_feature=0 2 2
split_gain=0.164944 0.132173 0.146315
threshold=14.500000000000002 0.38071428571428584 0.27428571428571435
decision_type=2 2 2
left_child=-1 2 -2
right_child=1 -3 -4
leaf_value=-0.0015281106304294834 0 -7.642140976717724e-05 0.0012312265838237719
leaf_weight=12.999999999999998 34 60.464371204376221 55.645905733108521
leaf_count=13 34 56 47
internal_value=0 0.000253315 0.000713319
internal_weight=163.11 150.11 89.6459
internal_count=150 137 81
is_linear=0
shrinkage=0.0168771


Tree=271
num_leaves=2
num_cat=0
split_feature=8
split_gain=0.208387
threshold=-0.34820582071829226
decision_type=2
left_child=-1
right_child=-2
leaf_value=-0.00090693367007549884 0.00031860729100595972
leaf_weight=58 89.04879367351532
leaf_count=58 77
internal_value=-2.35198e-05
internal_weight=147.049
internal_count=135
is_linear=0
shrinkage=0.0168771


Tree=272
num_leaves=4
num_cat=0
split_feature=2 2 2
split_gain=0.196151 0.188394 0.130047
threshold=0.42928571428571433 0.38071428571428584 0.27428571428571435
decision_type=2 2 2
left_child=1 2 -1
right_child=-2 -3 -4
leaf_value=-9.6108926293595248e-05 0.0017735903801005303 -0.0010542990856979659 0.00084185708795827651
leaf_weight=45.221529603004456 14.938403010368345 41.19134259223938 55.308263659477234
leaf_count=45 13 38 48
internal_value=4.47065e-05 -1.46013e-05 0.000212393
internal_weight=156.66 141.721 100.53
internal_count=144 131 93
is_linear=0
shrinkage=0.0168771


Tree=273
num_leaves=3
num_cat=0
split_feature=14 3
split_gain=0.15461 0.167063
threshold=16.644285714285719 0.35999999999999999
decision_type=2 2
left_child=-1 -2
right_child=1 -3
leaf_value=-0.00077513491399443832 0.00098976979813840274 0
leaf_weight=21 81.064700841903687 54.068160057067871
leaf_count=21 70 51
internal_value=0.000177561 0.000501247
internal_weight=156.133 135.133
internal_count=142 121
is_linear=0
shrinkage=0.0168771


Tree=274
num_leaves=2
num_cat=0
split_feature=8
split_gain=0.228672
threshold=-0.18024946633210806
decision_type=2
left_child=-1
right_child=-2
leaf_value=-0.00081796557800131676 0.00036190764238831671
leaf_weight=75 97.45394229888916
leaf_count=75 85
internal_value=-2.84494e-05
internal_weight=172.454
internal_count=160
is_linear=0
shrinkage=0.0168771


Tree=275
num_leaves=2
num_cat=0
split_feature=10
split_gain=0.120175
threshold=0.34428571428571436
decision_type=2
left_child=-1
right_child=-2
leaf_value=-0.00024213766437122038 0.0006065002220523143
leaf_weight=76.540498971939087 78.504318594932556
leaf_count=73 70
internal_value=4.88943e-05
internal_weight=155.045
internal_count=143
is_linear=0
shrinkage=0.0168771


Tree=276
num_leaves=4
num_cat=0
split_feature=6 13 13
split_gain=0.411291 0.219298 0.207833
threshold=16.675000000000001 -0.38615328583938019 -0.5228433100977441
decision_type=2 2 2
left_child=-1 2 -2
right_child=1 -3 -4
leaf_value=-0.0016640077142073763 0 0 0.0029951048893119415
leaf_weight=31.200000047683716 18.018968462944034 98.603153347969055 13.176957368850706
leaf_count=31 14 95 9
internal_value=0 0.000413484 0.00158
internal_weight=160.999 129.799 31.1959
internal_count=149 118 23
is_linear=0
shrinkage=0.0168771


Tree=277
num_leaves=3
num_cat=0
split_feature=8 0
split_gain=0.128589 0.143645
threshold=-0.34820582071829226 30.500000000000004
decision_type=2 2
left_child=1 -1
right_child=-2 -3
leaf_value=-0.0017237558220471448 0.00040359861373100018 0
leaf_weight=18 91.612705588340759 43
leaf_count=18 78 43
internal_value=0 -0.000576323
internal_weight=152.613 61
internal_count=139 61
is_linear=0
shrinkage=0.0168771


Tree=278
num_leaves=4
num_cat=0
split_feature=0 13 2
split_gain=0.347836 0.333081 0.192661
threshold=29.500000000000004 -0.36670848301478803 0.3635714285714286
decision_type=2 2 2
left_child=1 -1 -2
right_child=2 -3 -4
leaf_value=0 0.0010590479021851471 -0.0023936405930216433 -7.4389228721023074e-05
leaf_weight=10.494805812835692 54.697723507881165 29.207635283470154 57.705665707588196
leaf_count=10 47 29 54
internal_value=-3.31651e-05 -0.00144651 0.000295587
internal_weight=152.106 39.7024 112.403
internal_count=140 39 101
is_linear=0
shrinkage=0.0168771


Tree=279
num_leaves=5
num_cat=0
split_feature=8 3 0 3
split_gain=0.213046 0.202843 0.198076 0.189729
threshold=-0.34820582071829226 0.39642857142857141 30.500000000000004 0.25642857142857151
decision_type=2 2 2 2
left_child=2 3 -1 -2
right_child=1 -3 -4 -5
leaf_value=-0.0018699090748382793 0 0 0 0.0017799437365960975
leaf_weight=17 26.479288578033447 19.524463891983032 39 48.128342866897583
leaf_count=17 26 18 39 38
internal_value=0.000125886 0.000717033 -0.000473584 0.00117853
internal_weight=150.132 94.1321 56 74.6076
internal_count=138 82 56 64
is_linear=0
shrinkage=0.0168771


Tree=280
num_leaves=3
num_cat=0
split_feature=8 13
split_gain=0.162576 0.142976
threshold=-0.18024946633210806 0.4991853776705138
decision_type=2 2
left_child=-1 -2
right_child=1 -3
leaf_value=-0.0006518977998131258 0.00090413810579291585 -4.80993143692364e-05
leaf_weight=68 66.606739044189453 25
leaf_count=68 54 25
internal_value=0 0.000413621
internal_weight=159.607 91.6067
internal_count=147 79
is_linear=0
shrinkage=0.0168771


Tree=281
num_leaves=2
num_cat=0
split_feature=0
split_gain=0.169488
threshold=30.500000000000004
decision_type=2
left_child=-1
right_child=-2
leaf_value=-0.001172810612616375 0.00015056695058774145
leaf_weight=30.207635283470154 116.93788874149323
leaf_count=30 106
internal_value=0
internal_weight=147.146
internal_count=136
is_linear=0
shrinkage=0.0168771


Tree=282
num_leaves=3
num_cat=0
split_feature=5 5
split_gain=0.202887 0.125278
threshold=16.609285714285718 19.086428571428581
decision_type=2 2
left_child=-1 -2
right_child=1 -3
leaf_value=-0.0014293232121274134 0.00081807906546772368 -0.00013557328633264141
leaf_weight=25.200000047683716 49.410968422889709 74.79899263381958
leaf_count=25 47 67
internal_value=-5.19573e-05 7.75019e-05
internal_weight=149.41 124.21
internal_count=139 114
is_linear=0
shrinkage=0.0168771


Tree=283
num_leaves=2
num_cat=0
split_feature=7
split_gain=0.143882
threshold=16.707857142857147
decision_type=2
left_child=-1
right_child=-2
leaf_value=-0.0012350171422967767 9.2051969155186472e-05
leaf_weight=23.207635283470154 131.53789186477661
leaf_count=23 122
internal_value=0
internal_weight=154.746
internal_count=145
is_linear=0
shrinkage=0.0168771


Tree=284
num_leaves=2
num_cat=0
split_feature=12
split_gain=0.150398
threshold=0.063445803093990061
decision_type=2
left_child=-1
right_child=-2
leaf_value=-0.00060745728643789786 0.00031002875926532911
leaf_weight=92.430202126502991 81.76243782043457
leaf_count=88 73
internal_value=-5.22133e-05
internal_weight=174.193
internal_count=161
is_linear=0
shrinkage=0.0168771


Tree=285
num_leaves=3
num_cat=0
split_feature=11 11
split_gain=0.231224 0.122005
threshold=16.597857142857144 20.260000000000002
decision_type=2 2
left_child=-1 -2
right_child=1 -3
leaf_value=-0.0014557826608152414 0 0.0010294276190577366
leaf_weight=24 101.93563306331635 38.202065587043762
leaf_count=24 98 30
internal_value=0 0.000248317
internal_weight=164.138 140.138
internal_count=152 128
is_linear=0
shrinkage=0.0168771


Tree=286
num_leaves=4
num_cat=0
split_feature=14 13 14
split_gain=0.20156 0.301735 0.152994
threshold=16.816428571428577 -0.21853981321360297 19.01071428571429
decision_type=2 2 2
left_child=1 -1 -2
right_child=2 -3 -4
leaf_value=0 0.0010967707719726318 -0.0023588774397862089 0
leaf_weight=11.207635283470156 46.491691946983337 20 75.93345832824707
leaf_count=11 44 20 68
internal_value=0 -0.00110361 0.000355638
internal_weight=153.633 31.2076 122.425
internal_count=143 31 112
is_linear=0
shrinkage=0.0168771


Tree=287
num_leaves=2
num_cat=0
split_feature=5
split_gain=0.218147
threshold=16.609285714285718
decision_type=2
left_child=-1
right_child=-2
leaf_value=-0.0014100785875856606 0.00027094813023502353
leaf_weight=23.200000047683716 136.18899321556091
leaf_count=23 124
internal_value=0
internal_weight=159.389
internal_count=147
is_linear=0
shrinkage=0.0168771


Tree=288
num_leaves=2
num_cat=0
split_feature=13
split_gain=0.280829
threshold=-0.19087103419619919
decision_type=2
left_child=-1
right_child=-2
leaf_value=0.0005727414797507685 -0.00080015442164955205
leaf_weight=52.297121405601501 103.07551145553589
leaf_count=43 101
internal_value=-0.000194382
internal_weight=155.373
internal_count=144
is_linear=0
shrinkage=0.0168771


Tree=289
num_leaves=2
num_cat=0
split_feature=8
split_gain=0.156076
threshold=-0.18024946633210806
decision_type=2
left_child=-1
right_child=-2
leaf_value=-0.00065512336332224118 0.00041373617094979213
leaf_weight=63 91.528225183486938
leaf_count=63 80
internal_value=0
internal_weight=154.528
internal_count=143
is_linear=0
shrinkage=0.0168771


Tree=290
num_leaves=5
num_cat=0
split_feature=13 13 13 13
split_gain=0.199602 0.159159 0.135266 0.132398
threshold=-0.19087103419619919 -0.5228433100977441 0.093626785651744898 -0.38615328583938019
decision_type=2 2 2 2
left_child=1 -1 -2 -3
right_child=2 3 -4 -5
leaf_value=0 -0.0011048079413716184 0.0026445541503664636 0 0
leaf_weight=30.736464023590088 45.33668053150177 14.17695736885071 52.73343813419342 15.297286510467528
leaf_count=25 44 10 51 14
internal_value=0 0.000760271 -0.00044909 0.00158941
internal_weight=158.281 60.2107 98.0701 29.4742
internal_count=144 49 95 24
is_linear=0
shrinkage=0.0168771


Tree=291
num_leaves=2
num_cat=0
split_feature=13
split_gain=0.117569
threshold=-0.38615328583938019
decision_type=2
left_child=-1
right_child=-2
leaf_value=0.0007321748940212554 -0.00031551330368250537
leaf_weight=36.966288328170776 118.72186303138733
leaf_count=29 116
internal_value=0
internal_weight=155.688
internal_count=145
is_linear=0
shrinkage=0.0168771


Tree=292
num_leaves=4
num_cat=0
split_feature=2 2 2
split_gain=0.188772 0.184626 0.181251
threshold=0.42928571428571433 0.38642857142857145 0.27428571428571435
decision_type=2 2 2
left_child=1 2 -1
right_child=-2 -3 -4
leaf_value=-0.00030942680751069716 0.0018348197839572532 -0.0010670579042212813 0.00093869654563214769
leaf_weight=38 13.076598048210142 39.601348519325256 56.033078551292419
leaf_count=38 12 37 48
internal_value=2.82693e-05 -1.97227e-05 0.000208934
internal_weight=146.711 133.634 94.0331
internal_count=135 123 86
is_linear=0
shrinkage=0.0168771


Tree=293
num_leaves=4
num_cat=0
split_feature=4 3 10
split_gain=0.288046 0.228193 0.199893
threshold=17.827857142857145 0.32500000000000001 0.25785714285714295
decision_type=2 2 2
left_child=2 -2 -1
right_child=1 -3 -4
leaf_value=-0.0018000202228370134 0.0016130594089658282 0 0
leaf_weight=34.273276209831238 29.172378778457642 73.053293108940125 16.207635283470154
leaf_count=34 23 68 16
internal_value=0 0.000419373 -0.00109099
internal_weight=152.707 102.226 50.4809
internal_count=141 91 50
is_linear=0
shrinkage=0.0168771


Tree=294
num_leaves=4
num_cat=0
split_feature=5 5 5
split_gain=0.180207 0.190088 0.119936
threshold=16.609285714285718 19.316428571428574 18.777142857142859
decision_type=2 2 2
left_child=-1 2 -2
right_child=1 -3 -4
leaf_value=-0.0011258074816530681 0 0 0.0021823491233662344
leaf_weight=21 45.463932752609253 67.403042912483215 20.064056873321533
leaf_count=21 45 59 17
internal_value=2.70286e-05 0.000394425 0.00104874
internal_weight=153.931 132.931 65.528
internal_count=142 121 62
is_linear=0
shrinkage=0.0168771


Tree=295
num_leaves=2
num_cat=0
split_feature=6
split_gain=0.287132
threshold=16.675000000000001
decision_type=2
left_child=-1
right_child=-2
leaf_value=-0.0015654451496345343 0.00021106290023893015
leaf_weight=28 132.3481057882309
leaf_count=28 121
internal_value=0
internal_weight=160.348
internal_count=149
is_linear=0
shrinkage=0.0168771


Tree=296
num_leaves=3
num_cat=0
split_feature=13 2
split_gain=0.239491 0.155871
threshold=-0.17114437094398352 0.26000000000000012
decision_type=2 2
left_child=-1 -2
right_child=1 -3
leaf_value=0.0010523230138361156 -0.0013498400008245079 0
leaf_weight=56.139788389205933 24 81.334750175476074
leaf_count=46 24 78
internal_value=0.000105291 -0.000207091
internal_weight=161.475 105.335
internal_count=148 102
is_linear=0
shrinkage=0.0168771


Tree=297
num_leaves=2
num_cat=0
split_feature=0
split_gain=0.138974
threshold=35.500000000000007
decision_type=2
left_child=-1
right_child=-2
leaf_value=-0.00094206244941475413 4.9948796414024779e-05
leaf_weight=43.693796396255493 92.271248817443848
leaf_count=43 84
internal_value=-0.000120503
internal_weight=135.965
internal_count=127
is_linear=0
shrinkage=0.0168771


Tree=298
num_leaves=2
num_cat=0
split_feature=14
split_gain=0.152792
threshold=19.646428571428569
decision_type=2
left_child=-1
right_child=-2
leaf_value=-0.00065570403725229728 0.00028989033473929027
leaf_weight=103.03353250026703 49.88038170337677
leaf_count=101 41
internal_value=-0.000203734
internal_weight=152.914
internal_count=142
is_linear=0
shrinkage=0.0168771


Tree=299
num_leaves=2
num_cat=0
split_feature=9
split_gain=0.126096
threshold=20.317142857142859
decision_type=2
left_child=-1
right_child=-2
leaf_value=-0.00022583716876020847 0.00088019582115458623
leaf_weight=125.98364925384521 34.959289312362671
leaf_count=122 25
internal_value=0
internal_weight=160.943
internal_count=147
is_linear=0
shrinkage=0.0168771


Tree=300
num_leaves=3
num_cat=0
split_feature=9 9
split_gain=0.127177 0.12986
threshold=20.317142857142859 19.959285714285713
decision_type=2 2
left_child=1 -1
right_child=-2 -3
leaf_value=0 0.00094148125216960484 -0.0013930511051990055
leaf_weight=118.50791275501251 33.423998236656189 18.214793086051941
leaf_count=115 24 18
internal_value=0 -0.00016956
internal_weight=170.147 136.723
internal_count=157 133
is_linear=0
shrinkage=0.0168771


Tree=301
num_leaves=2
num_cat=0
split_feature=2
split_gain=0.121063
threshold=0.44857142857142857
decision_type=2
left_child=-1
right_child=-2
leaf_value=0 0.0018727236313812437
leaf_weight=153.87448346614838 10.723609924316404
leaf_count=143 9
internal_value=0.000282279
internal_weight=164.598
internal_count=152
is_linear=0
shrinkage=0.0168771


Tree=302
num_leaves=4
num_cat=0
split_feature=13 13 12
split_gain=0.128465 0.177562 0.167228
threshold=-0.19087103419619919 -0.46048612475067707 1.0000000180025095e-35
decision_type=2 2 2
left_child=1 -1 -2
right_child=2 -3 -4
leaf_value=0 -0.0010711146865876699 0.0016369631092183782 0
leaf_weight=34.831657290458679 53 23.450934290885925 44.565706849098206
leaf_count=29 53 18 42
internal_value=0 0.000572736 -0.000405442
internal_weight=155.848 58.2826 97.5657
internal_count=142 47 95
is_linear=0
shrinkage=0.0168771


Tree=303
num_leaves=3
num_cat=0
split_feature=3 6
split_gain=0.181163 0.172316
threshold=0.27428571428571435 16.675000000000001
decision_type=2 2
left_child=1 -1
right_child=-2 -3
leaf_value=-0.0018052343482776218 0.0004572738206564567 0
leaf_weight=21 105.88004171848297 26.760649561882019
leaf_count=21 96 26
internal_value=0 -0.000754567
internal_weight=153.641 47.7606
internal_count=143 47
is_linear=0
shrinkage=0.0168771


Tree=304
num_leaves=6
num_cat=0
split_feature=13 10 2 4 2
split_gain=0.191847 0.413546 0.243563 0.188066 0.135417
threshold=-0.19087103419619919 0.36642857142857149 0.26000000000000012 19.867142857142859 0.31214285714285711
decision_type=2 2 2 2 2
left_child=3 2 -2 -1 -4
right_child=1 -3 4 -5 -6
leaf_value=0.001430730683104679 -0.0030595061603219498 6.5340052004496e-05 0.00046781298380661762 0 -0.0011663477145675567
leaf_weight=29.239628434181213 22 55.224569320678711 12.303987979888914 20.099308729171753 23
leaf_count=25 22 54 11 16 23
internal_value=-0.000154117 -0.000633348 -0.00164953 0.000484211 -1.79969e-05
internal_weight=161.867 112.529 57.304 49.3389 35.304
internal_count=151 110 56 41 34
is_linear=0
shrinkage=0.0168771


Tree=305
num_leaves=3
num_cat=0
split_feature=8 0
split_gain=0.19466 0.167018
threshold=-0.18024946633210806 29.500000000000004
decision_type=2 2
left_child=1 -1
right_child=-2 -3
leaf_value=-0.0018996446487974997 0.00036167652539661089 0
leaf_weight=22 97.313985586166382 50
leaf_count=22 84 50
internal_value=0 -0.000751743
internal_weight=169.314 72
internal_count=156 72
is_linear=0
shrinkage=0.0168771


Tree=306
num_leaves=4
num_cat=0
split_feature=12 13 13
split_gain=0.15411 0.137967 0.121711
threshold=-0.01316875066342098 0.4188861480126011 -0.19087103419619919
decision_type=2 2 2
left_child=2 -2 -1
right_child=1 -3 -4
leaf_value=0 0.0011299327404633405 0 -0.00095595580267198376
leaf_weight=22.78882622718811 46.514861345291138 36.214793086051941 57
leaf_count=19 38 36 57
internal_value=0 0.000527276 -0.000492808
internal_weight=162.518 82.7297 79.7888
internal_count=150 74 76
is_linear=0
shrinkage=0.0168771


Tree=307
num_leaves=2
num_cat=0
split_feature=6
split_gain=0.127019
threshold=16.675000000000001
decision_type=2
left_child=-1
right_child=-2
leaf_value=-0.00078301061097545415 0.00035137990291850198
leaf_weight=29.200000047683716 130.64205467700958
leaf_count=29 117
internal_value=0
internal_weight=159.842
internal_count=146
is_linear=0
shrinkage=0.0168771


Tree=308
num_leaves=2
num_cat=0
split_feature=0
split_gain=0.121594
threshold=14.500000000000002
decision_type=2
left_child=-1
right_child=-2
leaf_value=-0.001343208455963726 5.7548849550613884e-05
leaf_weight=15.999999999999998 150.62328743934631
leaf_count=16 138
internal_value=0
internal_weight=166.623
internal_count=154
is_linear=0
shrinkage=0.0168771


Tree=309
num_leaves=3
num_cat=0
split_feature=9 9
split_gain=0.194619 0.165413
threshold=16.493571428571432 17.342857142857145
decision_type=2 2
left_child=-1 -2
right_child=1 -3
leaf_value=-0.0013110943754847102 0.0017949068486211609 0
leaf_weight=18 17.768082022666931 118.83321332931519
leaf_count=18 17 108
internal_value=1.48776e-05 0.000374028
internal_weight=154.601 136.601
internal_count=143 125
is_linear=0
shrinkage=0.0168771


Tree=310
num_leaves=4
num_cat=0
split_feature=3 3 12
split_gain=0.188186 0.275622 0.217509
threshold=0.26928571428571441 0.32500000000000001 0.063445803093990061
decision_type=2 2 2
left_child=2 -2 -1
right_child=1 -3 -4
leaf_value=-0.0020474927148698132 0.0016054548727068687 -0.00010923544178411878 0
leaf_weight=24 28.38194215297699 80.217778325080872 20.927017688751221
leaf_count=24 23 76 20
internal_value=-5.22373e-05 0.000168105 -0.00103124
internal_weight=153.527 108.6 44.927
internal_count=143 99 44
is_linear=0
shrinkage=0.0168771


Tree=311
num_leaves=2
num_cat=0
split_feature=13
split_gain=0.204949
threshold=-0.38615328583938019
decision_type=2
left_child=-1
right_child=-2
leaf_value=0.0011736067826138095 -0.00015441671145853585
leaf_weight=37.210196733474731 131.35072457790375
leaf_count=29 128
internal_value=2.29759e-05
internal_weight=168.561
internal_count=157
is_linear=0
shrinkage=0.0168771


Tree=312
num_leaves=2
num_cat=0
split_feature=9
split_gain=0.230698
threshold=20.317142857142859
decision_type=2
left_child=-1
right_child=-2
leaf_value=-0.00031300803517828057 0.0012762265942745494
leaf_weight=129.22879207134247 29.481138944625854
leaf_count=124 21
internal_value=0
internal_weight=158.71
internal_count=145
is_linear=0
shrinkage=0.0168771


Tree=313
num_leaves=2
num_cat=0
split_feature=6
split_gain=0.252391
threshold=17.849285714285717
decision_type=2
left_child=-1
right_child=-2
leaf_value=-0.0012611337246646642 3.0252172760411124e-05
leaf_weight=48.200000047683716 106.67501175403595
leaf_count=48 96
internal_value=-0.000245446
internal_weight=154.875
internal_count=144
is_linear=0
shrinkage=0.0168771


Tree=314
num_leaves=2
num_cat=0
split_feature=9
split_gain=0.196079
threshold=20.317142857142859
decision_type=2
left_child=-1
right_child=-2
leaf_value=-5.266199298087924e-06 0.0014786887670174115
leaf_weight=134.64426147937775 23.323450803756714
leaf_count=131 15
internal_value=9.73097e-05
internal_weight=157.968
internal_count=146
is_linear=0
shrinkage=0.0168771


Tree=315
num_leaves=2
num_cat=0
split_feature=5
split_gain=0.153602
threshold=16.609285714285718
decision_type=2
left_child=-1
right_child=-2
leaf_value=-0.0011666630946368113 0.00019628262496550336
leaf_weight=25 146.50424301624298
leaf_count=25 133
internal_value=0
internal_weight=171.504
internal_count=158
is_linear=0
shrinkage=0.0168771


Tree=316
num_leaves=5
num_cat=0
split_feature=13 13 13 13
split_gain=0.122101 0.154277 0.144069 0.123258
threshold=-0.21853981321360297 -0.5228433100977441 -0.38615328583938019 0.093626785651744898
decision_type=2 2 2 2
left_child=1 -1 -3 -2
right_child=3 2 -4 -5
leaf_value=0 -0.0010685821906210782 0.0024275295116305499 0 0
leaf_weight=29.370408415794373 44.50563645362854 14.17695736885071 13.70303428173065 57.462988972663879
leaf_count=24 44 10 13 56
internal_value=0 0.000511473 0.00139216 -0.000426062
internal_weight=159.219 57.2504 27.88 101.969
internal_count=147 47 23 100
is_linear=0
shrinkage=0.0168771


Tree=317
num_leaves=4
num_cat=0
split_feature=13 13 13
split_gain=0.14553 0.129573 0.126957
threshold=-0.19087103419619919 1.0000000180025095e-35 -0.5228433100977441
decision_type=2 2 2
left_child=2 -2 -1
right_child=1 -3 -4
leaf_value=0 -0.0013048678685274805 0 0.0013678243219597409
leaf_weight=28.467799544334412 25.50563645362854 81.302117824554443 32.431577205657959
leaf_count=23 25 79 27
internal_value=0 -0.000323512 0.000685292
internal_weight=167.707 106.808 60.8994
internal_count=154 104 50
is_linear=0
shrinkage=0.0168771


Tree=318
num_leaves=5
num_cat=0
split_feature=13 6 13 13
split_gain=0.23423 0.168521 0.142817 0.138692
threshold=-0.19087103419619919 16.951428571428579 -0.5228433100977441 -0.38615328583938019
decision_type=2 2 2 2
left_child=2 -2 -1 -4
right_child=1 -3 3 -5
leaf_value=0 -0.0016448982438596041 0 0.0030328235922991104 0
leaf_weight=27.300512313842773 22 83.728981137275696 10.946012496948244 17.504921793937683
leaf_count=22 22 82 7 16
internal_value=0 -0.000422684 0.000897986 0.00167487
internal_weight=161.48 105.729 55.7514 28.4509
internal_count=149 104 45 23
is_linear=0
shrinkage=0.0168771


Tree=319
num_leaves=2
num_cat=0
split_feature=6
split_gain=0.184288
threshold=16.675000000000001
decision_type=2
left_child=-1
right_child=-2
leaf_value=-0.0012993358764802662 0.00011767926831243074
leaf_weight=27 140.62271213531494
leaf_count=27 128
internal_value=0
internal_weight=167.623
internal_count=155
is_linear=0
shrinkage=0.0168771


Tree=320
num_leaves=2
num_cat=0
split_feature=12
split_gain=0.141117
threshold=0.063445803093990061
decision_type=2
left_child=-1
right_child=-2
leaf_value=-0.00011236887384626704 0.00075813199919700248
leaf_weight=91.839188814163208 70.219411969184875
leaf_count=87 62
internal_value=0.000135656
internal_weight=162.059
internal_count=149
is_linear=0
shrinkage=0.0168771


Tree=321
num_leaves=2
num_cat=0
split_feature=2
split_gain=0.142401
threshold=0.42928571428571433
decision_type=2
left_child=-1
right_child=-2
leaf_value=0 0.0016394526926936243
leaf_weight=139.45703196525574 16.191221237182617
leaf_count=128 14
internal_value=0.000260886
internal_weight=155.648
internal_count=142
is_linear=0
shrinkage=0.0168771


Tree=322
num_leaves=3
num_cat=0
split_feature=13 13
split_gain=0.20137 0.202765
threshold=-0.38615328583938019 -0.5228433100977441
decision_type=2 2
left_child=1 -1
right_child=-2 -3
leaf_value=0 0 0.0027641797054056292
leaf_weight=25.870725631713867 123.78496623039246 12.94601249694824
leaf_count=22 120 9
internal_value=0.000191569 0.00123288
internal_weight=162.602 38.8167
internal_count=151 31
is_linear=0
shrinkage=0.0168771


Tree=323
num_leaves=4
num_cat=0
split_feature=13 13 13
split_gain=0.188806 0.182943 0.175252
threshold=-0.38615328583938019 -0.5228433100977441 0.093626785651744898
decision_type=2 2 2
left_child=1 -1 -2
right_child=2 -3 -4
leaf_value=0 -0.0010790745131208106 0.0022812767649133176 0
leaf_weight=27.086579918861389 54.503120183944702 14.176957368850706 58.73343813419342
leaf_count=22 54 10 57
internal_value=0 0.000913177 -0.000381886
internal_weight=154.5 41.2635 113.237
internal_count=143 32 111
is_linear=0
shrinkage=0.0168771


Tree=324
num_leaves=2
num_cat=0
split_feature=2
split_gain=0.219838
threshold=0.42928571428571433
decision_type=2
left_child=-1
right_child=-2
leaf_value=-0.00026724535038534736 0.0016794054125005289
leaf_weight=127.8246876001358 15.976428151130674
leaf_count=119 14
internal_value=0
internal_weight=143.801
internal_count=133
is_linear=0
shrinkage=0.0168771


Tree=325
num_leaves=3
num_cat=0
split_feature=2 2
split_gain=0.149079 0.172193
threshold=0.27428571428571435 0.3635714285714286
decision_type=2 2
left_child=-1 -2
right_child=1 -3
leaf_value=-0.0008381229814579265 0.0011527531461581135 0
leaf_weight=41 42.735893249511719 58.789687991142273
leaf_count=41 36 55
internal_value=0 0.000333489
internal_weight=142.526 101.526
internal_count=132 91
is_linear=0
shrinkage=0.0168771


Tree=326
num_leaves=2
num_cat=0
split_feature=9
split_gain=0.147216
threshold=20.317142857142859
decision_type=2
left_child=-1
right_child=-2
leaf_value=-0.00040281195017342523 0.00082586622745651388
leaf_weight=127.89956057071686 27.677391171455383
leaf_count=125 20
internal_value=-3.16125e-05
internal_weight=155.577
internal_count=145
is_linear=0
shrinkage=0.0168771


Tree=327
num_leaves=2
num_cat=0
split_feature=2
split_gain=0.130412
threshold=0.27428571428571435
decision_type=2
left_child=-1
right_child=-2
leaf_value=-0.00060740708351030015 0.00039528402091782924
leaf_weight=48.221529603004456 114.07686698436737
leaf_count=48 101
internal_value=0
internal_weight=162.298
internal_count=149
is_linear=0
shrinkage=0.0168771


Tree=328
num_leaves=2
num_cat=0
split_feature=2
split_gain=0.117577
threshold=0.41928571428571432
decision_type=2
left_child=-1
right_child=-2
leaf_value=-0.00024026753845853561 0.0010374410909009988
leaf_weight=142.43296575546265 20.406014323234558
leaf_count=132 18
internal_value=0
internal_weight=162.839
internal_count=150
is_linear=0
shrinkage=0.0168771


Tree=329
num_leaves=4
num_cat=0
split_feature=5 5 2
split_gain=0.165358 0.134319 0.154633
threshold=16.609285714285718 19.316428571428574 0.38642857142857145
decision_type=2 2 2
left_child=-1 -2 -3
right_child=1 2 -4
leaf_value=-0.0012696951649616179 0.00078545917542016002 0.00033363433592705844 -0.0010257219540231663
leaf_weight=23 67.041828513145447 32.082950830459595 35.64747953414917
leaf_count=23 64 26 32
internal_value=0 0.000196608 -7.72795e-05
internal_weight=157.772 134.772 67.7304
internal_count=145 122 58
is_linear=0
shrinkage=0.0168771


Tree=330
num_leaves=5
num_cat=0
split_feature=13 10 10 13
split_gain=0.248529 0.331938 0.286328 0.21797
threshold=-0.36670848301478803 0.37071428571428572 0.23214285714285718 -0.46048612475067707
decision_type=2 2 2 2
left_child=3 2 -2 -1
right_child=1 -3 -4 -5
leaf_value=0 0 0 -0.0020310210830824993 0.0021011200753029364
leaf_weight=28.603338956832886 15.79389452934265 45.995582699775696 54.224315881729126 15.191109538078306
leaf_count=24 15 45 53 11
internal_value=-0.000202174 -0.000707889 -0.00145379 0.000618112
internal_weight=159.808 116.014 70.0182 43.7944
internal_count=148 113 68 35
is_linear=0
shrinkage=0.0168771


Tree=331
num_leaves=3
num_cat=0
split_feature=13 11
split_gain=0.21208 0.335068
threshold=-0.19087103419619919 17.093571428571433
decision_type=2 2
left_child=-1 -2
right_child=1 -3
leaf_value=0.00084089536789649921 -0.0023398997481754364 0
leaf_weight=55.545385479927063 18 73.282219767570496
leaf_count=46 18 71
internal_value=0 -0.000449954
internal_weight=146.828 91.2822
internal_count=135 89
is_linear=0
shrinkage=0.0168771


Tree=332
num_leaves=3
num_cat=0
split_feature=13 13
split_gain=0.357537 0.126798
threshold=-0.38615328583938019 -0.5228433100977441
decision_type=2 2
left_child=1 -1
right_child=-2 -3
leaf_value=0 -0.00060762954311224901 0.0024102857059395996
leaf_weight=23.430343747138977 117.72127628326416 13.176957368850706
leaf_count=19 114 9
internal_value=-2.07822e-05 0.00120479
internal_weight=154.329 36.6073
internal_count=142 28
is_linear=0
shrinkage=0.0168771


Tree=333
num_leaves=2
num_cat=0
split_feature=11
split_gain=0.136707
threshold=17.093571428571433
decision_type=2
left_child=-1
right_child=-2
leaf_value=-0.0011266049429367771 0.00012846746795974466
leaf_weight=26 132.79003298282623
leaf_count=26 120
internal_value=0
internal_weight=158.79
internal_count=146
is_linear=0
shrinkage=0.0168771


Tree=334
num_leaves=2
num_cat=0
split_feature=2
split_gain=0.137553
threshold=0.44857142857142857
decision_type=2
left_child=-1
right_child=-2
leaf_value=-5.508761387030895e-06 0.0016948329490776911
leaf_weight=153.17318665981293 10.723609924316404
leaf_count=142 9
internal_value=0
internal_weight=163.897
internal_count=151
is_linear=0
shrinkage=0.0168771


Tree=335
num_leaves=3
num_cat=0
split_feature=14 4
split_gain=0.147294 0.14493
threshold=17.298571428571428 20.142857142857149
decision_type=2 2
left_child=-1 -2
right_child=1 -3
leaf_value=-0.00081484270867848393 0.00079692088664662017 -0.00010433125711764323
leaf_weight=43.480911493301392 78.813238859176636 45.49141526222229
leaf_count=43 72 40
internal_value=0 0.000296041
internal_weight=167.786 124.305
internal_count=155 112
is_linear=0
shrinkage=0.0168771


Tree=336
num_leaves=4
num_cat=0
split_feature=3 3 13
split_gain=0.14113 0.414224 0.224665
threshold=0.27428571428571435 0.32500000000000001 -0.36670848301478803
decision_type=2 2 2
left_child=2 -2 -1
right_child=1 -3 -4
leaf_value=6.9501497964369372e-06 0.0021992157683336628 0 -0.0014979292402675347
leaf_weight=15.473276257514952 24.857845425605774 83.822900533676147 36.239644289016724
leaf_count=15 20 77 36
internal_value=0 0.000382617 -0.000660919
internal_weight=160.394 108.681 51.7129
internal_count=148 97 51
is_linear=0
shrinkage=0.0168771


Tree=337
num_leaves=3
num_cat=0
split_feature=13 13
split_gain=0.124632 0.124567
threshold=-0.19087103419619919 -0.5228433100977441
decision_type=2 2
left_child=1 -1
right_child=-2 -3
leaf_value=0 -0.0001846330967795623 0.0014226157636190442
leaf_weight=27.5240797996521 100.77881956100464 30.431577205657959
leaf_count=22 99 25
internal_value=1.59309e-05 0.000725126
internal_weight=158.734 57.9557
internal_count=146 47
is_linear=0
shrinkage=0.0168771


Tree=338
num_leaves=4
num_cat=0
split_feature=2 2 2
split_gain=0.162487 0.13514 0.230857
threshold=0.44857142857142857 0.38071428571428584 0.27428571428571435
decision_type=2 2 2
left_child=1 2 -1
right_child=-2 -3 -4
leaf_value=-0.00063291567787398184 0.0016839033369595656 -0.00087624669950676275 0.00092013578245265007
leaf_weight=47.221529603004456 10.723609924316404 57.130785465240479 51.030992269515991
leaf_count=47 9 53 45
internal_value=0 -0.000219266 0
internal_weight=166.107 155.383 98.2525
internal_count=154 145 92
is_linear=0
shrinkage=0.0168771


Tree=339
num_leaves=3
num_cat=0
split_feature=11 0
split_gain=0.178908 0.156262
threshold=16.597857142857144 35.500000000000007
decision_type=2 2
left_child=1 -1
right_child=-2 -3
leaf_value=-0.0017191572188206866 0.0006621868314055329 0
leaf_weight=15.000000000000002 131.96243166923523 9.9999999999999982
leaf_count=15 120 10
internal_value=0.000322425 -0.000549791
internal_weight=156.962 25
internal_count=145 25
is_linear=0
shrinkage=0.0168771


Tree=340
num_leaves=2
num_cat=0
split_feature=5
split_gain=0.187117
threshold=16.609285714285718
decision_type=2
left_child=-1
right_child=-2
leaf_value=-0.0014292221547331273 0.00016265282645517101
leaf_weight=21.200000047683716 149.76942431926727
leaf_count=21 137
internal_value=0
internal_weight=170.969
internal_count=158
is_linear=0
shrinkage=0.0168771


Tree=341
num_leaves=3
num_cat=0
split_feature=5 5
split_gain=0.130627 0.141874
threshold=19.316428571428574 16.609285714285718
decision_type=2 2
left_child=1 -1
right_child=-2 -3
leaf_value=0 -1.0109135176466721e-05 0.001153535160262166
leaf_weight=22.200000047683716 64.068712830543518 64.709096074104309
leaf_count=22 57 61
internal_value=0.000283533 0.000742888
internal_weight=150.978 86.9091
internal_count=140 83
is_linear=0
shrinkage=0.0168771


Tree=342
num_leaves=3
num_cat=0
split_feature=0 0
split_gain=0.181195 0.148641
threshold=30.500000000000004 53.500000000000007
decision_type=2 2
left_child=-1 -2
right_child=1 -3
leaf_value=-0.00091445301297020105 0.00118183086189031 0
leaf_weight=34.480911493301392 41.960556507110596 75.487225532531738
leaf_count=34 40 66
internal_value=0 0.000411082
internal_weight=151.929 117.448
internal_count=140 106
is_linear=0
shrinkage=0.0168771


Tree=343
num_leaves=2
num_cat=0
split_feature=12
split_gain=0.162816
threshold=0.063445803093990061
decision_type=2
left_child=-1
right_child=-2
leaf_value=-0.00044930186447569024 0.00061379055247833003
leaf_weight=85.319911122322083 72.903962254524231
leaf_count=82 65
internal_value=0
internal_weight=158.224
internal_count=147
is_linear=0
shrinkage=0.0168771


Tree=344
num_leaves=2
num_cat=0
split_feature=8
split_gain=0.141246
threshold=-0.18024946633210806
decision_type=2
left_child=-1
right_child=-2
leaf_value=-0.00025881090707902208 0.00063528823567251364
leaf_weight=70 89.209190011024475
leaf_count=70 77
internal_value=0.000106313
internal_weight=159.209
internal_count=147
is_linear=0
shrinkage=0.0168771


Tree=345
num_leaves=2
num_cat=0
split_feature=0
split_gain=0.170761
threshold=35.500000000000007
decision_type=2
left_child=-1
right_child=-2
leaf_value=-0.0011283894569641573 0
leaf_weight=42.010174512863159 106.58268129825592
leaf_count=41 96
internal_value=-0.000237722
internal_weight=148.593
internal_count=137
is_linear=0
shrinkage=0.0168771


Tree=346
num_leaves=2
num_cat=0
split_feature=9
split_gain=0.126858
threshold=16.493571428571432
decision_type=2
left_child=-1
right_child=-2
leaf_value=-0.0012694085847315309 0.00017194672232175717
leaf_weight=17 133.84349143505096
leaf_count=17 123
internal_value=0
internal_weight=150.843
internal_count=140
is_linear=0
shrinkage=0.0168771


Tree=347
num_leaves=3
num_cat=0
split_feature=3 3
split_gain=0.138103 0.169989
threshold=0.37714285714285717 0.26928571428571441
decision_type=2 2
left_child=1 -1
right_child=-2 -3
leaf_value=-4.0213783057322539e-05 -0.00072687104752636341 0.00098715934057250166
leaf_weight=48.927017688751221 48.412480235099792 59.22471022605896
leaf_count=48 46 51
internal_value=0 0.00033168
internal_weight=156.564 108.152
internal_count=145 99
is_linear=0
shrinkage=0.0168771


Tree=348
num_leaves=2
num_cat=0
split_feature=12
split_gain=0.199773
threshold=0.063445803093990061
decision_type=2
left_child=-1
right_child=-2
leaf_value=-0.00087725492698346335 0.00015872947564956764
leaf_weight=81.590830087661743 72.678093910217285
leaf_count=79 65
internal_value=-0.000252672
internal_weight=154.269
internal_count=144
is_linear=0
shrinkage=0.0168771


Tree=349
num_leaves=2
num_cat=0
split_feature=2
split_gain=0.128352
threshold=0.44857142857142857
decision_type=2
left_child=-1
right_child=-2
leaf_value=-8.4117718370475784e-05 0.0016129546709247244
leaf_weight=149.37806189060211 10.723609924316404
leaf_count=138 9
internal_value=0
internal_weight=160.102
internal_count=147
is_linear=0
shrinkage=0.0168771


Tree=350
num_leaves=2
num_cat=0
split_feature=10
split_gain=0.128394
threshold=0.34428571428571436
decision_type=2
left_child=-1
right_child=-2
leaf_value=-0.00049559989019340553 0.0004371826120884731
leaf_weight=83.324652910232544 77.603232502937317
leaf_count=79 71
internal_value=0
internal_weight=160.928
internal_count=150
is_linear=0
shrinkage=0.0168771


Tree=351
num_leaves=3
num_cat=0
split_feature=13 13
split_gain=0.154204 0.204328
threshold=-0.19087103419619919 0.093626785651744898
decision_type=2 2
left_child=-1 -2
right_child=1 -3
leaf_value=0.0007618316555786359 -0.0012456026760813772 0
leaf_weight=52.29778516292572 42.25281822681427 58.237713932991028
leaf_count=42 42 56
internal_value=0 -0.000338928
internal_weight=152.788 100.491
internal_count=140 98
is_linear=0
shrinkage=0.0168771


Tree=352
num_leaves=2
num_cat=0
split_feature=13
split_gain=0.143897
threshold=-0.19087103419619919
decision_type=2
left_child=-1
right_child=-2
leaf_value=0.00045230421539183626 -0.00051323732509948362
leaf_weight=57.277273893356323 106.97444307804108
leaf_count=48 105
internal_value=-4.04141e-05
internal_weight=164.252
internal_count=153
is_linear=0
shrinkage=0.0168771


Tree=353
num_leaves=3
num_cat=0
split_feature=2 2
split_gain=0.23781 0.195486
threshold=0.44857142857142857 0.38071428571428584
decision_type=2 2
left_child=1 -1
right_child=-2 -3
leaf_value=0 0.001818332732928026 -0.0012023052733396605
leaf_weight=91.299442648887634 10.723609924316404 51.835386514663696
leaf_count=86 9 48
internal_value=-7.22024e-05 -0.0004008
internal_weight=153.858 143.135
internal_count=143 134
is_linear=0
shrinkage=0.0168771


Tree=354
num_leaves=2
num_cat=0
split_feature=2
split_gain=0.154819
threshold=0.44857142857142857
decision_type=2
left_child=-1
right_child=-2
leaf_value=-3.5497318369933853e-05 0.0017942031575744494
leaf_weight=151.11245405673981 10.723609924316404
leaf_count=139 9
internal_value=0
internal_weight=161.836
internal_count=148
is_linear=0
shrinkage=0.0168771


Tree=355
num_leaves=2
num_cat=0
split_feature=13
split_gain=0.224678
threshold=-0.19087103419619919
decision_type=2
left_child=-1
right_child=-2
leaf_value=0.0011596060363448172 0
leaf_weight=54.185710191726685 108.34027898311615
leaf_count=43 106
internal_value=0.000277997
internal_weight=162.526
internal_count=149
is_linear=0
shrinkage=0.0168771


Tree=356
num_leaves=2
num_cat=0
split_feature=13
split_gain=0.126833
threshold=-0.38615328583938019
decision_type=2
left_child=-1
right_child=-2
leaf_value=0.00068543806992550855 -0.00036336936354637909
leaf_weight=39.834289908409119 118.58294951915741
leaf_count=31 115
internal_value=0
internal_weight=158.417
internal_count=146
is_linear=0
shrinkage=0.0168771


Tree=357
num_leaves=2
num_cat=0
split_feature=13
split_gain=0.124013
threshold=-0.38615328583938019
decision_type=2
left_child=-1
right_child=-2
leaf_value=0.00097335973954125834 0
leaf_weight=37.125783920288086 121.32587337493896
leaf_count=29 118
internal_value=0.000127227
internal_weight=158.452
internal_count=147
is_linear=0
shrinkage=0.0168771


Tree=358
num_leaves=2
num_cat=0
split_feature=0
split_gain=0.12084
threshold=27.500000000000004
decision_type=2
left_child=-1
right_child=-2
leaf_value=-0.00054417007878185307 0.00044910510212266264
leaf_weight=30.480911493301392 129.59701490402222
leaf_count=30 118
internal_value=0.000116082
internal_weight=160.078
internal_count=148
is_linear=0
shrinkage=0.0168771


Tree=359
num_leaves=2
num_cat=0
split_feature=12
split_gain=0.131248
threshold=-0.11422526676739968
decision_type=2
left_child=-1
right_child=-2
leaf_value=-0.00067683614859418231 0.00018806332205493465
leaf_weight=73.957204103469849 86.621389269828796
leaf_count=72 76
internal_value=-7.81255e-05
internal_weight=160.579
internal_count=148
is_linear=0
shrinkage=0.0168771


Tree=360
num_leaves=2
num_cat=0
split_feature=11
split_gain=0.155683
threshold=20.260000000000002
decision_type=2
left_child=-1
right_child=-2
leaf_value=-0.0003910950867891001 0.00078503857353718362
leaf_weight=108.13376796245575 41.478232622146606
leaf_count=106 33
internal_value=0
internal_weight=149.612
internal_count=139
is_linear=0
shrinkage=0.0168771


Tree=361
num_leaves=2
num_cat=0
split_feature=0
split_gain=0.133549
threshold=42.500000000000007
decision_type=2
left_child=-1
right_child=-2
leaf_value=-0.0007392667106982621 0.00019121480260297105
leaf_weight=60.010174512863159 100.15500950813293
leaf_count=59 89
internal_value=-2.6929e-05
internal_weight=160.165
internal_count=148
is_linear=0
shrinkage=0.0168771


Tree=362
num_leaves=2
num_cat=0
split_feature=12
split_gain=0.138434
threshold=-0.39182605381522845
decision_type=2
left_child=-1
right_child=-2
leaf_value=-0.00042433804689855022 0.0005213474170345689
leaf_weight=58.200000047683716 102.67881381511688
leaf_count=58 90
internal_value=4.09013e-05
internal_weight=160.879
internal_count=148
is_linear=0
shrinkage=0.0168771


Tree=363
num_leaves=3
num_cat=0
split_feature=6 2
split_gain=0.177511 0.149054
threshold=16.675000000000001 0.23571428571428579
decision_type=2 2
left_child=1 -1
right_child=-2 -3
leaf_value=-0.0025919956453769144 0.00021529158698511313 0
leaf_weight=10.000000000000002 131.95329546928406 17.200000047683716
leaf_count=10 120 17
internal_value=0 -0.00121301
internal_weight=159.153 27.2
internal_count=147 27
is_linear=0
shrinkage=0.0168771


Tree=364
num_leaves=2
num_cat=0
split_feature=14
split_gain=0.125301
threshold=17.441428571428577
decision_type=2
left_child=-1
right_child=-2
leaf_value=-0.00063229272497562685 0.00036854055087456606
leaf_weight=46.480911493301392 114.46248733997345
leaf_count=46 103
internal_value=0
internal_weight=160.943
internal_count=149
is_linear=0
shrinkage=0.0168771


Tree=365
num_leaves=2
num_cat=0
split_feature=13
split_gain=0.140724
threshold=-0.36670848301478803
decision_type=2
left_child=-1
right_child=-2
leaf_value=0.00073875360825138001 -0.00037018847619977078
leaf_weight=40.598528265953064 116.29126405715942
leaf_count=32 113
internal_value=0
internal_weight=156.89
internal_count=145
is_linear=0
shrinkage=0.0168771


Tree=366
num_leaves=2
num_cat=0
split_feature=13
split_gain=0.122587
threshold=-0.19087103419619919
decision_type=2
left_child=-1
right_child=-2
leaf_value=0.0004167197842884531 -0.00049944323447161294
leaf_weight=55.360159516334534 96.740191578865051
leaf_count=45 96
internal_value=-1.98008e-05
internal_weight=152.1
internal_count=141
is_linear=0
shrinkage=0.0168771


Tree=367
num_leaves=3
num_cat=0
split_feature=13 13
split_gain=0.202819 0.117613
threshold=-0.19087103419619919 -0.46048612475067707
decision_type=2 2
left_child=1 -1
right_child=-2 -3
leaf_value=0 -0.00053401711702503573 0.0015233363947502762
leaf_weight=33.37072765827179 98.487069725990295 23.955535292625427
leaf_count=27 97 19
internal_value=0 0.000692073
internal_weight=155.813 57.3263
internal_count=143 46
is_linear=0
shrinkage=0.0168771


Tree=368
num_leaves=2
num_cat=0
split_feature=5
split_gain=0.173646
threshold=16.609285714285718
decision_type=2
left_child=-1
right_child=-2
leaf_value=-0.00091062129743650709 0.00043751493838679569
leaf_weight=27.200000047683716 126.5637344121933
leaf_count=27 115
internal_value=4.34482e-05
internal_weight=153.764
internal_count=142
is_linear=0
shrinkage=0.0168771


Tree=369
num_leaves=3
num_cat=0
split_feature=13 13
split_gain=0.138785 0.131687
threshold=-0.38615328583938019 -0.5228433100977441
decision_type=2 2
left_child=1 -1
right_child=-2 -3
leaf_value=0 -0.00011507894609650969 0.0021653081061219904
leaf_weight=27.89230740070343 123.99797022342682 13.176957368850706
leaf_count=23 120 9
internal_value=2.2775e-05 0.000928725
internal_weight=165.067 41.0693
internal_count=152 32
is_linear=0
shrinkage=0.0168771


Tree=370
num_leaves=2
num_cat=0
split_feature=10
split_gain=0.18368
threshold=0.26500000000000007
decision_type=2
left_child=-1
right_child=-2
leaf_value=-0.0011004564491449167 4.9928017543760173e-05
leaf_weight=42.802539229393005 106.17062723636627
leaf_count=42 96
internal_value=-0.000147775
internal_weight=148.973
internal_count=138
is_linear=0
shrinkage=0.0168771


Tree=371
num_leaves=4
num_cat=0
split_feature=5 5 5
split_gain=0.1329 0.147862 0.176182
threshold=16.609285714285718 19.316428571428574 20.281428571428574
decision_type=2 2 2
left_child=-1 -2 -3
right_child=1 2 -4
leaf_value=-0.0011052510397764801 0.00083399740745258865 -0.00092993924067530007 0.00059082763136323127
leaf_weight=22.200000047683716 67.521253108978271 44.09315025806427 25.249490141868591
leaf_count=22 64 41 20
internal_value=0 0.000226566 -6.44366e-05
internal_weight=159.064 136.864 69.3426
internal_count=147 125 61
is_linear=0
shrinkage=0.0168771


Tree=372
num_leaves=2
num_cat=0
split_feature=12
split_gain=0.129576
threshold=0.063445803093990061
decision_type=2
left_child=-1
right_child=-2
leaf_value=-0.00034024616481220403 0.00060853169565512676
leaf_weight=83.569173216819763 69.716642022132874
leaf_count=79 61
internal_value=0
internal_weight=153.286
internal_count=140
is_linear=0
shrinkage=0.0168771


Tree=373
num_leaves=3
num_cat=0
split_feature=13 13
split_gain=0.121902 0.123355
threshold=-0.38615328583938019 -0.5228433100977441
decision_type=2 2
left_child=1 -1
right_child=-2 -3
leaf_value=0 -0.00027131301516213058 0.0020307186566138479
leaf_weight=21.003158569335938 113.58334708213806 11.94601249694824
leaf_count=17 110 8
internal_value=0 0.000853847
internal_weight=146.533 32.9492
internal_count=135 25
is_linear=0
shrinkage=0.0168771


Tree=374
num_leaves=2
num_cat=0
split_feature=14
split_gain=0.13435
threshold=19.750714285714288
decision_type=2
left_child=-1
right_child=-2
leaf_value=-0.0004562111357963325 0.00050125743617034958
leaf_weight=114.6510865688324 52.298360347747803
leaf_count=111 43
internal_value=-2.08438e-05
internal_weight=166.949
internal_count=154
is_linear=0
shrinkage=0.0168771


Tree=375
num_leaves=3
num_cat=0
split_feature=2 0
split_gain=0.130425 0.127901
threshold=0.26714285714285718 35.500000000000007
decision_type=2 2
left_child=1 -1
right_child=-2 -3
leaf_value=-0.0012708434885970474 0.00034378737720075888 0
leaf_weight=34 115.21822690963745 11.999999999999998
leaf_count=34 103 12
internal_value=0 -0.00068851
internal_weight=161.218 46
internal_count=149 46
is_linear=0
shrinkage=0.0168771


Tree=376
num_leaves=2
num_cat=0
split_feature=2
split_gain=0.142767
threshold=0.44857142857142857
decision_type=2
left_child=-1
right_child=-2
leaf_value=-0.0003637339147820332 0.0012431240248306061
leaf_weight=139.664386510849 11.723609924316404
leaf_count=132 10
internal_value=-7.28785e-05
internal_weight=151.388
internal_count=142
is_linear=0
shrinkage=0.0168771


Tree=377
num_leaves=2
num_cat=0
split_feature=4
split_gain=0.163091
threshold=16.559285714285718
decision_type=2
left_child=-1
right_child=-2
leaf_value=-0.0011896446489440247 0.00028293382783971141
leaf_weight=22 136.91664433479309
leaf_count=22 124
internal_value=0
internal_weight=158.917
internal_count=146
is_linear=0
shrinkage=0.0168771


Tree=378
num_leaves=2
num_cat=0
split_feature=2
split_gain=0.128894
threshold=0.44857142857142857
decision_type=2
left_child=-1
right_child=-2
leaf_value=0 0.0016783808233923265
leaf_weight=140.24283063411713 10.723609924316404
leaf_count=129 9
internal_value=0.00010526
internal_weight=150.966
internal_count=138
is_linear=0
shrinkage=0.0168771


Tree=379
num_leaves=2
num_cat=0
split_feature=10
split_gain=0.121426
threshold=0.34428571428571436
decision_type=2
left_child=-1
right_child=-2
leaf_value=-0.00048504447874738859 0.00039933392559923065
leaf_weight=87.608948945999146 80.42057478427887
leaf_count=83 74
internal_value=0
internal_weight=168.03
internal_count=157
is_linear=0
shrinkage=0.0168771


Tree=380
num_leaves=5
num_cat=0
split_feature=3 13 13 13
split_gain=0.190896 0.154252 0.127461 0.179591
threshold=0.26928571428571441 0.4991853776705138 -0.21853981321360297 0.38875765553607372
decision_type=2 2 2 2
left_child=2 -2 -1 -4
right_child=1 -3 3 -5
leaf_value=0 0.00098683475630869711 0 -0.0019807898048154072 0
leaf_weight=16.200000047683716 78.76574969291687 25 24.247729063034058 9.7189328670501691
leaf_count=16 68 25 24 9
internal_value=4.6942e-05 0.000577732 -0.000600055 -0.00122581
internal_weight=153.932 103.766 50.1667 33.9667
internal_count=142 93 49 33
is_linear=0
shrinkage=0.0168771


Tree=381
num_leaves=2
num_cat=0
split_feature=2
split_gain=0.145725
threshold=0.38071428571428584
decision_type=2
left_child=-1
right_child=-2
leaf_value=0 -0.00094039987221068125
leaf_weight=101.24078512191772 57.827665328979492
leaf_count=95 54
internal_value=-0.000274549
internal_weight=159.068
internal_count=149
is_linear=0
shrinkage=0.0168771


Tree=382
num_leaves=2
num_cat=0
split_feature=13
split_gain=0.157636
threshold=-0.17114437094398352
decision_type=2
left_child=-1
right_child=-2
leaf_value=9.7615282945875205e-05 -0.00078996461541643134
leaf_weight=51.648072004318237 93.723891973495483
leaf_count=44 92
internal_value=-0.000327721
internal_weight=145.372
internal_count=136
is_linear=0
shrinkage=0.0168771


Tree=383
num_leaves=3
num_cat=0
split_feature=12 12
split_gain=0.118809 0.157422
threshold=-0.11422526676739968 1.4104885884693694
decision_type=2 2
left_child=-1 -2
right_child=1 -3
leaf_value=-0.0006702470720784695 0.00083842797356600905 -0.00040294185743404545
leaf_weight=70.095399141311646 56.128510355949402 30.438928723335266
leaf_count=69 46 29
internal_value=-8.06561e-05 0.000152496
internal_weight=156.663 86.5674
internal_count=144 75
is_linear=0
shrinkage=0.0168771


Tree=384
num_leaves=2
num_cat=0
split_feature=0
split_gain=0.186956
threshold=26.500000000000004
decision_type=2
left_child=-1
right_child=-2
leaf_value=-0.0011946659156682308 0.00021556494685709131
leaf_weight=30.221529603004456 125.32517266273499
leaf_count=30 115
internal_value=0
internal_weight=155.547
internal_count=145
is_linear=0
shrinkage=0.0168771


Tree=385
num_leaves=4
num_cat=0
split_feature=2 2 2
split_gain=0.122311 0.147657 0.127568
threshold=0.42928571428571433 0.38071428571428584 0.27428571428571435
decision_type=2 2 2
left_child=1 2 -1
right_child=-2 -3 -4
leaf_value=-0.00015657636024612261 0.0014258553777034978 -0.00087067756530778456 0.00079981472160888564
leaf_weight=42.221529603004456 14.191221237182615 48.051650524139404 57.601577877998352
leaf_count=42 12 45 50
internal_value=0 -2.01653e-05 0.000184122
internal_weight=162.066 147.875 99.8231
internal_count=149 137 92
is_linear=0
shrinkage=0.0168771


Tree=386
num_leaves=2
num_cat=0
split_feature=2
split_gain=0.226135
threshold=0.42928571428571433
decision_type=2
left_child=-1
right_child=-2
leaf_value=-1.4266320268395199e-05 0.0019083350733318993
leaf_weight=131.86765146255493 14.938403010368345
leaf_count=124 13
internal_value=6.49786e-05
internal_weight=146.806
internal_count=137
is_linear=0
shrinkage=0.0168771


Tree=387
num_leaves=2
num_cat=0
split_feature=2
split_gain=0.125304
threshold=0.44857142857142857
decision_type=2
left_child=-1
right_child=-2
leaf_value=0 0.0016183742716933914
leaf_weight=142.61152720451355 10.723609924316404
leaf_count=134 9
internal_value=1.37068e-05
internal_weight=153.335
internal_count=143
is_linear=0
shrinkage=0.0168771


Tree=388
num_leaves=2
num_cat=0
split_feature=8
split_gain=0.142605
threshold=-0.13087619000275263
decision_type=2
left_child=-1
right_child=-2
leaf_value=-0.00044682249999293311 0.00055395592317806651
leaf_weight=68.25281822681427 83.150429368019104
leaf_count=68 71
internal_value=0
internal_weight=151.403
internal_count=139
is_linear=0
shrinkage=0.0168771


Tree=389
num_leaves=2
num_cat=0
split_feature=2
split_gain=0.141011
threshold=0.27428571428571435
decision_type=2
left_child=-1
right_child=-2
leaf_value=-0.00078815898604019119 0.0002486085742905024
leaf_weight=49.221529603004456 122.93816864490509
leaf_count=49 110
internal_value=0
internal_weight=172.16
internal_count=159
is_linear=0
shrinkage=0.0168771


Tree=390
num_leaves=2
num_cat=0
split_feature=13
split_gain=0.263351
threshold=-0.38615328583938019
decision_type=2
left_child=-1
right_child=-2
leaf_value=0.0012255839225672274 -0.00027526876405966765
leaf_weight=40.477469682693481 126.87666165828705
leaf_count=31 123
internal_value=0
internal_weight=167.354
internal_count=154
is_linear=0
shrinkage=0.0168771


Tree=391
num_leaves=2
num_cat=0
split_feature=0
split_gain=0.202624
threshold=30.500000000000004
decision_type=2
left_child=-1
right_child=-2
leaf_value=-0.0010073410311640903 0.00040820110442404685
leaf_weight=32.429164886474609 128.21739137172699
leaf_count=32 114
internal_value=0
internal_weight=160.647
internal_count=146
is_linear=0
shrinkage=0.0168771


Tree=392
num_leaves=2
num_cat=0
split_feature=3
split_gain=0.119656
threshold=0.39214285714285718
decision_type=2
left_child=-1
right_child=-2
leaf_value=0.00014877534245532652 -0.00083164998982817521
leaf_weight=114.55000138282776 42.603705883026123
leaf_count=105 40
internal_value=0
internal_weight=157.154
internal_count=145
is_linear=0
shrinkage=0.0168771


Tree=393
num_leaves=2
num_cat=0
split_feature=2
split_gain=0.126282
threshold=0.44857142857142857
decision_type=2
left_child=-1
right_child=-2
leaf_value=0 0.0016286077795029527
leaf_weight=150.912761926651 10.723609924316404
leaf_count=139 9
internal_value=3.52102e-05
internal_weight=161.636
internal_count=148
is_linear=0
shrinkage=0.0168771


Tree=394
num_leaves=2
num_cat=0
split_feature=11
split_gain=0.154161
threshold=16.675000000000001
decision_type=2
left_child=-1
right_child=-2
leaf_value=-0.0011487282251711538 0.00028513022100758867
leaf_weight=22 132.80536890029907
leaf_count=22 121
internal_value=0
internal_weight=154.805
internal_count=143
is_linear=0
shrinkage=0.0168771


Tree=395
num_leaves=3
num_cat=0
split_feature=2 2
split_gain=0.163979 0.128253
threshold=0.38071428571428584 0.42928571428571433
decision_type=2 2
left_child=-1 -2
right_child=1 -3
leaf_value=0.00061840669366492699 -0.0010434510947959152 0
leaf_weight=92.296121716499329 40.806553483009338 15.544209361076353
leaf_count=85 38 14
internal_value=7.15512e-05 -0.000432231
internal_weight=148.647 56.3508
internal_count=137 52
is_linear=0
shrinkage=0.0168771


Tree=396
num_leaves=2
num_cat=0
split_feature=2
split_gain=0.134703
threshold=0.27428571428571435
decision_type=2
left_child=-1
right_child=-2
leaf_value=-0.00043503829131385987 0.00054378160416296783
leaf_weight=40 107.41632056236267
leaf_count=40 96
internal_value=0.000125777
internal_weight=147.416
internal_count=136
is_linear=0
shrinkage=0.0168771


Tree=397
num_leaves=2
num_cat=0
split_feature=6
split_gain=0.148483
threshold=16.675000000000001
decision_type=2
left_child=-1
right_child=-2
leaf_value=-0.0012130988490284117 8.5752399829010546e-05
leaf_weight=25.200000047683716 122.88324368000031
leaf_count=25 112
internal_value=-5.96174e-06
internal_weight=148.083
internal_count=137
is_linear=0
shrinkage=0.0168771


Tree=398
num_leaves=2
num_cat=0
split_feature=13
split_gain=0.1297
threshold=0.093626785651744898
decision_type=2
left_child=-1
right_child=-2
leaf_value=-0.00061430934037248958 0.00022946205663096713
leaf_weight=95.379596471786499 60.237713932991028
leaf_count=88 58
internal_value=-0.00014807
internal_weight=155.617
internal_count=146
is_linear=0
shrinkage=0.0168771


Tree=399
num_leaves=2
num_cat=0
split_feature=0
split_gain=0.123332
threshold=26.500000000000004
decision_type=2
left_child=-1
right_child=-2
leaf_value=-0.00095765823243278744 0.00021859844105962084
leaf_weight=28.429164886474609 130.67635309696198
leaf_count=28 117
internal_value=0
internal_weight=159.106
internal_count=145
is_linear=0
shrinkage=0.0168771


Tree=400
num_leaves=3
num_cat=0
split_feature=3 3
split_gain=0.237107 0.167604
threshold=0.26928571428571441 0.37714285714285717
decision_type=2 2
left_child=-1 -2
right_child=1 -3
leaf_value=-0.0008931267830954219 0.0010649507436141896 0
leaf_weight=46.927017688751221 63.673722982406616 47.955960988998413
leaf_count=46 55 45
internal_value=0 0.000492465
internal_weight=158.557 111.63
internal_count=146 100
is_linear=0
shrinkage=0.0168771


Tree=401
num_leaves=2
num_cat=0
split_feature=2
split_gain=0.149535
threshold=0.42928571428571433
decision_type=2
left_child=-1
right_child=-2
leaf_value=0 0.0016191591813201605
leaf_weight=134.99091231822968 17.191221237182617
leaf_count=125 15
internal_value=0.000255415
internal_weight=152.182
internal_count=140
is_linear=0
shrinkage=0.0168771


Tree=402
num_leaves=3
num_cat=0
split_feature=2 2
split_gain=0.136233 0.130727
threshold=0.44857142857142857 0.3635714285714286
decision_type=2 2
left_child=1 -1
right_child=-2 -3
leaf_value=0 0.0013470925757664361 -0.00095850452714975256
leaf_weight=90.43299126625061 10.723609924316404 53.074164748191833
leaf_count=84 9 50
internal_value=-3.0623e-05 -0.000311447
internal_weight=154.231 143.507
internal_count=143 134
is_linear=0
shrinkage=0.0168771


Tree=403
num_leaves=2
num_cat=0
split_feature=8
split_gain=0.125661
threshold=1.1491355188190939
decision_type=2
left_child=-1
right_child=-2
leaf_value=-0.00059715533133031338 0.00026467726239406795
leaf_weight=114.50677967071533 37.217626214027405
leaf_count=108 35
internal_value=-0.000239774
internal_weight=151.724
internal_count=143
is_linear=0
shrinkage=0.0168771


Tree=404
num_leaves=2
num_cat=0
split_feature=1
split_gain=0.135562
threshold=-1.3813095238095234
decision_type=2
left_child=-1
right_child=-2
leaf_value=0.0004021576471504039 -0.00052422986178989647
leaf_weight=64.067138195037842 98.488761305809021
leaf_count=57 94
internal_value=-2.29843e-05
internal_weight=162.556
internal_count=151
is_linear=0
shrinkage=0.0168771


Tree=405
num_leaves=2
num_cat=0
split_feature=13
split_gain=0.162657
threshold=-0.38615328583938019
decision_type=2
left_child=-1
right_child=-2
leaf_value=0.0011641445492181963 0
leaf_weight=33.94782018661499 116.5372371673584
leaf_count=25 113
internal_value=0.000153754
internal_weight=150.485
internal_count=138
is_linear=0
shrinkage=0.0168771


Tree=406
num_leaves=2
num_cat=0
split_feature=13
split_gain=0.128657
threshold=-0.38615328583938019
decision_type=2
left_child=-1
right_child=-2
leaf_value=0.00096665288513570781 0
leaf_weight=40.216286540031433 128.09029912948608
leaf_count=31 124
internal_value=0.000146127
internal_weight=168.307
internal_count=155
is_linear=0
shrinkage=0.0168771


Tree=407
num_leaves=3
num_cat=0
split_feature=2 2
split_gain=0.132582 0.160727
threshold=0.42928571428571433 0.38071428571428584
decision_type=2 2
left_child=1 -1
right_child=-2 -3
leaf_value=0.00018150840046842964 0.0013657803308945375 -0.0010024475553294708
leaf_weight=103.14651489257812 17.406014323234558 39.16777515411377
leaf_count=95 15 36
internal_value=2.96318e-05 -3.55467e-06
internal_weight=159.72 142.314
internal_count=146 131
is_linear=0
shrinkage=0.0168771


end of trees

feature_importances:
Column_13=286
Column_1=164
Column_10=154
Column_3=150
Column_2=114
Column_0=113
Column_8=100
Column_12=91
Column_9=58
Column_5=56
Column_11=56
Column_6=50
Column_7=41
Column_4=34
Column_14=30

parameters:
[boosting: gbdt]
[objective: regression]
[metric: l1]
[tree_learner: serial]
[device_type: cpu]
[data_sample_strategy: bagging]
[data: ]
[valid: ]
[num_iterations: 3000]
[learning_rate: 0.0168771]
[num_leaves: 26]
[num_threads: -1]
[seed: 49]
[deterministic: 0]
[force_col_wise: 0]
[force_row_wise: 0]
[histogram_pool_size: -1]
[max_depth: 4]
[min_data_in_leaf: 10]
[min_sum_hessian_in_leaf: 0.001]
[bagging_fraction: 0.743593]
[pos_bagging_fraction: 1]
[neg_bagging_fraction: 1]
[bagging_freq: 1]
[bagging_seed: 49]
[bagging_by_query: 0]
[feature_fraction: 0.681046]
[feature_fraction_bynode: 1]
[feature_fraction_seed: 1891]
[extra_trees: 0]
[extra_seed: 7599]
[early_stopping_round: 0]
[early_stopping_min_delta: 0]
[first_metric_only: 0]
[max_delta_step: 0]
[lambda_l1: 1.32832]
[lambda_l2: 2.91472]
[linear_lambda: 0]
[min_gain_to_split: 0.117378]
[drop_rate: 0.1]
[max_drop: 50]
[skip_drop: 0.5]
[xgboost_dart_mode: 0]
[uniform_drop: 0]
[drop_seed: 11846]
[top_rate: 0.2]
[other_rate: 0.1]
[min_data_per_group: 100]
[max_cat_threshold: 32]
[cat_l2: 10]
[cat_smooth: 10]
[max_cat_to_onehot: 4]
[top_k: 20]
[monotone_constraints: ]
[monotone_constraints_method: basic]
[monotone_penalty: 0]
[feature_contri: ]
[forcedsplits_filename: ]
[refit_decay_rate: 0.9]
[cegb_tradeoff: 1]
[cegb_penalty_split: 0]
[cegb_penalty_feature_lazy: ]
[cegb_penalty_feature_coupled: ]
[path_smooth: 0]
[interaction_constraints: ]
[verbosity: -1]
[saved_feature_importance_type: 0]
[use_quantized_grad: 0]
[num_grad_quant_bins: 4]
[quant_train_renew_leaf: 0]
[stochastic_rounding: 1]
[linear_tree: 0]
[max_bin: 255]
[max_bin_by_feature: ]
[min_data_in_bin: 3]
[bin_construct_sample_cnt: 200000]
[data_random_seed: 198]
[is_enable_sparse: 1]
[enable_bundle: 1]
[use_missing: 1]
[zero_as_missing: 0]
[feature_pre_filter: 1]
[pre_partition: 0]
[two_round: 0]
[header: 0]
[label_column: ]
[weight_column: ]
[group_column: ]
[ignore_column: ]
[categorical_feature: ]
[forcedbins_filename: ]
[precise_float_parser: 0]
[parser_config_file: ]
[objective_seed: 22749]
[num_class: 1]
[is_unbalance: 0]
[scale_pos_weight: 1]
[sigmoid: 1]
[boost_from_average: 1]
[reg_sqrt: 0]
[alpha: 0.9]
[fair_c: 1]
[poisson_max_delta_step: 0.7]
[tweedie_variance_power: 1.5]
[lambdarank_truncation_level: 30]
[lambdarank_norm: 1]
[label_gain: ]
[lambdarank_position_bias_regularization: 0]
[eval_at: ]
[multi_error_top_k: 1]
[auc_mu_weights: ]
[num_machines: 1]
[local_listen_port: 12400]
[time_out: 120]
[machine_list_filename: ]
[machines: ]
[gpu_platform_id: -1]
[gpu_device_id: -1]
[gpu_use_dp: 0]
[num_gpu: 1]

end of parameters

pandas_categorical:null
