tree
version=v4
num_class=1
num_tree_per_iteration=1
label_index=0
max_feature_idx=11
objective=regression_l1
feature_names=temp_max_lag_2 temp_max temp_max_lag_5 temp_max_lag_3 temp_max_lag_1 temp_max_lag_4 temp soi_lag_8 temp_max_lag_6 temp_max_lag_7 temp_max_lag_8 temp_lag_1
feature_infos=[27.55142857142857:38.982857142857142] [27.55142857142857:38.982857142857142] [27.55142857142857:38.982857142857142] [27.55142857142857:38.982857142857142] [27.55142857142857:38.982857142857142] [27.55142857142857:38.982857142857142] [25.158571428571431:32.627142857142857] [-37.689999999999998:34.645714285714277] [27.55142857142857:38.982857142857142] [27.55142857142857:38.982857142857142] [27.55142857142857:38.982857142857142] [25.158571428571431:32.627142857142857]
tree_sizes=620 650 649 446 548 645 644 646 660 562 660 662 561 564 463 657 730 655 462 558 545 665 759 667 749 745 650 662 660 660 761 660 662 660 663 666 735 632 563 654 761 663 662 652 747 748 755 762 660 662 649 761 739 740 648 665 658 762 765 752 751 748 764 741 748 753 765 758 655 739 748 767 645 658 566 653 738 765 751 750 653 650 650 663 850 870 750 747 650 651 759 754 633 665 734 729 752 766 748 734 745 765 725 744 746 649 765 650 655 734 738 644 643 745 757 654 657 639 641 737 659 660 663 661 657 630 632 647 657 671 672 767 755 762 751 761 557 644 758 654 774 772 641 743 670 653 756 658 770 769 769 770 731 759 762 769 657 734 719 641 652 752 657 633 657 674 761 672 768 647 661 763 732 730 646 656 662 765 766 653 765 658 659 656 728 757 855 755 757 756 753 770 772 663 652 668 745 649 658 648 740 668 671 664 859 665 739 663 745 650 746 655 750 758 657 650 674 648 650 765 769 658 659 670 744 661 758 759 761 665 857 771 758 761 655 770 757 765 746 661 754 771 758 752 667

Tree=0
num_leaves=5
num_cat=0
split_feature=7 8 3 6
split_gain=16.4554 11.2338 3.7397 1.13938
threshold=8.3307142857142882 32.228571428571435 29.430714285714291 26.609285714285718
decision_type=2 2 2 2
left_child=1 2 -1 -2
right_child=3 -3 -4 -5
leaf_value=18.993494177765136 18.804825224376444 18.747357096515433 19.27053392949524 18.789644965601276
leaf_weight=33.700000166893005 31.950000047683716 37.350000023841858 56.950000405311584 32.600000143051147
leaf_count=31 31 37 50 30
internal_value=19 19.0041 19.0085 18.9909
internal_weight=192.55 128 90.65 64.55
internal_count=179 118 81 61
is_linear=0
shrinkage=1


Tree=1
num_leaves=5
num_cat=0
split_feature=7 9 6 3
split_gain=18.0903 9.96875 1.13938 0.726015
threshold=8.3307142857142882 31.548571428571432 26.609285714285718 29.430714285714291
decision_type=2 2 2 2
left_child=1 3 -2 -1
right_child=2 -3 -4 -5
leaf_value=-0.00022632440902164365 -0.19094219861914496 -0.18969593984572511 -0.20579325699427287 0.3080392797462766
leaf_weight=33.700000166893005 31.950000047683716 41.350000023841858 32.600000143051147 52.950000405311584
leaf_count=31 31 41 30 46
internal_value=0 0.00476404 -0.00909392 0.0090775
internal_weight=192.55 128 64.55 86.65
internal_count=179 118 61 77
is_linear=0
shrinkage=0.0216861


Tree=2
num_leaves=5
num_cat=0
split_feature=7 5 6 5
split_gain=18.0903 12.7491 1.13938 1.09157
threshold=8.3307142857142882 32.228571428571435 26.609285714285718 29.422142857142862
decision_type=2 2 2 2
left_child=1 3 -2 -1
right_child=2 -3 -4 -5
leaf_value=-0.032010448497495896 -0.18680140964441608 -0.22598692290951952 -0.20133040668775085 0.26232415799552239
leaf_weight=36.300000190734863 31.950000047683716 36.350000023841858 32.600000143051147 55.350000381469727
leaf_count=33 31 36 30 49
internal_value=0 0.00476404 -0.00909392 0.00928642
internal_weight=192.55 128 64.55 91.65
internal_count=179 118 61 82
is_linear=0
shrinkage=0.0216861


Tree=3
num_leaves=3
num_cat=0
split_feature=7 2
split_gain=17.2422 12.178
threshold=8.3307142857142882 31.955714285714283
decision_type=2 2
left_child=1 -1
right_child=-2 -3
leaf_value=0.21390597818390986 -0.19680589422719105 -0.22108615102366136
leaf_weight=89.65000057220459 64.550000190734863 38.350000023841858
leaf_count=80 61 38
internal_value=0 0.0044317
internal_weight=192.55 128
internal_count=179 118
is_linear=0
shrinkage=0.0216861


Tree=4
num_leaves=4
num_cat=0
split_feature=5 7 3
split_gain=16.5465 19.7003 2.19397
threshold=31.820000000000011 11.887857142857142 29.728571428571431
decision_type=2 2 2
left_child=1 2 -1
right_child=-2 -3 -4
leaf_value=0.17976218921728543 -0.23344852472326877 -0.15679638241283217 0.36199804532145285
leaf_weight=52.300000309944153 73.350000143051147 35.900000095367432 52.450000405311584
leaf_count=47 71 34 45
internal_value=0 0.00413857 0.00918337
internal_weight=214 140.65 104.75
internal_count=197 126 92
is_linear=0
shrinkage=0.0216861


Tree=5
num_leaves=5
num_cat=0
split_feature=4 7 7 4
split_gain=15.72 13.6918 2.30038 0.440537
threshold=31.820000000000011 11.887857142857142 2.4500000000000011 29.538571428571434
decision_type=2 2 2 2
left_child=1 3 -2 -1
right_child=2 -3 -4 -5
leaf_value=0.22932418717842834 -0.094871887608480754 -0.13170999637065811 -0.27975617944728121 0.16672149971963912
leaf_weight=51.850000381469727 31.650000095367432 34.25000011920929 39.950000047683716 56.300000309944153
leaf_count=45 30 32 39 51
internal_value=0 0.00435048 -0.00792153 0.00839167
internal_weight=214 142.4 71.6 108.15
internal_count=197 128 69 96
is_linear=0
shrinkage=0.0216861


Tree=6
num_leaves=5
num_cat=0
split_feature=5 7 3 2
split_gain=14.3177 18.7791 3.26887 1.48116
threshold=31.820000000000011 11.887857142857142 29.728571428571431 35.31071428571429
decision_type=2 2 2 2
left_child=1 2 -1 -2
right_child=3 -3 -4 -5
leaf_value=0.16973674082988136 -0.2438800761423075 -0.15053980821893964 0.35158433306570597 -0.18862161240148653
leaf_weight=52.300000309944153 47.00000011920929 35.900000095367432 52.450000405311584 26.350000023841858
leaf_count=47 45 34 45 26
internal_value=0 0.0038356 0.00877899 -0.00781026
internal_weight=214 140.65 104.75 73.35
internal_count=197 126 92 71
is_linear=0
shrinkage=0.0216861


Tree=7
num_leaves=5
num_cat=0
split_feature=8 7 9 11
split_gain=15.0461 16.4353 2.78961 1.50953
threshold=32.228571428571435 11.887857142857142 34.857142857142861 27.049285714285713
decision_type=2 2 2 2
left_child=1 3 -2 -1
right_child=2 -3 -4 -5
leaf_value=0.23383517299399237 -0.25890393429614078 -0.15540746998938026 -0.24061162021134416 0.018608582059548889
leaf_weight=74.450000524520874 37.700000047683716 37.25000011920929 28.350000023841858 36.250000238418579
leaf_count=65 37 35 28 32
internal_value=0 0.00383687 -0.00842047 0.008308
internal_weight=214 147.95 66.05 110.7
internal_count=197 132 65 97
is_linear=0
shrinkage=0.0216861


Tree=8
num_leaves=5
num_cat=0
split_feature=7 8 11 11
split_gain=15.145 18.2528 3.10168 1.46956
threshold=15.045714285714288 31.820000000000011 26.129285714285718 27.065000000000001
decision_type=2 2 2 2
left_child=1 2 -1 -4
right_child=-2 -3 3 -5
leaf_value=-0.035129508385576436 -0.2068637852729546 -0.18026192268525162 0.23793905096362267 0.07390833745308599
leaf_weight=29.350000143051147 35.700000047683716 60.350000143051147 57.800000429153442 29.700000166893005
leaf_count=27 35 58 50 27
internal_value=-0.000379556 0.00191512 0.00718042 0.00919657
internal_weight=212.9 177.2 116.85 87.5
internal_count=197 162 104 77
is_linear=0
shrinkage=0.0216861


Tree=9
num_leaves=4
num_cat=0
split_feature=5 11 11
split_gain=15.2853 14.942 1.43566
threshold=31.820000000000011 26.047142857142859 27.117142857142859
decision_type=2 2 2
left_child=1 -1 -3
right_child=-2 2 -4
leaf_value=-0.11794944266993583 -0.21126315083748931 0.22498595699125309 0.072084203555418683
leaf_weight=37.650000095367432 68.100000143051147 76.800000548362732 30.350000143051147
leaf_count=36 66 67 28
internal_value=-0.000178207 0.00345519 0.00787491
internal_weight=212.9 144.8 107.15
internal_count=197 131 95
is_linear=0
shrinkage=0.0216861


Tree=10
num_leaves=5
num_cat=0
split_feature=5 11 11 2
split_gain=14.6237 14.1361 1.11316 2.10017
threshold=31.820000000000011 26.047142857142859 27.117142857142859 29.460714285714289
decision_type=2 2 2 2
left_child=1 -1 3 -3
right_child=-2 2 -4 -5
leaf_value=-0.11539158089126603 -0.20668167994168571 0.017308999692453794 0.07052097930487071 0.2969219051183174
leaf_weight=37.650000095367432 68.100000143051147 31.900000214576721 30.350000143051147 44.900000333786011
leaf_count=36 66 28 28 39
internal_value=-0.000379556 0.00316076 0.00747938 0.00915217
internal_weight=212.9 144.8 107.15 76.8
internal_count=197 131 95 67
is_linear=0
shrinkage=0.0216861


Tree=11
num_leaves=5
num_cat=0
split_feature=7 8 11 11
split_gain=15.572 19.2353 3.48449 1.94877
threshold=15.045714285714288 31.820000000000011 26.129285714285718 27.065000000000001
decision_type=2 2 2 2
left_child=1 2 -1 -4
right_child=-2 -3 3 -5
leaf_value=-0.026343592568452506 -0.19989856402901218 -0.17517977612783375 0.22085457566751945 0.069213006592349344
leaf_weight=29.350000143051147 35.700000047683716 60.350000143051147 57.800000429153442 29.700000166893005
leaf_count=27 35 58 50 27
internal_value=-0.000178207 0.00215647 0.0075438 0.00967845
internal_weight=212.9 177.2 116.85 87.5
internal_count=197 162 104 77
is_linear=0
shrinkage=0.0216861


Tree=12
num_leaves=4
num_cat=0
split_feature=2 6 2
split_gain=14.806 6.34563 0.289579
threshold=31.820000000000011 26.129285714285718 29.422142857142862
decision_type=2 2 2
left_child=1 -1 -3
right_child=-2 2 -4
leaf_value=-0.12454663630797691 -0.20999007568873257 -0.14072132934150189 0.11074252993495307
leaf_weight=48.25000011920929 63.350000143051147 30.250000238418579 64.300000429153442
leaf_count=46 61 26 57
internal_value=-0.000885509 0.00260729 0.00608194
internal_weight=206.15 142.8 94.55
internal_count=190 129 83
is_linear=0
shrinkage=0.0216861


Tree=13
num_leaves=4
num_cat=0
split_feature=5 7 5
split_gain=15.3289 13.0772 2.50717
threshold=31.820000000000011 11.352857142857147 29.422142857142862
decision_type=2 2 2
left_child=1 2 -1
right_child=-2 -3 -4
leaf_value=0.0045124109876890032 -0.22305471117892867 -0.12732274318033121 0.20569795121313972
leaf_weight=43.350000262260437 60.00000011920929 41.600000143051147 61.200000405311584
leaf_count=39 58 39 54
internal_value=-0.000677646 0.00274547 0.00713436
internal_weight=206.15 146.15 104.55
internal_count=190 132 93
is_linear=0
shrinkage=0.0216861


Tree=14
num_leaves=3
num_cat=0
split_feature=8 7
split_gain=16.954 10.3864
threshold=32.228571428571435 11.887857142857142
decision_type=2 2
left_child=1 -1
right_child=-2 -3
leaf_value=0.13025375260466385 -0.20546742458045991 -0.12456161119899818
leaf_weight=108.15000069141388 58.400000095367432 39.600000143051147
leaf_count=96 57 37
internal_value=-0.000885509 0.00265851
internal_weight=206.15 147.75
internal_count=190 133
is_linear=0
shrinkage=0.0216861


Tree=15
num_leaves=5
num_cat=0
split_feature=7 5 5 6
split_gain=14.4547 10.5371 1.31879 1.17964
threshold=10.022857142857145 32.228571428571435 29.422142857142862 26.686428571428578
decision_type=2 2 2 2
left_child=1 2 -1 -2
right_child=3 -3 -4 -5
leaf_value=0.096579839854549848 -0.1881511903565703 -0.27692648113401563 0.1942213173044805 -0.1433527949901178
leaf_weight=42.350000262260437 30.700000047683716 34.700000047683716 60.950000405311584 37.450000166893005
leaf_count=38 30 34 54 34
internal_value=-0.000469783 0.00319025 0.00696245 -0.00875335
internal_weight=206.15 138 103.3 68.15
internal_count=190 126 92 64
is_linear=0
shrinkage=0.0216861


Tree=16
num_leaves=6
num_cat=0
split_feature=5 5 6 10 5
split_gain=19.9506 10.7117 9.52364 2.93027 0.415557
threshold=32.587857142857146 29.422142857142862 26.129285714285718 30.349285714285713 34.857142857142861
decision_type=2 2 2 2 2
left_child=1 2 -1 -3 -2
right_child=4 3 -4 -5 -6
leaf_value=-0.15110358793197121 -0.29954773040837168 0.30960105391638709 0.39439995480761891 0.29600111269523321 -0.33690202268418168
leaf_weight=32.300000071525574 30.350000023841858 50.950000405311584 32.550000309944153 36.200000286102295 26
leaf_count=31 30 44 27 31 26
internal_value=0.00133908 0.0057083 0 0.0105991 -0.00896077
internal_weight=208.35 152 64.85 87.15 56.35
internal_count=189 133 58 75 56
is_linear=0
shrinkage=0.0216861


Tree=17
num_leaves=5
num_cat=0
split_feature=8 5 9 10
split_gain=21.6808 13.8131 4.7702 3.54026
threshold=32.228571428571435 29.422142857142862 29.132857142857144 29.860000000000003
decision_type=2 2 2 2
left_child=1 2 -1 -3
right_child=-2 3 -4 -5
leaf_value=-0.13668512043592879 -0.20275457081102197 0.34513095478999167 0.23180499426491305 0.19277343235720562
leaf_weight=27.650000095367432 62.050000071525574 37.900000333786011 34.850000262260437 45.900000333786011
leaf_count=26 61 32 30 40
internal_value=0.00113339 0.00597068 -0.00072394 0.0116763
internal_weight=208.35 146.3 62.5 83.8
internal_count=189 128 56 72
is_linear=0
shrinkage=0.0216861


Tree=18
num_leaves=3
num_cat=0
split_feature=8 11
split_gain=21.6808 15.9769
threshold=32.228571428571435 25.998571428571427
decision_type=2 2
left_child=1 -1
right_child=-2 -3
leaf_value=-0.11192686727785568 -0.19835761771494506 0.37836805405614526
leaf_weight=35.650000095367432 62.050000071525574 110.65000092983246
leaf_count=34 61 94
internal_value=0.00113339 0.00597068
internal_weight=208.35 146.3
internal_count=189 128
is_linear=0
shrinkage=0.0216861


Tree=19
num_leaves=4
num_cat=0
split_feature=8 11 10
split_gain=18.1884 15.7622 2.72033
threshold=32.228571428571435 26.100000000000005 30.055000000000003
decision_type=2 2 2
left_child=1 -1 -3
right_child=-2 2 -4
leaf_value=-0.13440778606794743 -0.19405601732264083 0.34227786691144829 0.15665120466567756
leaf_weight=48.300000190734863 62.050000071525574 55.550000548362732 42.450000286102295
leaf_count=45 61 46 37
internal_value=0.000927694 0.00538775 0.0105014
internal_weight=208.35 146.3 98
internal_count=189 128 83
is_linear=0
shrinkage=0.0216861


Tree=20
num_leaves=4
num_cat=0
split_feature=7 6 9
split_gain=10.947 5.7188 4.05607
threshold=8.3307142857142882 26.523571428571433 31.548571428571432
decision_type=2 2 2
left_child=2 -2 -1
right_child=1 -3 -4
leaf_value=0.17641072993691975 -0.17300681650491814 -0.1350735315478418 -0.097099357325394625
leaf_weight=89.950000643730164 28 55.700000286102295 46.400000095367432
leaf_count=79 28 50 45
internal_value=-0.000450187 -0.00678452 0.00297047
internal_weight=220.05 83.7 136.35
internal_count=202 78 124
is_linear=0
shrinkage=0.0216861


Tree=21
num_leaves=5
num_cat=0
split_feature=9 11 11 1
split_gain=9.03566 8.01029 1.81219 1.35253
threshold=31.820000000000011 26.129285714285718 27.049285714285713 31.67785714285715
decision_type=2 2 2 2
left_child=1 -1 -3 -2
right_child=3 2 -4 -5
leaf_value=-0.059592147576917144 -0.10120995003003327 0.29024457800180864 0.032861897411442444 -0.25249822306573627
leaf_weight=43.350000143051147 27.050000071525574 62.350000500679016 39.600000262260437 47.700000047683716
leaf_count=41 26 53 35 47
internal_value=-0.000450187 0.00234311 0.00594173 -0.00671435
internal_weight=220.05 145.3 101.95 74.75
internal_count=202 129 88 73
is_linear=0
shrinkage=0.0216861


Tree=22
num_leaves=6
num_cat=0
split_feature=9 0 6 9 4
split_gain=9.03566 7.89661 4.26493 1.09983 0.175786
threshold=31.820000000000011 29.430714285714291 26.082857142857147 34.857142857142861 30.260000000000009
decision_type=2 2 2 2 2
left_child=1 2 -1 -2 -3
right_child=3 4 -4 -5 -6
leaf_value=-0.16837031680927583 -0.20438626630388082 0.2835381479861443 0.088829502140221769 -0.19521039741971236 0.014368093508337138
leaf_weight=29.700000047683716 41.400000095367432 42.650000333786011 30.900000214576721 33.350000023841858 42.050000309944153
leaf_count=29 40 37 27 33 36
internal_value=-0.000450187 0.00234311 -0.0027732 -0.00671435 0.00680619
internal_weight=220.05 145.3 60.6 74.75 84.7
internal_count=202 129 56 73 73
is_linear=0
shrinkage=0.0216861


Tree=23
num_leaves=5
num_cat=0
split_feature=0 11 11 0
split_gain=8.61315 7.33448 2.10844 1.64808
threshold=31.820000000000011 25.998571428571427 29.235714285714288 29.430714285714291
decision_type=2 2 2 2
left_child=1 -1 -2 -3
right_child=2 3 -4 -5
leaf_value=-0.061990694461480603 -0.19997245281375525 0.086334888014092656 -0.13955574136275081 0.25206020560119757
leaf_weight=32.050000071525574 47.600000143051147 36.250000238418579 26.350000023841858 77.800000548362732
leaf_count=31 45 32 26 68
internal_value=-0.000255306 0.00244724 -0.00644424 0.00534352
internal_weight=220.05 146.1 73.95 114.05
internal_count=202 131 71 100
is_linear=0
shrinkage=0.0216861


Tree=24
num_leaves=6
num_cat=0
split_feature=10 7 7 8 8
split_gain=10.2354 7.51983 2.43095 2.26771 1.44919
threshold=32.587857142857146 15.74 4.7521428571428581 31.477142857142862 29.132857142857144
decision_type=2 2 2 2 2
left_child=1 3 -2 4 -1
right_child=2 -3 -4 -5 -6
leaf_value=0.020024731803047442 -0.19290438914023245 -0.18544220274517226 -0.21959587783457246 -0.017234203520634837 0.17491748018762066
leaf_weight=33.150000214576721 27.700000047683716 28.550000071525574 30.600000023841858 28.700000166893005 58.550000429153442
leaf_count=29 27 27 30 26 51
internal_value=-0.000973913 0.0016638 -0.00869124 0.00442343 0.00607027
internal_weight=207.25 148.95 58.3 120.4 91.7
internal_count=190 133 57 106 80
is_linear=0
shrinkage=0.0216861


Tree=25
num_leaves=6
num_cat=0
split_feature=2 7 2 7 6
split_gain=9.17661 8.56254 3.02954 2.79894 0.349265
threshold=31.820000000000011 15.74 30.21285714285715 6.6350000000000007 26.402142857142859
decision_type=2 2 2 2 2
left_child=1 2 4 -2 -1
right_child=3 -3 -4 -5 -6
leaf_value=-0.047353966361637245 -0.10126632764828508 -0.18142068715495815 0.1513929826084118 -0.2031534740136039 0.073027223302547351
leaf_weight=34.050000190734863 40.400000095367432 28.550000071525574 30.750000238418579 29.950000047683716 43.550000309944153
leaf_count=31 39 27 26 29 38
internal_value=-0.000767141 0.00211095 0.00528571 -0.0072389 0.0016974
internal_weight=207.25 136.9 108.35 70.35 77.6
internal_count=190 122 95 68 69
is_linear=0
shrinkage=0.0216861


Tree=26
num_leaves=5
num_cat=0
split_feature=10 7 7 3
split_gain=10.2354 7.51983 2.43095 1.00581
threshold=32.587857142857146 15.74 4.7521428571428581 29.430714285714291
decision_type=2 2 2 2
left_child=1 3 -2 -1
right_child=2 -3 -4 -5
leaf_value=0.055926635051872238 -0.19282604780655577 -0.1774863824984092 -0.21232863845006156 0.090572765575834324
leaf_weight=42.950000286102295 27.700000047683716 28.550000071525574 30.600000023841858 77.450000524520874
leaf_count=38 27 27 30 68
internal_value=-0.000973913 0.0016638 -0.00869124 0.00442343
internal_weight=207.25 148.95 58.3 120.4
internal_count=190 133 57 106
is_linear=0
shrinkage=0.0216861


Tree=27
num_leaves=5
num_cat=0
split_feature=8 7 1 1
split_gain=10.4062 7.49908 3.20128 2.38254
threshold=31.820000000000011 16.40785714285715 31.914999999999999 29.747857142857146
decision_type=2 2 2 2
left_child=1 3 -2 -1
right_child=2 -3 -4 -5
leaf_value=0.003231122711925273 -0.011730778041431788 -0.14873212372242853 -0.20257336412274901 0.19053808986240489
leaf_weight=61.500000357627869 27.650000095367432 27.550000071525574 42.700000047683716 47.850000381469727
leaf_count=56 26 26 42 40
internal_value=-0.000973913 0.00211095 -0.0078342 0.00504459
internal_weight=207.25 136.9 70.35 109.35
internal_count=190 122 68 96
is_linear=0
shrinkage=0.0216861


Tree=28
num_leaves=5
num_cat=0
split_feature=7 10 9 0
split_gain=10.675 3.04476 2.63567 2.42477
threshold=8.3307142857142882 31.820000000000011 31.820000000000011 29.430714285714291
decision_type=2 2 2 2
left_child=2 -2 3 -1
right_child=1 -3 -4 -5
leaf_value=-0.057521342141497879 -0.081127036371787725 -0.19785880461636784 -0.18863416826432378 0.26896601758892541
leaf_weight=34.450000166893005 49.500000238418579 27.600000023841858 45.400000095367432 49.950000405311584
leaf_count=32 45 27 44 43
internal_value=-0.00101179 -0.00751045 0.00237175 0.00475858
internal_weight=206.9 77.1 129.8 84.4
internal_count=191 72 119 75
is_linear=0
shrinkage=0.0216861


Tree=29
num_leaves=5
num_cat=0
split_feature=7 4 9 0
split_gain=9.50743 3.33293 2.63567 2.42477
threshold=8.3307142857142882 32.022857142857148 31.820000000000011 29.430714285714291
decision_type=2 2 2 2
left_child=2 -2 3 -1
right_child=1 -3 -4 -5
leaf_value=-0.056273929358605347 -0.079367708469469084 -0.1939252838419967 -0.18454343143477642 0.26313319735189422
leaf_weight=34.450000166893005 50.500000238418579 26.600000023841858 45.400000095367432 49.950000405311584
leaf_count=32 46 26 44 43
internal_value=-0.000804668 -0.00696562 0.00237175 0.00475858
internal_weight=206.9 77.1 129.8 84.4
internal_count=191 72 119 75
is_linear=0
shrinkage=0.0216861


Tree=30
num_leaves=6
num_cat=0
split_feature=7 5 2 1 7
split_gain=9.50743 4.75682 4.80235 3.70586 0.373909
threshold=8.3307142857142882 32.228571428571435 30.170714285714293 31.67785714285715 -0.81714285714285684
decision_type=2 2 2 2 2
left_child=1 2 4 -2 -1
right_child=3 -3 -4 -5 -6
leaf_value=-0.048401844008621818 -0.090393425667001079 -0.17432410608352727 0.23249515701729903 -0.18980911900256386 0.1908313719950426
leaf_weight=29.700000166893005 50.750000238418579 37.350000023841858 29.600000262260437 26.350000023841858 33.150000214576721
leaf_count=27 46 37 25 26 30
internal_value=-0.000804668 0.00237175 0.0052801 -0.00696562 0.000504389
internal_weight=206.9 129.8 92.45 77.1 62.85
internal_count=191 119 82 72 57
is_linear=0
shrinkage=0.0216861


Tree=31
num_leaves=5
num_cat=0
split_feature=7 0 9 0
split_gain=8.93268 2.83333 2.21122 1.91289
threshold=8.3307142857142882 31.820000000000011 31.820000000000011 29.430714285714291
decision_type=2 2 2 2
left_child=2 -2 3 -1
right_child=1 -3 -4 -5
leaf_value=-0.059191953655832658 -0.075686253884503965 -0.17470328000888405 -0.18031098829419817 0.25328848257819059
leaf_weight=34.450000166893005 47.150000214576721 29.950000047683716 45.400000095367432 49.950000405311584
leaf_count=32 43 29 44 43
internal_value=-0.00101179 -0.00696562 0.00204394 0.00425952
internal_weight=206.9 77.1 129.8 84.4
internal_count=191 72 119 75
is_linear=0
shrinkage=0.0216861


Tree=32
num_leaves=5
num_cat=0
split_feature=1 11 9 1
split_gain=9.68665 3.71671 3.14585 0.864893
threshold=31.514285714285716 26.100000000000005 30.260000000000009 34.768571428571434
decision_type=2 2 2 2
left_child=1 -1 -3 -2
right_child=3 2 -4 -5
leaf_value=-0.10653438158418019 -0.16145896313894798 0.13640692424906734 -0.01065268766727879 -0.18578476714732339
leaf_weight=40.350000143051147 36.050000071525574 59.200000405311584 33.75000011920929 26.700000047683716
leaf_count=38 35 52 32 26
internal_value=-0.00159678 0.00127269 0.00400295 -0.00861366
internal_weight=196.05 133.3 92.95 62.75
internal_count=183 122 84 61
is_linear=0
shrinkage=0.0216861


Tree=33
num_leaves=5
num_cat=0
split_feature=1 5 9 1
split_gain=9.68665 4.7393 5.28869 0.864893
threshold=31.514285714285716 29.067142857142866 30.260000000000009 34.768571428571434
decision_type=2 2 2 2
left_child=1 -1 -3 -2
right_child=3 2 -4 -5
leaf_value=-0.1152274018795848 -0.15795755014971949 0.17849793925325211 -0.012824766263005268 -0.18175582267596188
leaf_weight=42.950000166893005 36.050000071525574 56.600000381469727 33.75000011920929 26.700000047683716
leaf_count=40 35 50 32 26
internal_value=-0.00159678 0.00127269 0.00444199 -0.00861366
internal_weight=196.05 133.3 90.35 62.75
internal_count=183 122 82 61
is_linear=0
shrinkage=0.0216861


Tree=34
num_leaves=5
num_cat=0
split_feature=3 5 11 5
split_gain=8.39847 4.62458 3.37877 2.23014
threshold=32.135714285714293 29.822857142857142 26.100000000000005 34.692857142857157
decision_type=2 2 2 2
left_child=1 2 -1 -2
right_child=3 -3 -4 -5
leaf_value=-0.12291666350778734 -0.18790755170719667 0.051726953366796717 0.057445239400817832 -0.16574490311401216
leaf_weight=33.700000047683716 28.700000047683716 54.350000381469727 52.950000286102295 26.350000023841858
leaf_count=33 28 48 48 26
internal_value=-0.000941474 0.0014613 -0.000977829 -0.00814587
internal_weight=196.05 141 86.65 55.05
internal_count=183 129 81 54
is_linear=0
shrinkage=0.0216861


Tree=35
num_leaves=5
num_cat=0
split_feature=1 5 1 10
split_gain=8.19734 4.63623 1.62899 0.949826
threshold=31.514285714285716 29.822857142857142 34.768571428571434 29.132857142857144
decision_type=2 2 2 2
left_child=1 3 -2 -1
right_child=2 -3 -4 -5
leaf_value=-0.11795762262864146 -0.15591979775196863 0.18344217293337289 -0.17342686717301647 -0.032130456595579553
leaf_weight=38.350000143051147 36.050000071525574 50.650000333786011 26.700000047683716 44.300000190734863
leaf_count=36 35 45 26 41
internal_value=-0.000723038 0.00191142 -0.0072844 -0.000514442
internal_weight=196.05 133.3 62.75 82.65
internal_count=183 122 61 77
is_linear=0
shrinkage=0.0216861


Tree=36
num_leaves=6
num_cat=0
split_feature=5 11 10 1 1
split_gain=5.10544 7.8472 2.33117 1.28325 1.71109
threshold=31.820000000000011 26.100000000000005 33.472857142857144 30.132142857142863 29.350000000000005
decision_type=2 2 2 2 2
left_child=1 -1 -2 4 -3
right_child=2 3 -4 -5 -6
leaf_value=-0.10012319898158265 -0.030079941955272773 0.11154763803710468 -0.19851402845247404 0.3869620727262571 -0.039089622905015178
leaf_weight=37.400000095367432 29.350000143051147 32.050000190734863 34 39.750000357627869 28.850000143051147
leaf_count=36 27 29 34 33 26
internal_value=0 0.00227111 -0.00504473 0.00574332 0.00190505
internal_weight=201.4 138.05 63.35 100.65 60.9
internal_count=185 124 61 88 55
is_linear=0
shrinkage=0.0216861


Tree=37
num_leaves=5
num_cat=0
split_feature=7 3 3 6
split_gain=6.04737 8.35654 4.90438 0.483063
threshold=15.045714285714288 33.587857142857153 30.186428571428578 26.79928571428572
decision_type=2 2 2 2
left_child=1 2 3 -1
right_child=-2 -3 -4 -5
leaf_value=0.096907946553683774 -0.12630467599608336 -0.15619779289750732 0.32637719739768628 -0.052306794480907949
leaf_weight=52.650000333786011 39.900000095367432 37 43.500000357627869 28.350000143051147
leaf_count=47 38 37 37 26
internal_value=0 0.00160921 0.0046392 0.000433716
internal_weight=201.4 161.5 124.5 81
internal_count=185 147 110 73
is_linear=0
shrinkage=0.0216861


Tree=38
num_leaves=4
num_cat=0
split_feature=10 11 1
split_gain=5.63544 4.5984 0.553225
threshold=32.587857142857146 26.100000000000005 31.67785714285715
decision_type=2 2 2
left_child=1 -1 -3
right_child=-2 2 -4
leaf_value=-0.068361699111501278 -0.17942069216460893 0.17231033155189926 0.0095727374829684426
leaf_weight=37.75000011920929 54.300000071525574 77.050000548362732 32.300000190734863
leaf_count=36 53 67 29
internal_value=-0.000135081 0.00170612 0.0042691
internal_weight=201.4 147.1 109.35
internal_count=185 132 96
is_linear=0
shrinkage=0.0216861


Tree=39
num_leaves=5
num_cat=0
split_feature=9 9 1 10
split_gain=5.96673 5.57236 2.50388 0.247471
threshold=32.587857142857146 29.069285714285719 30.132142857142863 29.970000000000002
decision_type=2 2 2 2
left_child=1 -1 3 -3
right_child=-2 2 -4 -5
leaf_value=-0.095474718306353526 -0.15519450791127651 -0.11154463316259569 0.072303162508237817 0.13576954616330186
leaf_weight=37.950000166893005 51.700000047683716 26.950000047683716 50.450000405311584 34.350000262260437
leaf_count=35 51 26 43 30
internal_value=-0.000347786 0.00147751 0.00425534 0
internal_weight=201.4 149.7 111.75 61.3
internal_count=185 134 99 56
is_linear=0
shrinkage=0.0216861


Tree=40
num_leaves=6
num_cat=0
split_feature=5 7 5 11 6
split_gain=13.0714 11.0113 1.73864 1.6973 1.63275
threshold=31.820000000000011 15.045714285714288 29.822857142857142 26.250000000000004 27.97785714285715
decision_type=2 2 2 2 2
left_child=1 2 3 -1 -2
right_child=4 -3 -4 -5 -6
leaf_value=-0.0004806510795096324 -0.053505276217222925 -0.12687028605479606 0.32901561278142755 0.14032783177310765 -0.19342186183679672
leaf_weight=28.400000095367432 28.350000143051147 27.300000071525574 52.750000476837158 45.900000333786011 37.350000023841858
leaf_count=27 26 26 44 40 37
internal_value=0.00026505 0.00401213 0.00698336 0.00309734 -0.00730319
internal_weight=220.05 154.35 127.05 74.3 65.7
internal_count=200 137 111 67 63
is_linear=0
shrinkage=0.0216861


Tree=41
num_leaves=5
num_cat=0
split_feature=5 7 5 5
split_gain=12.3877 10.4686 1.08334 0.396009
threshold=31.820000000000011 15.045714285714288 29.822857142857142 28.949285714285718
decision_type=2 2 2 2
left_child=1 2 3 -1
right_child=-2 -3 -4 -5
leaf_value=0.16935560373638353 -0.14929391622501262 -0.12411896609768036 0.32188055184795394 0.0015783357331982919
leaf_weight=31.500000238418579 65.700000166893005 27.300000071525574 52.750000476837158 42.800000190734863
leaf_count=27 63 26 44 40
internal_value=7.01695e-05 0.00373563 0.00664859 0.00309734
internal_weight=220.05 154.35 127.05 74.3
internal_count=200 137 111 67
is_linear=0
shrinkage=0.0216861


Tree=42
num_leaves=5
num_cat=0
split_feature=5 7 6 4
split_gain=12.3877 8.25162 1.63275 0.880481
threshold=31.820000000000011 11.352857142857147 27.97785714285715 29.567142857142859
decision_type=2 2 2 2
left_child=1 3 -2 -1
right_child=2 -3 -4 -5
leaf_value=0.15063523903637763 -0.049107355452606062 -0.053345121160742456 -0.18598969793836714 0.081910086377047636
leaf_weight=60.9000004529953 28.350000143051147 39.850000143051147 37.350000023841858 53.600000381469727
leaf_count=53 26 37 37 47
internal_value=7.01695e-05 0.00373563 -0.00730319 0.00688908
internal_weight=220.05 154.35 65.7 114.5
internal_count=200 137 63 100
is_linear=0
shrinkage=0.0216861


Tree=43
num_leaves=5
num_cat=0
split_feature=5 11 6 6
split_gain=11.7265 8.8911 2.26205 1.63275
threshold=31.820000000000011 26.100000000000005 26.79928571428572 27.97785714285715
decision_type=2 2 2 2
left_child=1 -1 -3 -2
right_child=3 2 -4 -5
leaf_value=-0.055693089889297581 -0.048042409110169562 0.27570305866823885 0.0092032109821477866 -0.18195630932021004
leaf_weight=44.950000166893005 28.350000143051147 49.550000429153442 59.850000381469727 37.350000023841858
leaf_count=42 26 42 53 37
internal_value=0 0.00345912 0.00698988 -0.00730319
internal_weight=220.05 154.35 109.4 65.7
internal_count=200 137 95 63
is_linear=0
shrinkage=0.0216861


Tree=44
num_leaves=6
num_cat=0
split_feature=5 7 5 4 5
split_gain=13.5937 6.08377 3.77921 5.7894 3.21225
threshold=31.820000000000011 11.352857142857147 30.105000000000004 29.538571428571434 34.692857142857157
decision_type=2 2 2 2 2
left_child=1 2 3 -1 -2
right_child=4 -3 -4 -5 -6
leaf_value=0.12501181791921653 -0.17180161423090731 -0.060929129600678089 0.34726497614881807 -0.16143274472293079 -0.15833451605287832
leaf_weight=48.550000309944153 38.050000071525574 38.100000143051147 32.250000357627869 27.400000095367432 27.350000023841858
leaf_count=43 37 35 26 26 27
internal_value=0 0.00363896 0.00643881 0.00238265 -0.00806995
internal_weight=211.7 146.3 108.2 75.95 65.4
internal_count=194 130 95 69 64
is_linear=0
shrinkage=0.0216861


Tree=45
num_leaves=6
num_cat=0
split_feature=8 1 7 4 2
split_gain=11.4656 4.56646 3.95278 2.87333 1.85223
threshold=31.820000000000011 30.186428571428578 10.022857142857145 29.069285714285719 34.61357142857144
decision_type=2 2 2 2 2
left_child=1 2 3 -1 -2
right_child=4 -3 -4 -5 -6
leaf_value=0.11351515387825979 -0.14829425714491626 0.18281370600862901 -0.11207249954460678 -0.0094066459924379668 -0.13881170848128313
leaf_weight=31.400000214576721 39.650000095367432 46.350000381469727 27.900000095367432 38.050000190734863 28.350000023841858
leaf_count=28 38 39 26 35 28
internal_value=-9.82142e-05 0.00302138 0 0.00304994 -0.00758782
internal_weight=211.7 143.7 97.35 69.45 68
internal_count=194 128 89 63 66
is_linear=0
shrinkage=0.0216861


Tree=46
num_leaves=6
num_cat=0
split_feature=5 5 5 9 5
split_gain=11.7808 5.73576 3.21225 1.75083 2.21294
threshold=31.820000000000011 28.92785714285715 34.692857142857157 30.349285714285713 29.970000000000002
decision_type=2 2 2 2 2
left_child=1 -1 -2 4 -3
right_child=2 3 -4 -5 -6
leaf_value=-0.11766510827461776 -0.15785906290669108 0.033919119369027487 -0.15189057741945142 -0.028759833104520568 0.2835927924522289
leaf_weight=36.550000190734863 38.050000071525574 48.250000238418579 27.350000023841858 31.550000190734863 29.950000286102295
leaf_count=33 37 44 27 28 25
internal_value=-0.000300692 0.00276456 -0.00806995 0.00549025 0.00722
internal_weight=211.7 146.3 65.4 109.75 78.2
internal_count=194 130 64 97 69
is_linear=0
shrinkage=0.0216861


Tree=47
num_leaves=6
num_cat=0
split_feature=5 7 5 4 5
split_gain=9.30873 7.31717 3.01363 4.90716 2.58454
threshold=32.022857142857148 11.352857142857147 30.105000000000004 29.538571428571434 34.692857142857157
decision_type=2 2 2 2 2
left_child=1 2 3 -1 -2
right_child=4 -3 -4 -5 -6
leaf_value=0.12271638394544787 -0.17085920948854366 -0.087686436528038827 0.33792562112184771 -0.15278093329626144 -0.14859666526754323
leaf_weight=48.550000309944153 33.700000047683716 40.100000143051147 34.600000381469727 27.400000095367432 27.350000023841858
leaf_count=43 33 37 28 26 27
internal_value=-9.82142e-05 0.00245242 0.00560485 0.00182984 -0.00737688
internal_weight=211.7 150.65 110.55 75.95 61.05
internal_count=194 134 97 69 60
is_linear=0
shrinkage=0.0216861


Tree=48
num_leaves=5
num_cat=0
split_feature=9 0 5 5
split_gain=10.3772 7.41088 5.68397 2.13048
threshold=31.820000000000011 29.822857142857142 29.069285714285719 34.857142857142861
decision_type=2 2 2 2
left_child=1 2 -1 -2
right_child=3 -3 -4 -5
leaf_value=-0.13007566714446081 -0.16650863075706135 0.15145250496649895 0.05054165708704976 -0.11233780309880044
leaf_weight=37.650000095367432 41.75000011920929 52.9000004529953 52.300000309944153 27.350000023841858
leaf_count=36 40 44 47 27
internal_value=-7.28196e-05 0.00291223 -0.000168907 -0.00713813
internal_weight=211.95 142.85 89.95 69.1
internal_count=194 127 83 67
is_linear=0
shrinkage=0.0216861


Tree=49
num_leaves=5
num_cat=0
split_feature=9 11 9 5
split_gain=10.3772 6.95536 2.4262 2.13048
threshold=31.820000000000011 25.95571428571429 29.044285714285717 34.857142857142861
decision_type=2 2 2 2
left_child=1 -1 -3 -2
right_child=3 2 -4 -5
leaf_value=-0.093614842121407096 -0.16289771024068411 -0.050681099099211951 0.13461835528215144 -0.1099016358194836
leaf_weight=29.300000071525574 41.75000011920929 30.550000190734863 83.000000596046448 27.350000023841858
leaf_count=28 40 27 72 27
internal_value=-7.28196e-05 0.00291223 0.00564682 -0.00713813
internal_weight=211.95 142.85 113.55 69.1
internal_count=194 127 99 67
is_linear=0
shrinkage=0.0216861


Tree=50
num_leaves=5
num_cat=0
split_feature=9 6 7 0
split_gain=9.11888 7.55558 2.67643 0.398994
threshold=31.820000000000011 26.082857142857147 5.0028571428571436 29.900000000000002
decision_type=2 2 2 2
left_child=1 -1 -2 -3
right_child=2 3 -4 -5
leaf_value=-0.0904206157636743 -0.14173133971361945 0.038878570530844737 -0.14948652058788139 0.19849993204569363
leaf_weight=43.25000011920929 36.400000095367432 53.900000333786011 32.700000047683716 45.700000405311584
leaf_count=41 35 48 32 38
internal_value=0 0.00291223 -0.00653244 0.00642892
internal_weight=211.95 142.85 69.1 99.6
internal_count=194 127 67 86
is_linear=0
shrinkage=0.0216861


Tree=51
num_leaves=6
num_cat=0
split_feature=10 6 6 7 7
split_gain=8.96496 8.05194 2.54652 0.900024 0.521605
threshold=32.587857142857146 26.082857142857147 27.509999999999998 5.0028571428571436 1.5378571428571433
decision_type=2 2 2 2 2
left_child=1 -1 4 -2 -3
right_child=3 2 -4 -5 -6
leaf_value=-0.10517722987236458 -0.16510109126218897 0.098689717083367351 -0.010523804693676059 -0.14861716301543526 0.48755951572210982
leaf_weight=42.650000095367432 28.700000047683716 31.650000214576721 32.450000166893005 25.600000023841858 50.9000004529953
leaf_count=41 28 28 30 25 42
internal_value=-7.28196e-05 0.00220982 0.00547564 -0.00777623 0.0074499
internal_weight=211.95 157.65 115 54.3 82.55
internal_count=194 141 100 53 70
is_linear=0
shrinkage=0.0216861


Tree=52
num_leaves=6
num_cat=0
split_feature=8 1 5 10 2
split_gain=6.0683 4.43663 3.23136 2.2432 0.488287
threshold=31.820000000000011 30.186428571428578 34.692857142857157 29.132857142857144 29.460714285714289
decision_type=2 2 2 2 2
left_child=1 3 -2 -1 -5
right_child=2 -3 -4 4 -6
leaf_value=-0.067801024923595701 -0.13782695662420361 0.21574264515746105 -0.1368583703657206 0.14128622954207731 -0.055361098480206483
leaf_weight=37.350000143051147 46.00000011920929 42.500000357627869 27.350000023841858 30.050000190734863 28.700000166893005
leaf_count=35 44 36 27 27 26
internal_value=0 0.00265416 -0.00495146 0 0.00262684
internal_weight=211.95 138.6 73.35 96.1 58.75
internal_count=195 124 71 88 53
is_linear=0
shrinkage=0.0216861


Tree=53
num_leaves=6
num_cat=0
split_feature=8 1 5 10 2
split_gain=6.0683 4.43663 3.23136 2.2432 0.488287
threshold=31.820000000000011 30.186428571428578 34.692857142857157 29.132857142857144 29.460714285714289
decision_type=2 2 2 2 2
left_child=1 3 -2 -1 -5
right_child=2 -3 -4 4 -6
leaf_value=-0.066330686053983512 -0.13483802936486947 0.21106403156178999 -0.13389044795146113 0.13822228419212471 -0.054160532927523417
leaf_weight=37.350000143051147 46.00000011920929 42.500000357627869 27.350000023841858 30.050000190734863 28.700000166893005
leaf_count=35 44 36 27 27 26
internal_value=0 0.00265416 -0.00495146 0 0.00262684
internal_weight=211.95 138.6 73.35 96.1 58.75
internal_count=195 124 71 88 53
is_linear=0
shrinkage=0.0216861


Tree=54
num_leaves=5
num_cat=0
split_feature=2 11 6 7
split_gain=6.3918 10.1002 3.15953 2.51057
threshold=32.022857142857148 26.100000000000005 26.79928571428572 4.0821428571428582
decision_type=2 2 2 2
left_child=1 -1 -3 -2
right_child=3 2 -4 -5
leaf_value=-0.063490447475603326 -0.058597345303316811 0.25545314714758638 0.0041450966145960494 -0.11352572825392461
leaf_weight=40.050000071525574 27.700000047683716 48.9000004529953 57.000000357627869 38.300000071525574
leaf_count=39 27 41 51 37
internal_value=0 0.00271995 0.0065154 -0.00527694
internal_weight=211.95 145.95 105.9 66
internal_count=195 131 92 64
is_linear=0
shrinkage=0.0216861


Tree=55
num_leaves=5
num_cat=0
split_feature=2 6 8 10
split_gain=5.47506 7.86564 2.21001 2.02259
threshold=32.022857142857148 25.998571428571427 34.857142857142861 29.860000000000003
decision_type=2 2 2 2
left_child=1 -1 -2 -3
right_child=2 3 -4 -5
leaf_value=-0.064105766286454646 -0.13292356865615645 0.22030185087652984 -0.086370409623632391 -0.00023525888803626764
leaf_weight=34.050000071525574 39.650000095367432 60.600000500679016 26.350000023841858 51.300000309944153
leaf_count=33 38 52 26 46
internal_value=6.27077e-05 0.00271995 -0.00464384 0.00579461
internal_weight=211.95 145.95 66 111.9
internal_count=195 131 64 98
is_linear=0
shrinkage=0.0216861


Tree=56
num_leaves=5
num_cat=0
split_feature=9 8 7 7
split_gain=7.99191 3.21695 2.50192 1.6652
threshold=31.820000000000011 29.822857142857142 4.0821428571428582 5.0028571428571436
decision_type=2 2 2 2
left_child=1 2 -1 -2
right_child=3 -3 -4 -5
leaf_value=0.11535503575561912 -0.13549863396671677 0.077821063240045826 -0.10205702300924892 -0.16211649101565231
leaf_weight=49.100000381469727 39.400000095367432 53.550000309944153 38.900000095367432 30.700000047683716
leaf_count=43 38 48 37 30
internal_value=-0.00131845 0.00123744 -0.000639777 -0.0073385
internal_weight=211.65 141.55 88 70.1
internal_count=196 128 80 68
is_linear=0
shrinkage=0.0216861


Tree=57
num_leaves=6
num_cat=0
split_feature=9 8 5 10 5
split_gain=7.99191 3.21695 1.50201 1.86476 1.15031
threshold=31.820000000000011 29.822857142857142 29.822857142857142 29.132857142857144 34.692857142857157
decision_type=2 2 2 2 2
left_child=1 2 3 -1 -2
right_child=4 -3 -4 -5 -6
leaf_value=-0.090724406433457194 -0.15340958968174087 0.076133428955972235 0.071066867801981917 -0.018241943833628781 -0.10748624357421192
leaf_weight=28.700000047683716 43.75000011920929 53.550000309944153 30.250000238418579 29.050000190734863 26.350000023841858
leaf_count=28 42 48 26 26 26
internal_value=-0.00131845 0.00123744 -0.000639777 -0.00321027 -0.0073385
internal_weight=211.65 141.55 88 57.75 70.1
internal_count=196 128 80 54 68
is_linear=0
shrinkage=0.0216861


Tree=58
num_leaves=6
num_cat=0
split_feature=9 1 11 5 10
split_gain=7.18972 2.98967 2.55386 0.698422 1.33194
threshold=31.548571428571432 30.745714285714289 26.100000000000005 29.538571428571434 29.860000000000003
decision_type=2 2 2 2 2
left_child=2 -2 -1 -4 -5
right_child=1 -3 3 4 -6
leaf_value=-0.035455181443524608 -0.017680728957258501 -0.16411647443862531 0.15429509312325154 0.039142042935248499 -0.023450955911637299
leaf_weight=40.900000095367432 28.100000143051147 45.350000023841858 37.650000333786011 29.400000214576721 30.25000011920929
leaf_count=39 26 45 32 26 28
internal_value=-0.0017235 -0.00720042 0.000750593 0.00303542 0.000111689
internal_weight=211.65 73.45 138.2 97.3 59.65
internal_count=196 71 125 86 54
is_linear=0
shrinkage=0.0216861


Tree=59
num_leaves=6
num_cat=0
split_feature=9 0 7 7 6
split_gain=7.52957 3.27122 1.6652 1.10419 0.740608
threshold=31.820000000000011 30.105000000000004 5.0028571428571436 10.022857142857145 26.686428571428578
decision_type=2 2 2 2 2
left_child=1 3 -2 4 -1
right_child=2 -3 -4 -5 -6
leaf_value=0.096131586744304512 -0.12950383558112066 0.11481624789004635 -0.14965076947724074 -0.10020169995531597 -0.091652548317123606
leaf_weight=40.250000238418579 39.400000095367432 46.250000357627869 30.700000047683716 26.700000047683716 28.350000143051147
leaf_count=36 38 40 30 26 26
internal_value=-0.00152097 0.000936364 -0.0073385 -0.000747231 0
internal_weight=211.65 141.55 70.1 95.3 68.6
internal_count=196 128 68 88 62
is_linear=0
shrinkage=0.0216861


Tree=60
num_leaves=6
num_cat=0
split_feature=7 5 2 7 2
split_gain=4.17168 5.50191 3.66371 2.03031 1.11734
threshold=15.74 31.820000000000011 29.860000000000003 -0.81714285714285684 34.232142857142868
decision_type=2 2 2 2 2
left_child=1 2 3 -1 -3
right_child=-2 4 -4 -5 -6
leaf_value=-0.079506351455839466 -0.090934534744239001 -0.13449035463823283 0.12088979273347966 0.058206028574855483 -0.05775857181100328
leaf_weight=30.950000166893005 36.300000071525574 28.400000095367432 49.500000357627869 46.350000262260437 26.350000023841858
leaf_count=28 35 27 43 42 26
internal_value=0.000248014 0.00191109 0.004607 0.000535342 -0.00299972
internal_weight=217.85 181.55 126.8 77.3 54.75
internal_count=201 166 113 70 53
is_linear=0
shrinkage=0.0216861


Tree=61
num_leaves=6
num_cat=0
split_feature=7 6 6 7 0
split_gain=5.30858 6.08806 6.73932 2.03684 3.84689
threshold=5.0028571428571436 27.390714285714292 26.210714285714293 -0.81714285714285684 30.105000000000004
decision_type=2 2 2 2 2
left_child=3 2 -2 4 -1
right_child=1 -3 -4 -5 -6
leaf_value=-0.10680960671604535 -0.082710947195487369 -0.09344900186139693 0.067688932079437714 0.2347723380668395 0.062830731661460318
leaf_weight=34.25000011920929 30.600000023841858 30.350000023841858 37.450000286102295 40.450000286102295 44.750000238418579
leaf_count=32 30 30 32 36 41
internal_value=0.000248014 -0.0030668 0 0.0035777 0.000444358
internal_weight=217.85 98.4 68.05 119.45 79
internal_count=201 92 62 109 73
is_linear=0
shrinkage=0.0216861


Tree=62
num_leaves=6
num_cat=0
split_feature=9 6 5 7 0
split_gain=4.50717 4.14113 2.85142 2.69659 1.99915
threshold=32.587857142857146 25.998571428571427 34.499285714285726 -4.2728571428571422 29.272857142857148
decision_type=2 2 2 2 2
left_child=1 -1 -2 -3 -5
right_child=2 3 -4 4 -6
leaf_value=-0.027774711664708282 -0.14528008874194961 -0.052585421837711768 -0.035470386318928133 0.34563740313549085 0.0045359128513568093
leaf_weight=40.650000095367432 28.350000023841858 31.100000143051147 27.350000023841858 32.300000309944153 58.100000381469727
leaf_count=39 28 29 27 27 51
internal_value=0.000641667 0.0027421 -0.00408709 0.00492631 0.00678543
internal_weight=217.85 162.15 55.7 121.5 90.4
internal_count=201 146 55 107 78
is_linear=0
shrinkage=0.0216861


Tree=63
num_leaves=6
num_cat=0
split_feature=7 5 2 2 2
split_gain=4.17168 4.19964 4.4339 1.44249 0.659895
threshold=15.74 31.820000000000011 29.860000000000003 28.950714285714287 34.232142857142868
decision_type=2 2 2 2 2
left_child=1 2 3 -1 -3
right_child=-2 4 -4 -5 -6
leaf_value=0.16279151230461689 -0.090226730666092575 -0.13780093854124248 0.12118677339686609 -0.020894329347484104 -0.057099353252076823
leaf_weight=33.950000286102295 36.300000071525574 28.400000095367432 49.500000357627869 43.350000143051147 26.350000023841858
leaf_count=29 35 27 43 41 26
internal_value=0.000248014 0.00191109 0.00427158 0 -0.00224223
internal_weight=217.85 181.55 126.8 77.3 54.75
internal_count=201 166 113 70 53
is_linear=0
shrinkage=0.0216861


Tree=64
num_leaves=6
num_cat=0
split_feature=3 3 6 6 0
split_gain=8.49936 1.67274 1.45896 5.01968 1.09526
threshold=32.135714285714293 34.692857142857157 26.210714285714293 26.79928571428572 30.170714285714293
decision_type=2 2 2 2 2
left_child=2 -2 -1 -4 -5
right_child=1 -3 3 4 -6
leaf_value=-0.025485945657183266 -0.15275177823854683 -0.054930819480302373 0.23963000406475596 -0.055147005433623622 0.0088693427396641378
leaf_weight=48.350000143051147 28.700000047683716 29 42.850000381469727 29.00000011920929 28.950000166893005
leaf_count=46 28 29 36 27 26
internal_value=-0.00122438 -0.00827359 0.00111823 0.00282762 -0.000258309
internal_weight=206.85 57.7 149.15 100.8 57.95
internal_count=192 57 135 89 53
is_linear=0
shrinkage=0.0216861


Tree=65
num_leaves=6
num_cat=0
split_feature=10 5 10 10 7
split_gain=9.33078 1.6703 3.00957 2.25841 1.59054
threshold=32.228571428571435 29.422142857142862 29.567142857142859 29.132857142857144 5.0028571428571436
decision_type=2 2 2 2 2
left_child=1 3 -3 -1 -2
right_child=4 2 -4 -5 -6
leaf_value=-0.077971447901144741 -0.085827204957449513 0.094828488105820272 -0.0056228267290672337 0.028457320006842392 -0.14214219151869464
leaf_weight=26.950000047683716 29.050000071525574 30.500000238418579 57.050000309944153 30.300000190734863 33
leaf_count=26 28 26 52 27 33
internal_value=-0.00122438 0.00139416 0.00342424 -0.000515366 -0.00827037
internal_weight=206.85 144.8 87.55 57.25 62.05
internal_count=192 131 78 53 61
is_linear=0
shrinkage=0.0216861


Tree=66
num_leaves=6
num_cat=0
split_feature=0 7 5 10 10
split_gain=7.9705 5.55062 2.87699 2.19866 2.04167
threshold=31.820000000000011 6.6350000000000007 29.422142857142862 30.055000000000003 29.132857142857144
decision_type=2 2 2 2 2
left_child=2 -2 4 -4 -1
right_child=1 -3 3 -5 -6
leaf_value=-0.076280552362350318 -0.02665450168251516 -0.14184777459970851 0.099466561327331504 -0.023623782628227966 0.03875554941166142
leaf_weight=26.950000047683716 33.400000095367432 36.350000023841858 41.550000309944153 37.300000190734863 31.300000190734863
leaf_count=26 32 36 36 34 28
internal_value=-0.00081004 -0.00687884 0.00182833 0.00467004 -0.000863812
internal_weight=206.85 69.75 137.1 78.85 58.25
internal_count=192 68 124 70 54
is_linear=0
shrinkage=0.0216861


Tree=67
num_leaves=6
num_cat=0
split_feature=3 7 7 6 5
split_gain=7.24646 2.73561 2.116 2.04786 3.6256
threshold=32.135714285714293 11.887857142857142 6.6350000000000007 26.832857142857147 29.422142857142862
decision_type=2 2 2 2 2
left_child=1 3 -2 4 -1
right_child=2 -3 -4 -5 -6
leaf_value=-0.035299514163323213 -0.02840588576093183 -0.037675954293400669 -0.13197811572057488 -0.023067147327480293 0.26370580436756302
leaf_weight=32.25000011920929 28.350000023841858 37.25000011920929 29.350000023841858 45.000000238418579 34.650000333786011
leaf_count=30 28 35 29 41 29
internal_value=-0.00101721 0.00111823 -0.00755321 0.00314089 0.00548971
internal_weight=206.85 149.15 57.7 111.9 66.9
internal_count=192 135 57 100 59
is_linear=0
shrinkage=0.0216861


Tree=68
num_leaves=5
num_cat=0
split_feature=3 2 7 7
split_gain=7.86768 8.81867 4.02675 0.876515
threshold=32.135714285714293 29.822857142857142 11.887857142857142 0.91428571428571426
decision_type=2 2 2 2
left_child=1 2 3 -1
right_child=-2 -3 -4 -5
leaf_value=-0.090860831484717519 -0.12409690669901095 0.085334972698228317 -0.079706005135387725 0.084700606076781385
leaf_weight=28.100000143051147 61.300000071525574 68.1500004529953 26.600000023841858 36.400000214576721
leaf_count=26 60 60 26 33
internal_value=-0.000595011 0.00159808 -0.00221711 0
internal_weight=220.55 159.25 91.1 64.5
internal_count=205 145 85 59
is_linear=0
shrinkage=0.0216861


Tree=69
num_leaves=6
num_cat=0
split_feature=3 2 7 7 0
split_gain=7.46996 7.74022 4.02675 0.876515 0.21795
threshold=32.135714285714293 29.822857142857142 11.887857142857142 0.91428571428571426 34.842857142857149
decision_type=2 2 2 2 2
left_child=1 2 3 -1 -2
right_child=4 -3 -4 -5 -6
leaf_value=-0.088890415662717548 -0.13759594921479132 0.083484391126092919 -0.077977493838926701 0.082863781433868633 -0.043463643507072373
leaf_weight=28.100000143051147 34.300000071525574 68.1500004529953 26.600000023841858 36.400000214576721 27
leaf_count=26 33 60 26 33 27
internal_value=-0.000789454 0.00132995 -0.00221711 0 -0.00726301
internal_weight=220.55 159.25 91.1 64.5 61.3
internal_count=205 145 85 59 60
is_linear=0
shrinkage=0.0216861


Tree=70
num_leaves=6
num_cat=0
split_feature=3 0 3 0 0
split_gain=7.46996 5.79001 1.987 0.890527 0.21795
threshold=32.135714285714293 30.170714285714293 29.201428571428576 29.445000000000004 34.842857142857149
decision_type=2 2 2 2 2
left_child=1 2 -1 -4 -2
right_child=4 -3 3 -5 -6
leaf_value=-0.050534005434893878 -0.13461203160204607 0.11324335109846778 0.065001420527883422 -0.048468480347374859 -0.042521087188264008
leaf_weight=52.050000190734863 34.300000071525574 49.250000357627869 28.950000166893005 29.00000011920929 27
leaf_count=49 33 43 26 27 27
internal_value=-0.000789454 0.00132995 -0.000900178 0.000939839 -0.00726301
internal_weight=220.55 159.25 110 57.95 61.3
internal_count=205 145 102 53 60
is_linear=0
shrinkage=0.0216861


Tree=71
num_leaves=6
num_cat=0
split_feature=0 0 7 7 6
split_gain=7.316 6.81791 3.10948 2.13714 5.16288
threshold=31.820000000000011 30.105000000000004 4.0821428571428582 -0.40142857142857152 26.523571428571433
decision_type=2 2 2 2 2
left_child=1 3 -2 -1 -5
right_child=2 -3 -4 4 -6
leaf_value=-0.12908487393279863 -0.021682451373257118 0.096769146680408952 -0.12103712673213328 -0.031675210523379398 0.34224111608709312
leaf_weight=28.400000095367432 28.650000095367432 38.950000286102295 41.700000047683716 49.300000071525574 33.550000309944153
leaf_count=27 27 34 41 48 28
internal_value=-0.000789454 0.00154367 -0.0066436 -0.000651993 0.000386206
internal_weight=220.55 150.2 70.35 111.25 82.85
internal_count=205 137 68 103 76
is_linear=0
shrinkage=0.0216861


Tree=72
num_leaves=5
num_cat=0
split_feature=0 2 7 7
split_gain=9.22555 7.49517 3.99074 1.03217
threshold=31.820000000000011 29.822857142857142 4.0821428571428582 4.0821428571428582
decision_type=2 2 2 2
left_child=1 3 -2 -1
right_child=2 -3 -4 -5
leaf_value=0.13512155721253413 -0.024035386644144969 0.11123007400417891 -0.11859647603048099 -0.018480764659441332
leaf_weight=43.050000309944153 30.400000095367432 63.1500004529953 39.300000071525574 44.800000190734863
leaf_count=38 29 55 38 41
internal_value=0.00032743 0.00362643 -0.0056973 0
internal_weight=220.7 151 69.7 87.85
internal_count=201 134 67 79
is_linear=0
shrinkage=0.0216861


Tree=73
num_leaves=5
num_cat=0
split_feature=6 7 6 7
split_gain=5.80289 9.26049 4.10596 3.00448
threshold=27.754999999999999 4.0821428571428582 26.210714285714293 3.5250000000000008
decision_type=2 2 2 2
left_child=2 -2 -1 -4
right_child=1 -3 3 -5
leaf_value=-0.017625681056673805 0.020410847750387016 -0.12733464185519533 -0.003931153574739085 0.3151169212991326
leaf_weight=51.300000190734863 31.450000166893005 30.350000023841858 43.400000214576721 64.200000524520874
leaf_count=48 29 30 40 54
internal_value=0.000133117 -0.00501458 0.00262937 0.005174
internal_weight=220.7 61.8 158.9 107.6
internal_count=201 59 142 94
is_linear=0
shrinkage=0.0216861


Tree=74
num_leaves=4
num_cat=0
split_feature=1 11 11
split_gain=6.47073 4.88222 4.14153
threshold=32.872142857142862 26.210714285714293 27.065000000000001
decision_type=2 2 2
left_child=1 -1 -3
right_child=-2 2 -4
leaf_value=-0.016362931407180516 -0.11413342136077718 0.23668741997323997 -0.021178293821166674
leaf_weight=51.300000190734863 49.75000011920929 69.000000596046448 50.650000214576721
leaf_count=48 48 58 47
internal_value=0.000133117 0.00245296 0.00502755
internal_weight=220.7 170.95 119.65
internal_count=201 153 105
is_linear=0
shrinkage=0.0216861


Tree=75
num_leaves=5
num_cat=0
split_feature=1 6 10 6
split_gain=5.32934 2.52173 3.91376 1.58706
threshold=32.872142857142862 26.210714285714293 32.433571428571433 26.79928571428572
decision_type=2 2 2 2
left_child=1 -1 3 -3
right_child=-2 2 -4 -5
leaf_value=-0.016888601077630586 -0.11165831414908405 0.28099144417420296 -0.019973638039696585 0.067463046489723233
leaf_weight=51.300000190734863 49.75000011920929 37.850000381469727 30.700000047683716 51.100000381469727
leaf_count=48 48 31 30 44
internal_value=0 0.00170282 0.00360734 0.00607496
internal_weight=220.7 170.95 119.65 88.95
internal_count=201 153 105 75
is_linear=0
shrinkage=0.0216861


Tree=76
num_leaves=6
num_cat=0
split_feature=7 6 1 6 5
split_gain=5.88888 3.1415 2.67461 7.13292 1.04293
threshold=4.7521428571428581 26.713571428571431 32.135714285714293 26.523571428571433 30.802142857142858
decision_type=2 2 2 2 2
left_child=1 -1 3 -2 -3
right_child=2 4 -4 -5 -6
leaf_value=0.21170426566603318 -0.10485387299278069 -0.088467935444191098 -0.12852544605245164 0.27675160495684831 -0.0069920118293653483
leaf_weight=35.450000286102295 41.300000071525574 28.75000011920929 27 38.050000309944153 42.300000190734863
leaf_count=31 40 27 27 32 39
internal_value=-0.000183283 0.00301796 -0.00404808 -0.000879584 0
internal_weight=212.85 106.5 106.35 79.35 71.05
internal_count=196 97 99 72 66
is_linear=0
shrinkage=0.0216861


Tree=77
num_leaves=6
num_cat=0
split_feature=7 2 8 10 3
split_gain=5.88888 2.79249 5.78715 2.74307 0.528377
threshold=4.7521428571428581 30.802142857142858 29.044285714285717 31.820000000000011 29.742857142857144
decision_type=2 2 2 2 2
left_child=3 2 -2 4 -1
right_child=1 -3 -4 -5 -6
leaf_value=0.031836041872025031 -0.11203241244925945 -0.10954773629257632 0.042748993402553545 -0.020425939765909115 0.091892691899848583
leaf_weight=34.500000238418579 27.300000071525574 39.950000047683716 39.100000262260437 36.400000095367432 35.600000262260437
leaf_count=31 26 39 34 35 31
internal_value=-0.000183283 -0.00404808 -8.50122e-05 0.00301796 0.00560618
internal_weight=212.85 106.35 66.4 106.5 70.1
internal_count=196 99 60 97 62
is_linear=0
shrinkage=0.0216861


Tree=78
num_leaves=6
num_cat=0
split_feature=7 6 6 6 5
split_gain=5.88888 3.1415 2.53878 7.66161 1.04293
threshold=4.7521428571428581 26.713571428571431 27.509999999999998 26.523571428571433 30.802142857142858
decision_type=2 2 2 2 2
left_child=1 -1 3 -2 -3
right_child=2 4 -4 -5 -6
leaf_value=0.20642282956836289 -0.10015045831533882 -0.088542205007835287 -0.11399597393747253 0.29493826727599454 -0.0043270352033992062
leaf_weight=35.450000286102295 41.300000071525574 28.75000011920929 30.350000023841858 34.700000286102295 42.300000190734863
leaf_count=31 40 27 30 29 39
internal_value=-0.000183283 0.00301796 -0.00404808 -0.000737568 0
internal_weight=212.85 106.5 106.35 76 71.05
internal_count=196 97 99 69 66
is_linear=0
shrinkage=0.0216861


Tree=79
num_leaves=6
num_cat=0
split_feature=7 1 10 10 3
split_gain=5.31653 2.67461 4.71778 2.28407 1.47035
threshold=4.7521428571428581 32.135714285714293 29.245000000000005 31.820000000000011 29.742857142857144
decision_type=2 2 2 2 2
left_child=3 2 -2 4 -1
right_child=1 -3 -4 -5 -6
leaf_value=0.037863253720226253 -0.09995100109879948 -0.12089044398785029 0.043497500930125048 -0.019889144617503463 0.085423395792339415
leaf_weight=34.500000238418579 28.950000047683716 27 50.400000333786011 36.400000095367432 35.600000262260437
leaf_count=31 28 27 44 35 31
internal_value=-0.000384679 -0.00404808 -0.000879584 0.00262008 0.00500883
internal_weight=212.85 106.35 79.35 106.5 70.1
internal_count=196 99 72 97 62
is_linear=0
shrinkage=0.0216861


Tree=80
num_leaves=5
num_cat=0
split_feature=8 2 8 10
split_gain=3.60918 5.84688 3.56917 1.63715
threshold=31.820000000000011 29.822857142857142 34.692857142857157 28.950714285714287
decision_type=2 2 2 2
left_child=1 3 -2 -1
right_child=2 -3 -4 -5
leaf_value=-0.091129660828196513 -0.11366419554142933 0.078382182841706366 -0.0043118740553800567 0.042512166805223864
leaf_weight=29.25000011920929 35.650000095367432 53.050000429153442 30.350000023841858 54.300000309944153
leaf_count=27 34 45 30 49
internal_value=0 0.00206874 -0.00401074 -0.000786257
internal_weight=202.6 136.6 66 83.55
internal_count=185 121 64 76
is_linear=0
shrinkage=0.0216861


Tree=81
num_leaves=5
num_cat=0
split_feature=8 8 8 4
split_gain=3.60918 3.88945 3.56917 1.42375
threshold=31.820000000000011 29.737142857142864 34.692857142857157 28.949285714285718
decision_type=2 2 2 2
left_child=1 3 -2 -1
right_child=2 -3 -4 -5
leaf_value=0.0041343749948324609 -0.1111992640012926 0.10179146651942543 -0.0042183663830160653 -0.10427959176264251
leaf_weight=28.700000166893005 35.650000095367432 56.800000429153442 30.350000023841858 51.100000262260437
leaf_count=26 34 49 30 46
internal_value=0 0.00206874 -0.00401074 -0.000229258
internal_weight=202.6 136.6 66 79.8
internal_count=185 121 64 72
is_linear=0
shrinkage=0.0216861


Tree=82
num_leaves=5
num_cat=0
split_feature=8 2 8 1
split_gain=3.25635 4.8519 3.56917 1.3188
threshold=31.820000000000011 29.822857142857142 34.692857142857157 28.965714285714288
decision_type=2 2 2 2
left_child=1 3 -2 -1
right_child=2 -3 -4 -5
leaf_value=0.039480334408853832 -0.10878778717896405 0.071743943232668875 -0.004126886526093494 -0.044252962907685205
leaf_weight=31.350000143051147 35.650000095367432 53.050000429153442 30.350000023841858 52.200000286102295
leaf_count=29 34 45 30 47
internal_value=0 0.00175695 -0.00401074 -0.000786257
internal_weight=202.6 136.6 66 83.55
internal_count=185 121 64 76
is_linear=0
shrinkage=0.0216861


Tree=83
num_leaves=5
num_cat=0
split_feature=0 0 4 11
split_gain=3.05193 2.72991 5.61137 0.572664
threshold=32.587857142857146 29.822857142857142 28.949285714285718 26.988571428571436
decision_type=2 2 2 2
left_child=1 2 -1 -3
right_child=-2 3 -4 -5
leaf_value=0.040822518613638961 -0.07390747149744413 0.040160004319056114 -0.10523005910984155 0.084125113931572557
leaf_weight=35.400000214576721 49.050000071525574 30.650000214576721 50.150000214576721 37.350000262260437
leaf_count=32 48 26 46 33
internal_value=-7.41439e-06 0.00114229 -0.000768399 0.00451211
internal_weight=202.6 153.55 85.55 68
internal_count=185 137 78 59
is_linear=0
shrinkage=0.0216861


Tree=84
num_leaves=7
num_cat=0
split_feature=5 0 11 10 6 5
split_gain=2.36369 6.38704 4.12979 2.40313 3.35499 0.180087
threshold=32.433571428571433 29.822857142857142 29.235714285714288 29.822857142857142 26.157142857142862 29.900000000000002
decision_type=2 2 2 2 2 2
left_child=1 3 -2 4 -1 -3
right_child=2 5 -4 -5 -6 -7
leaf_value=-0.083962020472118842 -0.10337310058568804 0.09484807083152251 0.0060403390460456435 0.031384626487883441 -0.017289485410190559 0.27524534222722891
leaf_weight=30 33.700000047683716 31.150000214576721 29.350000023841858 34.750000238418579 28.550000190734863 33.950000286102295
leaf_count=30 33 27 29 31 25 29
internal_value=-0.000118146 0.000952867 -0.00384388 -0.00212093 -0.00501511 0.00634155
internal_weight=221.45 158.4 63.05 93.3 58.55 65.1
internal_count=204 142 62 86 55 56
is_linear=0
shrinkage=0.0216861


Tree=85
num_leaves=7
num_cat=0
split_feature=1 4 0 10 10 1
split_gain=2.90486 4.43914 4.01402 2.23162 0.924087 0.649553
threshold=32.872142857142862 34.842857142857149 29.822857142857142 29.822857142857142 31.820000000000011 29.445000000000004
decision_type=2 2 2 2 2 2
left_child=2 -2 3 5 -4 -1
right_child=1 -3 4 -5 -6 -7
leaf_value=-0.039069463106390985 -0.14582378080499941 -0.0043867547947924294 0.4180675018366663 -0.052136289449131207 0.0029455059317205915 -0.023276839696059384
leaf_weight=32.350000023841858 28.050000071525574 28.350000023841858 39.750000357627869 36.100000262260437 30.650000095367432 26.200000166893005
leaf_count=32 27 28 33 32 29 23
internal_value=-0.000118146 -0.0045171 0.000999175 -0.00134373 0.00507745 -0.00430476
internal_weight=221.45 56.4 165.05 94.65 70.4 58.55
internal_count=204 55 149 87 62 55
is_linear=0
shrinkage=0.0216861


Tree=86
num_leaves=6
num_cat=0
split_feature=9 8 10 7 11
split_gain=2.4276 4.27371 4.12088 4.27885 1.65697
threshold=31.820000000000011 34.987857142857152 29.822857142857142 10.022857142857145 26.577142857142864
decision_type=2 2 2 2 2
left_child=2 -2 3 4 -1
right_child=1 -3 -4 -5 -6
leaf_value=-0.032058768499805199 -0.10165893377676634 0.0058167773301860248 0.086027943012160865 -0.055863985760554798 0.16540948971655986
leaf_weight=28.150000095367432 47.400000095367432 27.350000023841858 57.9000004529953 29.200000047683716 31.450000286102295
leaf_count=26 46 27 50 28 27
internal_value=0 -0.00334596 0.00136187 -0.000919178 0.001491
internal_weight=221.45 74.75 146.7 88.8 59.6
internal_count=204 73 131 81 53
is_linear=0
shrinkage=0.0216861


Tree=87
num_leaves=6
num_cat=0
split_feature=7 10 10 9 8
split_gain=2.34997 1.71813 1.70579 5.639 1.19768
threshold=4.0821428571428582 31.820000000000011 29.737142857142864 32.228571428571435 29.726428571428578
decision_type=2 2 2 2 2
left_child=1 4 -2 -4 -1
right_child=2 -3 3 -5 -6
leaf_value=-0.038265651519010145 -0.045404172219252859 -0.064844532328605375 0.012924051246807365 -0.099652734198514531 0.068606655622980378
leaf_weight=36.100000262260437 46.350000143051147 38.400000095367432 35.200000286102295 32.350000023841858 33.050000190734863
leaf_count=32 43 37 30 32 30
internal_value=0 0.00201381 -0.00237901 0 0.00418246
internal_weight=221.45 107.55 113.9 67.55 69.15
internal_count=204 99 105 62 62
is_linear=0
shrinkage=0.0216861


Tree=88
num_leaves=5
num_cat=0
split_feature=10 4 9 4
split_gain=3.95342 4.42568 3.96554 2.70763
threshold=32.228571428571435 30.095714285714291 34.692857142857157 29.201428571428576
decision_type=2 2 2 2
left_child=1 3 -2 -1
right_child=2 -3 -4 -5
leaf_value=0.0020552097363622482 -0.12729480798766638 0.093335394097500399 -0.0067791865879865158 -0.05871052238626974
leaf_weight=51.300000190734863 32.350000023841858 55.450000405311584 29 36.00000011920929
leaf_count=48 32 48 29 34
internal_value=-0.000479693 0.00110778 -0.00520273 -0.00129674
internal_weight=204.1 142.75 61.35 87.3
internal_count=191 130 61 82
is_linear=0
shrinkage=0.0216861


Tree=89
num_leaves=5
num_cat=0
split_feature=10 9 4 4
split_gain=3.14858 3.96554 2.07433 2.70763
threshold=32.228571428571435 34.692857142857157 30.095714285714291 29.201428571428576
decision_type=2 2 2 2
left_child=2 -2 3 -1
right_child=1 -3 -4 -5
leaf_value=0.0020106402809007152 -0.12453428181132899 -0.0066321725634064859 0.091311314697420834 -0.057437320938105052
leaf_weight=51.300000190734863 32.350000023841858 29 55.450000405311584 36.00000011920929
leaf_count=48 32 29 48 34
internal_value=-0.00110947 -0.00520273 0.000212017 -0.00129674
internal_weight=204.1 61.35 142.75 87.3
internal_count=191 61 130 82
is_linear=0
shrinkage=0.0216861


Tree=90
num_leaves=6
num_cat=0
split_feature=10 9 7 10 1
split_gain=3.40051 3.96554 1.18842 1.09549 0.728639
threshold=32.228571428571435 34.692857142857157 -3.5749999999999997 28.940000000000001 30.081428571428571
decision_type=2 2 2 2 2
left_child=2 -2 -1 -4 -5
right_child=1 -3 3 4 -6
leaf_value=0.036232780213555513 -0.12183362064355489 -0.0064883466976331924 -0.053647240184790966 0.034274481743363672 -0.0075699232145377835
leaf_weight=36.350000262260437 32.350000023841858 29 34.550000071525574 41.300000190734863 30.550000190734863
leaf_count=32 32 29 33 38 27
internal_value=-0.000899544 -0.00520273 0.000510605 -5.37885e-05 0.000734986
internal_weight=204.1 61.35 142.75 106.4 71.85
internal_count=191 61 130 98 65
is_linear=0
shrinkage=0.0216861


Tree=91
num_leaves=6
num_cat=0
split_feature=5 2 11 11 1
split_gain=3.41876 5.37771 2.81911 1.54969 2.37791
threshold=32.433571428571433 29.822857142857142 29.235714285714288 26.686428571428578 28.965714285714288
decision_type=2 2 2 2 2
left_child=1 3 -2 4 -1
right_child=2 -3 -4 -5 -6
leaf_value=-0.018376721030535757 -0.10020035372495445 0.041182511853767381 -0.016439416018634172 -0.032408203406801367 -0.090852561137091142
leaf_weight=27.950000047683716 31.950000047683716 62.550000429153442 28 26.950000166893005 26.700000047683716
leaf_count=27 31 55 28 24 26
internal_value=-0.000689618 0.000712747 -0.00511103 -0.00233862 -0.00456055
internal_weight=204.1 144.15 59.95 81.6 54.65
internal_count=191 132 59 77 53
is_linear=0
shrinkage=0.0216861


Tree=92
num_leaves=5
num_cat=0
split_feature=7 6 9 4
split_gain=6.90077 8.21665 4.42593 1.50777
threshold=4.0821428571428582 27.877142857142861 29.069285714285719 30.260000000000009
decision_type=2 2 2 2
left_child=3 2 -2 -1
right_child=1 -3 -4 -5
leaf_value=0.17513427953875269 -0.085525023427529948 -0.10296502226967373 0.038722440671442142 -0.03195925230586727
leaf_weight=58.550000429153442 29.550000071525574 27 55.650000333786011 35.75000011920929
leaf_count=52 28 27 49 34
internal_value=0.000121409 -0.00311377 0 0.00469757
internal_weight=206.5 112.2 85.2 94.3
internal_count=190 104 77 86
is_linear=0
shrinkage=0.0216861


Tree=93
num_leaves=5
num_cat=0
split_feature=1 6 5 5
split_gain=4.89426 3.98154 2.32863 2.61903
threshold=32.872142857142862 25.998571428571427 32.022857142857148 29.822857142857142
decision_type=2 2 2 2
left_child=1 -1 3 -3
right_child=-2 2 -4 -5
leaf_value=-0.065980231254296029 -0.089630066727334728 0.038462946103892177 -0.044435150801385791 0.27665714148016252
leaf_weight=33.700000047683716 43.050000071525574 61.600000381469727 28.300000071525574 39.850000381469727
leaf_count=33 42 55 27 33
internal_value=0.000328924 0.0023678 0.00433207 0.00586601
internal_weight=206.5 163.45 129.75 101.45
internal_count=190 148 115 88
is_linear=0
shrinkage=0.0216861


Tree=94
num_leaves=6
num_cat=0
split_feature=7 1 4 11 10
split_gain=5.53616 3.80585 3.90342 1.771 0.263986
threshold=4.0821428571428582 32.872142857142862 30.095714285714291 26.713571428571431 30.993571428571428
decision_type=2 2 2 2 2
left_child=3 2 -2 -1 -5
right_child=1 -3 -4 4 -6
leaf_value=0.19475857680995581 -0.034540205211148367 -0.093776141522149345 0.10034067479732604 -0.12749466943347967 -0.058573124715318781
leaf_weight=35.800000309944153 54.450000166893005 26 31.750000238418579 28.100000143051147 30.400000095367432
leaf_count=31 51 26 27 26 29
internal_value=0.000121409 -0.00273566 0 0.00424954 0.00041594
internal_weight=206.5 112.2 86.2 94.3 58.5
internal_count=190 104 78 86 55
is_linear=0
shrinkage=0.0216861


Tree=95
num_leaves=6
num_cat=0
split_feature=7 6 9 6 6
split_gain=4.8488 4.94337 4.39979 1.25336 0.690593
threshold=1.1921428571428572 27.97785714285715 29.069285714285719 26.832857142857147 26.769285714285719
decision_type=2 2 2 2 2
left_child=3 2 -2 -1 -4
right_child=1 -3 4 -5 -6
leaf_value=0.17356588999665279 -0.080449401971992546 -0.096754751085049467 -0.0021043631313114731 -0.00037728070032892297 0.31177305093378943
leaf_weight=32.100000262260437 30.550000071525574 27 39.300000190734863 41.450000166893005 36.100000262260437
leaf_count=28 29 27 36 39 31
internal_value=0 -0.00219653 0 0.0046248 0.00280309
internal_weight=206.5 132.95 105.95 73.55 75.4
internal_count=190 123 96 67 67
is_linear=0
shrinkage=0.0216861


Tree=96
num_leaves=6
num_cat=0
split_feature=10 0 5 6 6
split_gain=3.83596 5.75553 2.54888 1.57991 5.3642
threshold=31.820000000000011 30.170714285714293 34.61357142857144 26.082857142857147 26.881428571428575
decision_type=2 2 2 2 2
left_child=1 3 -2 -1 -5
right_child=2 -3 -4 4 -6
leaf_value=-0.089573495038446402 -0.099386361959992897 0.10854527042464983 -0.00061005736058367924 0.17503364129326485 -0.072787830315908117
leaf_weight=32.300000071525574 43.25000011920929 47.850000381469727 27.350000023841858 30.250000238418579 28.100000143051147
leaf_count=31 41 41 27 26 26
internal_value=0.000591338 0.00294825 -0.00298713 0 0.00178888
internal_weight=209.1 138.5 70.6 90.65 58.35
internal_count=192 124 68 83 52
is_linear=0
shrinkage=0.0216861


Tree=97
num_leaves=6
num_cat=0
split_feature=10 8 6 6 6
split_gain=2.09796 3.89641 3.07878 3.44115 0.339214
threshold=32.228571428571435 34.692857142857157 26.082857142857147 26.713571428571431 27.161428571428573
decision_type=2 2 2 2 2
left_child=2 -2 -1 -4 -5
right_child=1 -3 3 4 -6
leaf_value=-0.047397062739565433 -0.10339994983445799 -0.00092611997046153902 0.16150966008419279 -0.042624851549958917 0.0047961952894954255
leaf_weight=35.650000095367432 32.650000095367432 30.350000023841858 32.000000238418579 34.500000238418579 43.950000286102295
leaf_count=34 31 30 28 30 39
internal_value=0.000796303 -0.00187708 0.00244724 0.00443871 0.000835788
internal_weight=209.1 63 146.1 110.45 78.45
internal_count=192 61 131 97 69
is_linear=0
shrinkage=0.0216861


Tree=98
num_leaves=6
num_cat=0
split_feature=7 10 10 3 0
split_gain=4.54387 3.08081 4.08496 1.51968 1.25491
threshold=4.7521428571428581 32.228571428571435 29.245000000000005 30.454285714285721 29.494285714285713
decision_type=2 2 2 2 2
left_child=3 2 -2 4 -1
right_child=1 -3 -4 -5 -6
leaf_value=0.14095274470791158 -0.079828800516595397 -0.083111567565592431 0.042103315069422803 0.26676948519201404 -0.11356695278428461
leaf_weight=29.400000214576721 30.550000071525574 32.600000023841858 40.850000262260437 44.950000286102295 30.75000011920929
leaf_count=26 29 32 36 40 29
internal_value=0.000591338 -0.00217255 0 0.00398426 0.00028385
internal_weight=209.1 104 71.4 105.1 60.15
internal_count=192 97 65 95 55
is_linear=0
shrinkage=0.0216861


Tree=99
num_leaves=6
num_cat=0
split_feature=7 6 0 9 3
split_gain=2.94976 3.09356 3.15036 2.77135 2.01468
threshold=4.7521428571428581 26.79928571428572 30.382857142857148 31.548571428571432 29.201428571428576
decision_type=2 2 2 2 2
left_child=1 -1 -3 4 -2
right_child=3 2 -4 -5 -6
leaf_value=0.18473520617899719 -0.05655517025902243 -0.099649514720726209 0.21471968105241518 -0.069895933476262578 0.01217294399798605
leaf_weight=35.700000286102295 32.600000143051147 27.75000011920929 41.650000214576721 38.700000047683716 32.700000166893005
leaf_count=31 30 26 38 38 29
internal_value=0.000386372 0.00317815 0 -0.00176533 0
internal_weight=209.1 105.1 69.4 104 65.3
internal_count=192 95 64 97 59
is_linear=0
shrinkage=0.0216861


Tree=100
num_leaves=6
num_cat=0
split_feature=9 2 8 10 2
split_gain=2.36593 6.36128 3.66924 2.23601 1.65028
threshold=32.587857142857146 29.822857142857142 34.692857142857157 28.940000000000001 29.069285714285719
decision_type=2 2 2 2 2
left_child=1 3 -2 -1 -5
right_child=2 -3 -4 4 -6
leaf_value=-0.086312950167940869 -0.091006297367615493 0.031697379545631413 0.0027770729609996993 0.044733744313233473 -0.11281972131977198
leaf_weight=31.00000011920929 29.700000047683716 69.100000500679016 27.350000023841858 29.550000190734863 27.050000071525574
leaf_count=29 29 60 27 26 26
internal_value=0 0.00154876 -0.00350288 -0.00170156 0
internal_weight=213.75 156.7 57.05 87.6 56.6
internal_count=197 141 56 81 52
is_linear=0
shrinkage=0.0216861


Tree=101
num_leaves=6
num_cat=0
split_feature=6 3 6 3 9
split_gain=1.92085 4.02793 4.14267 2.62598 0.988749
threshold=27.509999999999998 29.451428571428579 26.082857142857147 34.59928571428572 29.970000000000002
decision_type=2 2 2 2 2
left_child=1 2 -1 -2 -3
right_child=3 4 -4 -5 -6
leaf_value=-0.10880115429011457 -0.074200708513207161 0.13735411747169229 0.0010120860923191674 0.0042771187195051507 -0.0009044202270523438
leaf_weight=29.350000023841858 42.100000143051147 36.200000286102295 39.200000286102295 26.350000023841858 40.550000190734863
leaf_count=29 40 31 34 26 37
internal_value=4.213e-05 0.00175624 -0.00125742 -0.00251224 0.00531365
internal_weight=213.75 145.3 68.55 68.45 76.75
internal_count=197 131 63 66 68
is_linear=0
shrinkage=0.0216861


Tree=102
num_leaves=6
num_cat=0
split_feature=7 1 6 1 3
split_gain=3.22226 3.31182 4.96069 1.84494 2.95533
threshold=2.4500000000000011 32.872142857142862 26.210714285714293 29.490714285714287 30.745714285714289
decision_type=2 2 2 2 2
left_child=3 2 -2 -1 -5
right_child=1 -3 -4 4 -6
leaf_value=0.090615117858995356 -0.10773362471627157 -0.088019215837423045 0.089127160326881186 -0.098690133975506661 0.18545044832786639
leaf_weight=33.400000214576721 30.600000023841858 29 58.050000429153442 29.00000011920929 33.700000166893005
leaf_count=30 30 29 50 27 31
internal_value=4.213e-05 -0.00198892 0 0.00324829 0
internal_weight=213.75 117.65 88.65 96.1 62.7
internal_count=197 109 80 88 58
is_linear=0
shrinkage=0.0216861


Tree=103
num_leaves=6
num_cat=0
split_feature=9 2 10 9 2
split_gain=2.10538 5.46161 2.23601 1.84945 1.65028
threshold=32.587857142857146 29.822857142857142 28.940000000000001 34.61357142857144 29.069285714285719
decision_type=2 2 2 2 2
left_child=1 2 -1 -2 -4
right_child=3 -3 4 -5 -6
leaf_value=-0.079173318434298756 -0.10633605792937365 0.028211144471492734 0.049660518346751718 -0.0091855689245665915 -0.10586876039559073
leaf_weight=31.00000011920929 26.700000047683716 69.100000500679016 29.550000190734863 30.350000023841858 27.050000071525574
leaf_count=29 26 60 26 30 26
internal_value=0 0.00127633 -0.00170156 -0.00350288 0
internal_weight=213.75 156.7 87.6 57.05 56.6
internal_count=197 141 81 56 52
is_linear=0
shrinkage=0.0216861


Tree=104
num_leaves=6
num_cat=0
split_feature=10 3 6 6 7
split_gain=2.89697 4.09928 1.75211 7.12403 0.543488
threshold=32.433571428571433 30.360000000000003 26.082857142857147 26.79928571428572 4.0821428571428582
decision_type=2 2 2 2 2
left_child=1 2 -1 -4 -2
right_child=4 -3 3 -5 -6
leaf_value=-0.048176743666628788 -0.020761888038610132 0.24811555262259463 0.16472291283337542 -0.087772538096730343 -0.084122967148140243
leaf_weight=37.050000071525574 28.050000071525574 39.850000381469727 34.200000286102295 33.600000143051147 29.600000023841858
leaf_count=36 27 33 29 31 29
internal_value=0 0.00167501 0 0.00137879 -0.00397263
internal_weight=202.35 144.7 104.85 67.8 57.65
internal_count=185 129 96 60 56
is_linear=0
shrinkage=0.0216861


Tree=105
num_leaves=5
num_cat=0
split_feature=8 2 0 2
split_gain=4.09759 4.37256 1.84542 1.49413
threshold=31.820000000000011 29.822857142857142 29.445000000000004 34.692857142857157
decision_type=2 2 2 2
left_child=1 2 -1 -2
right_child=3 -3 -4 -5
leaf_value=-0.074608859870489902 -0.089472482957412905 0.071292352235479139 0.078870663045607123 -0.013046569323640053
leaf_weight=43.700000166893005 37.00000011920929 54.450000405311584 40.200000286102295 27
leaf_count=41 35 47 35 27
internal_value=-3.38883e-05 0.00169663 -0.000695231 -0.00478348
internal_weight=202.35 138.35 83.9 64
internal_count=185 123 76 62
is_linear=0
shrinkage=0.0216861


Tree=106
num_leaves=6
num_cat=0
split_feature=7 6 6 6 3
split_gain=2.91499 4.38277 2.90063 6.43314 1.13505
threshold=4.0821428571428582 26.79928571428572 27.754999999999999 26.523571428571433 31.164285714285722
decision_type=2 2 2 2 2
left_child=1 -1 3 -2 -3
right_child=2 4 -4 -5 -6
leaf_value=0.16376434888185962 -0.071989085337176476 -0.1005554143783768 -0.082908156194569649 0.43397521638202557 -0.0057967250394558552
leaf_weight=39.700000286102295 37.650000095367432 28.400000095367432 26.350000023841858 38.900000333786011 31.350000143051147
leaf_count=35 36 27 26 32 29
internal_value=-0.000457326 0.00172713 -0.00324448 -3.29515e-05 -0.00101716
internal_weight=202.35 99.45 102.9 76.55 59.75
internal_count=185 91 94 68 56
is_linear=0
shrinkage=0.0216861


Tree=107
num_leaves=5
num_cat=0
split_feature=5 0 5 1
split_gain=4.39698 4.22239 2.79656 1.11951
threshold=31.820000000000011 30.170714285714293 34.499285714285726 29.350000000000005
decision_type=2 2 2 2
left_child=1 3 -2 -1
right_child=2 -3 -4 -5
leaf_value=0.0025554373214347996 -0.1007714910618083 0.17619331422106102 -0.031942716746901689 -0.049070700342159844
leaf_weight=50.000000238418579 36.75000011920929 39.850000381469727 30 45.750000238418579
leaf_count=46 35 33 30 41
internal_value=-0.000245607 0.00161265 -0.00498495 -0.000203078
internal_weight=202.35 135.6 66.75 95.75
internal_count=185 120 65 87
is_linear=0
shrinkage=0.0216861


Tree=108
num_leaves=5
num_cat=0
split_feature=0 7 8 8
split_gain=4.69787 1.77865 1.11532 1.63857
threshold=32.887142857142869 13.140714285714287 29.494285714285713 30.382857142857148
decision_type=2 2 2 2
left_child=1 2 -1 -4
right_child=-2 -3 3 -5
leaf_value=0.11767077377198562 -0.081253638203957493 -0.017215318241104248 -0.055539191211119741 0.025810658819009801
leaf_weight=52.800000429153442 43.050000071525574 39.50000011920929 34.75000011920929 40.600000262260437
leaf_count=45 42 37 33 36
internal_value=0 0.00131527 0.00279175 5.60604e-06
internal_weight=210.7 167.65 128.15 75.35
internal_count=193 151 114 69
is_linear=0
shrinkage=0.0216861


Tree=109
num_leaves=6
num_cat=0
split_feature=7 7 1 6 0
split_gain=3.55671 2.39311 2.04913 1.84407 1.75687
threshold=4.0821428571428582 9.326428571428572 29.550714285714289 26.609285714285718 30.480714285714289
decision_type=2 2 2 2 2
left_child=2 -2 -1 -3 -4
right_child=1 3 4 -5 -6
leaf_value=0.13306120921389358 -0.080214974179408163 -0.056823484546694475 -0.10819113302885344 0.0045249314376672447 -0.047432008719018814
leaf_weight=39.450000286102295 42.450000166893005 30.350000023841858 29.350000143051147 38.400000214576721 30.700000166893005
leaf_count=35 39 30 27 34 28
internal_value=0 -0.00295043 0.00258728 0 0
internal_weight=210.7 111.2 99.5 68.75 60.05
internal_count=193 103 90 64 55
is_linear=0
shrinkage=0.0216861


Tree=110
num_leaves=6
num_cat=0
split_feature=9 3 5 6 6
split_gain=2.64508 2.5985 2.55627 2.02882 2.95095
threshold=31.820000000000011 30.360000000000003 34.61357142857144 26.832857142857147 26.047142857142859
decision_type=2 2 2 2 2
left_child=1 3 -2 4 -1
right_child=2 -3 -4 -5 -6
leaf_value=-0.034431694421527 -0.081361100252217031 0.20299831019386089 -0.0025200641119599992 -0.093514860510554854 0.014266820638438846
leaf_weight=35.75000011920929 40.75000011920929 34.400000333786011 26.350000023841858 27.75000011920929 45.700000286102295
leaf_count=34 39 28 26 26 40
internal_value=0 0.00152435 -0.00360465 0 0.00158082
internal_weight=210.7 143.6 67.1 109.2 81.45
internal_count=193 128 65 100 74
is_linear=0
shrinkage=0.0216861


Tree=111
num_leaves=5
num_cat=0
split_feature=0 3 6 7
split_gain=4.69787 1.78134 3.19217 2.42895
threshold=32.887142857142869 30.360000000000003 26.832857142857147 11.352857142857147
decision_type=2 2 2 2
left_child=1 2 3 -1
right_child=-2 -3 -4 -5
leaf_value=0.05219232506765209 -0.077825289024712099 0.003361491236633042 -0.089897194064018221 -0.05309517230443761
leaf_weight=58.950000405311584 43.050000071525574 48.400000333786011 29.75000011920929 30.550000071525574
leaf_count=52 42 42 28 29
internal_value=0 0.00131527 0 0.00192569
internal_weight=210.7 167.65 119.25 89.5
internal_count=193 151 109 81
is_linear=0
shrinkage=0.0216861


Tree=112
num_leaves=5
num_cat=0
split_feature=0 11 10 3
split_gain=2.07077 2.34032 3.44885 1.3922
threshold=32.887142857142869 26.129285714285718 29.494285714285713 31.067142857142859
decision_type=2 2 2 2
left_child=1 -1 -3 -4
right_child=-2 2 3 -5
leaf_value=-0.025214518381622961 -0.034679851549391204 0.15272193717674118 -0.066555474498948303 0.02920156338469683
leaf_weight=46.75000011920929 52.050000071525574 34.450000286102295 53.450000286102295 29.550000190734863
leaf_count=45 51 29 49 26
internal_value=0 0.00141404 0.00327578 0
internal_weight=216.25 164.2 117.45 83
internal_count=200 149 104 75
is_linear=0
shrinkage=0.0216861


Tree=113
num_leaves=6
num_cat=0
split_feature=7 6 7 6 1
split_gain=3.40211 3.49382 2.11634 2.29139 0.637974
threshold=4.0821428571428582 26.79928571428572 9.326428571428572 26.609285714285718 31.975000000000005
decision_type=2 2 2 2 2
left_child=1 -1 -2 -4 -3
right_child=2 4 3 -5 -6
leaf_value=0.16741321437257667 -0.072161587607239855 -0.090551714769655289 -0.068536770959337315 0.0026171042207305604 -0.040846347844679005
leaf_weight=38.800000309944153 40.850000143051147 31.400000095367432 28.350000023841858 44.150000214576721 32.700000166893005
leaf_count=34 38 30 28 40 30
internal_value=9.1215e-05 0.00320333 -0.00211889 0 0
internal_weight=216.25 102.9 113.35 72.5 64.1
internal_count=200 94 106 68 60
is_linear=0
shrinkage=0.0216861


Tree=114
num_leaves=6
num_cat=0
split_feature=7 7 11 3 2
split_gain=3.0107 1.8307 1.66311 1.52864 2.28943
threshold=4.0821428571428582 -6.2249999999999996 27.129285714285718 32.395000000000003 28.950714285714287
decision_type=2 2 2 2 2
left_child=1 -1 -3 4 -2
right_child=3 2 -4 -5 -6
leaf_value=-0.0059771912700480549 -0.082156745404114273 0.17529950775256689 -0.098211384853147163 -0.07006770457306162 0.002032323982786978
leaf_weight=34.450000166893005 27.900000095367432 38.800000309944153 29.650000095367432 33.600000023841858 51.850000262260437
leaf_count=32 26 34 28 33 47
internal_value=0.000289481 0.00320333 0.00523227 -0.00174453 0
internal_weight=216.25 102.9 68.45 113.35 79.75
internal_count=200 94 62 106 73
is_linear=0
shrinkage=0.0216861


Tree=115
num_leaves=5
num_cat=0
split_feature=7 9 3 2
split_gain=3.40211 2.06484 1.17234 1.88852
threshold=4.0821428571428582 32.587857142857146 32.395000000000003 29.822857142857142
decision_type=2 2 2 2
left_child=1 -1 3 -2
right_child=2 -3 -4 -5
leaf_value=0.12521462246124515 -0.047163349467676426 -0.030898954633407853 -0.068548210293227746 -0.0134067070015755
leaf_weight=73.550000548362732 43.25000011920929 29.350000023841858 33.600000023841858 36.500000238418579
leaf_count=65 41 29 33 32
internal_value=9.1215e-05 0.00320333 -0.00211889 0
internal_weight=216.25 102.9 113.35 79.75
internal_count=200 94 106 73
is_linear=0
shrinkage=0.0216861


Tree=116
num_leaves=5
num_cat=0
split_feature=1 1 10 7
split_gain=4.99605 3.99932 1.99856 1.67651
threshold=32.530000000000008 30.132142857142863 29.822857142857142 6.9428571428571439
decision_type=2 2 2 2
left_child=1 2 3 -1
right_child=-2 -3 -4 -5
leaf_value=-0.0089183423464687054 -0.068989582851924955 0.28193403379662657 0.042858823695978827 -0.067233677094126434
leaf_weight=33.450000166893005 51.400000095367432 46.000000357627869 51.050000309944153 29.600000023841858
leaf_count=31 50 39 46 29
internal_value=1.72396e-05 0.00223654 0 -0.0025207
internal_weight=211.5 160.1 114.1 63.05
internal_count=195 145 106 60
is_linear=0
shrinkage=0.0216861


Tree=117
num_leaves=5
num_cat=0
split_feature=9 11 6 6
split_gain=4.97748 2.7949 1.28248 0.837896
threshold=32.228571428571435 26.129285714285718 27.877142857142861 26.79928571428572
decision_type=2 2 2 2
left_child=1 -1 -2 -3
right_child=2 3 -4 -5
leaf_value=-0.021397001467985791 -0.002331255774031005 0.16249643958818918 -0.084889243556530242 0.02091225771785633
leaf_weight=52.700000166893005 26.350000023841858 39.900000333786011 32 60.550000429153442
leaf_count=50 26 34 32 53
internal_value=0 0.00220405 -0.00510286 0.00444856
internal_weight=211.5 153.15 58.35 100.45
internal_count=195 137 58 87
is_linear=0
shrinkage=0.0216861


Tree=118
num_leaves=5
num_cat=0
split_feature=0 3 0 2
split_gain=4.76639 3.98186 2.66729 1.65577
threshold=32.228571428571435 30.454285714285721 28.949285714285718 29.077142857142857
decision_type=2 2 2 2
left_child=1 2 -1 -4
right_child=-2 -3 3 -5
leaf_value=0.017446269942394971 -0.065498031366714532 0.15998422887248862 -0.03070123450245647 -0.057513344379096346
leaf_weight=42.250000238418579 54.400000095367432 32.850000262260437 31.000000238418579 51.00000011920929
leaf_count=38 53 28 27 49
internal_value=0 0.00187097 0 -0.0022249
internal_weight=211.5 157.1 124.25 82
internal_count=195 142 114 76
is_linear=0
shrinkage=0.0216861


Tree=119
num_leaves=6
num_cat=0
split_feature=9 10 2 7 9
split_gain=5.98443 5.59892 5.25199 2.66588 1.21165
threshold=32.228571428571435 29.822857142857142 34.499285714285726 10.022857142857145 29.422142857142862
decision_type=2 2 2 2 2
left_child=1 3 -2 4 -1
right_child=2 -3 -4 -5 -6
leaf_value=0.040606483378621494 -0.085100952205946129 0.1685535185708496 0.0015316410349171777 -0.05792212862969514 -0.063840896574358638
leaf_weight=32.250000238418579 32.350000023841858 62.950000524520874 26 29.600000023841858 28.350000143051147
leaf_count=28 32 54 26 29 26
internal_value=0 0.00220405 -0.00581555 -0.00057781 0.00112374
internal_weight=211.5 153.15 58.35 90.2 60.6
internal_count=195 137 58 83 54
is_linear=0
shrinkage=0.0216861


Tree=120
num_leaves=5
num_cat=0
split_feature=5 5 6 9
split_gain=1.77268 5.20131 2.08201 1.17674
threshold=34.499285714285726 32.022857142857148 26.082857142857147 29.970000000000002
decision_type=2 2 2 2
left_child=1 2 -1 -4
right_child=-2 -3 3 -5
leaf_value=-0.044784491362572676 0.031248673623958053 -0.078706081067070222 0.036422058305137846 -0.0031332610408811995
leaf_weight=36.650000095367432 34.350000023841858 29.300000071525574 54.950000405311584 43.250000238418579
leaf_count=35 34 28 48 39
internal_value=0 -0.00110867 0.000239999 0.00234074
internal_weight=198.5 164.15 134.85 98.2
internal_count=184 150 122 87
is_linear=0
shrinkage=0.0216861


Tree=121
num_leaves=5
num_cat=0
split_feature=2 0 0 0
split_gain=1.95118 3.57616 3.50681 2.3818
threshold=34.987857142857152 32.587857142857146 30.382857142857148 29.067142857142866
decision_type=2 2 2 2
left_child=1 2 3 -1
right_child=-2 -3 -4 -5
leaf_value=-0.0020447693548546779 0.030571012194725855 -0.061038141054802944 0.038347645906308736 -0.043825804405390523
leaf_weight=44.650000214576721 26.350000023841858 33.050000071525574 34.200000286102295 60.250000238418579
leaf_count=41 26 32 29 56
internal_value=0 -0.000809562 0.000271081 -0.00116502
internal_weight=198.5 172.15 139.1 104.9
internal_count=184 158 126 97
is_linear=0
shrinkage=0.0216861


Tree=122
num_leaves=5
num_cat=0
split_feature=2 9 0 0
split_gain=1.82476 3.79447 2.01788 1.98516
threshold=34.987857142857152 31.820000000000011 30.105000000000004 29.067142857142866
decision_type=2 2 2 2
left_child=1 2 3 -1
right_child=-2 -3 -4 -5
leaf_value=-0.00040908903666535696 0.029908046589649111 -0.065192745617642753 0.054631000212765631 -0.061980016675903998
leaf_weight=41.300000190734863 26.350000023841858 40.050000071525574 43.250000357627869 47.550000190734863
leaf_count=38 26 39 37 44
internal_value=0 -0.000561235 0.000768496 -0.000432054
internal_weight=198.5 172.15 132.1 88.85
internal_count=184 158 119 82
is_linear=0
shrinkage=0.0216861


Tree=123
num_leaves=5
num_cat=0
split_feature=5 5 2 5
split_gain=1.59219 5.46564 3.49562 1.44472
threshold=34.499285714285726 31.955714285714283 30.170714285714293 28.886428571428574
decision_type=2 2 2 2
left_child=1 2 3 -1
right_child=-2 -3 -4 -5
leaf_value=0.0011456999593072593 0.029259458113818703 -0.062995038400834327 0.0075839230246598959 -0.050325095839436056
leaf_weight=33.800000190734863 34.350000023841858 32.650000095367432 34.700000286102295 63.000000238418579
leaf_count=30 34 31 30 59
internal_value=0 -0.000848423 0.000674841 -0.000845131
internal_weight=198.5 164.15 131.5 96.8
internal_count=184 150 119 89
is_linear=0
shrinkage=0.0216861


Tree=124
num_leaves=5
num_cat=0
split_feature=0 3 8 6
split_gain=4.82056 4.93709 1.64669 4.46203
threshold=32.887142857142869 30.454285714285721 29.494285714285713 25.998571428571427
decision_type=2 2 2 2
left_child=1 2 3 -1
right_child=-2 -3 -4 -5
leaf_value=-0.039646724546631228 -0.068259259187039151 0.22496756167926821 -0.067251763783660393 0.054575684209406256
leaf_weight=28.700000047683716 48.350000023841858 40.400000333786011 51.700000166893005 44.150000333786011
leaf_count=28 48 34 49 38
internal_value=0.000197974 0.00228184 0 0.00216411
internal_weight=213.3 164.95 124.55 72.85
internal_count=197 149 115 66
is_linear=0
shrinkage=0.0216861


Tree=125
num_leaves=5
num_cat=0
split_feature=9 5 0 0
split_gain=5.5959 2.77465 1.99237 1.72738
threshold=31.955714285714283 34.61357142857144 29.822857142857142 29.067142857142866
decision_type=2 2 2 2
left_child=2 -2 3 -1
right_child=1 -3 -4 -5
leaf_value=-0.0025927149742161889 -0.08034240750514568 -0.033920653901178557 0.084848270104656953 -0.066056135343788999
leaf_weight=44.300000190734863 35.050000071525574 28 61.000000476837158 44.950000166893005
leaf_count=41 34 28 52 42
internal_value=0 -0.00516706 0.00240205 0
internal_weight=213.3 63.05 150.25 89.25
internal_count=197 62 135 83
is_linear=0
shrinkage=0.0216861


Tree=126
num_leaves=5
num_cat=0
split_feature=9 2 0 0
split_gain=5.5959 4.1268 1.99237 1.72738
threshold=31.955714285714283 34.692857142857157 29.822857142857142 29.067142857142866
decision_type=2 2 2 2
left_child=2 -2 3 -1
right_child=1 -3 -4 -5
leaf_value=-0.0025364891338441257 -0.080074982042989323 -0.0089203317422557587 0.083008243206909901 -0.064623636299979734
leaf_weight=44.300000190734863 37.050000071525574 26 61.000000476837158 44.950000166893005
leaf_count=41 36 26 52 42
internal_value=0 -0.00516706 0.00240205 0
internal_weight=213.3 63.05 150.25 89.25
internal_count=197 62 135 83
is_linear=0
shrinkage=0.0216861


Tree=127
num_leaves=5
num_cat=0
split_feature=0 3 8 6
split_gain=5.88618 4.93709 0.860059 3.6233
threshold=32.887142857142869 30.454285714285721 29.494285714285713 25.998571428571427
decision_type=2 2 2 2
left_child=1 2 3 -1
right_child=-2 -3 -4 -5
leaf_value=-0.044141185790850135 -0.063518495412262815 0.22712720830892025 -0.062959403448563225 0.055303861752455552
leaf_weight=28.700000047683716 48.350000023841858 40.400000333786011 51.700000166893005 44.150000333786011
leaf_count=28 48 34 49 38
internal_value=0 0.00228184 0 0.00158856
internal_weight=213.3 164.95 124.55 72.85
internal_count=197 149 115 66
is_linear=0
shrinkage=0.0216861


Tree=128
num_leaves=5
num_cat=0
split_feature=10 5 1 5
split_gain=3.00714 2.86564 1.27619 1.14691
threshold=33.472857142857144 30.382857142857148 29.550714285714289 29.287857142857145
decision_type=2 2 2 2
left_child=1 2 3 -1
right_child=-2 -3 -4 -5
leaf_value=-0.053958388132881258 -0.057428293963562818 0.033091511474471307 -0.053940805417796361 0.035124507196087847
leaf_weight=40.75000011920929 49.350000023841858 48.500000357627869 43.500000238418579 32.050000190734863
leaf_count=39 49 42 39 29
internal_value=0 0.0012275 -6.75596e-05 0.000999282
internal_weight=214.15 164.8 116.3 72.8
internal_count=198 149 107 68
is_linear=0
shrinkage=0.0216861


Tree=129
num_leaves=5
num_cat=0
split_feature=10 5 7 6
split_gain=2.80339 2.1329 2.07406 1.63567
threshold=33.472857142857144 28.758571428571432 -5.4992857142857146 27.294285714285724
decision_type=2 2 2 2
left_child=1 -1 -3 -4
right_child=-2 2 3 -5
leaf_value=-0.086222525314333526 -0.056182899031475927 -0.0091136145522899472 0.15348641537402144 -0.045301407070421601
leaf_weight=29.900000095367432 49.350000023841858 29.350000143051147 78.250000596046448 27.300000071525574
leaf_count=28 49 27 68 26
internal_value=-5.20614e-05 0.000968264 0.00245733 0.00405798
internal_weight=214.15 164.8 134.9 105.55
internal_count=198 149 121 94
is_linear=0
shrinkage=0.0216861


Tree=130
num_leaves=5
num_cat=0
split_feature=10 5 10 4
split_gain=2.2878 2.77478 0.697414 1.24002
threshold=33.472857142857144 30.382857142857148 29.822857142857142 29.430714285714291
decision_type=2 2 2 2
left_child=1 2 3 -1
right_child=-2 -3 -4 -5
leaf_value=-0.045289133986521526 -0.054964511841214897 0.033792280426098067 0.039758936580031386 -0.040018794002735371
leaf_weight=38.950000047683716 49.350000023841858 48.500000357627869 38.750000238418579 38.600000262260437
leaf_count=38 49 42 35 34
internal_value=-0.000652625 0.000190555 -0.00116275 -0.00247047
internal_weight=214.15 164.8 116.3 77.55
internal_count=198 149 107 72
is_linear=0
shrinkage=0.0216861


Tree=131
num_leaves=6
num_cat=0
split_feature=10 0 4 0 7
split_gain=1.85266 1.9039 2.52685 1.77841 0.696053
threshold=33.472857142857144 30.105000000000004 32.022857142857148 29.494285714285713 10.022857142857145
decision_type=2 2 2 2 2
left_child=1 3 -3 4 -1
right_child=-2 2 -4 -5 -6
leaf_value=0.037375361636974018 -0.053772546700562959 0.19579199717322363 -0.0088329220309212638 -0.067485468389121797 -0.034565773736646453
leaf_weight=45.050000309944153 49.350000023841858 34.250000357627869 28.550000071525574 27.300000071525574 29.650000095367432
leaf_count=40 49 28 27 26 28
internal_value=-5.20614e-05 0.000709028 0.00380878 -0.000554071 0.000384842
internal_weight=214.15 164.8 62.8 102 74.7
internal_count=198 149 55 94 68
is_linear=0
shrinkage=0.0216861


Tree=132
num_leaves=6
num_cat=0
split_feature=7 5 5 5 11
split_gain=4.51842 2.33763 2.65617 1.01269 2.37873
threshold=4.0821428571428582 31.820000000000011 29.900000000000002 31.079285714285717 26.250000000000004
decision_type=2 2 2 2 2
left_child=1 2 -1 4 -2
right_child=3 -3 -4 -5 -6
leaf_value=-0.017679589919544013 -0.031016059339445099 -0.015817856708351154 0.21732422647850838 -0.050316541122135593 0.050237462697255188
leaf_weight=56.150000333786011 35.950000047683716 29.700000047683716 33.050000309944153 40.400000095367432 35.350000262260437
leaf_count=51 35 29 28 39 30
internal_value=0 0.00278117 0.00469869 -0.00322234 -0.00040257
internal_weight=230.6 118.9 89.2 111.7 71.3
internal_count=212 108 79 104 65
is_linear=0
shrinkage=0.0216861


Tree=133
num_leaves=6
num_cat=0
split_feature=3 5 5 5 1
split_gain=3.64399 3.56662 3.40548 1.13761 2.21658
threshold=32.135714285714293 34.61357142857144 28.722857142857148 30.382857142857148 28.965714285714288
decision_type=2 2 2 2 2
left_child=2 -2 -1 4 -4
right_child=1 -3 3 -5 -6
leaf_value=-0.090021845935088371 -0.082473907371933733 -0.015145223160685374 0.046826766054148573 0.19655451219744427 -0.014475926702993911
leaf_weight=32.25000011920929 31.650000095367432 27.350000023841858 34.700000166893005 37.650000333786011 67.000000357627869
leaf_count=30 30 27 32 32 61
internal_value=-6.52379e-06 -0.00481976 0.0012792 0.00306052 0.000909445
internal_weight=230.6 59 171.6 139.35 101.7
internal_count=212 57 155 125 93
is_linear=0
shrinkage=0.0216861


Tree=134
num_leaves=6
num_cat=0
split_feature=5 2 5 1 4
split_gain=2.13202 3.93488 3.33877 1.23347 1.78098
threshold=31.820000000000011 34.61357142857144 28.722857142857148 28.965714285714288 29.822857142857142
decision_type=2 2 2 2 2
left_child=2 -2 -1 -4 -5
right_child=1 -3 3 4 -6
leaf_value=-0.088069624426021773 -0.074128935710169888 0.021304129248889456 0.063550529458412011 -0.014197538373173798 0.019898390646192844
leaf_weight=32.25000011920929 37.75000011920929 28.350000023841858 37.650000214576721 48.000000238418579 46.600000381469727
leaf_count=30 36 28 34 44 40
internal_value=0 -0.0033411 0.00119075 0.00304475 0.000730286
internal_weight=230.6 66.1 164.5 132.25 94.6
internal_count=212 64 148 118 84
is_linear=0
shrinkage=0.0216861


Tree=135
num_leaves=6
num_cat=0
split_feature=5 2 5 1 4
split_gain=1.93632 3.93488 3.00253 1.67188 1.20085
threshold=31.820000000000011 34.61357142857144 28.722857142857148 28.965714285714288 29.822857142857142
decision_type=2 2 2 2 2
left_child=2 -2 -1 -4 -5
right_child=1 -3 3 4 -6
leaf_value=-0.086159738960844015 -0.072521369221898169 0.020842126065999757 0.062172367199767174 -0.013889649332463663 0.01946687243178831
leaf_weight=32.25000011920929 37.75000011920929 28.350000023841858 37.650000214576721 48.000000238418579 46.600000381469727
leaf_count=30 36 28 34 44 40
internal_value=-6.52379e-06 -0.0033411 0.000931048 0.0027229 0.000283645
internal_weight=230.6 66.1 164.5 132.25 94.6
internal_count=212 64 148 118 84
is_linear=0
shrinkage=0.0216861


Tree=136
num_leaves=4
num_cat=0
split_feature=8 8 9
split_gain=8.40267 2.00254 1.52962
threshold=31.820000000000011 34.857142857142861 29.132857142857144
decision_type=2 2 2
left_child=2 -2 -1
right_child=1 -3 -4
leaf_value=-0.0010459692386950131 -0.075144429637222801 -0.014130718365318705 0.11608069155776793
leaf_weight=52.600000262260437 39.050000071525574 26.350000023841858 82.850000619888306
leaf_count=48 38 26 72
internal_value=0 -0.00615387 0.00316276
internal_weight=200.85 65.4 135.45
internal_count=184 64 120
is_linear=0
shrinkage=0.0216861


Tree=137
num_leaves=5
num_cat=0
split_feature=0 0 0 0
split_gain=3.77527 3.46255 2.1776 0.493062
threshold=31.820000000000011 29.822857142857142 28.965714285714288 34.654285714285727
decision_type=2 2 2 2
left_child=1 2 -1 -2
right_child=3 -3 -4 -5
leaf_value=0.037719739983820014 -0.080584485119792174 0.2546048107297974 -0.039163328998553688 -0.095149375748628709
leaf_weight=44.000000238418579 38.25000011920929 47.200000405311584 45.050000190734863 26.350000023841858
leaf_count=40 36 40 42 26
internal_value=0 0.00233183 0 -0.00390051
internal_weight=200.85 136.25 89.05 64.6
internal_count=184 122 82 62
is_linear=0
shrinkage=0.0216861


Tree=138
num_leaves=6
num_cat=0
split_feature=8 11 2 5 2
split_gain=5.81374 2.67664 1.86598 1.83651 0.395152
threshold=31.820000000000011 25.973571428571429 29.460714285714289 34.61357142857144 30.260000000000009
decision_type=2 2 2 2 2
left_child=1 -1 -3 -2 -4
right_child=3 2 4 -5 -6
leaf_value=-0.0019081034534092346 -0.079755850929097899 0.05005312285741613 -0.033245264395019326 -0.0043530551971009707 0.16513412310104567
leaf_weight=31.050000071525574 38.050000071525574 42.850000381469727 28.100000143051147 27.350000023841858 33.450000286102295
leaf_count=30 37 36 26 27 28
internal_value=0 0.00284837 0.00467975 -0.00487648 0.000751604
internal_weight=200.85 135.45 104.4 65.4 61.55
internal_count=184 120 90 64 54
is_linear=0
shrinkage=0.0216861


Tree=139
num_leaves=5
num_cat=0
split_feature=8 5 9 2
split_gain=5.81374 1.83651 1.21611 1.64193
threshold=31.820000000000011 34.61357142857144 29.132857142857144 29.494285714285713
decision_type=2 2 2 2
left_child=2 -2 -1 -4
right_child=1 -3 3 -5
leaf_value=-0.0021782204843964 -0.078026258672458715 -0.0042586544669486123 0.16041663372717119 0.00012780010151483784
leaf_weight=52.600000262260437 38.050000071525574 27.350000023841858 32.950000286102295 49.900000333786011
leaf_count=48 37 27 28 44
internal_value=0 -0.00487648 0.00284837 0.0044512
internal_weight=200.85 65.4 135.45 82.85
internal_count=184 64 120 72
is_linear=0
shrinkage=0.0216861


Tree=140
num_leaves=6
num_cat=0
split_feature=2 2 7 7 1
split_gain=2.42414 2.88737 1.26972 2.34009 2.61263
threshold=29.335714285714285 28.722857142857148 -3.5749999999999997 11.081428571428576 30.186428571428578
decision_type=2 2 2 2 2
left_child=1 -1 -2 4 -4
right_child=2 -3 3 -5 -6
leaf_value=-0.041973636382706223 -0.0044715776136577045 0.025511934223083531 -0.003370132604623449 -0.0082493215402900388 -0.064170429655838704
leaf_weight=34.200000166893005 40.650000214576721 40.450000286102295 30.700000166893005 34.200000166893005 37.350000023841858
leaf_count=31 37 36 28 31 37
internal_value=-0.000110385 0.00261954 -0.00205368 -0.00339917 -0.00572296
internal_weight=217.55 74.65 142.9 102.25 68.05
internal_count=200 67 133 96 65
is_linear=0
shrinkage=0.0216861


Tree=141
num_leaves=6
num_cat=0
split_feature=9 8 10 8 2
split_gain=2.44211 3.41877 2.37816 1.67551 1.88371
threshold=32.587857142857146 34.692857142857157 30.21285714285715 28.680000000000003 29.335714285714285
decision_type=2 2 2 2 2
left_child=2 -2 3 -1 -5
right_child=1 -3 -4 4 -6
leaf_value=-0.078405820287619915 -0.069612314968821171 -0.0085777483577677751 0.16862620338662959 0.0048286939115850429 -0.020041174217727803
leaf_weight=30.200000166893005 32.700000047683716 28.350000023841858 44.600000381469727 36.650000214576721 45.050000190734863
leaf_count=27 32 28 38 33 42
internal_value=-0.000110385 -0.00396484 0.000977891 -0.000145978 -0.00231009
internal_weight=217.55 61.05 156.5 111.9 81.7
internal_count=200 60 140 102 75
is_linear=0
shrinkage=0.0216861


Tree=142
num_leaves=5
num_cat=0
split_feature=3 5 0 4
split_gain=2.42961 3.4837 1.83473 3.66891
threshold=32.530000000000008 34.61357142857144 29.822857142857142 28.949285714285718
decision_type=2 2 2 2
left_child=2 -2 3 -1
right_child=1 -3 -4 -5
leaf_value=0.012998349932275877 -0.070273524889926997 -0.016420040668613425 0.01507007763639049 -0.03881932350446822
leaf_weight=39.800000190734863 27.950000047683716 28.350000023841858 61.850000500679016 59.600000262260437
leaf_count=37 27 28 53 55
internal_value=0 -0.00382413 0.0013137 0
internal_weight=217.55 56.3 161.25 99.4
internal_count=200 55 145 92
is_linear=0
shrinkage=0.0216861


Tree=143
num_leaves=6
num_cat=0
split_feature=2 2 5 2 5
split_gain=2.3173 2.34634 1.34235 3.32679 3.26101
threshold=29.335714285714285 28.722857142857148 32.587857142857146 30.683571428571433 34.61357142857144
decision_type=2 2 2 2 2
left_child=1 -1 3 -2 -4
right_child=2 -3 4 -5 -6
leaf_value=-0.044171231654248418 -0.01732396906023442 0.023173182760682226 -0.071926126394818907 0.17292702451010963 -0.0045017174722708515
leaf_weight=34.200000166893005 53.000000238418579 40.450000286102295 26.350000023841858 32.200000286102295 31.350000023841858
leaf_count=31 49 36 26 27 31
internal_value=0 0.00318166 -0.00145712 0 -0.00395132
internal_weight=217.55 74.65 142.9 85.2 57.7
internal_count=200 67 133 76 57
is_linear=0
shrinkage=0.0216861


Tree=144
num_leaves=5
num_cat=0
split_feature=9 3 7 3
split_gain=4.05694 5.7893 0.926324 0.810921
threshold=29.726428571428578 29.430714285714291 9.326428571428572 34.335714285714282
decision_type=2 2 2 2
left_child=1 -1 3 -2
right_child=2 -3 -4 -5
leaf_value=-0.0004670482462969561 -0.061286322260125259 0.21770329687168444 -0.00037769068421023488 -0.0066000000616086314
leaf_weight=53.250000238418579 62.050000309944153 33.550000309944153 38.550000190734863 26.350000023841858
leaf_count=49 57 28 35 26
internal_value=0.000443246 0.00424218 -0.00162827 -0.00292705
internal_weight=213.75 86.8 126.95 88.4
internal_count=195 77 118 83
is_linear=0
shrinkage=0.0216861


Tree=145
num_leaves=5
num_cat=0
split_feature=0 6 4 0
split_gain=2.59221 1.5338 2.05895 3.32362
threshold=28.965714285714288 26.769285714285719 32.587857142857146 30.480714285714289
decision_type=2 2 2 2
left_child=-1 -2 3 -3
right_child=1 2 -4 -5
leaf_value=0.012519305937327859 -0.066986921349656892 -0.057342970684974494 -0.030636127026409447 0.36076270949776984
leaf_weight=50.300000309944153 56.250000238418579 30.950000166893005 46.700000047683716 29.550000309944153
leaf_count=45 52 28 46 24
internal_value=4.213e-05 -0.000943472 0 0.0031562
internal_weight=213.75 163.45 107.2 60.5
internal_count=195 150 98 52
is_linear=0
shrinkage=0.0216861


Tree=146
num_leaves=6
num_cat=0
split_feature=9 6 8 2 2
split_gain=3.69035 2.93701 1.03852 2.47239 2.25651
threshold=29.567142857142859 26.157142857142862 29.765000000000004 32.022857142857148 34.692857142857157
decision_type=2 2 2 2 2
left_child=1 -1 -2 -4 -5
right_child=2 -3 3 4 -6
leaf_value=-0.0075664817579928897 -0.12367426089630294 0.20758791593046388 0.036283048850281482 -0.062035236727100665 -0.012324978311331416
leaf_weight=39.650000095367432 30.950000166893005 41.450000405311584 44.300000309944153 28.050000071525574 29.350000023841858
leaf_count=38 28 34 39 27 29
internal_value=0.000242688 0.00409045 -0.00160773 0 -0.00335572
internal_weight=213.75 81.1 132.65 101.7 57.4
internal_count=195 72 123 95 56
is_linear=0
shrinkage=0.0216861


Tree=147
num_leaves=5
num_cat=0
split_feature=9 6 7 2
split_gain=2.39984 2.35018 0.892709 1.68061
threshold=29.567142857142859 26.250000000000004 9.326428571428572 32.022857142857148
decision_type=2 2 2 2
left_child=1 -1 3 -2
right_child=2 -3 -4 -5
leaf_value=-0.0009536137913458367 -0.0042542192419822407 0.23607827739306078 0.0038137525328766457 -0.064752609211211606
leaf_weight=40.650000095367432 53.400000333786011 40.450000405311584 38.550000190734863 40.700000047683716
leaf_count=39 48 33 35 40
internal_value=0 0.00305293 -0.00160773 -0.00282169
internal_weight=213.75 81.1 132.65 94.1
internal_count=195 72 123 88
is_linear=0
shrinkage=0.0216861


Tree=148
num_leaves=6
num_cat=0
split_feature=10 3 11 6 7
split_gain=2.11607 3.58227 2.94434 2.96462 2.85329
threshold=32.587857142857146 34.45928571428572 25.973571428571429 27.509999999999998 -0.40142857142857152
decision_type=2 2 2 2 2
left_child=2 -2 -1 4 -4
right_child=1 -3 3 -5 -6
leaf_value=-0.017538187599783973 -0.069192461183966256 0.0015513609071885288 -0.0058144684424549162 -0.018968890353830418 0.3277751910779495
leaf_weight=30.950000047683716 33.950000047683716 28.350000023841858 32.300000190734863 33.100000143051147 64.40000057220459
leaf_count=30 33 28 29 31 54
internal_value=-0.000732632 -0.00413933 0.000188641 0.00204394 0.00423418
internal_weight=223.05 62.3 160.75 129.8 96.7
internal_count=205 61 144 114 83
is_linear=0
shrinkage=0.0216861


Tree=149
num_leaves=6
num_cat=0
split_feature=10 2 11 7 1
split_gain=1.53169 3.36612 2.2438 2.35624 1.77675
threshold=32.587857142857146 34.857142857142861 25.998571428571427 -5.4992857142857146 30.018571428571434
decision_type=2 2 2 2 2
left_child=2 -2 -1 -4 -5
right_child=1 -3 3 4 -6
leaf_value=-0.01676691572234007 -0.066174618267398816 0.0028717083401414117 -0.054484783163562901 0.16701430710881249 -0.013812920102919053
leaf_weight=33.950000047683716 34.950000047683716 27.350000023841858 27.75000011920929 44.450000405311584 54.600000381469727
leaf_count=33 34 27 26 38 47
internal_value=-0.000540343 -0.00347008 0.000188641 0.00192365 0.00378387
internal_weight=223.05 62.3 160.75 126.8 99.05
internal_count=205 61 144 111 85
is_linear=0
shrinkage=0.0216861


Tree=150
num_leaves=6
num_cat=0
split_feature=6 4 3 10 11
split_gain=2.11372 3.39904 3.16039 1.99141 0.605025
threshold=27.754999999999999 29.822857142857142 34.59928571428572 29.822857142857142 27.192142857142859
decision_type=2 2 2 2 2
left_child=1 3 -2 -1 -3
right_child=2 4 -4 -5 -6
leaf_value=-0.037441136731528428 -0.065206429068315377 -0.092664905455242239 -0.0010011797713356701 0.00024162411876557335 -0.020238922492557574
leaf_weight=51.25000011920929 34.75000011920929 35.050000309944153 28.350000023841858 40.700000286102295 32.950000166893005
leaf_count=49 33 29 28 36 30
internal_value=-0.000348055 0.00061673 -0.00382442 -0.00154284 0.00451211
internal_weight=223.05 159.95 63.1 91.95 68
internal_count=205 144 61 85 59
is_linear=0
shrinkage=0.0216861


Tree=151
num_leaves=6
num_cat=0
split_feature=6 4 3 10 11
split_gain=2.11372 3.39904 3.16039 1.99141 0.605025
threshold=27.754999999999999 29.822857142857142 34.59928571428572 29.822857142857142 27.192142857142859
decision_type=2 2 2 2 2
left_child=1 3 -2 -1 -3
right_child=2 4 -4 -5 -6
leaf_value=-0.036629185013676541 -0.063792356828024074 -0.090655366329641787 -0.00097946810053242575 0.00023638423730280736 -0.019800019475185664
leaf_weight=51.25000011920929 34.75000011920929 35.050000309944153 28.350000023841858 40.700000286102295 32.950000166893005
leaf_count=49 33 29 28 36 30
internal_value=-0.000348055 0.00061673 -0.00382442 -0.00154284 0.00451211
internal_weight=223.05 159.95 63.1 91.95 68
internal_count=205 144 61 85 59
is_linear=0
shrinkage=0.0216861


Tree=152
num_leaves=6
num_cat=0
split_feature=6 10 8 8 10
split_gain=2.67485 2.4648 4.87133 0.613393 0.379221
threshold=27.509999999999998 29.132857142857144 29.287857142857145 33.472857142857144 31.820000000000011
decision_type=2 2 2 2 2
left_child=1 -1 -3 -2 -4
right_child=3 2 4 -5 -6
leaf_value=-0.046093825566965299 -0.012570657628753184 0.36410061174620839 0.015803195165037764 -0.061929537881711121 -0.019158042584826684
leaf_weight=50.300000190734863 31.75000011920929 31.200000286102295 42.300000309944153 31 28.300000071525574
leaf_count=47 30 26 37 31 27
internal_value=0 0.00123015 0.00342423 -0.00396124 0
internal_weight=214.85 152.1 101.8 62.75 70.6
internal_count=198 137 90 61 64
is_linear=0
shrinkage=0.0216861


Tree=153
num_leaves=6
num_cat=0
split_feature=1 6 7 1 1
split_gain=4.39968 2.77653 3.52747 1.97396 1.45059
threshold=31.67785714285715 26.250000000000004 2.1621428571428574 28.758571428571432 34.499285714285726
decision_type=2 2 2 2 2
left_child=1 3 -3 -1 -2
right_child=4 2 -4 -5 -6
leaf_value=0.0120269955204487 -0.080082401904311457 -0.046871527173347721 0.35538090388154253 -0.04509423190230933 -0.020127955997773561
leaf_weight=28.050000071525574 33.050000071525574 34.700000166893005 64.40000057220459 28.300000071525574 26.350000023841858
leaf_count=27 32 32 54 27 26
internal_value=-0.000181597 0.0013894 0.00379268 -0.00159175 -0.0053491
internal_weight=214.85 155.45 99.1 56.35 59.4
internal_count=198 140 86 54 58
is_linear=0
shrinkage=0.0216861


Tree=154
num_leaves=6
num_cat=0
split_feature=6 11 2 7 4
split_gain=3.19863 2.68355 3.19858 0.604424 0.41755
threshold=27.509999999999998 25.973571428571429 29.494285714285713 4.0821428571428582 29.900000000000002
decision_type=2 2 2 2 2
left_child=1 -1 -3 -2 -4
right_child=3 2 4 -5 -6
leaf_value=-0.018299871412657855 -0.015025624712324466 0.079732057712769741 -0.029639657440204203 -0.027729973149472006 0.0038509076581689098
leaf_weight=32.950000047683716 29.400000095367432 47.550000429153442 35.650000214576721 33.350000023841858 35.950000166893005
leaf_count=32 28 40 32 33 33
internal_value=-0.00038114 0.000949615 0.00282002 -0.00462588 0
internal_weight=214.85 152.1 119.15 62.75 71.6
internal_count=198 137 105 61 65
is_linear=0
shrinkage=0.0216861


Tree=155
num_leaves=6
num_cat=0
split_feature=1 4 1 0 8
split_gain=4.39968 3.66472 1.45059 1.04455 1.62504
threshold=31.67785714285715 29.822857142857142 34.499285714285726 28.965714285714288 29.726428571428578
decision_type=2 2 2 2 2
left_child=1 3 -2 -1 -5
right_child=2 -3 -4 4 -6
leaf_value=0.00047417985936465163 -0.077744373447582005 0.070838854116178088 -0.019592906179596442 -0.0067516883129658421 -0.096637060903515024
leaf_weight=36.950000166893005 33.050000071525574 61.800000429153442 26.350000023841858 29.050000190734863 27.650000095367432
leaf_count=34 32 54 26 26 26
internal_value=-0.000181597 0.0013894 -0.0053491 -0.000681119 -0.00291924
internal_weight=214.85 155.45 59.4 93.65 56.7
internal_count=198 140 58 86 52
is_linear=0
shrinkage=0.0216861


Tree=156
num_leaves=5
num_cat=0
split_feature=0 0 4 10
split_gain=2.73376 2.44895 1.55005 1.61686
threshold=32.587857142857146 30.382857142857148 28.949285714285718 29.442857142857147
decision_type=2 2 2 2
left_child=1 2 -1 -4
right_child=-2 -3 3 -5
leaf_value=0.0099592395299836767 -0.033417606952236986 0.32680906928253201 -0.00015657573630483698 -0.076239975222727213
leaf_weight=40.400000214576721 49.700000047683716 37.400000333786011 37.500000238418579 37.700000166893005
leaf_count=37 49 31 33 35
internal_value=0.000144793 0.00190635 0 -0.00152657
internal_weight=202.7 153 115.6 75.2
internal_count=185 136 105 68
is_linear=0
shrinkage=0.0216861


Tree=157
num_leaves=6
num_cat=0
split_feature=11 0 6 6 5
split_gain=2.03259 2.32832 1.37131 3.4557 0.435337
threshold=27.722142857142863 30.382857142857148 26.905714285714286 26.157142857142862 34.232142857142868
decision_type=2 2 2 2 2
left_child=1 2 3 -1 -2
right_child=4 -3 -4 -5 -6
leaf_value=-0.043282821081724862 -0.038702596283642601 0.27218658071986485 -0.047237975471357489 0.19576519691804861 -0.03097670110215741
leaf_weight=43.650000095367432 28.00000011920929 36.800000309944153 27.400000095367432 39.850000381469727 27
leaf_count=42 26 31 26 33 27
internal_value=0.000144793 0.00178593 0 0.00155575 -0.00289241
internal_weight=202.7 147.7 110.9 83.5 55
internal_count=185 132 101 75 53
is_linear=0
shrinkage=0.0216861


Tree=158
num_leaves=6
num_cat=0
split_feature=7 3 6 9 6
split_gain=2.34392 4.03693 3.06597 1.46872 0.950808
threshold=4.7521428571428581 32.395000000000003 26.402142857142859 29.494285714285713 27.161428571428573
decision_type=2 2 2 2 2
left_child=3 2 -2 -1 -5
right_child=1 -3 -4 4 -6
leaf_value=0.17504349839401107 -0.043156428108485703 -0.075111034949048319 0.24531958057207492 -0.051631677087724107 -0.0018343656438080693
leaf_weight=36.650000333786011 29.350000023841858 26 38.900000333786011 28.400000095367432 43.400000214576721
leaf_count=31 29 26 32 27 40
internal_value=0 -0.0027837 0 0.00178248 0
internal_weight=202.7 94.25 68.25 108.45 71.8
internal_count=185 87 61 98 67
is_linear=0
shrinkage=0.0216861


Tree=159
num_leaves=5
num_cat=0
split_feature=0 0 0 8
split_gain=1.91953 2.16275 1.7387 2.49639
threshold=32.587857142857146 30.382857142857148 28.965714285714288 29.460714285714289
decision_type=2 2 2 2
left_child=1 2 -1 -4
right_child=-2 -3 3 -5
leaf_value=0.015454808175733834 -0.038538422391872086 0.32852430944565975 0.001946078658692695 -0.058637793849186666
leaf_weight=43.350000262260437 49.700000047683716 37.400000333786011 33.500000238418579 38.75000011920929
leaf_count=39 49 31 29 37
internal_value=0 0.00106963 0 -0.00244256
internal_weight=202.7 153 115.6 72.25
internal_count=185 136 105 66
is_linear=0
shrinkage=0.0216861


Tree=160
num_leaves=5
num_cat=0
split_feature=2 3 2 7
split_gain=3.5578 2.88857 3.95517 0.37144
threshold=28.950714285714287 29.350000000000005 34.378571428571426 -1.1707142857142852
decision_type=2 2 2 2
left_child=-1 -2 3 -3
right_child=1 2 -4 -5
leaf_value=0.05836368620920411 0.0086423616862793835 -0.013989029306393314 0.024386676612580847 -0.049650570862073085
leaf_weight=42.200000286102295 43.950000286102295 31.100000143051147 32 57.50000011920929
leaf_count=37 39 29 32 55
internal_value=-0.000613523 -0.00235221 -0.00424009 -0.00668146
internal_weight=206.75 164.55 120.6 88.6
internal_count=192 155 116 84
is_linear=0
shrinkage=0.0216861


Tree=161
num_leaves=6
num_cat=0
split_feature=2 3 2 2 2
split_gain=2.93571 2.63634 3.85098 0.98578 0.381776
threshold=28.950714285714287 29.602142857142859 34.378571428571426 29.822857142857142 32.022857142857148
decision_type=2 2 2 2 2
left_child=-1 3 4 -2 -3
right_child=1 2 -4 -5 -6
leaf_value=0.057098006280265734 -0.011362005754440281 -0.037337328219186304 0.023857825041906991 0.02006407182014899 -0.053803816676459192
leaf_weight=42.200000286102295 28.75000011920929 48.200000166893005 32 29.250000238418579 26.350000023841858
leaf_count=37 27 45 32 25 26
internal_value=-0.000198989 -0.00183296 -0.00400089 0.000956982 -0.00678806
internal_weight=206.75 164.55 106.55 58 74.55
internal_count=192 155 103 52 71
is_linear=0
shrinkage=0.0216861


Tree=162
num_leaves=5
num_cat=0
split_feature=2 3 9 2
split_gain=2.37293 1.88753 4.52263 0.98578
threshold=28.950714285714287 29.602142857142859 31.079285714285717 29.822857142857142
decision_type=2 2 2 2
left_child=-1 3 -3 -2
right_child=1 2 -4 -5
leaf_value=0.055859773995343087 -0.011115608318467375 -0.082903381437958362 -0.0016508654204838928 0.019628960629527667
leaf_weight=42.200000286102295 28.75000011920929 36.300000071525574 70.25000011920929 29.250000238418579
leaf_count=37 27 35 68 25
internal_value=0 -0.00131371 -0.00320549 0.000956982
internal_weight=206.75 164.55 106.55 58
internal_count=192 155 103 52
is_linear=0
shrinkage=0.0216861


Tree=163
num_leaves=5
num_cat=0
split_feature=2 2 2 2
split_gain=1.66878 1.85804 2.14193 3.44037
threshold=28.950714285714287 29.822857142857142 32.022857142857148 34.378571428571426
decision_type=2 2 2 2
left_child=-1 -2 -3 -4
right_child=1 2 3 -5
leaf_value=0.054648394122462619 -0.047623795972276096 0.0080206658466854125 -0.051703221573520489 0.023376243001752256
leaf_weight=42.200000286102295 45.75000011920929 57.850000381469727 28.950000047683716 32
leaf_count=37 44 51 28 32
internal_value=0 -0.00131371 0 -0.00263829
internal_weight=206.75 164.55 118.8 60.95
internal_count=192 155 111 60
is_linear=0
shrinkage=0.0216861


Tree=164
num_leaves=5
num_cat=0
split_feature=11 10 3 1
split_gain=0.885559 2.77335 1.48518 1.79192
threshold=26.210714285714293 29.494285714285713 30.360000000000003 31.914999999999999
decision_type=2 2 2 2
left_child=-1 -2 -3 -4
right_child=1 2 3 -5
leaf_value=-0.017144468693249263 0.21020194118965593 -0.078739151785561221 -0.013444794527093632 -0.0097222573671106732
leaf_weight=52.300000190734863 39.100000381469727 41.450000166893005 31.800000190734863 56.75000011920929
leaf_count=49 32 39 28 55
internal_value=0.000200498 0.00123465 0 0.00124322
internal_weight=221.4 169.1 130 88.55
internal_count=203 154 122 83
is_linear=0
shrinkage=0.0216861


Tree=165
num_leaves=5
num_cat=0
split_feature=5 5 5 4
split_gain=0.780538 3.81963 3.69909 0.990919
threshold=34.857142857142861 32.022857142857148 30.382857142857148 29.822857142857142
decision_type=2 2 2 2
left_child=1 2 3 -1
right_child=-2 -3 -4 -5
leaf_value=-0.016672417723503058 0.0019949294421008632 -0.045173063378563673 0.20614803203884738 -0.014679206937471998
leaf_weight=80.650000333786011 30.350000023841858 38.650000095367432 33.300000309944153 38.450000286102295
leaf_count=75 30 37 28 33
internal_value=6.79205e-06 -0.000181518 0.000989774 -0.000279998
internal_weight=221.4 191.05 152.4 119.1
internal_count=203 173 136 108
is_linear=0
shrinkage=0.0216861


Tree=166
num_leaves=6
num_cat=0
split_feature=2 2 2 2 8
split_gain=2.09704 2.99635 1.47384 6.29798 1.32803
threshold=29.069285714285719 29.822857142857142 32.228571428571435 34.692857142857157 30.382857142857148
decision_type=2 2 2 2 2
left_child=-1 -2 4 -4 -3
right_child=1 2 3 -5 -6
leaf_value=-0.0027817689211604322 -0.051536886526601294 -0.0051071890592217324 -0.055337208669145106 -0.0047012892054726927 0.042766828036854367
leaf_weight=47.150000333786011 43.350000143051147 32.650000214576721 33.700000047683716 30.350000023841858 34.200000286102295
leaf_count=41 41 29 33 30 29
internal_value=-0.000123015 -0.0015238 0 -0.002157 0.00235133
internal_weight=221.4 174.25 130.9 64.05 66.85
internal_count=203 162 121 63 58
is_linear=0
shrinkage=0.0216861


Tree=167
num_leaves=5
num_cat=0
split_feature=5 0 3 7
split_gain=1.23793 6.09841 2.74692 1.39586
threshold=34.857142857142861 32.433571428571433 30.454285714285721 -3.4907142857142852
decision_type=2 2 2 2
left_child=1 2 3 -1
right_child=-2 -3 -4 -5
leaf_value=-0.13561370416390964 0.0011476915027717664 -0.05623019420503169 0.27758313050674682 0.0022892424534162741
leaf_weight=27.75000011920929 30.350000023841858 31.700000047683716 37.500000357627869 94.100000500679016
leaf_count=26 30 31 31 85
internal_value=-0.000123015 -0.00107783 0.000270662 -0.000840558
internal_weight=221.4 191.05 159.35 121.85
internal_count=203 173 142 111
is_linear=0
shrinkage=0.0216861


Tree=168
num_leaves=6
num_cat=0
split_feature=7 7 2 6 1
split_gain=1.8697 2.01389 1.35072 1.50773 0.678585
threshold=4.7521428571428581 13.379285714285716 32.022857142857148 26.79928571428572 30.587142857142862
decision_type=2 2 2 2 2
left_child=2 4 3 -1 -2
right_child=1 -3 -4 -5 -6
leaf_value=0.14155193836785451 -0.0073059227648194398 0.0023353350836218248 -0.037996039357255561 -0.0075869322318752822 -0.050128397664920832
leaf_weight=38.700000286102295 35.150000214576721 49.450000166893005 27.700000047683716 35.350000262260437 27.200000047683716
leaf_count=34 31 46 27 31 26
internal_value=0.000222838 -0.00130338 0.00258345 0.0041697 -0.00411942
internal_weight=213.55 111.8 101.75 74.05 62.35
internal_count=195 103 92 65 57
is_linear=0
shrinkage=0.0216861


Tree=169
num_leaves=5
num_cat=0
split_feature=2 2 4 7
split_gain=1.1314 2.88978 2.21404 0.910242
threshold=34.857142857142861 32.022857142857148 30.170714285714293 4.0821428571428582
decision_type=2 2 2 2
left_child=1 2 3 -1
right_child=-2 -3 -4 -5
leaf_value=0.035352044778879335 0.016559586175329495 -0.039694861413383416 0.25764658241076527 -0.033424792586913388
leaf_weight=54.750000357627869 27.350000023841858 38.650000095367432 42.250000357627869 50.550000190734863
leaf_count=49 27 37 35 47
internal_value=0.000423582 0 0.00118796 0
internal_weight=213.55 186.2 147.55 105.3
internal_count=195 168 131 96
is_linear=0
shrinkage=0.0216861


Tree=170
num_leaves=5
num_cat=0
split_feature=11 8 2 10
split_gain=1.86139 3.70179 1.61204 5.77672
threshold=25.973571428571429 29.287857142857145 34.857142857142861 32.433571428571433
decision_type=2 2 2 2
left_child=-1 -2 3 -3
right_child=1 2 -4 -5
leaf_value=-0.041498225151810113 0.22692259844112558 0.012044980610322185 0.016200473562419618 -0.048043190449636841
leaf_weight=34.300000071525574 34.150000333786011 83.800000548362732 27.350000023841858 33.950000047683716
leaf_count=33 28 74 27 33
internal_value=0.000222838 0.00142223 0 -0.00124791
internal_weight=213.55 179.25 145.1 117.75
internal_count=195 162 134 107
is_linear=0
shrinkage=0.0216861


Tree=171
num_leaves=6
num_cat=0
split_feature=11 10 3 6 1
split_gain=2.27556 3.20858 2.65203 2.03097 1.64384
threshold=25.998571428571427 31.820000000000011 34.45928571428572 26.79928571428572 31.067142857142859
decision_type=2 2 2 2 2
left_child=-1 3 -3 -2 -5
right_child=1 2 -4 4 -6
leaf_value=-0.033140153583029713 0.14344318416899193 -0.052510651013207676 0.0036779600461810291 -0.036017386693232532 0.27636707357202539
leaf_weight=37.300000071525574 43.850000381469727 41.900000095367432 26.350000023841858 31.800000190734863 32.350000262260437
leaf_count=36 37 40 26 29 27
internal_value=0.000222838 0.00156741 -0.0013547 0.00405632 0.000266817
internal_weight=213.55 176.25 68.25 108 64.15
internal_count=195 159 66 93 56
is_linear=0
shrinkage=0.0216861


Tree=172
num_leaves=6
num_cat=0
split_feature=6 4 5 4 9
split_gain=3.76196 3.50967 2.01932 1.33925 0.392813
threshold=27.722142857142863 30.170714285714293 33.888571428571431 29.300000000000001 29.287857142857145
decision_type=2 2 2 2 2
left_child=1 3 -2 4 -1
right_child=2 -3 -4 -5 -6
leaf_value=-0.0030089050717096726 -0.055344308574042995 0.19531081847422285 -0.028619441757582686 -0.054725378182496162 -0.0012193529883220023
leaf_weight=34.600000143051147 30.400000095367432 48.900000333786011 26 42.050000190734863 33.750000238418579
leaf_count=32 29 42 26 39 30
internal_value=0 0.00187233 -0.0045171 0 0.00153642
internal_weight=215.7 159.3 56.4 110.4 68.35
internal_count=198 143 55 101 62
is_linear=0
shrinkage=0.0216861


Tree=173
num_leaves=6
num_cat=0
split_feature=6 0 0 2 2
split_gain=3.17014 0.791425 3.9907 2.26981 0.649408
threshold=27.722142857142863 29.430714285714291 28.949285714285718 29.970000000000002 33.888571428571431
decision_type=2 2 2 2 2
left_child=1 2 -1 -3 -2
right_child=4 3 -4 -5 -6
leaf_value=0.0028303388121354231 -0.055055998308705029 0.14512886510988404 -0.081811447200159607 -0.0038084066289410324 -0.048825721034034986
leaf_weight=43.000000238418579 30.400000095367432 39.800000309944153 27.650000095367432 48.850000262260437 26
leaf_count=39 29 34 26 44 26
internal_value=0 0.00133624 0 0.00269302 -0.0045171
internal_weight=215.7 159.3 70.65 88.65 56.4
internal_count=198 143 65 78 55
is_linear=0
shrinkage=0.0216861


Tree=174
num_leaves=5
num_cat=0
split_feature=4 1 4 3
split_gain=4.08913 1.59977 2.48184 0.340093
threshold=32.887142857142869 29.272857142857148 30.170714285714293 29.096428571428572
decision_type=2 2 2 2
left_child=1 3 -3 -1
right_child=-2 2 -4 -5
leaf_value=-0.0012626404530129045 -0.042816500840696187 -0.026009815115594956 -0.057712628580874836 0.00057579282766199926
leaf_weight=30.75000011920929 47.600000023841858 55.700000286102295 51.000000357627869 30.650000214576721
leaf_count=29 47 51 44 27
internal_value=0 0.001369 0 0.00409582
internal_weight=215.7 168.1 106.7 61.4
internal_count=198 151 95 56
is_linear=0
shrinkage=0.0216861


Tree=175
num_leaves=5
num_cat=0
split_feature=0 8 1 8
split_gain=3.3802 2.30945 1.5034 0.656193
threshold=32.887142857142869 29.822857142857142 29.300000000000001 31.820000000000011
decision_type=2 2 2 2
left_child=1 2 -1 -3
right_child=-2 3 -4 -5
leaf_value=0.0037538435256431117 -0.031921669820586598 0.015417945315394612 -0.062443456542647276 -0.0020176060468699184
leaf_weight=41.050000190734863 45.350000023841858 46.750000357627869 52.550000309944153 30.00000011920929
leaf_count=38 45 40 47 28
internal_value=0 0.00138255 -0.000241468 0.00421919
internal_weight=215.7 170.35 93.6 76.75
internal_count=198 153 85 68
is_linear=0
shrinkage=0.0216861


Tree=176
num_leaves=5
num_cat=0
split_feature=11 5 4 4
split_gain=4.23707 5.85799 1.92815 2.14914
threshold=27.722142857142863 34.378571428571426 29.900000000000002 28.949285714285718
decision_type=2 2 2 2
left_child=2 -2 3 -1
right_child=1 -3 -4 -5
leaf_value=0.0079260139320988972 -0.053584640714668119 0.01063278753484757 0.22270336257879753 -0.024762482501411914
leaf_weight=38.400000214576721 33.050000071525574 32.350000023841858 50.000000357627869 55.300000309944153
leaf_count=35 32 32 43 50
internal_value=0.00100127 -0.00296039 0.00331803 0.000534249
internal_weight=209.1 65.4 143.7 93.7
internal_count=192 64 128 85
is_linear=0
shrinkage=0.0216861


Tree=177
num_leaves=6
num_cat=0
split_feature=11 0 1 1 6
split_gain=2.80112 5.0332 1.6586 1.85536 0.895476
threshold=27.722142857142863 34.654285714285727 30.360000000000003 28.965714285714288 26.609285714285718
decision_type=2 2 2 2 2
left_child=2 -2 3 -1 -5
right_child=1 -3 -4 4 -6
leaf_value=0.0038381189613070498 -0.066027440956458877 0.013546843083145528 0.28650109339578206 -0.028534686982701035 -0.0077868608277242958
leaf_weight=40.050000190734863 38.050000071525574 27.350000023841858 37.900000333786011 29.00000011920929 36.750000238418579
leaf_count=37 37 27 31 27 33
internal_value=0.000796303 -0.0023217 0.00272473 0.000494586 -0.000927753
internal_weight=209.1 65.4 143.7 105.8 65.75
internal_count=192 64 128 97 60
is_linear=0
shrinkage=0.0216861


Tree=178
num_leaves=6
num_cat=0
split_feature=11 5 6 9 7
split_gain=3.03119 5.85799 1.3953 1.22519 0.719572
threshold=27.722142857142863 34.378571428571426 26.082857142857147 31.820000000000011 2.1621428571428574
decision_type=2 2 2 2 2
left_child=2 -2 -1 4 -4
right_child=1 -3 3 -5 -6
leaf_value=-0.0038111112915057092 -0.052716377584757695 0.011834080762881749 9.5624245591328867e-05 -0.0063058927834620509 0.32868579811348453
leaf_weight=37.650000095367432 33.050000071525574 32.350000023841858 35.700000286102295 27.75000011920929 42.600000381469727
leaf_count=36 32 32 31 26 35
internal_value=0.000386372 -0.00296039 0.00242808 0.00373964 0.00509096
internal_weight=209.1 65.4 143.7 106.05 78.3
internal_count=192 64 128 92 66
is_linear=0
shrinkage=0.0216861


Tree=179
num_leaves=5
num_cat=0
split_feature=5 2 5 3
split_gain=1.62517 6.68961 2.45753 1.16111
threshold=31.820000000000011 34.857142857142861 29.822857142857142 28.965714285714288
decision_type=2 2 2 2
left_child=2 -2 3 -1
right_child=1 -3 -4 -5
leaf_value=0.059469840575049095 -0.050553735628384402 0.019930005775304828 0.19513811131986064 -0.031495702433671675
leaf_weight=37.600000262260437 44.400000095367432 30.350000023841858 53.750000476837158 43.00000011920929
leaf_count=33 43 30 45 41
internal_value=0.000386372 -0.00166177 0.00206314 0
internal_weight=209.1 74.75 134.35 80.6
internal_count=192 73 119 74
is_linear=0
shrinkage=0.0216861


Tree=180
num_leaves=6
num_cat=0
split_feature=1 1 0 5 6
split_gain=2.79624 4.60945 1.80099 3.21605 0.606379
threshold=28.949285714285718 29.818571428571435 31.820000000000011 34.61357142857144 27.192142857142859
decision_type=2 2 2 2 2
left_child=-1 -2 4 -4 -3
right_child=1 2 3 -5 -6
leaf_value=0.00080039944626461763 -0.060108717352476165 0.34312303447318038 -0.051492812884797727 0.015268783958441914 -0.022239244994714427
leaf_weight=40.300000190734863 46.75000011920929 37.500000357627869 33.650000095367432 27.350000023841858 28.700000166893005
leaf_count=37 45 30 32 27 26
internal_value=-0.0016428 -0.00303803 -0.000245794 -0.00330209 0.00153715
internal_weight=214.25 173.95 127.2 61 66.2
internal_count=197 160 115 59 56
is_linear=0
shrinkage=0.0216861


Tree=181
num_leaves=5
num_cat=0
split_feature=1 1 1 1
split_gain=2.5431 5.13048 1.30183 0.743024
threshold=28.949285714285718 29.818571428571435 32.872142857142862 30.454285714285721
decision_type=2 2 2 2
left_child=-1 -2 3 -3
right_child=1 2 -4 -5
leaf_value=0.00078304191489418672 -0.058805194527777355 -0.015796606633036853 -0.042329690254020148 0.014606214388172287
leaf_weight=40.300000190734863 46.75000011920929 37.850000262260437 47.400000095367432 41.950000286102295
leaf_count=37 45 33 46 36
internal_value=-0.0014427 -0.00279223 0 0.00117777
internal_weight=214.25 173.95 127.2 79.8
internal_count=197 160 115 69
is_linear=0
shrinkage=0.0216861


Tree=182
num_leaves=5
num_cat=0
split_feature=1 1 1 4
split_gain=2.5431 5.13048 1.30183 0.795152
threshold=28.949285714285718 29.818571428571435 32.872142857142862 30.170714285714293
decision_type=2 2 2 2
left_child=-1 -2 3 -3
right_child=1 2 -4 -5
leaf_value=0.00076606080044491504 -0.057529940011393076 -0.016187115816605868 -0.041411724943182023 -0.054470528550827943
leaf_weight=40.300000190734863 46.75000011920929 35.500000238418579 47.400000095367432 44.300000309944153
leaf_count=37 45 31 46 38
internal_value=-0.0014427 -0.00279223 0 0.00117777
internal_weight=214.25 173.95 127.2 79.8
internal_count=197 160 115 69
is_linear=0
shrinkage=0.0216861


Tree=183
num_leaves=5
num_cat=0
split_feature=1 1 1 7
split_gain=2.2984 4.08642 1.30183 0.831378
threshold=28.949285714285718 29.818571428571435 32.872142857142862 3.5250000000000008
decision_type=2 2 2 2
left_child=-1 -2 3 -3
right_child=1 2 -4 -5
leaf_value=0.00074944793990705787 -0.05628234077435304 -0.018812385847180584 -0.040513666707185363 0.15060158465511289
leaf_weight=40.300000190734863 46.75000011920929 31.050000190734863 47.400000095367432 48.750000357627869
leaf_count=37 45 28 46 41
internal_value=-0.0012426 -0.00254644 0 0.00117777
internal_weight=214.25 173.95 127.2 79.8
internal_count=197 160 115 69
is_linear=0
shrinkage=0.0216861


Tree=184
num_leaves=6
num_cat=0
split_feature=3 9 4 2 9
split_gain=2.28653 2.78298 1.77171 1.40649 1.02749
threshold=29.742857142857144 29.900000000000002 29.069285714285719 34.857142857142861 32.587857142857146
decision_type=2 2 2 2 2
left_child=2 -2 -1 4 -3
right_child=1 3 -4 -5 -6
leaf_value=-0.0017599014094826222 0.18715131290248727 -0.0063375271952721256 -0.10436086352950572 0.018966630021645538 -0.036478072976388644
leaf_weight=33.75000011920929 32.550000309944153 40.600000262260437 49.650000214576721 26.350000023841858 26
leaf_count=32 27 36 46 26 26
internal_value=0 0.00172295 -0.00284498 0 -0.00190482
internal_weight=208.9 125.5 83.4 92.95 66.6
internal_count=193 115 78 88 62
is_linear=0
shrinkage=0.0216861


Tree=185
num_leaves=6
num_cat=0
split_feature=7 9 3 7 11
split_gain=2.32068 1.71777 2.99526 1.55176 0.358232
threshold=10.022857142857145 29.538571428571434 34.335714285714282 2.4500000000000011 26.75357142857143
decision_type=2 2 2 2 2
left_child=1 -1 3 -3 -2
right_child=4 2 -4 -5 -6
leaf_value=0.039239561503240601 -0.04324699613737 -0.045123794070404399 0.016701243566256914 -0.0073117986342891364 -0.017036911913595923
leaf_weight=42.900000333786011 36.950000047683716 45.050000190734863 26.350000023841858 29.650000214576721 28.00000011920929
leaf_count=37 36 42 26 26 26
internal_value=-0.000181579 0.000980248 0 -0.00280041 -0.00376776
internal_weight=208.9 143.95 101.05 74.7 64.95
internal_count=193 131 94 68 62
is_linear=0
shrinkage=0.0216861


Tree=186
num_leaves=7
num_cat=0
split_feature=3 1 9 4 3 5
split_gain=3.23122 2.72492 2.65564 2.55234 1.799 0.932521
threshold=29.798571428571432 28.92785714285715 29.900000000000002 29.567142857142859 34.45928571428572 32.228571428571435
decision_type=2 2 2 2 2 2
left_child=1 -1 -2 -3 5 -4
right_child=2 3 4 -5 -6 -7
leaf_value=-0.00045098206753721031 0.18723979934667062 -0.082899238993059163 -0.0039313640774091942 -0.059533018572132883 0.012276810227483691 -0.051109464246089455
leaf_weight=30.050000071525574 31.550000309944153 27.050000071525574 33.550000190734863 29.300000190734863 30.350000023841858 27.050000071525574
leaf_count=29 26 26 30 26 30 26
internal_value=-0.000591897 -0.00396857 0.00124386 -0.00675006 0 -0.0027732
internal_weight=208.9 86.4 122.5 56.35 90.95 60.6
internal_count=193 81 112 52 86 56
is_linear=0
shrinkage=0.0216861


Tree=187
num_leaves=6
num_cat=0
split_feature=7 7 2 5 9
split_gain=2.48806 2.31408 1.78339 1.47706 0.731687
threshold=10.022857142857145 -7.4449999999999994 32.433571428571433 29.132857142857144 29.460714285714289
decision_type=2 2 2 2 2
left_child=1 -1 3 -3 -2
right_child=4 2 -4 -5 -6
leaf_value=-0.02240243867300622 -0.013239621286296832 -0.020061130777277402 -0.1043404074088382 0.17244885618606037 -0.038310503966091113
leaf_weight=31.650000095367432 29.300000071525574 31.950000166893005 28.350000023841858 52.000000476837158 35.650000095367432
leaf_count=30 28 29 28 44 34
internal_value=0 0.00186867 0.00358328 0.00517213 -0.0031248
internal_weight=208.9 143.95 112.3 83.95 64.95
internal_count=193 131 101 73 62
is_linear=0
shrinkage=0.0216861


Tree=188
num_leaves=6
num_cat=0
split_feature=9 2 9 10 3
split_gain=3.27455 1.56343 1.83102 2.65745 0.904287
threshold=29.287857142857145 34.857142857142861 31.820000000000011 29.726428571428578 29.069285714285719
decision_type=2 2 2 2 2
left_child=4 2 3 -2 -1
right_child=1 -3 -4 -5 -6
leaf_value=-0.021228686930293537 -0.054112286308116646 -0.014329393901063702 -0.037944640206604166 0.0087022240282258641 0.044024239277894547
leaf_weight=28.650000095367432 33.600000143051147 26 45.050000071525574 43.650000333786011 32.600000262260437
leaf_count=27 31 26 44 38 28
internal_value=-0.00031908 -0.00235402 -0.00353944 -0.000386133 0.00337417
internal_weight=209.55 148.3 122.3 77.25 61.25
internal_count=194 139 113 69 55
is_linear=0
shrinkage=0.0216861


Tree=189
num_leaves=6
num_cat=0
split_feature=9 2 7 3 3
split_gain=3.27455 1.56343 3.04032 4.09537 0.904287
threshold=29.287857142857145 34.857142857142861 -3.0557142857142847 30.070000000000004 29.069285714285719
decision_type=2 2 2 2 2
left_child=4 2 -2 -4 -1
right_child=1 -3 3 -5 -6
leaf_value=-0.020768319796026544 0.0018924535708228251 -0.014018645430012406 -0.0045541717216327042 -0.054111816007651997 0.043069525830887766
leaf_weight=28.650000095367432 39.000000238418579 26 30.650000214576721 52.650000095367432 32.600000262260437
leaf_count=27 35 26 27 51 28
internal_value=-0.00031908 -0.00235402 -0.00353944 -0.00590632 0.00337417
internal_weight=209.55 148.3 122.3 83.3 61.25
internal_count=194 139 113 78 55
is_linear=0
shrinkage=0.0216861


Tree=190
num_leaves=6
num_cat=0
split_feature=9 2 9 10 6
split_gain=2.63721 1.56343 1.83102 2.65745 1.00015
threshold=29.287857142857145 34.857142857142861 31.820000000000011 29.726428571428578 26.523571428571433
decision_type=2 2 2 2 2
left_child=4 2 3 -2 -1
right_child=1 -3 -4 -5 -6
leaf_value=-0.012841590334772692 -0.051550386906393589 -0.013714635877084753 -0.03594829596368003 0.0084724669367593694 0.17304580750779117
leaf_weight=29.700000047683716 33.600000143051147 26 45.050000071525574 43.650000333786011 31.550000309944153
leaf_count=29 31 26 44 38 26
internal_value=-0.00052361 -0.00235402 -0.00353944 -0.000386133 0.0026939
internal_weight=209.55 148.3 122.3 77.25 61.25
internal_count=194 139 113 69 55
is_linear=0
shrinkage=0.0216861


Tree=191
num_leaves=6
num_cat=0
split_feature=11 1 7 7 9
split_gain=2.13557 2.72424 1.50895 1.42112 1.27654
threshold=27.722142857142863 34.378571428571426 5.0028571428571436 -5.1621428571428565 29.287857142857145
decision_type=2 2 2 2 2
left_child=2 -2 3 -1 -4
right_child=1 -3 4 -5 -6
leaf_value=-0.0018283419661500235 -0.053582813084778573 -0.0023326620749636565 0.0021795193967220441 0.13956075825563322 -0.036075611061402356
leaf_weight=28.450000166893005 31.700000047683716 27.350000023841858 33.850000143051147 49.350000381469727 38.850000143051147
leaf_count=26 31 27 31 43 36
internal_value=-0.00052361 -0.00409365 0.000449309 0.00282733 -0.00114479
internal_weight=209.55 59.05 150.5 77.8 72.7
internal_count=194 58 136 69 67
is_linear=0
shrinkage=0.0216861


Tree=192
num_leaves=6
num_cat=0
split_feature=11 9 7 10 8
split_gain=0.903322 1.86969 1.77954 3.09868 0.823756
threshold=25.973571428571429 31.820000000000011 -5.4992857142857146 29.422142857142862 34.857142857142861
decision_type=2 2 2 2 2
left_child=-1 2 -2 -4 -3
right_child=1 4 3 -5 -6
leaf_value=-0.010068345472515495 -0.0014778300592352453 -0.02341342337814421 -0.013656456768597175 0.33857002411444975 0.00075894007253762255
leaf_weight=33.300000071525574 29.700000166893005 48.100000143051147 33.200000166893005 53.700000524520874 30.350000023841858
leaf_count=32 27 46 30 44 30
internal_value=0.000471576 0.00128653 0.0031444 0.0047468 -0.000594705
internal_weight=228.35 195.05 116.6 86.9 78.45
internal_count=209 177 101 74 76
is_linear=0
shrinkage=0.0216861


Tree=193
num_leaves=5
num_cat=0
split_feature=4 4 4 6
split_gain=0.824897 3.94492 3.005 2.74942
threshold=29.822857142857142 31.820000000000011 28.949285714285718 29.235714285714288
decision_type=2 2 2 2
left_child=2 -2 -1 -3
right_child=1 3 -4 -5
leaf_value=0.0059579770333962317 0.18303615331572284 -0.046075067009459798 -0.020898189794466289 0.0082380995792398163
leaf_weight=45.750000238418579 59.750000476837158 41.900000095367432 52.250000238418579 28.700000047683716
leaf_count=42 51 40 48 28
internal_value=9.58278e-05 0.00147234 -0.00100765 -0.00120733
internal_weight=228.35 130.35 98 70.6
internal_count=209 119 90 68
is_linear=0
shrinkage=0.0216861


Tree=194
num_leaves=5
num_cat=0
split_feature=4 4 6 10
split_gain=1.05507 3.94492 2.74942 2.7071
threshold=29.822857142857142 31.820000000000011 29.235714285714288 29.822857142857142
decision_type=2 2 2 2
left_child=3 -2 -3 -1
right_child=1 2 -4 -5
leaf_value=-0.015484886430255359 0.1790668155207901 -0.045075879135525139 0.0080594474418017401 0.077525968151872224
leaf_weight=55.600000143051147 59.750000476837158 41.900000095367432 28.700000047683716 42.400000333786011
leaf_count=53 51 40 28 37
internal_value=0 0.00147234 -0.00120733 -0.00143919
internal_weight=228.35 130.35 70.6 98
internal_count=209 119 68 90
is_linear=0
shrinkage=0.0216861


Tree=195
num_leaves=5
num_cat=0
split_feature=4 4 4 1
split_gain=0.87277 3.16493 3.19566 1.56559
threshold=28.949285714285718 29.822857142857142 31.820000000000011 34.768571428571434
decision_type=2 2 2 2
left_child=-1 -2 -3 -4
right_child=1 2 3 -5
leaf_value=0.0062105628771939106 -0.02389113566783696 0.17518355712735731 -0.037552312567637185 0.0016880020950529205
leaf_weight=45.750000238418579 52.250000238418579 59.750000476837158 41.900000095367432 28.700000047683716
leaf_count=42 48 51 40 28
internal_value=9.58278e-05 -0.000242524 0.00114588 -0.00120733
internal_weight=228.35 182.6 130.35 70.6
internal_count=209 167 119 68
is_linear=0
shrinkage=0.0216861


Tree=196
num_leaves=6
num_cat=0
split_feature=4 4 11 4 2
split_gain=1.91907 3.70653 4.12474 2.81765 2.58309
threshold=30.170714285714293 31.820000000000011 29.235714285714288 28.949285714285718 29.822857142857142
decision_type=2 2 2 2 2
left_child=3 -2 -3 -1 -5
right_child=1 2 -4 4 -6
leaf_value=-0.0098371514456301896 0.18842521805390572 -0.052646619975314841 -0.0087144145450836347 -0.069738515130765538 -0.027783737424230889
leaf_weight=42.400000214576721 37.050000309944153 36.650000095367432 26 47.300000190734863 30.650000214576721
leaf_count=39 31 35 26 44 27
internal_value=0 0.0022003 -6.69857e-06 -0.00182165 -0.00450665
internal_weight=220.05 99.7 62.65 120.35 77.95
internal_count=202 92 61 110 71
is_linear=0
shrinkage=0.0216861


Tree=197
num_leaves=5
num_cat=0
split_feature=11 2 4 4
split_gain=1.66926 4.35401 4.34343 2.68196
threshold=29.235714285714288 32.022857142857148 30.170714285714293 28.949285714285718
decision_type=2 2 2 2
left_child=1 2 3 -1
right_child=-2 -3 -4 -5
leaf_value=-0.013125178442951376 -0.0085254330002472456 -0.041017668890151363 0.17030021732458653 -0.013149405844688026
leaf_weight=40.050000190734863 26 39.300000071525574 43.350000381469727 71.350000381469727
leaf_count=37 26 38 36 65
internal_value=0 -0.000509736 0.000747445 -0.00100334
internal_weight=220.05 194.05 154.75 111.4
internal_count=202 176 138 102
is_linear=0
shrinkage=0.0216861


Tree=198
num_leaves=5
num_cat=0
split_feature=11 2 4 4
split_gain=1.59326 4.59098 4.03017 3.36955
threshold=29.235714285714288 32.022857142857148 30.170714285714293 28.949285714285718
decision_type=2 2 2 2
left_child=1 2 3 -1
right_child=-2 -3 -4 -5
leaf_value=-0.012840544692104465 -0.0083405497254786781 -0.040128156187680626 0.1666070721351455 -0.012864246696319144
leaf_weight=40.050000190734863 26 39.300000071525574 43.350000381469727 71.350000381469727
leaf_count=37 26 38 36 65
internal_value=7.01695e-05 -0.000289077 0.00102325 -0.000622577
internal_weight=220.05 194.05 154.75 111.4
internal_count=202 176 138 102
is_linear=0
shrinkage=0.0216861


Tree=199
num_leaves=5
num_cat=0
split_feature=11 9 4 4
split_gain=1.78363 5.45565 2.34348 3.02675
threshold=29.235714285714288 31.820000000000011 30.170714285714293 28.949285714285718
decision_type=2 2 2 2
left_child=1 2 3 -1
right_child=-2 -3 -4 -5
leaf_value=-0.01256208353330829 -0.0081596758453400999 -0.035169700041606806 0.17809141342718149 -0.042764421950652699
leaf_weight=40.050000190734863 26 46.400000095367432 44.350000381469727 63.250000357627869
leaf_count=37 26 45 37 57
internal_value=0 -0.000730395 0.000912767 -0.000280818
internal_weight=220.05 194.05 147.65 103.3
internal_count=202 176 131 94
is_linear=0
shrinkage=0.0216861


Tree=200
num_leaves=6
num_cat=0
split_feature=4 2 2 9 5
split_gain=3.26708 5.0802 1.35126 1.09812 2.96959
threshold=28.949285714285718 30.170714285714293 29.077142857142857 31.820000000000011 34.61357142857144
decision_type=2 2 2 2 2
left_child=-1 2 -2 -3 -5
right_child=1 3 -4 4 -6
leaf_value=0.0070688274048072049 -0.012464231897782427 0.025613045153416617 -0.11362015102854439 -0.017604555268553722 0.0015212590632103591
leaf_weight=44.400000214576721 29.650000214576721 37.100000262260437 35.900000095367432 30.700000047683716 28
leaf_count=41 26 32 34 30 28
internal_value=-0.00113712 -0.00282166 -0.00736708 0 -0.00140663
internal_weight=205.75 161.35 65.55 95.8 58.7
internal_count=191 150 60 90 58
is_linear=0
shrinkage=0.0216861


Tree=201
num_leaves=5
num_cat=0
split_feature=4 2 10 1
split_gain=3.583 5.58344 2.80701 2.26099
threshold=28.949285714285718 31.235000000000003 29.335714285714285 34.378571428571426
decision_type=2 2 2 2
left_child=-1 2 -2 -3
right_child=1 3 -4 -5
leaf_value=0.0069155322045121974 -0.0092325135284774904 -0.01241607720061836 -0.10597394961542184 0.0046942668718817195
leaf_weight=44.400000214576721 40.100000262260437 43.950000166893005 49.950000166893005 27.350000023841858
leaf_count=41 35 41 47 27
internal_value=-0.00134539 -0.00308635 -0.00670565 0.000578862
internal_weight=205.75 161.35 90.05 71.3
internal_count=191 150 82 68
is_linear=0
shrinkage=0.0216861


Tree=202
num_leaves=5
num_cat=0
split_feature=4 2 11 4
split_gain=2.96157 4.3235 2.93012 1.60959
threshold=28.949285714285718 31.235000000000003 26.645000000000003 34.428571428571438
decision_type=2 2 2 2
left_child=-1 2 -2 -3
right_child=1 3 -4 -5
leaf_value=0.0067655613771418375 -0.011479562771891272 -0.015841856647192582 -0.10831158318344335 -0.0064419231207228159
leaf_weight=44.400000214576721 38.100000262260437 42.950000166893005 51.950000166893005 28.350000023841858
leaf_count=41 33 40 49 28
internal_value=-0.000928863 -0.00255697 -0.00576846 0.000578862
internal_weight=205.75 161.35 90.05 71.3
internal_count=191 150 82 68
is_linear=0
shrinkage=0.0216861


Tree=203
num_leaves=5
num_cat=0
split_feature=4 0 4 4
split_gain=2.38179 3.64995 0.895829 1.77386
threshold=28.949285714285718 29.822857142857142 34.428571428571438 30.802142857142858
decision_type=2 2 2 2
left_child=-1 -2 3 -3
right_child=1 2 -4 -5
leaf_value=0.0066188428300583873 -0.056827364076355143 0.0013203795052838245 0.0099724509944845129 -0.048393861623622143
leaf_weight=44.400000214576721 55.500000238418579 33.650000214576721 30.350000023841858 41.850000143051147
leaf_count=41 51 30 30 39
internal_value=-0.000512338 -0.00202758 0 -0.000881295
internal_weight=205.75 161.35 105.85 75.5
internal_count=191 150 99 69
is_linear=0
shrinkage=0.0216861


Tree=204
num_leaves=7
num_cat=0
split_feature=11 0 1 4 0 8
split_gain=1.49207 2.74301 1.69934 1.45819 1.09908 0.491624
threshold=26.769285714285719 32.587857142857146 28.758571428571432 34.842857142857149 29.300000000000001 30.382857142857148
decision_type=2 2 2 2 2 2
left_child=2 5 -1 -3 -4 -2
right_child=1 3 4 -5 -6 -7
leaf_value=-0.0057736688016225331 0.0015255094395745775 -0.052512832016352914 -0.011778689110918734 -0.0058846547765535823 -0.042359855174351396 0.31863934719840015
leaf_weight=30.700000166893005 34.650000214576721 28.700000047683716 35.150000214576721 26.350000023841858 29.600000143051147 29.850000262260437
leaf_count=28 31 28 31 26 27 25
internal_value=0.000764732 0.00252651 -0.00071288 0 -0.00319858 0.00555688
internal_weight=215 119.55 95.45 55.05 64.75 64.5
internal_count=196 110 86 54 58 56
is_linear=0
shrinkage=0.0216861


Tree=205
num_leaves=5
num_cat=0
split_feature=7 11 5 0
split_gain=1.22214 1.20427 1.166 0.974483
threshold=4.0821428571428582 26.250000000000004 32.228571428571435 32.433571428571433
decision_type=2 2 2 2
left_child=2 -2 -1 -3
right_child=1 3 -4 -5
leaf_value=0.052989889800481742 -0.016084842953053808 -0.013598912534009085 -0.015816300391090526 -0.023374398212469095
leaf_weight=71.800000548362732 34.300000071525574 46.500000357627869 30.700000047683716 31.700000047683716
leaf_count=63 33 39 30 31
internal_value=0.000964138 -3.20794e-05 0.00271989 0.000771202
internal_weight=215 112.5 102.5 78.2
internal_count=196 103 93 70
is_linear=0
shrinkage=0.0216861


Tree=206
num_leaves=6
num_cat=0
split_feature=0 0 0 6 1
split_gain=1.43222 3.4031 1.24827 1.40992 0.584844
threshold=29.822857142857142 32.022857142857148 29.272857142857148 26.210714285714293 34.378571428571426
decision_type=2 2 2 2 2
left_child=2 -2 3 -1 -3
right_child=1 4 -4 -5 -6
leaf_value=-0.00923101405310176 0.16481986780312433 -0.027712300113414853 -0.045833804496997421 0.15662475131133802 0.0073142767347742768
leaf_weight=29.700000047683716 51.450000405311584 34.25000011920929 35.350000143051147 31.550000309944153 32.700000047683716
leaf_count=29 44 32 33 26 32
internal_value=0.000565327 0.00234427 -0.0008906 0 0
internal_weight=215 118.4 96.6 61.25 66.95
internal_count=196 108 88 55 64
is_linear=0
shrinkage=0.0216861


Tree=207
num_leaves=5
num_cat=0
split_feature=2 3 0 1
split_gain=0.894663 2.77881 3.06758 0.96074
threshold=34.857142857142861 32.530000000000008 30.382857142857148 28.965714285714288
decision_type=2 2 2 2
left_child=1 2 3 -1
right_child=-2 -3 -4 -5
leaf_value=0.0071350237528817056 0.029480807779122167 -0.038779392752096034 0.20608145680055343 -0.0042256385232297411
leaf_weight=40.050000190734863 26.350000023841858 38.300000071525574 31.800000309944153 78.500000476837158
leaf_count=37 26 37 26 70
internal_value=0 -0.000229175 0.000712212 -0.000379797
internal_weight=215 188.65 150.35 118.55
internal_count=196 170 133 107
is_linear=0
shrinkage=0.0216861


Tree=208
num_leaves=6
num_cat=0
split_feature=2 4 7 5 3
split_gain=2.36277 2.45259 1.34803 1.06046 0.819195
threshold=30.382857142857148 28.949285714285718 1.0000000180025095e-35 29.069285714285719 32.985000000000007
decision_type=2 2 2 2 2
left_child=1 -1 -2 -3 -4
right_child=2 3 4 -5 -6
leaf_value=0.00033688232593254467 -0.063334918582556896 -0.06513643322411683 0.0079493298469267438 -0.07043921810215642 -0.038748968426331291
leaf_weight=34.450000166893005 30.350000143051147 30.900000214576721 34.750000238418579 42.00000011920929 26
leaf_count=32 28 27 30 40 26
internal_value=-0.00110289 -0.00341903 0.000873427 -0.0056856 0
internal_weight=198.45 107.35 91.1 72.9 60.75
internal_count=183 99 84 67 56
is_linear=0
shrinkage=0.0216861


Tree=209
num_leaves=5
num_cat=0
split_feature=6 7 7 10
split_gain=1.54524 1.09565 1.25941 1.25343
threshold=26.157142857142862 9.326428571428572 4.7521428571428581 30.382857142857148
decision_type=2 2 2 2
left_child=-1 2 3 -2
right_child=1 -3 -4 -5
leaf_value=-0.048939212082420948 -0.037231952651057103 0.010231634954564093 -0.051829445518837808 -0.042101888438528877
leaf_weight=46.600000143051147 36.050000190734863 49.450000286102295 27.650000095367432 38.700000166893005
leaf_count=44 33 44 26 36
internal_value=-0.00110289 0 -0.00129614 0
internal_weight=198.45 151.85 102.4 74.75
internal_count=183 139 95 69
is_linear=0
shrinkage=0.0216861


Tree=210
num_leaves=6
num_cat=0
split_feature=8 0 2 2 2
split_gain=1.86783 5.73364 2.2277 2.17076 1.16719
threshold=30.382857142857148 29.067142857142866 29.287857142857145 32.228571428571435 34.692857142857157
decision_type=2 2 2 2 2
left_child=1 -1 -3 -2 -5
right_child=3 2 -4 4 -6
leaf_value=0.0020203330472145548 0.108497216684059 -0.069025968917773156 -0.11642721045843935 -0.033358614043273865 -0.0083757859159130938
leaf_weight=41.600000262260437 39.150000333786011 32.050000190734863 30.950000047683716 26.700000047683716 28
leaf_count=37 33 29 30 26 28
internal_value=-0.000671237 -0.00284878 -0.00717384 0.00101729 -0.000746831
internal_weight=198.45 104.6 63 93.85 54.7
internal_count=183 96 59 87 54
is_linear=0
shrinkage=0.0216861


Tree=211
num_leaves=5
num_cat=0
split_feature=2 10 3 6
split_gain=1.14614 3.31374 2.29885 1.69065
threshold=30.382857142857148 33.472857142857144 29.728571428571431 26.250000000000004
decision_type=2 2 2 2
left_child=2 -2 3 -1
right_child=1 -3 -4 -5
leaf_value=-0.046982334084466788 0.076272501221590558 -0.011496715677847019 -0.1177472471803107 0.11904766838702041
leaf_weight=37.400000095367432 46.150000333786011 44.950000047683716 32.300000071525574 37.650000333786011
leaf_count=36 40 44 31 32
internal_value=-2.37546e-05 0.00133677 -0.00183981 0
internal_weight=198.45 91.1 107.35 75.05
internal_count=183 84 99 68
is_linear=0
shrinkage=0.0216861


Tree=212
num_leaves=6
num_cat=0
split_feature=6 8 11 8 3
split_gain=1.47396 4.2818 1.81164 0.967683 0.367887
threshold=29.235714285714288 31.820000000000011 26.523571428571433 29.822857142857142 29.077142857142857
decision_type=2 2 2 2 2
left_child=1 2 4 -4 -1
right_child=-2 -3 3 -5 -6
leaf_value=-0.042448392761806668 0.0023929704045471353 -0.033418687828018989 -0.018136775624122154 0.15415312679095305 0.0017775046069212791
leaf_weight=33.400000095367432 26.700000047683716 50.300000071525574 36.550000309944153 40.750000357627869 34.950000166893005
leaf_count=32 26 49 31 34 32
internal_value=0.00089767 0 0.00209606 0.00433956 0
internal_weight=222.65 195.95 145.65 77.3 68.35
internal_count=204 178 129 65 64
is_linear=0
shrinkage=0.0216861


Tree=213
num_leaves=6
num_cat=0
split_feature=6 10 2 9 6
split_gain=1.73405 2.7427 3.1191 1.68456 1.39885
threshold=29.235714285714288 29.287857142857145 29.335714285714285 30.480714285714289 26.062857142857148
decision_type=2 2 2 2 2
left_child=1 4 -3 -4 -1
right_child=-2 2 3 -5 -6
leaf_value=-0.0046384350850389687 0.0023410762421269952 -0.010100302565603084 -0.10859079688271472 -0.010906055428349274 0.143797285531092
leaf_weight=27.950000047683716 26.700000047683716 31.600000262260437 36.350000143051147 68.500000238418579 31.550000309944153
leaf_count=27 26 27 34 64 26
internal_value=0.000512409 0 -0.00190711 -0.00400364 0.00355683
internal_weight=222.65 195.95 136.45 104.85 59.5
internal_count=204 178 125 98 53
is_linear=0
shrinkage=0.0216861


Tree=214
num_leaves=5
num_cat=0
split_feature=6 2 7 10
split_gain=1.47396 3.2009 1.7006 2.86015
threshold=29.235714285714288 32.022857142857148 11.887857142857142 29.287857142857145
decision_type=2 2 2 2
left_child=1 2 3 -1
right_child=-2 -3 -4 -5
leaf_value=0.15981093063542987 0.0022903074609853559 -0.028258304819076267 -0.0046056372638607112 0.0004741162019659629
leaf_weight=35.900000333786011 26.700000047683716 46.300000071525574 45.450000166893005 68.300000429153442
leaf_count=30 26 45 42 61
internal_value=0.00089767 0 0.00175591 0.0034285
internal_weight=222.65 195.95 149.65 104.2
internal_count=204 178 133 91
is_linear=0
shrinkage=0.0216861


Tree=215
num_leaves=5
num_cat=0
split_feature=6 8 8 3
split_gain=1.62177 3.92218 2.07538 2.08412
threshold=29.235714285714288 31.820000000000011 29.822857142857142 29.077142857142857
decision_type=2 2 2 2
left_child=1 2 3 -1
right_child=-2 -3 -4 -5
leaf_value=-0.041238144247674843 0.002240639656006827 -0.031844645592219133 0.096998995938214413 -0.029881503955443273
leaf_weight=39.350000143051147 26.700000047683716 50.300000071525574 50.100000381469727 56.200000405311584
leaf_count=37 26 49 43 49
internal_value=0.000705039 0 0.00180332 0
internal_weight=222.65 195.95 145.65 95.55
internal_count=204 178 129 86
is_linear=0
shrinkage=0.0216861


Tree=216
num_leaves=5
num_cat=0
split_feature=9 0 1 5
split_gain=1.82307 3.32716 4.03388 0.891153
threshold=28.72785714285715 28.949285714285718 34.378571428571426 29.494285714285713
decision_type=2 2 2 2
left_child=-1 -2 3 -3
right_child=1 2 -4 -5
leaf_value=0.0059262567627151293 0.050103817453882149 -0.0078277230258870754 0.0078035558791893838 -0.036833798595690519
leaf_weight=31.450000166893005 33.600000262260437 35.150000214576721 31.050000071525574 85.050000309944153
leaf_count=28 29 31 30 80
internal_value=-0.000234904 -0.00136815 -0.00302111 -0.00503152
internal_weight=216.3 184.85 151.25 120.2
internal_count=198 170 141 111
is_linear=0
shrinkage=0.0216861


Tree=217
num_leaves=5
num_cat=0
split_feature=9 2 5 3
split_gain=1.28382 1.8987 2.95868 0.991864
threshold=28.72785714285715 34.692857142857157 31.820000000000011 28.949285714285718
decision_type=2 2 2 2
left_child=-1 2 3 -2
right_child=1 -3 -4 -5
leaf_value=0.0057977394478317375 0.044431938834592302 0.02616506818350078 -0.03986175875769149 -0.0022556880798154915
leaf_weight=31.450000166893005 31.950000286102295 28.350000023841858 37.650000095367432 86.9000004529953
leaf_count=28 27 28 36 79
internal_value=0 -0.000673663 -0.00193258 0
internal_weight=216.3 184.85 156.5 118.85
internal_count=198 170 142 106
is_linear=0
shrinkage=0.0216861


Tree=218
num_leaves=5
num_cat=0
split_feature=0 2 2 0
split_gain=0.977808 1.83396 3.79244 0.95594
threshold=28.965714285714288 34.692857142857157 32.433571428571433 29.822857142857142
decision_type=2 2 2 2
left_child=-1 2 3 -2
right_child=1 -3 -4 -5
leaf_value=0.010588966570189732 -0.045018795667214069 0.025597650259957454 -0.041392779208424817 -0.016961085170000535
leaf_weight=47.950000286102295 47.300000190734863 28.350000023841858 28.350000023841858 64.350000500679016
leaf_count=43 44 28 28 55
internal_value=0 -0.000548332 -0.00192808 0
internal_weight=216.3 168.35 140 111.65
internal_count=198 155 127 99
is_linear=0
shrinkage=0.0216861


Tree=219
num_leaves=6
num_cat=0
split_feature=6 5 10 6 1
split_gain=1.06089 2.61471 1.393 2.36613 0.38566
threshold=26.988571428571436 30.993571428571428 30.349285714285713 26.157142857142862 34.378571428571426
decision_type=2 2 2 2 2
left_child=2 -2 3 -1 -3
right_child=1 4 -4 -5 -6
leaf_value=-0.0044328367870802732 -0.055171630139926958 -0.01406932056472841 -0.049621092767869225 0.13717796768496035 0.010766616354438395
leaf_weight=45.350000143051147 32.600000143051147 31.600000143051147 29.600000143051147 46.100000381469727 31.050000071525574
leaf_count=43 30 29 27 39 30
internal_value=9.61497e-05 -0.00120238 0.00170602 0.00325903 0.000439372
internal_weight=216.3 95.25 121.05 91.45 62.65
internal_count=198 89 109 82 59
is_linear=0
shrinkage=0.0216861


Tree=220
num_leaves=6
num_cat=0
split_feature=3 0 5 3 5
split_gain=1.68163 3.30052 5.13755 2.47366 0.416349
threshold=30.454285714285721 29.272857142857148 29.494285714285713 32.530000000000008 29.132857142857144
decision_type=2 2 2 2 2
left_child=1 4 -3 -2 -1
right_child=3 2 -4 -5 -6
leaf_value=-0.0059088120826858255 0.15325875312042311 -0.055674056264864803 -0.11394306676131548 -0.022273429479995846 -0.082802734233434913
leaf_weight=29.650000095367432 36.150000333786011 34.150000214576721 27.700000047683716 52.300000071525574 31.250000238418579
leaf_count=28 30 30 27 51 27
internal_value=-0.000149182 -0.00206376 -0.00566776 0.00169758 0.000537001
internal_weight=211.2 122.75 61.85 88.45 60.9
internal_count=193 112 57 81 55
is_linear=0
shrinkage=0.0216861


Tree=221
num_leaves=5
num_cat=0
split_feature=3 4 3 6
split_gain=1.32686 3.2529 2.63112 3.08406
threshold=34.59928571428572 32.587857142857146 30.454285714285721 26.905714285714286
decision_type=2 2 2 2
left_child=1 2 3 -1
right_child=-2 -3 -4 -5
leaf_value=-0.0012063381387682304 0.027418584071216365 -0.055622224475663014 0.25140633008960173 -0.095007989535463452
leaf_weight=89.1500004529953 28.350000023841858 27.950000047683716 34.150000333786011 31.600000143051147
leaf_count=81 28 27 28 29
internal_value=-0.000149182 -0.00114892 0 -0.00139348
internal_weight=211.2 182.85 154.9 120.75
internal_count=193 165 138 110
is_linear=0
shrinkage=0.0216861


Tree=222
num_leaves=5
num_cat=0
split_feature=6 9 2 2
split_gain=1.74414 4.56675 0.965324 2.95477
threshold=28.277857142857144 31.820000000000011 29.822857142857142 29.287857142857145
decision_type=2 2 2 2
left_child=1 2 3 -1
right_child=-2 -3 -4 -5
leaf_value=0.0035369503767031362 0.01131022743030945 -0.046765553793193061 0.10581119444187796 -0.083770919647901301
leaf_weight=58.800000309944153 41.400000095367432 31.050000071525574 51.300000429153442 28.650000095367432
leaf_count=53 40 30 43 27
internal_value=-0.000352133 -0.00161979 0 -0.00125842
internal_weight=211.2 169.8 138.75 87.45
internal_count=193 153 123 80
is_linear=0
shrinkage=0.0216861


Tree=223
num_leaves=5
num_cat=0
split_feature=1 9 7 1
split_gain=1.34276 4.66022 2.99925 1.18552
threshold=34.378571428571426 31.820000000000011 13.379285714285716 29.077142857142857
decision_type=2 2 2 2
left_child=1 2 3 -1
right_child=-2 -3 -4 -5
leaf_value=0.030867913883641025 0.007850007135663143 -0.041769756274380523 0.0070217492661963279 -0.031213592620187247
leaf_weight=34.650000214576721 34.700000047683716 36.400000095367432 33.150000214576721 72.300000429153442
leaf_count=31 34 35 29 64
internal_value=-0.000149182 -0.00123207 0.000117112 -0.00113329
internal_weight=211.2 176.5 140.1 106.95
internal_count=193 159 124 95
is_linear=0
shrinkage=0.0216861


Tree=224
num_leaves=6
num_cat=0
split_feature=7 10 10 11 5
split_gain=2.01637 2.13388 3.66727 2.97743 0.894526
threshold=-2.589285714285714 29.822857142857142 31.820000000000011 28.277857142857144 29.077142857142857
decision_type=2 2 2 2 2
left_child=-1 4 -3 -4 -2
right_child=1 2 3 -5 -6
leaf_value=-0.013022925727871575 0.0039610858782662276 0.3854581653281684 -0.056565121033413324 0.012852411794340358 -0.069634831475827066
leaf_weight=54.350000262260437 33.850000143051147 35.000000357627869 30.300000071525574 28.700000047683716 32.900000095367432
leaf_count=50 31 29 29 28 31
internal_value=0 0.00151698 0.00374592 0 -0.000601235
internal_weight=215.1 160.75 94 59 66.75
internal_count=198 148 86 57 62
is_linear=0
shrinkage=0.0216861


Tree=225
num_leaves=5
num_cat=0
split_feature=7 1 10 10
split_gain=1.55476 1.57277 2.62295 0.370465
threshold=-2.589285714285714 31.914999999999999 29.737142857142864 31.955714285714283
decision_type=2 2 2 2
left_child=-1 2 -2 -4
right_child=1 -3 3 -5
leaf_value=-0.012740509438216016 -0.011123133503887467 -0.025467620981313683 0.40879944768695142 0.0003886567183616013
leaf_weight=54.350000262260437 57.800000190734863 43.300000071525574 32.000000357627869 27.650000095367432
leaf_count=50 54 42 26 26
internal_value=0 0.000985642 0.00255266 0.00569392
internal_weight=215.1 160.75 117.45 59.65
internal_count=198 148 106 52
is_linear=0
shrinkage=0.0216861


Tree=226
num_leaves=6
num_cat=0
split_feature=7 10 6 10 5
split_gain=1.55476 1.3794 2.36565 2.92064 0.894526
threshold=-2.589285714285714 29.822857142857142 27.877142857142861 32.228571428571435 29.077142857142857
decision_type=2 2 2 2 2
left_child=-1 4 3 -3 -2
right_child=1 2 -4 -5 -6
leaf_value=-0.012464217652556776 0.0041164026603035383 0.36516834035251983 -0.025017572446681222 -0.0043438590534073552 -0.067883507287523612
leaf_weight=54.350000262260437 33.850000143051147 35.600000381469727 30.350000023841858 28.050000071525574 32.900000095367432
leaf_count=50 31 29 30 27 31
internal_value=0 0.000985642 0.00284709 0.00534965 -0.000601235
internal_weight=215.1 160.75 94 63.65 66.75
internal_count=198 148 86 56 62
is_linear=0
shrinkage=0.0216861


Tree=227
num_leaves=6
num_cat=0
split_feature=11 2 3 1 11
split_gain=1.05656 4.26671 2.23014 2.6953 0.94489
threshold=29.235714285714288 32.587857142857146 29.798571428571432 28.823571428571434 26.881428571428575
decision_type=2 2 2 2 2
left_child=1 2 3 -1 -4
right_child=-2 -3 4 -5 -6
leaf_value=0.003973133266086384 0.018835136959987561 -0.04335538164632239 -0.0047816004464974957 -0.047909618018600809 0.079386005340458532
leaf_weight=29.100000143051147 26.350000023841858 30.600000023841858 30.950000166893005 59.950000286102295 38.150000333786011
leaf_count=27 26 30 28 55 32
internal_value=0 -0.000671264 0.00038067 -0.00133117 0.00356454
internal_weight=215.1 188.75 158.15 89.05 69.1
internal_count=198 172 142 82 60
is_linear=0
shrinkage=0.0216861


Tree=228
num_leaves=6
num_cat=0
split_feature=1 6 3 4 5
split_gain=0.632263 2.06104 0.933671 2.37857 2.20617
threshold=28.823571428571434 26.523571428571433 32.530000000000008 34.654285714285727 30.382857142857148
decision_type=2 2 2 2 2
left_child=-1 -2 4 -4 -3
right_child=1 2 3 -5 -6
leaf_value=-0.0014441635146762468 -0.026262709029535768 -0.016495464286866407 -0.042995324271624301 0.0088325739045644492 0.10828159409376502
leaf_weight=42.400000214576721 39.350000143051147 58.100000381469727 26.350000023841858 27.350000023841858 36.150000333786011
leaf_count=39 37 51 26 27 30
internal_value=0 -0.000385047 0.00037765 -0.00114594 0.00199925
internal_weight=229.7 187.3 147.95 53.7 94.25
internal_count=210 171 134 53 81
is_linear=0
shrinkage=0.0216861


Tree=229
num_leaves=5
num_cat=0
split_feature=1 6 11 1
split_gain=0.632263 2.06104 0.944113 2.79503
threshold=28.823571428571434 26.523571428571433 26.905714285714286 31.067142857142859
decision_type=2 2 2 2
left_child=-1 -2 -3 -4
right_child=1 2 3 -5
leaf_value=-0.0014128452602383858 -0.025693173658190637 0.15966587402343616 -0.066181839913160789 0.0075665912551757131
leaf_weight=42.400000214576721 39.350000143051147 44.100000381469727 29.700000047683716 74.150000333786011
leaf_count=39 37 37 29 68
internal_value=0 -0.000385047 0.00037765 -0.000167222
internal_weight=229.7 187.3 147.95 103.85
internal_count=210 171 134 97
is_linear=0
shrinkage=0.0216861


Tree=230
num_leaves=7
num_cat=0
split_feature=1 2 6 3 5 5
split_gain=0.548233 1.18672 1.99259 1.0107 2.21996 1.24502
threshold=28.823571428571434 29.822857142857142 26.560000000000006 32.530000000000008 30.993571428571428 34.61357142857144
decision_type=2 2 2 2 2 2
left_child=-1 2 -2 4 -3 -5
right_child=1 3 -4 5 -6 -7
leaf_value=-0.0013822061761652824 -0.040627666523112227 -0.0026005783343927154 -0.030722728020504766 -0.027824927878884027 0.09209432283877371 0.0064749301548716817
leaf_weight=42.400000214576721 29.050000071525574 34.550000190734863 39.450000286102295 26.950000047683716 29.950000286102295 27.350000023841858
leaf_count=39 28 31 34 26 25 27
internal_value=0.000221349 0 -0.0024952 0.000977892 0.00296779 -0.000141295
internal_weight=229.7 187.3 68.5 118.8 64.5 54.3
internal_count=210 171 62 109 56 53
is_linear=0
shrinkage=0.0216861


Tree=231
num_leaves=6
num_cat=0
split_feature=4 0 4 4 4
split_gain=0.853353 1.40179 1.49992 1.99174 0.200596
threshold=28.949285714285718 29.822857142857142 31.820000000000011 34.842857142857149 29.494285714285713
decision_type=2 2 2 2 2
left_child=-1 4 -3 -4 -2
right_child=1 2 3 -5 -6
leaf_value=0.0056449278261334022 -0.024843917064455406 -0.037629713238801196 -0.033750578214829401 0.0095778465839978979 -0.11191663182054784
leaf_weight=50.100000262260437 29.950000166893005 57.050000429153442 38.25000011920929 26.350000023841858 28.00000011920929
leaf_count=46 27 49 36 26 26
internal_value=0.000221349 -0.000127435 0.000754579 -0.00066897 -0.00312791
internal_weight=229.7 179.6 121.65 64.6 57.95
internal_count=210 164 111 62 53
is_linear=0
shrinkage=0.0216861


Tree=232
num_leaves=6
num_cat=0
split_feature=10 9 2 2 8
split_gain=2.42316 1.97053 0.961613 2.00363 3.3746
threshold=29.335714285714285 29.077142857142857 34.857142857142861 32.587857142857146 30.382857142857148
decision_type=2 2 2 2 2
left_child=1 -1 3 4 -2
right_child=2 -3 -4 -5 -6
leaf_value=0.05103845358055964 -0.0303316604624378 -0.016506524212632843 0.012122224354421372 -0.029941345246004902 0.067771859448541777
leaf_weight=34.250000238418579 57.700000286102295 30.200000166893005 28.350000023841858 27.600000023841858 33.950000286102295
leaf_count=30 53 27 28 27 29
internal_value=0.000679227 0.00424933 -0.000443542 -0.00167781 0
internal_weight=212.05 64.45 147.6 119.25 91.65
internal_count=194 57 137 109 82
is_linear=0
shrinkage=0.0216861


Tree=233
num_leaves=6
num_cat=0
split_feature=10 2 8 9 8
split_gain=2.17739 1.44175 1.55169 1.39741 0.862976
threshold=29.335714285714285 34.857142857142861 31.548571428571432 29.077142857142857 29.822857142857142
decision_type=2 2 2 2 2
left_child=3 2 4 -1 -2
right_child=1 -3 -4 -5 -6
leaf_value=0.049931629277697523 -0.045575729086582757 0.011859340752373312 -0.026126476694376656 -0.016148562306018893 0.069854364530673452
leaf_weight=34.250000238418579 45.350000262260437 28.350000023841858 39.400000095367432 30.200000166893005 34.500000238418579
leaf_count=30 41 28 38 27 30
internal_value=7.27858e-05 -0.00102142 -0.00239024 0.00360157 0
internal_weight=212.05 147.6 119.25 64.45 79.85
internal_count=194 137 109 57 71
is_linear=0
shrinkage=0.0216861


Tree=234
num_leaves=5
num_cat=0
split_feature=0 3 5 8
split_gain=0.973796 1.99004 1.59757 0.421231
threshold=32.587857142857146 29.798571428571432 28.949285714285718 30.260000000000009
decision_type=2 2 2 2
left_child=1 2 -1 -3
right_child=-2 3 -4 -5
leaf_value=-0.0032407609685414997 -0.01830875289549825 0.0038743762006175722 -0.045204060990404964 0.16703140511281439
leaf_weight=40.600000262260437 51.050000071525574 30.900000214576721 55.250000238418579 34.250000238418579
leaf_count=36 50 27 51 30
internal_value=0.00047708 0.00154782 0 0.00442973
internal_weight=212.05 161 95.85 65.15
internal_count=194 144 87 57
is_linear=0
shrinkage=0.0216861


Tree=235
num_leaves=6
num_cat=0
split_feature=10 6 7 10 6
split_gain=2.17739 1.86336 1.68393 3.1057 2.22673
threshold=29.335714285714285 26.157142857142862 9.326428571428572 34.378571428571426 26.75357142857143
decision_type=2 2 2 2 2
left_child=1 -1 3 4 -2
right_child=2 -3 -4 -5 -6
leaf_value=-0.0093567398353954934 -0.0019996987189693735 0.14897199040308198 0.014012486024229521 0.0074444014714597998 -0.047660362798220175
leaf_weight=29.300000071525574 29.450000166893005 35.150000333786011 40.750000238418579 27.700000047683716 49.700000166893005
leaf_count=28 27 29 36 27 47
internal_value=7.27858e-05 0.00360157 -0.00102142 -0.00274059 -0.00518403
internal_weight=212.05 64.45 147.6 106.85 79.15
internal_count=194 57 137 101 74
is_linear=0
shrinkage=0.0216861


Tree=236
num_leaves=6
num_cat=0
split_feature=2 2 3 3 2
split_gain=0.996964 3.51319 2.74152 0.859712 2.65835
threshold=32.433571428571433 34.857142857142861 30.270714285714288 28.949285714285718 29.335714285714285
decision_type=2 2 2 2 2
left_child=2 -2 3 -1 -5
right_child=1 -3 -4 4 -6
leaf_value=-0.014501965110197617 -0.026022671909082952 0.0035826483246122454 0.12934861107484438 0.0012855271897760936 -0.081767051625203646
leaf_weight=46.650000333786011 33.300000071525574 28.350000023841858 46.100000381469727 30.050000190734863 30.300000071525574
leaf_count=41 32 28 39 27 29
internal_value=0.000141753 -0.00169687 0.0013616 0 -0.00218047
internal_weight=214.75 61.65 153.1 107 60.35
internal_count=196 60 136 97 56
is_linear=0
shrinkage=0.0216861


Tree=237
num_leaves=6
num_cat=0
split_feature=10 6 6 5 9
split_gain=1.60823 1.74473 2.83379 1.65854 2.42382
threshold=30.055000000000003 26.157142857142862 26.95214285714286 34.61357142857144 32.433571428571433
decision_type=2 2 2 2 2
left_child=1 -1 -3 4 -2
right_child=3 2 -4 -5 -6
leaf_value=-0.0016186509755450923 -0.014786757665660625 0.1169940359249545 -0.025451827916909257 -0.0023908308469441308 -0.01419780749002285
leaf_weight=37.650000095367432 48.250000357627869 34.150000333786011 29.650000214576721 32.350000023841858 32.700000047683716
leaf_count=36 42 28 26 32 32
internal_value=0.000341388 0.00252832 0.0047325 -0.00100561 -0.00304543
internal_weight=214.75 101.45 63.8 113.3 80.95
internal_count=196 90 54 106 74
is_linear=0
shrinkage=0.0216861


Tree=238
num_leaves=6
num_cat=0
split_feature=10 2 11 8 6
split_gain=1.04366 3.52622 1.64049 0.954261 0.456195
threshold=32.433571428571433 34.857142857142861 26.881428571428575 30.105000000000004 26.523571428571433
decision_type=2 2 2 2 2
left_child=2 -2 4 -4 -1
right_child=1 -3 3 -5 -6
leaf_value=-0.0030927720024954068 -0.016678618050087204 0.003345563602897882 -0.063717895849429912 0.21787397578906828 0.051272775011208187
leaf_weight=54.050000190734863 38.300000071525574 26.350000023841858 31.750000238418579 29.250000238418579 35.050000309944153
leaf_count=51 37 26 28 25 29
internal_value=0 -0.00194398 0.00124627 0.00398503 0
internal_weight=214.75 64.65 150.1 61 89.1
internal_count=196 63 133 53 80
is_linear=0
shrinkage=0.0216861


Tree=239
num_leaves=5
num_cat=0
split_feature=0 0 9 2
split_gain=0.810266 1.89899 1.25712 1.96539
threshold=28.965714285714288 29.822857142857142 31.820000000000011 34.857142857142861
decision_type=2 2 2 2
left_child=-1 -2 -3 -4
right_child=1 2 3 -5
leaf_value=-0.012490526538528283 -0.052405836661150625 0.11789759122282861 -0.018581643102725452 0.0069601591198003038
leaf_weight=40.350000262260437 48.300000190734863 59.350000500679016 39.400000095367432 27.350000023841858
leaf_count=36 45 50 38 27
internal_value=0 -0.000768619 0.000129861 -0.00122748
internal_weight=214.75 174.4 126.1 66.75
internal_count=196 160 115 65
is_linear=0
shrinkage=0.0216861


Tree=240
num_leaves=6
num_cat=0
split_feature=9 2 9 2 7
split_gain=1.23365 2.04681 1.46368 2.56112 0.243032
threshold=29.287857142857145 34.857142857142861 33.740000000000009 30.683571428571433 8.732857142857144
decision_type=2 2 2 2 2
left_child=4 2 3 -2 -1
right_child=1 -3 -4 -5 -6
leaf_value=0.070021343077526624 -0.031193809385693917 0.017414862867488903 -0.021179586536436507 0.039280396843827427 -0.0016191539895205125
leaf_weight=33.700000286102295 71.250000357627869 26.350000023841858 26 39.550000309944153 27.900000095367432
leaf_count=29 65 26 26 34 26
internal_value=-0.000564929 -0.00176991 -0.00309319 -0.00112349 0.00144449
internal_weight=224.75 163.15 136.8 110.8 61.6
internal_count=206 151 125 99 55
is_linear=0
shrinkage=0.0216861


Tree=241
num_leaves=6
num_cat=0
split_feature=9 3 2 3 3
split_gain=1.46245 4.04242 2.29545 3.15358 0.219478
threshold=29.287857142857145 29.069285714285719 34.857142857142861 29.506428571428575 32.530000000000008
decision_type=2 2 2 2 2
left_child=1 -1 3 -2 -5
right_child=2 -3 -4 4 -6
leaf_value=-0.027530196599098375 0.0036841093481492049 0.13702625271821231 0.017037202650524774 -0.0033114993241590038 -0.042606380492204006
leaf_weight=28.650000095367432 37.950000286102295 32.950000286102295 26.350000023841858 63.250000357627869 35.600000023841858
leaf_count=27 33 28 26 57 35
internal_value=-0.000755779 0.00144449 -0.00203173 -0.00340454 -0.00552438
internal_weight=224.75 61.6 163.15 136.8 98.85
internal_count=206 55 151 125 92
is_linear=0
shrinkage=0.0216861


Tree=242
num_leaves=6
num_cat=0
split_feature=9 3 2 2 10
split_gain=1.39817 3.32586 1.90792 3.0203 1.3444
threshold=29.287857142857145 29.069285714285719 30.683571428571433 29.287857142857145 33.740000000000009
decision_type=2 2 2 2 2
left_child=1 -1 3 -2 -4
right_child=2 -3 4 -5 -6
leaf_value=-0.026933174383087104 -0.012847689496481695 0.13405468959278849 0.0068330422888995745 -0.047765413598354997 -0.0035000160473733855
leaf_weight=28.650000095367432 33.350000262260437 32.950000286102295 44.200000286102295 40.900000095367432 44.700000047683716
leaf_count=27 29 28 39 39 44
internal_value=-0.000183228 0.00212104 -0.00150809 -0.00407408 0
internal_weight=224.75 61.6 163.15 74.25 88.9
internal_count=206 55 151 68 83
is_linear=0
shrinkage=0.0216861


Tree=243
num_leaves=6
num_cat=0
split_feature=9 5 5 6 7
split_gain=1.08714 2.29637 1.82501 0.741339 1.02798
threshold=31.820000000000011 34.378571428571426 30.382857142857148 26.905714285714286 2.4500000000000011
decision_type=2 2 2 2 2
left_child=2 -2 3 4 -1
right_child=1 -3 -4 -5 -6
leaf_value=0.018185409059397008 -0.021639893195642485 -0.00045077049456360597 0.15425547838790629 -0.030471696351475258 -0.014312134577721807
leaf_weight=36.100000262260437 43.100000143051147 32.350000023841858 29.850000262260437 30.300000190734863 53.050000190734863
leaf_count=32 41 32 25 27 49
internal_value=0 -0.00200848 0.00113855 0 0.000903839
internal_weight=224.75 75.45 149.3 119.45 89.15
internal_count=206 73 133 108 81
is_linear=0
shrinkage=0.0216861


Tree=244
num_leaves=5
num_cat=0
split_feature=4 4 3 4
split_gain=2.71944 3.5598 1.05518 1.34822
threshold=28.949285714285718 29.822857142857142 31.67785714285715 34.428571428571438
decision_type=2 2 2 2
left_child=-1 -2 -3 -4
right_child=1 2 3 -5
leaf_value=0.041603634858770909 -0.030792373848747282 0.1122150582970992 -0.061227945225125521 0.0067566167511357257
leaf_weight=44.100000262260437 48.950000166893005 57.750000476837158 30.300000071525574 29.350000023841858
leaf_count=40 46 49 29 29
internal_value=0.000114066 -0.000811683 0.00073611 -0.000355911
internal_weight=210.45 166.35 117.4 59.65
internal_count=193 153 107 58
is_linear=0
shrinkage=0.0216861


end of trees

feature_importances:
soi_lag_8=127
temp_max_lag_5=118
temp_max_lag_4=117
temp=113
temp_max_lag_2=86
temp_max_lag_8=86
temp_max=83
temp_max_lag_7=83
temp_max_lag_3=76
temp_max_lag_1=74
temp_lag_1=65
temp_max_lag_6=61

parameters:
[boosting: gbdt]
[objective: regression_l1]
[metric: l1]
[tree_learner: serial]
[device_type: cpu]
[data_sample_strategy: bagging]
[data: ]
[valid: ]
[num_iterations: 245]
[learning_rate: 0.0216861]
[num_leaves: 8]
[num_threads: -1]
[seed: 42]
[deterministic: 0]
[force_col_wise: 0]
[force_row_wise: 0]
[histogram_pool_size: -1]
[max_depth: 4]
[min_data_in_leaf: 26]
[min_sum_hessian_in_leaf: 0.001]
[bagging_fraction: 0.789957]
[pos_bagging_fraction: 1]
[neg_bagging_fraction: 1]
[bagging_freq: 4]
[bagging_seed: 400]
[bagging_by_query: 0]
[feature_fraction: 0.646858]
[feature_fraction_bynode: 1]
[feature_fraction_seed: 30056]
[extra_trees: 0]
[extra_seed: 12879]
[early_stopping_round: 0]
[early_stopping_min_delta: 0]
[first_metric_only: 0]
[max_delta_step: 0]
[lambda_l1: 3.32987]
[lambda_l2: 2.5075]
[linear_lambda: 0]
[min_gain_to_split: 0.154693]
[drop_rate: 0.1]
[max_drop: 50]
[skip_drop: 0.5]
[xgboost_dart_mode: 0]
[uniform_drop: 0]
[drop_seed: 17869]
[top_rate: 0.2]
[other_rate: 0.1]
[min_data_per_group: 100]
[max_cat_threshold: 32]
[cat_l2: 10]
[cat_smooth: 10]
[max_cat_to_onehot: 4]
[top_k: 20]
[monotone_constraints: ]
[monotone_constraints_method: basic]
[monotone_penalty: 0]
[feature_contri: ]
[forcedsplits_filename: ]
[refit_decay_rate: 0.9]
[cegb_tradeoff: 1]
[cegb_penalty_split: 0]
[cegb_penalty_feature_lazy: ]
[cegb_penalty_feature_coupled: ]
[path_smooth: 0]
[interaction_constraints: ]
[verbosity: -1]
[saved_feature_importance_type: 0]
[use_quantized_grad: 0]
[num_grad_quant_bins: 4]
[quant_train_renew_leaf: 0]
[stochastic_rounding: 1]
[linear_tree: 0]
[max_bin: 255]
[max_bin_by_feature: ]
[min_data_in_bin: 3]
[bin_construct_sample_cnt: 200000]
[data_random_seed: 175]
[is_enable_sparse: 1]
[enable_bundle: 1]
[use_missing: 1]
[zero_as_missing: 0]
[feature_pre_filter: 1]
[pre_partition: 0]
[two_round: 0]
[header: 0]
[label_column: ]
[weight_column: ]
[group_column: ]
[ignore_column: ]
[categorical_feature: ]
[forcedbins_filename: ]
[precise_float_parser: 0]
[parser_config_file: ]
[objective_seed: 16083]
[num_class: 1]
[is_unbalance: 0]
[scale_pos_weight: 1]
[sigmoid: 1]
[boost_from_average: 1]
[reg_sqrt: 0]
[alpha: 0.9]
[fair_c: 1]
[poisson_max_delta_step: 0.7]
[tweedie_variance_power: 1.5]
[lambdarank_truncation_level: 30]
[lambdarank_norm: 1]
[label_gain: ]
[lambdarank_position_bias_regularization: 0]
[eval_at: ]
[multi_error_top_k: 1]
[auc_mu_weights: ]
[num_machines: 1]
[local_listen_port: 12400]
[time_out: 120]
[machine_list_filename: ]
[machines: ]
[gpu_platform_id: -1]
[gpu_device_id: -1]
[gpu_use_dp: 0]
[num_gpu: 1]

end of parameters

pandas_categorical:[]
