tree
version=v4
num_class=1
num_tree_per_iteration=1
label_index=0
max_feature_idx=29
objective=regression
feature_names=Column_0 Column_1 Column_2 Column_3 Column_4 Column_5 Column_6 Column_7 Column_8 Column_9 Column_10 Column_11 Column_12 Column_13 Column_14 Column_15 Column_16 Column_17 Column_18 Column_19 Column_20 Column_21 Column_22 Column_23 Column_24 Column_25 Column_26 Column_27 Column_28 Column_29
feature_infos=[0:100.31802766666662] [0:96.558499999999981] [-1.4798755832833574:1.4695823571102646] [0.17563333333333334:89.721499999999992] [0.16666666666666666:94.257333333333307] [-33.334082999999985:32.461999999999989] [-30.923999999999999:42.461999999999989] [-2.0701084577786628:2.2206354113494386] [-48.568082999999987:39.654999999999973] [0:104.60308299999997] [-46.695999999999998:47] [-37.689999999999998:34.645714285714277] [-37.689999999999998:34.645714285714277] [-37.689999999999998:34.645714285714277] [-37.689999999999998:34.645714285714277] [-37.689999999999998:34.645714285714277] [0:144.26729138999971] [-37.689999999999998:34.645714285714277] [0:104.60308299999997] [0:144.26729138999971] [-37.689999999999998:34.645714285714277] [0:104.60308299999997] [-37.668048447142858:34.645714285714277] [-37.689999999999998:34.645714285714277] [0:144.26729138999971] [-37.689999999999998:34.645714285714277] [-1:1] [-37.689999999999998:34.645714285714277] [-37.689999999999998:34.645714285714277] [0:104.60308299999997]
tree_sizes=819 764 858 959 763 865 864 764 764 946 868 869 871 971 850 767 763 747 766 765 970 969 764 764 764 847 954 767 972 873 664 667 765 769 663 770 966 871 770 975 775 665 669 668 752 773 775 667 773 774 774 669 672 781 567 971 968 970 969 975 668 878 672 754 887 759 959 986 985 864 654 850 868 675 655 667 759 1049 1051 1050 884 885 889 854 885 744 886 1080 1078 1087 658 661 869 870 663 679 788 868 764 765 772 942 741 1050 766 973 874 877 880 787 954 774 958 853 745 749 741 827 775 872 969 965 971 982 1056 850 837 960 731 730 1010 1009 928 944 947 906 1030 1005 1122 1103 1055 1034 1037 1212 943 746 833 946 811 813 826 851 929 927 1052 928 927 1009 846 930 899 1129 814 1023 898 1043 1140 1123 1142 1024 952 818 859 860 773 936 1005 942 1008 923 1051 839 837 837 840 842 888 815 792 910 905 903 961 819 735 618 910 777 932 931 912 824 757 914 758 1111 931 826 930 740 987 1002 826 826 1008 1041 1021 833 1040 1035 913 910 1000 907 733 1100 1171 920 918 926 723 1012 1168 993 845 916 917 736 916 920 985 1001 995 917 999 734 844 930 911 930 707 707 927 706 796 729 730 729 818 913 818 735 894 836 733 1006 1001 810 1000 807 1105 817 1001 916 927 992 927 913 900 994 1010 814 1016 813 904 1000 812 896 723 985 812 987 919 915 916 890 797 711 916 889 704 810 810 880 720 920 920 918 928 919 821 807 979 808 823 810 807 635 991 815 895 915 1001 1003 927 795 711 713 713 826 994 908 810 988 898 743 739 732 736 737 993 905 994 914 995 991 888 607 797 796 917 919 915 883 1008 705 709 708 884 710 799 894 892 895 891 624 725 809 795 709 829 918 920 712 919 534 536 533 535 525 899 980 880 895 981 873 799 796 707 619 894 800 804 895 895 709 818 613 715 713 941 833 1001 918 943 798 993 620 878 796 884 882 785 796 806 810 624 795 797 800 710 711 729 713 449 709 620 620 527 619 801 801 626 703 802 534 612 536 536 535 787 698 788 783 874 426 527 527 518 426 791 533 534 532 533 1001 1003 919 1003 796 431 787 788 341 341 788 800 827 876 901 795 706 651 878 789 530 531 530 528

Tree=0
num_leaves=7
num_cat=0
split_feature=0 0 0 1 0 0
split_gain=339.516 21.303 21.2617 13.3855 1.50189 1.41852
threshold=32.500000000000007 10.833333333333334 76.166666666666671 61.000000000000007 52.166666666666679 23.666666666666668
decision_type=2 2 2 2 2 2
left_child=1 -1 3 4 -2 -3
right_child=2 5 -4 -5 -6 -7
leaf_value=7.5389597976060276 7.671226650712935 7.6007334557087018 7.7339316676135663 7.7162761167555969 7.6937080446519506 7.6439971522207566
leaf_weight=7.72583940625191 7.5358597189187986 6.712614566087721 48.496947288513184 26.977110207080841 5.699389636516571 3.6729400455951691
leaf_count=61 24 52 7 9 9 21
internal_value=7.69639 7.57904 7.72057 7.70407 7.67997 7.61329
internal_weight=106.821 18.1114 88.7093 40.2124 13.2352 10.3856
internal_count=183 134 49 42 33 73
is_linear=0
shrinkage=1


Tree=1
num_leaves=6
num_cat=0
split_feature=0 26 0 0 10
split_gain=320.284 20.2839 20.1218 5.37941 5.23404
threshold=32.500000000000007 0.74851074817110097 13.833333333333334 72.500000000000014 16.500000000000004
decision_type=2 2 2 2 2
left_child=2 3 -1 4 -2
right_child=1 -3 -4 -5 -6
leaf_value=-0.14502472900510971 -0.018418535695610281 0.035636475710462197 -0.073241529415642589 0.018622354233047877 0.011261200093837534
leaf_weight=9.7522890865802783 10.638860732316973 51.093335911631584 8.3591049313545209 17.09816837310791 9.8789418339729291
leaf_count=77 27 13 57 3 6
internal_value=-0.000134568 0.0233416 -0.114116 0.00625447 -0.00373962
internal_weight=106.821 88.7093 18.1114 37.616 20.5178
internal_count=183 49 134 36 33
is_linear=0
shrinkage=0.03


Tree=2
num_leaves=7
num_cat=0
split_feature=0 13 0 0 14 0
split_gain=301.939 19.6903 19.0941 12.1833 5.76021 1.29616
threshold=32.500000000000007 13.522142857142857 10.833333333333334 68.500000000000014 7.3014285714285725 23.666666666666668
decision_type=2 2 2 2 2 2
left_child=2 3 -1 4 -2 -4
right_child=1 -3 5 -5 -6 -7
leaf_value=-0.14880591146098845 -0.022036048719031476 0.044345757992285538 -0.090294276213447808 0.022643758336629929 0.0086681443637229589 -0.049018744380390257
leaf_weight=7.72583940625191 9.6256359219551104 26.459308087825775 6.712614566087721 41.035604119300842 11.588758721947668 3.6729400455951691
leaf_count=61 27 5 52 8 9 21
internal_value=-0.00014239 0.0226492 -0.110814 0.0131147 -0.004958 -0.0783251
internal_weight=106.821 88.7093 18.1114 62.25 21.2144 10.3856
internal_count=183 49 134 44 36 73
is_linear=0
shrinkage=0.03


Tree=3
num_leaves=8
num_cat=0
split_feature=0 25 0 1 8 0 1
split_gain=284.88 18.5691 18.0234 7.87393 6.61773 1.80189 1.60754
threshold=32.500000000000007 14.725000000000001 10.16666666666667 71.375000000000014 22.500000000000004 23.666666666666668 54.375000000000007
decision_type=2 2 2 2 2 2 2
left_child=2 3 -1 4 6 -4 -2
right_child=1 -3 5 -5 -6 -7 -8
leaf_value=-0.14865425060051446 -0.023156013180632883 0.043196210079070152 -0.090330320629931043 0.021939081900299095 0.015704440195617255 -0.047659223417952236 -0.001174274094321145
leaf_weight=6.8392676711082485 7.4092066138982773 26.206001877784729 7.5991863012313825 35.716173976659775 12.918616145849228 3.6729400455951691 6.4593082368373871
leaf_count=54 22 6 59 8 4 21 9
internal_value=-0.000157821 0.0219781 -0.10766 0.0127748 0.000115893 -0.0788 -0.0137948
internal_weight=106.821 88.7093 18.1114 62.5033 26.7871 11.2721 13.8685
internal_count=183 49 134 43 35 80 31
is_linear=0
shrinkage=0.03


Tree=4
num_leaves=6
num_cat=0
split_feature=0 0 7 5 0
split_gain=269.258 30.6086 13.6918 0.766707 0.686289
threshold=42.000000000000007 17.500000000000004 1.1122292599885963 7.5000000000000009 5.5000000000000009
decision_type=2 2 2 2 2
left_child=1 4 -2 -3 -1
right_child=2 3 -4 -5 -6
leaf_value=-0.16602422277661263 0.010584476830723435 -0.060127277385890077 0.035221410828710595 -0.027542810945550368 -0.10879941085497824
leaf_weight=2.9130214154720333 39.515767276287079 7.662512853741644 45.457272976636887 2.9130214154720306 8.3591049313545209
leaf_count=23 25 49 9 11 66
internal_value=-0.000174943 -0.0934548 0.0239474 -0.0529868 -0.128286
internal_weight=106.821 21.8477 84.973 10.5755 11.2721
internal_count=183 149 34 60 89
is_linear=0
shrinkage=0.03


Tree=5
num_leaves=7
num_cat=0
split_feature=0 0 4 0 10 0
split_gain=295.653 32.3508 18.0066 4.26157 0.514434 0.425364
threshold=42.000000000000007 14.833333333333334 81.766083333333356 72.500000000000014 13.500000000000002 5.8333333333333348
decision_type=2 2 2 2 2 2
left_child=1 5 3 -2 -3 -1
right_child=2 4 -4 -5 -6 -7
leaf_value=-0.16138223786003963 8.2029293324963355e-05 -0.060426582366106797 0.037578097185978869 0.019113928115422008 -0.027807583395210986 -0.1087022475112336
leaf_weight=3.7995931506156939 20.517802536487579 8.7390642464160901 47.478127688169479 23.937435746192932 2.5330621004104605 7.9791456162929535
leaf_count=30 27 58 7 5 10 63
internal_value=0.000484436 -0.0947949 0.0247025 0.0105905 -0.0547851 -0.130027
internal_weight=114.984 23.0509 91.9334 44.4552 11.2721 11.7787
internal_count=200 161 39 32 68 93
is_linear=0
shrinkage=0.03


Tree=6
num_leaves=7
num_cat=0
split_feature=0 0 4 0 0 0
split_gain=279.064 30.4971 16.9239 4.00669 0.470799 0.377774
threshold=42.000000000000007 14.833333333333334 81.766083333333356 72.500000000000014 27.166666666666668 5.8333333333333348
decision_type=2 2 2 2 2 2
left_child=1 5 3 -2 -3 -1
right_child=2 4 -4 -5 -6 -7
leaf_value=-0.15689505484431762 7.9604249137182813e-05 -0.065732229711576939 0.036457832743309868 0.018547607096082466 -0.038557628289048941 -0.10555934529989965
leaf_weight=3.7995931506156939 20.517802536487579 5.1927773058414441 47.478127688169479 23.937435746192932 6.0793490409851074 7.9791456162929535
leaf_count=30 27 39 7 5 29 63
internal_value=0.000441678 -0.0921239 0.0239728 0.0102827 -0.0532335 -0.12635
internal_weight=114.984 23.0509 91.9334 44.4552 11.2721 11.7787
internal_count=200 161 39 32 68 93
is_linear=0
shrinkage=0.03


Tree=7
num_leaves=6
num_cat=0
split_feature=0 0 4 10 0
split_gain=263.524 31.0702 14.7978 0.879013 0.332333
threshold=45.166666666666679 14.833333333333334 81.766083333333356 13.500000000000002 5.8333333333333348
decision_type=2 2 2 2 2
left_child=1 4 -2 -3 -1
right_child=2 3 -4 -5 -6
leaf_value=-0.15253264421839391 0.010726197314651145 -0.056760522889895672 0.035370964065849074 -0.024958302947086106 -0.10250731758695299
leaf_weight=3.7995931506156939 43.695319652557373 9.1190235614776594 47.478127688169479 2.9130214154720298 7.9791456162929535
leaf_count=30 29 60 7 11 63
internal_value=0.000399412 -0.0877539 0.0237321 -0.0505853 -0.122777
internal_weight=114.984 23.8108 91.1734 12.032 11.7787
internal_count=200 164 36 71 93
is_linear=0
shrinkage=0.03


Tree=8
num_leaves=6
num_cat=0
split_feature=0 0 4 10 0
split_gain=248.715 29.296 13.9147 0.791971 0.288994
threshold=45.166666666666679 14.833333333333334 81.766083333333356 13.500000000000002 5.8333333333333348
decision_type=2 2 2 2 2
left_child=1 4 -2 -3 -1
right_child=2 3 -4 -5 -6
leaf_value=-0.14829152378051766 0.010406605854112728 -0.055111941988963652 0.034316497982535818 -0.024279465038355059 -0.099543531886217465
leaf_weight=3.7995931506156939 43.695319652557373 9.1190235614776594 47.478127688169479 2.9130214154720298 7.9791456162929535
leaf_count=30 29 60 7 11 63
internal_value=0.000357712 -0.0852806 0.0230277 -0.0491493 -0.119306
internal_weight=114.984 23.8108 91.1734 12.032 11.7787
internal_count=200 164 36 71 93
is_linear=0
shrinkage=0.03


Tree=9
num_leaves=8
num_cat=0
split_feature=0 0 0 0 8 1 0
split_gain=234.888 19.4931 15.9396 10.0544 4.8266 1.29915 0.874846
threshold=32.500000000000007 89.166666666666671 10.16666666666667 68.500000000000014 22.500000000000004 54.375000000000007 25.500000000000004
decision_type=2 2 2 2 2 2 2
left_child=2 3 -1 4 5 -2 -4
right_child=1 -3 6 -5 -6 -7 -8
leaf_value=-0.12665169775143803 -0.024783235642679851 0.040001600284387567 -0.073246918981728137 0.019544805120828273 0.011416827929635271 -0.0049251935866675405 -0.03717646925387718
leaf_weight=8.2324518263340014 7.0925738811492938 30 8.4224314838647825 41.035604119300842 9.4989825189113599 7.5991861820220947 3.1030010730028144
leaf_count=65 25 3 65 8 5 12 17
internal_value=0.0003179 0.0199914 -0.0929336 0.0105096 -0.00450144 -0.0154163 -0.0654862
internal_weight=114.984 95.2263 19.7579 65.2263 24.1907 14.6918 11.5254
internal_count=200 53 147 50 42 37 82
is_linear=0
shrinkage=0.03


Tree=10
num_leaves=7
num_cat=0
split_feature=0 0 0 14 0 4
split_gain=191.931 16.9391 12.6623 4.67898 0.99729 0.0457484
threshold=32.500000000000007 68.500000000000014 10.16666666666667 7.3014285714285725 20.166666666666668 47.166666666666679
decision_type=2 2 2 2 2 2
left_child=2 3 -1 5 -4 -2
right_child=1 -3 4 -5 -6 -7
leaf_value=-0.11963290564927002 -0.026659308929453389 0.024854940398445453 -0.076092859813994065 0.0057146785055418722 -0.044306820685093208 -0.012396888739013324
leaf_weight=7.72583940625191 4.8128179907798785 56.476092576980591 6.712614566087721 13.488555267453192 5.5094100683927536 4.9394710659980774
leaf_count=61 18 10 53 12 34 12
internal_value=-0.00480624 0.0159929 -0.0873752 -0.00520203 -0.0638879 -0.0209164
internal_weight=99.6648 79.7169 19.9479 23.2408 12.222 9.75229
internal_count=200 52 148 42 87 30
is_linear=0
shrinkage=0.03


Tree=11
num_leaves=7
num_cat=0
split_feature=0 0 0 14 0 4
split_gain=181.056 15.9653 11.8694 4.42778 0.907421 0.0317651
threshold=32.500000000000007 68.500000000000014 10.16666666666667 7.3014285714285725 27.166666666666668 47.166666666666679
decision_type=2 2 2 2 2 2
left_child=2 3 -1 5 -4 -2
right_child=1 -3 4 -5 -6 -7
leaf_value=-0.11617807166104448 -0.025906457368201786 0.024113231563414734 -0.06916612212622103 0.0055469688401586139 -0.034346871657116786 -0.012046276259142188
leaf_weight=7.72583940625191 4.8128179907798785 56.476092576980591 9.1190235614776594 13.488555267453192 3.1030010730028144 4.9394710659980774
leaf_count=61 18 10 70 12 17 12
internal_value=-0.00468983 0.0155088 -0.0848873 -0.00505872 -0.0620794 -0.0203507
internal_weight=99.6648 79.7169 19.9479 23.2408 12.222 9.75229
internal_count=200 52 148 42 87 30
is_linear=0
shrinkage=0.03


Tree=12
num_leaves=7
num_cat=0
split_feature=0 0 0 2 0 4
split_gain=170.779 15.0478 11.1384 3.98846 1.21821 0.982148
threshold=32.500000000000007 68.500000000000014 9.1666666666666696 0.99784887340499029 20.166666666666668 51.166666666666679
decision_type=2 2 2 2 2 2
left_child=2 3 -1 5 -4 -2
right_child=1 -3 4 -5 -6 -7
leaf_value=-0.11500790566176361 -0.027947712351829031 0.023393657387335863 -0.073196646509799665 0.0067317343982911402 -0.041636369757956003 -0.0072367301507484374
leaf_weight=7.0925738811492947 5.0027976483106631 56.476092576980591 7.3458800911903364 11.778738379478453 5.5094100683927536 6.4593082964420319
leaf_count=56 20 10 58 9 34 13
internal_value=-0.00457506 0.0150393 -0.082465 -0.00491934 -0.0616129 -0.0175238
internal_weight=99.6648 79.7169 19.9479 23.2408 12.8553 11.4621
internal_count=200 52 148 42 92 33
is_linear=0
shrinkage=0.03


Tree=13
num_leaves=8
num_cat=0
split_feature=9 3 16 3 2 3 5
split_gain=158.059 12.7105 11.2996 3.26724 2.61562 1.41899 0.0748026
threshold=34.500000000000007 19.875000000000004 2.1250000000000004 61.250000000000007 1.2162882742266647 3.7500000000000004 6.5000000000000009
decision_type=2 2 2 2 2 2 2
left_child=1 5 -2 4 -4 -1 -3
right_child=2 6 3 -5 -6 -7 -8
leaf_value=-0.13195154397661493 0.034566600399621963 -0.047201677920988783 -0.013873041715402139 0.01311504685166485 0.0081833154039382423 -0.081899574887232832 -0.021947888117039689
leaf_weight=2.406408995389941 20.189979657530785 4.7494914382696143 8.6757376343011874 39.515767067670822 9.8789418339729291 11.462106004357336 2.7863683104515076
leaf_count=19 3 31 25 14 6 90 12
internal_value=-0.00446436 -0.0761833 0.0152524 0.00823983 -0.00170903 -0.0938296 -0.0402105
internal_weight=99.6648 21.4044 78.2604 58.0704 18.5547 13.8685 7.53586
internal_count=200 152 48 45 31 109 43
is_linear=0
shrinkage=0.03


Tree=14
num_leaves=7
num_cat=0
split_feature=0 0 16 0 5 6
split_gain=152.687 19.2279 8.95735 2.50559 0.33577 0.274313
threshold=45.166666666666679 20.166666666666668 11.640000000000002 8.1666666666666696 6.5000000000000009 3.5000000000000004
decision_type=2 2 2 2 2 2
left_child=1 3 -2 -1 -3 -4
right_child=2 4 5 -5 -6 -7
leaf_value=-0.11279595619261373 0.034294536947616798 -0.039880375332077951 0.0075321378102332932 -0.071307939159848621 -0.017021692026484386 0.013346549584742731
leaf_weight=5.952695935964587 20 7.3458800911903364 29.636825442314148 8.485758036375044 3.1663276255130768 25.077313810586929
leaf_count=47 2 43 18 67 11 12
internal_value=-0.00435483 -0.0682238 0.0170417 -0.0909711 -0.034491 0.0104189
internal_weight=99.6648 24.9507 74.7141 14.4385 10.5122 54.7141
internal_count=200 168 32 114 54 30
is_linear=0
shrinkage=0.03


Tree=15
num_leaves=6
num_cat=0
split_feature=1 1 26 10 1
split_gain=146.184 16.0053 9.06527 1.02275 0.564833
threshold=43.375000000000007 14.250000000000002 0.74851074817110097 8.5000000000000018 6.3750000000000009
decision_type=2 2 2 2 2
left_child=1 4 -2 -3 -1
right_child=2 3 -4 -5 -6
leaf_value=-0.12155161284149069 0.0059041721973856556 -0.050061007755829348 0.027129267216266056 -0.023421808476805389 -0.077782589783921927
leaf_weight=3.4196338355541247 35.906153991818428 8.1691252738237363 39.636825203895569 4.4961852282285681 7.4725331962108612
leaf_count=27 26 56 7 19 59
internal_value=-0.00306618 -0.0679034 0.0172227 -0.042059 -0.095218
internal_weight=99.1005 23.5575 75.543 12.6653 10.8922
internal_count=194 161 33 75 86
is_linear=0
shrinkage=0.03


Tree=16
num_leaves=6
num_cat=0
split_feature=0 0 8 0 0
split_gain=139.431 16.7002 2.6794 0.688219 0.507474
threshold=45.166666666666679 15.500000000000002 22.500000000000004 4.166666666666667 27.166666666666668
decision_type=2 2 2 2 2
left_child=1 3 -2 -1 -3
right_child=2 4 -4 -5 -6
leaf_value=-0.12431629797552207 0.011223531588074508 -0.049887869011543559 0.023433198438891821 -0.077957620865653346 -0.027709227786345641
leaf_weight=2.5330621004104641 39.895726561546326 5.1294507533311826 35.077313661575317 9.1190235614776594 7.3458800911903381
leaf_count=20 23 39 7 72 33
internal_value=-0.00299862 -0.0653448 0.0171262 -0.091656 -0.0384902
internal_weight=99.1005 24.1274 74.973 11.6521 12.4753
internal_count=194 164 30 92 72
is_linear=0
shrinkage=0.03


Tree=17
num_leaves=6
num_cat=0
split_feature=4 4 26 10 2
split_gain=128.965 12.6803 9.25519 1.60944 0.792993
threshold=38.833333333333336 12.583333333333334 0.74851074817110097 8.5000000000000018 0.51991152606483937
decision_type=2 2 2 2 2
left_child=1 -1 4 -3 -2
right_child=2 3 -4 -5 -6
leaf_value=-0.091840193516508781 0 -0.051777541977905212 0.025791063574429694 -0.022342045287443643 0.0089815056790280047
leaf_weight=9.7522890865802783 18.744658946990967 8.485758036375044 39.636825203895569 4.6228383332490912 17.858087122440338
leaf_count=77 21 60 7 20 9
internal_value=-0.00293358 -0.0650275 0.01575 -0.0428002 0.0045114
internal_weight=99.1005 22.8609 76.2396 13.1086 36.6027
internal_count=194 157 37 80 30
is_linear=0
shrinkage=0.03


Tree=18
num_leaves=6
num_cat=0
split_feature=0 0 24 0 10
split_gain=124.417 14.8431 1.88602 0.831867 0.453852
threshold=45.166666666666679 15.500000000000002 13.940000000000001 4.166666666666667 14.500000000000002
decision_type=2 2 2 2 2
left_child=1 3 -2 -1 -3
right_child=2 4 -4 -5 -6
leaf_value=-0.11851828415399393 0.022820319472376525 -0.040648175518594815 0.01198168298095161 -0.073280219560940232 -0.016027956680292176
leaf_weight=2.5330621004104641 27.478127688169479 9.6889625340700132 47.494912534952164 9.1190235614776594 2.7863683104515067
leaf_count=20 5 62 25 72 10
internal_value=-0.00285642 -0.0617543 0.0161488 -0.0865956 -0.0363592
internal_weight=99.1005 24.1274 74.973 11.6521 12.4753
internal_count=194 164 30 92 72
is_linear=0
shrinkage=0.03


Tree=19
num_leaves=6
num_cat=0
split_feature=1 26 1 9 5
split_gain=116.333 11.3514 5.69019 5.04951 1.627
threshold=30.125000000000004 0.74851074817110097 10.875000000000002 61.500000000000007 7.5000000000000009
decision_type=2 2 2 2 2
left_child=2 3 -1 4 -2
right_child=1 -3 -4 -5 -6
leaf_value=-0.091833852621081555 -0.024324426695505854 0.023794780155082018 -0.050603838313581506 0.008724568018637276 -0.0020549013218239529
leaf_weight=8.2324518263340014 6.3326552510261518 40.143437623977661 9.8156156390905362 27.35706952214241 7.2192268669605255
leaf_count=65 26 9 72 10 12
internal_value=-0.00279279 0.0125116 -0.0710951 0.00112862 -0.0134124
internal_weight=99.1005 81.0524 18.0481 40.909 13.5519
internal_count=194 57 137 48 38
is_linear=0
shrinkage=0.03


Tree=20
num_leaves=8
num_cat=0
split_feature=0 6 0 29 0 10 0
split_gain=120.543 12.5006 7.40209 2.43947 2.65563 0.720007 0.569932
threshold=32.500000000000007 6.0964999999999927 8.1666666666666696 82.500000000000014 72.500000000000014 8.5000000000000018 53.666666666666671
decision_type=2 2 2 2 2 2 2
left_child=2 3 -1 4 6 -4 -2
right_child=1 -3 5 -5 -6 -7 -8
leaf_value=-0.097882143095478921 -0.021970066057493468 0.023392851173975212 -0.055953757615210993 0.010190310762445701 0.0048538791748956069 -0.02279366205356554 -0.0052833792764491495
leaf_weight=6.0793490409851101 5.5727366209030169 61.726601555943489 9.6256359815597516 18.618005603551865 12.538656830787657 2.3430824428796759 5.699389636516571
leaf_count=48 21 19 74 5 3 13 9
internal_value=0.00227184 0.0147944 -0.0685656 0.0019981 -0.00408133 -0.0509118 -0.0146664
internal_weight=122.203 104.155 18.0481 42.4288 23.8108 11.9687 11.2721
internal_count=192 57 135 38 33 87 30
is_linear=0
shrinkage=0.03


Tree=21
num_leaves=8
num_cat=0
split_feature=1 6 1 4 1 10 4
split_gain=113.712 12.5655 5.34943 2.95926 2.22365 1.0977 0.295538
threshold=30.125000000000004 6.0964999999999927 5.5000000000000009 69.000000000000014 61.000000000000007 8.5000000000000018 51.166666666666679
decision_type=2 2 2 2 2 2 2
left_child=2 3 -1 4 6 -4 -2
right_child=1 -3 5 -5 -6 -7 -8
leaf_value=-0.10627084935340469 -0.022923678596392091 0.022576642435356918 -0.06129474807127782 0.0079965916076170842 0.0035541206368456093 -0.023345112447639253 -0.0076117160265494182
leaf_weight=3.5462869405746487 5.3194304108619708 61.916581213474274 11.272126346826552 25.457272976636887 7.5991860032081595 2.1531027853488913 4.939471036195755
leaf_count=28 23 20 89 7 4 12 9
internal_value=0.00218492 0.0139293 -0.0690922 0.00129188 -0.00774447 -0.0565075 -0.0168293
internal_weight=122.203 105.232 16.9715 43.3154 17.8581 13.4252 10.2589
internal_count=192 63 129 43 36 101 32
is_linear=0
shrinkage=0.03


Tree=22
num_leaves=6
num_cat=0
split_feature=0 0 7 0 7
split_gain=107.796 12.7383 9.53454 2.31541 0.203405
threshold=45.166666666666679 19.500000000000004 1.1122292599885963 5.5000000000000009 1.1644957018832174
decision_type=2 2 2 2 2
left_child=1 3 -2 -1 -3
right_child=2 4 -4 -5 -6
leaf_value=-0.10485902361413228 0.0042148473575848548 -0.033196296211608328 0.023484523283103107 -0.061494158502362402 -0.01440533510405323
leaf_weight=3.4196338355541256 40.275685876607895 6.2693286985158903 58.876906722784042 9.6256359815597516 3.7362665981054306
leaf_count=27 24 39 13 76 13
internal_value=0.002099 -0.0558278 0.015784 -0.0756377 -0.0276763
internal_weight=122.203 23.0509 99.1526 13.0453 10.0056
internal_count=192 155 37 103 52
is_linear=0
shrinkage=0.03


Tree=23
num_leaves=6
num_cat=0
split_feature=0 0 7 0 7
split_gain=101.783 11.986 8.96443 2.20607 0.175089
threshold=45.166666666666679 19.500000000000004 1.1122292599885963 4.5000000000000009 1.1644957018832174
decision_type=2 2 2 2 2
left_child=1 3 -2 -1 -3
right_child=2 4 -4 -5 -6
leaf_value=-0.1043726354371282 0.0040893367099505548 -0.03224588642611248 0.022783559226259111 -0.060483665938432511 -0.014005296114690766
leaf_weight=3.0396745204925564 40.275685876607895 6.2693286985158903 58.876906722784042 10.005595296621321 3.7362665981054306
leaf_count=24 24 39 13 79 13
internal_value=0.00201573 -0.0542701 0.0153157 -0.073501 -0.0269138
internal_weight=122.203 23.0509 99.1526 13.0453 10.0056
internal_count=192 155 37 103 52
is_linear=0
shrinkage=0.03


Tree=24
num_leaves=6
num_cat=0
split_feature=0 0 7 0 7
split_gain=96.1128 11.2782 8.42812 2.08021 0.15204
threshold=45.166666666666679 19.500000000000004 1.1122292599885963 4.5000000000000009 1.3712809955831327
decision_type=2 2 2 2 2
left_child=1 3 -2 -1 -3
right_child=2 4 -4 -5 -6
leaf_value=-0.10152272732967672 0.0039675634957883552 -0.030101872804558342 0.022103517484584893 -0.058721977087385947 -0.011141086188830493
leaf_weight=3.0396745204925564 40.275685876607895 7.2192269861698133 58.876906722784042 10.005595296621321 2.7863683104515076
leaf_count=24 24 43 13 79 9
internal_value=0.00193512 -0.052758 0.0148614 -0.0714274 -0.026173
internal_weight=122.203 23.0509 99.1526 13.0453 10.0056
internal_count=192 155 37 103 52
is_linear=0
shrinkage=0.03


Tree=25
num_leaves=7
num_cat=0
split_feature=0 4 1 0 10 10
split_gain=102.455 11.2837 6.40154 4.74863 1.22993 0.123416
threshold=31.500000000000004 73.84941666666667 9.8750000000000018 62.000000000000007 16.500000000000004 8.5000000000000018
decision_type=2 2 2 2 2 2
left_child=2 3 -1 4 -2 -4
right_child=1 -3 5 -5 -6 -7
leaf_value=-0.082559278196925434 -0.017757876105521625 0.021875043642533568 -0.046126013079128517 0.008822908424507692 0 -0.019773372110908953
leaf_weight=8.3591049313545245 9.3723297417163831 60.776703119277954 8.7390642464160901 32.676499664783478 6.079348921775817 2.2164293378591529
leaf_count=66 30 10 67 10 8 13
internal_value=0.00189441 0.0132966 -0.0611577 0.0022094 -0.0111068 -0.0422633
internal_weight=128.219 108.905 19.3146 48.1282 15.4517 10.9555
internal_count=204 58 146 48 38 80
is_linear=0
shrinkage=0.03


Tree=26
num_leaves=8
num_cat=0
split_feature=0 4 0 0 10 5 2
split_gain=96.6571 10.6234 6.02803 4.47774 1.15724 0.414953 0.139034
threshold=31.500000000000004 73.84941666666667 9.1666666666666696 62.000000000000007 16.500000000000004 4.5000000000000009 -0.13498798877523335
decision_type=2 2 2 2 2 2 2
left_child=2 3 -1 4 6 -4 -2
right_child=1 -3 5 -5 -6 -7 -8
leaf_value=-0.082034392931933223 -0.023024212156409832 0.021222015397128882 -0.047674352567124371 0.0085606291971164622 0 -0.021914177472700296 -0.0087974364046469952
leaf_weight=7.5991863012313869 4.6228383332490894 60.776703119277954 8.6124111413955671 32.676499664783478 6.079348921775817 3.1030010730028144 4.7494914084672937
leaf_count=60 17 10 66 10 8 20 13
internal_value=0.00182104 0.0128979 -0.0594186 0.00213391 -0.0107899 -0.0423179 -0.0172417
internal_weight=128.219 108.905 19.3146 48.1282 15.4517 11.7154 9.37233
internal_count=204 58 146 48 38 86 30
is_linear=0
shrinkage=0.03


Tree=27
num_leaves=6
num_cat=0
split_feature=0 0 2 5 6
split_gain=91.2736 9.04585 8.63421 1.08719 0.133053
threshold=40.333333333333343 10.833333333333334 0.74350996975763395 4.5000000000000009 1.5000000000000002
decision_type=2 2 2 2 2
left_child=1 4 -2 -3 -1
right_child=2 3 -4 -5 -6
leaf_value=-0.085220300242610222 0.0026171133833111232 -0.041801893244216071 0.020490389272324556 -0.01767951035841905 -0.046028849912588113
leaf_weight=6.3326552510261553 41.225584164261818 8.9290439039468747 64.196336895227432 4.8761445432901374 2.6597152054309845
leaf_count=50 28 65 15 25 21
internal_value=0.0017465 -0.0522035 0.0136134 -0.0344769 -0.0764573
internal_weight=128.219 22.7976 105.422 13.8052 8.99237
internal_count=204 161 43 90 71
is_linear=0
shrinkage=0.03


Tree=28
num_leaves=8
num_cat=0
split_feature=0 4 0 0 6 5 6
split_gain=86.2555 9.69931 5.34117 4.14145 1.00733 0.301163 0.0807612
threshold=31.500000000000004 73.84941666666667 9.1666666666666696 62.000000000000007 8.5000000000000018 4.5000000000000009 1.5000000000000002
decision_type=2 2 2 2 2 2 2
left_child=2 3 6 4 -2 -4 -1
right_child=1 -3 5 -5 -6 -7 -8
leaf_value=-0.086882816579854888 -0.0171154168906551 0.020096875366374143 -0.04492873343482294 0.0080430033747430282 -0.00024795734525239155 -0.020799428019961801 -0.044703229243702257
leaf_weight=5.3194304108619717 8.8023907691240293 60.776703119277954 8.6124111413955671 32.676499664783478 6.6492878943681708 3.1030010730028144 2.2797558903694153
leaf_count=42 28 10 66 10 10 20 18
internal_value=0.00167607 0.0121438 -0.0561704 0.00185255 -0.0105712 -0.0399657 -0.0775466
internal_weight=128.219 108.905 19.3146 48.1282 15.4517 11.7154 7.59919
internal_count=204 58 146 48 38 86 60
is_linear=0
shrinkage=0.03


Tree=29
num_leaves=7
num_cat=0
split_feature=1 1 1 10 2 5
split_gain=81.0564 10.8849 4.04211 2.39348 0.567671 0.488998
threshold=30.125000000000004 67.250000000000014 6.3750000000000009 16.500000000000004 0.82147190116519797 3.5000000000000004
decision_type=2 2 2 2 2 2
left_child=2 3 -1 5 -4 -2
right_child=1 -3 4 -5 -6 -7
leaf_value=-0.085217166279267037 -0.021086606552224968 0.01641969500309259 -0.051448733552157268 0.0025159740680015027 -0.026159632170368909 -0.0051210993427522888
leaf_weight=4.4328586757183102 6.9659207761287707 85.474057495594025 9.4989828765392286 12.918616294860838 3.9895728081464759 4.939471036195755
leaf_count=35 27 17 75 10 28 12
internal_value=0.00160222 0.0113257 -0.0569484 -0.00584253 -0.0453535 -0.0154887
internal_weight=128.219 110.298 17.9214 24.824 13.4886 11.9054
internal_count=204 66 138 49 103 39
is_linear=0
shrinkage=0.03


Tree=30
num_leaves=5
num_cat=0
split_feature=0 0 7 6
split_gain=74.445 7.21963 5.93547 0.79062
threshold=45.166666666666679 14.16666666666667 0.80608518012863295 3.5000000000000004
decision_type=2 2 2 2
left_child=1 3 -2 -1
right_child=2 -3 -4 -5
leaf_value=-0.070346725548541836 0.0038767510190734016 -0.026499421942435021 0.019133683487283521 -0.034250377411123308
leaf_weight=8.7390642464160937 38.755848675966263 11.145473241806028 63.436418265104294 2.7863683104515067
leaf_count=69 24 66 13 22
internal_value=0.00246116 -0.0462705 0.0134637 -0.0634715
internal_weight=124.863 22.6709 102.192 11.5254
internal_count=194 157 37 91
is_linear=0
shrinkage=0.03


Tree=31
num_leaves=5
num_cat=0
split_feature=1 1 7 4
split_gain=69.8977 6.18073 5.82604 1.39281
threshold=43.375000000000007 17.625000000000004 0.80608518012863295 4.0000000000000009
decision_type=2 2 2 2
left_child=1 3 -2 -1
right_child=2 -3 -4 -5
leaf_value=-0.085216922089974598 0.0035032921688952757 -0.023703085572665802 0.018562374495982834 -0.048493556019439894
leaf_weight=2.9130214154720333 39.135807991027832 9.2456766664981824 63.436418265104294 10.132248401641844
leaf_count=23 26 52 13 80
internal_value=0.00237523 -0.0453262 0.0129311 -0.0590996
internal_weight=124.863 22.2909 102.572 13.0453
internal_count=194 155 39 103
is_linear=0
shrinkage=0.03


Tree=32
num_leaves=6
num_cat=0
split_feature=0 0 7 5 5
split_gain=66.3376 6.44977 5.23623 0.598718 0.0957624
threshold=45.166666666666679 13.833333333333334 0.80608518012863295 3.5000000000000004 5.5000000000000009
decision_type=2 2 2 2 2
left_child=1 3 -2 -1 -3
right_child=2 4 -4 -5 -6
leaf_value=-0.065751992497480399 0.0036570502672947126 -0.030114828315406232 0.018008124218327811 -0.027012481964439058 -0.0141003922819521
leaf_weight=9.1190235614776629 38.755848675966263 7.535859748721121 63.436418265104294 1.899796575307845 4.1162259131669998
leaf_count=72 24 52 13 15 18
internal_value=0.00228993 -0.0437069 0.01268 -0.0607609 -0.0257065
internal_weight=124.863 22.6709 102.192 11.0188 11.6521
internal_count=194 157 37 87 70
is_linear=0
shrinkage=0.03


Tree=33
num_leaves=6
num_cat=0
split_feature=0 0 7 0 5
split_gain=62.6315 6.05781 4.92061 0.6676 0.0770276
threshold=45.166666666666679 13.833333333333334 0.80608518012863295 1.1666666666666667 4.5000000000000009
decision_type=2 2 2 2 2
left_child=1 3 -2 -1 -3
right_child=2 4 -4 -5 -6
leaf_value=-0.086906029135226687 0.0035481814595074365 -0.029703988953233475 0.017470423634842334 -0.049183540276072274 -0.014426904312084534
leaf_weight=2.0264496803283718 38.755848675966263 7.0925738811492902 63.436418265104294 8.9923704564571363 4.5595117807388306
leaf_count=16 24 49 13 71 21
internal_value=0.00220647 -0.0424846 0.0123041 -0.0590357 -0.0249912
internal_weight=124.863 22.6709 102.192 11.0188 11.6521
internal_count=194 157 37 87 70
is_linear=0
shrinkage=0.03


Tree=34
num_leaves=5
num_cat=0
split_feature=0 0 4 0
split_gain=59.1874 5.38893 5.19284 0.857974
threshold=42.000000000000007 8.1666666666666696 73.84941666666667 27.166666666666668
decision_type=2 2 2 2
left_child=1 -1 -2 -3
right_child=2 3 -4 -5
leaf_value=-0.066585560716880918 0.0034988725021617814 -0.036553141999714357 0.017502677518008384 -0.015915731278311394
leaf_weight=6.3326552510261562 42.745421394705772 10.38555461168289 60.016784518957138 5.3827569633722296
leaf_count=50 29 80 10 25
internal_value=0.00212236 -0.0419926 0.0117921 -0.030497
internal_weight=124.863 22.101 102.762 15.7683
internal_count=194 155 39 105
is_linear=0
shrinkage=0.03


Tree=35
num_leaves=6
num_cat=0
split_feature=0 0 0 5 6
split_gain=54.3988 10.7319 3.12157 1.79339 0.365812
threshold=27.166666666666668 68.500000000000014 4.166666666666667 2.0964999999999923 5.5000000000000009
decision_type=2 2 2 2 2
left_child=2 3 -1 -2 -4
right_child=1 -3 4 -5 -6
leaf_value=-0.08069476219433909 -0.017893058650152734 0.014948860328361223 -0.044790588466540035 -0.00090618490468970139 -0.02102922441028237
leaf_weight=3.0396745204925564 8.8657173216342944 73.315359950065613 10.005595296621321 17.668107703328133 3.292980730533599
leaf_count=24 33 13 79 23 24
internal_value=0.000588347 0.00900837 -0.0495632 -0.00705398 -0.0401624
internal_weight=116.187 99.8492 16.3383 26.5338 13.2986
internal_count=196 69 127 56 103
is_linear=0
shrinkage=0.03


Tree=36
num_leaves=8
num_cat=0
split_feature=0 0 0 0 0 8 6
split_gain=51.4244 8.01046 4.16417 1.90497 0.946096 0.548496 0.0790474
threshold=32.500000000000007 76.166666666666671 4.166666666666667 62.000000000000007 20.833333333333339 15.000000000000002 5.5000000000000009
decision_type=2 2 2 2 2 2 2
left_child=2 3 -1 5 6 -2 -4
right_child=1 -3 4 -5 -6 -7 -8
leaf_value=-0.078491383000149365 -0.013495451235692469 0.017173210684093325 -0.04544764454038952 0.0043715121878428638 -0.018743977779382508 -4.3314789668145644e-05 -0.020496176543446567
leaf_weight=3.0396745204925564 8.8023907691240293 53.937435746192932 8.7390642464160937 28.496947437524796 4.8761445432901374 5.8893692642450324 2.4064089953899375
leaf_count=24 27 8 69 11 30 8 19
internal_value=0.00054749 0.00949651 -0.0440277 0 -0.0356151 -0.0088121 -0.0415252
internal_weight=116.187 97.1261 19.0613 43.1887 16.0216 14.6918 11.1455
internal_count=196 54 142 46 118 35 88
is_linear=0
shrinkage=0.03


Tree=37
num_leaves=7
num_cat=0
split_feature=1 4 1 8 8 1
split_gain=48.2148 8.79519 3.15456 1.84884 0.859693 0.269731
threshold=29.000000000000004 73.84941666666667 1.1250000000000002 8.5000000000000018 5.5000000000000009 56.125000000000007
decision_type=2 2 2 2 2 2
left_child=2 3 -1 5 -4 -2
right_child=1 -3 4 -5 -6 -7
leaf_value=-0.080574436136902072 -0.017948033324602267 0.01569375728796734 -0.043203719393993152 0.0015052252085502281 -0.018979658034103682 -0.0047768453284297106
leaf_weight=2.406408995389941 5.762716278433798 61.156662434339523 10.638860821723936 26.787130758166313 4.1162259131669989 5.3194303214550018
leaf_count=19 25 11 84 21 28 8
internal_value=0.000507487 0.00866442 -0.0453847 -0.00248589 -0.0375566 -0.0127091
internal_weight=116.187 99.0259 17.1615 37.8693 14.7551 11.0821
internal_count=196 65 131 54 112 33
is_linear=0
shrinkage=0.03


Tree=38
num_leaves=6
num_cat=0
split_feature=0 26 0 0 8
split_gain=46.0258 5.75517 5.65509 1.18874 0.132479
threshold=45.166666666666679 0.74851074817110097 15.500000000000002 1.1666666666666667 10.500000000000002
decision_type=2 2 2 2 2
left_child=2 -2 3 -1 -4
right_child=1 -3 4 -5 -6
leaf_value=-0.078425145577044608 0.0018320185242344978 0.017065963021407213 -0.023339730559179345 -0.042006061983679344 -0.0080165835480131495
leaf_weight=2.406408995389941 43.315360337495804 49.377924203872681 8.9290439039468747 8.9923704564571363 3.1663276255130759
leaf_count=19 28 8 57 71 13
internal_value=0.000471535 0.0100728 -0.0366804 -0.0522778 -0.0203456
internal_weight=116.187 92.6933 23.4942 11.3988 12.0954
internal_count=196 36 160 90 70
is_linear=0
shrinkage=0.03


Tree=39
num_leaves=8
num_cat=0
split_feature=0 0 0 6 5 6 6
split_gain=43.4932 8.75888 2.46901 1.58394 0.43313 0.294815 0.0184231
threshold=27.166666666666668 68.500000000000014 4.166666666666667 19.000000000000004 5.5000000000000009 3.5000000000000004 2.5000000000000004
decision_type=2 2 2 2 2 2 2
left_child=2 3 -1 4 6 -4 -2
right_child=1 -3 5 -5 -6 -7 -8
leaf_value=-0.072426419247445847 -0.019736644583502782 0.013349127491165184 -0.04103741384413466 0.0030928202026774643 -0.004258846720719911 -0.020592897269582123 -0.0079080463662636949
leaf_weight=3.0396745204925564 6.0160224884748512 73.315359950065613 9.1190235614776594 8.7390639185905439 7.5991861820220938 4.1795524656772605 4.179552435874939
leaf_count=24 26 13 72 5 13 31 12
internal_value=0.000440168 0.00797744 -0.0443953 -0.00651293 -0.0117008 -0.0358699 -0.0161098
internal_weight=116.187 99.8492 16.3383 26.5338 17.7948 13.2986 10.1956
internal_count=196 69 127 56 51 103 38
is_linear=0
shrinkage=0.03


Tree=40
num_leaves=6
num_cat=0
split_feature=0 0 8 2 0
split_gain=38.6825 9.67994 1.44643 0.650212 0.254433
threshold=68.500000000000014 25.166666666666668 2.5000000000000004 -0.43823269289053746 53.666666666666671
decision_type=2 2 2 2 2
left_child=1 2 -1 -3 -5
right_child=-2 3 -4 4 -6
leaf_value=-0.051688760859055612 0.016538534749924585 -0.020263590614065938 -0.024776953766815074 -0.010071450209254049 -0.00042996545721338334
leaf_weight=9.8789421916007978 43.678534746170044 5.7627162784338024 5.3194304108619681 8.2957783788442594 6.4593082070350638
leaf_count=78 7 24 41 29 7
internal_value=-0.00222548 -0.0253692 -0.0435123 -0.0110641 -0.00654119
internal_weight=79.3947 35.7162 15.1984 20.5178 14.7551
internal_count=186 179 119 60 36
is_linear=0
shrinkage=0.03


Tree=41
num_leaves=5
num_cat=0
split_feature=0 0 6 8
split_gain=36.5105 6.2337 1.04717 0.0834109
threshold=56.500000000000007 20.166666666666668 1.5000000000000002 10.500000000000002
decision_type=2 2 2 2
left_child=1 2 -1 -3
right_child=-2 3 -4 -5
leaf_value=-0.052200086727980245 0.013064673084965952 -0.016976902690461787 -0.02590274938853198 -0.0061933008600749241
leaf_weight=8.6124111413955706 50.517802298069 10.828840479254721 4.9394710958003989 4.4961851984262458
leaf_count=68 17 50 39 12
internal_value=-0.00217913 -0.0290155 -0.0440334 -0.0145688
internal_weight=79.3947 28.8769 13.5519 15.325
internal_count=186 169 107 62
is_linear=0
shrinkage=0.03


Tree=42
num_leaves=5
num_cat=0
split_feature=0 0 1 5
split_gain=34.7841 8.49961 1.33653 0.610923
threshold=68.500000000000014 25.166666666666668 6.3750000000000009 2.0964999999999923
decision_type=2 2 2 2
left_child=1 2 -1 -3
right_child=-2 3 -4 -5
leaf_value=-0.059825510803486887 0.015656496765301169 -0.015976479657522833 -0.032119282187867644 -0.0039130814824227143
leaf_weight=4.0528993606567374 43.678534746170044 10.448881134390833 11.145473241806028 10.068921729922293
leaf_count=32 7 39 87 21
internal_value=-0.00213049 -0.0240819 -0.0411033 -0.0106305
internal_weight=79.3947 35.7162 15.1984 20.5178
internal_count=186 179 119 60
is_linear=0
shrinkage=0.03


Tree=43
num_leaves=5
num_cat=0
split_feature=0 0 1 5
split_gain=32.8211 8.01322 1.30009 0.533873
threshold=68.500000000000014 25.500000000000004 6.3750000000000009 2.0964999999999923
decision_type=2 2 2 2
left_child=1 2 -1 -3
right_child=-2 3 -4 -5
leaf_value=-0.058154439418788118 0.015190005963143119 -0.01527684116257081 -0.031051342538975787 -0.0037990854346371325
leaf_weight=4.0528993606567374 43.678534746170044 10.195574924349787 11.398779451847075 10.068921729922293
leaf_count=32 7 37 89 21
internal_value=-0.00208421 -0.0234099 -0.0397039 -0.0101501
internal_weight=79.3947 35.7162 15.4517 20.2645
internal_count=186 179 121 58
is_linear=0
shrinkage=0.03


Tree=44
num_leaves=6
num_cat=0
split_feature=0 0 6 2 1
split_gain=30.9697 7.56008 1.05455 0.749686 0.243209
threshold=68.500000000000014 20.833333333333339 1.5000000000000002 -0.43823269289053746 52.625000000000007
decision_type=2 2 2 2 2
left_child=1 2 -1 -3 -5
right_child=-2 3 -4 4 -6
leaf_value=-0.048029357338049444 0.014737414449014127 -0.020179768353960733 -0.023112937291571222 -0.0091026100222105239 0
leaf_weight=8.7390642464160901 43.678534746170044 6.2693286985158947 5.192777305841445 9.8156156092882139 5.6993896067142478
leaf_count=69 7 28 41 34 7
internal_value=-0.00203897 -0.0227571 -0.0400577 -0.0108915 -0.00625755
internal_weight=79.3947 35.7162 13.9318 21.7843 15.515
internal_count=186 179 110 69 41
is_linear=0
shrinkage=0.03


Tree=45
num_leaves=6
num_cat=0
split_feature=0 7 0 2 8
split_gain=30.5762 3.30647 2.55485 0.415392 0.0522764
threshold=49.666666666666679 1.1122292599885963 9.1666666666666696 0.83290190301144784 1.5000000000000002
decision_type=2 2 2 2 2
left_child=2 -2 4 -4 -1
right_child=1 -3 3 -5 -6
leaf_value=-0.053741785011355542 0.0013306185276420186 0.013100819937896373 -0.026199269145426026 -0.010723981254935658 -0.024826979321258675
leaf_weight=4.6861648857593563 39.895726561546326 51.657680034637451 10.63886082172394 5.3827569633722296 2.4064089953899384
leaf_count=37 23 10 74 29 19
internal_value=0.000212965 0.00809086 -0.0303102 -0.0218442 -0.0465545
internal_weight=114.668 91.5534 23.1142 16.0216 7.09257
internal_count=192 33 159 103 56
is_linear=0
shrinkage=0.03


Tree=46
num_leaves=6
num_cat=0
split_feature=1 7 1 8 5
split_gain=28.3454 3.89283 2.38481 0.400199 0.293397
threshold=47.500000000000007 0.80608518012863295 10.875000000000002 1.5000000000000002 4.5000000000000009
decision_type=2 2 2 2 2
left_child=2 -2 3 -1 -4
right_child=1 -3 4 -5 -6
leaf_value=-0.052053715583912787 -7.9474121642787679e-06 0.012447418556168672 -0.023880582076213835 -0.024670960193537254 -0.0087240192957499466
leaf_weight=5.0661242008209246 34.766276076436043 57.357069492340088 9.6889625340700132 3.4196338355541229 4.3695321232080451
leaf_count=40 24 11 68 27 22
internal_value=0.000191619 0.00766476 -0.0296518 -0.0432625 -0.0200773
internal_weight=114.668 92.1233 22.5443 8.48576 14.0585
internal_count=192 35 157 67 90
is_linear=0
shrinkage=0.03


Tree=47
num_leaves=5
num_cat=0
split_feature=0 4 0 2
split_gain=27.3335 3.13154 2.26491 0.356688
threshold=49.666666666666679 81.766083333333356 9.1666666666666696 0.83290190301144784
decision_type=2 2 2 2
left_child=2 -2 -1 -4
right_child=1 -3 3 -5
leaf_value=-0.044059178934748151 0.0014567199350854283 0.012835476820336958 -0.024755190441665988 -0.010068416946800156
leaf_weight=7.0925738811492947 42.935400992631912 48.618005603551865 10.63886082172394 5.3827569633722296
leaf_count=56 25 8 74 29
internal_value=0.000166544 0.0076194 -0.0286886 -0.0206481
internal_weight=114.668 91.5534 23.1142 16.0216
internal_count=192 33 159 103
is_linear=0
shrinkage=0.03


Tree=48
num_leaves=6
num_cat=0
split_feature=0 11 1 8 5
split_gain=25.8024 2.96985 2.13306 0.379868 0.249054
threshold=49.666666666666679 -3.0557142857142847 10.875000000000002 1.5000000000000002 4.5000000000000009
decision_type=2 2 2 2 2
left_child=2 -2 3 -1 -4
right_child=1 -3 4 -5 -6
leaf_value=-0.049372532843020803 0.014366601649463365 0.0029576913028361677 -0.022468969925652622 -0.022978114124191221 -0.0081725652192341496
leaf_weight=5.0661242008209246 34.559511691331863 56.993894904851913 10.258901506662367 3.4196338355541229 4.3695321232080451
leaf_count=40 9 24 70 27 22
internal_value=0.000151794 0.00739516 -0.0278813 -0.0409082 -0.0190515
internal_weight=114.668 91.5534 23.1142 8.48576 14.6284
internal_count=192 33 159 67 92
is_linear=0
shrinkage=0.03


Tree=49
num_leaves=6
num_cat=0
split_feature=0 7 0 2 6
split_gain=24.3893 2.81506 1.99488 0.301495 0.232936
threshold=49.666666666666679 1.1122292599885963 9.1666666666666696 0.83290190301144784 1.5000000000000002
decision_type=2 2 2 2 2
left_child=2 -2 4 -4 -1
right_child=1 -3 3 -5 -6
leaf_value=-0.048126903790620665 0.00092928292420323914 0.011797390167701517 -0.023358332135149748 -0.0094534667784955517 -0.018986790480931083
leaf_weight=4.9394710958004024 39.895726561546326 51.657680034637451 10.63886082172394 5.3827569633722296 2.1531027853488922
leaf_count=39 23 10 74 29 17
internal_value=0.000133489 0.00717794 -0.0271191 -0.0194978 -0.0416277
internal_weight=114.668 91.5534 23.1142 16.0216 7.09257
internal_count=192 33 159 103 56
is_linear=0
shrinkage=0.03


Tree=50
num_leaves=6
num_cat=0
split_feature=3 2 3 10 29
split_gain=22.8558 4.83485 2.15677 0.621505 0.161062
threshold=42.937500000000007 0.74350996975763395 22.062500000000004 1.5000000000000002 75.500000000000014
decision_type=2 2 2 2 2
left_child=2 4 3 -1 -2
right_child=1 -3 -4 -5 -6
leaf_value=-0.040103047281949314 -0.0021616351822757911 0.012296133555362059 -0.01180714678433659 -0.020161310405797505 0.001300129665626121
leaf_weight=8.6124111413955706 25.077313929796219 61.536621749401093 8.9290439039468747 5.9526959359645835 20.137842833995819
leaf_count=68 23 12 47 46 7
internal_value=0.00086269 0.00683844 -0.0256553 -0.0331298 -0.000423697
internal_weight=130.246 106.752 23.4942 14.5651 45.2152
internal_count=203 42 161 114 30
is_linear=0
shrinkage=0.03


Tree=51
num_leaves=5
num_cat=0
split_feature=0 0 5 6
split_gain=22.8891 3.1387 0.634135 0.0542784
threshold=56.500000000000007 23.666666666666668 1.5000000000000002 1.5000000000000002
decision_type=2 2 2 2
left_child=1 2 3 -1
right_child=-2 -3 -4 -5
leaf_value=-0.041414588520035003 0.0076031641252941552 -0.01046537300309125 -0.017807714338049441 -0.017625056286664911
leaf_weight=7.9791456162929553 101.43234810233116 13.298576027154921 5.2561038583517066 2.2797558903694153
leaf_count=63 25 56 41 18
internal_value=0.000826424 -0.0225531 -0.0319499 -0.0376314
internal_weight=130.246 28.8136 15.515 10.2589
internal_count=203 178 122 81
is_linear=0
shrinkage=0.03


Tree=52
num_leaves=5
num_cat=0
split_feature=0 0 5 10
split_gain=21.6183 2.96258 0.591359 0.0525233
threshold=56.500000000000007 23.666666666666668 2.0964999999999923 1.5000000000000002
decision_type=2 2 2 2
left_child=1 2 3 -1
right_child=-2 -3 -4 -5
leaf_value=-0.039874893789722893 0.0073757418563899285 -0.010158338132842476 -0.013699321905401796 -0.020641289259780173
leaf_weight=8.1057987213134783 101.43234810233116 13.298576027154921 3.6096134930849066 3.7995931506156913
leaf_count=64 25 56 28 30
internal_value=0.000787863 -0.0219313 -0.0310692 -0.0351321
internal_weight=130.246 28.8136 15.515 11.9054
internal_count=203 178 122 94
is_linear=0
shrinkage=0.03


Tree=53
num_leaves=6
num_cat=0
split_feature=0 0 5 6 2
split_gain=20.419 2.79621 0.540901 0.0375277 0.00478379
threshold=56.500000000000007 23.666666666666668 1.5000000000000002 1.5000000000000002 1.0000000180025095e-35
decision_type=2 2 2 2 2
left_child=1 2 3 -1 -3
right_child=-2 4 -4 -5 -6
leaf_value=-0.039161368121845293 0.0071551219885298695 -0.012731057386550415 -0.016786058662020108 -0.016412268145623705 -0.0051302729235595942
leaf_weight=7.9791456162929553 101.43234810233116 6.7759411185979825 5.2561038583517066 2.2797558903694153 6.5226349085569382
leaf_count=63 25 32 41 18 24
internal_value=0.000750646 -0.0213273 -0.0302135 -0.0355683 -0.00986031
internal_weight=130.246 28.8136 15.515 10.2589 13.2986
internal_count=203 178 122 81 56
is_linear=0
shrinkage=0.03


Tree=54
num_leaves=4
num_cat=0
split_feature=0 0 6
split_gain=19.3037 2.63069 0.471027
threshold=56.500000000000007 23.666666666666668 1.5000000000000002
decision_type=2 2 2
left_child=1 2 -1
right_child=-2 -3 -4
leaf_value=-0.034956499925143818 0.0069411013305490142 -0.0095961780849331546 -0.01720202211967584
leaf_weight=9.7522890865802783 101.43234810233116 13.298576027154921 5.7627162784337989
leaf_count=77 25 56 45
internal_value=0.000712059 -0.0207525 -0.0293825
internal_weight=130.246 28.8136 15.515
internal_count=203 178 122
is_linear=0
shrinkage=0.03


Tree=55
num_leaves=8
num_cat=0
split_feature=1 1 8 4 1 5 2
split_gain=16.2751 4.62506 1.40672 1.23745 0.428057 0.214847 0.103761
threshold=25.375000000000004 90.024125000000012 15.000000000000002 4.0000000000000009 71.375000000000014 4.5000000000000009 -0.60218945085412612
decision_type=2 2 2 2 2 2 2
left_child=3 2 4 -1 5 -2 -5
right_child=1 -3 -4 6 -6 -7 -8
leaf_value=-0.049823517308367551 -0.012615659337885193 0.01396643963331089 0.0039688886141376039 -0.030621232639209541 -0.0010582050956976525 -0.001955303071217477 -0.016451768162818067
leaf_weight=2.5330621004104641 7.4092066437006014 31.139877915382385 36.286113098263741 4.1795524656772622 17.478127688169479 5.3194303512573242 9.4989828765392268
leaf_count=20 30 4 16 33 4 12 74
internal_value=-8.13101e-05 0.00448524 0 -0.0277098 -0.00475492 -0.00899898 -0.0219894
internal_weight=113.844 97.6328 66.4929 16.2116 30.2068 12.7286 13.6785
internal_count=193 66 62 127 46 42 107
is_linear=0
shrinkage=0.03


Tree=56
num_leaves=8
num_cat=0
split_feature=0 0 3 8 0 5 2
split_gain=15.5307 4.30804 1.34873 1.28754 0.524094 0.229135 0.14262
threshold=25.500000000000004 89.166666666666671 2.9375000000000004 15.000000000000002 72.500000000000014 1.5000000000000002 -0.60218945085412612
decision_type=2 2 2 2 2 2 2
left_child=2 3 -1 4 5 -2 -4
right_child=1 -3 6 -5 -6 -7 -8
leaf_value=-0.051573136379653196 -0.01433660749783219 0.013551444663822153 -0.030089259890374823 0.0038507983143034868 -0.00046658729270569868 -0.0035493772801648447 -0.01602720019569126
leaf_weight=2.1531027853488949 5.5094100683927554 31.139877915382385 4.4328586757183084 36.286113098263741 17.09816837310791 7.3458800315856934 9.878942191600796
leaf_count=17 21 4 35 16 3 20 77
internal_value=-9.34252e-05 0.00440623 -0.0268455 0 -0.00451331 -0.00907812 -0.021527
internal_weight=113.844 97.3794 16.4649 66.2396 29.9535 12.8553 14.3118
internal_count=193 64 129 60 44 41 112
is_linear=0
shrinkage=0.03


Tree=57
num_leaves=8
num_cat=0
split_feature=0 0 3 8 0 5 5
split_gain=14.6895 4.0622 1.27028 1.21861 0.494695 0.217035 0.0307744
threshold=25.500000000000004 89.166666666666671 2.9375000000000004 15.000000000000002 72.500000000000014 4.5000000000000009 1.5000000000000002
decision_type=2 2 2 2 2 2 2
left_child=2 3 -1 4 5 -2 -4
right_child=1 -3 6 -5 -6 -7 -8
leaf_value=-0.050215153206687915 -0.012399956846274892 0.013148780197165906 -0.024749135984524606 0.0037362216612496744 -0.00045283103234634858 -0.0017989788110981113 -0.01270500665842666
leaf_weight=2.1531027853488949 7.5358597487211245 31.139877915382385 8.6124111413955671 36.286113098263741 17.09816837310791 5.3194303512573242 5.6993897259235373
leaf_count=17 29 4 68 16 3 12 44
internal_value=-0.000105496 0.00426843 -0.0261248 0 -0.00440122 -0.00883854 -0.0209281
internal_weight=113.844 97.3794 16.4649 66.2396 29.9535 12.8553 14.3118
internal_count=193 64 129 60 44 41 112
is_linear=0
shrinkage=0.03


Tree=58
num_leaves=8
num_cat=0
split_feature=0 0 3 8 0 2 2
split_gain=13.8911 3.83026 1.19668 1.15325 0.466664 0.199019 0.128413
threshold=25.500000000000004 89.166666666666671 2.9375000000000004 15.000000000000002 72.500000000000014 -0.41171594489219193 -0.60218945085412612
decision_type=2 2 2 2 2 2 2
left_child=2 3 -1 4 5 -2 -4
right_child=1 -3 6 -5 -6 -7 -8
leaf_value=-0.04889293168658692 -0.014287703688012389 0.012758080869100852 -0.0285580575668169 0.0036250541927054917 -0.00043948033179635278 -0.0038113576203893857 -0.015037780162130334
leaf_weight=2.1531027853488949 4.7494914382696178 31.139877915382385 4.4328586757183084 36.286113098263741 17.09816837310791 8.10579866170883 9.878942191600796
leaf_count=17 18 4 35 16 3 23 77
internal_value=-0.000116164 0.00413505 -0.0254203 0 -0.00429139 -0.00860362 -0.0203418
internal_weight=113.844 97.3794 16.4649 66.2396 29.9535 12.8553 14.3118
internal_count=193 64 129 60 44 41 112
is_linear=0
shrinkage=0.03


Tree=59
num_leaves=8
num_cat=0
split_feature=1 1 8 3 1 5 2
split_gain=13.0328 3.65463 1.12749 1.11135 0.33142 0.161116 0.0917782
threshold=25.375000000000004 90.024125000000012 15.000000000000002 2.9375000000000004 71.375000000000014 4.5000000000000009 1.0000000180025095e-35
decision_type=2 2 2 2 2 2 2
left_child=3 2 4 -1 5 -2 -5
right_child=1 -3 -4 6 -6 -7 -8
leaf_value=-0.047605522752952024 -0.011239570797806547 0.012378990358491911 0.0035171942765572554 -0.02526662727916722 -0.00096148342427303008 -0.0016396541121496879 -0.013081472344989692
leaf_weight=2.1531027853488949 7.4092066437006014 31.139877915382385 36.286113098263741 6.5859614610671979 17.478127688169479 5.3194303512573242 7.4725331962108612
leaf_count=17 30 4 16 52 4 12 58
internal_value=-0.000127238 0.00395086 0 -0.0248578 -0.00429267 -0.00804859 -0.0198253
internal_weight=113.844 97.6328 66.4929 16.2116 30.2068 12.7286 14.0585
internal_count=193 66 62 127 46 42 110
is_linear=0
shrinkage=0.03


Tree=60
num_leaves=5
num_cat=0
split_feature=0 6 3 5
split_gain=14.3299 3.58981 2.14947 0.325237
threshold=40.333333333333343 4.5000000000000009 4.1875000000000009 4.5000000000000009
decision_type=2 2 2 2
left_child=2 -2 -1 -4
right_child=1 -3 3 -5
leaf_value=-0.045816035744983774 -0.0019419410142326378 0.0093793704833761288 -0.019335981751447649 -0.0063171474393664178
leaf_weight=3.0396745204925564 39.515767306089401 63.816377580165863 13.995168104767801 5.066124200820922
leaf_count=24 28 14 104 29
internal_value=0.000196695 0.00497 -0.0214866 -0.0164922
internal_weight=125.433 103.332 22.101 19.0613
internal_count=199 42 157 133
is_linear=0
shrinkage=0.03


Tree=61
num_leaves=7
num_cat=0
split_feature=29 6 4 8 23 2
split_gain=13.5842 3.6162 1.76072 0.546974 0.50215 0.429446
threshold=28.500000000000004 4.5000000000000009 4.0000000000000009 8.5000000000000018 18.296428571428574 -0.65686157499080178
decision_type=2 2 2 2 2 2
left_child=2 3 -1 4 -2 -4
right_child=1 -3 5 -5 -6 -7
leaf_value=-0.044565021894312801 -0.010133407198876157 0.0090021543061635113 -0.025931114201898146 0.001123458758544406 -0.00022784812220024578 -0.011697692126527919
leaf_weight=3.0396745204925564 10.638860732316973 64.449643105268478 5.2561038583517137 18.997964918613434 11.398778915405272 11.652085661888117
leaf_count=24 32 19 39 6 2 77
internal_value=0.000177621 0.0045569 -0.0222601 -0.00222164 -0.00548462 -0.0170203
internal_weight=125.433 105.485 19.9479 41.0356 22.0376 16.9082
internal_count=199 59 140 40 34 116
is_linear=0
shrinkage=0.03


Tree=62
num_leaves=5
num_cat=0
split_feature=0 6 1 2
split_gain=12.8419 3.18912 1.92041 0.189653
threshold=40.333333333333343 4.5000000000000009 6.3750000000000009 0.45454545454545475
decision_type=2 2 2 2
left_child=2 -2 -1 -4
right_child=1 -3 3 -5
leaf_value=-0.039252537486885626 -0.0018236502751292369 0.0088378650527029205 -0.018634127236166666 -0.0082426277018851895
leaf_weight=4.3062055706977871 39.515767306089401 63.816377580165863 9.8789421916008013 7.9158190637826911
leaf_count=34 28 14 74 49
internal_value=0.000157802 0.00468042 -0.0203652 -0.0147223
internal_weight=125.433 103.332 22.101 17.7948
internal_count=199 42 157 123
is_linear=0
shrinkage=0.03


Tree=63
num_leaves=6
num_cat=0
split_feature=0 1 0 5 5
split_gain=12.1863 2.45482 0.653362 0.113751 0.105632
threshold=56.500000000000007 1.1250000000000002 23.666666666666668 4.5000000000000009 8.5000000000000018
decision_type=2 2 2 2 2
left_child=1 -1 3 -3 -4
right_child=-2 2 4 -5 -6
leaf_value=-0.04668726893996536 0.0052944398011492933 -0.020883131402690741 -0.0089664310817511965 -0.0058022891674347687 0
leaf_weight=2.2797558903694179 96.87283656001091 10.512207716703417 9.6889625340700132 2.6597152054309836 3.4196338057517996
leaf_count=18 25 83 45 20 8
internal_value=0.000140247 -0.0169036 -0.0134836 -0.018703 -0.00726656
internal_weight=125.433 28.5603 26.2805 13.1719 13.1086
internal_count=199 174 156 103 53
is_linear=0
shrinkage=0.03


Tree=64
num_leaves=7
num_cat=0
split_feature=29 2 9 2 7 15
split_gain=11.568 3.01786 1.49244 0.643226 0.429765 0.00125153
threshold=28.500000000000004 0.74350996975763395 1.5000000000000002 -0.053470013852525859 1.0000000180025095e-35 9.8978571428571431
decision_type=2 2 2 2 2 2
left_child=2 3 -1 5 -4 -2
right_child=1 -3 4 -5 -6 -7
leaf_value=-0.044744721727614685 -0.0069137182760271743 0.0086540988730733331 -0.022537518301891178 0.0014131847121222542 -0.0096796893641462288 -0.0023610073185909848
leaf_weight=2.2797558903694179 11.6520853638649 59.256866067647934 7.9791456162929562 26.217191606760025 9.6889625340700132 8.3591046333312971
leaf_count=18 24 19 60 10 62 6
internal_value=0.000120058 0.004167 -0.0205805 -0.00140998 -0.0162667 -0.00551802
internal_weight=125.433 105.485 19.9479 46.2284 17.6681 20.0112
internal_count=199 59 140 40 122 30
is_linear=0
shrinkage=0.03


Tree=65
num_leaves=6
num_cat=0
split_feature=0 3 9 10 6
split_gain=10.0148 3.07622 0.785295 0.655844 0.0861769
threshold=27.166666666666668 75.375000000000014 1.5000000000000002 16.500000000000004 -1.4999999999999998
decision_type=2 2 2 2 2
left_child=2 3 -1 -2 -4
right_child=1 -3 4 -5 -6
leaf_value=-0.042546141736267085 -0.007982200637774578 0.0075700513138553067 -0.023274587199698264 0 -0.012140447626447587
leaf_weight=1.8997965753078485 14.248474225401877 60.016784518957138 5.9526959359645852 29.256866067647934 9.3090032190084422
leaf_count=15 44 10 47 13 72
internal_value=-0.000319262 0.00314147 -0.0214059 -0.00277243 -0.0174265
internal_weight=120.684 103.522 17.1615 43.5053 15.2617
internal_count=201 67 134 57 119
is_linear=0
shrinkage=0.03


Tree=66
num_leaves=8
num_cat=0
split_feature=3 1 1 8 6 8 11
split_gain=9.41639 2.59326 1.18872 0.81544 0.224847 0.144343 0.0495666
threshold=32.062500000000007 90.024125000000012 8.7500000000000018 11.500000000000002 1.5000000000000002 9.5000000000000018 -5.1621428571428565
decision_type=2 2 2 2 2 2 2
left_child=2 3 4 6 -1 -4 -2
right_child=1 -3 5 -5 -6 -7 -8
leaf_value=-0.036037343960263653 0 0.010619681229299944 -0.014583151258398928 0.0029243465805580335 -0.010394212623096628 -0.0034271488760309332 -0.0044606290972644975
leaf_weight=4.3062055706977871 6.6492877453565624 31.139877915382385 11.018820136785505 40.275685638189316 1.8997965753078458 3.9895728081464759 21.404374152421951
leaf_count=34 4 4 85 12 15 18 29
internal_value=-0.000321296 0.00348558 -0.0183889 7.0998e-05 -0.030412 -0.0123308 -0.00369564
internal_weight=120.684 99.4692 21.2144 68.3293 6.206 15.0084 28.0537
internal_count=201 49 152 45 49 103 33
is_linear=0
shrinkage=0.03


Tree=67
num_leaves=8
num_cat=0
split_feature=3 1 1 8 5 6 5
split_gain=8.91299 2.44329 1.11995 0.769716 0.262775 0.193704 0.152432
threshold=32.062500000000007 90.024125000000012 8.7500000000000018 11.500000000000002 1.0000000180025095e-35 1.5000000000000002 8.5000000000000018
decision_type=2 2 2 2 2 2 2
left_child=2 3 5 4 -2 -1 -4
right_child=1 -3 6 -5 -6 -7 -8
leaf_value=-0.035026635516826783 -0.0069581025960834316 0.010304130597371739 -0.013427246702306958 0.0028372648535119464 -0.00041039053196166174 -0.010124911691278519 -0.00016866240324987146
leaf_weight=4.3062055706977871 12.095371231436731 31.139877915382385 12.665310502052305 40.275685638189316 15.95829066634178 1.8997965753078458 2.3430824428796759
leaf_count=34 19 4 91 12 14 15 12
internal_value=-0.000322215 0.00337944 -0.0179018 6.12486e-05 -0.00359462 -0.0296054 -0.0119891
internal_weight=120.684 99.4692 21.2144 68.3293 28.0537 6.206 15.0084
internal_count=201 49 152 45 33 49 103
is_linear=0
shrinkage=0.03


Tree=68
num_leaves=8
num_cat=0
split_feature=0 4 3 8 10 2 2
split_gain=8.50497 2.64941 0.700888 0.518237 0.191028 0.113805 0.0580173
threshold=27.166666666666668 73.84941666666667 2.9375000000000004 22.500000000000004 16.500000000000004 -0.63966740085527352 -0.5002022254783034
decision_type=2 2 2 2 2 2 2
left_child=2 3 -1 4 6 -4 -2
right_child=1 -3 5 -5 -6 -7 -8
leaf_value=-0.037932637420109522 -0.011194008325642504 0.0074465276515501347 -0.022594879840382165 0.001207753646508496 -0.0015818850305473278 -0.011101577299584334 -0.0035229305229310896
leaf_weight=2.2797558903694179 5.5094100385904312 54.317395061254501 4.6861648857593545 20.897761434316635 15.198372006416319 10.195574954152104 7.5991862714290637
leaf_count=18 19 9 37 7 8 79 24
internal_value=-0.000323185 0.00286005 -0.0197598 -0.00203564 -0.00473226 -0.0156885 -0.00759653
internal_weight=120.684 103.522 17.1615 49.2047 28.307 14.8817 13.1086
internal_count=201 67 134 58 51 116 43
is_linear=0
shrinkage=0.03


Tree=69
num_leaves=7
num_cat=0
split_feature=0 3 9 10 2 2
split_gain=8.04804 2.50037 0.658688 0.547669 0.11594 0.0430568
threshold=27.166666666666668 75.375000000000014 1.5000000000000002 16.500000000000004 0.47920655833937303 -0.5002022254783034
decision_type=2 2 2 2 2 2
left_child=2 3 -1 5 -4 -2
right_child=1 -3 4 -5 -6 -7
leaf_value=-0.038733660432687909 -0.010875530019195605 0.0067660438640922077 -0.01890274145484239 0 -0.0080509062294442796 -0.0037820060033714473
leaf_weight=1.8997965753078485 5.5094100385904303 60.016784518957138 9.3723297715187055 29.256866067647934 5.8893693834543219 8.7390641868114454
leaf_count=15 19 10 74 13 45 25
internal_value=-0.000326082 0.00276838 -0.0192349 -0.00254962 -0.0155294 -0.00731116
internal_weight=120.684 103.522 17.1615 43.5053 15.2617 14.2485
internal_count=201 67 134 57 119 44
is_linear=0
shrinkage=0.03


Tree=70
num_leaves=5
num_cat=0
split_feature=0 0 2 6
split_gain=8.12523 1.90329 0.487669 0.137139
threshold=68.500000000000014 7.5000000000000009 -0.43823269289053746 12.500000000000002
decision_type=2 2 2 2
left_child=1 -1 -3 -4
right_child=-2 2 3 -5
leaf_value=-0.02924562539126066 0.0052722746572239996 -0.015399580737939416 -0.0068601199783979256 0
leaf_weight=5.4460835158824912 62.175482034683228 9.1823501139879244 17.288148716092113 4.1162258535623542
leaf_count=43 11 55 81 8
internal_value=-0.00119098 -0.0125427 -0.00902206 -0.00569644
internal_weight=98.2083 36.0328 30.5867 21.4044
internal_count=198 187 144 89
is_linear=0
shrinkage=0.03


Tree=71
num_leaves=7
num_cat=0
split_feature=1 1 2 15 6 11
split_gain=7.05789 1.82735 0.330289 0.0428928 0.024747 0.00947429
threshold=67.250000000000014 7.6250000000000009 0.45454545454545475 -7.1878571428571423 1.0000000180025095e-35 -9.0521428571428562
decision_type=2 2 2 2 2 2
left_child=1 4 -3 -4 -1 -5
right_child=-2 2 3 5 -6 -7
leaf_value=-0.035429525007413469 0.0046034304373929304 -0.012378496404282027 0 0 -0.013381632648588816 -0.0055507799963169331
leaf_weight=3.0396745204925528 64.075278580188751 13.488555684685709 2.8496948331594476 1.5198372602462757 2.4064089953899384 10.828840360045429
leaf_count=24 14 84 10 7 19 40
internal_value=-0.00116313 -0.0121954 -0.00853438 -0.00436846 -0.028461 -0.00514148
internal_weight=98.2083 34.133 28.6869 15.1984 5.44608 12.3487
internal_count=198 184 141 57 43 47
is_linear=0
shrinkage=0.03


Tree=72
num_leaves=7
num_cat=0
split_feature=0 1 6 6 3 6
split_gain=7.29466 1.70025 0.328529 0.0390841 0.0288797 0.00753759
threshold=68.500000000000014 7.6250000000000009 12.500000000000002 -3.4999999999999996 26.750000000000004 1.0000000180025095e-35
decision_type=2 2 2 2 2 2
left_child=1 5 3 -3 -5 -1
right_child=-2 2 -4 4 -6 -7
leaf_value=-0.034462116278763957 0.004977426383134081 -0.013591640454835607 0 -0.0096748902761395941 -0.003697269321005961 -0.013024683636949839
leaf_weight=3.0396745204925528 62.175482034683228 8.4224314838647896 4.1162258535623542 9.0556970089674014 8.9923703372478467 2.4064089953899384
leaf_count=24 11 46 8 68 22 19
internal_value=-0.0011412 -0.0119007 -0.00854873 -0.00976537 -0.00729623 -0.0277306
internal_weight=98.2083 36.0328 30.5867 26.4705 18.0481 5.44608
internal_count=198 187 144 136 90 43
is_linear=0
shrinkage=0.03


Tree=73
num_leaves=5
num_cat=0
split_feature=0 0 2 3
split_gain=6.90728 1.61509 0.419322 0.0757384
threshold=68.500000000000014 7.5000000000000009 -0.43823269289053746 28.437500000000004
decision_type=2 2 2 2
left_child=1 -1 -3 -4
right_child=-2 2 3 -5
leaf_value=-0.027039555867340921 0.0048288204154414297 -0.014264348527257562 -0.0080832848672675126 -0.002492458595740574
leaf_weight=5.4460835158824912 62.175482034683228 9.1823501139879244 8.422431483864786 12.981943085789679
leaf_count=43 11 55 62 27
internal_value=-0.00112233 -0.011594 -0.00831652 -0.00518838
internal_weight=98.2083 36.0328 30.5867 21.4044
internal_count=198 187 144 89
is_linear=0
shrinkage=0.03


Tree=74
num_leaves=5
num_cat=0
split_feature=0 0 2 6
split_gain=6.52914 1.51558 0.388871 0.112972
threshold=68.500000000000014 7.5000000000000009 -0.43823269289053746 12.500000000000002
decision_type=2 2 2 2
left_child=1 -1 -3 -4
right_child=-2 2 3 -5
leaf_value=-0.026270721759009616 0.0046846514909602887 -0.013849956684273851 -0.0061029730155473753 0
leaf_weight=5.4460835158824912 62.175482034683228 9.1823501139879244 17.288148716092113 4.1162258535623542
leaf_count=43 11 55 81 8
internal_value=-0.00109844 -0.0112813 -0.00809175 -0.00504956
internal_weight=98.2083 36.0328 30.5867 21.4044
internal_count=198 187 144 89
is_linear=0
shrinkage=0.03


Tree=75
num_leaves=5
num_cat=0
split_feature=0 0 5 5
split_gain=6.02047 1.11517 0.149905 0.111446
threshold=58.666666666666679 16.500000000000004 3.5000000000000004 8.5000000000000018
decision_type=2 2 2 2
left_child=1 2 -1 -3
right_child=-2 3 -4 -5
leaf_value=-0.019609986599755668 0.0046655217876670155 -0.0072275036852217237 -0.0024813292123978515 -0.0010488520268098621
leaf_weight=10.132248401641844 87.373854041099548 13.805188447237017 1.899796575307845 8.1057986021041852
leaf_count=80 20 73 15 15
internal_value=0.00042961 -0.0101567 -0.0177614 -0.005392
internal_weight=121.317 33.943 12.032 21.911
internal_count=203 183 95 88
is_linear=0
shrinkage=0.03


Tree=76
num_leaves=6
num_cat=0
split_feature=1 1 6 2 6
split_gain=5.69354 1.11107 0.198711 0.127741 0.0575747
threshold=61.000000000000007 18.625000000000004 12.500000000000002 0.11819410106479865 -6.4999999999999991
decision_type=2 2 2 2 2
left_child=1 3 4 -1 -3
right_child=-2 2 -4 -5 -6
leaf_value=-0.021564764839893159 0.0046524856604028483 -0.010385348691876146 0 -0.0095408518890600282 -0.0037264751087945996
leaf_weight=6.712614566087721 85.854016810655594 5.1927773058414521 4.7494913488626471 6.2060021460056305 12.601983889937399
leaf_count=53 18 26 7 49 50
internal_value=0.00040594 -0.00957589 -0.00486613 -0.0168171 -0.00630698
internal_weight=121.317 35.4629 22.5443 12.9186 17.7948
internal_count=203 185 83 102 76
is_linear=0
shrinkage=0.03


Tree=77
num_leaves=9
num_cat=0
split_feature=8 18 0 5 0 0 5 13
split_gain=5.57903 1.76317 1.11702 0.264231 0.118361 0.112713 0.0949758 0.031136
threshold=6.5000000000000009 61.500000000000007 16.500000000000004 6.5000000000000009 83.166666666666686 58.666666666666679 2.0964999999999923 -4.6821428571428561
decision_type=2 2 2 2 2 2 2 2
left_child=2 5 6 4 -4 7 -1 -2
right_child=1 -3 3 -5 -6 -7 -8 -9
leaf_value=-0.01910766746867289 0 0.0081075364300408174 -0.0093053631838483485 0 -0.0014460152171360669 0.00032675574635352507 -0.0029106241137883326 -0.0042990760875977986
leaf_weight=9.2456766664981824 3.9262461960315722 52.797557830810547 11.715412184596067 9.3090028911828977 5.6993894577026358 19.377924203872681 1.899796575307845 7.3458800613880157
leaf_count=73 8 7 54 9 1 5 15 31
internal_value=0.000382609 0.00478476 -0.00904342 -0.00512076 -0.00730931 -0.000671334 -0.0172818 -0.00312887
internal_weight=121.317 83.4476 37.8693 26.7238 17.4148 30.6501 11.1455 11.2721
internal_count=203 51 152 64 55 44 88 39
is_linear=0
shrinkage=0.03


Tree=78
num_leaves=9
num_cat=0
split_feature=8 18 29 5 5 9 23 13
split_gain=5.27684 1.66069 1.06647 0.194922 0.123824 0.107185 0.0552521 0.0287166
threshold=6.5000000000000009 61.500000000000007 24.500000000000004 6.5000000000000009 2.0964999999999923 61.500000000000007 18.296428571428574 -4.6821428571428561
decision_type=2 2 2 2 2 2 2 2
left_child=2 5 4 6 -1 7 -4 -2
right_child=1 -3 3 -5 -6 -7 -8 -9
leaf_value=-0.017621560915226153 0 0.0078656846802621534 -0.0085374759014979155 0 -0.0031486581409026324 0.00031710251554399892 -0.0017952195701049843 -0.0041751642688456761
leaf_weight=11.018820136785505 3.9262461960315722 52.797557830810547 9.2456766366958636 9.1823497861623746 2.4064089953899375 19.377924203872681 6.0160222202539435 7.3458800613880157
leaf_count=85 8 7 37 8 19 5 3 31
internal_value=0.000357113 0.00464047 -0.00880806 -0.00445442 -0.0158086 -0.00064686 -0.00654393 -0.003047
internal_weight=121.317 83.4476 37.8693 24.444 13.4252 30.6501 15.2617 11.2721
internal_count=203 51 152 48 104 44 40 39
is_linear=0
shrinkage=0.03


Tree=79
num_leaves=9
num_cat=0
split_feature=8 18 0 5 8 0 7 5
split_gain=4.99112 1.5642 0.995077 0.229755 0.103207 0.101946 0.0979568 0.0237821
threshold=6.5000000000000009 61.500000000000007 16.500000000000004 6.5000000000000009 2.5000000000000004 58.666666666666679 0.049685011209521561 14.000000000000002
decision_type=2 2 2 2 2 2 2 2
left_child=2 5 4 6 -1 7 -4 -2
right_child=1 -3 3 -5 -6 -7 -8 -9
leaf_value=-0.018791199960948347 -0.00408411231698254 0.0076310475626745877 -0.0093438053351942371 0 -0.0045082383564267877 0.00030773446101273704 -0.0022993418301035214 0
leaf_weight=8.485758036375044 7.0925738513469714 52.797557830810547 9.8789421617984825 9.3090028911828977 2.6597152054309836 19.377924203872681 7.5358594805002204 4.1795524060726166
leaf_count=67 32 7 44 9 21 5 11 7
internal_value=0.000332622 0.00450049 -0.00857897 -0.00484813 -0.0163766 -0.000623087 -0.00689409 -0.00296749
internal_weight=121.317 83.4476 37.8693 26.7238 11.1455 30.6501 17.4148 11.2721
internal_count=203 51 152 64 88 44 55 39
is_linear=0
shrinkage=0.03


Tree=80
num_leaves=7
num_cat=0
split_feature=4 5 3 8 5 2
split_gain=3.75444 1.06032 0.717199 0.328723 0.114319 0.0693469
threshold=28.833333333333339 16.000000000000004 2.9375000000000004 15.000000000000002 1.0000000180025095e-35 0.48554810664046394
decision_type=2 2 2 2 2 2
left_child=2 3 -1 4 -2 -4
right_child=1 -3 5 -5 -6 -7
leaf_value=-0.031097008010116101 -0.0060040950192232082 0.0056009708181003369 -0.01358662709061592 0.00056268742045791607 -0.0013780184076284386 -0.0052285045993567562
leaf_weight=2.406408995389941 14.31180050969124 25.198371976613998 9.2456766664981824 24.697354376316071 17.541454449295998 6.7126145660877219
leaf_count=19 24 7 73 7 18 48
internal_value=-0.00223033 0.000433459 -0.0143865 -0.00172823 -0.00377307 -0.0107858
internal_weight=100.114 81.749 18.3647 56.5506 31.8533 15.9583
internal_count=196 56 140 49 42 121
is_linear=0
shrinkage=0.03


Tree=81
num_leaves=7
num_cat=0
split_feature=0 5 0 8 5 2
split_gain=3.60922 1.00923 0.627723 0.317846 0.100547 0.0311435
threshold=27.166666666666668 16.000000000000004 1.1666666666666667 15.000000000000002 1.0000000180025095e-35 0.48554810664046394
decision_type=2 2 2 2 2 2
left_child=2 3 -1 4 -2 -4
right_child=1 -3 5 -5 -6 -7
leaf_value=-0.031946955411133481 -0.0058820504335283571 0.005344015368991613 -0.013553308195499839 0.00048042801261310178 -0.001468024022892185 -0.0053414685247076248
leaf_weight=2.0264496803283718 14.43845361471176 25.578331291675568 9.2456766664981824 24.887334033846855 17.984740316867828 5.9526959359645835
leaf_count=16 25 8 73 8 20 46
internal_value=-0.00217338 0.000334902 -0.0145563 -0.00176069 -0.00374458 -0.0110834
internal_weight=100.114 82.8889 17.2248 57.3105 32.4232 15.1984
internal_count=196 61 135 53 45 119
is_linear=0
shrinkage=0.03


Tree=82
num_leaves=7
num_cat=0
split_feature=0 5 0 8 5 2
split_gain=3.42232 0.95058 0.589627 0.301549 0.0926007 0.0259331
threshold=27.166666666666668 16.000000000000004 1.1666666666666667 15.000000000000002 1.0000000180025095e-35 -0.63966740085527352
decision_type=2 2 2 2 2 2
left_child=2 3 -1 4 -2 -4
right_child=1 -3 5 -5 -6 -7
leaf_value=-0.031112136643609876 -0.0057091807183230255 0.0051855537997875598 -0.015886055429173439 0.00046618682762567735 -0.0014247059124041746 -0.0073922171062026955
leaf_weight=2.0264496803283718 14.43845361471176 25.578331291675568 4.5595117807388332 24.887334033846855 17.984740316867828 10.638860821723933
leaf_count=16 25 8 36 8 20 83
internal_value=-0.00211825 0.000321445 -0.0141766 -0.00170894 -0.00364252 -0.0107793
internal_weight=100.114 82.8889 17.2248 57.3105 32.4232 15.1984
internal_count=196 61 135 53 45 119
is_linear=0
shrinkage=0.03


Tree=83
num_leaves=7
num_cat=0
split_feature=0 6 0 28 6 11
split_gain=3.24662 0.793046 0.553227 0.213939 0.00947361 0.00632733
threshold=27.166666666666668 8.5000000000000018 1.1666666666666667 13.032857142857146 6.0964999999999927 12.65
decision_type=2 2 2 2 2 2
left_child=2 3 -1 5 -4 -2
right_child=1 -3 4 -5 -6 -7
leaf_value=-0.030299129958583401 -0.0057355842588764161 0.0034823931534505872 -0.011370076304618594 0 -0.0012527945353532867 -0.0022168037112802342
leaf_weight=2.0264496803283718 10.765513837337496 39.256866067647934 12.918616712093351 17.668107345700264 2.2797558903694144 15.198372006416319
leaf_count=16 30 16 102 5 17 10
internal_value=-0.00206509 0.000308395 -0.01381 -0.00234675 -0.0104868 -0.00406734
internal_weight=100.114 82.8889 17.2248 43.632 15.1984 25.9639
internal_count=196 61 135 45 119 40
is_linear=0
shrinkage=0.03


Tree=84
num_leaves=7
num_cat=0
split_feature=0 5 0 8 5 7
split_gain=3.07705 0.867487 0.51943 0.274181 0.082348 0.00986708
threshold=27.166666666666668 16.000000000000004 1.1666666666666667 15.000000000000002 1.0000000180025095e-35 0.19802217192748997
decision_type=2 2 2 2 2 2
left_child=2 3 -1 4 -2 -4
right_child=1 -3 5 -5 -6 -7
leaf_value=-0.029507371290228082 -0.0054535681833949006 0.0049447710239488157 -0.012724977996360777 0.00041727852825183251 -0.0013496735315590594 -0.005310110073426454
leaf_weight=2.0264496803283718 14.43845361471176 25.578331291675568 8.485758036375044 24.887334033846855 17.984740316867828 6.7126145660877219
leaf_count=16 25 8 67 8 20 52
internal_value=-0.00201433 0.000293512 -0.0134486 -0.00164111 -0.00348547 -0.010197
internal_weight=100.114 82.8889 17.2248 57.3105 32.4232 15.1984
internal_count=196 61 135 53 45 119
is_linear=0
shrinkage=0.03


Tree=85
num_leaves=6
num_cat=0
split_feature=0 1 2 6 29
split_gain=4.46657 0.794115 0.319739 0.086789 0.00352764
threshold=56.500000000000007 3.1250000000000004 -0.60218945085412612 12.500000000000002 48.500000000000007
decision_type=2 2 2 2 2
left_child=1 -1 -3 4 -4
right_child=-2 2 3 -5 -6
leaf_value=-0.025966144315682102 0.0034082959087779561 -0.013148628177606708 -0.0058449787580726036 0 0
leaf_weight=2.6597152054309872 100.29247015714645 8.1057987213134819 14.248474314808847 2.7863682806491843 2.5963886529207221
leaf_count=21 22 55 96 6 9
internal_value=0.000285844 -0.00965595 -0.00750985 -0.00456717 -0.00536702
internal_weight=130.689 30.3967 27.737 19.6312 16.8449
internal_count=209 187 166 111 105
is_linear=0
shrinkage=0.03


Tree=86
num_leaves=7
num_cat=0
split_feature=8 18 29 7 26 2
split_gain=4.3582 1.10397 1.03201 0.315148 0.234433 0.206486
threshold=6.5000000000000009 75.500000000000014 19.500000000000004 -0.28618385670270813 0.29696027566504685 -0.65686157499080178
decision_type=2 2 2 2 2 2
left_child=2 4 3 -1 -2 -4
right_child=1 -3 5 -5 -6 -7
leaf_value=-0.021454625099424789 -0.00094618431458001057 0.0080411835899812465 -0.0086371917904922279 -0.0081935904581418514 0.00277403207790235 -0.0015963450537776133
leaf_weight=5.8260428309440595 23.304170429706573 35.699389457702637 6.8392676115036037 7.5991863012313843 32.803152859210968 18.618005841970444
leaf_count=46 20 4 25 60 24 30
internal_value=0.000266858 0.00389736 -0.00803975 -0.0149473 0.00107247 -0.0039159
internal_weight=130.689 91.8067 38.8825 13.4252 56.1073 25.4573
internal_count=209 48 161 106 44 55
is_linear=0
shrinkage=0.03


Tree=87
num_leaves=9
num_cat=0
split_feature=8 25 29 7 3 2 6 14
split_gain=4.12244 1.13036 0.971102 0.289443 0.283738 0.192718 0.105705 0.000186084
threshold=6.5000000000000009 11.268571428571432 19.500000000000004 -0.28618385670270813 67.187500000000014 -0.65686157499080178 16.000000000000004 -0.81714285714285684
decision_type=2 2 2 2 2 2 2 2
left_child=2 4 3 -1 6 -4 -2 -7
right_child=1 -3 5 -5 -6 7 -8 -9
leaf_value=-0.020842506262789481 -0.0031693642049680773 0.0078467302238110822 -0.0083889643798473537 -0.0079571181584476292 0.0030045915015421455 0 0.00010342568361390967 -0.0020590503895883466
leaf_weight=5.8260428309440595 12.665310174226763 36.965920507907867 6.8392676115036037 7.5991863012313843 28.496947288513184 8.1691249758005196 13.678534775972365 10.448880866169924
leaf_count=46 25 12 25 60 5 10 6 20
internal_value=0.000248545 0.0037814 -0.00782839 -0.014538 0.000850133 -0.00381248 -0.00115021 -0.00154921
internal_weight=130.689 91.8067 38.8825 13.4252 54.8408 25.4573 26.3438 18.618
internal_count=209 48 161 106 36 55 31 30
is_linear=0
shrinkage=0.03


Tree=88
num_leaves=9
num_cat=0
split_feature=8 25 29 0 3 2 7 27
split_gain=3.90557 1.06198 0.912924 0.319194 0.266547 0.156831 0.0845367 0.038271
threshold=6.5000000000000009 11.268571428571432 23.500000000000004 1.1666666666666667 67.187500000000014 -0.65686157499080178 -1.0000000180025095e-35 8.6600000000000019
decision_type=2 2 2 2 2 2 2 2
left_child=2 4 3 -1 7 -4 -5 -2
right_child=1 -3 5 6 -6 -7 -8 -9
leaf_value=-0.026631040724318752 -0.0022312787166697862 0.0076132234645910806 -0.0078213496584669008 -0.013643150955858838 0.0029153927917638231 -0.0014241874457058075 -0.0042287010703322041 0
leaf_weight=2.2797558903694144 13.171922594308855 36.965920507907867 6.5859614014625576 6.2060021460056278 28.496947288513184 18.111393421888351 5.6993897259235391 13.171922355890272
leaf_count=18 25 12 23 49 5 26 45 6
internal_value=0.0002311 0.00367165 -0.00762872 -0.0138648 0.000824619 -0.00356353 -0.0100883 -0.00110661
internal_weight=130.689 91.8067 38.8825 14.1851 54.8408 24.6974 11.9054 26.3438
internal_count=209 48 161 112 36 49 94 31
is_linear=0
shrinkage=0.03


Tree=89
num_leaves=9
num_cat=0
split_feature=8 29 26 1 2 12 7 5
split_gain=3.70211 0.864517 0.84872 0.274966 0.167127 0.0937339 0.0781261 0.000401301
threshold=6.5000000000000009 19.500000000000004 0.74851074817110097 1.1250000000000002 -0.65686157499080178 -3.0557142857142847 -1.0000000180025095e-35 1.0000000180025095e-35
decision_type=2 2 2 2 2 2 2 2
left_child=1 3 5 -1 -3 -2 -5 -6
right_child=2 4 -4 6 7 -7 -8 -9
leaf_value=-0.025925016596958912 0.0014017728107744007 -0.0079168933869842514 0.005641732712408829 -0.013540340054268281 -0.0020743698360804761 -0.0017794530230356286 -0.0040237757663621667 0
leaf_weight=2.2797558903694144 13.108595833182337 6.8392676115036037 60.39674386382103 5.6993897259235355 9.2456763684749621 18.301373049616814 5.446083515882493 9.3723294734954816
leaf_count=18 10 25 17 45 14 21 43 16
internal_value=0.000210869 -0.00743977 0.0035625 -0.0137874 -0.00362126 -0.000167281 -0.00990389 -0.00146701
internal_weight=130.689 38.8825 91.8067 13.4252 25.4573 31.41 11.1455 18.618
internal_count=209 161 48 106 55 31 88 30
is_linear=0
shrinkage=0.03


Tree=90
num_leaves=5
num_cat=0
split_feature=4 0 2 2
split_gain=2.8058 0.729206 0.184642 0.076858
threshold=55.500000000000007 1.1666666666666667 -0.70879540326435875 1.4078791350882185
decision_type=2 2 2 2
left_child=1 -1 -3 -4
right_child=-2 2 3 -5
leaf_value=-0.025220001425656214 0.0019085010246365601 -0.012038391843976724 -0.0052764763572404677 0
leaf_weight=2.2797558903694144 86.492877274751663 6.4593083560466793 19.821210876107219 3.4829603284597388
leaf_count=18 25 45 110 7
internal_value=-0.000820007 -0.0084126 -0.00658704 -0.00456098
internal_weight=118.536 32.0432 29.7635 23.3042
internal_count=205 180 162 117
is_linear=0
shrinkage=0.03


Tree=91
num_leaves=5
num_cat=0
split_feature=4 0 2 6
split_gain=2.65641 0.687584 0.170761 0.0750995
threshold=55.500000000000007 1.1666666666666667 -0.70879540326435875 12.500000000000002
decision_type=2 2 2 2
left_child=1 -1 -3 -4
right_child=-2 2 3 -5
leaf_value=-0.024551385697909524 0.0018514438107083799 -0.011693269250829315 -0.0052170346898483795 0
leaf_weight=2.2797558903694144 86.492877274751663 6.4593083560466793 19.187945351004604 4.1162258535623542
leaf_count=18 25 45 109 8
internal_value=-0.000801132 -0.00819014 -0.00640508 -0.00442805
internal_weight=118.536 32.0432 29.7635 23.3042
internal_count=205 180 162 117
is_linear=0
shrinkage=0.03


Tree=92
num_leaves=7
num_cat=0
split_feature=29 6 5 0 28 5
split_gain=2.52921 1.01631 0.346506 0.143563 0.120228 0.0511855
threshold=28.500000000000004 8.5000000000000018 1.5000000000000002 1.1666666666666667 13.032857142857146 1.0000000180025095e-35
decision_type=2 2 2 2 2 2
left_child=2 4 3 -1 5 -2
right_child=1 -3 -4 -5 -6 -7
leaf_value=-0.024409697064784703 -0.0047372628634295109 0.0040781061115458704 -0.0040855040063246832 -0.0098870408787081893 0 -0.00075228623242763575
leaf_weight=2.1531027853488949 14.185147404670717 52.866479322314262 9.7522890567779523 10.068921849131582 17.668107345700264 11.842064961791037
leaf_count=17 25 13 53 75 5 17
internal_value=-0.00078309 0.00123275 -0.00994267 -0.0136877 -0.00200957 -0.00329523
internal_weight=118.536 96.5618 21.9743 12.222 43.6953 26.0272
internal_count=205 60 145 92 47 42
is_linear=0
shrinkage=0.03


Tree=93
num_leaves=7
num_cat=0
split_feature=21 2 0 2 28 23
split_gain=2.40141 0.929684 0.527163 0.142619 0.11915 0.0254958
threshold=37.500000000000007 0.74851307505107767 1.1666666666666667 -0.63966740085527352 13.032857142857146 -3.4907142857142852
decision_type=2 2 2 2 2 2
left_child=2 4 -1 -4 -2 -5
right_child=1 -3 3 5 -6 -7
leaf_value=-0.023283299876829873 -0.0028765781405312415 0.004575502663928541 -0.011777071075841113 -0.00058283765567687911 0 -0.0054730843365669076
leaf_weight=2.2797558903694179 23.050864398479462 45.07731369137764 5.9526959359645906 6.079349011182793 23.367496803402901 12.728636994957913
leaf_count=18 28 11 42 28 6 72
internal_value=-0.000769845 0.00147331 -0.00862198 -0.00665039 -0.00135666 -0.00439737
internal_weight=118.536 91.4957 27.0404 24.7607 46.4184 18.808
internal_count=205 45 160 142 34 100
is_linear=0
shrinkage=0.03


Tree=94
num_leaves=5
num_cat=0
split_feature=4 1 5 11
split_gain=2.28549 0.570799 0.143712 0.0532449
threshold=55.500000000000007 1.1250000000000002 -1.4999999999999998 -3.5749999999999997
decision_type=2 2 2 2
left_child=1 -1 -3 -4
right_child=-2 2 3 -5
leaf_value=-0.022666028618856179 0.0016985968715451014 -0.0098516213005770351 0 -0.0047096081087668138
leaf_weight=2.2797558903694144 86.492877274751663 8.9923704564571398 5.8260427713394192 14.945066332817076
leaf_count=18 25 59 24 79
internal_value=-0.000755595 -0.00761266 -0.00594559 -0.00371126
internal_weight=118.536 32.0432 29.7635 20.7711
internal_count=205 180 162 103
is_linear=0
shrinkage=0.03


Tree=95
num_leaves=5
num_cat=0
split_feature=8 0 2 8
split_gain=2.76548 0.360595 0.191763 0.0704258
threshold=11.500000000000002 23.666666666666668 -0.70879540326435875 2.5000000000000004
decision_type=2 2 2 2
left_child=1 3 -3 -1
right_child=-2 2 -4 -5
leaf_value=-0.012297725963394139 0.0038569958926158478 -0.0081333269050022309 -0.0012907930558099618 -0.003540759066925186
leaf_weight=10.132248401641844 62.49211497604847 6.3326551914215115 19.631230711936951 4.9394710958003989
leaf_count=80 24 20 32 39
internal_value=-2.24252e-05 -0.00613315 -0.00337622 -0.0101384
internal_weight=103.528 41.0356 25.9639 15.0717
internal_count=195 171 52 119
is_linear=0
shrinkage=0.03


Tree=96
num_leaves=6
num_cat=0
split_feature=8 0 2 5 8
split_gain=2.61603 0.337156 0.179159 0.0982479 0.000567177
threshold=11.500000000000002 23.666666666666668 -0.70879540326435875 1.5000000000000002 1.5000000000000002
decision_type=2 2 2 2 2
left_child=1 3 -3 4 -1
right_child=-2 2 -4 -5 -6
leaf_value=-0.013906160511276527 0.0037418388907748987 -0.0079003633455045387 -0.0012526520726803593 -0.0033847168358127244 -0.0025101478165201457
leaf_weight=7.4725331962108594 62.49211497604847 6.3326551914215115 19.631230711936951 5.3194304108619681 2.2797558903694153
leaf_count=59 24 20 32 42 18
internal_value=-2.88088e-05 -0.00597425 -0.00328844 -0.00986109 -0.0122919
internal_weight=103.528 41.0356 25.9639 15.0717 9.75229
internal_count=195 171 52 119 77
is_linear=0
shrinkage=0.03


Tree=97
num_leaves=7
num_cat=0
split_feature=3 25 12 25 5 28
split_gain=1.9508 1.30721 0.14165 0.097373 0.0726856 0.0261491
threshold=32.062500000000007 14.725000000000001 -3.4907142857142852 -7.3099999999999996 1.5000000000000002 -4.2728571428571422
decision_type=2 2 2 2 2 2
left_child=4 2 -2 -4 5 -1
right_child=1 -3 3 -5 -6 -7
leaf_value=-0.0013234328822534676 0.0012597160510879159 0.0072848385403299206 0 -0.0028969741869660313 -0.0039634581467785437 -0.012073759592906576
leaf_weight=2.3430824428796759 19.061291500926018 27.219226688146591 13.298575460910795 23.874109581112862 8.4224314838647825 9.3090032190084475
leaf_count=18 11 6 5 26 57 72
internal_value=-3.79314e-05 0.00190019 -0.000571793 -0.00175369 -0.00844613 -0.0107525
internal_weight=103.528 83.4532 56.234 37.1727 20.0745 11.6521
internal_count=195 48 42 31 147 90
is_linear=0
shrinkage=0.03


Tree=98
num_leaves=6
num_cat=0
split_feature=8 3 2 2 10
split_gain=2.36707 0.304752 0.277138 0.0289082 0.0145876
threshold=11.500000000000002 10.750000000000002 -0.65686157499080178 0.42370718264172802 -9.4999999999999982
decision_type=2 2 2 2 2
left_child=1 3 -3 -1 -4
right_child=-2 2 4 -5 -6
leaf_value=-0.015465539628621655 0.0035431341829614406 -0.0087740468482560702 0 -0.0044404297600311024 -0.0024039869056404419
leaf_weight=4.0528993606567374 62.49211497604847 8.6757376343011838 8.8657170534133893 3.7995931506156921 15.6416582018137
leaf_count=32 24 38 11 30 60
internal_value=-3.9162e-05 -0.0056984 -0.00394298 -0.0115945 -0.00178453
internal_weight=103.528 41.0356 33.1831 7.85249 24.5074
internal_count=195 171 109 62 71
is_linear=0
shrinkage=0.03


Tree=99
num_leaves=6
num_cat=0
split_feature=8 0 2 15 10
split_gain=2.24295 0.283239 0.155867 0.080771 0.0656796
threshold=11.500000000000002 23.666666666666668 -0.70879540326435875 -7.1878571428571423 4.5000000000000009
decision_type=2 2 2 2 2
left_child=1 3 -3 -1 -5
right_child=-2 2 -4 4 -6
leaf_value=0 0.003437347974032048 -0.0073618271256448761 -0.0011146008339448156 -0.01152607002909418 -0.0002547431443110292
leaf_weight=2.4064089953899375 62.49211497604847 6.3326551914215115 19.631230711936951 10.38555461168289 2.2797558903694144
leaf_count=19 24 20 32 82 18
internal_value=-4.72934e-05 -0.00555813 -0.00304768 -0.00915349 -0.0102442
internal_weight=103.528 41.0356 25.9639 15.0717 12.6653
internal_count=195 171 52 119 100
is_linear=0
shrinkage=0.03


Tree=100
num_leaves=6
num_cat=0
split_feature=8 3 4 13 5
split_gain=2.35347 0.994572 0.172712 0.163039 0.0148394
threshold=4.5000000000000009 81.449562500000013 7.0833333333333339 0.91428571428571426 -2.4999999999999996
decision_type=2 2 2 2 2
left_child=2 3 -1 -2 -4
right_child=1 -3 4 -5 -6
leaf_value=-0.014790975028933347 0.0014048091763455175 0.0063234151038951214 -0.0077314440170507433 -0.0018364639399090458 -0.0025711181857855521
leaf_weight=4.8128179907798794 30.143437832593918 35.699389457702637 9.245676606893543 25.393946662545204 8.5490845888853038
leaf_count=38 25 4 41 32 55
internal_value=0.000210635 0.00243859 -0.00830195 0 -0.0058334
internal_weight=113.844 91.2368 22.6076 55.5374 17.7948
internal_count=195 61 134 57 96
is_linear=0
shrinkage=0.03


Tree=101
num_leaves=8
num_cat=0
split_feature=8 3 6 4 3 5 23
split_gain=2.22883 0.93629 0.192307 0.157589 0.050318 0.0106819 0.00154829
threshold=4.5000000000000009 81.449562500000013 16.000000000000004 7.0833333333333339 64.000000000000014 -2.4999999999999996 -1.0000000180025095e-35
decision_type=2 2 2 2 2 2 2
left_child=3 2 4 -1 -2 -5 -7
right_child=1 -3 -4 5 -6 6 -8
leaf_value=-0.014373281710875443 -0.0028068277282148391 0.0061352934953873882 0.0017775834434030067 -0.0075067901322746194 0 0 -0.0031371112176790546
leaf_weight=4.8128179907798794 16.781536057591442 35.699389457702637 26.217191606760025 9.245676606893543 12.538656830787657 3.1030010730028179 5.4460835158824858
leaf_count=38 45 4 9 41 3 20 35
internal_value=0.000195706 0.00236601 0 -0.00808632 -0.0017362 -0.00567844 -0.0024966
internal_weight=113.844 91.2368 55.5374 22.6076 29.3202 17.7948 8.54908
internal_count=195 61 57 134 48 96 55
is_linear=0
shrinkage=0.03


Tree=102
num_leaves=6
num_cat=0
split_feature=0 5 1 11 3
split_gain=2.05778 0.464341 0.196131 0.0365639 0.0197928
threshold=68.500000000000014 1.5000000000000002 7.8750000000000009 -4.6821428571428561 57.812500000000007
decision_type=2 2 2 2 2
left_child=1 2 -1 -3 -5
right_child=-2 3 -4 4 -6
leaf_value=-0.01537734196013513 0.0033153166988635261 0 -0.0056158628805325177 -0.0031121864040514536 0
leaf_weight=4.4328586757183102 72.175482034683228 4.3695320636034038 15.00839291512966 10.258901447057726 7.5991860032081595
leaf_count=35 12 15 81 48 4
internal_value=0.000179185 -0.0050234 -0.00849737 -0.0015127 -0.00215666
internal_weight=113.844 41.6689 19.4413 22.2276 17.8581
internal_count=195 183 116 67 52
is_linear=0
shrinkage=0.03


Tree=103
num_leaves=9
num_cat=0
split_feature=6 25 29 25 1 5 10 24
split_gain=1.79214 0.704534 0.604303 0.0569365 0.0460683 0.0285699 0.00633497 0.00210005
threshold=3.5000000000000004 11.268571428571432 23.500000000000004 -2.887857142857142 68.750000000000014 1.5000000000000002 -1.4999999999999998 46.285000000000004
decision_type=2 2 2 2 2 2 2 2
left_child=2 4 5 -4 7 -1 -5 -2
right_child=1 -3 3 6 -6 -7 -8 -9
leaf_value=-0.012133047853674615 -0.001881510632250764 0.0058690399531177708 0 -0.0045397858323176898 0.0009996833947624466 -0.0022496813761955932 -0.0011552304803890412 0
leaf_weight=8.9923704564571363 6.7126145064830807 38.042471900582314 8.992370158433916 7.1559004038572356 18.238046288490295 2.9763479679822913 12.981942728161808 9.7522887289524061
leaf_count=69 27 18 13 28 4 19 9 8
internal_value=0.000164754 0.00306599 -0.00473807 -0.00197197 0 -0.010524 -0.00284726 -0.00116964
internal_weight=113.844 72.7454 41.0989 29.1302 34.7029 11.9687 20.1378 16.4649
internal_count=195 57 138 50 39 88 37 35
is_linear=0
shrinkage=0.03


Tree=104
num_leaves=6
num_cat=0
split_feature=8 0 8 4 6
split_gain=1.91653 0.814017 0.135319 0.125965 0.00503258
threshold=4.5000000000000009 89.166666666666671 11.500000000000002 7.0833333333333339 -2.4999999999999996
decision_type=2 2 2 2 2
left_child=3 2 -2 -1 -5
right_child=1 -3 -4 4 -6
leaf_value=-0.013343629764725987 -0.0019314835826754759 0.0061927732382670488 0.0010945096997103355 -0.0067964068861501789 -0.0020723514798037081
leaf_weight=4.8128179907798794 18.554679319262505 30 42.682094633579254 9.8789421617984807 7.9158190339803669
leaf_count=38 35 3 23 52 44
internal_value=0.000147515 0.00216599 2.64365e-05 -0.0075272 -0.00526154
internal_weight=113.844 91.2368 61.2368 22.6076 17.7948
internal_count=195 61 58 134 96
is_linear=0
shrinkage=0.03


Tree=105
num_leaves=8
num_cat=0
split_feature=0 4 2 5 26 27 24
split_gain=1.76921 0.478389 0.215729 0.133312 0.0526435 0.0126122 0.000126396
threshold=68.500000000000014 10.91666666666667 0.42370718264172802 -7.4999999999999991 0.4647231720437684 -1.2435714285714281 46.285000000000004
decision_type=2 2 2 2 2 2 2
left_child=1 2 -1 -3 5 6 -5
right_child=-2 3 -4 4 -6 -7 -8
leaf_value=-0.016475175623339524 0.0024480217255182634 -0.0074980581875322494 -0.0025568419357770156 0 -0.0043791532295289586 -0.0011284004221606906 0.00014474729972419428
leaf_weight=4.6861648857593519 84.714138865470886 6.0793490111827841 3.6729400455951691 3.5462869405746478 6.459308296442031 14.311800569295885 5.1294506639242172
leaf_count=37 15 24 29 23 26 42 11
internal_value=-1.25658e-05 -0.00495043 -0.0116994 -0.00302656 -0.00173455 -0.000558122 0
internal_weight=128.599 43.8853 8.3591 35.5262 29.4468 22.9875 8.67574
internal_count=207 192 66 126 102 76 34
is_linear=0
shrinkage=0.03


Tree=106
num_leaves=7
num_cat=0
split_feature=29 2 7 4 28 5
split_gain=1.68183 0.907544 0.217229 0.156312 0.0611171 0.0546071
threshold=29.500000000000004 0.74350996975763395 1.0000000180025095e-35 7.0833333333333339 14.177142857142856 -1.4999999999999998
decision_type=2 2 2 2 2 2
left_child=2 4 3 -1 5 -2
right_child=1 -3 -4 -5 -6 -7
leaf_value=-0.021113981719071351 -0.0036767681885067622 0.0040596369894855076 -0.0037411849524139596 -0.0068351274031545296 0 -0.00036318523243165365
leaf_weight=2.153102785348894 14.248473927378656 57.483722627162933 12.601983919739721 7.092573881149292 17.984740108251572 17.034842029213905
leaf_count=17 22 15 75 53 6 19
internal_value=-1.98991e-05 0.00146684 -0.00761221 -0.0116622 -0.00138301 -0.00217796
internal_weight=128.599 106.752 21.8477 9.24568 49.2681 31.2833
internal_count=207 62 145 70 47 41
is_linear=0
shrinkage=0.03


Tree=107
num_leaves=7
num_cat=0
split_feature=0 3 2 2 26 15
split_gain=1.61614 0.442433 0.206596 0.111139 0.032133 0.00308726
threshold=68.500000000000014 10.750000000000002 0.42370718264172802 -0.70879540326435875 -0.91023613416931226 -5.1621428571428565
decision_type=2 2 2 2 2 2
left_child=1 2 -1 -3 -5 -6
right_child=-2 3 -4 4 5 -7
leaf_value=-0.016248363755710038 0.0023206609827160912 -0.0067195165828629454 -0.0022946529601415569 0 -0.00029295628906602863 -0.0029699087603831139
leaf_weight=4.4328586757183066 84.714138865470886 7.0925738811492911 3.546286940574646 7.0925737619400051 9.7522888183593768 11.968718335032461
leaf_count=35 15 39 28 17 23 50
internal_value=-2.77431e-05 -0.00474966 -0.0114417 -0.00293149 -0.00163029 -0.00219708
internal_weight=128.599 43.8853 7.97915 35.9062 28.8136 21.721
internal_count=207 192 63 129 90 73
is_linear=0
shrinkage=0.03


Tree=108
num_leaves=7
num_cat=0
split_feature=29 2 9 5 8 23
split_gain=1.52129 0.848892 0.199357 0.0654505 0.0636076 0.000827961
threshold=29.500000000000004 0.74350996975763395 2.5000000000000004 -2.4999999999999996 -10.499999999999998 -3.4907142857142852
decision_type=2 2 2 2 2 2
left_child=2 4 -1 -4 -2 -5
right_child=1 -3 3 5 -6 -7
leaf_value=-0.016453105111549196 -0.0032481412565660123 0.0038858718240452439 -0.0096449099889789874 0 -0.00040160910317120778 -0.0036199486131292744
leaf_weight=2.6597152054309872 13.488555327057837 57.483722627162933 4.6228383332490983 3.6729400455951735 35.779500737786293 10.892167001962651
leaf_count=21 20 15 33 22 27 69
internal_value=-3.48107e-05 0.00137563 -0.00725811 -0.00528807 -0.00137744 -0.00313306
internal_weight=128.599 106.752 21.8477 19.1879 49.2681 14.5651
internal_count=207 62 145 124 47 91
is_linear=0
shrinkage=0.03


Tree=109
num_leaves=6
num_cat=0
split_feature=29 2 7 3 8
split_gain=1.44521 0.801509 0.189551 0.132862 0.059155
threshold=29.500000000000004 0.74350996975763395 1.0000000180025095e-35 7.5000000000000009 -10.499999999999998
decision_type=2 2 2 2 2
left_child=2 4 3 -1 -2
right_child=1 -3 -4 -5 -6
leaf_value=-0.019788224343493321 -0.0031528171339693235 0.003769900749738082 -0.0034049690140774045 -0.0062824509028966882 -0.00038966098149073185
leaf_weight=2.153102785348894 13.488555327057837 57.483722627162933 12.601983919739721 7.092573881149292 35.779500737786293
leaf_count=17 20 15 75 53 27
internal_value=-4.35188e-05 0.00132933 -0.00708503 -0.0108935 -0.00134223
internal_weight=128.599 106.752 21.8477 9.24568 49.2681
internal_count=207 62 145 70 47
is_linear=0
shrinkage=0.03


Tree=110
num_leaves=8
num_cat=0
split_feature=8 25 5 10 18 3 6
split_gain=0.939003 0.458999 0.328861 0.06591 0.0518224 0.0494667 0.00932923
threshold=4.5000000000000009 11.268571428571432 1.5000000000000002 1.5000000000000002 9.5000000000000018 62.437500000000007 16.000000000000004
decision_type=2 2 2 2 2 2 2
left_child=2 5 3 4 -1 6 -2
right_child=1 -3 -4 -5 -6 -7 -8
leaf_value=-0.015090685463606028 -0.002024548263490261 0.0043113791017591885 -0.00019372484733162445 0 -0.0058939316716767947 0.00022318262744481046 0
leaf_weight=3.0396745204925599 14.375127092003824 27.47253292798996 10.95549328625202 2.9130214154720298 11.082146629691122 23.937435746192932 7.9791453182697287
leaf_count=24 37 15 27 18 58 5 5
internal_value=-0.000452563 0.0012274 -0.00516404 -0.0077827 -0.00877029 -0.000425648 -0.00151146
internal_weight=101.755 73.7642 27.9903 17.0348 14.1218 46.2917 22.3543
internal_count=189 62 127 100 82 47 42
is_linear=0
shrinkage=0.03


Tree=111
num_leaves=6
num_cat=0
split_feature=3 25 11 10 19
split_gain=0.894854 0.480132 0.0820482 0.0782757 0.0638779
threshold=28.437500000000004 11.268571428571432 -7.3099999999999996 1.5000000000000002 28.735000000000003
decision_type=2 2 2 2 2
left_child=2 4 -1 -4 -2
right_child=1 -3 3 -5 -6
leaf_value=0 -0.0016756957877085725 0.0040150292232951357 -0.0099616213862198134 -0.0024623805815124412 6.5991990115190071e-05
leaf_weight=2.2164293378591564 30.396744042634964 27.535859480500221 8.6124111413955671 6.3326552510261527 26.660477682948112
leaf_count=17 23 9 68 45 27
internal_value=-0.000447087 0.000731539 -0.00668499 -0.00748532 -0.000708877
internal_weight=101.755 84.5931 17.1615 14.9451 57.0572
internal_count=189 59 130 113 50
is_linear=0
shrinkage=0.03


Tree=112
num_leaves=8
num_cat=0
split_feature=8 25 5 10 3 18 6
split_gain=0.857477 0.408405 0.306533 0.055994 0.0451414 0.0401047 0.00876643
threshold=4.5000000000000009 11.268571428571432 1.5000000000000002 1.5000000000000002 62.437500000000007 9.5000000000000018 16.000000000000004
decision_type=2 2 2 2 2 2 2
left_child=2 4 3 5 6 -1 -2
right_child=1 -3 -4 -5 -6 -7 -8
leaf_value=-0.014406629103746018 -0.0019203245859491255 0.0040757482839452516 -0.00011947221826419158 0 0.00022690140142727475 -0.0056199579219399472 0
leaf_weight=3.0396745204925599 14.375127092003824 27.47253292798996 10.95549328625202 2.9130214154720298 23.937435746192932 11.082146629691122 7.9791453182697287
leaf_count=24 37 15 27 18 5 58 5
internal_value=-0.000435327 0.00116564 -0.00494018 -0.00746558 -0.000383363 -0.00839566 -0.00142847
internal_weight=101.755 73.7642 27.9903 17.0348 46.2917 14.1218 22.3543
internal_count=189 62 127 100 47 82 42
is_linear=0
shrinkage=0.03


Tree=113
num_leaves=7
num_cat=0
split_feature=29 6 10 5 8 16
split_gain=0.821313 0.365737 0.0807244 0.049732 0.082261 0.0126553
threshold=19.500000000000004 8.5000000000000018 2.5000000000000004 6.5000000000000009 -11.499999999999998 13.940000000000001
decision_type=2 2 2 2 2 2
left_child=2 3 -1 4 -2 -6
right_child=1 -3 -4 -5 5 -7
leaf_value=-0.0096381890634234472 -0.0055643186610123468 0.0024122992219433141 -0.0019384819286204439 0 0 -0.001263830500552843
leaf_weight=8.1057987213134748 5.8260427713394192 47.293742999434471 5.7627162784337989 15.768310979008673 6.9025939553976086 12.095371231436728
leaf_count=64 18 16 41 12 10 28
internal_value=-0.000430158 0.000554164 -0.00718277 -0.00139246 -0.00222202 -0.000660109
internal_weight=101.755 87.8861 13.8685 40.5923 24.824 18.998
internal_count=189 84 105 68 56 38
is_linear=0
shrinkage=0.03


Tree=114
num_leaves=6
num_cat=0
split_feature=0 19 7 22 6
split_gain=0.779288 0.333774 0.220417 0.0988224 0.0170784
threshold=25.166666666666668 27.150000000000002 1.2768149574320882 -7.1878571428571423 3.5000000000000004
decision_type=2 2 2 2 2
left_child=3 -2 -3 -1 -5
right_child=1 2 -4 4 -6
leaf_value=0 -0.0016667034835200784 0 0.0039785382903507038 -0.0085763994564183321 -0.0010451880473266583
leaf_weight=2.3430824428796795 31.409968882799149 26.407171502709389 27.789165660738945 10.38555461168289 3.419633835554122
leaf_count=18 26 29 8 82 26
internal_value=-0.000423422 0.00062848 0.00212567 -0.00645676 -0.00741084
internal_weight=101.755 85.6063 54.1963 16.1483 13.8052
internal_count=189 63 37 126 108
is_linear=0
shrinkage=0.03


Tree=115
num_leaves=6
num_cat=0
split_feature=0 2 3 6 10
split_gain=1.21773 0.168519 0.0379207 0.0345738 0.0194036
threshold=68.500000000000014 -0.41171594489219193 11.812500000000002 16.000000000000004 -4.4999999999999991
decision_type=2 2 2 2 2
left_child=1 2 -1 4 -3
right_child=-2 3 -4 -5 -6
leaf_value=-0.012874027103088801 0.0026029066203636475 0 -0.0041621525963959046 0 -0.0032439468914438711
leaf_weight=2.6597152054309836 77.874871492385864 4.3695320934057262 8.8023907989263517 7.9791453182697287 15.641658410429956
leaf_count=21 13 16 50 5 86
internal_value=0.000360696 -0.00382503 -0.00722566 -0.00205248 -0.00272021
internal_weight=117.327 39.4524 11.4621 27.9903 20.0112
internal_count=191 178 71 107 102
is_linear=0
shrinkage=0.03


Tree=116
num_leaves=6
num_cat=0
split_feature=4 8 3 2 22
split_gain=1.13658 0.395429 0.115812 0.11156 0.0196967
threshold=73.84941666666667 22.500000000000004 10.750000000000002 0.42370718264172802 -15.799285714285714
decision_type=2 2 2 2 2
left_child=1 2 3 -1 -4
right_child=-2 -3 4 -5 -6
leaf_value=-0.011364651351580598 0.0036380247636369862 0.001049850802031866 0 0 -0.0028919574164776281
leaf_weight=4.1795524656772605 53.177517145872116 18.618005603551865 1.9631231278181065 2.9130214154720306 36.47609356045723
leaf_count=33 8 5 12 23 110
internal_value=0.000340016 -0.00225846 -0.00380562 -0.00804241 -0.00273532
internal_weight=117.327 64.1498 45.5318 7.09257 38.4392
internal_count=191 183 178 56 122
is_linear=0
shrinkage=0.03


Tree=117
num_leaves=7
num_cat=0
split_feature=0 5 7 4 8 29
split_gain=1.10259 0.162648 0.069477 0.0310098 0.0095273 0.0036161
threshold=68.500000000000014 1.5000000000000002 0.62161658532164088 10.250000000000002 22.500000000000004 31.000000000000004
decision_type=2 2 2 2 2 2
left_child=1 2 3 -1 5 -3
right_child=-2 4 -4 -5 -6 -7
leaf_value=-0.011509696471998235 0.0024619958901661819 -0.0024568066018050391 0 -0.004192810483892544 0 0
leaf_weight=3.6729400455951717 77.874871492385864 9.055696979165079 2.3430824428796759 10.892167031764982 7.2192266881465903 6.2693286389112464
leaf_count=29 13 51 14 64 3 17
internal_value=0.000324708 -0.00365441 -0.00606325 -0.00683843 -0.00139791 -0.00184548
internal_weight=117.327 39.4524 16.9082 14.5651 22.5443 15.325
internal_count=191 178 107 93 71 68
is_linear=0
shrinkage=0.03


Tree=118
num_leaves=6
num_cat=0
split_feature=0 5 6 11 21
split_gain=1.04676 0.152038 0.071807 0.0201379 0.00828131
threshold=68.500000000000014 1.5000000000000002 1.0000000180025095e-35 -6.2635714285714288 21.500000000000004
decision_type=2 2 2 2 2
left_child=1 2 4 -3 -1
right_child=-2 3 -4 -5 -6
leaf_value=-0.0095521936343855134 0.0023884195328997874 0 -0.00077320479418254763 -0.0018035525589303924 -0.0024300384160938319
leaf_weight=6.7126145660877246 77.874871492385864 4.1162258833646801 5.4460835158824912 18.428026422858238 4.7494914382696152
leaf_count=53 13 17 33 54 21
internal_value=0.000303913 -0.00357125 -0.00590993 -0.00136869 -0.00750344
internal_weight=117.327 39.4524 16.9082 22.5443 11.4621
internal_count=191 178 107 71 74
is_linear=0
shrinkage=0.03


Tree=119
num_leaves=7
num_cat=0
split_feature=4 6 3 6 6 27
split_gain=1.00219 0.359113 0.141854 0.0513209 0.0128319 0.0109318
threshold=73.84941666666667 22.500000000000004 11.812500000000002 1.0000000180025095e-35 -7.4999999999999991 -7.3099999999999996
decision_type=2 2 2 2 2 2
left_child=1 2 3 -1 -4 -6
right_child=-2 -3 4 -5 5 -7
leaf_value=-0.0099317497902777444 0.0033872458036268475 0.0035068347772269207 -0.0036826343763654091 -0.0010481910098617776 0 -0.0016333991247210824
leaf_weight=4.5595117807388288 53.177517145872116 7.2192266881465903 11.652085363864897 3.7995931506156921 7.9791453480720476 28.940233841538433
leaf_count=36 8 3 26 30 16 72
internal_value=0.000285323 -0.0021502 -0.00303943 -0.00710935 -0.0021155 -0.0013534
internal_weight=117.327 64.1498 56.9306 8.3591 48.5715 36.9194
internal_count=191 183 180 66 114 88
is_linear=0
shrinkage=0.03


Tree=120
num_leaves=8
num_cat=0
split_feature=6 25 8 1 24 7 23
split_gain=1.23349 0.310878 0.285873 0.0647273 0.0306498 0.0176482 0.0139562
threshold=4.5000000000000009 14.725000000000001 5.5000000000000009 77.899125000000012 25.840000000000003 0.19802217192748997 -3.4907142857142852
decision_type=2 2 2 2 2 2 2
left_child=2 3 4 6 5 -1 -2
right_child=1 -3 -4 -5 -6 -7 -8
leaf_value=-0.0094170082606958357 0.00055038493128870328 0.0053195430152739795 -0.0010666852456355568 0.0020606543649440041 -0.0032327744091665066 0 -0.00085118945989910775
leaf_weight=8.105798691511156 9.2456763684749621 26.585961192846298 28.180314764380455 21.398778915405273 11.082146659493445 1.899796575307845 13.045269429683684
leaf_count=48 13 10 23 3 65 15 21
internal_value=8.13153e-05 0.00270106 -0.00346764 0.000877662 -0.00619535 -0.00841374 0
internal_weight=119.544 70.2757 49.2681 43.6897 21.0877 10.0056 22.2909
internal_count=198 47 151 37 128 63 34
is_linear=0
shrinkage=0.03


Tree=121
num_leaves=8
num_cat=0
split_feature=6 25 8 5 1 16 0
split_gain=1.16934 0.29114 0.2705 0.0616386 0.0609543 0.0248545 0.0131038
threshold=4.5000000000000009 14.725000000000001 5.5000000000000009 1.5000000000000002 77.899125000000012 44.630000000000003 68.500000000000014
decision_type=2 2 2 2 2 2 2
left_child=2 4 3 5 6 -1 -2
right_child=1 -3 -4 -5 -6 -7 -8
leaf_value=-0.0077577139837937204 -0.00094330309346324955 0.0051617373996036909 -0.0010350218014380506 0 0.0019996894118345454 -0.00054143076781648495 0.00039598230878497135
leaf_weight=13.931841492652898 10.892166882753374 26.585961192846298 28.180314764380455 3.7362665981054297 21.398778915405273 3.419633835554122 11.398778915405272
leaf_count=84 32 10 23 24 3 20 2
internal_value=7.19813e-05 0.00262476 -0.00338156 -0.00603803 0.000851693 -0.00687877 0
internal_weight=119.544 70.2757 49.2681 21.0877 43.6897 17.3515 22.2909
internal_count=198 47 151 128 37 104 34
is_linear=0
shrinkage=0.03


Tree=122
num_leaves=8
num_cat=0
split_feature=6 25 8 1 5 24 23
split_gain=1.10847 0.272608 0.255799 0.0574055 0.0555967 0.0225421 0.0129345
threshold=4.5000000000000009 14.725000000000001 5.5000000000000009 77.899125000000012 1.5000000000000002 25.840000000000003 -3.4907142857142852
decision_type=2 2 2 2 2 2 2
left_child=2 3 4 6 5 -1 -2
right_child=1 -3 -4 -5 -6 -7 -8
leaf_value=-0.0090058206556258621 0.00053781280714334883 0.0050086134485759284 -0.0010042981972998961 0.0019405280882714186 0 -0.0032730222645606186 -0.00081572402097579563
leaf_weight=8.4857580065727287 9.2456763684749621 26.585961192846298 28.180314764380455 21.398778915405273 3.7362665981054297 8.8657173216342908 13.045269429683684
leaf_count=53 13 10 23 3 24 51 21
internal_value=6.31795e-05 0.00255068 -0.00329738 0.000826439 -0.00588383 -0.00669194 0
internal_weight=119.544 70.2757 49.2681 43.6897 21.0877 17.3515 22.2909
internal_count=198 47 151 37 128 104 34
is_linear=0
shrinkage=0.03


Tree=123
num_leaves=8
num_cat=0
split_feature=6 27 21 1 2 16 23
split_gain=1.05124 0.250692 0.208969 0.0637687 0.0502379 0.0220828 0.016846
threshold=4.5000000000000009 -3.5414285714285709 32.500000000000007 77.899125000000012 -0.5002022254783034 44.630000000000003 -3.4907142857142852
decision_type=2 2 2 2 2 2 2
left_child=2 -2 5 6 -4 -1 -3
right_child=1 3 4 -5 -6 -7 -8
leaf_value=-0.006789839474895646 0.0046615094979013958 0.00020847549936527015 -0.0030715774828318334 0.0018831171693933146 -5.8469338167538662e-05 0 -0.0011130216443090595
leaf_weight=13.931841522455217 29.119023233652115 7.7258391380310085 11.335452571511267 21.398778915405273 21.087741181254387 2.9130214154720298 12.032044619321821
leaf_count=97 11 11 17 3 17 20 22
internal_value=5.43493e-05 0.00247884 -0.00321643 0.000694911 -0.00140542 -0.00609177 -0.000152192
internal_weight=119.544 70.2757 49.2681 41.1567 32.4232 16.8449 19.7579
internal_count=198 47 151 36 34 117 33
is_linear=0
shrinkage=0.03


Tree=124
num_leaves=9
num_cat=0
split_feature=6 25 8 5 7 0 0 9
split_gain=0.996916 0.241559 0.231148 0.0523716 0.0526408 0.0390305 0.0128193 0.0051903
threshold=4.5000000000000009 14.725000000000001 5.5000000000000009 1.0000000180025095e-35 -0.03996391225747984 76.166666666666671 58.666666666666679 15.500000000000002
decision_type=2 2 2 2 2 2 2 2
left_child=2 5 3 4 -1 6 -2 -5
right_child=1 -3 -4 7 -6 -7 -8 -9
leaf_value=-0.0075059388926467284 -0.0010937505056230756 0.0047272723431073579 -0.00093855558396991647 -0.0014413080707462588 0 0.001495592684891471 0.00032519522457204788 0
leaf_weight=13.235249415040016 8.6124110519886035 26.585961192846298 28.180314764380455 3.292980730533599 2.4064089953899392 27.09816837310791 7.9791452884674063 2.1531027853488922
leaf_count=74 30 10 23 26 17 4 3 11
internal_value=4.59363e-05 0.00240902 -0.00313736 -0.00560053 -0.00669797 0.000771109 0 -0.000697147
internal_weight=119.544 70.2757 49.2681 21.0877 15.6417 43.6897 16.5916 5.44608
internal_count=198 47 151 128 91 37 33 37
is_linear=0
shrinkage=0.03


Tree=125
num_leaves=7
num_cat=0
split_feature=0 0 27 24 20 3
split_gain=0.761451 0.167566 0.0352367 0.0246212 0.00378281 1.51778e-05
threshold=68.500000000000014 4.5000000000000009 -5.2249999999999988 73.27500000000002 -5.4992857142857146 28.437500000000004
decision_type=2 2 2 2 2 2
left_child=1 -1 5 4 -4 -3
right_child=-2 2 3 -5 -6 -7
leaf_value=-0.010250862907834444 0.0016822445088325963 -5.6019206733929353e-05 -0.00057750331509189598 0 -0.0037498518435934089 0
leaf_weight=3.292980730533599 89.273650407791138 4.0528993606567374 8.2324515581130999 4.7494913786649695 18.174720481038097 3.7995930910110474
leaf_count=26 15 26 16 14 95 7
internal_value=4.55635e-05 -0.00318472 -0.0022856 -0.00274521 -0.00311545 0
internal_weight=131.576 42.3021 39.0092 31.1567 26.4072 7.85249
internal_count=199 184 158 125 111 33
is_linear=0
shrinkage=0.03


Tree=126
num_leaves=7
num_cat=0
split_feature=0 18 6 24 2 20
split_gain=0.722551 0.158085 0.0488217 0.022247 0.0051316 0.00485513
threshold=68.500000000000014 5.5000000000000009 19.000000000000004 73.27500000000002 0.45454545454545475 -5.4992857142857146
decision_type=2 2 2 2 2 2
left_child=1 4 3 5 -1 -3
right_child=-2 2 -4 -5 -6 -7
leaf_value=-0.011690601552960875 0.0016319461888358584 0 0 0 -0.00019852742445731523 -0.0034257395473424978
leaf_weight=2.5330621004104605 89.273650407791138 4.0528993606567409 8.7390639185905439 4.9394710361957541 1.8997965753078458 20.137843608856205
leaf_count=20 15 25 5 15 15 104
internal_value=3.57155e-05 -0.00310945 -0.00211983 -0.00270575 -0.0089918 -0.00310083
internal_weight=131.576 42.3021 37.8693 29.1302 4.43286 24.1907
internal_count=199 184 149 144 35 129
is_linear=0
shrinkage=0.03


Tree=127
num_leaves=8
num_cat=0
split_feature=0 18 27 15 15 8 24
split_gain=0.686745 0.150961 0.0301824 0.0054848 0.00313339 0.000822197 0.000592756
threshold=68.500000000000014 5.5000000000000009 -3.7357142857142849 -7.4449999999999994 17.115000000000006 1.0000000180025095e-35 64.910000000000011
decision_type=2 2 2 2 2 2 2
left_child=1 5 6 -4 -5 -1 -3
right_child=-2 2 3 4 -6 -7 -8
leaf_value=-0.01279660446823699 0.0015831518221755341 -0.00030470049254818456 -0.00015976947274458218 -0.00336371426452972 0 -0.0015909597767818581 0
leaf_weight=1.899796575307845 89.273650407791138 5.4460835158824903 7.9158187955617896 17.161495611071594 2.9763479679822913 2.5330621004104614 4.3695320338010788
leaf_count=15 15 32 15 77 19 20 6
internal_value=2.50891e-05 -0.00303975 -0.00206561 -0.0025888 -0.00308688 -0.0088017 0
internal_weight=131.576 42.3021 37.8693 28.0537 20.1378 4.43286 9.81562
internal_count=199 184 149 111 96 35 38
is_linear=0
shrinkage=0.03


Tree=128
num_leaves=6
num_cat=0
split_feature=0 18 6 20 23
split_gain=0.654269 0.144093 0.0440847 0.0215562 0.0199661
threshold=68.500000000000014 5.5000000000000009 19.000000000000004 17.290714285714291 -3.5749999999999997
decision_type=2 2 2 2 2
left_child=1 -1 3 4 -3
right_child=-2 2 -4 -5 -6
leaf_value=-0.0086220589348844738 0.0015358164155460671 0 0 0 -0.0034316304021869528
leaf_weight=4.4328586757183066 89.273650407791138 6.3326552510261562 8.7390639185905439 3.3563072532415381 19.441251501441005
leaf_count=35 15 37 5 17 90
internal_value=1.31819e-05 -0.00297709 -0.00201794 -0.00257476 -0.00286824
internal_weight=131.576 42.3021 37.8693 29.1302 25.7739
internal_count=199 184 149 144 127
is_linear=0
shrinkage=0.03


Tree=129
num_leaves=6
num_cat=0
split_feature=1 4 5 6 24
split_gain=0.618838 0.131252 0.0614698 0.0429692 0.0219968
threshold=67.250000000000014 6.7500000000000009 1.0000000180025095e-35 19.000000000000004 73.27500000000002
decision_type=2 2 2 2 2
left_child=1 2 -1 4 -3
right_child=-2 3 -4 -5 -6
leaf_value=-0.011691351657185716 0.0014701043016881622 -0.0029491806767493888 0 0 0
leaf_weight=2.5330621004104605 90.033569037914276 23.430824339389805 1.8997965753078458 8.7390639185905439 4.9394710361957541
leaf_count=20 17 127 15 5 15
internal_value=5.86308e-06 -0.00294025 -0.00837445 -0.00198858 -0.00255121
internal_weight=131.576 41.5422 4.43286 37.1094 28.3703
internal_count=199 182 35 147 142
is_linear=0
shrinkage=0.03


Tree=130
num_leaves=9
num_cat=0
split_feature=8 18 5 18 24 23 6 27
split_gain=0.491649 0.227325 0.131714 0.061468 0.0558834 0.0213979 0.0189379 0.000208574
threshold=6.5000000000000009 75.500000000000014 1.5000000000000002 61.500000000000007 16.690000000000001 -8.3928571428571406 12.500000000000002 6.9428571428571439
decision_type=2 2 2 2 2 2 2 2
left_child=2 3 4 6 -1 -6 -2 -4
right_child=1 -3 7 -5 5 -7 -8 -9
leaf_value=-0.0075014677171801707 -0.0016190092594776839 0.0036212183852933097 0 0.0012320501156841 0 -0.002708781766465101 0 -0.00014023227407929733
leaf_weight=6.58596143126488 13.931841194629671 25.699389457702637 4.4328586161136618 22.797557830810547 1.5831638127565373 14.248474046587942 10.765513569116591 9.2456763982772809
leaf_count=42 29 3 16 4 10 51 9 22
internal_value=0 0.00136204 -0.00290023 0 -0.00432366 -0.00232886 -0.000900276 0
internal_weight=109.29 73.1943 36.0961 47.4949 22.4176 15.8316 24.6974 13.6785
internal_count=186 45 141 42 103 61 38 38
is_linear=0
shrinkage=0.03


Tree=131
num_leaves=9
num_cat=0
split_feature=8 18 2 18 0 24 6 15
split_gain=0.465782 0.214012 0.139645 0.0578617 0.055821 0.0304917 0.0178725 0.00010541
threshold=6.5000000000000009 75.500000000000014 -0.70879540326435875 61.500000000000007 15.500000000000002 34.985000000000007 12.500000000000002 6.2192857142857152
decision_type=2 2 2 2 2 2 2 2
left_child=2 3 5 6 -4 -1 -2 -6
right_child=1 -3 4 -5 7 -7 -8 -9
leaf_value=-0.007472572531717462 -0.0015714628357371785 0.0035138352763595553 -0.0034294797015979174 0.0011955686443681634 -9.9362430379218918e-05 0 0 0
leaf_weight=6.9659207463264448 13.931841194629671 25.699389457702637 7.2192269861698177 22.797557830810547 9.309002950787546 2.9130214154720306 10.765513569116591 9.6889622062444669
leaf_count=35 29 3 57 4 22 17 9 10
internal_value=0 0.0013218 -0.00282663 0 -0.0012002 -0.00609616 -0.000873206 0
internal_weight=109.29 73.1943 36.0961 47.4949 26.2172 9.87894 24.6974 18.998
internal_count=186 45 141 42 89 52 38 32
is_linear=0
shrinkage=0.03


Tree=132
num_leaves=8
num_cat=0
split_feature=8 23 2 0 18 24 15
split_gain=0.442993 0.203842 0.131209 0.0522721 0.03584 0.025822 9.93717e-05
threshold=6.5000000000000009 11.352857142857147 -0.70879540326435875 15.500000000000002 64.500000000000014 34.985000000000007 6.2192857142857152
decision_type=2 2 2 2 2 2 2
left_child=2 4 5 -4 -2 -1 -5
right_child=1 -3 3 6 -6 -7 -8
leaf_value=-0.0072576513442037718 -0.00099040936983257975 0.0032804802046391525 -0.0033307001818319668 -9.6474714316193027e-05 0.00071981989533025743 0 0
leaf_weight=6.9659207463264448 18.111393570899963 27.984740108251572 7.2192269861698177 9.309002950787546 27.09816837310791 2.9130214154720306 9.6889622062444669
leaf_count=35 31 10 57 22 4 17 10
internal_value=0 0.00128275 -0.00276255 -0.00117114 0 -0.00594274 0
internal_weight=109.29 73.1943 36.0961 26.2172 45.2096 9.87894 18.998
internal_count=186 45 141 89 35 52 32
is_linear=0
shrinkage=0.03


Tree=133
num_leaves=8
num_cat=0
split_feature=6 2 27 21 1 1 24
split_gain=0.42143 0.1683 0.156413 0.0558557 0.0413845 0.0311407 0.0214909
threshold=4.5000000000000009 -0.70879540326435875 -3.7357142857142849 48.500000000000007 77.899125000000012 68.750000000000014 34.985000000000007
decision_type=2 2 2 2 2 2 2
left_child=1 6 -2 -3 5 -4 -1
right_child=2 3 4 -5 -6 -7 -8
leaf_value=-0.0070489115641935484 0.0038511519283477877 -0.0022035799210080565 -0.0018180644739487751 0 0.0013338652218033088 5.011393998025837e-05 0
leaf_weight=6.9659207463264448 19.372329443693161 17.098168879747391 8.9290438145399111 21.214394226670265 21.398778915405273 11.398778915405272 2.9130214154720306
leaf_count=35 10 73 34 12 3 2 17
internal_value=0 -0.0021513 0.00158817 -0.000941284 0.000303392 -0.00034869 -0.00579374
internal_weight=109.29 48.1915 61.0989 38.3126 41.7266 20.3278 9.87894
internal_count=186 137 49 85 39 36 52
is_linear=0
shrinkage=0.03


Tree=134
num_leaves=8
num_cat=0
split_feature=6 2 27 21 1 1 24
split_gain=0.400001 0.159535 0.146423 0.0527298 0.0387882 0.029552 0.017477
threshold=4.5000000000000009 -0.70879540326435875 -3.7357142857142849 48.500000000000007 77.899125000000012 68.750000000000014 34.985000000000007
decision_type=2 2 2 2 2 2 2
left_child=1 6 -2 -3 5 -4 -1
right_child=2 3 4 -5 -6 -7 -8
leaf_value=-0.006846175370089613 0.0037373794334890661 -0.0021386124083517858 -0.0017652955320383945 0 0.0012944025538373621 4.8649065039636906e-05 0
leaf_weight=6.9659207463264448 19.372329443693161 17.098168879747391 8.9290438145399111 21.214394226670265 21.398778915405273 11.398778915405272 2.9130214154720306
leaf_count=35 10 73 34 12 3 2 17
internal_value=0 -0.00209761 0.00154542 -0.000912011 0.000294197 -0.000325912 -0.00564903
internal_weight=109.29 48.1915 61.0989 38.3126 41.7266 20.3278 9.87894
internal_count=186 137 49 85 39 36 52
is_linear=0
shrinkage=0.03


Tree=135
num_leaves=8
num_cat=0
split_feature=0 3 10 24 6 6 27
split_gain=0.582287 0.0903018 0.03958 0.0327278 0.0435423 0.016671 0.0125945
threshold=68.500000000000014 11.812500000000002 2.5000000000000004 73.27500000000002 -7.4999999999999991 1.5000000000000002 -1.1142857142857137
decision_type=2 2 2 2 2 2 2
left_child=1 2 -1 4 -3 -6 -7
right_child=-2 3 -4 -5 5 6 -8
leaf_value=-0.007016050840924608 0.00186835216052524 -0.0050392277963055209 0 0 0 0 -0.0017227823194218398
leaf_weight=6.8392676711082441 60.776703119277954 4.6861648857593527 3.0396745204925537 5.0027975887060157 4.2428790181875291 4.749491408467299 14.755086377263064
leaf_count=54 10 21 24 15 29 19 28
internal_value=0 -0.00266968 -0.00557007 -0.00150407 -0.00191864 -0.000873404 -0.00129764
internal_weight=104.092 43.3154 9.87894 33.4364 28.4336 23.7475 19.5046
internal_count=200 190 78 112 97 76 47
is_linear=0
shrinkage=0.03


Tree=136
num_leaves=9
num_cat=0
split_feature=0 3 5 5 7 27 10 7
split_gain=0.551303 0.0849155 0.0505495 0.0464546 0.0389694 0.0199764 0.00385572 0.000446594
threshold=68.500000000000014 11.812500000000002 1.0000000180025095e-35 -7.4999999999999991 -0.10338921514235998 -1.1142857142857137 1.5000000000000002 0.69920969095888863
decision_type=2 2 2 2 2 2 2 2
left_child=1 2 4 -3 -1 -5 -7 -4
right_child=-2 3 7 5 -6 6 -8 -9
leaf_value=-0.010270172773196929 0.0018125768655728122 -0.0041211999188247826 0 0 0 0 -0.0015071321742441857 -0.00079876646324002199
leaf_weight=3.2929807305335999 60.776703119277954 5.9526959061622611 1.8997965753078458 9.8789421021938306 1.8997965753078441 5.1294507533311906 12.475330516695974 2.7863683104515076
leaf_count=26 10 23 15 38 15 27 24 22
internal_value=0 -0.00260295 -0.00542864 -0.00146046 -0.00791264 -0.000521965 -0.00119453 -0.000560643
internal_weight=104.092 43.3154 9.87894 33.4364 5.19278 27.4837 17.6048 4.68616
internal_count=200 190 78 112 41 89 51 37
is_linear=0
shrinkage=0.03


Tree=137
num_leaves=9
num_cat=0
split_feature=0 5 24 24 27 7 22 21
split_gain=0.52456 0.0759396 0.101761 0.0202019 0.0154057 0.0115766 0.00140206 0.00218948
threshold=68.500000000000014 1.0000000180025095e-35 22.725000000000005 73.27500000000002 -11.306428571428567 1.0000000180025095e-35 -15.799285714285714 56.000000000000007
decision_type=2 2 2 2 2 2 2 2
left_child=1 2 -1 4 -3 -4 -6 -8
right_child=-2 3 5 -5 6 -7 7 -9
leaf_value=-0.0074885212785791534 0.0017584666296825418 0 -0.0018217243306332541 0 0 0 -0.0023487082715439507 0
leaf_weight=6.8392676711082485 60.776703119277954 2.4064089655876222 7.6625128239393216 4.3695320636034003 0.50661242008210194 2.7863683104515076 10.955493554472918 7.7891656607389441
leaf_count=47 10 8 39 11 3 15 62 5
internal_value=0 -0.00254835 -0.00429717 -0.00100914 -0.00143145 -0.00122028 -0.00173506 -0.00177673
internal_weight=104.092 43.3154 17.2881 26.0272 21.6577 10.4489 19.2513 18.7447
internal_count=200 190 101 89 78 54 70 67
is_linear=0
shrinkage=0.03


Tree=138
num_leaves=10
num_cat=0
split_feature=0 3 5 5 7 2 6 7 7
split_gain=0.496963 0.0786701 0.0448 0.041928 0.0367821 0.0127455 0.0151621 0.000473217 9.83616e-05
threshold=68.500000000000014 11.812500000000002 1.0000000180025095e-35 -7.4999999999999991 -0.10338921514235998 0.55387459804970429 19.000000000000004 0.69920969095888863 -0.72919493020945036
decision_type=2 2 2 2 2 2 2 2 2
left_child=1 2 4 -3 -1 8 -7 -4 -5
right_child=-2 3 7 5 -6 6 -8 -9 -10
leaf_value=-0.0098538073637823142 0.0017059718060156812 -0.0039063937165562286 0 0 0 -0.0017711292179214044 0 -0.00071930338890154283 0.00012622601670010834
leaf_weight=3.2929807305335999 60.776703119277954 5.9526959061622611 1.8997965753078458 3.8629197031259528 1.8997965753078441 9.6256359219551104 8.7390639185905439 2.7863683104515076 5.2561038285493877
leaf_count=26 10 23 15 24 15 37 5 22 23
internal_value=0 -0.00248582 -0.005213 -0.0013741 -0.00758205 -0.000465441 -0.000968016 -0.00048461 0
internal_weight=104.092 43.3154 9.87894 33.4364 5.19278 27.4837 18.3647 4.68616 9.11902
internal_count=200 190 78 112 41 89 42 37 47
is_linear=0
shrinkage=0.03


Tree=139
num_leaves=10
num_cat=0
split_feature=6 3 3 5 23 15 23 6 6
split_gain=0.483587 0.221108 0.133766 0.0739607 0.0257743 0.00908121 0.00759177 0.00417757 0.000646882
threshold=4.5000000000000009 67.187500000000014 1.2500000000000002 -8.4999999999999982 2.5107142857142866 -6.2249999999999996 21.740000000000006 19.000000000000004 16.000000000000004
decision_type=2 2 2 2 2 2 2 2 2
left_child=2 7 -1 -4 -5 -6 -7 8 -2
right_child=1 -3 3 4 5 6 -8 -9 -10
leaf_value=-0.010408891312332932 -0.001252024226486333 0.0028505622208667251 -0.0053579451857715069 0 0 -0.0024951591956020223 0 0 0
leaf_weight=2.1531027853488913 7.0292472988367098 42.538656830787659 5.6993896961212149 13.805188149213793 1.3298576027154947 10.322227999567987 6.3959815353155127 8.7390639185905439 6.0793487727642059
leaf_count=17 38 6 22 44 6 54 6 5 2
internal_value=0 0.00155416 -0.00264076 -0.00187864 -0.000932007 -0.00166927 -0.00186667 -0.000568067 -0.0009019
internal_weight=104.092 64.3863 39.7057 37.5526 31.8533 18.0481 16.7182 21.8477 13.1086
internal_count=200 51 149 132 110 66 60 45 40
is_linear=0
shrinkage=0.03


Tree=140
num_leaves=9
num_cat=0
split_feature=5 26 3 6 10 16 6 6
split_gain=0.523448 0.244472 0.121895 0.0531758 0.0391041 0.0151574 0.00437364 0.000302042
threshold=2.0964999999999923 0.74851074817110097 11.000000000000002 -7.4999999999999991 1.5000000000000002 25.440000000000001 1.5000000000000002 -3.4999999999999996
decision_type=2 2 2 2 2 2 2 2
left_child=2 5 4 -4 -1 -2 7 -5
right_child=1 -3 3 6 -6 -7 -8 -9
leaf_value=-0.0087228563437678139 2.2392143199385901e-05 0.0029035379307157452 -0.0032860411685168203 0 0 -0.00087362350029793678 -0.00056591596065769375 0.00029677737995250411
leaf_weight=4.6861648857593527 14.375126853585241 43.805187910795212 11.778738439083101 2.6597152054309863 1.8997965753078458 20.454475834965706 12.095371201634405 2.7863683104515085
leaf_count=37 13 18 23 18 15 32 24 20
internal_value=0 0.00139683 -0.00295938 -0.00166995 -0.00707001 -0.000250586 -4.33185e-05 0
internal_weight=114.541 78.6348 35.9062 29.3202 6.58596 34.8296 17.5415 5.44608
internal_count=200 63 137 85 52 45 62 38
is_linear=0
shrinkage=0.03


Tree=141
num_leaves=9
num_cat=0
split_feature=5 18 3 6 6 8 6 6
split_gain=0.496704 0.231844 0.114645 0.0497168 0.00860288 0.00793756 0.00413452 0.000285902
threshold=2.0964999999999923 61.500000000000007 11.000000000000002 -7.4999999999999991 1.0000000180025095e-35 22.500000000000004 1.5000000000000002 -3.4999999999999996
decision_type=2 2 2 2 2 2 2 2
left_child=2 5 4 -4 -1 -2 7 -5
right_child=1 -3 3 6 -6 -7 -8 -9
leaf_value=-0.0083005454072399461 -0.0014527630647841866 0.0024749293994077853 -0.003189908374343894 0 0 0 -0.00054934936665229986 0.00028873947858749655
leaf_weight=4.5595117807388297 11.018820077180862 54.697354376316071 11.778738439083101 2.6597152054309863 2.0264496803283691 12.918616145849228 12.095371201634405 2.7863683104515085
leaf_count=36 49 10 23 18 16 4 24 20
internal_value=0 0.00135515 -0.00288846 -0.00162465 -0.00689192 -0.000831183 -3.31993e-05 0
internal_weight=114.541 78.6348 35.9062 29.3202 6.58596 23.9374 17.5415 5.44608
internal_count=200 63 137 85 52 53 62 38
is_linear=0
shrinkage=0.03


Tree=142
num_leaves=9
num_cat=0
split_feature=5 26 3 6 16 6 6 6
split_gain=0.470635 0.222564 0.108291 0.0464708 0.0143934 0.00513552 0.00390575 0.000270625
threshold=2.0964999999999923 0.74851074817110097 11.000000000000002 -7.4999999999999991 25.440000000000001 1.0000000180025095e-35 1.5000000000000002 -3.4999999999999996
decision_type=2 2 2 2 2 2 2 2
left_child=2 4 5 -4 -2 -1 7 -5
right_child=1 -3 3 6 -6 -7 -8 -9
leaf_value=-0.0080669020146396826 0 0.0027497103375900699 -0.0030965879845426389 0 -0.00085587455987501165 0 -0.00053326775313522284 0.0002809193631277023
leaf_weight=4.5595117807388297 14.375126853585241 43.805187910795212 11.778738439083101 2.6597152054309863 20.454475834965706 2.0264496803283691 12.095371201634405 2.7863683104515085
leaf_count=36 13 18 23 18 32 16 24 20
internal_value=0 0.00130979 -0.00282113 -0.00158068 -0.000253023 -0.00672703 -2.33794e-05 0
internal_weight=114.541 78.6348 35.9062 29.3202 34.8296 6.58596 17.5415 5.44608
internal_count=200 63 137 85 45 52 62 38
is_linear=0
shrinkage=0.03


Tree=143
num_leaves=11
num_cat=0
split_feature=5 25 3 14 6 10 6 3 8 6
split_gain=0.447109 0.215924 0.102283 0.0455485 0.0434251 0.0338026 0.00368683 0.00233716 0.00494847 0.000256164
threshold=2.0964999999999923 14.725000000000001 11.000000000000002 13.522142857142857 -7.4999999999999991 1.5000000000000002 1.5000000000000002 62.437500000000007 22.500000000000004 -3.4999999999999996
decision_type=2 2 2 2 2 2 2 2 2 2
left_child=2 3 5 7 -4 -1 9 8 -2 -6
right_child=1 -3 4 -5 6 -7 -8 -9 -10 -11
leaf_value=-0.0081027422195460476 -0.0013116061518070568 0.0034676955197941164 -0.0030059977488084096 0.0011453853948243525 0 0 -0.00051765694331440577 0 0 0.00027331083423516361
leaf_weight=4.6861648857593527 10.068921789526945 26.459308087825775 11.778738439083101 22.348677203059196 2.6597152054309863 1.8997965753078458 12.095371201634405 12.538656830787657 7.2192266881465903 2.7863683104515085
leaf_count=37 40 9 23 8 18 15 24 3 3 20
internal_value=0 0.00127066 -0.00275573 0 -0.001538 -0.00656679 -1.38499e-05 -0.000611915 -0.000872339 0
internal_weight=114.541 78.6348 35.9062 52.1755 29.3202 6.58596 17.5415 29.8268 17.2881 5.44608
internal_count=200 63 137 54 85 52 62 46 43 38
is_linear=0
shrinkage=0.03


Tree=144
num_leaves=8
num_cat=0
split_feature=3 25 14 23 26 3 14
split_gain=0.392208 0.258327 0.0634002 0.0413342 0.0204332 0.00858931 0.00178754
threshold=28.000000000000004 14.725000000000001 14.589285714285717 -7.4957142857142847 0.5163939593874618 2.9375000000000004 4.3792857142857153
decision_type=2 2 2 2 2 2 2
left_child=3 2 4 -1 6 -5 -2
right_child=1 -3 -4 5 -6 -7 -8
leaf_value=0 0 0.0032693838322039289 0.000832608437070818 -0.0090327272035440418 -0.0018049500037243336 -0.0028504560282117042 -0.0003668825424287134
leaf_weight=2.7863683104515102 11.778738468885424 26.775940850377083 29.124618023633957 2.5330621004104605 16.718209236860275 13.171922922134398 11.652085304260252
leaf_count=19 20 8 9 20 12 99 13
internal_value=0 0.000771224 -7.49491e-05 -0.00396672 -0.000957098 -0.00456054 0
internal_weight=114.541 96.0496 69.2737 18.4914 40.149 15.705 23.4308
internal_count=200 62 54 138 45 119 33
is_linear=0
shrinkage=0.03


Tree=145
num_leaves=6
num_cat=0
split_feature=4 0 1 6 15
split_gain=0.325067 0.067965 0.0657694 0.0262879 0.00805568
threshold=73.84941666666667 7.5000000000000009 0.87500000000000011 16.000000000000004 -4.6821428571428561
decision_type=2 2 2 2 2
left_child=1 2 -1 4 -3
right_child=-2 3 -4 -5 -6
leaf_value=-0.010680844513644972 0.0012845641325395331 0 -0.0003583622147905131 0 -0.001904123265134383
leaf_weight=1.899796575307845 45.457272976636887 6.1426755934953681 3.7995931506156921 9.4989825487136823 39.705747440457344
leaf_count=15 9 33 30 7 103
internal_value=-0.000513868 -0.00199947 -0.00566138 -0.00143217 -0.001728
internal_weight=106.504 61.0468 5.69939 55.3474 45.8484
internal_count=197 188 45 143 136
is_linear=0
shrinkage=0.03


Tree=146
num_leaves=7
num_cat=0
split_feature=4 0 0 6 29 15
split_gain=0.308648 0.0655649 0.0598215 0.024818 0.0142158 0.0112634
threshold=73.84941666666667 7.5000000000000009 1.1666666666666667 16.000000000000004 101.00000000000001 -4.6821428571428561
decision_type=2 2 2 2 2 2
left_child=1 2 -1 4 5 -3
right_child=-2 3 -4 -5 -6 -7
leaf_value=-0.0098672216655589003 0.0012462799627859823 0 -2.8579073494426435e-05 0 0 -0.0021118423158727577
leaf_weight=2.1531027853488913 45.457272976636887 6.1426755934953681 3.546286940574646 9.4989825487136823 5.6993894577026358 34.006357982754707
leaf_count=17 9 33 28 7 1 102
internal_value=-0.000502951 -0.00195191 -0.0055531 -0.00139141 -0.00167885 -0.00187936
internal_weight=106.504 61.0468 5.69939 55.3474 45.8484 40.149
internal_count=197 188 45 143 136 135
is_linear=0
shrinkage=0.03


Tree=147
num_leaves=8
num_cat=0
split_feature=4 0 3 5 8 27 15
split_gain=0.293241 0.0631508 0.0582915 0.0157467 0.0296705 0.0211914 0.0125964
threshold=73.84941666666667 7.5000000000000009 1.2500000000000002 -2.4999999999999996 1.0000000180025095e-35 -5.2249999999999988 -7.1878571428571423
decision_type=2 2 2 2 2 2 2
left_child=1 2 -1 -3 -5 -6 -7
right_child=-2 3 -4 4 5 6 -8
leaf_value=-0.0094508750853934658 0.0012091366595349839 -0.0025654143819681739 0 0.00024115259572154857 0 0 -0.0021219685885335289
leaf_weight=2.2797558903694144 45.457272976636887 14.24847401678562 3.4196338355541229 7.3458800613880149 10.132248073816294 6.8392674028873435 16.781536027789123
leaf_count=18 9 45 27 39 13 6 40
internal_value=-0.000492696 -0.00190635 -0.00544636 -0.00135269 -0.000699319 -0.00116861 -0.00165573
internal_weight=106.504 61.0468 5.69939 55.3474 41.0989 33.7531 23.6208
internal_count=197 188 45 143 98 59 46
is_linear=0
shrinkage=0.03


Tree=148
num_leaves=7
num_cat=0
split_feature=4 0 3 6 3 15
split_gain=0.278531 0.0606928 0.0526421 0.0221581 0.0123754 0.00975358
threshold=73.84941666666667 7.5000000000000009 1.2500000000000002 16.000000000000004 75.375000000000014 -4.6821428571428561
decision_type=2 2 2 2 2 2
left_child=1 2 -1 4 5 -3
right_child=-2 3 -4 -5 -6 -7
leaf_value=-0.0092003203865663203 0.001173100348793757 0 0 0 0 -0.001991401384926018
leaf_weight=2.2797558903694144 45.457272976636887 6.1426755934953681 3.4196338355541229 9.4989825487136823 5.6993894577026358 34.006357982754707
leaf_count=18 9 33 27 7 1 102
internal_value=-0.000482311 -0.0018614 -0.00533862 -0.00131475 -0.00158634 -0.00177382
internal_weight=106.504 61.0468 5.69939 55.3474 45.8484 40.149
internal_count=197 188 45 143 136 135
is_linear=0
shrinkage=0.03


Tree=149
num_leaves=7
num_cat=0
split_feature=4 0 3 6 3 15
split_gain=0.26467 0.0583261 0.0473395 0.0209489 0.0115431 0.00879156
threshold=73.84941666666667 7.5000000000000009 1.2500000000000002 16.000000000000004 75.375000000000014 -4.6821428571428561
decision_type=2 2 2 2 2 2
left_child=1 2 -1 4 5 -3
right_child=-2 3 -4 -5 -6 -7
leaf_value=-0.0089564078373772643 0.0011381380993455829 0 0 0 0 -0.0019321817922125176
leaf_weight=2.2797558903694144 45.457272976636887 6.1426755934953681 3.4196338355541229 9.4989825487136823 5.6993894577026358 34.006357982754707
leaf_count=18 9 33 27 7 1 102
internal_value=-0.000472376 -0.00181802 -0.00523374 -0.00127824 -0.00154232 -0.00172359
internal_weight=106.504 61.0468 5.69939 55.3474 45.8484 40.149
internal_count=197 188 45 143 136 135
is_linear=0
shrinkage=0.03


Tree=150
num_leaves=7
num_cat=0
split_feature=5 23 7 24 13 18
split_gain=0.311044 0.0975398 0.0710515 0.0513247 0.0116708 0.00660245
threshold=2.0964999999999923 11.352857142857147 -0.28618385670270813 32.390000000000008 4.7521428571428581 53.000000000000007
decision_type=2 2 2 2 2 2
left_child=2 5 3 -1 -4 -2
right_child=1 -3 4 -5 -6 -7
leaf_value=-0.0052328072501974946 0 0.0030817772547480659 0 0 -0.0011795852349505604 0.0006082243541553423
leaf_weight=8.7390642166137678 14.438453644514082 22.47533030807972 15.958290696144102 5.8893693536519995 16.654882743954659 18.359104603528976
leaf_count=50 37 11 30 28 31 5
internal_value=0 0.00152641 -0.00177899 -0.00367227 -0.000630588 0.000170352
internal_weight=102.514 55.2729 47.2416 14.6284 32.6132 32.7976
internal_count=192 53 139 78 61 42
is_linear=0
shrinkage=0.03


Tree=151
num_leaves=7
num_cat=0
split_feature=19 7 7 25 26 7
split_gain=0.225693 0.109535 0.0846083 0.0364977 0.00985021 0.00683102
threshold=25.840000000000003 1.1122292599885963 -0.31466458109543249 5.0607142857142859 0.70581670320594814 0.28936189854552991
decision_type=2 2 2 2 2 2
left_child=2 3 -1 4 -2 -4
right_child=1 -3 5 -5 -6 -7
leaf_value=-0.0054489024501371813 0.00085227225715289376 0.0019475450111839758 0 -0.0015524709125948003 0 -0.0011644917647862683
leaf_weight=6.7759410887956646 14.375127092003824 40.137842863798141 7.0292470604181316 12.918616414070128 7.0292470604181281 14.248473986983297
leaf_count=37 35 16 11 43 11 39
internal_value=0 0.000862398 -0.00228099 -0.000152526 0.000287528 -0.00079333
internal_weight=102.514 74.4608 28.0537 34.323 21.4044 21.2777
internal_count=192 105 87 89 46 50
is_linear=0
shrinkage=0.03


Tree=152
num_leaves=8
num_cat=0
split_feature=5 19 7 19 13 29 16
split_gain=0.283356 0.0899325 0.0626051 0.0251336 0.00984033 0.00958359 0.000111188
threshold=2.0964999999999923 43.390000000000008 -0.28618385670270813 22.330000000000002 4.7521428571428581 34.500000000000007 13.940000000000001
decision_type=2 2 2 2 2 2 2
left_child=2 6 3 -1 -4 -5 -2
right_child=1 -3 4 5 -6 -7 -8
leaf_value=-0.0055373617874203132 9.1522920286786524e-05 0.0026597847101118713 0 -0.0018871771551270745 -0.0011103956526522119 0 0
leaf_weight=6.2060021162033072 11.646490365266802 27.604780972003937 15.958290696144102 3.7995931506156904 16.654882743954659 4.6228383034467697 16.021617218852043
leaf_count=33 10 21 30 29 31 16 22
internal_value=0 0.0014477 -0.00170712 -0.00349972 -0.000605042 -0.000827672 0
internal_weight=102.514 55.2729 47.2416 14.6284 32.6132 8.42243 27.6681
internal_count=192 53 139 78 61 45 32
is_linear=0
shrinkage=0.03


Tree=153
num_leaves=8
num_cat=0
split_feature=5 23 7 23 13 18 29
split_gain=0.269511 0.0851312 0.0590502 0.0219679 0.00922706 0.00542664 0.000727984
threshold=2.0964999999999923 11.352857142857147 -0.28618385670270813 2.5107142857142866 4.7521428571428581 53.000000000000007 24.500000000000004
decision_type=2 2 2 2 2 2 2
left_child=2 5 3 6 -4 -2 -1
right_child=1 -3 4 -5 -6 -7 -8
leaf_value=-0.00048089934991411642 0 0.0028593042592483502 0 -0.0045536575281591267 -0.0010776732049368148 0.00053751560117435251 0
leaf_weight=2.5330621004104605 14.438453644514082 22.47533030807972 15.958290696144102 9.055696949362753 16.654882743954659 18.359104603528976 3.0396745204925537
leaf_count=20 37 11 30 43 31 5 15
internal_value=0 0.00140749 -0.00166924 -0.00341625 -0.000588185 0.000123776 0
internal_weight=102.514 55.2729 47.2416 14.6284 32.6132 32.7976 5.57274
internal_count=192 53 139 78 61 42 35
is_linear=0
shrinkage=0.03


Tree=154
num_leaves=9
num_cat=0
split_feature=2 19 2 4 18 0 23 0
split_gain=0.208319 0.0868547 0.0761556 0.0435068 0.0412279 0.0123475 0.00219318 0.00198751
threshold=0.74350996975763395 43.390000000000008 -1.1046670960065745 16.083333333333339 9.5000000000000018 65.500000000000014 6.4421428571428576 68.500000000000014
decision_type=2 2 2 2 2 2 2 2
left_child=2 7 -1 4 -4 6 -5 -2
right_child=1 -3 3 5 -6 -7 -8 -9
leaf_value=-0.0046790702414784852 -0.00020210263053042113 0.0027002679481108521 -0.0047136294593813624 0.00067047627252809334 0 -0.00054032642431612492 0 0.0003016438458049347
leaf_weight=5.9526959061622611 7.8524924814701089 23.931840986013412 4.0528993606567374 8.9923703968524915 2.5330621004104614 30.776703119277954 2.7230417579412451 15.699389457702637
leaf_count=28 41 12 32 38 20 7 12 2
internal_value=0 0.00143586 -0.00126806 -0.000646159 -0.00294221 -6.1838e-05 0.000428232 0
internal_weight=102.514 47.4837 55.0308 49.0781 6.58596 42.4921 11.7154 23.5519
internal_count=192 55 137 109 52 57 50 43
is_linear=0
shrinkage=0.03


Tree=155
num_leaves=8
num_cat=0
split_feature=5 18 7 29 27 21 16
split_gain=0.271184 0.149771 0.0760105 0.00715945 0.00623973 0.00543216 0.00192219
threshold=2.0964999999999923 53.000000000000007 -0.054739642465926448 53.000000000000007 -0.44642857142857145 56.000000000000007 46.285000000000004
decision_type=2 2 2 2 2 2 2
left_child=2 4 6 -4 -2 -6 -1
right_child=1 -3 3 -5 5 -7 -8
leaf_value=-0.004097172725512882 0 0.0018796712355000937 -0.0010941183897291316 0 -0.0020404209710174603 0 0
leaf_weight=12.855290070176126 11.398779124021532 55.837232291698456 18.807985529303551 17.09816837310791 5.5094100385904294 6.6492877453565598 3.419633835554122
leaf_count=67 22 11 46 3 30 4 15
internal_value=-4.70206e-05 0.000984415 -0.00178452 -0.000673651 -0.000757283 -0.00124455 -0.00363581
internal_weight=131.576 79.3947 52.1811 35.9062 23.5575 12.1587 16.2749
internal_count=198 67 131 49 56 34 82
is_linear=0
shrinkage=0.03


Tree=156
num_leaves=8
num_cat=0
split_feature=5 18 2 13 6 27 21
split_gain=0.256464 0.142293 0.0724412 0.0110705 0.00888879 0.0058794 0.00484732
threshold=2.0964999999999923 53.000000000000007 -0.70879540326435875 -7.0578571428571415 16.000000000000004 -0.44642857142857145 56.000000000000007
decision_type=2 2 2 2 2 2 2
left_child=2 5 -1 -4 -5 -2 -7
right_child=1 -3 3 4 -6 6 -8
leaf_value=-0.0041219520914857139 0 0.0018235824229436361 0 -0.0014628527381174603 0 -0.0019823694690583658 0
leaf_weight=11.145473182201384 11.398779124021532 55.837232291698456 7.4725329279899588 22.16429278254509 11.398778915405272 5.5094100385904294 6.6492877453565598
leaf_count=54 22 11 14 61 2 30 4
internal_value=-5.16763e-05 0.000949138 -0.00174265 -0.000853463 -0.00108782 -0.000743147 -0.00121749
internal_weight=131.576 79.3947 52.1811 41.0356 33.5631 23.5575 12.1587
internal_count=198 67 131 77 63 56 34
is_linear=0
shrinkage=0.03


Tree=157
num_leaves=9
num_cat=0
split_feature=5 18 2 24 13 6 27 21
split_gain=0.241784 0.135211 0.0671689 0.0189823 0.0105695 0.0080939 0.0055386 0.00430136
threshold=2.0964999999999923 53.000000000000007 -0.70879540326435875 33.07500000000001 -7.0578571428571415 16.000000000000004 -0.44642857142857145 56.000000000000007
decision_type=2 2 2 2 2 2 2 2
left_child=2 6 3 -1 -4 -6 -2 -8
right_child=1 -3 4 -5 5 -7 7 -9
leaf_value=-0.0052059406757203495 0 0.001769167377613361 0 0 -0.0014195532276574812 0 -0.0019259694147148931 0
leaf_weight=7.0925738513469678 11.398779124021532 55.837232291698456 7.4725329279899588 4.0528993308544159 22.16429278254509 11.398778915405272 5.5094100385904294 6.6492877453565598
leaf_count=36 22 11 14 18 61 2 30 4
internal_value=-5.45285e-05 0.000914919 -0.00169785 -0.00400153 -0.000829932 -0.0010591 -0.000729413 -0.00119119
internal_weight=131.576 79.3947 52.1811 11.1455 41.0356 33.5631 23.5575 12.1587
internal_count=198 67 131 54 77 63 56 34
is_linear=0
shrinkage=0.03


Tree=158
num_leaves=7
num_cat=0
split_feature=6 25 29 25 7 3
split_gain=0.222058 0.135841 0.0375823 0.0262381 0.0231816 0.0103714
threshold=4.5000000000000009 14.725000000000001 23.500000000000004 2.1835714285714283 -0.054739642465926448 67.187500000000014
decision_type=2 2 2 2 2 2
left_child=2 5 4 -4 -1 -2
right_child=1 -3 3 -5 -6 -7
leaf_value=-0.0047922179140689868 -0.00054939600754217593 0.0026315438583788342 0 -0.0014174699446414889 0 0.00034295130895025462
leaf_weight=6.5859614610671979 19.504577547311783 26.965920507907867 18.04806686937809 26.533824607729912 5.6993897259235382 28.238046288490295
leaf_count=50 33 13 27 30 40 5
internal_value=-5.90299e-05 0.000942 -0.00152959 -0.000821659 -0.00330265 0
internal_weight=131.576 74.7085 56.8672 44.5819 12.2854 47.7426
internal_count=198 51 147 57 90 38
is_linear=0
shrinkage=0.03


Tree=159
num_leaves=8
num_cat=0
split_feature=5 18 2 13 26 27 29
split_gain=0.219187 0.122734 0.0609567 0.00981491 0.00687141 0.00558145 0.00398556
threshold=2.0964999999999923 53.000000000000007 -0.70879540326435875 -7.0578571428571415 0.91023613416931248 -0.44642857142857145 46.500000000000007
decision_type=2 2 2 2 2 2 2
left_child=2 5 -1 -4 -5 -2 -7
right_child=1 -3 3 4 -6 6 -8
leaf_value=-0.0038327259629204282 0 0.0016768884668588162 0 -0.0015914405740380345 0 -0.0018330382276452635 0
leaf_weight=11.145473182201384 11.398779124021532 55.837232291698456 7.4725329279899588 15.704984694719313 17.858087003231049 5.699389696121214 6.4593080878257751
leaf_count=54 22 11 14 54 9 31 3
internal_value=-5.92024e-05 0.000860002 -0.0016262 -0.000785706 -0.00100718 -0.000695725 -0.00115329
internal_weight=131.576 79.3947 52.1811 41.0356 33.5631 23.5575 12.1587
internal_count=198 67 131 77 63 56 34
is_linear=0
shrinkage=0.03


Tree=160
num_leaves=8
num_cat=0
split_feature=6 25 2 29 17 23 17
split_gain=0.235247 0.108552 0.0862371 0.0299771 0.00921016 0.00865737 0.010795
threshold=6.0964999999999927 14.725000000000001 -0.70879540326435875 53.000000000000007 -17.547142857142855 -11.306428571428567 14.177142857142856
decision_type=2 2 2 2 2 2 2
left_child=2 -2 -1 4 -4 -6 -7
right_child=1 -3 3 -5 5 6 -8
leaf_value=-0.0039475402158913545 0 0.0026817630225209376 0 0 0 -0.0021368049635549099 0
leaf_weight=10.828840419650076 34.950660794973373 26.459308087825775 0.63326552510261791 26.40717126429081 1.3931841552257562 15.894964382052423 8.422431215643881
leaf_count=53 27 9 5 10 11 63 20
internal_value=-7.79821e-06 0.00123913 -0.00135322 -0.000631697 -0.0013443 -0.00147303 -0.00161528
internal_weight=124.99 61.41 63.5799 52.751 26.3438 25.7106 24.3174
internal_count=198 36 162 109 99 94 83
is_linear=0
shrinkage=0.03


Tree=161
num_leaves=10
num_cat=0
split_feature=6 27 18 7 6 10 6 5 20
split_gain=0.222641 0.102125 0.0710193 0.0421907 0.0335183 0.0161801 0.00300357 0.00328972 0.0036095
threshold=6.0964999999999927 -3.5414285714285709 9.5000000000000018 -1.1761143470161615 1.0000000180025095e-35 9.5000000000000018 -11.499999999999998 -7.4999999999999991 6.4421428571428576
decision_type=2 2 2 2 2 2 2 2 2
left_child=2 -2 4 -4 -1 6 -5 -8 -9
right_child=1 -3 3 5 -6 -7 7 8 -10
leaf_value=-0.0062044867648546583 0.0024756074624433019 0 -0.0036485038965068384 -0.00047846656081398605 0 -0.0011520029476862811 0 0.0007459318955880264 0
leaf_weight=4.1795524656772605 29.309002891182899 32.100965991616249 4.6228383034467688 8.0424718707799858 2.7863683104515076 14.375126853585241 7.0292470604181281 12.285350888967523 10.258901208639143
leaf_count=33 11 25 19 7 22 10 9 38 24
internal_value=-6.4204e-06 0.00120463 -0.0013172 -0.000755352 -0.00442509 -0.000306535 0 0.000162965 0.000405383
internal_weight=124.99 61.41 63.5799 56.6139 6.96592 51.9911 37.616 29.5735 22.5443
internal_count=198 36 162 107 55 88 78 71 62
is_linear=0
shrinkage=0.03


Tree=162
num_leaves=7
num_cat=0
split_feature=6 25 2 29 12 23
split_gain=0.212189 0.0966901 0.0774838 0.0268937 0.00833206 0.00614999
threshold=6.0964999999999927 14.725000000000001 -0.70879540326435875 53.000000000000007 -8.0314285714285703 -11.306428571428567
decision_type=2 2 2 2 2 2
left_child=2 -2 -1 4 -4 -6
right_child=1 -3 3 -5 5 -7
leaf_value=-0.0037612550336722783 0 0.0025308856241147782 0 0 0 -0.0015120187447571069
leaf_weight=10.828840419650076 34.950660794973373 26.459308087825775 1.0765513926744485 26.40717126429081 1.013224840164187 24.254069045186043
leaf_count=53 27 9 8 10 8 83
internal_value=-1.08537e-05 0.00116936 -0.00129182 -0.000596835 -0.00127189 -0.00140681
internal_weight=124.99 61.41 63.5799 52.751 26.3438 25.2673
internal_count=198 36 162 109 99 91
is_linear=0
shrinkage=0.03


Tree=163
num_leaves=9
num_cat=0
split_feature=6 25 18 6 6 10 28 9
split_gain=0.200475 0.0907067 0.0663265 0.0386778 0.0305405 0.00870546 0.00366831 0.00397318
threshold=6.0964999999999927 14.725000000000001 9.5000000000000018 -13.499999999999998 1.0000000180025095e-35 9.5000000000000018 14.725000000000001 23.500000000000004
decision_type=2 2 2 2 2 2 2 2
left_child=2 -2 4 -4 -1 6 7 -5
right_child=1 -3 3 5 -6 -7 -8 -9
leaf_value=-0.0059656010288360543 0 0.0024558103585053752 -0.0019279624457935729 0 0 -0.00096455488055212184 0 0.00070057309555725548
leaf_weight=4.1795524656772605 34.950660794973373 26.459308087825775 16.718209266662598 4.5595117807388368 2.7863683104515076 8.1057984232902509 13.488555148243902 13.741861566901205
leaf_count=33 27 9 15 36 22 7 18 31
internal_value=-8.35458e-06 0.00113681 -0.00125547 -0.000706987 -0.00426121 0 2.12184e-05 0.000422211
internal_weight=124.99 61.41 63.5799 56.6139 6.96592 39.8957 31.7899 18.3014
internal_count=198 36 162 107 55 92 85 67
is_linear=0
shrinkage=0.03


Tree=164
num_leaves=8
num_cat=0
split_feature=6 25 2 29 12 23 6
split_gain=0.191028 0.0850822 0.0714225 0.0240107 0.00767701 0.00564896 0.00430638
threshold=6.0964999999999927 14.725000000000001 -0.70879540326435875 53.000000000000007 -8.0314285714285703 -11.306428571428567 -6.4999999999999991
decision_type=2 2 2 2 2 2 2
left_child=2 -2 -1 4 -4 -6 -7
right_child=1 -3 3 -5 5 6 -8
leaf_value=-0.0036034685472224933 0 0.0023829619471219883 0 0 0 0 -0.001749152529380167
leaf_weight=10.828840419650076 34.950660794973373 26.459308087825775 1.0765513926744485 26.40717126429081 1.013224840164187 6.9659205079078736 17.288148537278172
leaf_count=53 27 9 8 10 8 9 74
internal_value=-1.06586e-05 0.00110522 -0.00122947 -0.00055486 -0.00119334 -0.00132449 -0.00142608
internal_weight=124.99 61.41 63.5799 52.751 26.3438 25.2673 24.2541
internal_count=198 36 162 109 99 91 83
is_linear=0
shrinkage=0.03


Tree=165
num_leaves=9
num_cat=0
split_feature=5 25 7 24 14 27 7 6
split_gain=0.173555 0.092728 0.0699639 0.0350912 0.0130257 0.00561213 0.00372522 0.000880266
threshold=2.0964999999999923 14.725000000000001 -0.054739642465926448 22.725000000000005 13.522142857142857 -3.5414285714285709 0.44245316556584963 16.000000000000004
decision_type=2 2 2 2 2 2 2 2
left_child=2 4 3 -1 5 -2 -4 -8
right_child=1 -3 6 -5 -6 -7 7 -9
leaf_value=-0.0052661836223287526 0 0.002188930777706368 0 -0.00081122106739257773 0.0005893642663830932 -0.00067278423498832443 -0.00073673830408851426 0
leaf_weight=6.58596143126488 12.285350829362871 26.965920507907867 8.3591046631336194 10.765513867139815 22.348677203059196 19.37792444229126 17.79476068913937 11.778738230466841
leaf_count=40 20 13 17 52 8 27 39 3
internal_value=-5.1564e-05 0.000761949 -0.00140276 -0.00307279 0 -0.000347334 -0.000385325 -0.000549774
internal_weight=136.262 80.9779 55.2841 17.3515 54.012 31.6633 37.9326 29.5735
internal_count=219 68 151 92 55 47 59 42
is_linear=0
shrinkage=0.03


Tree=166
num_leaves=10
num_cat=0
split_feature=29 25 7 19 11 20 9 18 6
split_gain=0.161654 0.125694 0.0358634 0.032828 0.019706 0.014761 0.00353212 0.00335544 0.000325395
threshold=23.500000000000004 14.725000000000001 -0.054739642465926448 25.840000000000003 7.7185714285714289 13.629285714285716 69.000000000000014 53.000000000000007 7.5000000000000009
decision_type=2 2 2 2 2 2 2 2 2
left_child=2 3 5 7 6 -1 -5 -2 -4
right_child=1 -3 8 4 -6 -7 -8 -9 -10
leaf_value=-0.0054052425954087702 0 0.0021044449547205574 -0.00056453503327332638 0.0010045498220309973 -0.00032921622181102654 0 0 -0.0014694786850900838 0
leaf_weight=5.8260428309440639 15.198372036218645 27.029247060418129 8.0424721688032133 18.87131205201149 23.304170429706573 1.8997965753078458 17.979145288467407 15.325025111436842 2.7863683104515067
leaf_count=44 21 10 58 27 16 15 4 9 15
internal_value=-5.21428e-05 0.000292167 -0.0026836 -0.000154269 0.000127975 -0.00454373 0.000659684 -0.000998326 -0.000461076
internal_weight=136.262 117.707 18.5547 90.678 60.1546 7.72584 36.8505 30.5234 10.8288
internal_count=219 87 132 77 47 59 31 30 73
is_linear=0
shrinkage=0.03


Tree=167
num_leaves=10
num_cat=0
split_feature=5 18 7 3 0 11 13 19 0
split_gain=0.15823 0.0843869 0.0640123 0.0339815 0.00860514 0.00741234 0.00470984 0.00287459 0.000103971
threshold=2.0964999999999923 53.000000000000007 -0.054739642465926448 11.000000000000002 58.666666666666679 -4.6821428571428561 4.0821428571428582 14.365 25.166666666666668
decision_type=2 2 2 2 2 2 2 2 2
left_child=2 5 3 -1 8 -2 -4 -7 -5
right_child=1 -3 6 4 -6 7 -8 -9 -10
leaf_value=-0.0065477027511744975 0 0.0014273814237368038 0 -0.00013876547265770535 -0.0024817720377047726 0 -0.00074050428179559858 -0.0010036031298140877 0
leaf_weight=3.4196338355541256 4.3695320636034038 55.077313661575317 21.404373943805695 4.5595117807388288 4.9394710063934317 7.5358594805002239 16.528229638934135 13.995167776942251 4.4328586757183075
leaf_count=27 14 9 29 36 7 14 30 31 22
internal_value=-5.42551e-05 0.00071901 -0.00134659 -0.00294809 -0.00131276 -0.000442927 -0.00036123 -0.000735547 0
internal_weight=136.262 80.9779 55.2841 17.3515 13.9318 25.9006 37.9326 21.531 8.99237
internal_count=219 68 151 92 65 59 59 45 58
is_linear=0
shrinkage=0.03


Tree=168
num_leaves=10
num_cat=0
split_feature=29 25 19 11 22 11 15 2 9
split_gain=0.148459 0.114754 0.0305168 0.0194916 0.0244732 0.0176178 0.00952233 0.0274586 0.00323015
threshold=23.500000000000004 14.725000000000001 25.840000000000003 -4.6821428571428561 18.710000000000008 7.7185714285714289 17.115000000000006 0.11819410106479865 69.000000000000014
decision_type=2 2 2 2 2 2 2 2 2
left_child=3 2 -2 -1 6 8 7 -5 -4
right_child=1 -3 5 4 -6 -7 -8 -9 -10
leaf_value=0 -0.00096754759602675022 0.0020030703964601629 0.00094931817116059188 -0.0059682220414703866 0 -0.00030897999639923653 0 -0.00028898240187457118 0
leaf_weight=3.4829603880643871 30.523397147655487 27.029247060418129 18.87131205201149 5.2561038583517057 2.2797558903694144 23.304170429706573 2.0264496803283683 5.5094100683927536 17.979145288467407
leaf_count=23 30 10 27 39 18 16 16 36 4
internal_value=-5.80005e-05 0.000268894 -0.000154004 -0.00258037 -0.00305093 0.000112682 -0.00355126 -0.00396176 0.00062194
internal_weight=136.262 117.707 90.678 18.5547 15.0717 60.1546 12.792 10.7655 36.8505
internal_count=219 87 77 132 109 47 91 75 31
is_linear=0
shrinkage=0.03


Tree=169
num_leaves=9
num_cat=0
split_feature=5 18 7 3 6 11 13 19
split_gain=0.145232 0.0760448 0.0594575 0.0284918 0.0568612 0.00682911 0.00428352 0.00288219
threshold=2.0964999999999923 53.000000000000007 -0.054739642465926448 11.000000000000002 -15.499999999999998 -3.5749999999999997 4.0821428571428582 14.365
decision_type=2 2 2 2 2 2 2 2
left_child=2 5 3 -1 -5 -2 -4 -7
right_child=1 -3 6 4 -6 7 -8 -9
leaf_value=-0.0062634737394613171 0 0.001353634231651079 0 -0.003920586042221271 0 0 -0.000700153997249608 -0.00096430099452133331
leaf_weight=3.4196338355541256 4.4961851686239269 55.077313661575317 21.404373943805695 4.4961851686239251 9.4356562942266429 7.5358594805002239 16.528229638934135 13.868514671921728
leaf_count=27 15 9 29 11 54 14 30 30
internal_value=-5.85193e-05 0.000678921 -0.00129844 -0.00284458 -0.00125868 -0.000411416 -0.000339022 -0.000698216
internal_weight=136.262 80.9779 55.2841 17.3515 13.9318 25.9006 37.9326 21.4044
internal_count=219 68 151 92 65 59 59 44
is_linear=0
shrinkage=0.03


Tree=170
num_leaves=8
num_cat=0
split_feature=19 29 26 11 4 6 8
split_gain=0.0812945 0.0272236 0.0106853 0.00991567 0.0289031 0.00698473 0.000739261
threshold=24.130000000000003 73.500000000000014 0.17992617227144031 -7.4957142857142847 0.91666666666666685 16.000000000000004 1.5000000000000002
decision_type=2 2 2 2 2 2 2
left_child=3 2 6 -1 -5 -4 -2
right_child=1 -3 5 4 -6 -7 -8
leaf_value=0 0.00027044933453892827 0.00052046371802031159 -0.0015097107438996223 -0.0072304316645778162 -0.0013462916731353442 0 -0.00014656362581724888
leaf_weight=1.96312312781811 5.5094100683927563 34.438453376293182 13.298575699329378 1.6464903652668024 24.254068985581398 11.778738230466841 10.892166733741758
leaf_count=13 30 8 41 13 61 3 24
internal_value=-0.000605531 0 -0.000601012 -0.00198819 -0.00214236 -0.000986724 0
internal_weight=103.781 75.9173 41.4789 27.8637 25.9006 25.0773 16.4016
internal_count=193 106 98 87 74 44 54
is_linear=0
shrinkage=0.03


Tree=171
num_leaves=7
num_cat=0
split_feature=23 29 13 24 27 18
split_gain=0.0722378 0.0355207 0.01178 0.0116613 0.00763016 0.00332157
threshold=-4.1742857142857135 31.000000000000004 20.452857142857148 26.625000000000004 15.429285714285717 64.500000000000014
decision_type=2 2 2 2 2 2
left_child=3 2 4 -1 -2 -3
right_child=1 5 -4 -5 -6 -7
leaf_value=0 -0.003471897626221911 0 0 0.00081979022221680608 0 -0.00079460571671291676
leaf_weight=14.876144513487814 10.385554581880568 19.314597919583321 1.899796575307845 20.638860523700714 2.8496948629617682 33.816377609968185
leaf_count=25 67 28 15 23 22 13
internal_value=-0.000592036 -0.00119503 -0.00268573 0.000316025 -0.00300148 -0.000589243
internal_weight=103.781 68.266 15.135 35.515 13.2352 53.131
internal_count=193 145 104 48 89 41
is_linear=0
shrinkage=0.03


Tree=172
num_leaves=7
num_cat=0
split_feature=19 5 23 29 24 9
split_gain=0.0756571 0.049192 0.0360068 0.0125704 0.00887314 0.000431117
threshold=24.130000000000003 1.0000000180025095e-35 -3.5749999999999997 34.500000000000007 23.210000000000004 11.500000000000002
decision_type=2 2 2 2 2 2
left_child=1 4 -2 5 -1 -4
right_child=2 -3 3 -5 -6 -7
leaf_value=-0.0047424992833705942 0.00058869407723679396 -0.00041060541297515844 0 -5.4304014231250964e-05 0 -0.0021418376780657864
leaf_weight=6.4593082964420336 36.401576533913612 18.618005871772766 2.9130214154720289 30.080111280083656 2.7863683104515076 6.5226348787546158
leaf_count=31 27 42 23 22 14 34
internal_value=-0.000578775 -0.00191197 0 -0.00070317 -0.00388452 -0.00178185
internal_weight=103.781 27.8637 75.9173 39.5158 9.24568 9.43566
internal_count=193 87 106 79 45 57
is_linear=0
shrinkage=0.03


Tree=173
num_leaves=7
num_cat=0
split_feature=19 5 23 21 24 9
split_gain=0.0720721 0.0459782 0.0344529 0.0109679 0.00716149 0.000162077
threshold=24.130000000000003 1.0000000180025095e-35 -3.5749999999999997 40.500000000000007 23.210000000000004 11.500000000000002
decision_type=2 2 2 2 2 2
left_child=1 4 -2 5 -1 -4
right_child=2 -3 3 -5 -6 -7
leaf_value=-0.0046065389433676482 0.00057117764689491749 -0.00039848257322358104 0 -6.5659363987525615e-05 0 -0.0020981216520218815
leaf_weight=6.4593082964420336 36.401576533913612 18.618005871772766 2.9130214154720289 30.333417490124702 2.7863683104515076 6.2693286687135696
leaf_count=31 27 42 23 23 14 33
internal_value=-0.000569421 -0.0018712 0 -0.000691413 -0.00378825 -0.00174195
internal_weight=103.781 27.8637 75.9173 39.5158 9.24568 9.18235
internal_count=193 87 106 79 45 56
is_linear=0
shrinkage=0.03


Tree=174
num_leaves=6
num_cat=0
split_feature=19 5 23 29 24
split_gain=0.0686711 0.0429504 0.0329807 0.0108837 0.00557651
threshold=24.130000000000003 1.0000000180025095e-35 -3.5749999999999997 34.500000000000007 23.210000000000004
decision_type=2 2 2 2 2
left_child=1 4 -2 -4 -1
right_child=2 -3 3 -5 -6
leaf_value=-0.0044744762178895127 0.00055418237163600101 -0.00038671768139361348 -0.0016998033882704416 -5.0232262171708764e-05 0
leaf_weight=6.4593082964420336 36.401576533913612 18.618005871772766 9.4356562942266446 30.080111280083656 2.7863683104515076
leaf_count=31 27 42 57 22 14
internal_value=-0.000560334 -0.0018316 0 -0.000680001 -0.00369474
internal_weight=103.781 27.8637 75.9173 39.5158 9.24568
internal_count=193 87 106 79 45
is_linear=0
shrinkage=0.03


Tree=175
num_leaves=8
num_cat=0
split_feature=0 5 18 2 15 12 0
split_gain=0.10502 0.0461526 0.0199816 0.0245937 0.00944574 0.0091737 8.39488e-05
threshold=89.166666666666671 18.500000000000004 9.5000000000000018 0.11819410106479865 0.91428571428571426 -0.40142857142857152 62.000000000000007
decision_type=2 2 2 2 2 2 2
left_child=1 2 3 -1 6 -6 -4
right_child=-2 -3 4 -5 5 -7 -8
leaf_value=-0.005099005558849224 0.001808515076464126 0.00048004751085633509 0 0 0 -0.0012583710178372864 -5.6728636155202426e-05
leaf_weight=2.7863683104515067 21.139877915382385 20.897761434316635 9.119023531675337 4.4328586757183075 11.082146391272543 23.49415035545826 23.177517145872116
leaf_count=22 3 7 50 35 25 51 5
internal_value=-3.78092e-06 -0.000505978 -0.000905883 -0.00277998 -0.00055807 -0.000918477 0
internal_weight=116.13 94.9898 74.0921 7.21923 66.8728 34.5763 32.2965
internal_count=198 195 188 57 131 76 55
is_linear=0
shrinkage=0.03


Tree=176
num_leaves=9
num_cat=0
split_feature=27 21 5 19 9 15 15 12
split_gain=0.100715 0.0402879 0.0383129 0.0162036 0.0137773 0.0158161 0.0178252 0.0129493
threshold=-3.5414285714285709 82.500000000000014 25.000000000000004 50.760000000000012 82.500000000000014 -7.0578571428571415 17.115000000000006 -6.2249999999999996
decision_type=2 2 2 2 2 2 2 2
left_child=1 3 4 -1 5 -2 7 -7
right_child=2 -3 -4 -5 -6 6 -8 -9
leaf_value=-0.0010883504128380141 0 0.002115095442739026 0.00047918555082861425 0.0008360806904107119 0 0 0 -0.0021945366841110959
leaf_weight=6.0793490111827841 8.8023905307054502 20 11.398778915405272 9.7522887587547284 23.937435746192932 1.3931841552257491 9.6889622658491117 25.077314376831062
leaf_count=35 18 2 2 10 5 8 26 92
internal_value=-4.59949e-06 0.00122878 -0.000669166 0 -0.000990464 -0.00133184 -0.00161011 -0.00203224
internal_weight=116.13 35.8316 80.2981 15.8316 68.8993 44.9619 36.1595 26.4705
internal_count=198 47 151 45 149 144 126 100
is_linear=0
shrinkage=0.03


Tree=177
num_leaves=8
num_cat=0
split_feature=27 21 5 19 0 15 15
split_gain=0.0949976 0.0379493 0.0367317 0.0152825 0.0111712 0.0168567 0.0184457
threshold=-3.5414285714285709 82.500000000000014 25.000000000000004 50.760000000000012 76.166666666666671 -7.0578571428571415 17.115000000000006
decision_type=2 2 2 2 2 2 2
left_child=1 3 4 -1 5 -2 -7
right_child=2 -3 -4 -5 -6 6 -8
leaf_value=-0.0010572353864694308 0 0.0020525803295849574 0.00046517865951290621 0.0008117468088897035 -9.8929724909139485e-05 -0.0019506415694174656 0
leaf_weight=6.0793490111827841 8.8023905307054502 20 11.398778915405272 9.7522887587547284 28.496947288513184 27.610376447439197 3.9895728081464759
leaf_count=35 18 2 2 10 5 101 25
internal_value=-3.1226e-06 0.00119238 -0.000650715 0 -0.000966605 -0.00135224 -0.00167592
internal_weight=116.13 35.8316 80.2981 15.8316 68.8993 40.4023 31.5999
internal_count=198 47 151 45 149 144 126
is_linear=0
shrinkage=0.03


Tree=178
num_leaves=9
num_cat=0
split_feature=27 8 27 9 15 21 20 15
split_gain=0.0894713 0.0362391 0.0320564 0.0128608 0.0154824 0.0100278 0.00885361 0.00595512
threshold=-3.5414285714285709 22.500000000000004 17.290714285714291 82.500000000000014 -7.0578571428571415 91.000000000000014 2.6285714285714294 17.115000000000006
decision_type=2 2 2 2 2 2 2 2
left_child=1 5 3 4 -2 6 -1 -6
right_child=2 -3 -4 -5 7 -7 -8 -9
leaf_value=0 0 0.0020833638640115107 0.00021048335534969476 0 -0.0019449432652952697 0.00075974936624175122 -0.0017535278067562839 0
leaf_weight=4.1795524656772622 8.8023905307054502 18.359104603528976 14.691759645938872 23.937435746192932 23.810783326625824 10 3.2929807007312775 9.0556967407464963
leaf_count=26 18 5 26 5 81 1 15 21
internal_value=-8.46364e-07 0.00115706 -0.000631593 -0.000956823 -0.001309 0 -0.000629463 -0.00160884
internal_weight=116.13 35.8316 80.2981 65.6063 41.6689 17.4725 7.47253 32.8665
internal_count=198 47 151 125 120 42 41 102
is_linear=0
shrinkage=0.03


Tree=179
num_leaves=8
num_cat=0
split_feature=27 21 27 19 9 16 25
split_gain=0.0846282 0.0350573 0.0308887 0.0132693 0.0117921 0.00853266 0.00285675
threshold=-3.5414285714285709 82.500000000000014 17.290714285714291 50.760000000000012 82.500000000000014 64.910000000000011 -7.4957142857142847
decision_type=2 2 2 2 2 2 2
left_child=1 3 4 -1 5 6 -2
right_child=2 -3 -4 -5 -6 -7 -8
leaf_value=-0.0010051443470133661 0 0.0019498965599266764 0.0002042952014168796 0.00073950433765070675 0 0 -0.0016081953509886496
leaf_weight=6.0793490111827841 1.8364700227975834 20 14.691759645938872 9.7522887587547284 23.937435746192932 9.7522887885570508 30.08011178672314
leaf_count=35 10 2 26 10 5 16 94
internal_value=-3.56527e-08 0.00112379 -0.000615506 0 -0.000935743 -0.00127589 -0.00153592
internal_weight=116.13 35.8316 80.2981 15.8316 65.6063 41.6689 31.9166
internal_count=198 47 151 45 125 120 104
is_linear=0
shrinkage=0.03


Tree=180
num_leaves=9
num_cat=0
split_feature=19 27 5 7 18 21 26 27
split_gain=0.096579 0.0590691 0.0486076 0.0263456 0.0107229 0.0182466 0.00611148 0.00556288
threshold=25.840000000000003 -1.1142857142857137 1.0000000180025095e-35 -0.28618385670270813 53.000000000000007 34.500000000000007 0.40966402954315184 -4.1892857142857132
decision_type=2 2 2 2 2 2 2 2
left_child=2 7 3 -1 5 6 -3 -2
right_child=1 4 -4 -5 -6 -7 -8 -9
leaf_value=-0.0044999085736092534 3.6399180543319989e-06 0 -0.00027206056369294613 0 0.000140223547118754 0 -0.0026053396956373545 0.0023524857564120559
leaf_weight=6.5859614312648755 10.448880866169931 3.6096134930849102 24.760681197047234 3.9895727783441544 37.167089864611626 8.549084320664404 4.2428789883852005 12.723041728138922
leaf_count=38 21 24 43 19 11 13 23 11
internal_value=-8.51268e-05 0.000424814 -0.00143938 -0.00326202 0 -0.000730558 -0.00176288 0.00169034
internal_weight=112.077 76.7406 35.3362 10.5755 53.5687 16.4016 7.85249 23.1719
internal_count=203 103 100 57 71 60 47 32
is_linear=0
shrinkage=0.03


Tree=181
num_leaves=7
num_cat=0
split_feature=3 3 19 19 5 19
split_gain=0.0975152 0.0560153 0.048898 0.0494628 0.0206533 0.00970411
threshold=28.000000000000004 1.2500000000000002 38.035000000000004 59.360000000000014 -4.4999999999999991 25.840000000000003
decision_type=2 2 2 2 2 2
left_child=1 -1 5 -4 -3 -2
right_child=2 4 3 -5 -6 -7
leaf_value=-0.0069763055661342527 -0.00070860503085921824 -0.0028161462829992519 0.0021036218748459131 0 0 0
leaf_weight=2.2797558903694179 25.583926320075989 3.1663276255130777 19.75228875875473 24.317395269870758 12.158698081970211 24.818412721157074
leaf_count=18 27 24 13 18 91 12
internal_value=-8.18575e-05 -0.00216653 0.000217283 0.000998305 -0.000754818 -0.000289969
internal_weight=112.077 17.6048 94.472 44.0697 15.325 50.4023
internal_count=203 133 70 31 115 39
is_linear=0
shrinkage=0.03


Tree=182
num_leaves=7
num_cat=0
split_feature=3 3 19 19 5 16
split_gain=0.0936387 0.0518235 0.046161 0.0464482 0.0194458 0.0108782
threshold=28.000000000000004 1.2500000000000002 38.035000000000004 59.360000000000014 -4.4999999999999991 30.375000000000004
decision_type=2 2 2 2 2 2
left_child=1 -1 5 -4 -3 -2
right_child=2 4 3 -5 -6 -7
leaf_value=-0.0067913546446594086 0 -0.0027389738226956885 0.0020414574964167098 0 0 -0.00071993281600623324
leaf_weight=2.2797558903694179 24.185147225856781 3.1663276255130777 19.75228875875473 24.317395269870758 12.158698081970211 26.217191815376282
leaf_count=18 16 24 13 18 91 23
internal_value=-8.14841e-05 -0.00212494 0.000209868 0.00097021 -0.000737698 -0.000279243
internal_weight=112.077 17.6048 94.472 44.0697 15.325 50.4023
internal_count=203 133 70 31 115 39
is_linear=0
shrinkage=0.03


Tree=183
num_leaves=7
num_cat=0
split_feature=3 3 19 19 6 16
split_gain=0.0899688 0.0478742 0.0435404 0.0436129 0.01834 0.0103301
threshold=28.000000000000004 1.2500000000000002 38.035000000000004 59.360000000000014 -4.4999999999999991 30.375000000000004
decision_type=2 2 2 2 2 2
left_child=1 -1 5 -4 -3 -2
right_child=2 4 3 -5 -6 -7
leaf_value=-0.0066113070211017404 0 -0.0025305062547874243 0.0019811300058331228 0 0 -0.00069857920169399761
leaf_weight=2.2797558903694179 24.185147225856781 3.5462869405746469 19.75228875875473 24.317395269870758 11.778738766908642 26.217191815376282
leaf_count=18 16 28 13 18 87 23
internal_value=-8.07617e-05 -0.00208447 0.000203079 0.000942946 -0.000721047 -0.000268075
internal_weight=112.077 17.6048 94.472 44.0697 15.325 50.4023
internal_count=203 133 70 31 115 39
is_linear=0
shrinkage=0.03


Tree=184
num_leaves=7
num_cat=0
split_feature=3 3 19 19 6 16
split_gain=0.0863995 0.0442022 0.0410715 0.0409463 0.0172732 0.00981045
threshold=28.000000000000004 1.2500000000000002 38.035000000000004 59.360000000000014 -4.4999999999999991 30.375000000000004
decision_type=2 2 2 2 2 2
left_child=1 -1 5 -4 -3 -2
right_child=2 4 3 -5 -6 -7
leaf_value=-0.0064360328218816144 0 -0.0024605121679453054 0.0019225852265114562 0 0 -0.00067785893022395433
leaf_weight=2.2797558903694179 24.185147225856781 3.5462869405746469 19.75228875875473 24.317395269870758 11.778738766908642 26.217191815376282
leaf_count=18 16 28 13 18 87 23
internal_value=-7.98997e-05 -0.00204418 0.000196489 0.000916487 -0.000703817 -0.000257238
internal_weight=112.077 17.6048 94.472 44.0697 15.325 50.4023
internal_count=203 133 70 31 115 39
is_linear=0
shrinkage=0.03


Tree=185
num_leaves=7
num_cat=0
split_feature=21 27 3 26 1 12
split_gain=0.0790038 0.0487205 0.0305774 0.0180214 0.00484067 0.0023235
threshold=37.500000000000007 -2.7764285714285708 2.9375000000000004 0.40966402954315184 16.125000000000004 1.7057142857142862
decision_type=2 2 2 2 2 2
left_child=2 -2 -1 -4 -5 -3
right_child=1 5 3 4 -6 -7
leaf_value=-0.0052321884171717724 0.0012750651543057448 6.3540796196335158e-05 0 0 -0.0020917323026359972 -0.00021197148895967332
leaf_weight=2.406408995389941 34.691759616136551 25.267293348908424 14.438453912734987 3.7995931506156904 7.0292472690343857 43.943030744791031
leaf_count=19 14 11 85 30 26 19
internal_value=0 0.000353765 -0.0014407 -0.000670435 -0.00157799 0
internal_weight=131.576 103.902 27.6737 25.2673 10.8288 69.2103
internal_count=204 44 160 141 56 30
is_linear=0
shrinkage=0.03


Tree=186
num_leaves=8
num_cat=0
split_feature=18 29 15 8 6 28 6
split_gain=0.0780437 0.0208288 0.02665 0.0145432 0.00645194 0.00825302 0.000693888
threshold=56.000000000000007 48.500000000000007 -7.0578571428571415 -1.4999999999999998 11.500000000000002 11.268571428571432 -3.4999999999999996
decision_type=2 2 2 2 2 2 2
left_child=1 2 -1 6 5 -5 -4
right_child=-2 -3 3 4 -6 -7 -8
leaf_value=0 0.00054541892428120332 0 -0.0004132801005978351 -0.0029931475049594027 0 0 0
leaf_weight=10.068921551108359 81.294505327939987 14.945065826177595 3.3563072830438614 12.538657307624826 2.7230417281389228 3.4829603880643836 3.1663276255130759
leaf_count=25 23 12 26 61 8 27 22
internal_value=0 -0.000953291 -0.00134756 -0.00186257 -0.00231184 -0.0025675 0
internal_weight=131.576 50.2813 35.3362 25.2673 18.7447 16.0216 6.52263
internal_count=204 181 169 144 96 88 48
is_linear=0
shrinkage=0.03


Tree=187
num_leaves=7
num_cat=0
split_feature=18 29 15 28 3 27
split_gain=0.0740122 0.0198184 0.0253305 0.0131517 0.0123865 0.00906706
threshold=56.000000000000007 48.500000000000007 -7.0578571428571415 -7.4449999999999994 2.9375000000000004 2.8107142857142864
decision_type=2 2 2 2 2 2
left_child=1 2 -1 -4 -5 -6
right_child=-2 -3 3 4 5 -7
leaf_value=0 0.00052911653672250319 0 0 -0.0057147765491502404 -0.0017497906578394994 0
leaf_weight=10.068921551108359 81.294505327939987 14.945065826177595 2.9763479679822913 2.1531027853488984 11.272126227617266 8.8657173514366132
leaf_count=25 23 12 17 17 46 64
internal_value=0 -0.000930209 -0.0013148 -0.00181691 -0.00206398 -0.00115513
internal_weight=131.576 50.2813 35.3362 25.2673 22.2909 20.1378
internal_count=204 181 169 144 127 110
is_linear=0
shrinkage=0.03


Tree=188
num_leaves=7
num_cat=0
split_feature=18 29 15 23 17 16
split_gain=0.0705517 0.0190057 0.0242697 0.014244 0.016631 0.0130963
threshold=56.000000000000007 48.500000000000007 -7.0578571428571415 -7.3099999999999996 9.4792857142857159 64.910000000000011
decision_type=2 2 2 2 2 2
left_child=1 2 -1 -4 5 -5
right_child=-2 -3 3 4 -6 -7
leaf_value=0 0.00051330140021139329 0 0 -0.0030790941882076839 0 0
leaf_weight=10.068921551108359 81.294505327939987 14.945065826177595 2.4064089953899375 12.412004232406625 6.4593083560466757 3.9895727485418311
leaf_count=25 23 12 16 67 49 12
internal_value=0 -0.000911213 -0.00128783 -0.00177933 -0.00201208 -0.00255154
internal_weight=131.576 50.2813 35.3362 25.2673 22.8609 16.4016
internal_count=204 181 169 144 128 79
is_linear=0
shrinkage=0.03


Tree=189
num_leaves=8
num_cat=0
split_feature=18 18 26 10 6 6 6
split_gain=0.0668523 0.0181062 0.0178295 0.0101006 0.013439 0.00076894 0.00145919
threshold=56.000000000000007 9.5000000000000018 -0.060268340127661524 6.5000000000000009 16.000000000000004 -6.4999999999999991 1.5000000000000002
decision_type=2 2 2 2 2 2 2
left_child=1 2 -1 5 -5 -3 -7
right_child=-2 3 -4 4 -6 6 -8
leaf_value=-0.0038993946038508717 0.00049795899985073926 0 0 -0.0016268559885848791 0 0.00051426065501638239 0
leaf_weight=4.0528993606567383 81.294505327939987 8.4857577681541443 3.419633835554122 10.005595207214357 14.058494061231611 7.2825535088777542 2.9763479679822922
leaf_count=32 23 21 27 34 5 41 21
internal_value=0 -0.000888546 -0.00253988 -0.000375852 -0.000789342 0 0.000256011
internal_weight=131.576 50.2813 7.47253 42.8087 24.0641 18.7447 10.2589
internal_count=204 181 59 122 39 83 62
is_linear=0
shrinkage=0.03


Tree=190
num_leaves=8
num_cat=0
split_feature=6 27 29 20 23 2 23
split_gain=0.0890178 0.0496866 0.0263586 0.019207 0.0124483 0.0165667 0.0105505
threshold=6.0964999999999927 -3.5414285714285709 23.500000000000004 14.725000000000001 -4.1742857142857135 -0.12102166526480967 2.5107142857142866
decision_type=2 2 2 2 2 2 2
left_child=2 -2 3 4 -1 -6 -4
right_child=1 -3 6 -5 5 -7 -8
leaf_value=0 0.0014740847083497034 0 0 0 -0.0052137198410563568 0 -0.00080713749662641434
leaf_weight=2.913021415472028 29.182349786162376 32.607578381896019 18.174720004200935 2.9130214154720298 4.2428790181875193 4.1795524656772649 24.507374957203865
leaf_count=21 10 25 32 23 31 30 25
internal_value=-0.000137823 0.00055818 -0.00104946 -0.00234626 -0.00289289 -0.0035282 -0.000393806
internal_weight=118.72 61.7899 56.9306 14.2485 11.3355 8.42243 42.6821
internal_count=197 35 162 105 82 61 57
is_linear=0
shrinkage=0.03


Tree=191
num_leaves=8
num_cat=0
split_feature=6 27 29 20 23 2 23
split_gain=0.0845356 0.0470929 0.0253228 0.0184093 0.0115254 0.0141326 0.0100121
threshold=6.0964999999999927 -3.5414285714285709 23.500000000000004 14.725000000000001 -4.1742857142857135 -0.12102166526480967 2.5107142857142866
decision_type=2 2 2 2 2 2 2
left_child=2 -2 3 4 -1 -6 -4
right_child=1 -3 6 -5 5 -7 -8
leaf_value=0 0.0014303121340760389 0 0 0 -0.0050676371706342323 0 -0.00078321618955132406
leaf_weight=2.913021415472028 29.182349786162376 32.607578381896019 18.174720004200935 2.9130214154720298 4.2428790181875193 4.1795524656772649 24.507374957203865
leaf_count=21 10 25 32 23 31 30 25
internal_value=-0.000138105 0.000537396 -0.0010275 -0.00230065 -0.00283586 -0.00345211 -0.00038
internal_weight=118.72 61.7899 56.9306 14.2485 11.3355 8.42243 42.6821
internal_count=197 35 162 105 82 61 57
is_linear=0
shrinkage=0.03


Tree=192
num_leaves=8
num_cat=0
split_feature=29 12 7 20 22 4 17
split_gain=0.0708689 0.0367275 0.0197952 0.0154947 0.014379 0.00668713 0.00115034
threshold=23.500000000000004 13.032857142857146 -0.03996391225747984 11.619285714285711 3.8957142857142864 66.416666666666686 14.725000000000001
decision_type=2 2 2 2 2 2 2
left_child=2 4 3 -1 5 -2 -4
right_child=1 -3 6 -5 -6 -7 -8
leaf_value=-0.0044131748350681559 0.00064467002866744057 0.00086595711679150202 -0.00035162225689102419 0 -0.00073494816366076725 -0.00011503679636041647 0
leaf_weight=4.6861648857593563 13.615208461880686 38.80239050090313 8.485758036375044 1.8997965753078458 31.789928168058395 17.478127688169479 1.9631231278181065
leaf_count=35 32 14 57 15 25 4 15
internal_value=-0.000138368 8.04244e-05 -0.00194237 -0.00347528 -0.000263659 0 -6.88503e-05
internal_weight=118.72 101.686 17.0348 6.58596 62.8833 31.0933 10.4489
internal_count=197 75 122 50 61 36 72
is_linear=0
shrinkage=0.03


Tree=193
num_leaves=7
num_cat=0
split_feature=6 11 1 7 23 28
split_gain=0.0775342 0.0306903 0.0218981 0.030804 0.0141494 0.00251513
threshold=6.0964999999999927 -4.1742857142857135 7.6250000000000009 0.19802217192748997 2.5107142857142866 11.268571428571432
decision_type=2 2 2 2 2 2
left_child=2 -2 3 -1 -4 -6
right_child=1 -3 4 -5 5 -7
leaf_value=-0.0050122203162664943 0.0013212081415315098 0 0 0 -0.001195414818295582 0
leaf_weight=3.1663276255130759 24.622838243842125 37.16708992421627 21.151067972183228 2.2797558903694153 21.721006914973263 8.6124108731746656
leaf_count=25 10 25 53 18 44 22
internal_value=-0.000136689 0.000505785 -0.000990257 -0.00321408 -0.000563964 -0.000976403
internal_weight=118.72 61.7899 56.9306 5.44608 51.4845 30.3334
internal_count=197 35 162 43 119 66
is_linear=0
shrinkage=0.03


Tree=194
num_leaves=6
num_cat=0
split_feature=6 11 29 28 23
split_gain=0.073807 0.0289473 0.0222301 0.0187361 0.00905241
threshold=6.0964999999999927 -4.1742857142857135 23.500000000000004 10.967857142857147 2.5107142857142866
decision_type=2 2 2 2 2
left_child=2 -2 3 -1 -4
right_child=1 -3 4 -5 -6
leaf_value=-0.0030317245081303941 0.0012820489643902218 0 0 0 -0.00073137812369608503
leaf_weight=8.9923704564571363 24.622838243842125 37.16708992421627 18.174720004200935 5.2561038583517066 24.507374957203865
leaf_count=64 10 25 32 41 25
internal_value=-0.000134344 0.000490067 -0.000968326 -0.00217063 -0.000345226
internal_weight=118.72 61.7899 56.9306 14.2485 42.6821
internal_count=197 35 162 105 57
is_linear=0
shrinkage=0.03


Tree=195
num_leaves=5
num_cat=0
split_feature=29 15 15 16
split_gain=0.0534873 0.0178033 0.0119672 0.0181051
threshold=48.500000000000007 -7.0578571428571415 16.43214285714286 64.910000000000011
decision_type=2 2 2 2
left_child=1 -1 3 -3
right_child=-2 2 -4 -5
leaf_value=0 0.00047297010068771535 -0.0019309492618920278 0 0
leaf_weight=5.3827569335699073 73.188707083463669 19.757884085178382 3.0396745204925528 5.0661241412162772
leaf_count=29 29 90 24 19
internal_value=0 -0.000972077 -0.00130171 -0.00152583
internal_weight=106.435 33.2464 27.8637 24.824
internal_count=191 162 133 109
is_linear=0
shrinkage=0.03


Tree=196
num_leaves=8
num_cat=0
split_feature=18 8 6 1 15 6 1
split_gain=0.049757 0.0134856 0.00905409 0.00810672 0.0085607 0.00429418 0.000824105
threshold=69.000000000000014 -1.4999999999999998 16.000000000000004 80.125000000000014 -7.1878571428571423 -7.4999999999999991 18.625000000000004
decision_type=2 2 2 2 2 2 2
left_child=1 5 3 4 -3 -1 -7
right_child=-2 2 -4 -5 -6 6 -8
leaf_value=-0.00024003182221940571 0.00068666682730611972 0 0 0 -0.0013876059859123306 0 0.0010673737332818939
leaf_weight=2.3430824428796768 51.657680064439774 2.5330621004104605 7.9791452884674063 5.6993894577026358 28.560274556279186 4.0528993606567365 3.6096134930849075
leaf_count=16 12 15 3 1 90 32 22
internal_value=0 -0.000606842 -0.000848109 -0.0010458 -0.00123477 0 0.000682821
internal_weight=106.435 54.7775 44.7719 36.7927 31.0933 10.0056 7.66251
internal_count=191 179 109 106 105 70 54
is_linear=0
shrinkage=0.03


Tree=197
num_leaves=7
num_cat=0
split_feature=29 16 15 15 17 17
split_gain=0.0477171 0.0164103 0.0115674 0.0143683 0.0194075 0.0103186
threshold=48.500000000000007 67.925000000000026 15.74 -7.0578571428571415 13.032857142857146 -4.2728571428571422
decision_type=2 2 2 2 2 2
left_child=1 2 3 -1 5 -5
right_child=-2 -3 -4 4 -6 -7
leaf_value=0 0.0004490273221304998 0 0 0 0 -0.0031963010447241991
leaf_weight=4.6861648559570375 73.188707083463669 5.5094100087881079 2.9130214154720298 2.5963886529207274 8.7390639781951887 8.8023907691240275
leaf_count=26 29 22 23 15 24 52
internal_value=0 -0.000915688 -0.00123694 -0.00145664 -0.00180029 -0.00267491
internal_weight=106.435 33.2464 27.737 24.824 20.1378 11.3988
internal_count=191 162 140 117 91 67
is_linear=0
shrinkage=0.03


Tree=198
num_leaves=8
num_cat=0
split_feature=18 8 6 17 6 0 13
split_gain=0.0449748 0.0129008 0.00824125 0.0128142 0.00429457 0.000834488 0.000160802
threshold=69.000000000000014 -1.4999999999999998 16.000000000000004 9.4792857142857159 -7.4999999999999991 16.500000000000004 4.7521428571428581
decision_type=2 2 2 2 2 2 2
left_child=1 4 3 -3 -1 -6 -5
right_child=-2 2 -4 6 5 -7 -8
leaf_value=-0.00019487618858719848 0.0006527927256849734 -0.0017938309290470309 0 0 0 0.0010260274666104307 -0.0001128368617218005
leaf_weight=2.3430824428796768 51.657680064439774 14.881739750504492 7.9791452884674063 7.3458798229694393 3.6729400455951673 3.9895728081464767 14.565106540918348
leaf_count=16 12 68 3 11 29 25 27
internal_value=0 -0.000576989 -0.000815123 -0.00100365 0 0.00068761 -4.47821e-05
internal_weight=106.435 54.7775 44.7719 36.7927 10.0056 7.66251 21.911
internal_count=191 179 109 106 70 54 38
is_linear=0
shrinkage=0.03


Tree=199
num_leaves=8
num_cat=0
split_feature=12 20 24 8 16 7 26
split_gain=0.043586 0.023232 0.0219123 0.00401277 0.00674898 0.00879326 0.00243254
threshold=16.822142857142861 4.890714285714286 26.320000000000004 7.5000000000000009 11.990000000000002 -0.91221307792421802 0.40966402954315184
decision_type=2 2 2 2 2 2 2
left_child=1 3 -3 4 -1 -6 -4
right_child=-2 2 6 -5 5 -7 -8
leaf_value=0 0.0011419358305902461 -0.0031165614011975547 0 -0.00018693375441661083 0 0.0011715252229545781 -0.00044262419174667298
leaf_weight=12.026449680328371 23.736266598105431 4.6228383034467724 8.6124110221862811 28.940233364701271 2.2797558903694144 11.778738498687742 14.438453406095503
leaf_count=17 29 26 29 23 15 38 14
internal_value=0 -0.000308196 -0.00101453 0 0.000313291 0.000776783 -0.000172919
internal_weight=106.435 82.6989 27.6737 55.0252 26.0849 14.0585 23.0509
internal_count=191 162 69 93 70 53 43
is_linear=0
shrinkage=0.03


Tree=200
num_leaves=8
num_cat=0
split_feature=29 27 23 15 20 5 23
split_gain=0.0685526 0.0322199 0.0215583 0.0268937 0.0182433 0.0325434 0.00261157
threshold=28.500000000000004 -1.5314285714285718 -4.1742857142857135 19.148571428571426 14.725000000000001 1.0000000180025095e-35 -3.5749999999999997
decision_type=2 2 2 2 2 2 2
left_child=2 -2 -1 4 5 -4 -3
right_child=1 6 3 -5 -6 -7 -8
leaf_value=0 0.00092486410027904653 0 -0.0048337198068638529 0 0 0 -0.0002967305150741805
leaf_weight=4.6228383332490948 38.871311992406845 23.361902043223381 5.9526959359645826 1.899796575307845 3.0396745204925528 5.0027976185083389 32.296540588140488
leaf_count=28 21 11 44 15 24 27 28
internal_value=-3.07312e-05 0.00023026 -0.00165148 -0.00216887 -0.00264997 -0.00322142 -9.63689e-05
internal_weight=115.048 94.5298 20.5178 15.895 13.9952 10.9555 55.6584
internal_count=198 60 138 110 95 71 39
is_linear=0
shrinkage=0.03


Tree=201
num_leaves=7
num_cat=0
split_feature=29 27 23 15 20 13
split_gain=0.0650319 0.0303738 0.0205772 0.0259776 0.0171628 0.0039789
threshold=28.500000000000004 -1.5314285714285718 -4.1742857142857135 19.148571428571426 14.725000000000001 0.91428571428571426
decision_type=2 2 2 2 2 2
left_child=2 -2 -1 4 -4 -3
right_child=1 5 3 -5 -6 -7
leaf_value=0 0.00089733064347326729 -0.00041405630613408514 -0.0031447250897695214 0 0 0
leaf_weight=4.6228383332490948 38.871311992406845 23.304170429706573 10.955493554472922 1.899796575307845 3.0396745204925528 32.354272201657295
leaf_count=28 21 20 71 15 24 19
internal_value=-3.01054e-05 0.000221918 -0.00161002 -0.00211557 -0.00258958 -9.12311e-05
internal_weight=115.048 94.5298 20.5178 15.895 13.9952 55.6584
internal_count=198 60 138 110 95 39
is_linear=0
shrinkage=0.03


Tree=202
num_leaves=6
num_cat=0
split_feature=21 3 5 23 20
split_gain=0.0682897 0.0290767 0.0267484 0.0119127 0.00364009
threshold=34.500000000000007 2.9375000000000004 -1.4999999999999998 8.4964285714285737 15.429285714285717
decision_type=2 2 2 2 2
left_child=1 -1 -2 -3 -5
right_child=2 3 -4 4 -6
leaf_value=-0.0049278693385969028 -0.00027065888894924056 0 0.00069275924072429123 -0.001878585949715243 0
leaf_weight=2.6597152054309872 28.243641287088394 14.945066303014757 60.776703357696533 6.0793490111827833 2.3430824428796768
leaf_count=21 20 76 28 35 18
internal_value=-2.77072e-05 -0.00143509 0.000286451 -0.000599841 -0.00148509
internal_weight=115.048 26.0272 89.0203 23.3675 8.42243
internal_count=198 150 48 129 53
is_linear=0
shrinkage=0.03


Tree=203
num_leaves=8
num_cat=0
split_feature=29 27 23 15 5 24 13
split_gain=0.0584205 0.0277974 0.0189643 0.0245336 0.0170917 0.00874939 0.00355289
threshold=28.500000000000004 -1.5314285714285718 -4.1742857142857135 19.148571428571426 1.0000000180025095e-35 41.045000000000009 0.91428571428571426
decision_type=2 2 2 2 2 2 2
left_child=2 -2 -1 4 5 -4 -3
right_child=1 6 3 -5 -6 -7 -8
leaf_value=0 0.00085314793478695223 -0.00039352605825389747 -0.0044223351607086871 0 0 0 0
leaf_weight=4.6228383332490948 38.871311992406845 23.304170429706573 5.3827569633722288 1.899796575307845 6.6492879837751389 1.9631231278181074 32.354272201657295
leaf_count=28 21 20 40 15 40 15 19
internal_value=-3.02903e-05 0.000204129 -0.00153001 -0.0020157 -0.00247943 -0.00367502 -9.04503e-05
internal_weight=115.048 94.5298 20.5178 15.895 13.9952 7.34588 55.6584
internal_count=198 60 138 110 95 55 39
is_linear=0
shrinkage=0.03


Tree=204
num_leaves=6
num_cat=0
split_feature=3 3 27 5 7
split_gain=0.0559297 0.0236366 0.0215922 0.00727828 0.00393733
threshold=28.000000000000004 2.9375000000000004 -3.5414285714285709 -4.4999999999999991 0.28936189854552991
decision_type=2 2 2 2 2
left_child=1 -1 -2 -3 -4
right_child=2 3 4 -5 -6
leaf_value=-0.0047212133673829836 0.00075253765598933225 -0.0017185459514062328 0 0 -0.00030938046858740856
leaf_weight=2.6597152054309872 38.934638544917107 2.84969486296177 19.124618262052536 12.601983949542042 38.876906782388687
leaf_count=21 18 22 29 93 15
internal_value=-3.03392e-05 -0.00160538 0.000175425 -0.000417974 -5.94813e-05
internal_weight=115.048 18.1114 96.9362 15.4517 58.0015
internal_count=198 136 62 115 44
is_linear=0
shrinkage=0.03


Tree=205
num_leaves=10
num_cat=0
split_feature=10 20 22 25 15 15 20 25 15
split_gain=0.0284722 0.0182613 0.0123835 0.00999844 0.00533031 0.00338191 0.000294389 0.000104737 0.000755391
threshold=29.500000000000004 8.3307142857142882 14.725000000000001 2.6285714285714294 -0.81714285714285684 -1.0000000180025095e-35 14.725000000000001 -1.2435714285714281 7.3557142857142859
decision_type=2 2 2 2 2 2 2 2 2
left_child=1 3 6 7 -5 -6 -3 8 -1
right_child=-2 2 -4 4 5 -7 -8 -9 -10
leaf_value=-0.00020194795070359881 0.0001879162258022774 -0.0030860713670250043 0 0 0 -0.0019532373765932536 0 0 0
leaf_weight=18.681332424283031 18.739063918590546 6.8392676115035993 2.7863683104515067 8.6124108731746691 5.6993894577026367 6.3959817737340909 3.3563072830438614 8.9290436357259733 9.3723294734954816
leaf_count=41 6 26 20 17 1 35 25 20 15
internal_value=-0.000516168 -0.000829673 -0.00206401 -0.000387474 -0.000918034 -0.00134736 -0.00254028 0 -5.76588e-05
internal_weight=89.4115 70.6724 12.9819 57.6905 20.7078 12.0954 10.1956 36.9827 28.0537
internal_count=206 200 71 129 53 36 51 76 56
is_linear=0
shrinkage=0.03


Tree=206
num_leaves=8
num_cat=0
split_feature=10 20 22 25 15 15 25
split_gain=0.0275334 0.0170224 0.0117223 0.00965688 0.0049779 0.00288802 9.07367e-05
threshold=29.500000000000004 8.3307142857142882 14.725000000000001 2.6285714285714294 -0.81714285714285684 -1.0000000180025095e-35 -1.2435714285714281
decision_type=2 2 2 2 2 2 2
left_child=1 3 -3 6 -5 -6 -1
right_child=-2 2 -4 4 5 -7 -8
leaf_value=-5.3667113597828003e-05 0.00018236756379641159 -0.0024799521006860373 0 0 0 -0.0018972655949734238 0
leaf_weight=28.053661897778511 18.739063918590546 10.195574894547461 2.7863683104515067 8.6124108731746691 5.6993894577026367 6.3959817737340909 8.9290436357259733
leaf_count=56 6 51 20 17 1 35 20
internal_value=-0.000504848 -0.000813876 -0.00201634 -0.00037906 -0.000900194 -0.00131713 0
internal_weight=89.4115 70.6724 12.9819 57.6905 20.7078 12.0954 36.9827
internal_count=206 200 71 129 53 36 76
is_linear=0
shrinkage=0.03


Tree=207
num_leaves=7
num_cat=0
split_feature=10 20 20 23 15 15
split_gain=0.0265828 0.0154208 0.0114476 0.00468258 0.000907777 0.00289744
threshold=29.500000000000004 8.3307142857142882 14.725000000000001 2.5107142857142866 -3.5749999999999997 11.167142857142862
decision_type=2 2 2 2 2 2
left_child=1 3 -3 -1 -5 -6
right_child=-2 2 -4 4 5 -7
leaf_value=0 0.00017698275462886805 -0.0026411520018038829 0 0 -0.001157131538048092 0
leaf_weight=30.650050550699234 18.739063918590546 8.4857579767703992 4.4961852282285681 7.0292470604181316 11.398779153823854 8.6124108731746656
leaf_count=73 6 37 34 9 29 18
internal_value=-0.000492974 -0.000797423 -0.00195923 -0.000372003 -0.000669079 -0.00080176
internal_weight=89.4115 70.6724 12.9819 57.6905 27.0404 20.0112
internal_count=206 200 71 129 56 47
is_linear=0
shrinkage=0.03


Tree=208
num_leaves=8
num_cat=0
split_feature=10 20 22 25 15 15 25
split_gain=0.0257189 0.014082 0.0109748 0.00899397 0.00438053 0.0028529 7.74836e-05
threshold=29.500000000000004 8.3307142857142882 14.725000000000001 2.6285714285714294 -0.81714285714285684 -1.0000000180025095e-35 -1.2435714285714281
decision_type=2 2 2 2 2 2 2
left_child=1 3 -3 6 -5 -6 -1
right_child=-2 2 -4 4 5 -7 -8
leaf_value=-4.9593130808204394e-05 0.00017175697318538949 -0.0023560481390291453 0 0 0 -0.0018264825656294425 0
leaf_weight=28.053661897778511 18.739063918590546 10.195574894547461 2.7863683104515067 8.6124108731746691 5.6993894577026367 6.3959817737340909 8.9290436357259733
leaf_count=56 6 51 20 17 1 35 20
internal_value=-0.000482178 -0.000782374 -0.00190861 -0.00036518 -0.000868005 -0.00126293 0
internal_weight=89.4115 70.6724 12.9819 57.6905 20.7078 12.0954 36.9827
internal_count=206 200 71 129 53 36 76
is_linear=0
shrinkage=0.03


Tree=209
num_leaves=6
num_cat=0
split_feature=8 20 20 23 5
split_gain=0.0175595 0.018106 0.0107356 0.00624702 0.00298108
threshold=26.000000000000004 8.3307142857142882 14.725000000000001 2.5107142857142866 1.0000000180025095e-35
decision_type=2 2 2 2 2
left_child=1 3 -3 -1 -5
right_child=-2 2 -4 4 -6
leaf_value=0 0.00025585987680326508 -0.0025096010564448629 0 -0.00086924170519681119 0
leaf_weight=41.030009865760803 8.3591046035289747 8.4857579767703992 4.4961852282285681 18.301373109221462 8.7390639781951887
leaf_count=75 4 37 34 37 19
internal_value=-0.000470849 -0.000657093 -0.00185435 -0.00028999 -0.000644931
internal_weight=89.4115 81.0524 12.9819 68.0704 27.0404
internal_count=206 202 71 131 56
is_linear=0
shrinkage=0.03


Tree=210
num_leaves=9
num_cat=0
split_feature=5 19 15 9 7 24 20 14
split_gain=0.0583522 0.0326201 0.0306284 0.0209236 0.0163716 0.0140018 0.00085866 0.00170157
threshold=1.0000000180025095e-35 24.130000000000003 -3.4907142857142852 53.000000000000007 -0.28618385670270813 11.270000000000001 1.1921428571428572 -1.9871428571428573
decision_type=2 2 2 2 2 2 2 2
left_child=1 4 -2 -4 5 -1 -3 -8
right_child=2 6 3 -5 -6 -7 7 -9
leaf_value=-0.0044969713195278467 0 0 0 0.0015463617282699363 0 0 0 -0.00045895976335482525
leaf_weight=3.5462869107723236 27.034842059016228 8.9923701882362383 15.831637829542158 32.918616145849228 3.5462869107723218 2.1531027853488922 7.2192267179489162 10.638860523700712
leaf_count=18 28 20 56 6 16 13 8 28
internal_value=0.000119729 -0.000761192 0.000658944 0.00111154 -0.00229886 -0.00329615 0 -0.000206299
internal_weight=111.881 36.0961 75.7851 48.7503 9.24568 5.69939 26.8505 17.8581
internal_count=193 103 90 62 47 31 56 36
is_linear=0
shrinkage=0.03


Tree=211
num_leaves=9
num_cat=0
split_feature=5 18 19 7 24 11 19 20
split_gain=0.0553369 0.0341835 0.0312478 0.015327 0.0127488 0.000891002 0.00181248 0.000792819
threshold=1.0000000180025095e-35 53.000000000000007 24.130000000000003 -0.28618385670270813 11.270000000000001 -3.5749999999999997 15.320000000000002 1.1921428571428572
decision_type=2 2 2 2 2 2 2 2
left_child=2 5 3 4 -1 -2 -7 -4
right_child=1 -3 7 -5 -6 6 -8 -9
leaf_value=-0.0043725849521013679 0 0.001102951442369781 0 0 0 0 -0.00043749755540539454 -0.00019823170074240732
leaf_weight=3.5462869107723236 4.1795524358749416 50.517802149057388 8.9923701882362383 3.5462869107723218 2.1531027853488922 8.6757374256849307 12.412004023790358 17.858087241649628
leaf_count=18 19 11 20 16 13 23 37 36
internal_value=0.000111687 0.000638873 -0.000744023 -0.00224874 -0.0032164 0 -0.000193632 0
internal_weight=111.881 75.7851 36.0961 9.24568 5.69939 25.2673 21.0877 26.8505
internal_count=193 90 103 47 31 79 60 56
is_linear=0
shrinkage=0.03


Tree=212
num_leaves=7
num_cat=0
split_feature=3 25 13 2 21 10
split_gain=0.0430763 0.0309945 0.01242 0.0203602 0.00631885 0.0163859
threshold=28.000000000000004 14.725000000000001 -5.1621428571428565 0.11819410106479865 61.500000000000007 6.5000000000000009
decision_type=2 2 2 2 2 2
left_child=2 4 -1 -4 5 -2
right_child=1 -3 3 -5 -6 -7
leaf_value=0 0.0012268083940987576 0.0012975619667096249 -0.0027106189446156627 0 -0.00019665279462867106 0
leaf_weight=2.9763479679822948 12.412003964185713 26.64928774535656 6.7759411185979825 7.8524925112724304 33.367496982216835 21.847659781575203
leaf_count=21 26 7 53 57 15 14
internal_value=0.000103332 0.000429894 -0.0011207 -0.00150172 0 0.000356204
internal_weight=111.881 94.2764 17.6048 14.6284 67.6272 34.2597
internal_count=193 62 131 110 55 40
is_linear=0
shrinkage=0.03


Tree=213
num_leaves=7
num_cat=0
split_feature=5 24 15 21 15 13
split_gain=0.0505824 0.0269825 0.0268307 0.011958 0.00256609 0.00578163
threshold=1.0000000180025095e-35 11.270000000000001 -3.4907142857142852 42.500000000000007 -0.81714285714285684 -4.1742857142857135
decision_type=2 2 2 2 2 2
left_child=1 -1 -2 -4 -3 -6
right_child=2 4 3 -5 5 -7
leaf_value=-0.0028619256539214014 0 0 0 0.0013255320841615882 0 -0.00070589261043275345
leaf_weight=4.9394710659980765 27.034842059016228 9.182349845767023 13.361902311444281 35.388351663947105 6.9025939553976086 15.071719169616697
leaf_count=29 28 22 51 11 8 44
internal_value=9.6679e-05 -0.000718263 0.000604423 0.00102907 -6.82529e-05 -0.000332058
internal_weight=111.881 36.0961 75.7851 48.7503 31.1567 21.9743
internal_count=193 103 90 62 74 52
is_linear=0
shrinkage=0.03


Tree=214
num_leaves=9
num_cat=0
split_feature=5 18 19 6 20 14 5 12
split_gain=0.04769 0.0296685 0.0285449 0.00944525 0.000577212 0.0013706 0.000416092 0.00121417
threshold=1.0000000180025095e-35 53.000000000000007 24.130000000000003 1.0000000180025095e-35 1.1921428571428572 -1.9871428571428573 3.5000000000000004 -1.0000000180025095e-35
decision_type=2 2 2 2 2 2 2 2
left_child=2 6 3 -1 -4 -6 -2 -8
right_child=1 -3 4 -5 5 -7 7 -9
leaf_value=-0.002911107298003823 0 0.0010195335197488687 0 0 0 -0.00040032100918662079 0 -0.00036837673764516843
leaf_weight=5.8260428011417371 5.5094100385904339 50.517802149057388 8.9923701882362383 3.4196338057518005 7.2192267179489162 10.638860523700712 9.245676398277288 10.512207448482508
leaf_count=32 33 11 20 15 8 28 17 29
internal_value=9.07601e-05 0.000585927 -0.000697841 -0.00213263 0 -0.000169143 0 -0.000136639
internal_weight=111.881 75.7851 36.0961 9.24568 26.8505 17.8581 25.2673 19.7579
internal_count=193 90 103 47 56 36 79 46
is_linear=0
shrinkage=0.03


Tree=215
num_leaves=9
num_cat=0
split_feature=2 25 5 10 24 9 23 25
split_gain=0.0405886 0.0247259 0.0138721 0.00661671 0.00520735 0.00520973 0.0037773 4.07169e-07
threshold=-0.60218945085412612 17.290714285714291 -7.4999999999999991 12.500000000000002 17.470000000000002 21.500000000000004 6.4421428571428576 -5.4992857142857146
decision_type=2 2 2 2 2 2 2 2
left_child=2 3 -1 4 7 -6 -4 -2
right_child=1 -3 6 -5 5 -7 -8 -9
leaf_value=-0.0027260796885957834 0 0.001126428429610132 0 -0.00040572330194672574 0 0.00078857654930095773 -0.00060692287010144226 -4.8136466515474212e-06
leaf_weight=6.3326551914215115 6.5859611928463009 17.535859480500221 2.9130214154720298 36.343844890594482 4.5595117807388332 14.945066034793852 8.9290436357259733 15.515004828572271
leaf_count=23 8 16 19 21 36 27 24 31
internal_value=-8.56174e-05 7.64148e-05 -0.00141146 -4.81973e-05 5.00136e-05 0.00049187 0 0
internal_weight=113.66 95.4852 18.1747 77.9494 41.6055 19.5046 11.8421 22.101
internal_count=205 139 66 123 102 63 43 39
is_linear=0
shrinkage=0.03


Tree=216
num_leaves=9
num_cat=0
split_feature=7 25 17 18 2 17 25 29
split_gain=0.0472884 0.0300977 0.00814991 0.00757005 0.00668628 0.00433522 0.00350187 0.000117926
threshold=-0.88539230537192293 17.290714285714291 -1.1707142857142852 25.500000000000004 -0.70879540326435875 14.725000000000001 -4.6821428571428561 51.500000000000007
decision_type=2 2 2 2 2 2 2 2
left_child=4 2 3 -2 -1 6 -4 -8
right_child=1 -3 5 -5 -6 -7 7 -9
leaf_value=-0.0027181239854679601 0 0.0011925915184525754 0 0.00087157466947073976 0 0 -0.00070194776161724775 0
leaf_weight=6.3326552212238312 4.4328586757183066 18.549084320664406 10.63886046409606 10.512207448482512 7.5991860032081586 12.97634796798229 27.610376000404365 15.008392348885534
leaf_count=32 30 22 14 19 7 20 53 8
internal_value=-8.40472e-05 6.15416e-05 -8.98804e-05 0.000303079 -0.00173793 -0.000314784 -0.00044266 -0.000563873
internal_weight=113.66 99.7281 81.179 14.9451 13.9318 66.234 53.2576 42.6188
internal_count=205 166 144 49 39 95 75 61
is_linear=0
shrinkage=0.03


Tree=217
num_leaves=7
num_cat=0
split_feature=2 20 5 10 28 1
split_gain=0.0369141 0.0228993 0.0127878 0.00538011 0.00254824 0.0133539
threshold=-0.60218945085412612 14.725000000000001 -5.4999999999999991 12.500000000000002 11.268571428571432 18.625000000000004
decision_type=2 2 2 2 2 2
left_child=2 3 -1 4 5 -2
right_child=1 -3 -4 -5 -6 -7
leaf_value=-0.0024080729963822257 0 0.0010050170175274966 0 -0.00037563499177073874 0 0.0010050483100335472
leaf_weight=7.4725331366062191 4.3062055706977871 20.195574656128883 10.702187106013296 36.470497995615005 20.644455283880234 13.868514701724051
leaf_count=30 34 28 36 22 20 35
internal_value=-8.26492e-05 6.76747e-05 -0.00134784 -6.76834e-05 0 0.000352332
internal_weight=113.66 95.4852 18.1747 75.2897 38.8192 18.1747
internal_count=205 139 66 111 89 69
is_linear=0
shrinkage=0.03


Tree=218
num_leaves=9
num_cat=0
split_feature=7 11 19 11 28 12 10 24
split_gain=0.044088 0.0182073 0.00967942 0.00717589 0.00691111 0.00521097 0.0037769 0.000228545
threshold=-0.88539230537192293 -7.3099999999999996 25.840000000000003 8.7464285714285737 14.725000000000001 14.177142857142856 -1.4999999999999998 29.040000000000003
decision_type=2 2 2 2 2 2 2 2
left_child=5 -2 6 4 -4 -1 -3 -5
right_child=1 2 3 7 -6 -7 -8 -9
leaf_value=-0.0024427315020927498 0.0010497943010318166 0 0.00078369087663028093 0 0 0 -0.00074661743160361123 -0.0001964929818973972
leaf_weight=7.2192269265651685 14.812817960977553 8.2324515581130999 20.771108597517014 8.1057984232902545 17.029247060418129 6.7126142978668213 20.644455522298813 10.13224810361862
leaf_count=32 24 19 36 10 8 7 48 21
internal_value=-8.33183e-05 5.41568e-05 -1.6994e-05 9.03667e-05 0.000420012 -0.00168019 -0.000532588 -0.000103111
internal_weight=113.66 99.7281 84.9153 56.0384 37.8004 13.9318 28.8769 18.238
internal_count=205 166 142 75 44 39 67 31
is_linear=0
shrinkage=0.03


Tree=219
num_leaves=9
num_cat=0
split_feature=2 20 5 10 24 23 16 25
split_gain=0.0340733 0.0206637 0.011276 0.00485603 0.00372781 0.00326294 0.00275883 6.03104e-05
threshold=-0.60218945085412612 14.725000000000001 -7.4999999999999991 12.500000000000002 17.470000000000002 6.4421428571428576 26.255000000000003 -5.4992857142857146
decision_type=2 2 2 2 2 2 2 2
left_child=2 3 -1 4 7 -4 -6 -2
right_child=1 -3 5 -5 6 -7 -8 -9
leaf_value=-0.0024942829092670883 0 0.00095259492948725091 0 -0.00035729405858420799 0 -0.00056408849184944455 0.00065521620730127513 -5.9793866849560877e-05
leaf_weight=6.3326551914215115 6.5859611928463009 20.195574656128883 2.9130214154720298 36.470497995615005 4.0528993308544186 8.9290436357259733 13.298575729131697 14.881739303469656
leaf_count=23 8 28 19 22 21 24 34 26
internal_value=-8.24731e-05 5.82315e-05 -0.00129779 -6.54357e-05 0 0 0.000435971 0
internal_weight=113.66 95.4852 18.1747 75.2897 38.8192 11.8421 17.3515 21.4677
internal_count=205 139 66 111 89 43 55 34
is_linear=0
shrinkage=0.03


Tree=220
num_leaves=8
num_cat=0
split_feature=12 24 28 5 13 24 28
split_gain=0.0340462 0.016096 0.0118392 0.0205771 0.000491879 0.00242161 0.00216176
threshold=16.822142857142861 25.840000000000003 11.268571428571432 1.0000000180025095e-35 6.2192857142857152 28.825000000000006 4.9807142857142859
decision_type=2 2 2 2 2 2 2
left_child=1 2 3 -1 6 -6 -3
right_child=-2 4 -4 -5 5 -7 -8
leaf_value=-0.0026581097018691588 0.00096535239968173177 0.00034550271741795097 0 0 0 -0.00035604640305454764 0
leaf_weight=7.0292472690343883 23.862919703125954 18.681332394480709 19.251271158456802 10.258901238441466 11.773143440485002 17.858087241649628 9.6256356835365278
leaf_count=31 28 34 17 27 6 32 17
internal_value=0 -0.000292774 -0.000783426 -0.00137527 0 -6.3956e-05 0.000105808
internal_weight=118.341 94.4776 36.5394 17.2881 57.9382 29.6312 28.307
internal_count=192 164 75 58 89 38 51
is_linear=0
shrinkage=0.03


Tree=221
num_leaves=8
num_cat=0
split_feature=12 24 28 5 24 28 6
split_gain=0.0322264 0.0154888 0.0111124 0.019007 0.000391367 0.000626511 0.00048647
threshold=16.822142857142861 25.840000000000003 11.268571428571432 1.0000000180025095e-35 30.510000000000002 -5.4992857142857146 16.000000000000004
decision_type=2 2 2 2 2 2 2
left_child=1 2 3 -1 -3 -6 -7
right_child=-2 4 -4 -5 5 6 -8
leaf_value=-0.0025816303797141942 0.00093675133370183178 0.00012519622966476388 0 0 0 -0.00021267200173189242 0
leaf_weight=7.0292472690343883 23.862919703125954 19.24567636847496 19.251271158456802 10.258901238441466 7.4725329279899588 22.86088486015797 8.3591046035289747
leaf_count=31 28 19 17 27 11 55 4
internal_value=0 -0.00028689 -0.00076821 -0.0013434 0 -3.42983e-05 -0.000139083
internal_weight=118.341 94.4776 36.5394 17.2881 57.9382 38.6925 31.22
internal_count=192 164 75 58 89 70 59
is_linear=0
shrinkage=0.03


Tree=222
num_leaves=9
num_cat=0
split_feature=12 24 28 28 12 13 24 28
split_gain=0.0304616 0.0149579 0.0104263 0.00437606 0.000644952 0.000416148 0.00222438 0.00205235
threshold=16.822142857142861 25.840000000000003 11.268571428571432 -7.4449999999999994 -4.1742857142857135 6.2192857142857152 28.825000000000006 4.9807142857142859
decision_type=2 2 2 2 2 2 2 2
left_child=1 2 3 -1 -5 7 -7 -3
right_child=-2 5 -4 4 -6 6 -8 -9
leaf_value=0 0.00090899777359640431 0.00033495615381731969 0 0 -0.0016346805553429438 0 -0.00033958613049563221 0
leaf_weight=2.1531027853488949 23.862919703125954 18.681332394480709 19.251271158456802 2.406408995389941 12.728636726737017 11.773143440485002 17.858087241649628 9.6256356835365278
leaf_count=11 28 34 17 15 32 6 32 17
internal_value=0 -0.00028037 -0.000753432 -0.00131245 -0.00148928 0 -5.54475e-05 9.93762e-05
internal_weight=118.341 94.4776 36.5394 17.2881 15.135 57.9382 29.6312 28.307
internal_count=192 164 75 58 47 89 38 51
is_linear=0
shrinkage=0.03


Tree=223
num_leaves=8
num_cat=0
split_feature=19 12 28 8 29 19 29
split_gain=0.0291666 0.0233105 0.00719843 0.00794438 0.00137344 0.00194415 0.00271043
threshold=24.130000000000003 16.590000000000003 -15.799285714285714 22.500000000000004 37.500000000000007 34.715000000000011 28.500000000000004
decision_type=2 2 2 2 2 2 2
left_child=2 4 -1 -4 5 -2 -7
right_child=1 -3 3 -5 -6 6 -8
leaf_value=0 0 0.0010820345399254901 -0.0011289288994879316 0 2.2067023885989958e-05 -0.0010032154872189362 0
leaf_weight=1.3931841552257527 4.2428789883851987 22.4697355479002 26.533824875950813 6.079348772764205 50.085706070065498 5.0661242008209229 2.4697355180978775
leaf_count=9 19 19 78 2 22 35 8
internal_value=0 0.000259045 -0.000774349 -0.000906552 0 -0.00031671 -0.000614749
internal_weight=118.341 84.3342 34.0064 32.6132 61.8644 11.7787 7.53586
internal_count=192 103 89 80 84 62 43
is_linear=0
shrinkage=0.03


Tree=224
num_leaves=6
num_cat=0
split_feature=12 5 26 28 12
split_gain=0.0269005 0.0112358 0.00540123 0.0060315 0.00316421
threshold=16.822142857142861 16.000000000000004 -0.88545602565320969 13.285000000000002 -4.1742857142857135
decision_type=2 2 2 2 2
left_child=1 2 -1 4 -4
right_child=-2 -3 3 -5 -6
leaf_value=0 0.00085400292641925042 7.6277956560575842e-06 0 0 -0.00096710684999397193
leaf_weight=6.9659207165241233 23.862919703125954 24.818412691354752 4.6228383332490912 26.470497876405716 31.599948808550835
leaf_count=25 28 8 32 28 71
internal_value=0 -0.000263645 -0.00048856 -0.000585025 -0.000859615
internal_weight=118.341 94.4776 69.6592 62.6933 36.2228
internal_count=192 164 156 131 103
is_linear=0
shrinkage=0.03


Tree=225
num_leaves=10
num_cat=0
split_feature=7 12 2 23 10 10 12 23 12
split_gain=0.031993 0.0206873 0.00881506 0.00172071 0.00297014 0.00525617 0.00304598 0.0016096 0.000772949
threshold=-0.59101735510570808 16.822142857142861 -1.1046670960065745 11.352857142857147 -1.4999999999999998 29.500000000000004 8.1242857142857172 8.4314285714285742 -7.1878571428571423
decision_type=2 2 2 2 2 2 2 2 2
left_child=2 3 -1 4 -2 6 8 -4 -6
right_child=1 -3 7 -5 5 -7 -8 -9 -10
leaf_value=-0.0026209584590284473 0 0.00096115796153634526 0 0.000127099333273214 0 0 0 -0.00040460538106506404 -0.00088943005483987502
leaf_weight=4.6861648559570339 16.021617218852043 22.533062100410461 3.8629196733236304 26.280518218874931 7.4092063754796973 13.039674460887907 13.488555148243902 8.549084320664404 14.81841289997101
leaf_count=22 20 20 20 28 10 5 18 21 32
internal_value=0 0.000147422 -0.00122993 0 -0.000131144 -0.000278042 -0.000486458 0 -0.000707122
internal_weight=130.689 113.591 17.0982 91.058 64.7775 48.7558 35.7162 12.412 22.2276
internal_count=196 133 63 113 85 65 60 41 42
is_linear=0
shrinkage=0.03


Tree=226
num_leaves=11
num_cat=0
split_feature=7 13 28 12 24 16 14 4 6 12
split_gain=0.0306017 0.0226472 0.00861127 0.00939789 0.002566 0.00197782 0.00483069 0.00382292 0.00136707 0.00266816
threshold=-0.59101735510570808 8.83357142857143 -8.0314285714285703 14.177142857142856 33.865000000000009 40.675000000000004 9.3707142857142873 73.84941666666667 7.5000000000000009 -7.1878571428571423
decision_type=2 2 2 2 2 2 2 2 2 2
left_child=2 5 -1 -4 -3 7 -7 8 9 -2
right_child=1 4 3 -5 -6 6 -8 -9 -10 -11
leaf_value=0 0 0.0011585649974749719 -0.0021547004811783791 0 0 0.00059528653340619963 0 0 0 -0.0006824719086039251
leaf_weight=0.94989828765392559 6.9659205079078701 18.359104663133621 8.6124110817909258 7.5358594805002204 12.596388652920725 11.968718096613886 15.071718901395796 21.398778915405273 8.4857577383518201 18.744658946990967
leaf_count=6 9 23 44 13 19 25 11 3 9 34
internal_value=0 0.000144309 -0.00120278 -0.00141471 0.000852896 -1.47367e-05 0 -0.000179355 -0.000389695 -0.000498707
internal_weight=130.689 113.591 17.0982 16.1483 30.9555 82.6356 27.0404 55.5951 34.1963 25.7106
internal_count=196 133 63 57 42 91 36 55 52 43
is_linear=0
shrinkage=0.03


Tree=227
num_leaves=8
num_cat=0
split_feature=7 13 28 12 29 16 24
split_gain=0.0289855 0.021595 0.00835023 0.00850012 0.00220666 0.00530445 0.00214232
threshold=-0.59101735510570808 8.83357142857143 -8.0314285714285703 14.177142857142856 42.500000000000007 40.675000000000004 33.865000000000009
decision_type=2 2 2 2 2 2 2
left_child=2 4 -1 -4 5 -2 -3
right_child=1 6 3 -5 -6 -7 -8
leaf_value=0 0 0.0011243668514135101 -0.0020922353045729255 0 -0.00017743439376748069 0.00060229982684485163 0
leaf_weight=0.94989828765392559 7.8524924814701107 18.359104663133621 8.6124110817909258 7.5358594805002204 61.801117688417435 12.981942936778067 12.596388652920725
leaf_count=6 42 23 44 13 18 31 19
internal_value=0 0.000140199 -0.00117078 -0.00138087 -1.26865e-05 4.57412e-05 0.00083248
internal_weight=130.689 113.591 17.0982 16.1483 82.6356 20.8344 30.9555
internal_count=196 133 63 57 91 73 42
is_linear=0
shrinkage=0.03


Tree=228
num_leaves=8
num_cat=0
split_feature=7 13 28 12 29 16 24
split_gain=0.0274369 0.0206213 0.00809894 0.00766226 0.00206048 0.00501605 0.00174985
threshold=-0.59101735510570808 8.83357142857143 -8.0314285714285703 14.177142857142856 42.500000000000007 40.675000000000004 33.865000000000009
decision_type=2 2 2 2 2 2 2
left_child=2 4 -1 -4 5 -2 -3
right_child=1 6 3 -5 -6 -7 -8
leaf_value=0 0 0.0010911782416743526 -0.0020315810268250918 0 -0.0001721370797390733 0.00058463897096944608 0
leaf_weight=0.94989828765392559 7.8524924814701107 18.359104663133621 8.6124110817909258 7.5358594805002204 61.801117688417435 12.981942936778067 12.596388652920725
leaf_count=6 42 23 44 13 18 31 19
internal_value=0 0.00013559 -0.00113971 -0.001348 -1.15483e-05 3.46422e-05 0.000812667
internal_weight=130.689 113.591 17.0982 16.1483 82.6356 20.8344 30.9555
internal_count=196 133 63 57 91 73 42
is_linear=0
shrinkage=0.03


Tree=229
num_leaves=8
num_cat=0
split_feature=12 2 19 27 28 25 8
split_gain=0.0260303 0.0251341 0.00649082 0.00392279 0.00314062 0.00505194 0.00226073
threshold=16.822142857142861 -1.1046670960065745 25.840000000000003 -7.3099999999999996 8.7800000000000029 8.6600000000000019 -1.4999999999999998
decision_type=2 2 2 2 2 2 2
left_child=1 -1 3 -3 5 -4 -5
right_child=-2 2 4 6 -6 -7 -8
leaf_value=-0.002173515221507989 0.00085624378080698517 0 0.00063729860609607948 0 0 0 -0.0007498849822823114
leaf_weight=5.6993896663188925 23.736266598105431 7.4092063754796973 18.111393451690674 8.6124108731746691 31.721006646752357 15.451678216457365 19.947863444685936
leaf_count=22 29 11 31 20 21 17 45
internal_value=0 -0.000232646 -2.86762e-05 -0.000400608 3.99132e-05 0.000294203 -0.000569227
internal_weight=130.689 106.953 101.254 35.9695 65.2841 33.5631 28.5603
internal_count=196 167 145 76 69 48 65
is_linear=0
shrinkage=0.03


Tree=230
num_leaves=6
num_cat=0
split_feature=6 3 1 13 10
split_gain=0.0261473 0.0248508 0.0303798 0.0145815 0.0132924
threshold=-11.499999999999998 11.812500000000002 0.87500000000000011 1.0000000180025095e-35 20.500000000000004
decision_type=2 2 2 2 2
left_child=-1 2 -2 -3 -5
right_child=1 3 -4 4 -6
leaf_value=-0.0010057223619059994 -0.003928667095577351 0 0 0.0010116757841901395 0
leaf_weight=17.22482168674469 2.0264496803283683 34.512969925999641 8.1057987213134748 43.367497280240059 16.839267373085022
leaf_count=17 16 47 64 59 3
internal_value=0 0.000234991 -0.000906128 0.000454251 0.00073548
internal_weight=122.077 104.852 10.1322 94.7197 60.2068
internal_count=206 189 80 109 62
is_linear=0
shrinkage=0.03


Tree=231
num_leaves=9
num_cat=0
split_feature=2 18 10 3 5 5 15 10
split_gain=0.0307254 0.0133823 0.00925451 0.0177734 0.0152377 0.00225607 0.0014564 0.000647051
threshold=-0.41171594489219193 53.000000000000007 1.0000000180025095e-35 6.3125000000000009 -7.4999999999999991 3.5000000000000004 14.589285714285717 1.5000000000000002
decision_type=2 2 2 2 2 2 2 2
left_child=2 5 3 -1 -5 6 -2 -7
right_child=1 -3 -4 4 -6 7 -8 -9
leaf_value=-0.0049429808605492469 0.00039488577079338716 0.00058178961354546116 0 -0.0013978993380462817 0 0 0 -0.0004201427015286889
leaf_weight=1.3931841552257598 8.1057986915111524 61.536621749401093 7.7891656905412665 7.5991862118244233 10.132248133420939 8.1691250056028384 2.8496948629617682 14.501780167222021
leaf_count=11 49 12 11 25 33 14 18 33
internal_value=0 0.000305101 -0.00083042 -0.00118106 -0.000309034 0 0 -0.000297309
internal_weight=122.077 95.163 26.9138 19.1246 17.7314 33.6264 10.9555 22.6709
internal_count=206 126 80 69 58 114 67 47
is_linear=0
shrinkage=0.03


Tree=232
num_leaves=11
num_cat=0
split_feature=2 18 10 17 24 15 5 13 16 10
split_gain=0.0291093 0.0126725 0.00884973 0.0176502 0.0150656 0.0337039 0.00213692 0.000902618 0.000634536 0.00059805
threshold=-0.41171594489219193 53.000000000000007 1.0000000180025095e-35 -12.373571428571429 30.805000000000003 17.115000000000006 3.5000000000000004 11.167142857142862 29.125000000000004 1.5000000000000002
decision_type=2 2 2 2 2 2 2 2 2 2
left_child=2 6 3 -1 5 -5 7 8 -2 -8
right_child=1 -3 -4 4 -6 -7 9 -9 -10 -11
leaf_value=0 0 0.00056442060562254305 0 -0.0036282596322489199 0 0 0 0 0.00050477980732967871 -0.00040779394150750574
leaf_weight=0.82324518263340607 3.166327625513075 61.536621749401093 7.7891656905412665 6.2060021162033099 5.636063113808631 6.4593080878257751 8.1691250056028384 2.6597152054309836 5.129450723528862 14.501780167222021
leaf_count=6 24 12 11 33 23 7 14 17 26 33
internal_value=0 0.000294759 -0.000811118 -0.00115402 -0.00149823 -0.00206549 0 0 0.000307419 -0.000289352
internal_weight=122.077 95.163 26.9138 19.1246 18.3014 12.6653 33.6264 10.9555 8.29578 22.6709
internal_count=206 126 80 69 63 40 114 67 50 47
is_linear=0
shrinkage=0.03


Tree=233
num_leaves=9
num_cat=0
split_feature=2 18 24 5 5 13 16 10
split_gain=0.0273035 0.0119919 0.00841847 0.0119091 0.00202437 0.000850332 0.000600923 0.000552195
threshold=-0.41171594489219193 53.000000000000007 23.210000000000004 1.0000000180025095e-35 3.5000000000000004 11.167142857142862 29.125000000000004 1.5000000000000002
decision_type=2 2 2 2 2 2 2 2
left_child=2 4 3 -1 5 6 -2 -6
right_child=1 -3 -4 -5 7 -7 -8 -9
leaf_value=-0.0023233804825659801 0 0.00054757011091561539 0 0 0 0 0.00049047318492570729 -0.00039580809188149958
leaf_weight=6.2060021162033099 3.166327625513075 61.536621749401093 14.628433302044867 6.0793487727642059 8.1691250056028384 2.6597152054309836 5.129450723528862 14.501780167222021
leaf_count=35 24 12 41 4 14 17 26 33
internal_value=0 0.000284889 -0.000786296 -0.00139245 0 0 0.000298382 -0.000281629
internal_weight=122.077 95.163 26.9138 12.2854 33.6264 10.9555 8.29578 22.6709
internal_count=206 126 80 39 114 67 50 47
is_linear=0
shrinkage=0.03


Tree=234
num_leaves=7
num_cat=0
split_feature=6 3 4 14 19 10
split_gain=0.0222532 0.0212166 0.024775 0.0145321 0.010875 0.000616702
threshold=-11.499999999999998 11.812500000000002 0.75000000000000011 6.0128571428571442 26.625000000000004 1.0000000180025095e-35
decision_type=2 2 2 2 2 2
left_child=-1 2 -2 4 -3 -5
right_child=1 3 -4 5 -6 -7
leaf_value=-0.00094068529144713565 -0.0036627278366995505 0 0 0.00018434062466803511 0.0010612608604999888 -1.8432452339985837e-05
leaf_weight=17.22482168674469 1.899796575307845 11.905391603708265 8.2324518263339979 15.704984456300734 34.565106719732285 32.544251799583435
leaf_count=17 15 34 65 21 34 20
internal_value=0 0.000207338 -0.000831572 0.000415463 0.000793925 0
internal_weight=122.077 104.852 10.1322 94.7197 46.4705 48.2492
internal_count=206 189 80 109 68 41
is_linear=0
shrinkage=0.03


Tree=235
num_leaves=8
num_cat=0
split_feature=12 24 28 5 10 5 14
split_gain=0.0285872 0.0083957 0.00633537 0.012265 0.00117066 0.000853622 0.00123111
threshold=16.822142857142861 22.725000000000005 11.268571428571432 1.0000000180025095e-35 12.500000000000002 -7.4999999999999991 8.9307142857142878
decision_type=2 2 2 2 2 2 2
left_child=1 2 3 -1 5 -3 -7
right_child=-2 4 -4 -5 -6 6 -8
leaf_value=-0.0023717862978215143 0.00072079157799747348 0 0 0 -0.00016811882830971669 0.00044334671178766657 0
leaf_weight=6.4593082964420345 24.242879018187523 4.4961851984262493 19.251271158456802 9.8156153708696348 36.977110236883163 9.2456766068935412 8.6757374256849271
leaf_count=29 31 18 19 26 15 42 18
internal_value=-7.92181e-05 -0.000379686 -0.00077076 -0.00127596 0 0 0.000205335
internal_weight=119.164 94.9209 35.5262 16.2749 59.3947 22.4176 17.9214
internal_count=198 167 74 55 93 78 60
is_linear=0
shrinkage=0.03


Tree=236
num_leaves=8
num_cat=0
split_feature=12 24 28 5 10 7 14
split_gain=0.0273216 0.00805324 0.005827 0.0111663 0.00110203 0.0013457 0.000894976
threshold=16.822142857142861 22.725000000000005 11.268571428571432 1.0000000180025095e-35 12.500000000000002 -0.93874623249307154 8.9307142857142878
decision_type=2 2 2 2 2 2 2
left_child=1 2 3 -1 5 -3 -7
right_child=-2 4 -4 -5 -6 6 -8
leaf_value=-0.0023037907282299269 0.00069943219259705966 0 0 0 -0.00016311585965617296 0.00047233380883535467 0
leaf_weight=6.4593082964420345 24.242879018187523 4.8761445134878185 19.251271158456802 9.8156153708696348 36.977110236883163 8.7390641868114489 8.8023905307054502
leaf_count=29 31 22 19 26 15 37 19
internal_value=-7.92273e-05 -0.000374192 -0.000757931 -0.00124823 0 0 0.000260543
internal_weight=119.164 94.9209 35.5262 16.2749 59.3947 22.4176 17.5415
internal_count=198 167 74 55 93 78 56
is_linear=0
shrinkage=0.03


Tree=237
num_leaves=6
num_cat=0
split_feature=12 28 15 14 20
split_gain=0.026126 0.00634587 0.0101653 0.00153371 1.83315e-05
threshold=16.822142857142861 -5.1621428571428565 1.0000000180025095e-35 -7.0578571428571415 2.1835714285714283
decision_type=2 2 2 2 2
left_child=1 -1 4 -4 -3
right_child=-2 2 3 -5 -6
leaf_value=0 0.00067870574388618913 0 0 -0.00099929388636937704 -2.7651452472512152e-05
leaf_weight=12.222024336457251 24.242879018187523 24.375126883387566 8.1057984232902509 28.940233811736107 21.277720838785172
leaf_count=32 31 22 9 80 24
internal_value=-7.92703e-05 -0.000368904 -0.00047428 -0.000863069 0
internal_weight=119.164 94.9209 82.6989 37.046 45.6528
internal_count=198 167 135 89 46
is_linear=0
shrinkage=0.03


Tree=238
num_leaves=8
num_cat=0
split_feature=12 19 5 7 29 26 1
split_gain=0.0247435 0.00451919 0.00716427 0.0186427 0.00259557 0.0025999 0.000528062
threshold=16.822142857142861 24.130000000000003 1.0000000180025095e-35 -0.03996391225747984 46.500000000000007 0.17992617227144031 77.899125000000012
decision_type=2 2 2 2 2 2 2
left_child=1 2 3 -1 5 -3 -7
right_child=-2 4 -4 -5 -6 6 -8
leaf_value=-0.0026520929727858644 0.0006585933387218937 0 0 0 0 -0.00088408588644432577 0
leaf_weight=5.3194303810596448 24.242879018187523 5.0661242008209255 23.684129804372787 3.0396744906902313 45.716174185276031 6.3959817737340909 5.6993894577026367
leaf_count=26 31 30 39 14 22 35 1
internal_value=-7.59921e-05 -0.000359607 -0.000709875 -0.00162076 -3.6127e-05 -0.00037216 -0.000619583
internal_weight=119.164 94.9209 32.0432 8.3591 62.8777 17.1615 12.0954
internal_count=198 167 79 40 88 66 36
is_linear=0
shrinkage=0.03


Tree=239
num_leaves=8
num_cat=0
split_feature=12 24 28 28 10 7 14
split_gain=0.0236023 0.00767196 0.00529435 0.00539446 0.000926277 0.00138275 0.000850775
threshold=16.822142857142861 22.725000000000005 11.268571428571432 -7.4449999999999994 12.500000000000002 -0.93874623249307154 8.9307142857142878
decision_type=2 2 2 2 2 2 2
left_child=1 2 3 -1 5 -3 -7
right_child=-2 4 -4 -5 -6 6 -8
leaf_value=0 0.00063907711745288904 0 0 -0.0013915155693596313 -0.00014954453566758555 0.00047157909652242386 0
leaf_weight=1.8997965753078485 24.242879018187523 4.8761445134878185 19.251271158456802 14.375127092003821 36.977110236883163 8.7390641868114489 8.8023905307054502
leaf_count=10 31 22 19 45 15 37 19
internal_value=-7.50388e-05 -0.000353381 -0.000724318 -0.00119225 0 0 0.000264105
internal_weight=119.164 94.9209 35.5262 16.2749 59.3947 22.4176 17.5415
internal_count=198 167 74 55 93 78 56
is_linear=0
shrinkage=0.03


Tree=240
num_leaves=9
num_cat=0
split_feature=29 19 11 22 7 24 16 22
split_gain=0.0114229 0.0132634 0.011514 0.010877 0.00867702 0.00857283 0.00342646 0.00353906
threshold=23.500000000000004 38.035000000000004 -5.1621428571428565 18.710000000000008 -0.39474039675980838 27.475000000000005 25.440000000000001 4.2271428571428578
decision_type=2 2 2 2 2 2 2 2
left_child=2 6 -1 4 -4 -3 -2 -8
right_child=1 5 3 -5 -6 -7 7 -9
leaf_value=0 0 0.0010332511639994349 -0.0030852263782451747 0 0 0 0 -0.00061856446068023121
leaf_weight=3.5462869405746487 28.871311843395233 17.915818765759468 3.6729400455951682 2.4064089953899375 8.5490845888853055 20.897761642932892 10.638860523700716 17.731434047222137
leaf_count=23 16 8 29 19 59 25 19 13
internal_value=0 6.64127e-05 -0.000730387 -0.00116376 -0.00154803 0.00054767 -0.000104657 -0.000359922
internal_weight=114.23 96.0552 18.1747 14.6284 12.222 38.8136 57.2416 28.3703
internal_count=211 81 130 107 88 33 48 32
is_linear=0
shrinkage=0.03


Tree=241
num_leaves=9
num_cat=0
split_feature=6 19 29 26 15 1 13 2
split_gain=0.0124487 0.0154772 0.0150422 0.00623513 0.00171106 0.00608882 0.00105657 0.00374281
threshold=-11.499999999999998 38.035000000000004 37.500000000000007 -0.060268340127661524 -7.0578571428571415 18.625000000000004 2.4500000000000011 1.0447453060204697
decision_type=2 2 2 2 2 2 2 2
left_child=-1 3 -3 4 -2 -6 -5 -8
right_child=1 2 -4 6 5 -7 7 -9
leaf_value=-0.00078584526831215198 0 0 0.00099707754965480222 0 -0.0017005335274658665 0 0.00065551304005127115 0
leaf_weight=17.098168581724167 6.4593080878257778 8.6124111115932447 27.098168522119522 17.288148269057274 4.3062055706977871 11.715411886572836 9.7522888183593768 11.899796545505522
leaf_count=19 7 51 12 29 34 21 30 8
internal_value=0 6.86781e-05 0.000616807 -0.000105639 -0.000525894 -0.000693085 0 0.000208129
internal_weight=114.23 97.1317 35.7106 61.4212 22.4809 16.0216 38.9402 21.6521
internal_count=211 192 63 129 62 55 67 38
is_linear=0
shrinkage=0.03


Tree=242
num_leaves=9
num_cat=0
split_feature=6 19 29 26 15 20 28 0
split_gain=0.0116427 0.0144924 0.0143636 0.00599699 0.00175833 0.000534325 0.0018466 0.00324399
threshold=-11.499999999999998 38.035000000000004 37.500000000000007 -0.1799261722714405 -7.0578571428571415 4.890714285714286 16.677857142857146 42.000000000000007
decision_type=2 2 2 2 2 2 2 2
left_child=-1 3 -3 4 -2 6 7 -5
right_child=1 2 -4 5 -6 -7 -8 -9
leaf_value=-0.00076267638899641451 0 0 0.00096749276197407241 0.000965609071316625 -0.00070604045389013198 0 0 0
leaf_weight=17.098168581724167 6.4593080878257778 8.6124111115932447 27.098168522119522 5.1294507533311844 15.071719169616697 11.588758811354635 15.952695667743683 7.2192266881465912
leaf_count=19 7 51 12 32 48 35 4 3
internal_value=0 6.06452e-05 0.000594298 -0.000105187 -0.000527742 0 0.000129667 0.000411597
internal_weight=114.23 97.1317 35.7106 61.4212 21.531 39.8901 28.3014 12.3487
internal_count=211 192 63 129 55 74 39 35
is_linear=0
shrinkage=0.03


Tree=243
num_leaves=8
num_cat=0
split_feature=6 19 29 26 13 2 20
split_gain=0.0109108 0.0135121 0.0137173 0.00567972 0.000940691 0.00349047 0.000867136
threshold=-11.499999999999998 38.035000000000004 37.500000000000007 -0.060268340127661524 2.4500000000000011 1.0447453060204697 -4.1742857142857135
decision_type=2 2 2 2 2 2 2
left_child=-1 3 -3 6 -5 -6 -2
right_child=1 2 -4 4 5 -7 -8
leaf_value=-0.00074019064647716428 0 0 0.0009387858206423409 0 0.00062986485059634146 0 -0.00066611799031481467
leaf_weight=17.098168581724167 8.0424719005823153 8.6124111115932447 27.098168522119522 17.288148269057274 9.7522888183593768 11.899796545505522 14.438453644514082
leaf_count=19 17 51 12 29 30 8 45
internal_value=0 5.43241e-05 0.000572457 -0.000102422 0 0.000196384 -0.000502801
internal_weight=114.23 97.1317 35.7106 61.4212 38.9402 21.6521 22.4809
internal_count=211 192 63 129 67 38 62
is_linear=0
shrinkage=0.03


Tree=244
num_leaves=9
num_cat=0
split_feature=6 19 21 26 15 9 13 2
split_gain=0.0102208 0.0126102 0.0130071 0.00538493 0.00143207 0.00232005 0.000861989 0.00331499
threshold=-11.499999999999998 38.035000000000004 34.500000000000007 -0.060268340127661524 -7.0578571428571415 21.500000000000004 2.4500000000000011 1.0447453060204697
decision_type=2 2 2 2 2 2 2 2
left_child=-1 3 -3 4 -2 -6 -5 -8
right_child=1 2 -4 6 5 -7 7 -9
leaf_value=-0.00071836780323279617 0 0 0.00091133120250950594 0 -0.0013494795258444945 0 0.00061153283233010786 0
leaf_weight=17.098168581724167 6.4593080878257778 8.7390641868114454 26.971515446901321 17.288148269057274 4.5595117807388332 11.46210567653179 9.7522888183593768 11.899796545505522
leaf_count=19 7 47 16 29 36 19 30 8
internal_value=0 4.75611e-05 0.000551264 -0.000100733 -0.000490136 -0.00064364 0 0.00018799
internal_weight=114.23 97.1317 35.7106 61.4212 22.4809 16.0216 38.9402 21.6521
internal_count=211 192 63 129 62 55 67 38
is_linear=0
shrinkage=0.03


Tree=245
num_leaves=6
num_cat=0
split_feature=3 5 27 17 26
split_gain=0.0253785 0.0123649 0.00613928 0.00394774 0.00625005
threshold=11.812500000000002 1.0000000180025095e-35 -1.1142857142857137 -4.1742857142857135 -1.722546424198833e-16
decision_type=2 2 2 2 2
left_child=1 -1 -2 -4 -5
right_child=2 -3 3 4 -6
leaf_value=-0.002594821623326905 0.00039668932313195331 0 0 0 -0.00050521876415979055
leaf_weight=4.939471095800398 28.871312260627747 4.5595117807388306 16.148270323872566 17.604781031608582 39.32019267976284
leaf_count=39 52 36 18 28 29
internal_value=-0.000108225 -0.00156987 0 -0.000112878 -0.000280044
internal_weight=111.444 9.49898 101.945 73.0732 56.925
internal_count=202 75 127 75 57
is_linear=0
shrinkage=0.03


Tree=246
num_leaves=7
num_cat=0
split_feature=3 5 27 10 6 25
split_gain=0.024203 0.0115037 0.00569678 0.00270373 0.0085007 0.00172629
threshold=11.812500000000002 1.0000000180025095e-35 -1.1142857142857137 4.5000000000000009 -8.4999999999999982 4.890714285714286
decision_type=2 2 2 2 2 2
left_child=1 -1 -2 4 -4 -6
right_child=2 -3 3 -5 5 -7
leaf_value=-0.0025214342291063618 0.00038491102220333828 0 -0.0005938431365378748 -0.00026901686721749466 0.0007393629446744987 0
leaf_weight=4.939471095800398 28.871312260627747 4.5595117807388306 8.5490842908620852 44.449643194675446 10.8288401812315 9.2456763684749586
leaf_count=39 52 36 11 27 21 16
internal_value=-0.000102525 -0.00153063 0 -0.000104756 0 0.000471526
internal_weight=111.444 9.49898 101.945 73.0732 28.6236 20.0745
internal_count=202 75 127 75 48 37
is_linear=0
shrinkage=0.03


Tree=247
num_leaves=8
num_cat=0
split_feature=18 6 27 27 26 23 23
split_gain=0.0209127 0.00865496 0.00394504 0.00423447 0.00417175 0.00286853 0.00152777
threshold=10.500000000000002 1.0000000180025095e-35 -1.2435714285714281 17.290714285714291 -0.46472317204376873 -3.4907142857142852 16.590000000000003
decision_type=2 2 2 2 2 2 2
left_child=1 -1 -2 4 -4 -6 -7
right_child=2 -3 3 -5 5 6 -8
leaf_value=-0.0023884745795869039 0.00031828173592051079 0 0 3.6067155978753282e-05 0 -0.00091165979296549133 0
leaf_weight=4.5595117807388288 28.428026393055916 4.1162259131669998 17.098168611526489 13.80518791079521 11.266531050205229 14.311800509691237 17.858087003231049
leaf_count=36 49 32 25 18 6 28 8
internal_value=-9.97411e-05 -0.00149023 0 -9.262e-05 -0.000269943 -0.000432668 -0.000575906
internal_weight=111.444 8.67574 102.768 74.3398 60.5346 43.4364 32.1699
internal_count=202 68 134 85 67 42 36
is_linear=0
shrinkage=0.03


Tree=248
num_leaves=8
num_cat=0
split_feature=3 5 27 17 23 21 12
split_gain=0.0221392 0.0105717 0.00507455 0.00349378 0.00378629 0.000872873 0.000781241
threshold=11.812500000000002 1.0000000180025095e-35 -0.44642857142857145 -4.1742857142857135 -4.1742857142857135 32.500000000000007 -1.4357142857142857
decision_type=2 2 2 2 2 2 2
left_child=1 -1 5 -4 -5 -2 -6
right_child=2 -3 3 4 6 -7 -8
leaf_value=-0.0024114127086427694 0 0 0 0 0 0.00047742534289060487 -0.00051157152751937199
leaf_weight=4.939471095800398 9.3090031296014804 4.5595117807388306 16.148270323872566 11.899796575307844 14.375126853585238 20.132248103618622 30.080111309885982
leaf_count=39 38 36 18 9 12 16 34
internal_value=-9.58773e-05 -0.00146227 0 -9.77371e-05 -0.000260339 0.000360801 -0.000402414
internal_weight=111.444 9.49898 101.945 72.5033 56.355 29.4413 44.4552
internal_count=202 75 127 73 55 54 46
is_linear=0
shrinkage=0.03


Tree=249
num_leaves=8
num_cat=0
split_feature=18 6 6 8 21 9 6
split_gain=0.0191449 0.0078671 0.00366832 0.00550338 0.00793502 0.00587509 0.00129528
threshold=10.500000000000002 1.0000000180025095e-35 -15.499999999999998 7.5000000000000009 64.500000000000014 16.500000000000004 19.000000000000004
decision_type=2 2 2 2 2 2 2
left_child=1 -1 -2 4 5 -4 -5
right_child=2 -3 3 6 -6 -7 -8
leaf_value=-0.002278963951281715 -0.00040786901958990635 0 0 -0.00021566682556002187 0 0.0010712396061036908 2.0023325786619551e-06
leaf_weight=4.5595117807388288 14.501779958605765 4.1162259131669998 4.5595117807388332 24.760681167244911 13.229654148221014 15.57833158969879 30.137842833995819
leaf_count=36 10 32 36 27 8 45 8
internal_value=-9.11287e-05 -0.00142234 0 9.73363e-05 0.000414777 0.000795506 0
internal_weight=111.444 8.67574 102.768 88.266 33.3675 20.1378 54.8985
internal_count=202 68 134 124 89 81 35
is_linear=0
shrinkage=0.03


Tree=250
num_leaves=6
num_cat=0
split_feature=6 13 20 20 9
split_gain=0.0162549 0.00807789 0.00512531 0.00574486 0.00794873
threshold=6.0964999999999927 13.522142857142857 -2.278571428571428 14.177142857142856 51.500000000000007
decision_type=2 2 2 2 2
left_child=2 -2 -1 4 -4
right_child=1 -3 3 -5 -6
leaf_value=0 0 0.00064650363817147951 -0.0014603999576541691 0 0
leaf_weight=7.9791455864906302 35.710579395294189 26.459308087825775 12.665310472249983 6.2060020864009848 24.887334063649178
leaf_count=41 27 9 79 32 11
internal_value=0 0.000250321 -0.000453771 -0.000589826 -0.000735884
internal_weight=113.908 62.1699 51.7378 43.7586 37.5526
internal_count=199 36 163 122 90
is_linear=0
shrinkage=0.03


Tree=251
num_leaves=6
num_cat=0
split_feature=6 13 20 20 9
split_gain=0.0154211 0.00763233 0.00495873 0.00556603 0.00707268
threshold=6.0964999999999927 13.522142857142857 -2.278571428571428 14.177142857142856 51.500000000000007
decision_type=2 2 2 2 2
left_child=2 -2 -1 4 -4
right_child=1 -3 3 -5 -6
leaf_value=0 0 0.00062732598500559323 -0.0014176017282411747 0 0
leaf_weight=7.9791455864906302 35.710579395294189 26.459308087825775 12.665310472249983 6.2060020864009848 24.887334063649178
leaf_count=41 27 9 79 32 11
internal_value=0 0.000242106 -0.000443108 -0.000577232 -0.000721224
internal_weight=113.908 62.1699 51.7378 43.7586 37.5526
internal_count=199 36 163 122 90
is_linear=0
shrinkage=0.03


Tree=252
num_leaves=8
num_cat=0
split_feature=19 5 7 5 8 14 24
split_gain=0.0136812 0.0117479 0.00854328 0.00417989 0.0119346 0.000548322 2.77843e-05
threshold=25.840000000000003 -2.4999999999999996 1.2768149574320882 1.0000000180025095e-35 -1.4999999999999998 -1.9871428571428573 12.370000000000003
decision_type=2 2 2 2 2 2 2
left_child=3 5 -3 4 -1 -2 -5
right_child=1 2 -4 6 -6 -7 -8
leaf_value=0 0 0.00086716552351893321 0 0 -0.0023488468064094396 -0.00035134729116403105 -3.3782436000617299e-05
leaf_weight=4.4328586757183075 6.5226346403360393 25.51500503718853 30.195574626326561 8.9923701882362383 4.1795524358749372 11.398779124021528 22.670904964208603
leaf_count=25 6 50 17 20 23 27 31
internal_value=0 0.000168571 0.000457499 -0.000501681 -0.00125212 -0.000228414 -6.15218e-06
internal_weight=113.908 73.632 55.7106 40.2757 8.61241 17.9214 31.6633
internal_count=199 100 67 99 48 33 51
is_linear=0
shrinkage=0.03


Tree=253
num_leaves=6
num_cat=0
split_feature=6 13 28 17 16
split_gain=0.0143846 0.00682049 0.00497376 0.00996561 0.0126986
threshold=6.0964999999999927 13.522142857142857 -8.7392857142857121 8.732857142857144 30.690000000000005
decision_type=2 2 2 2 2
left_child=2 -2 -1 4 -4
right_child=1 -3 3 -5 -6
leaf_value=0 0 0.00059321303995476388 -0.0020828107259266235 0 0
leaf_weight=3.2296541780233374 35.710579395294189 26.459308087825775 7.6625127941370037 27.610376060009003 13.235249176621435
leaf_count=18 27 9 41 68 36
internal_value=0 0.000229078 -0.000431031 -0.000538326 -0.00104421
internal_weight=113.908 62.1699 51.7378 48.5081 20.8978
internal_count=199 36 163 145 77
is_linear=0
shrinkage=0.03


Tree=254
num_leaves=7
num_cat=0
split_feature=6 27 28 16 15 10
split_gain=0.0136952 0.00674683 0.00485992 0.00465588 0.00304684 0.00256614
threshold=6.0964999999999927 -3.5414285714285709 -8.7392857142857121 53.730000000000011 17.115000000000006 24.500000000000004
decision_type=2 2 2 2 2 2
left_child=2 -2 -1 4 5 -4
right_child=1 -3 3 -5 -6 -7
leaf_value=0 0.00057824985838775473 0 -0.00088835087806272365 0 0 0
leaf_weight=3.2296541780233374 27.029247060418129 35.140640422701836 28.686927661299706 6.2693286687135688 7.852492243051528 5.6993894577026358
leaf_count=18 9 27 98 28 18 1
internal_value=0 0.00022154 -0.00042183 -0.000528517 -0.000647304 -0.000770009
internal_weight=113.908 62.1699 51.7378 48.5081 42.2388 34.3863
internal_count=199 36 163 145 117 99
is_linear=0
shrinkage=0.03


Tree=255
num_leaves=6
num_cat=0
split_feature=29 16 14 16 26
split_gain=0.011986 0.00805501 0.00578213 0.0116593 0.00477212
threshold=23.500000000000004 26.895000000000003 6.5421428571428581 44.630000000000003 0.17992617227144031
decision_type=2 2 2 2 2
left_child=2 -2 3 -1 -3
right_child=1 4 -4 -5 -6
leaf_value=-0.0017925917065988205 0.00030262012068625577 0 0 0 -0.00073151277808410889
leaf_weight=7.8524925112724322 68.312562629580498 22.100966170430183 7.4725331962108603 2.1531027853488922 10.068921521306036
leaf_count=51 26 32 59 14 13
internal_value=0 5.34172e-05 -0.000768507 -0.00123442 -0.000196491
internal_weight=117.961 100.482 17.4781 10.0056 32.1699
internal_count=195 71 124 65 45
is_linear=0
shrinkage=0.03


Tree=256
num_leaves=6
num_cat=0
split_feature=29 16 28 16 26
split_gain=0.0112303 0.00759499 0.00567224 0.00588804 0.00451297
threshold=23.500000000000004 26.895000000000003 8.2485714285714291 44.630000000000003 0.17992617227144031
decision_type=2 2 2 2 2
left_child=2 -2 3 -1 -3
right_child=1 4 -4 -5 -6
leaf_value=-0.0015468717133591246 0.00029358119189475232 0 0 0 -0.00071020236352676766
leaf_weight=8.1691252738237399 68.312562629580498 22.100966170430183 7.1559004336595526 2.1531027853488913 10.068921521306036
leaf_count=54 26 32 56 14 13
internal_value=0 4.9456e-05 -0.000744753 -0.00118698 -0.000189685
internal_weight=117.961 100.482 17.4781 10.3222 32.1699
internal_count=195 71 124 68 45
is_linear=0
shrinkage=0.03


Tree=257
num_leaves=6
num_cat=0
split_feature=29 16 28 16 26
split_gain=0.010571 0.00716037 0.00530575 0.00558867 0.00426818
threshold=23.500000000000004 26.895000000000003 8.2485714285714291 44.630000000000003 0.17992617227144031
decision_type=2 2 2 2 2
left_child=2 -2 3 -1 -3
right_child=1 4 -4 -5 -6
leaf_value=-0.001502109349570535 0.00028481226224675525 0 0 0 -0.00068951266010303157
leaf_weight=8.1691252738237399 68.312562629580498 22.100966170430183 7.1559004336595526 2.1531027853488913 10.068921521306036
leaf_count=54 26 32 56 14 13
internal_value=0 4.56148e-05 -0.000723429 -0.00115129 -0.000183078
internal_weight=117.961 100.482 17.4781 10.3222 32.1699
internal_count=195 71 124 68 45
is_linear=0
shrinkage=0.03


Tree=258
num_leaves=7
num_cat=0
split_feature=29 16 17 16 14 26
split_gain=0.00995114 0.00674971 0.00513518 0.00768992 0.0060697 0.00403694
threshold=23.500000000000004 26.895000000000003 16.185000000000006 26.490000000000006 8.5464285714285726 0.17992617227144031
decision_type=2 2 2 2 2 2
left_child=2 -2 3 4 -1 -3
right_child=1 5 -4 -5 -6 -7
leaf_value=-0.0020731267612444119 0.00027630526400876008 0 0 0 0 -0.00066942577684222474
leaf_weight=5.69938972592354 68.312562629580498 22.100966170430183 2.9763479679822913 6.9025942236185074 1.8997965753078458 10.068921521306036
leaf_count=37 26 32 23 49 15 13
internal_value=0 4.18898e-05 -0.000702723 -0.000951501 -0.00160395 -0.000176664
internal_weight=117.961 100.482 17.4781 14.5018 7.59919 32.1699
internal_count=195 71 124 101 52 45
is_linear=0
shrinkage=0.03


Tree=259
num_leaves=8
num_cat=0
split_feature=29 16 17 16 14 10 28
split_gain=0.00937303 0.00636166 0.0049408 0.0071908 0.0123279 0.00140231 1.47417e-07
threshold=23.500000000000004 26.895000000000003 16.185000000000006 44.630000000000003 8.5464285714285726 12.500000000000002 4.3792857142857153
decision_type=2 2 2 2 2 2 2
left_child=2 -2 3 4 -1 6 -3
right_child=1 5 -4 -5 -6 -7 -8
leaf_value=-0.0019507783469634443 0.0002680523384092865 4.5832458361638757e-06 0 0 0 -0.00035864480929509885 0
leaf_weight=7.6625128537416476 68.312562629580498 6.0160224586725226 2.9763479679822913 3.1663276255130759 3.6729400455951691 16.844862312078476 9.3090029209852201
leaf_count=50 26 23 23 22 29 9 13
internal_value=0 3.82777e-05 -0.000682784 -0.000927553 -0.00128479 -0.000170436 0
internal_weight=117.961 100.482 17.4781 14.5018 11.3355 32.1699 15.325
internal_count=195 71 124 101 79 45 36
is_linear=0
shrinkage=0.03


Tree=260
num_leaves=7
num_cat=0
split_feature=2 7 25 18 8 14
split_gain=0.01175 0.00461156 0.00792857 0.00216472 0.00384471 0.000671055
threshold=-0.41171594489219193 -0.03996391225747984 3.8957142857142864 69.000000000000014 5.5000000000000009 -1.4357142857142857
decision_type=2 2 2 2 2 2
left_child=1 2 -1 4 -2 -6
right_child=3 -3 -4 -5 5 -7
leaf_value=0 0 0 -0.0017352145789335648 9.5502891884555747e-05 0 -0.00060754739939647233
leaf_weight=9.8789419233799034 10.385554581880568 6.3326549828052512 8.8657172620296461 39.377924233675003 16.654882743954662 15.008392527699469
leaf_count=29 66 4 35 9 23 27
internal_value=-0.000231757 -0.000801725 -0.00103654 0 -0.000193544 -0.00039735
internal_weight=106.504 25.0773 18.7447 81.4268 42.0488 31.6633
internal_count=193 68 64 125 116 50
is_linear=0
shrinkage=0.03


Tree=261
num_leaves=6
num_cat=0
split_feature=5 10 23 10 10
split_gain=0.0139711 0.0126078 0.00659522 0.00240761 0.00189674
threshold=1.0000000180025095e-35 1.0000000180025095e-35 2.5107142857142866 12.500000000000002 -18.499999999999996
decision_type=2 2 2 2 2
left_child=1 2 -1 4 -2
right_child=3 -3 -4 -5 -6
leaf_value=0 0 0 -0.0018231906816734873 -0.00016882899284252216 0.0003307378245677536
leaf_weight=3.7362665981054297 11.652085125446318 23.050864279270172 10.322227969765661 30.707781985402107 27.034842297434807
leaf_count=25 4 34 44 24 62
internal_value=-0.000225931 -0.000694156 -0.00143027 0 0.000181409
internal_weight=106.504 37.1094 14.0585 69.3947 38.6869
internal_count=193 103 69 90 66
is_linear=0
shrinkage=0.03


Tree=262
num_leaves=8
num_cat=0
split_feature=6 15 23 15 26 28 26
split_gain=0.011268 0.0086666 0.00946924 0.00859686 0.00371965 0.00503791 0.00374995
threshold=16.000000000000004 -7.0578571428571415 -7.3099999999999996 17.115000000000006 -0.78574730703237872 -8.7392857142857121 0.98182534576205305
decision_type=2 2 2 2 2 2 2
left_child=1 -1 -3 4 -4 -6 -7
right_child=-2 2 3 -5 5 6 -8
leaf_value=0 7.6541179301094406e-06 0 0 0 0 -0.0016623755931272429 0
leaf_weight=13.79959315061569 36.217191606760025 8.2324515581130964 12.285350859165183 9.3090029507875425 1.0132248401641799 18.048067286610621 7.5991860032081595
leaf_count=25 10 16 25 25 5 79 8
internal_value=-0.0002217 -0.000466914 -0.000639015 -0.000808142 -0.00100257 -0.0012599 -0.00135058
internal_weight=106.504 70.2869 56.4873 48.2548 38.9458 26.6605 25.6473
internal_count=193 183 158 142 117 92 87
is_linear=0
shrinkage=0.03


Tree=263
num_leaves=7
num_cat=0
split_feature=5 10 6 10 10 6
split_gain=0.0130331 0.0113962 0.0114334 0.00223309 0.00186174 1.95362e-07
threshold=1.0000000180025095e-35 1.0000000180025095e-35 1.0000000180025095e-35 12.500000000000002 -18.499999999999996 5.5000000000000009
decision_type=2 2 2 2 2 2
left_child=1 2 -1 4 -2 -3
right_child=3 5 -4 -5 -6 -7
leaf_value=-0.0018319904819913814 0 0 0 -0.00015654455906135211 0.00032714404716637164 -3.5385784034963482e-06
leaf_weight=10.765513867139815 11.652085125446318 9.309002950787546 3.2929807007312766 30.707781985402107 27.034842297434807 13.741861328482626
leaf_count=54 4 23 15 24 62 11
internal_value=-0.000213351 -0.000665964 -0.00136742 0 0.000179051 0
internal_weight=106.504 37.1094 14.0585 69.3947 38.6869 23.0509
internal_count=193 103 69 90 66 34
is_linear=0
shrinkage=0.03


Tree=264
num_leaves=6
num_cat=0
split_feature=5 10 23 10 7
split_gain=0.0123872 0.0104927 0.00613522 0.0020801 0.00240747
threshold=1.0000000180025095e-35 1.0000000180025095e-35 2.5107142857142866 12.500000000000002 -0.88539230537192293
decision_type=2 2 2 2 2
left_child=1 2 -1 4 -2
right_child=3 -3 -4 -5 -6
leaf_value=0 0 0 -0.0017021484663667524 -0.0001518936553844561 0.00031718280647607527
leaf_weight=3.7362665981054297 5.952695667743682 23.050864279270172 10.322227969765661 30.707781985402107 32.734231755137444
leaf_count=25 3 34 44 24 63
internal_value=-0.000208931 -0.000650109 -0.00132621 0 0.000172246
internal_weight=106.504 37.1094 14.0585 69.3947 38.6869
internal_count=193 103 69 90 66
is_linear=0
shrinkage=0.03


Tree=265
num_leaves=9
num_cat=0
split_feature=19 3 19 10 1 6 20 29
split_gain=0.00713648 0.0123547 0.00446025 0.00299383 0.00254682 0.00300895 0.00249298 0.00436039
threshold=24.130000000000003 1.2500000000000002 63.235000000000007 12.500000000000002 32.250000000000007 -3.4999999999999996 7.1900000000000004 91.000000000000014
decision_type=2 2 2 2 2 2 2 2
left_child=1 -1 3 6 5 -3 7 -2
right_child=2 4 -4 -5 -6 -7 -8 -9
leaf_value=-0.0025257138102242871 0.0010185075539038873 0 -0.00011719515267092598 0 -0.00035163170976815309 0.00064516624648598188 0 0
leaf_weight=2.406408995389941 12.095371231436729 2.1531027853488967 21.214394435286522 30.707781806588173 18.238046526908875 6.2060021460056278 13.609613493084906 11.398778915405273
leaf_count=19 35 17 31 12 19 45 27 2
internal_value=0 -0.000457955 5.57084e-05 0.000242214 0 0 0.00042293 0.000612759
internal_weight=118.03 29.0036 89.0259 67.8115 26.5972 8.3591 37.1038 23.4942
internal_count=207 100 107 76 81 62 64 37
is_linear=0
shrinkage=0.03


Tree=266
num_leaves=9
num_cat=0
split_feature=6 8 18 15 10 14 11 13
split_gain=0.00642618 0.00801319 0.00558768 0.00479805 0.00864919 0.00375737 0.000808707 0.000204539
threshold=-11.499999999999998 -1.4999999999999998 61.500000000000007 1.7057142857142862 -1.4999999999999998 16.100000000000005 11.167142857142862 9.8978571428571431
decision_type=2 2 2 2 2 2 2 2
left_child=-1 5 3 -3 -5 7 -6 -2
right_child=1 2 -4 4 6 -7 -8 -9
leaf_value=-0.00071885387887128031 0.0012865258855722307 0 7.3627732668500012e-05 0 -0.0016434867431098427 0 0 0
leaf_weight=10.892166703939436 6.2060021460056287 27.357069820165634 54.19633674621582 3.8629196733236268 6.2060021162033099 2.4697355180978766 3.2929807007312775 3.5462869107723236
leaf_count=15 39 49 8 16 36 11 17 16
internal_value=0 0 -9.82303e-06 -0.000340032 -0.000814386 0.00075842 -0.00131114 0.00102612
internal_weight=118.03 107.137 94.9153 40.719 13.3619 12.222 9.49898 9.75229
internal_count=207 192 126 118 69 66 53 55
is_linear=0
shrinkage=0.03


Tree=267
num_leaves=7
num_cat=0
split_feature=29 7 20 11 28 24
split_gain=0.00685294 0.0153325 0.0170261 0.0055795 0.0152378 0.000519308
threshold=23.500000000000004 -0.054739642465926448 13.629285714285716 8.7464285714285737 9.1578571428571447 22.725000000000005
decision_type=2 2 2 2 2 2
left_child=1 2 5 4 -2 -1
right_child=3 -3 -4 -5 -6 -7
leaf_value=-0.0033334195831783318 0.0006759684145113083 0 0 -0.0002259259971933728 0 0
leaf_weight=2.9130214154720333 38.053661867976189 11.335452899336813 2.0264496803283691 24.50737489759922 37.167089894413948 2.0264496803283691
leaf_count=21 45 76 16 18 15 16
internal_value=0 -0.000573215 -0.0016554 2.35969e-05 0.00022464 -0.00259323
internal_weight=118.03 18.3014 6.96592 99.7281 75.2208 4.93947
internal_count=207 129 53 78 60 37
is_linear=0
shrinkage=0.03


Tree=268
num_leaves=9
num_cat=0
split_feature=19 7 20 19 8 20 5 0
split_gain=0.00652457 0.0111149 0.00693568 0.00402807 0.00247934 0.00222929 0.0034743 6.29745e-08
threshold=24.130000000000003 -0.31466458109543249 12.180714285714291 63.235000000000007 -4.4999999999999991 -7.1514285714285704 -4.4999999999999991 33.166666666666679
decision_type=2 2 2 2 2 2 2 2
left_child=1 2 4 5 -1 -2 -7 -3
right_child=3 7 -4 -5 -6 6 -8 -9
leaf_value=0 0 0 0 -0.0001085538699945376 -0.0030593030494588092 0 0.00048878390609601117 -1.9484827711339455e-06
leaf_weight=3.1663276255130768 18.232451528310776 6.3326552510261545 2.5963886231184006 21.214394435286522 2.2797558903694171 13.425228595733641 36.153865322470665 14.628433063626289
leaf_count=17 14 46 10 31 18 14 48 9
internal_value=0 -0.000439795 -0.00137058 4.78143e-05 -0.00195285 0.000229132 0.00033454 0
internal_weight=118.03 29.0036 8.04247 89.0259 5.44608 67.8115 49.5791 20.9611
internal_count=207 100 45 107 35 76 62 55
is_linear=0
shrinkage=0.03


Tree=269
num_leaves=7
num_cat=0
split_feature=29 7 27 9 8 21
split_gain=0.00630499 0.0142619 0.00875317 0.00605561 0.00681037 0.0037346
threshold=23.500000000000004 -0.054739642465926448 10.967857142857147 69.000000000000014 16.500000000000004 73.500000000000014
decision_type=2 2 2 2 2 2
left_child=1 2 -1 4 5 -2
right_child=3 -3 -4 -5 -6 -7
leaf_value=-0.0023294236419255689 0.00089724533625972229 0 0 -8.4006754711107e-05 0 0
leaf_weight=4.5595117807388332 17.794760927557949 11.335452899336813 2.4064089953899384 55.336214810609818 19.75788351893425 6.8392674028873435
leaf_count=34 53 76 19 15 6 4
internal_value=0 -0.000551381 -0.00159527 1.38857e-05 0.000337036 0.000670393
internal_weight=118.03 18.3014 6.96592 99.7281 44.3919 24.634
internal_count=207 129 53 78 63 57
is_linear=0
shrinkage=0.03


Tree=270
num_leaves=10
num_cat=0
split_feature=20 6 20 9 25 10 9 9 10
split_gain=0.00811541 0.00827487 0.0158212 0.0018747 0.0023824 0.00316736 0.00476217 0.00144628 5.4332e-05
threshold=14.725000000000001 12.500000000000002 8.482857142857144 56.000000000000007 3.8957142857142864 3.5000000000000004 16.500000000000004 51.500000000000007 3.5000000000000004
decision_type=2 2 2 2 2 2 2 2 2
left_child=1 2 3 4 5 6 -1 8 -6
right_child=-2 -3 -4 -5 7 -7 -8 -9 -10
leaf_value=0 0.0004261985091176953 0 -0.0018441759239971412 -0.00026179553148772286 -0.00055585275416903616 0 0.0011654369049343288 0 0
leaf_weight=2.5330621004104632 25.198372066020966 32.544251799583435 6.8392676115036002 25.457273006439209 4.116225913166998 3.2296541780233374 6.5226348787546158 5.8893691152334213 2.7863682806491852
leaf_count=20 32 13 32 9 29 18 33 2 10
internal_value=0 -0.000172103 -0.000418882 -3.91957e-05 0 0.000411415 0.000729648 -3.26272e-05 -0.000427382
internal_weight=115.116 89.9181 57.3739 50.5346 25.0773 12.2854 9.0557 12.792 6.90259
internal_count=198 166 153 121 112 71 53 41 39
is_linear=0
shrinkage=0.03


Tree=271
num_leaves=7
num_cat=0
split_feature=6 19 19 19 26 13
split_gain=0.00769778 0.00781092 0.00995217 0.00548524 0.00319356 0.00270026
threshold=-15.499999999999998 25.840000000000003 63.235000000000007 38.035000000000004 -0.060268340127661524 2.5735714285714297
decision_type=2 2 2 2 2 2
left_child=-1 4 3 -3 5 -2
right_child=1 2 -4 -5 -6 -7
leaf_value=-0.000668428954526421 0 0 0 0.00084153267798316557 0 -0.00063027182523347981
leaf_weight=14.565106511116026 4.4961851984262493 23.04526948928833 17.478127926588058 27.984740316867828 11.525432288646696 16.021617218852043
leaf_count=12 23 35 28 34 38 28
internal_value=0 5.32818e-05 0.000298645 0.000542269 -0.000190943 -0.000441258
internal_weight=115.116 100.551 68.5081 51.03 32.0432 20.5178
internal_count=198 186 97 69 89 51
is_linear=0
shrinkage=0.03


Tree=272
num_leaves=9
num_cat=0
split_feature=6 8 18 6 10 25 27 11
split_gain=0.00722432 0.0089937 0.0134536 0.00554202 0.00906549 0.00305361 0.00219561 0.00234015
threshold=-15.499999999999998 -1.4999999999999998 61.500000000000007 12.500000000000002 -1.4999999999999998 9.8978571428571431 -4.3449999999999989 12.019285714285717
decision_type=2 2 2 2 2 2 2 2
left_child=-1 5 3 4 -3 -2 -6 -8
right_child=1 2 -4 -5 6 -7 7 -9
leaf_value=-0.00064878077859519261 0.0012246695200485559 0 0.00029106586955313682 0 0 0 -0.0016468881067946356 0
leaf_weight=14.565106511116026 7.0925738811492902 10.385554313659666 48.496947288513184 16.464903026819229 2.5963886529207185 2.723041757941246 8.9923703968524986 3.7995931208133689
leaf_count=12 46 21 7 10 18 17 48 19
internal_value=0 4.92802e-05 0 -0.000432963 -0.000705072 0.000907961 -0.00116029 -0.00132824
internal_weight=115.116 100.551 90.7358 42.2388 25.7739 9.81562 15.3884 12.792
internal_count=198 186 123 116 106 63 85 67
is_linear=0
shrinkage=0.03


Tree=273
num_leaves=8
num_cat=0
split_feature=20 6 20 19 25 19 10
split_gain=0.00705617 0.00758081 0.0145148 0.00358326 0.00303209 0.00277979 0.000971739
threshold=14.725000000000001 12.500000000000002 8.482857142857144 25.840000000000003 4.2271428571428578 11.270000000000001 1.5000000000000002
decision_type=2 2 2 2 2 2 2
left_child=1 2 3 5 6 -1 -5
right_child=-2 -3 -4 4 -6 -7 -8
leaf_value=0 0.00039416294169910475 0 -0.0017647335984673461 0.00083951565186820068 0 -0.00058003034307923965 0
leaf_weight=10.005595028400423 25.198372066020966 32.544251799583435 6.8392676115036002 4.812817960977557 15.894964113831518 16.844862401485443 2.9763479679822922
leaf_count=34 32 13 32 21 24 26 16
internal_value=0 -0.000162728 -0.000399651 -2.85344e-05 0 -0.00034685 0.000580818
internal_weight=115.116 89.9181 57.3739 50.5346 23.6841 26.8505 7.78917
internal_count=198 166 153 121 61 60 37
is_linear=0
shrinkage=0.03


Tree=274
num_leaves=8
num_cat=0
split_feature=6 8 1 3 13 8 6
split_gain=0.00670288 0.00855567 0.0108026 0.0100208 0.00437634 0.00195499 0.00343279
threshold=-15.499999999999998 -1.4999999999999998 67.250000000000014 0.68750000000000011 14.589285714285717 5.5000000000000009 12.500000000000002
decision_type=2 2 2 2 2 2 2
left_child=-1 4 3 -3 -2 -5 -7
right_child=1 2 -4 5 -6 6 -8
leaf_value=-0.00062441061492461334 0.0012212478579220029 -0.0029203041777818039 0.000187867372724608 0 0 -0.0006871111293782244 0
leaf_weight=14.565106511116026 7.662512853741644 1.6464903652668024 59.895726203918457 8.4224314540624636 2.1531027853488922 10.005595207214357 10.765513569116591
leaf_count=12 48 13 9 55 15 37 9
internal_value=0 4.84619e-05 0 -0.000493952 0.00088579 -2.36437e-05 -0.000290319
internal_weight=115.116 100.551 90.7358 30.84 9.81562 29.1935 20.7711
internal_count=198 186 123 114 63 101 46
is_linear=0
shrinkage=0.03


Tree=275
num_leaves=9
num_cat=0
split_feature=7 15 29 27 11 24 8 11
split_gain=0.00661825 0.00825155 0.0107525 0.00447628 0.00362033 0.000672166 7.87453e-05 0.000901396
threshold=-0.44138614090732681 17.115000000000006 31.000000000000004 -1.2435714285714281 -5.4992857142857146 35.980000000000011 7.5000000000000009 -2.589285714285714
decision_type=2 2 2 2 2 2 2 2
left_child=1 2 -1 4 -2 6 7 -5
right_child=3 -3 -4 5 -6 -7 -8 -9
leaf_value=-0.0020947661696126864 0.0007408238805127127 0 0 0 0 -0.00020709518726648701 0 0.00022809628317572157
leaf_weight=4.87614454329014 13.609613463282587 6.9659205079078665 7.5991862416267395 11.139877945184709 17.345880001783371 13.805188089609144 19.251271158456802 16.654882743954659
leaf_count=38 17 11 26 10 24 31 13 33
internal_value=0 -0.000533058 -0.00101015 6.13719e-05 0.000374157 0 0 5.02251e-05
internal_weight=111.248 19.4413 12.4753 91.8067 30.9555 60.8512 47.046 27.7948
internal_count=203 75 64 128 41 87 56 43
is_linear=0
shrinkage=0.03


Tree=276
num_leaves=8
num_cat=0
split_feature=8 18 8 26 21 22 27
split_gain=0.00626037 0.0052057 0.00601523 0.00386255 0.00255791 0.00329435 0.0041693
threshold=-13.499999999999998 75.500000000000014 -1.4999999999999998 0.40966402954315184 32.500000000000007 2.4500000000000011 11.619285714285711
decision_type=2 2 2 2 2 2 2
left_child=-1 2 3 -2 5 -4 -7
right_child=1 -3 4 -5 -6 6 -8
leaf_value=-0.00064344777845591627 0.00099763312741715663 0.00036576612043798782 0 0 0 -0.0012061456460362714 0
leaf_weight=12.981942906975744 5.3194304108619681 35.699389457702637 7.7891658991575268 2.0264496803283691 36.666072472929955 8.1691252142190915 2.5963886529207221
leaf_count=23 36 4 36 16 26 42 20
internal_value=0 3.70465e-05 -8.20523e-06 0.000526141 -0.000243848 -0.000545155 -0.000879963
internal_weight=111.248 98.266 62.5666 7.34588 55.2208 18.5547 10.7655
internal_count=203 180 176 52 124 98 62
is_linear=0
shrinkage=0.03


Tree=277
num_leaves=8
num_cat=0
split_feature=6 18 8 26 26 4 10
split_gain=0.00619889 0.00382407 0.00619945 0.00767826 0.00327651 0.00432617 0.0105464
threshold=-11.499999999999998 75.500000000000014 -1.4999999999999998 0.40966402954315184 0.12053668025532312 23.083333333333339 3.5000000000000004
decision_type=2 2 2 2 2 2 2
left_child=-1 2 3 -2 5 6 -4
right_child=1 -3 4 -5 -6 -7 -8
leaf_value=-0.00055406839340255902 0.0012819437992167072 0.00031316397266131947 -0.0021967917639252018 0 0 0 0
leaf_weight=17.098168581724167 5.5727366209030134 37.219226688146591 3.6729400455951717 2.5330621004104614 27.673702582716942 15.325025290250776 2.1531027853488922
leaf_count=19 39 6 29 20 54 20 16
internal_value=0 5.01887e-05 0 0.000571007 -0.00024039 -0.00051943 -0.00125711
internal_weight=111.248 94.1498 56.9306 8.1058 48.8248 21.1511 5.82604
internal_count=203 184 178 59 119 65 45
is_linear=0
shrinkage=0.03


Tree=278
num_leaves=8
num_cat=0
split_feature=7 15 21 16 28 16 14
split_gain=0.00591873 0.00806812 0.0102663 0.00339315 0.00676328 0.00163816 0.00112295
threshold=-0.44138614090732681 17.115000000000006 29.500000000000004 28.735000000000003 4.6407142857142869 5.4700000000000015 8.2485714285714291
decision_type=2 2 2 2 2 2 2
left_child=1 2 -1 4 -2 -6 -5
right_child=3 -3 -4 6 5 -7 -8
leaf_value=-0.002004037003898312 0 0 0 0 0 0.00066838555759021203 -0.00027587774428596034
leaf_weight=5.0661242008209246 18.554679319262505 6.9659205079078665 7.4092065840959549 15.008392587304117 21.076551392674446 24.058494120836258 13.108595982193945
leaf_count=40 39 11 24 36 10 20 23
internal_value=0 -0.000505788 -0.00098168 5.48027e-05 0.0002278 0.000455033 -1.86212e-05
internal_weight=111.248 19.4413 12.4753 91.8067 63.6897 45.135 28.117
internal_count=203 75 64 128 69 30 59
is_linear=0
shrinkage=0.03


Tree=279
num_leaves=9
num_cat=0
split_feature=7 15 21 13 28 4 26 18
split_gain=0.00553776 0.00774886 0.0095855 0.00485353 0.00202967 0.000919353 0.000308624 0.000289591
threshold=-0.44138614090732681 17.115000000000006 29.500000000000004 8.83357142857143 8.2485714285714291 47.166666666666679 0.74851074817110097 15.500000000000002
decision_type=2 2 2 2 2 2 2 2
left_child=1 2 -1 5 -5 6 7 -2
right_child=3 -3 -4 4 -6 -7 -8 -9
leaf_value=-0.0019472769971390746 0 0 0 0 0.00058912535510048409 -0.00013354314223693457 0 0.00026646617303323355
leaf_weight=5.0661242008209246 3.6729400455951673 6.9659205079078665 7.4092065840959549 13.609613463282587 18.232451558113098 46.096133440732956 2.9130214154720298 7.2825534790754318
leaf_count=40 28 11 24 19 22 16 16 27
internal_value=0 -0.000490359 -0.000957839 5.07431e-05 0.000378524 0 0 0.000157092
internal_weight=111.248 19.4413 12.4753 91.8067 31.8421 59.9646 13.8685 10.9555
internal_count=203 75 64 128 41 87 71 55
is_linear=0
shrinkage=0.03


Tree=280
num_leaves=9
num_cat=0
split_feature=21 4 0 16 9 29 16 12
split_gain=0.00660509 0.0112019 0.00355307 0.00385685 0.00201503 0.00225854 0.0004894 0.000315418
threshold=34.500000000000007 0.75000000000000011 10.16666666666667 44.630000000000003 69.000000000000014 69.000000000000014 22.255000000000006 11.619285714285711
decision_type=2 2 2 2 2 2 2 2
left_child=1 -1 7 6 5 -2 -4 -3
right_child=4 2 3 -5 -6 -7 -8 -9
leaf_value=-0.0029763453486648045 0.00048717920464638737 0.00027625748165129076 0 0 -0.00011644330562943831 0 -0.00096030978603722295 0
leaf_weight=1.7731434702873254 12.791963309049608 3.4196338355541256 4.3695321232080477 7.3458800315856925 54.196336895227432 14.248473748564718 7.4092065840959549 2.5330621004104614
leaf_count=14 28 27 29 30 14 8 33 20
internal_value=-0.0001469 -0.000552357 0 -0.000405739 0 0.000198254 -0.000743049 0
internal_weight=108.087 26.8505 25.0773 19.1246 81.2368 27.0404 11.7787 5.9527
internal_count=203 153 139 92 50 36 62 47
is_linear=0
shrinkage=0.03


Tree=281
num_leaves=7
num_cat=0
split_feature=19 7 23 26 17 29
split_gain=0.00647264 0.00951947 0.0135449 0.00200799 0.00437285 0.00205643
threshold=24.130000000000003 -0.31466458109543249 16.590000000000003 0.23931566428755774 8.732857142857144 23.500000000000004
decision_type=2 2 2 2 2 2
left_child=1 2 -1 5 -5 -2
right_child=3 -3 -4 4 -6 -7
leaf_value=-0.0020273108028455696 0 0 0 -0.00040643846819666938 0 0.00053921134479878322
leaf_weight=6.7126145362853986 3.9262462556362143 21.087741419672966 6.0793487727642059 25.077313870191574 33.805187910795212 11.398779332637785
leaf_count=35 28 54 4 29 21 32
internal_value=-0.00014371 -0.000485721 -0.0011271 0 -6.58429e-05 0.000315023
internal_weight=108.087 33.8797 12.792 74.2075 58.8825 15.325
internal_count=203 93 39 110 50 60
is_linear=0
shrinkage=0.03


Tree=282
num_leaves=9
num_cat=0
split_feature=21 4 0 23 14 2 19 12
split_gain=0.00621127 0.0103466 0.00329729 0.00603156 0.00140542 0.000669966 0.00153529 0.00031505
threshold=34.500000000000007 0.75000000000000011 10.16666666666667 -3.5749999999999997 -1.4357142857142857 0.83290190301144784 28.735000000000003 11.619285714285711
decision_type=2 2 2 2 2 2 2 2
left_child=1 -1 7 -4 -5 6 -2 -3
right_child=5 2 3 4 -6 -7 -8 -9
leaf_value=-0.0028628199792870789 -0.00027188660324618515 0.00027609638307514223 0 0 -0.0010562604897789035 9.5699480569315604e-05 0 0
leaf_weight=1.7731434702873254 22.417598724365234 3.4196338355541256 6.5226348787546238 4.2428789883852067 8.3591048717498637 33.045269280672073 25.773905947804451 2.5330621004104614
leaf_count=14 16 27 30 19 43 10 24 20
internal_value=-0.000138823 -0.000531818 0 -0.000390862 -0.000806691 0 -7.83374e-05 0
internal_weight=108.087 26.8505 25.0773 19.1246 12.602 81.2368 48.1915 5.9527
internal_count=203 153 139 92 62 50 40 47
is_linear=0
shrinkage=0.03


Tree=283
num_leaves=7
num_cat=0
split_feature=19 7 23 26 17 29
split_gain=0.0059546 0.00885877 0.0125927 0.0018749 0.00406146 0.00192885
threshold=24.130000000000003 -0.31466458109543249 16.590000000000003 0.23931566428755774 8.732857142857144 23.500000000000004
decision_type=2 2 2 2 2 2
left_child=1 2 -1 5 -5 -2
right_child=3 -3 -4 4 -6 -7
leaf_value=-0.0019484836041821088 0 0 0 -0.0003904461851991393 0 0.00052381712217670364
leaf_weight=6.7126145362853986 3.9262462556362143 21.087741419672966 6.0793487727642059 25.077313870191574 33.805187910795212 11.398779332637785
leaf_count=35 28 54 4 29 21 32
internal_value=-0.000134424 -0.000462703 -0.00108071 0 -6.00496e-05 0.000307141
internal_weight=108.087 33.8797 12.792 74.2075 58.8825 15.325
internal_count=203 93 39 110 50 60
is_linear=0
shrinkage=0.03


Tree=284
num_leaves=8
num_cat=0
split_feature=21 16 15 11 23 9 29
split_gain=0.00581722 0.00764073 0.0100848 0.00386881 0.00642505 0.00178652 0.00199843
threshold=34.500000000000007 44.630000000000003 16.43214285714286 12.019285714285717 -4.1742857142857135 69.000000000000014 69.000000000000014
decision_type=2 2 2 2 2 2 2
left_child=1 2 3 4 -1 6 -2
right_child=5 -3 -4 -5 -6 -7 -8
leaf_value=0 0.00046577887058736221 0 0 0 -0.0020054187219045415 -0.00010192567022878921 0
leaf_weight=4.2428790181875247 12.791963309049608 8.4857579767703992 2.7230417579412451 3.6729400157928458 7.7258393764495885 54.196336895227432 14.248473748564718
leaf_count=23 28 39 21 21 49 14 8
internal_value=-0.000129746 -0.000509937 -0.000864113 -0.00120149 -0.00146954 0 0.000195196
internal_weight=108.087 26.8505 18.3647 15.6417 11.9687 81.2368 27.0404
internal_count=203 153 114 93 72 50 36
is_linear=0
shrinkage=0.03


Tree=285
num_leaves=9
num_cat=0
split_feature=6 8 21 26 10 18 21 20
split_gain=0.00472777 0.0105359 0.0112631 0.00670673 0.00257935 0.00242445 0.00203266 0.000840086
threshold=-11.499999999999998 -1.4999999999999998 29.500000000000004 0.40966402954315184 24.500000000000004 75.500000000000014 6.5000000000000009 -4.6821428571428561
decision_type=2 2 2 2 2 2 2 2
left_child=-1 3 4 -2 6 -4 -3 -8
right_child=1 2 5 -5 -6 -7 7 -9
leaf_value=-0.00043394284357543454 0.0014131297285939406 0 0 0 0 0.00033953805643439244 0 -0.0013131671685442359
leaf_weight=16.908188924193382 7.9791455864906293 4.3062055706977871 36.602745920419693 2.2797558903694153 3.039674460887908 35.699389457702637 3.7362665683031064 7.2825535088777542
leaf_count=18 45 34 26 18 4 4 18 44
internal_value=0 0.000100115 0 0.000997058 -0.000661548 0.00016465 -0.000819363 -0.00104326
internal_weight=117.834 100.926 90.6668 10.2589 18.3647 72.3021 15.325 11.0188
internal_count=211 193 130 63 100 30 96 62
is_linear=0
shrinkage=0.03


Tree=286
num_leaves=7
num_cat=0
split_feature=18 8 7 17 2 29
split_gain=0.0044012 0.00713578 0.0106363 0.00926107 0.00588499 0.00365643
threshold=9.5000000000000018 -13.499999999999998 1.2081589408111693 10.967857142857147 0.11819410106479865 73.500000000000014
decision_type=2 2 2 2 2 2
left_child=4 -2 3 5 -1 -3
right_child=1 2 -4 -5 -6 -7
leaf_value=-0.0015828324078951152 -0.00039401195038330265 0.00098112596967603652 0 0 0 0
leaf_weight=3.166327625513075 12.601983621716498 26.908189222216606 41.277720957994461 20.201169446110725 5.319430410861969 8.3591046035289747
leaf_count=25 24 64 27 25 42 4
internal_value=0 7.23011e-05 0.000226812 0.000511048 -0.000620977 0.000802403
internal_weight=117.834 109.348 96.7462 55.4685 8.48576 35.2673
internal_count=211 144 120 93 67 68
is_linear=0
shrinkage=0.03


Tree=287
num_leaves=8
num_cat=0
split_feature=18 8 7 29 16 2 5
split_gain=0.00409745 0.00671438 0.0101414 0.00730464 0.0103812 0.00556801 0.000954341
threshold=9.5000000000000018 -13.499999999999998 1.2081589408111693 75.500000000000014 6.830000000000001 0.11819410106479865 3.5000000000000004
decision_type=2 2 2 2 2 2 2
left_child=5 -2 3 4 -3 -1 -6
right_child=1 2 -4 -5 6 -7 -8
leaf_value=-0.001539457163354642 -0.00038246645692225641 0 0 0 0.0012520888514244751 0 0
leaf_weight=3.166327625513075 12.601983621716498 7.0925736129283896 41.277720957994461 18.238046288490295 19.182350113987926 5.319430410861969 10.955493256449698
leaf_count=25 24 11 27 4 61 42 17
internal_value=0 6.64365e-05 0.000218651 0.000496847 0.000736198 -0.000603864 0.000987541
internal_weight=117.834 109.348 96.7462 55.4685 37.2304 8.48576 30.1378
internal_count=211 144 120 93 89 67 78
is_linear=0
shrinkage=0.03


Tree=288
num_leaves=6
num_cat=0
split_feature=18 5 7 5 2
split_gain=0.00382226 0.00615272 0.0110099 0.0121052 0.00526813
threshold=9.5000000000000018 -7.4999999999999991 1.2081589408111693 3.5000000000000004 0.11819410106479865
decision_type=2 2 2 2 2
left_child=4 -2 3 -3 -1
right_child=1 2 -4 -5 -6
leaf_value=-0.0014972705536723679 -0.00026977264100862459 0.0011037087510754227 0 0 0
leaf_weight=3.166327625513075 17.858087211847305 20.575534269213676 41.277720957994461 29.636825412511826 5.319430410861969
leaf_count=25 25 68 27 24 42
internal_value=0 6.11838e-05 0.000224504 0.000536431 -0.00058722
internal_weight=117.834 109.348 91.4901 50.2124 8.48576
internal_count=211 144 119 92 67
is_linear=0
shrinkage=0.03


Tree=289
num_leaves=9
num_cat=0
split_feature=6 18 7 28 26 29 25 7
split_gain=0.00389417 0.00617524 0.0108743 0.00884958 0.00389 0.00320164 0.00155168 0.00133601
threshold=-11.499999999999998 9.5000000000000018 1.2081589408111693 14.725000000000001 -0.060268340127661524 73.500000000000014 -7.1514285714285704 0.28936189854552991
decision_type=2 2 2 2 2 2 2 2
left_child=-1 4 3 5 7 6 -3 -2
right_child=1 2 -4 -5 -6 -7 -8 -9
leaf_value=-0.00040680033512389708 -0.0015964138566462245 0 0 0 0 0 0.001014431489763631 0
leaf_weight=16.908188924193382 2.1531027853488922 3.1663276255130723 41.277720957994461 14.121820673346518 3.6729400455951673 8.3591046035289747 25.641658172011383 2.5330621004104614
leaf_count=18 17 19 27 21 29 4 56 20
internal_value=0 8.05654e-05 0.00022416 0.000529302 -0.000422871 0.00077352 0.000932284 -0.00100632
internal_weight=117.834 100.926 92.5666 51.2889 8.3591 37.1671 28.808 4.68616
internal_count=211 193 127 100 66 79 75 37
is_linear=0
shrinkage=0.03


Tree=290
num_leaves=7
num_cat=0
split_feature=19 13 20 11 27 27
split_gain=0.00555659 0.00814766 0.00282394 0.0025126 0.00158188 0.000393258
threshold=25.840000000000003 1.0000000180025095e-35 -5.1621428571428565 2.5478571428571435 4.7521428571428581 -5.2249999999999988
decision_type=2 2 2 2 2 2
left_child=2 5 -1 -3 -4 -2
right_child=1 3 4 -5 -6 -7
leaf_value=0 0 0.00065827403298757028 -0.00059094985183498743 0 0 -0.00012294765889076136
leaf_weight=7.9791453480720511 7.9158187657594707 26.77594105899334 19.251271367073063 24.570701509714127 7.1559004038572303 23.114190801978111
leaf_count=17 10 26 40 39 38 29
internal_value=0 0.000160826 -0.000287272 0.000428237 -0.000449827 0
internal_weight=116.763 82.3767 34.3863 51.3466 26.4072 31.03
internal_count=199 104 95 65 78 39
is_linear=0
shrinkage=0.03


Tree=291
num_leaves=9
num_cat=0
split_feature=19 13 11 28 6 5 5 27
split_gain=0.00518658 0.00780633 0.00224775 0.00215946 0.00234287 0.00146309 0.001862 0.000370309
threshold=25.840000000000003 1.0000000180025095e-35 2.5478571428571435 -8.0314285714285703 1.0000000180025095e-35 3.5000000000000004 1.0000000180025095e-35 -5.2249999999999988
decision_type=2 2 2 2 2 2 2 2
left_child=3 7 -3 -1 5 6 -5 -2
right_child=1 2 -4 4 -6 -7 -8 -9
leaf_value=0 0 0.00063874462817830767 0 -0.0013002387979615287 0 0 0 -0.00011930649933493893
leaf_weight=2.9763479679822913 7.9158187657594707 26.77594105899334 24.570701509714127 5.446083486080175 12.855289831757544 6.2693284302949897 6.8392674028873444 23.114190801978111
leaf_count=16 10 26 39 29 35 5 10 29
internal_value=0 0.000155462 0.000417999 -0.000277432 -0.000381423 -0.000597084 -0.000799206 0
internal_weight=116.763 82.3767 51.3466 34.3863 31.41 18.5547 12.2854 31.03
internal_count=199 104 65 95 79 44 39 39
is_linear=0
shrinkage=0.03


Tree=292
num_leaves=8
num_cat=0
split_feature=20 14 24 25 13 10 26
split_gain=0.00315847 0.00508351 0.00675078 0.00208059 0.00155071 0.00443008 0.00120742
threshold=14.725000000000001 -0.81714285714285684 29.435000000000002 11.619285714285711 0.91428571428571426 13.500000000000002 0.17992617227144031
decision_type=2 2 2 2 2 2 2
left_child=1 2 -1 -2 6 -6 -3
right_child=3 4 -4 -5 5 -7 -8
leaf_value=-0.0014480412815318791 0 0 0 0.00048696974361243445 0.000391741894688051 0 -0.00030853049062375278
leaf_weight=4.9394710958004024 10.132248073816301 11.082146361470224 11.145472943782805 18.169125005602837 32.164292812347412 13.805187851190565 15.325025111436842
leaf_count=31 19 23 25 21 61 5 14
internal_value=0 -6.14698e-05 -0.000547447 0.000296076 0 0.000146641 -0.000122486
internal_weight=116.763 88.4616 16.0849 28.3014 72.3767 45.9695 26.4072
internal_count=199 159 56 40 103 66 37
is_linear=0
shrinkage=0.03


Tree=293
num_leaves=8
num_cat=0
split_feature=20 29 7 1 28 25 9
split_gain=0.00298952 0.00405138 0.00684245 0.0154179 0.00430986 0.00196949 0.000738043
threshold=14.725000000000001 23.500000000000004 -1.0000000180025095e-35 8.7500000000000018 8.7800000000000029 11.619285714285711 73.500000000000014
decision_type=2 2 2 2 2 2 2
left_child=1 2 3 -1 6 -2 -3
right_child=5 4 -4 -5 -6 -7 -8
leaf_value=-0.0030512951351141979 0 0.00032684120605626626 0 0 -0.00023109766769110939 0.00047259794034260083 0
leaf_weight=2.2797558903694135 10.132248073816301 25.647253081202507 7.5358597487211227 3.2929807305335999 32.866479352116585 18.169125005602837 16.839267373085022
leaf_count=18 19 46 52 24 16 21 3
internal_value=0 -6.1713e-05 -0.000545109 -0.00131417 0 0.000286796 0.000221942
internal_weight=116.763 88.4616 13.1086 5.57274 75.353 28.3014 42.4865
internal_count=199 159 94 42 65 40 49
is_linear=0
shrinkage=0.03


Tree=294
num_leaves=8
num_cat=0
split_feature=20 14 24 25 13 10 20
split_gain=0.00280297 0.0046979 0.00612518 0.00186454 0.00134376 0.0041622 0.00116942
threshold=14.725000000000001 -0.81714285714285684 29.435000000000002 11.619285714285711 0.91428571428571426 13.500000000000002 1.8664285714285718
decision_type=2 2 2 2 2 2 2
left_child=1 2 -1 -2 6 -6 -3
right_child=3 4 -4 -5 5 -7 -8
leaf_value=-0.0013854051715195218 0 0 0 0.00045865032896780011 0.00037708442078624642 0 -0.00034122767631414736
leaf_weight=4.9394710958004024 10.132248073816301 14.755086198449137 11.145472943782805 18.169125005602837 32.164292812347412 13.805187851190565 11.65208527445793
leaf_count=31 19 21 25 21 61 5 16
internal_value=0 -5.96279e-05 -0.000526602 0.000277789 0 0.00013714 -0.000112693
internal_weight=116.763 88.4616 16.0849 28.3014 72.3767 45.9695 26.4072
internal_count=199 159 56 40 103 66 37
is_linear=0
shrinkage=0.03


Tree=295
num_leaves=8
num_cat=0
split_feature=27 19 27 25 0 23 23
split_gain=0.00495162 0.00486418 0.00341614 0.00325433 0.00305318 0.000662981 0.00134865
threshold=-0.44642857142857145 26.625000000000004 17.290714285714291 -4.2728571428571422 83.166666666666686 3.8957142857142864 16.590000000000003
decision_type=2 2 2 2 2 2 2
left_child=1 -1 3 -2 5 -5 -7
right_child=2 -3 -4 4 -6 6 -8
leaf_value=0 0 0.00045670989213109569 0 0 0 -0.00087475631672441002 0
leaf_weight=12.285350888967512 16.844862371683121 34.438453614711761 14.248473778367041 16.274923458695412 15.699389457702635 15.578331559896471 7.7891656905412665
leaf_count=36 23 33 24 28 2 41 15
internal_value=0 0.000246967 -0.000135324 -0.000253628 -0.000369377 -0.000508786 -0.000679765
internal_weight=133.159 46.7238 86.4351 72.1867 55.3418 39.6424 23.3675
internal_count=202 69 133 109 86 84 56
is_linear=0
shrinkage=0.03


Tree=296
num_leaves=7
num_cat=0
split_feature=27 19 27 25 0 16
split_gain=0.00457712 0.00464611 0.00330908 0.00314995 0.00292784 0.00135755
threshold=-0.44642857142857145 26.625000000000004 17.290714285714291 -4.2728571428571422 83.166666666666686 70.955000000000027
decision_type=2 2 2 2 2 2
left_child=1 -1 3 -2 5 -5
right_child=2 -3 -4 4 -6 -7
leaf_value=0 0 0.0004431269073565147 0 -0.00058258965880033156 0 0
leaf_weight=12.285350888967512 16.844862371683121 34.438453614711761 14.248473778367041 32.549847096204758 15.699389457702635 7.0925736129283896
leaf_count=36 23 33 24 77 2 7
internal_value=0 0.000236933 -0.00013061 -0.000247988 -0.00036203 -0.000498551
internal_weight=133.159 46.7238 86.4351 72.1867 55.3418 39.6424
internal_count=202 69 133 109 86 84
is_linear=0
shrinkage=0.03


Tree=297
num_leaves=6
num_cat=0
split_feature=27 19 27 25 1
split_gain=0.00418005 0.00443809 0.00316151 0.00300727 0.00178432
threshold=-0.44642857142857145 26.625000000000004 17.290714285714291 -4.2728571428571422 90.024125000000012
decision_type=2 2 2 2 2
left_child=1 -1 3 -2 -5
right_child=2 -3 -4 4 -6
leaf_value=0 0 0.0004299479123124371 0 -0.00043135726068271098 0
leaf_weight=12.285350888967512 16.844862371683121 34.438453614711761 14.248473778367041 45.341810166835785 9.9999999999999982
leaf_count=36 23 33 24 85 1
internal_value=0 0.000227197 -0.000124051 -0.00024014 -0.000351806
internal_weight=133.159 46.7238 86.4351 72.1867 55.3418
internal_count=202 69 133 109 86
is_linear=0
shrinkage=0.03


Tree=298
num_leaves=8
num_cat=0
split_feature=6 20 20 22 20 8 29
split_gain=0.00312818 0.00220099 0.000297219 0.00164985 0.00193469 0.00121425 0.000678989
threshold=-11.499999999999998 14.725000000000001 4.890714285714286 -8.0314285714285703 8.482857142857144 7.5000000000000009 82.500000000000014
decision_type=2 2 2 2 2 2 2
left_child=-1 2 5 -4 -5 6 -2
right_child=1 -3 3 4 -6 -7 -8
leaf_value=-0.00036929811045962994 0.00032553339410853018 0.00029401870866289671 0 0 -0.00068490985342032067 0 0
leaf_weight=17.541454449295998 16.021617487072945 27.034842059016228 10.126653105020525 11.082146361470224 7.0925738215446463 34.259663537144661 10.000000000000002
leaf_count=19 64 38 2 22 30 26 1
internal_value=0 5.74154e-05 0 -9.19427e-05 -0.000305712 2.06034e-05 0.000206144
internal_weight=133.159 115.617 88.5827 28.3014 18.1747 60.2813 26.0216
internal_count=202 183 145 54 52 91 65
is_linear=0
shrinkage=0.03


Tree=299
num_leaves=8
num_cat=0
split_feature=27 7 27 25 0 23 23
split_gain=0.00374082 0.00388645 0.00297311 0.00286429 0.00271201 0.000842804 0.00125993
threshold=-0.44642857142857145 0.32519007135049055 17.290714285714291 -4.2728571428571422 83.166666666666686 3.8957142857142864 16.590000000000003
decision_type=2 2 2 2 2 2 2
left_child=1 -1 3 -2 5 -5 -7
right_child=2 -3 -4 4 -6 6 -8
leaf_value=0 0 0.00041242923826430506 0 0 0 -0.00082353111020043207 0
leaf_weight=13.615208461880682 16.844862371683121 33.108596041798592 14.248473778367041 16.274923458695412 15.699389457702635 15.578331559896471 7.7891656905412665
leaf_count=36 23 33 24 28 2 41 15
internal_value=0 0.000215556 -0.000116729 -0.000230691 -0.000340087 -0.00047141 -0.000638036
internal_weight=133.159 46.7238 86.4351 72.1867 55.3418 39.6424 23.3675
internal_count=202 69 133 109 86 84 56
is_linear=0
shrinkage=0.03


Tree=300
num_leaves=6
num_cat=0
split_feature=3 3 14 11 16
split_gain=0.00261646 0.00519098 0.00444898 0.00282105 0.00270246
threshold=28.000000000000004 1.2500000000000002 8.5464285714285726 7.7185714285714289 4.3500000000000005
decision_type=2 2 2 2 2
left_child=1 -1 3 4 -2
right_child=2 -3 -4 -5 -6
leaf_value=-0.0015119343715971859 0 0 0 0 0.00070987360071047894
leaf_weight=2.2797558903694179 10.949898287653925 15.768311575055121 45.082908600568771 21.214394256472588 19.752288997173309
leaf_count=18 6 119 14 14 29
internal_value=0 -0.00025842 0.000107744 0.00031355 0.000497478
internal_weight=115.048 18.0481 96.9995 51.9166 30.7022
internal_count=200 137 63 49 35
is_linear=0
shrinkage=0.03


Tree=301
num_leaves=7
num_cat=0
split_feature=3 8 14 10 11 7
split_gain=0.00245903 0.00508477 0.00425834 0.00376455 0.00265169 0.000286712
threshold=28.000000000000004 -1.4999999999999998 8.5464285714285726 1.0000000180025095e-35 7.7185714285714289 -0.93874623249307154
decision_type=2 2 2 2 2 2
left_child=1 5 4 -3 -2 -1
right_child=2 3 -4 -5 -6 -7
leaf_value=0 0.00048390916682910758 -0.0014928881907205443 0 0 0 0.00025901414381274894
leaf_weight=2.4064089953899384 30.702187284827232 3.7995931506156913 45.082908600568771 8.2957783788442594 21.214394256472588 3.5462869405746487
leaf_count=19 35 30 14 60 14 28
internal_value=0 -0.000252784 0.00010342 -0.000681014 0.000305494 0
internal_weight=115.048 18.0481 96.9995 12.0954 51.9166 5.9527
internal_count=200 137 63 90 49 47
is_linear=0
shrinkage=0.03


Tree=302
num_leaves=7
num_cat=0
split_feature=3 8 11 23 10 7
split_gain=0.00227999 0.00490872 0.00384569 0.00358241 0.00346278 0.000271071
threshold=28.000000000000004 -1.4999999999999998 8.7464285714285737 2.1835714285714283 1.0000000180025095e-35 -0.93874623249307154
decision_type=2 2 2 2 2 2
left_child=1 5 3 -2 -3 -1
right_child=2 4 -4 -5 -6 -7
leaf_value=0 0 -0.0014513790048170266 0 0.00051498828541922674 0 0.00025184978531217261
leaf_weight=2.4064089953899384 38.554679289460182 3.7995931506156913 29.953458145260811 28.491352707147598 8.2957783788442594 3.5462869405746487
leaf_count=19 26 30 17 20 60 28
internal_value=0 -0.000245011 9.88395e-05 0.000255944 -0.000667286 0
internal_weight=115.048 18.0481 96.9995 67.046 12.0954 5.9527
internal_count=200 137 63 46 90 47
is_linear=0
shrinkage=0.03


Tree=303
num_leaves=8
num_cat=0
split_feature=3 8 14 11 11 16 27
split_gain=0.00211119 0.00474017 0.00394004 0.00341182 0.00244951 0.00244646 0.00139381
threshold=28.000000000000004 -1.4999999999999998 8.5464285714285726 -1.7957142857142858 7.7185714285714289 4.3500000000000005 14.725000000000001
decision_type=2 2 2 2 2 2 2
left_child=1 -1 4 -3 5 -2 -5
right_child=2 3 -4 6 -6 -7 -8
leaf_value=0 0 0 0 -0.001222319271150704 0 0.00066313428792287869 0
leaf_weight=5.952695935964587 10.949898287653925 3.7362665981054315 45.082908600568771 6.1426755934953654 21.214394256472588 19.752288997173309 2.2164293378591537
leaf_count=47 6 28 14 45 14 29 17
internal_value=0 -0.000237455 9.43155e-05 -0.000653939 0.000290664 0.000461961 -0.000983243
internal_weight=115.048 18.0481 96.9995 12.0954 51.9166 30.7022 8.3591
internal_count=200 137 63 90 49 35 62
is_linear=0
shrinkage=0.03


Tree=304
num_leaves=6
num_cat=0
split_feature=12 29 11 14 29
split_gain=0.00193344 0.00276896 0.00847072 0.00685047 0.000165576
threshold=16.822142857142861 34.500000000000007 -7.3099999999999996 2.7050000000000005 61.500000000000007
decision_type=2 2 2 2 2
left_child=1 2 -1 -4 -3
right_child=-2 4 3 -5 -6
leaf_value=0 0.0002642250652290711 6.4608337584129923e-05 -0.0013880203397377449 0 0
leaf_weight=4.2428790181875256 24.116225913167 35.399541422724724 8.1691252738237399 9.3723297119140607 33.747456267476082
leaf_count=26 30 24 51 55 14
internal_value=0 -1.97199e-05 -0.000338304 -0.000754299 0
internal_weight=115.048 90.9313 21.7843 17.5415 69.147
internal_count=200 170 132 106 38
is_linear=0
shrinkage=0.03


Tree=305
num_leaves=8
num_cat=0
split_feature=20 22 20 20 27 14 20
split_gain=0.00565462 0.00560778 0.00403969 0.00813992 0.00207124 0.000328924 9.79117e-05
threshold=14.725000000000001 -8.0314285714285703 -4.1742857142857135 8.482857142857144 5.2742857142857149 -7.0578571428571415 4.890714285714286
decision_type=2 2 2 2 2 2 2
left_child=1 -1 -3 4 6 -2 -4
right_child=5 2 3 -5 -6 -7 -8
leaf_value=0 0 0 -0.00044317971590174905 -0.0016875544180798587 0 0.00029658599348164594 0
leaf_weight=14.242879018187521 7.1559001356363323 28.174720004200935 10.89216670393944 6.5226348787546149 17.604781031608582 19.878941923379898 9.7522887587547284
leaf_count=26 4 35 19 33 33 34 14
internal_value=-2.22974e-05 -0.000204732 -0.00034492 -0.000523453 -7.98837e-05 0.000232607 -0.000317408
internal_weight=114.224 87.1895 72.9466 44.7719 38.2492 27.0348 20.6445
internal_count=198 160 134 99 66 38 33
is_linear=0
shrinkage=0.03


Tree=306
num_leaves=8
num_cat=0
split_feature=20 22 20 20 27 14 20
split_gain=0.00536512 0.00546035 0.00385336 0.00744122 0.00199531 0.000304228 5.84064e-05
threshold=14.725000000000001 -8.0314285714285703 -4.1742857142857135 8.482857142857144 5.2742857142857149 -7.0578571428571415 4.890714285714286
decision_type=2 2 2 2 2 2 2
left_child=1 -1 -3 4 6 -2 -4
right_child=5 2 3 -5 -6 -7 -8
leaf_value=0 0 0 -0.00043024072973895912 -0.0016391538901545193 0 0.00028782074702935921 0
leaf_weight=14.242879018187521 7.1559001356363323 28.174720004200935 10.89216670393944 6.5226348787546149 17.604781031608582 19.878941923379898 9.7522887587547284
leaf_count=26 4 35 19 33 33 34 14
internal_value=-1.96939e-05 -0.000199302 -0.000338434 -0.000512914 -7.6127e-05 0.000226136 -0.000310494
internal_weight=114.224 87.1895 72.9466 44.7719 38.2492 27.0348 20.6445
internal_count=198 160 134 99 66 38 33
is_linear=0
shrinkage=0.03


Tree=307
num_leaves=8
num_cat=0
split_feature=20 22 20 20 27 14 20
split_gain=0.0050903 0.00531824 0.00367651 0.006787 0.00192257 0.000281124 2.19092e-05
threshold=14.725000000000001 -8.0314285714285703 -4.1742857142857135 8.482857142857144 5.2742857142857149 -7.0578571428571415 4.890714285714286
decision_type=2 2 2 2 2 2 2
left_child=1 -1 -3 4 6 -2 -4
right_child=5 2 3 -5 -6 -7 -8
leaf_value=0 0 0 -0.00041767946702718912 -0.0015921415959434099 0 0.00027931446273723467 0
leaf_weight=14.242879018187521 7.1559001356363323 28.174720004200935 10.89216670393944 6.5226348787546149 17.604781031608582 19.878941923379898 9.7522887587547284
leaf_count=26 4 35 19 33 33 34 14
internal_value=-1.71644e-05 -0.000194029 -0.000332136 -0.000502678 -7.24801e-05 0.000219856 -0.000303782
internal_weight=114.224 87.1895 72.9466 44.7719 38.2492 27.0348 20.6445
internal_count=198 160 134 99 66 38 33
is_linear=0
shrinkage=0.03


Tree=308
num_leaves=8
num_cat=0
split_feature=25 22 8 29 27 8 25
split_gain=0.0035927 0.00458121 0.00400284 0.00756732 0.00761534 0.0020818 0.00172139
threshold=17.290714285714291 -8.0314285714285703 -1.4999999999999998 48.500000000000007 9.8978571428571431 -14.499999999999998 4.2271428571428578
decision_type=2 2 2 2 2 2 2
left_child=1 -1 5 4 -4 -3 -7
right_child=-2 2 3 -5 -6 6 -8
leaf_value=0 0.00022128193481709744 -0.00011881910103015504 -0.0013458288108874725 0 0 0.00079669577051714687 0
leaf_weight=14.432858675718306 18.802390530705452 9.4356560260057467 12.791963487863542 42.993132457137108 8.2324515581130964 4.876144513487815 2.6597152054309845
leaf_count=27 24 14 55 15 21 24 18
internal_value=-1.47068e-05 -0.000155777 -0.000281596 -0.000395262 -0.000889157 0 0.000470709
internal_weight=114.224 95.4219 80.9891 64.0175 21.0244 16.9715 7.53586
internal_count=198 174 147 91 76 56 42
is_linear=0
shrinkage=0.03


Tree=309
num_leaves=8
num_cat=0
split_feature=20 22 20 20 27 19 20
split_gain=0.00463335 0.00506103 0.0034821 0.0060843 0.00176408 0.000234918 1.83339e-05
threshold=14.725000000000001 -8.0314285714285703 -4.1742857142857135 8.482857142857144 5.2742857142857149 44.545000000000009 4.890714285714286
decision_type=2 2 2 2 2 2 2
left_child=1 -1 -3 4 6 -2 -4
right_child=5 2 3 -5 -6 -7 -8
leaf_value=0 0.00032745073032115513 0 -0.00039699243987723163 -0.0015303957012250656 0 0 0
leaf_weight=14.242879018187521 12.976347967982294 28.174720004200935 10.89216670393944 6.5226348787546149 17.604781031608582 14.058494091033934 9.7522887587547284
leaf_count=26 24 35 19 33 33 14 14
internal_value=-1.20109e-05 -0.000184384 -0.000320616 -0.000486398 -6.43733e-05 0.000210578 -0.000288844
internal_weight=114.224 87.1895 72.9466 44.7719 38.2492 27.0348 20.6445
internal_count=198 160 134 99 66 38 33
is_linear=0
shrinkage=0.03


Tree=310
num_leaves=7
num_cat=0
split_feature=29 22 15 11 28 26
split_gain=0.00299263 0.00640908 0.0044296 0.00227475 0.00612973 0.00176519
threshold=18.500000000000004 18.710000000000008 -1.7957142857142858 8.7464285714285737 8.7800000000000029 -0.060268340127661524
decision_type=2 2 2 2 2 2
left_child=1 2 -1 4 -2 -4
right_child=3 -3 5 -5 -6 -7
leaf_value=0 0.00042874222911993041 0 -0.0017107397360704157 -0.00012249254464350584 0 0
leaf_weight=3.6096134930849049 38.876907080411911 2.0264496803283683 4.4961852282285655 23.874109402298927 47.800355419516563 3.9895728081464803
leaf_count=23 50 16 35 21 20 31
internal_value=0 -0.000432138 -0.000826209 1.29885e-06 0.000139176 -0.00119031
internal_weight=124.673 14.1218 12.0954 110.551 86.6773 8.48576
internal_count=196 105 89 91 70 66
is_linear=0
shrinkage=0.03


Tree=311
num_leaves=7
num_cat=0
split_feature=29 22 17 15 11 28
split_gain=0.00277493 0.00620767 0.006486 0.00637504 0.00209997 0.00581186
threshold=18.500000000000004 18.710000000000008 16.185000000000006 -1.7957142857142858 8.7464285714285737 8.7800000000000029
decision_type=2 2 2 2 2 2
left_child=1 2 3 -1 5 -2
right_child=4 -3 -4 -5 -6 -7
leaf_value=0 0.00041597846280997286 0 0 -0.0016743406111458955 -0.00011886337928887852 0
leaf_weight=3.0396745204925502 38.876907080411911 2.0264496803283683 2.3430824428796759 6.7126145660877246 23.874109402298927 47.800355419516563
leaf_count=19 50 16 18 52 21 20
internal_value=0 -0.000416138 -0.000807593 -0.00117683 0 0.000133427
internal_weight=124.673 14.1218 12.0954 9.75229 110.551 86.6773
internal_count=196 105 89 71 91 70
is_linear=0
shrinkage=0.03


Tree=312
num_leaves=9
num_cat=0
split_feature=29 22 17 15 27 17 16 26
split_gain=0.00247188 0.0059158 0.00621172 0.00600771 0.00133925 0.000566689 0.00189603 9.10622e-05
threshold=18.500000000000004 18.710000000000008 16.185000000000006 -1.7957142857142858 -1.1142857142857137 -4.1742857142857135 16.400000000000002 -0.61559370248597534
decision_type=2 2 2 2 2 2 2 2
left_child=1 2 3 -1 -2 -6 -7 -8
right_child=4 -3 -4 -5 5 6 7 -9
leaf_value=0 0.00017104720898044885 0 0 -0.0016262592628784184 0 0 0 -0.00035211243999067537
leaf_weight=3.0396745204925502 40.897761672735214 2.0264496803283683 2.3430824428796759 6.7126145660877246 15.515004798769949 22.158697545528412 13.741861358284948 18.238046526908878
leaf_count=19 32 16 18 52 17 9 11 22
internal_value=0 -0.000392758 -0.000780391 -0.00114329 0 0 -9.67922e-05 -0.000262037
internal_weight=124.673 14.1218 12.0954 9.75229 110.551 69.6536 54.1386 31.9799
internal_count=196 105 89 71 91 59 42 33
is_linear=0
shrinkage=0.03


Tree=313
num_leaves=7
num_cat=0
split_feature=29 22 17 15 11 28
split_gain=0.00219431 0.00563504 0.00594985 0.00566136 0.00185737 0.00547007
threshold=18.500000000000004 18.710000000000008 16.185000000000006 -1.7957142857142858 8.7464285714285737 8.7800000000000029
decision_type=2 2 2 2 2 2
left_child=1 2 3 -1 5 -2
right_child=4 -3 -4 -5 -6 -7
leaf_value=0 0.00040115920379630335 0 0 -0.0015795586255271867 -0.00010952912588409316 0
leaf_weight=3.0396745204925502 38.876907080411911 2.0264496803283683 2.3430824428796759 6.7126145660877246 23.874109402298927 47.800355419516563
leaf_count=19 50 16 18 52 21 20
internal_value=0 -0.00037005 -0.000753971 -0.00111071 0 0.000126035
internal_weight=124.673 14.1218 12.0954 9.75229 110.551 86.6773
internal_count=196 105 89 71 91 70
is_linear=0
shrinkage=0.03


Tree=314
num_leaves=7
num_cat=0
split_feature=19 19 19 6 5 17
split_gain=0.00207674 0.0024655 0.00330252 0.00244416 0.0034554 8.26119e-05
threshold=25.840000000000003 63.235000000000007 38.035000000000004 1.0000000180025095e-35 1.0000000180025095e-35 1.5378571428571433
decision_type=2 2 2 2 2 2
left_child=3 2 -2 4 -1 -3
right_child=1 5 -4 -5 -6 -7
leaf_value=-0.0010688370319080511 0 0 0.00038995227684284373 0 0 -0.00013548097984688741
leaf_weight=5.9526959061622646 38.428026184439659 8.6757373958826083 33.240843936800957 13.488555386662481 14.248473778367041 10.638860523700712
leaf_count=31 35 9 38 38 22 23
internal_value=0 1.97266e-05 0.000171956 -0.000232259 -0.000443548 -8.02862e-05
internal_weight=124.673 90.9835 71.6689 33.6897 20.2012 19.3146
internal_count=196 105 73 91 53 32
is_linear=0
shrinkage=0.03


Tree=315
num_leaves=7
num_cat=0
split_feature=23 20 17 15 16 29
split_gain=0.00250543 0.00437228 0.00319516 0.00360028 0.00312183 0.00697978
threshold=-7.3099999999999996 14.725000000000001 14.177142857142856 11.167142857142862 63.235000000000007 48.500000000000007
decision_type=2 2 2 2 2 2
left_child=-1 2 3 4 5 -2
right_child=1 -3 -4 -5 -6 -7
leaf_value=2.9875014804203474e-06 -0.0015194327268163205 0 0 0 0 0
leaf_weight=20.892166763544083 9.1190235018730181 18.618005841970444 18.992370188236237 17.731434106826782 8.6757373958826047 16.08494371175766
leaf_count=30 45 41 24 26 12 10
internal_value=-5.61711e-05 -0.000170522 -0.000303664 -0.000425845 -0.000608457 -0.000778668
internal_weight=110.114 89.2215 70.6035 51.6111 33.8797 25.204
internal_count=188 158 117 93 67 55
is_linear=0
shrinkage=0.03


Tree=316
num_leaves=7
num_cat=0
split_feature=23 20 17 15 16 29
split_gain=0.00239998 0.00424986 0.00308329 0.00343351 0.00296652 0.00630838
threshold=-7.3099999999999996 14.725000000000001 14.177142857142856 11.167142857142862 63.235000000000007 48.500000000000007
decision_type=2 2 2 2 2 2
left_child=-1 2 3 4 5 -2
right_child=1 -3 -4 -5 -6 -7
leaf_value=2.899130685375517e-06 -0.001475301673593064 0 0 0 0 0
leaf_weight=20.892166763544083 9.1190235018730181 18.618005841970444 18.992370188236237 17.731434106826782 8.6757373958826047 16.08494371175766
leaf_count=30 45 41 24 26 12 10
internal_value=-5.24234e-05 -0.000165879 -0.000297801 -0.000417838 -0.000596296 -0.00076237
internal_weight=110.114 89.2215 70.6035 51.6111 33.8797 25.204
internal_count=188 158 117 93 67 55
is_linear=0
shrinkage=0.03


Tree=317
num_leaves=5
num_cat=0
split_feature=23 20 17 22
split_gain=0.0022984 0.00413207 0.00297656 0.00216526
threshold=-7.3099999999999996 14.725000000000001 14.177142857142856 6.7107142857142863
decision_type=2 2 2 2
left_child=-1 2 3 -2
right_child=1 -3 -4 -5
leaf_value=2.8134041815924757e-06 -0.00054544941308557089 0 0 0
leaf_weight=20.892166763544083 35.589521318674088 18.618005841970444 18.992370188236237 16.021617397665977
leaf_count=30 52 41 24 41
internal_value=-4.87845e-05 -0.00016137 -0.000292109 -0.000410063
internal_weight=110.114 89.2215 70.6035 51.6111
internal_count=188 158 117 93
is_linear=0
shrinkage=0.03


Tree=318
num_leaves=9
num_cat=0
split_feature=5 8 8 17 10 20 17 10
split_gain=0.00222215 0.00134396 0.00304175 0.00159129 0.001453 0.000538487 0.00195554 0.000121536
threshold=-1.4999999999999998 -1.4999999999999998 -18.999999999999996 8.732857142857144 -1.4999999999999998 17.290714285714291 -3.5749999999999997 20.500000000000004
decision_type=2 2 2 2 2 2 2 2
left_child=5 2 -2 4 -3 6 -1 -6
right_child=1 3 -4 -5 7 -7 -8 -9
leaf_value=0 0 0 0.00077115011153613684 0 -0.00056172393650880527 0 -0.00048040382322270166 0
leaf_weight=3.926246225833899 6.206001877784729 8.8023905009031314 6.3326552212238294 40.39114910364151 8.7390641570091265 7.9791453182697287 18.997965157032013 8.7390639483928663
leaf_count=18 3 11 33 29 38 11 38 7
internal_value=-4.3526e-05 0 0.000306575 -6.56047e-06 -0.000232355 -0.000266077 -0.000340571 -0.00039278
internal_weight=110.114 79.2103 12.5387 66.6717 26.2805 30.9034 22.9242 17.4781
internal_count=188 121 36 85 56 67 56 45
is_linear=0
shrinkage=0.03


Tree=319
num_leaves=7
num_cat=0
split_feature=5 12 17 10 17 26
split_gain=0.00208872 0.000794308 0.000915863 0.000286214 0.00130715 0.000536818
threshold=-1.4999999999999998 -1.4357142857142857 -0.40142857142857152 -2.4999999999999996 8.732857142857144 0.29696027566504685
decision_type=2 2 2 2 2 2
left_child=1 -1 -3 5 -5 -2
right_child=3 2 -4 4 -6 -7
leaf_value=0 0.0003125516717487514 0 -0.00069241073058624305 -0.00024690406281861646 0 0
leaf_weight=16.084943771362308 7.2825534790754345 7.5991860330104846 7.2192268967628443 18.99796536564827 40.39114910364151 12.538656860589979
leaf_count=27 27 10 30 54 29 11
internal_value=-4.10393e-05 -0.000257303 -0.000428867 0 0 0.000113146
internal_weight=110.114 30.9034 14.8184 79.2103 59.3891 19.8212
internal_count=188 67 40 121 83 38
is_linear=0
shrinkage=0.03


Tree=320
num_leaves=8
num_cat=0
split_feature=11 29 10 16 23 29 5
split_gain=0.00259846 0.00400018 0.00538048 0.000846142 0.000857707 0.000592852 0.00396268
threshold=8.7464285714285737 23.500000000000004 18.500000000000004 6.830000000000001 15.045714285714288 12.500000000000002 1.0000000180025095e-35
decision_type=2 2 2 2 2 2 2
left_child=1 5 -3 -2 -5 -1 -7
right_child=3 2 -4 4 -6 6 -8
leaf_value=0 0 0.00049564080651564029 0 -0.00034939292442880978 0 -0.0011079967556671443 0
leaf_weight=5.1927773058414441 6.712614297866824 41.277721077203751 20.517802119255066 16.90818910300732 8.3591046631336194 3.0396745204925537 3.1030010730028152
leaf_count=41 9 49 6 38 21 21 15
internal_value=0 0.000155316 0.000294116 -0.000132561 -0.000227972 0 -0.00028778
internal_weight=105.111 73.131 61.7955 31.9799 25.2673 11.3355 6.14268
internal_count=200 132 55 68 59 77 36
is_linear=0
shrinkage=0.03


Tree=321
num_leaves=8
num_cat=0
split_feature=6 8 26 26 5 19 5
split_gain=0.00255921 0.00936044 0.00560195 0.00439423 0.0032366 0.00229297 0.00132403
threshold=-15.499999999999998 -1.4999999999999998 0.40966402954315184 0.12053668025532312 1.5000000000000002 60.560000000000009 1.0000000180025095e-35
decision_type=2 2 2 2 2 2 2
left_child=-1 2 -2 4 6 -5 -3
right_child=1 3 -4 5 -6 -7 -8
leaf_value=-0.00035007505277339512 0.0012560706613380657 -0.0010994217440348337 0 0.00029183237951498271 0 0 0
leaf_weight=9.5623091012239438 8.9290438741445524 5.3194303810596484 2.1531027853488913 38.807985529303551 16.021617397665977 17.984740108251572 6.3326549828052521
leaf_count=9 52 29 15 43 38 8 6
internal_value=0 0.000106867 0.000914501 0 -0.000309973 0.00014897 -0.000684543
internal_weight=105.111 95.5486 11.0821 84.4664 27.6737 56.7927 11.6521
internal_count=200 191 67 124 73 51 35
is_linear=0
shrinkage=0.03


Tree=322
num_leaves=9
num_cat=0
split_feature=6 8 26 26 5 19 5 20
split_gain=0.0023662 0.00880374 0.00534913 0.00416437 0.00309219 0.00218614 0.0011655 0.000305442
threshold=-15.499999999999998 -1.4999999999999998 0.40966402954315184 0.12053668025532312 1.5000000000000002 60.560000000000009 1.0000000180025095e-35 -3.4907142857142852
decision_type=2 2 2 2 2 2 2 2
left_child=-1 2 -2 4 6 7 -3 -5
right_child=1 3 -4 5 -6 -7 -8 -9
leaf_value=-0.00033989224490866995 0.0012196134208739666 -0.0010681999636656153 0 0 0 0 0 0.00032931541639734949
leaf_weight=9.5623091012239438 8.9290438741445524 5.3194303810596484 2.1531027853488913 7.662512555718421 16.021617397665977 17.984740108251572 6.3326549828052521 31.145472973585129
leaf_count=9 52 29 15 8 38 8 6 35
internal_value=0 0.000101642 0.000884941 0 -0.000303701 0.000143019 -0.000669864 0.000283145
internal_weight=105.111 95.5486 11.0821 84.4664 27.6737 56.7927 11.6521 38.808
internal_count=200 191 67 124 73 51 35 43
is_linear=0
shrinkage=0.03


Tree=323
num_leaves=9
num_cat=0
split_feature=6 8 26 26 5 19 5 20
split_gain=0.00219133 0.00827399 0.00510859 0.00395452 0.00295503 0.00209117 0.00101765 0.000274527
threshold=-15.499999999999998 -1.4999999999999998 0.40966402954315184 0.12053668025532312 1.5000000000000002 60.560000000000009 1.0000000180025095e-35 -3.4907142857142852
decision_type=2 2 2 2 2 2 2 2
left_child=-1 2 -2 4 6 7 -3 -5
right_child=1 3 -4 5 -6 -7 -8 -9
leaf_value=-0.00033000563876746456 0.0011842143846944792 -0.0010378647314998424 0 0 0 0 0 0.00031953020274931077
leaf_weight=9.5623091012239438 8.9290438741445524 5.3194303810596484 2.1531027853488913 7.662512555718421 16.021617397665977 17.984740108251572 6.3326549828052521 31.145472973585129
leaf_count=9 52 29 15 8 38 8 6 35
internal_value=0 9.68016e-05 0.000856238 0 -0.000297607 0.000137629 -0.000655601 0.000275277
internal_weight=105.111 95.5486 11.0821 84.4664 27.6737 56.7927 11.6521 38.808
internal_count=200 191 67 124 73 51 35 43
is_linear=0
shrinkage=0.03


Tree=324
num_leaves=8
num_cat=0
split_feature=6 8 9 24 24 20 27
split_gain=0.00202843 0.00777471 0.00283094 0.00251487 0.0030167 0.00155555 0.000335338
threshold=-15.499999999999998 -1.4999999999999998 15.500000000000002 7.6150000000000011 32.390000000000008 -2.887857142857142 -0.44642857142857145
decision_type=2 2 2 2 2 2 2
left_child=-1 2 -2 -3 5 -5 -6
right_child=1 3 -4 4 6 -7 -8
leaf_value=-0.00032040662175100606 0 -0.00049512996405621341 0.0011888101604675021 0 0 0.00039017331034664189 -0.00011462352422710806
leaf_weight=9.5623091012239438 4.0528993606567365 8.2324515581130964 7.0292472988367081 8.8657170534133822 16.839267581701279 27.858087241649635 22.670904964208603
leaf_count=9 32 21 35 15 21 38 29
internal_value=0 9.21052e-05 0.000828368 0 4.73543e-05 0.000279227 0
internal_weight=105.111 95.5486 11.0821 84.4664 76.234 36.7238 39.5102
internal_count=200 191 67 124 103 53 50
is_linear=0
shrinkage=0.03


Tree=325
num_leaves=7
num_cat=0
split_feature=20 15 18 12 6 15
split_gain=0.00197796 0.00330582 0.00185704 0.00427422 0.00560801 0.00363647
threshold=14.725000000000001 -5.1621428571428565 56.000000000000007 -7.0578571428571415 11.500000000000002 11.167142857142862
decision_type=2 2 2 2 2 2
left_child=1 -1 3 -3 5 -5
right_child=-2 2 -4 4 -6 -7
leaf_value=0 0.00019735218742938582 0 0 -0.0013148261178439588 0 0
leaf_weight=17.345880061388016 22.475330516695976 9.309002950787546 22.22761906683445 9.9422686845064181 3.039674460887908 5.6993896961212149
leaf_count=37 38 21 13 53 5 33
internal_value=0 -0.000114719 -0.00027672 -0.00044251 -0.000703215 -0.000951529
internal_weight=90.0392 67.5638 50.218 27.9903 18.6813 15.6417
internal_count=200 162 125 112 91 86
is_linear=0
shrinkage=0.03


Tree=326
num_leaves=6
num_cat=0
split_feature=20 15 19 18 12
split_gain=0.00182301 0.0031655 0.00218567 0.00365624 0.00378425
threshold=14.725000000000001 -5.1621428571428565 11.580000000000002 56.000000000000007 -4.6821428571428561
decision_type=2 2 2 2 2
left_child=1 -1 -3 4 -4
right_child=-2 2 3 -5 -6
leaf_value=0 0.00019150958583790149 0 0 0 -0.00094085614347745052
leaf_weight=17.345880061388016 22.475330516695976 5.5727366209030142 9.182349845767023 21.847659751772881 13.615208640694616
leaf_count=37 38 37 19 12 57
internal_value=0 -0.00010894 -0.000268957 -0.000353657 -0.000621164
internal_weight=90.0392 67.5638 50.218 44.6452 22.7976
internal_count=200 162 125 88 76
is_linear=0
shrinkage=0.03


Tree=327
num_leaves=6
num_cat=0
split_feature=20 15 19 18 12
split_gain=0.00167825 0.00302967 0.00211373 0.00343124 0.00351592
threshold=14.725000000000001 -5.1621428571428565 11.580000000000002 56.000000000000007 -4.6821428571428561
decision_type=2 2 2 2 2
left_child=1 -1 -3 4 -4
right_child=-2 2 3 -5 -6
leaf_value=0 0.00018583997307681778 0 0 0 -0.00091323897781699721
leaf_weight=17.345880061388016 22.475330516695976 5.5727366209030142 9.182349845767023 21.847659751772881 13.615208640694616
leaf_count=37 38 37 19 12 57
internal_value=0 -0.000103277 -0.000261349 -0.000345107 -0.000604526
internal_weight=90.0392 67.5638 50.218 44.6452 22.7976
internal_count=200 162 125 88 76
is_linear=0
shrinkage=0.03


Tree=328
num_leaves=6
num_cat=0
split_feature=20 15 19 18 12
split_gain=0.00154394 0.00289943 0.00204468 0.00321946 0.00326443
threshold=14.725000000000001 -5.1621428571428565 11.580000000000002 56.000000000000007 -4.6821428571428561
decision_type=2 2 2 2 2
left_child=1 -1 -3 4 -4
right_child=-2 2 3 -5 -6
leaf_value=0 0.00018033823123355086 0 0 0 -0.00088643249629678073
leaf_weight=17.345880061388016 22.475330516695976 5.5727366209030142 9.182349845767023 21.847659751772881 13.615208640694616
leaf_count=37 38 37 19 12 57
internal_value=0 -9.77805e-05 -0.000253966 -0.000336807 -0.000588376
internal_weight=90.0392 67.5638 50.218 44.6452 22.7976
internal_count=200 162 125 88 76
is_linear=0
shrinkage=0.03


Tree=329
num_leaves=7
num_cat=0
split_feature=5 8 27 15 14 5
split_gain=0.000689711 0.00749725 0.00243411 0.00504034 0.00258033 0.00210277
threshold=-7.4999999999999991 -1.4999999999999998 -3.7357142857142849 -6.2249999999999996 16.677857142857146 2.0964999999999923
decision_type=2 2 2 2 2 2
left_child=-1 5 -3 -4 -5 -2
right_child=1 2 3 4 -6 -7
leaf_value=-0.0001724862993726545 0.0010642686099267226 3.8298659640421785e-05 0 -0.0008314918441538671 0 0
leaf_weight=19.884536862373352 7.3458800911903364 28.04806686937809 11.58316381275654 12.728636935353281 7.5991860330104819 2.8496948331594467
leaf_count=31 50 30 9 56 14 10
internal_value=0 1.69404e-05 0 -0.000258302 -0.000569296 0.000803006
internal_weight=90.0392 70.1546 59.9591 31.911 20.3278 10.1956
internal_count=200 169 109 79 70 60
is_linear=0
shrinkage=0.03


Tree=330
num_leaves=9
num_cat=0
split_feature=6 8 19 15 10 6 15 7
split_gain=0.00040393 0.00998204 0.00432083 0.00143237 0.00251748 0.00589099 5.43721e-05 1.53549e-05
threshold=-13.499999999999998 -1.4999999999999998 63.235000000000007 1.7057142857142862 -1.4999999999999998 12.500000000000002 -3.4907142857142852 -1.0788452475728758
decision_type=2 2 2 2 2 2 2 2
left_child=-1 2 7 6 -5 -6 -3 -2
right_child=1 3 -4 4 5 -7 -8 -9
leaf_value=-0.00013592451708580695 0 0 0 0 -0.00075905995677864814 0 4.2653629114883885e-05 0.0015089375614459751
leaf_weight=16.528229609131813 2.8496948629617682 26.274923458695412 3.862919643521308 9.3090029209852201 15.071719169616699 11.139877915382385 26.597150951623917 5.3827569633722296
leaf_count=14 19 27 12 15 51 2 20 37
internal_value=0 2.28509e-05 0.000853826 0 -0.000189706 -0.000366179 0 0.00123078
internal_weight=117.016 100.488 12.0954 88.3927 35.5206 26.2116 52.8721 8.23245
internal_count=197 183 68 115 68 53 47 56
is_linear=0
shrinkage=0.03


Tree=331
num_leaves=8
num_cat=0
split_feature=6 8 19 15 10 6 15
split_gain=0.000387246 0.00952165 0.00411912 0.00129133 0.00238417 0.00559493 5.11939e-05
threshold=-13.499999999999998 -1.4999999999999998 63.235000000000007 1.7057142857142862 -1.4999999999999998 12.500000000000002 -3.4907142857142852
decision_type=2 2 2 2 2 2 2
left_child=-1 2 -2 6 -5 -6 -3
right_child=1 3 -4 4 5 -7 -8
leaf_value=-0.00013191949255178976 0.0012022262726860595 0 0 0 -0.00073673256596370974 0 4.1388283037982331e-05
leaf_weight=16.528229609131813 8.2324518263339979 26.274923458695412 3.862919643521308 9.3090029209852201 15.071719169616699 11.139877915382385 26.597150951623917
leaf_count=14 56 27 12 15 51 2 20
internal_value=0 2.35008e-05 0.000834168 0 -0.000180125 -0.000353233 0
internal_weight=117.016 100.488 12.0954 88.3927 35.5206 26.2116 52.8721
internal_count=197 183 68 115 68 53 47
is_linear=0
shrinkage=0.03


Tree=332
num_leaves=7
num_cat=0
split_feature=5 8 8 6 10 15
split_gain=0.000580192 0.00677072 0.00719381 0.000958459 0.00198647 0.00563115
threshold=-7.4999999999999991 -1.4999999999999998 -18.999999999999996 12.500000000000002 -2.4999999999999996 1.7057142857142862
decision_type=2 2 2 2 2 2
left_child=-1 2 -2 4 -3 -6
right_child=1 3 -4 -5 5 -7
leaf_value=-0.00014617270695701018 0 0 0.0011443870971619829 0 0 -0.00071752889407722235
leaf_weight=19.504577547311783 6.2060018777847281 10.068921551108359 9.3723297417163831 36.597150921821594 20.575534000992775 14.691759854555128
leaf_count=29 3 17 55 11 32 50
internal_value=0 3.18173e-05 0.000624506 0 -0.000137484 -0.000272982
internal_weight=117.016 97.5117 15.5783 81.9334 45.3362 35.2673
internal_count=197 168 58 110 99 82
is_linear=0
shrinkage=0.03


Tree=333
num_leaves=9
num_cat=0
split_feature=7 8 12 12 6 10 6 10
split_gain=0.00043426 0.00348448 0.00487298 0.000933511 0.000173302 0.000422532 0.000236967 0.000361904
threshold=-0.83070471707981541 1.0000000180025095e-35 14.177142857142856 13.285000000000002 12.500000000000002 -2.4999999999999996 -7.4999999999999991 29.500000000000004
decision_type=2 2 2 2 2 2 2 2
left_child=3 2 -2 -1 5 -3 -7 -8
right_child=1 4 -4 -5 -6 6 7 -9
leaf_value=-0.00039463905645994172 0.00093915992748592851 0 0 0 0 0 -0.00021257703766500583 0
leaf_weight=7.2192269265651685 8.295778349041937 9.8156153410673124 2.5330620706081381 6.9659205079078674 36.597150921821594 12.095370993018141 23.494150385260589 9.9999999999999982
leaf_count=34 46 15 10 9 11 5 66 1
internal_value=0 2.41101e-05 0.000535892 -0.000151139 0 -5.29146e-05 -0.0001081 -0.000148926
internal_weight=117.016 102.831 10.8288 14.1851 92.0023 55.4051 45.5895 33.4942
internal_count=197 154 56 43 98 87 72 67
is_linear=0
shrinkage=0.03


Tree=334
num_leaves=8
num_cat=0
split_feature=5 8 8 5 9 15 10
split_gain=0.000543209 0.00615528 0.00667339 0.000666677 0.000783946 0.00119526 0.00214163
threshold=-7.4999999999999991 -1.4999999999999998 -18.999999999999996 16.000000000000004 91.000000000000014 -7.1878571428571423 -1.4999999999999998
decision_type=2 2 2 2 2 2 2
left_child=-1 2 -2 4 5 -3 -7
right_child=1 3 -4 -5 -6 6 -8
leaf_value=-0.00014062756718983006 0 0 0.0010971538658458623 0 0 0 -0.00048712585800098155
leaf_weight=19.504577547311783 6.2060018777847281 8.0424719005823082 9.3723297417163831 30.517802149057388 15.699389457702635 9.8156153410673124 17.858087480068214
leaf_count=29 3 13 55 9 2 15 71
internal_value=0 3.15287e-05 0.000595828 0 -0.000107713 -0.000190392 -0.000291764
internal_weight=117.016 97.5117 15.5783 81.9334 51.4156 35.7162 27.6737
internal_count=197 168 58 110 101 99 86
is_linear=0
shrinkage=0.03


Tree=335
num_leaves=6
num_cat=0
split_feature=19 19 0 26 26
split_gain=0.00142013 0.00319613 0.00041077 0.00285788 0.00105209
threshold=63.235000000000007 38.035000000000004 45.166666666666679 -0.1799261722714405 0.61559370248597578
decision_type=2 2 2 2 2
left_child=1 2 3 -1 -5
right_child=-2 -3 -4 4 -6
leaf_value=0 -0.00016685601748588473 0.00032173488044971266 -8.3551721885003678e-05 0.00075562367139949695 0
leaf_weight=7.6625128537416485 20.454475834965706 34.254068747162819 45.33621484041214 5.9526959359645826 3.8629197031259537
leaf_count=55 33 37 16 41 24
internal_value=0 8.48068e-05 0 5.36185e-05 0.000509237
internal_weight=117.523 97.0684 62.8143 17.4781 9.81562
internal_count=206 173 136 120 65
is_linear=0
shrinkage=0.03


Tree=336
num_leaves=6
num_cat=0
split_feature=19 19 3 20 10
split_gain=0.00131782 0.00302817 0.00020776 0.00296525 0.00138779
threshold=63.235000000000007 38.035000000000004 35.437500000000007 8.482857142857144 12.500000000000002
decision_type=2 2 2 2 2
left_child=1 2 3 4 -1
right_child=-2 -3 -4 -5 -6
leaf_value=0.00064712940505425964 -0.0001619226855187973 0.0003121666368586735 -6.3490398052760624e-05 0 0
leaf_weight=9.0556970089674014 20.454475834965706 34.254068747162819 46.032806918025017 4.8128179907798758 2.9130214154720298
leaf_count=67 33 37 20 38 11
internal_value=0 8.11924e-05 0 3.54997e-06 0.000466412
internal_weight=117.523 97.0684 62.8143 16.7815 11.9687
internal_count=206 173 136 116 78
is_linear=0
shrinkage=0.03


Tree=337
num_leaves=6
num_cat=0
split_feature=19 19 3 20 10
split_gain=0.00121072 0.00288082 0.000195335 0.00278607 0.00131805
threshold=63.235000000000007 38.035000000000004 35.437500000000007 8.482857142857144 12.500000000000002
decision_type=2 2 2 2 2
left_child=1 2 3 4 -1
right_child=-2 -3 -4 -5 -6
leaf_value=0.00062833806622351537 -0.00015713524091892116 0.00030288295316754742 -6.1598021710688506e-05 0 0
leaf_weight=9.0556970089674014 20.454475834965706 34.254068747162819 46.032806918025017 4.8128179907798758 2.9130214154720298
leaf_count=67 33 37 20 38 11
internal_value=0 7.69928e-05 0 0 0.000452082
internal_weight=117.523 97.0684 62.8143 16.7815 11.9687
internal_count=206 173 136 116 78
is_linear=0
shrinkage=0.03


Tree=338
num_leaves=6
num_cat=0
split_feature=19 19 26 26 20
split_gain=0.00111144 0.00274055 0.000184076 0.00035397 0.000214436
threshold=63.235000000000007 38.035000000000004 -0.1799261722714405 0.56806474673115548 5.9264285714285734
decision_type=2 2 2 2 2
left_child=1 2 -1 4 -4
right_child=-2 -3 3 -5 -6
leaf_value=-8.5277392751500068e-05 -0.00015248931392076388 0.00029387534091919226 0.00023149788444878317 0 0
leaf_weight=22.480925545096397 20.454475834965706 34.254068747162819 9.2456763982772845 22.475330516695976 8.6124108731746656
leaf_count=62 33 37 23 31 20
internal_value=0 7.29166e-05 0 0 0.000132455
internal_weight=117.523 97.0684 62.8143 40.3334 17.8581
internal_count=206 173 136 74 43
is_linear=0
shrinkage=0.03


Tree=339
num_leaves=6
num_cat=0
split_feature=19 19 26 26 20
split_gain=0.00103127 0.00259519 0.000173338 0.000335322 0.000200531
threshold=63.235000000000007 38.035000000000004 -0.1799261722714405 0.56806474673115548 5.9264285714285734
decision_type=2 2 2 2 2
left_child=1 2 -1 4 -4
right_child=-2 -3 3 -5 -6
leaf_value=-8.2752765598598078e-05 -0.00014798074678534732 0.00028513562783434994 0.00022477125595604891 0 0
leaf_weight=22.480925545096397 20.454475834965706 34.254068747162819 9.2456763982772845 22.475330516695976 8.6124108731746656
leaf_count=62 33 37 23 31 20
internal_value=0 6.97463e-05 0 0 0.000128919
internal_weight=117.523 97.0684 62.8143 40.3334 17.8581
internal_count=206 173 136 74 43
is_linear=0
shrinkage=0.03


Tree=340
num_leaves=9
num_cat=0
split_feature=7 12 10 21 26 27 15 13
split_gain=0.00323465 0.00399439 0.00290006 0.00265456 0.0023508 0.00294424 0.00270602 0.00143788
threshold=-0.93874623249307154 13.285000000000002 -2.4999999999999996 69.000000000000014 0.74851074817110097 -4.3449999999999989 -1.7957142857142858 8.732857142857144
decision_type=2 2 2 2 2 2 2 2
left_child=1 -1 3 -2 5 -4 -7 -6
right_child=2 -3 4 -5 7 6 -8 -9
leaf_value=-0.0010000101607389141 0.00074108958690880672 0 0 0 0 0 -0.00064323613640727344 0.00020151213788788071
leaf_weight=6.2060020864009839 8.8023907393217105 6.8392674028873444 10.828840151429175 7.2192267179489127 31.277720779180527 8.549084320664404 16.971515715122226 32.91861617565155
leaf_count=27 43 8 20 5 16 18 56 16
internal_value=0 -0.000467058 0 0.000399893 0 -0.000237135 -0.00042713 2.91546e-05
internal_weight=129.613 13.0453 116.567 16.0216 100.546 36.3494 25.5206 64.1963
internal_count=209 35 174 48 126 94 74 32
is_linear=0
shrinkage=0.03


Tree=341
num_leaves=8
num_cat=0
split_feature=7 12 8 12 26 16 3
split_gain=0.0030443 0.00377692 0.00153866 0.0020437 0.00178469 0.00134431 0.00112506
threshold=-0.93874623249307154 13.285000000000002 -1.4999999999999998 11.268571428571432 0.12053668025532312 26.255000000000003 13.625000000000002
decision_type=2 2 2 2 2 2 2
left_child=1 -1 3 -2 6 -6 -4
right_child=2 -3 4 -5 5 -7 -8
leaf_value=-0.00097139319760404844 0.00074906538485908615 0 -0.00068178251797918897 0 0.00016123907689700873 0 0
leaf_weight=6.2060020864009839 5.4460835158824903 6.8392674028873444 5.066124200820922 3.9262461960315704 51.024414628744125 22.924211144447327 28.180314913392067
leaf_count=27 35 8 40 13 31 24 31
internal_value=0 -0.000453107 0 0.000378379 0 4.09408e-05 -0.000210168
internal_weight=129.613 13.0453 116.567 9.37233 107.195 73.9486 33.2464
internal_count=209 35 174 48 126 55 71
is_linear=0
shrinkage=0.03


Tree=342
num_leaves=9
num_cat=0
split_feature=7 12 10 8 26 27 15 14
split_gain=0.00286492 0.00357149 0.00264621 0.00229588 0.00213413 0.00279644 0.00253462 0.000292735
threshold=-0.93874623249307154 13.285000000000002 -2.4999999999999996 8.5000000000000018 0.74851074817110097 -4.3449999999999989 -1.7957142857142858 8.5464285714285726
decision_type=2 2 2 2 2 2 2 2
left_child=1 -1 3 -2 5 -4 -7 -6
right_child=2 -3 4 -5 7 6 -8 -9
leaf_value=-0.00094359517358793893 0.00067591816428270762 0 0 0 9.3111221206156674e-05 0 -0.00062215247229142196 0
leaf_weight=6.2060020864009839 9.4356562644243258 6.8392674028873444 10.828840151429175 6.5859611928462973 33.931841015815735 8.549084320664404 16.971515715122226 30.264495939016342
leaf_count=27 44 8 20 4 19 18 56 13
internal_value=0 -0.000439555 0 0.00038199 0 -0.000226933 -0.000413 2.27287e-05
internal_weight=129.613 13.0453 116.567 16.0216 100.546 36.3494 25.5206 64.1963
internal_count=209 35 174 48 126 94 74 32
is_linear=0
shrinkage=0.03


Tree=343
num_leaves=8
num_cat=0
split_feature=5 23 2 1 5 10 18
split_gain=0.00242903 0.00325374 0.00350529 0.000991665 0.00456593 0.0032545 0.000236959
threshold=-1.0000000180025095e-35 2.5107142857142866 -0.60218945085412612 0.62500000000000011 3.5000000000000004 18.500000000000004 53.000000000000007
decision_type=2 2 2 2 2 2 2
left_child=1 -1 -3 -2 5 -5 -6
right_child=3 2 -4 4 6 -7 -8
leaf_value=0 0 -0.0011185528745583434 0 0.00064530070789170838 -9.300053439431104e-05 0 6.591448945161791e-06
leaf_weight=11.208799496293066 1.0132248401641835 6.2693286389112464 15.83163756132126 18.865717351436619 24.127415850758553 6.8392673730850211 45.457272976636887
leaf_count=30 8 29 24 60 47 2 9
internal_value=0 -0.000252106 -0.000475484 2.27447e-05 9.92954e-05 0.000440753 0
internal_weight=129.613 33.3098 22.101 96.3029 95.2897 25.705 69.5847
internal_count=209 83 53 126 118 62 56
is_linear=0
shrinkage=0.03


Tree=344
num_leaves=9
num_cat=0
split_feature=7 12 8 18 12 6 21 12
split_gain=0.00260858 0.0032757 0.00137028 0.00193484 0.00185982 0.00185673 0.00231359 0.00449701
threshold=-0.93874623249307154 13.285000000000002 -1.4999999999999998 61.500000000000007 11.268571428571432 19.000000000000004 14.500000000000002 -1.4357142857142857
decision_type=2 2 2 2 2 2 2 2
left_child=1 -1 4 5 -2 6 -4 -8
right_child=2 -3 3 -5 -6 -7 7 -9
leaf_value=-0.00090221702248641689 0.00071128405445748796 0 0 4.9247840294757886e-05 0 0 0 -0.00096861017055002913
leaf_weight=6.2060020864009839 5.4460835158824903 6.8392674028873444 6.90259422361851 69.895726203918457 3.9262461960315704 8.3591046035289747 12.348677411675451 9.6889624446630496
leaf_count=27 35 8 54 10 13 4 23 35
internal_value=0 -0.000419431 0 0 0.000357076 -0.000204415 -0.000332987 -0.000488221
internal_weight=129.613 13.0453 116.567 107.195 9.37233 37.2993 28.9402 22.0376
internal_count=209 35 174 126 48 116 112 58
is_linear=0
shrinkage=0.03


Tree=345
num_leaves=9
num_cat=0
split_feature=24 10 19 10 5 11 15 10
split_gain=0.000389334 0.00187174 0.00191122 0.00179819 0.00407018 0.00157373 0.00128904 0.000569697
threshold=16.690000000000001 12.500000000000002 67.925000000000026 -18.499999999999996 2.0964999999999923 -7.3099999999999996 -1.1707142857142852 1.0000000180025095e-35
decision_type=2 2 2 2 2 2 2 2
left_child=5 2 3 -2 -5 -1 -7 -8
right_child=1 -3 -4 4 -6 6 7 -9
leaf_value=0 0 -1.1213712355279378e-05 0 0.00095682288023772599 0 0 -0.00079133327692644669 0
leaf_weight=2.2797558903694179 7.0925736129283896 39.446845725178719 6.3326551616191855 9.1823501139879244 20.765513628721237 7.9791453480720582 5.1927772760391182 6.7759408503770828
leaf_count=13 6 17 17 60 28 16 29 9
internal_value=0 0 0.000196106 0.000301737 0.000407304 -0.000124717 -0.000295392 -0.000488432
internal_weight=105.048 82.8199 43.3731 37.0404 29.9479 22.2276 19.9479 11.9687
internal_count=195 128 111 94 88 67 54 38
is_linear=0
shrinkage=0.03


Tree=346
num_leaves=8
num_cat=0
split_feature=6 10 26 0 15 26 18
split_gain=0.000613813 0.00117608 0.00300085 0.00220336 0.000139354 0.000800927 9.71109e-05
threshold=-15.499999999999998 -2.4999999999999996 0.23931566428755774 47.666666666666679 2.4500000000000011 0.56806474673115548 56.000000000000007
decision_type=2 2 2 2 2 2 2
left_child=-1 2 3 -2 -3 6 -6
right_child=1 4 -4 -5 5 -7 -8
leaf_value=-0.00022942267857320746 0.001101487842413052 0 0 0 -0.00038839141102051209 0 0
leaf_weight=10.195574626326559 4.4328586757183093 44.069684088230133 9.8789418935775739 5.3194303512573242 5.8893693834543246 19.182349815964699 6.0793487727642059
leaf_count=12 31 54 26 10 41 19 2
internal_value=0 0 0.000230448 0.00061153 0 -6.31486e-05 -0.000262634
internal_weight=105.048 94.852 19.6312 9.75229 75.2208 31.1511 11.9687
internal_count=195 183 67 41 116 62 43
is_linear=0
shrinkage=0.03


Tree=347
num_leaves=5
num_cat=0
split_feature=6 0 0 5
split_gain=0.000578558 0.000816415 0.00388956 0.00505354
threshold=-15.499999999999998 45.166666666666679 12.16666666666667 2.0964999999999923
decision_type=2 2 2 2
left_child=-1 2 -2 -4
right_child=1 -3 3 -5
leaf_value=-0.00022273669919031235 0 0 0.0010994868797372013 0
leaf_weight=10.195574626326559 10.005595296621324 72.434383392333984 6.9659207761287671 5.4460835158824921
leaf_count=12 79 28 47 29
internal_value=0 0 0.000179844 0.000577217
internal_weight=105.048 94.852 22.4176 12.412
internal_count=195 183 155 76
is_linear=0
shrinkage=0.03


Tree=348
num_leaves=7
num_cat=0
split_feature=6 10 26 0 23 23
split_gain=0.000545329 0.00104503 0.00281422 0.00195086 0.000159622 0.00187766
threshold=-15.499999999999998 -2.4999999999999996 0.23931566428755774 47.666666666666679 -4.1742857142857135 8.732857142857144
decision_type=2 2 2 2 2 2
left_child=-1 2 3 -2 -3 -6
right_child=1 4 -4 -5 5 -7
leaf_value=-0.00021624562632075644 0.0010511188442116734 0 0 0 -0.00023950854160427899 0
leaf_weight=10.195574626326559 4.4328586757183093 25.889369353652 9.8789418935775739 5.3194303512573242 31.663275092840195 17.668107613921165
leaf_count=12 31 28 26 10 43 45
internal_value=0 0 0.000217229 0.000587815 0 -5.38009e-05
internal_weight=105.048 94.852 19.6312 9.75229 75.2208 49.3314
internal_count=195 183 67 41 116 88
is_linear=0
shrinkage=0.03


Tree=349
num_leaves=7
num_cat=0
split_feature=6 10 26 0 23 23
split_gain=0.000514007 0.000978642 0.00270018 0.00180937 0.00013358 0.00178441
threshold=-15.499999999999998 -2.4999999999999996 0.23931566428755774 47.666666666666679 -4.1742857142857135 8.732857142857144
decision_type=2 2 2 2 2 2
left_child=-1 2 3 -2 -3 -6
right_child=1 4 -4 -5 5 -7
leaf_value=-0.0002099436953507233 0.0010215840676439003 0 0 0 -0.00023239072516892536 0
leaf_weight=10.195574626326559 4.4328586757183093 25.889369353652 9.8789418935775739 5.3194303512573242 31.663275092840195 17.668107613921165
leaf_count=12 31 28 26 10 43 45
internal_value=0 0 0.000210216 0.000573909 0 -4.92169e-05
internal_weight=105.048 94.852 19.6312 9.75229 75.2208 49.3314
internal_count=195 183 67 41 116 88
is_linear=0
shrinkage=0.03


Tree=350
num_leaves=8
num_cat=0
split_feature=7 8 19 5 18 6 19
split_gain=0.00176659 0.00216687 0.00252857 0.00100368 0.000615924 0.000787822 0.00066707
threshold=-0.93874623249307154 -1.4999999999999998 70.955000000000027 1.5000000000000002 53.000000000000007 19.000000000000004 2.1200000000000006
decision_type=2 2 2 2 2 2 2
left_child=3 2 -2 -1 5 6 -3
right_child=1 4 -4 -5 -6 -7 -8
leaf_value=-0.00052219845043964108 0.00083649330962837969 0 0 0 6.7912924030511052e-05 0 -0.00024113522677876849
leaf_weight=8.2957783192396146 5.9526959359645826 2.0264496803283718 3.0396744608879089 6.0160222202539435 43.937435746192932 8.7390639185905439 28.243641823530197
leaf_count=37 37 15 6 3 7 5 92
internal_value=0 4.02255e-05 0.000475322 -0.000314002 0 -9.44005e-05 -0.000186153
internal_weight=106.251 91.939 8.99237 14.3118 82.9466 39.0092 30.2701
internal_count=202 162 43 40 119 112 107
is_linear=0
shrinkage=0.03


Tree=351
num_leaves=8
num_cat=0
split_feature=7 2 8 19 18 6 19
split_gain=0.00167412 0.0030603 0.00201483 0.00240997 0.000560935 0.000746501 0.000642214
threshold=-0.93874623249307154 -1.0073423758364772 -1.4999999999999998 70.955000000000027 53.000000000000007 19.000000000000004 2.1200000000000006
decision_type=2 2 2 2 2 2 2
left_child=1 -1 3 -2 5 6 -4
right_child=2 -3 4 -5 -6 -7 -8
leaf_value=-0.00090839482499750865 0.00081260255570009298 0 0 0 6.5889346348582998e-05 0 -0.00023397721448939826
leaf_weight=4.6861648559570304 5.9526959359645826 9.6256356835365278 2.0264496803283718 3.0396744608879089 43.937435746192932 8.7390639185905439 28.243641823530197
leaf_count=20 37 20 15 6 7 5 92
internal_value=0 -0.000305108 3.98505e-05 0.000459246 0 -8.92028e-05 -0.000179469
internal_weight=106.251 14.3118 91.939 8.99237 82.9466 39.0092 30.2701
internal_count=202 40 162 43 119 112 107
is_linear=0
shrinkage=0.03


Tree=352
num_leaves=8
num_cat=0
split_feature=7 2 8 12 25 6 29
split_gain=0.0015858 0.00289148 0.00187222 0.00289291 0.000479078 0.000461394 0.000953149
threshold=-0.93874623249307154 -1.0073423758364772 -1.4999999999999998 13.032857142857146 11.619285714285711 19.000000000000004 53.000000000000007
decision_type=2 2 2 2 2 2 2
left_child=1 -1 3 -2 5 6 -4
right_child=2 -3 4 -5 -6 -7 -8
leaf_value=-0.00088278265356460134 0.00085954166548513294 0 -0.00027748089201895158 0 8.7779438384172429e-05 0 0
leaf_weight=4.6861648559570304 5.6993897259235364 9.6256356835365278 18.744659245014191 3.2929806709289551 30.575533971190453 8.7390639185905439 24.887334033846855
leaf_count=20 33 20 75 10 31 5 8
internal_value=0 -0.000296368 3.9485e-05 0.000443629 0 -6.0575e-05 -0.000117692
internal_weight=106.251 14.3118 91.939 8.99237 82.9466 52.3711 43.632
internal_count=202 40 162 43 119 88 83
is_linear=0
shrinkage=0.03


Tree=353
num_leaves=8
num_cat=0
split_feature=5 24 24 5 19 14 2
split_gain=0.00129316 0.0017492 0.00426564 0.00279632 0.0037365 0.000286264 6.70985e-06
threshold=-7.4999999999999991 7.6150000000000011 60.560000000000009 3.5000000000000004 67.925000000000026 -8.7392857142857121 -0.54300071373204728
decision_type=2 2 2 2 2 2 2
left_child=6 -2 3 4 5 -3 -1
right_child=1 2 -4 -5 -6 -7 -8
leaf_value=-0.00038463682848160596 0 0 0 0 0 0.00078043933391000995 0
leaf_weight=6.7759410589933387 10.068921580910681 0.94989828765392204 25.768311157822609 28.306967869400978 7.2825532704591742 18.865717351436622 8.232451528310774
leaf_count=24 33 7 31 28 8 63 8
internal_value=0 3.66595e-05 0.000144335 0.000315257 0.000542151 0.000753336 -0.000260749
internal_weight=106.251 91.2424 81.1734 55.4051 27.0982 19.8156 15.0084
internal_count=202 170 137 106 78 70 32
is_linear=0
shrinkage=0.03


Tree=354
num_leaves=9
num_cat=0
split_feature=7 8 12 12 18 6 19 12
split_gain=0.0014598 0.00173706 0.00272773 0.00132904 0.000478622 0.000710118 0.000620594 0.000684125
threshold=-0.93874623249307154 -1.4999999999999998 13.032857142857146 13.285000000000002 53.000000000000007 19.000000000000004 2.1200000000000006 -7.4449999999999994
decision_type=2 2 2 2 2 2 2 2
left_child=3 2 -2 -1 5 6 -3 -8
right_child=1 4 -4 -5 -6 -7 7 -9
leaf_value=-0.00055113483194969457 0.00082959015985120546 0 0 0 5.8176105898013611e-05 0 0 -0.0002855049717927602
leaf_weight=7.5991862416267377 5.6993897259235364 2.0264496803283718 3.2929806709289551 6.7126142978668213 43.937435746192932 8.7390639185905439 2.8496948629617682 25.393946960568432
leaf_count=33 33 15 10 7 7 5 15 77
internal_value=0 3.46249e-05 0.000424431 -0.000286962 0 -8.45545e-05 -0.000173492 -0.000227605
internal_weight=106.251 91.939 8.99237 14.3118 82.9466 39.0092 30.2701 28.2436
internal_count=202 162 43 40 119 112 107 92
is_linear=0
shrinkage=0.03


Tree=355
num_leaves=6
num_cat=0
split_feature=6 0 6 9 29
split_gain=0.0011003 0.00278019 0.00488843 0.00828327 0.000468934
threshold=-4.4999999999999991 45.166666666666679 4.5000000000000009 5.5000000000000009 48.500000000000007
decision_type=2 2 2 2 2
left_child=4 2 3 -2 -1
right_child=1 -3 -4 -5 -6
leaf_value=-0.00028975344281575321 0 0 0 0.0012659102326033078 0
leaf_weight=5.3194304108619681 2.9130214154720333 75.595115959644318 5.6360631734132758 9.2456766664981824 10.575533971190451
leaf_count=35 23 23 34 66 14
internal_value=0 0.000100193 0.000436187 0.000793386 -5.54252e-05
internal_weight=109.285 93.3899 17.7948 12.1587 15.895
internal_count=195 146 123 89 49
is_linear=0
shrinkage=0.03


Tree=356
num_leaves=6
num_cat=0
split_feature=6 0 2 0 26
split_gain=0.00101804 0.00252413 0.00664569 0.00675136 0.00115799
threshold=-4.4999999999999991 45.166666666666679 0.66146035765788391 7.5000000000000009 -1.722546424198833e-16
decision_type=2 2 2 2 2
left_child=4 2 3 -2 -1
right_child=1 -3 -4 -5 -6
leaf_value=0 0 0 0 0.0014339418396371736 -0.00034922553642815747
leaf_weight=7.2825535088777551 3.2929807305336016 75.595115959644318 7.4092066437005988 7.092573881149292 8.6124108731746638
leaf_count=29 26 23 47 50 20
internal_value=0 9.64454e-05 0.000416782 0.000924063 -5.25701e-05
internal_weight=109.285 93.3899 17.7948 10.3856 15.895
internal_count=195 146 123 76 49
is_linear=0
shrinkage=0.03


Tree=357
num_leaves=6
num_cat=0
split_feature=6 0 2 0 26
split_gain=0.000943767 0.00231154 0.0063057 0.00640996 0.00109896
threshold=-4.4999999999999991 45.166666666666679 0.66146035765788391 7.5000000000000009 -1.722546424198833e-16
decision_type=2 2 2 2 2
left_child=4 2 3 -2 -1
right_child=1 -3 -4 -5 -6
leaf_value=0 0 0 0 0.0013926693149243551 -0.00033910142965620413
leaf_weight=7.2825535088777551 3.2929807305336016 75.595115959644318 7.4092066437005988 7.092573881149292 8.6124108731746638
leaf_count=29 26 23 47 50 20
internal_value=0 9.31888e-05 0.00039992 0.000895509 -4.69986e-05
internal_weight=109.285 93.3899 17.7948 10.3856 15.895
internal_count=195 146 123 76 49
is_linear=0
shrinkage=0.03


Tree=358
num_leaves=8
num_cat=0
split_feature=6 7 19 10 2 27 26
split_gain=0.000874819 0.00215403 0.00280062 0.00253723 0.00308438 0.00256856 0.00104252
threshold=-4.4999999999999991 1.2081589408111693 63.235000000000007 16.500000000000004 0.78912646286369725 -20.547857142857136 -1.722546424198833e-16
decision_type=2 2 2 2 2 2 2
left_child=6 2 3 4 5 -2 -1
right_child=1 -3 -4 -5 -6 -7 -8
leaf_value=0 0 0 0 0 0 0.00076170954527684132 -0.0003292708260548898
leaf_weight=7.2825535088777551 0.31663276255130313 42.290945798158646 8.7390639483928663 6.8392673730850211 13.80518791079521 21.398779422044761 8.6124108731746638
leaf_count=29 2 39 12 2 16 75 20
internal_value=0 9.0026e-05 0.000229108 0.000349755 0.000457639 0.000683266 -4.15886e-05
internal_weight=109.285 93.3899 51.0989 42.3599 35.5206 21.7154 15.895
internal_count=195 146 107 95 93 77 49
is_linear=0
shrinkage=0.03


Tree=359
num_leaves=6
num_cat=0
split_feature=6 0 2 0 26
split_gain=0.000772462 0.00202678 0.00577334 0.0060896 0.000988536
threshold=-4.4999999999999991 45.166666666666679 0.66146035765788391 7.5000000000000009 -1.722546424198833e-16
decision_type=2 2 2 2 2
left_child=4 2 3 -2 -1
right_child=1 -3 -4 -5 -6
leaf_value=0 0 0 0 0.0013349672768898824 -0.00031972523900933319
leaf_weight=7.2825535088777551 3.2929807305336016 75.595115959644318 7.4092066437005988 7.092573881149292 8.6124108731746638
leaf_count=29 26 23 47 50 20
internal_value=0 8.48067e-05 0.000371548 0.000848547 -3.63355e-05
internal_weight=109.285 93.3899 17.7948 10.3856 15.895
internal_count=195 146 123 76 49
is_linear=0
shrinkage=0.03


Tree=360
num_leaves=7
num_cat=0
split_feature=0 7 27 27 23 7
split_gain=0.00412101 0.00845501 0.00494862 0.00151613 0.00019628 0.000183981
threshold=23.666666666666668 -0.31466458109543249 11.619285714285711 -1.1142857142857137 1.0000000180025095e-35 0.55387775455266552
decision_type=2 2 2 2 2 2
left_child=1 2 -1 4 -2 -5
right_child=3 -3 -4 5 -6 -7
leaf_value=-0.0016567610784368138 0 0 0 0 0.0002597702108870101 -6.699024490645069e-05
leaf_weight=5.4460835158824912 14.749491378664969 8.3591049313545209 2.1531027853488922 31.916581302881241 22.538657039403915 36.597150951623917
leaf_count=43 13 66 17 30 19 14
internal_value=0 -0.000477623 -0.00119702 0 0.00019053 0
internal_weight=121.76 15.9583 7.59919 105.802 37.2881 68.5137
internal_count=202 126 60 76 32 44
is_linear=0
shrinkage=0.03


Tree=361
num_leaves=8
num_cat=0
split_feature=0 2 22 13 14 11 23
split_gain=0.00383871 0.00844952 0.0103156 0.00260162 0.00197052 0.00254418 0.00122956
threshold=23.666666666666668 0.09790389889977473 16.677857142857146 -3.4907142857142852 8.9307142857142878 8.7464285714285737 1.0000000180025095e-35
decision_type=2 2 2 2 2 2 2
left_child=1 2 3 -1 5 6 -2
right_child=4 -3 -4 -5 -6 -7 -8
leaf_value=0 0 0 0 -0.0021605890837093108 -7.1143461457541402e-05 0 0.00046012764144227289
leaf_weight=1.8997965753078432 27.604781031608582 7.3458800911903372 2.1531027853488922 4.5595117807388315 34.000762477517128 20.897761464118958 23.298575699329376
leaf_count=15 24 58 17 36 17 9 26
internal_value=0 -0.000460974 -0.00111396 -0.00173485 0 0.00014896 0.000275616
internal_weight=121.76 15.9583 8.61241 6.45931 105.802 71.8011 50.9034
internal_count=202 126 68 51 76 59 50
is_linear=0
shrinkage=0.03


Tree=362
num_leaves=8
num_cat=0
split_feature=3 2 22 23 14 11 24
split_gain=0.00341303 0.00626739 0.00812731 0.0033549 0.00205742 0.00231849 0.000711777
threshold=28.000000000000004 0.09790389889977473 16.677857142857146 -0.51357142857142857 8.9307142857142878 6.5421428571428581 57.375000000000007
decision_type=2 2 2 2 2 2 2
left_child=1 2 3 -1 5 6 -2
right_child=4 -3 -4 -5 -6 -7 -8
leaf_value=0 0.00044441795656550938 0 0 -0.0019421476248864989 -7.5187351100269596e-05 0 0
leaf_weight=2.0264496803283691 21.905391603708267 8.7390642464160901 2.0264496803283691 4.7494914382696169 33.874109372496605 28.180314734578133 20.2589011490345
leaf_count=16 27 64 16 37 16 16 10
internal_value=0 -0.000414931 -0.000978342 -0.00150499 0 0.00015322 0.000296976
internal_weight=121.76 17.5415 8.80239 6.77594 104.219 70.3446 42.1643
internal_count=202 133 69 53 69 53 37
is_linear=0
shrinkage=0.03


Tree=363
num_leaves=8
num_cat=0
split_feature=0 2 22 13 14 11 23
split_gain=0.00330417 0.00768046 0.00957407 0.00222596 0.00175661 0.00238027 0.00109808
threshold=23.666666666666668 0.09790389889977473 16.677857142857146 -3.4907142857142852 8.9307142857142878 8.7464285714285737 1.0000000180025095e-35
decision_type=2 2 2 2 2 2 2
left_child=1 2 3 -1 5 6 -2
right_child=4 -3 -4 -5 -6 -7 -8
leaf_value=0 0 0 0 -0.0020542166062411092 -6.6585137295168954e-05 0 0.00043955227919819138
leaf_weight=1.8997965753078432 27.604781031608582 7.3458800911903372 2.1531027853488922 4.5595117807388315 34.000762477517128 20.897761464118958 23.298575699329376
leaf_count=15 24 58 17 36 17 9 26
internal_value=0 -0.000427676 -0.00105321 -0.0016545 0 0.000140775 0.000264091
internal_weight=121.76 15.9583 8.61241 6.45931 105.802 71.8011 50.9034
internal_count=202 126 68 51 76 59 50
is_linear=0
shrinkage=0.03


Tree=364
num_leaves=8
num_cat=0
split_feature=3 2 22 23 14 11 29
split_gain=0.00292292 0.00558584 0.00748708 0.00302511 0.0018375 0.00219057 0.000626368
threshold=28.000000000000004 0.09790389889977473 16.677857142857146 -0.51357142857142857 8.9307142857142878 6.5421428571428581 69.000000000000014
decision_type=2 2 2 2 2 2 2
left_child=1 2 3 -1 5 6 -2
right_child=4 -3 -4 -5 -6 -7 -8
leaf_value=0 0.00039446430915963439 0 0 -0.001841253385519702 -7.0971520851948115e-05 0 0
leaf_weight=2.0264496803283691 25.515005007386208 8.7390642464160901 2.0264496803283691 4.7494914382696169 33.874109372496605 28.180314734578133 16.64928774535656
leaf_count=16 32 64 16 37 16 16 5
internal_value=0 -0.000383986 -0.000917227 -0.00142637 0 0.00014482 0.000285164
internal_weight=121.76 17.5415 8.80239 6.77594 104.219 70.3446 42.1643
internal_count=202 133 69 53 69 53 37
is_linear=0
shrinkage=0.03


Tree=365
num_leaves=5
num_cat=0
split_feature=7 6 20 27
split_gain=0.00248034 0.00408461 0.000957371 0.00122263
threshold=-0.81416007253026301 -7.4999999999999991 -3.5749999999999997 -1.2435714285714281
decision_type=2 2 2 2
left_child=1 -1 -2 -4
right_child=2 -3 3 -5
leaf_value=-0.0012009261309076202 0 0 0.00024444573613689985 0
leaf_weight=3.7362665683031082 34.950660824775696 4.4328586757183057 33.995167747139931 43.125380828976631
leaf_count=14 38 31 33 78
internal_value=0 -0.000503268 2.7866e-05 0.000110708
internal_weight=120.24 8.16913 112.071 77.1205
internal_count=194 45 149 111
is_linear=0
shrinkage=0.03


Tree=366
num_leaves=6
num_cat=0
split_feature=7 2 27 14 27
split_gain=0.00231735 0.00688821 0.000764289 0.000904459 1.55068e-05
threshold=-0.81416007253026301 -1.1046670960065745 -0.44642857142857145 2.7050000000000005 17.060714285714287
decision_type=2 2 2 2 2
left_child=1 -1 3 -2 -4
right_child=2 -3 4 -5 -6
leaf_value=-0.0014262986489203154 0.00025500926956007733 0 -1.5480284644097369e-05 0 0
leaf_weight=3.7362665683031082 23.931841224431992 4.4328586757183057 57.938198551535606 16.206002056598663 13.995167568325995
leaf_count=15 34 30 72 21 22
internal_value=0 -0.000487374 2.56475e-05 0.000137252 0
internal_weight=120.24 8.16913 112.071 40.1378 71.9334
internal_count=194 45 149 55 94
is_linear=0
shrinkage=0.03


Tree=367
num_leaves=7
num_cat=0
split_feature=7 6 27 14 27 10
split_gain=0.0021389 0.00372235 0.000718028 0.000857164 1.4595e-05 2.68867e-05
threshold=-0.81416007253026301 -7.4999999999999991 -0.44642857142857145 2.7050000000000005 17.060714285714287 24.500000000000004
decision_type=2 2 2 2 2 2
left_child=1 -1 3 -2 5 -4
right_child=2 -3 4 -5 -6 -7
leaf_value=-0.0011360235100503883 0.00024745371297774527 0 -2.9758112845902062e-05 0 0 0
leaf_weight=3.7362665683031082 23.931841224431992 4.4328586757183057 41.8588497787714 16.206002056598663 13.995167568325995 16.079348772764206
leaf_count=14 34 31 69 21 22 3
internal_value=0 -0.000468497 2.42577e-05 0.000132725 0 -1.50183e-05
internal_weight=120.24 8.16913 112.071 40.1378 71.9334 57.9382
internal_count=194 45 149 55 94 72
is_linear=0
shrinkage=0.03


Tree=368
num_leaves=7
num_cat=0
split_feature=24 2 14 14 19 14
split_gain=0.00078101 0.00483271 0.000773102 0.000973903 0.00072156 0.000725941
threshold=11.640000000000002 0.15687461249321219 8.5464285714285726 -5.1621428571428565 21.950000000000003 4.6407142857142869
decision_type=2 2 2 2 2 2
left_child=1 -1 3 -2 -5 -6
right_child=2 -3 -4 4 5 -7
leaf_value=-0.0010097980421783228 0 0 0 0 0.00036083203551925285 0
leaf_weight=4.6228383034467688 12.475330516695974 9.5623091608285886 44.133010610938072 8.6124108731746656 22.032044678926468 18.80239050090313
leaf_count=26 27 24 55 19 30 13
internal_value=0 -0.000215122 1.75001e-05 0.000108194 0.000179613 0.0002341
internal_weight=120.24 14.1851 106.055 61.9222 49.4468 40.8344
internal_count=194 50 144 89 62 43
is_linear=0
shrinkage=0.03


Tree=369
num_leaves=6
num_cat=0
split_feature=7 2 20 5 24
split_gain=0.00191745 0.00626937 0.000825382 0.00108552 0.00230637
threshold=-0.81416007253026301 -1.1046670960065745 -3.5749999999999997 -3.4999999999999996 60.560000000000009
decision_type=2 2 2 2 2
left_child=1 -1 -2 -4 -5
right_child=2 -3 3 4 -6
leaf_value=-0.0013463495534767652 0 0 0 0.00031037887406677381 0
leaf_weight=3.7362665683031082 34.950660824775696 4.4328586757183057 14.248473748564718 39.636825740337372 23.23524908721447
leaf_count=15 38 30 14 75 22
internal_value=0 -0.00044458 2.14637e-05 0.000101309 0.000167463
internal_weight=120.24 8.16913 112.071 77.1205 62.8721
internal_count=194 45 149 111 97
is_linear=0
shrinkage=0.03


Tree=370
num_leaves=7
num_cat=0
split_feature=6 8 26 26 19 26
split_gain=0.00152369 0.0036584 0.00373917 0.00191597 0.00134005 0.000215862
threshold=-15.499999999999998 -1.4999999999999998 0.17992617227144031 0.12053668025532312 24.130000000000003 -0.91023613416931226
decision_type=2 2 2 2 2 2
left_child=-1 2 5 4 -3 -2
right_child=1 3 -4 -5 -6 -7
leaf_value=-0.0002572081166030145 0 -0.00034819388221934272 0 0.00011110218197251451 0 0.0011905706249476268
leaf_weight=10.385554283857344 2.7230417281389236 17.478127896785736 4.5595117509365082 62.486520305275917 15.008392587304114 5.0027976483106595
leaf_count=13 9 31 26 52 35 33
internal_value=0 7.85949e-05 0.000560723 0 -0.000170164 0.00095516
internal_weight=117.644 107.258 12.2854 94.973 32.4865 7.72584
internal_count=199 186 68 118 66 42
is_linear=0
shrinkage=0.03


Tree=371
num_leaves=8
num_cat=0
split_feature=5 8 26 26 7 6 29
split_gain=0.00144464 0.0021213 0.00374304 0.00199709 0.00127483 0.000800482 0.000606673
threshold=-7.4999999999999991 -1.4999999999999998 0.40966402954315184 0.12053668025532312 1.2768149574320882 8.5000000000000018 53.000000000000007
decision_type=2 2 2 2 2 2 2
left_child=-1 2 -2 5 -5 6 -3
right_child=1 3 -4 4 -6 -7 -8
leaf_value=-0.00020341426699767526 0.00092334562992114682 -0.00039492959671863097 0 0.00028762021449416108 0 0 0
leaf_weight=14.185147404670714 6.7126145362853995 13.108596071600916 8.1057984530925733 25.325025171041489 31.082146361470222 10.195574596524237 8.9290436059236509
leaf_count=28 37 45 20 31 19 11 8
internal_value=0 8.21846e-05 0.000415496 0 0.000130956 -0.000159234 -0.000263021
internal_weight=117.644 103.459 14.8184 88.6404 56.4072 32.2332 22.0376
internal_count=199 171 57 114 50 64 53
is_linear=0
shrinkage=0.03


Tree=372
num_leaves=8
num_cat=0
split_feature=6 8 26 26 19 5 26
split_gain=0.00140707 0.00331955 0.00346048 0.00169865 0.00123717 0.000427022 0.000149926
threshold=-15.499999999999998 -1.4999999999999998 0.17992617227144031 0.12053668025532312 24.130000000000003 1.5000000000000002 -0.91023613416931226
decision_type=2 2 2 2 2 2 2
left_child=-1 2 6 4 5 -3 -2
right_child=1 3 -4 -5 -6 -7 -8
leaf_value=-0.00024856849154159948 0 -0.00051186761602179688 0 0.00010494012365125786 0 0 0.0011359887047738117
leaf_weight=10.385554283857344 2.7230417281389236 8.6124108433723467 4.5595117509365082 62.486520305275917 15.008392587304114 8.8657170534133893 5.0027976483106595
leaf_count=13 9 16 26 52 35 15 33
internal_value=0 7.50698e-05 0.000534368 0 -0.000159811 -0.000331256 0.000914233
internal_weight=117.644 107.258 12.2854 94.973 32.4865 17.4781 7.72584
internal_count=199 186 68 118 66 31 42
is_linear=0
shrinkage=0.03


Tree=373
num_leaves=6
num_cat=0
split_feature=5 3 1 5 3
split_gain=0.00134467 0.00232516 0.00393921 0.0044555 0.000263687
threshold=-7.4999999999999991 11.812500000000002 45.500000000000007 1.5000000000000002 2.9375000000000004
decision_type=2 2 2 2 2
left_child=-1 4 3 -3 -2
right_child=1 2 -4 -5 -6
leaf_value=-0.0001986838235308777 -0.00032845373328971663 0.001330647944598482 0 0 0
leaf_weight=14.185147404670714 1.8997965753078441 5.5094100683927527 80.914546132087708 8.0424721390008909 7.092573881149292
leaf_count=28 15 39 25 36 56
internal_value=0 7.84391e-05 0.000169761 0.00067313 0
internal_weight=117.644 103.459 94.4664 13.5519 8.99237
internal_count=199 171 100 75 71
is_linear=0
shrinkage=0.03


Tree=374
num_leaves=8
num_cat=0
split_feature=6 8 26 26 6 6 26
split_gain=0.00129105 0.00304788 0.00329121 0.00161964 0.000778943 0.000344001 3.94475e-05
threshold=-15.499999999999998 -1.4999999999999998 0.17992617227144031 0.12053668025532312 8.5000000000000018 -2.4999999999999996 -0.91023613416931226
decision_type=2 2 2 2 2 2 2
left_child=-1 2 6 4 5 -3 -2
right_child=1 3 -4 -5 -6 -7 -8
leaf_value=-0.00023909540782554491 0 0 0 0.00010191898495137607 0 -0.0003742677326225733 0.0010892659518192086
leaf_weight=10.385554283857344 2.7230417281389236 9.6256356835365242 4.5595117509365082 62.486520305275917 10.195574596524237 12.665310204029089 5.0027976483106595
leaf_count=13 9 16 26 52 11 39 33
internal_value=0 7.15796e-05 0.000511612 0 -0.00015674 -0.000258239 0.000882902
internal_weight=117.644 107.258 12.2854 94.973 32.4865 22.2909 7.72584
internal_count=199 186 68 118 66 55 42
is_linear=0
shrinkage=0.03


Tree=375
num_leaves=4
num_cat=0
split_feature=20 20 20
split_gain=1.06431e-05 0.000902292 0.000189704
threshold=4.890714285714286 14.725000000000001 -7.1514285714285704
decision_type=2 2 2
left_child=2 -2 -1
right_child=1 -3 -4
leaf_value=0 -0.00015160996266051695 0 6.7793093095899526e-05
leaf_weight=20.76551365852356 35.330620348453522 16.908188953995705 37.425991371273994
leaf_count=31 65 36 67
internal_value=0 -1.1483e-05 6.7323e-06
internal_weight=110.43 52.2388 58.1915
internal_count=199 101 98
is_linear=0
shrinkage=0.03


Tree=376
num_leaves=4
num_cat=0
split_feature=20 20 20
split_gain=6.05995e-06 0.000852512 0.000179437
threshold=4.890714285714286 14.725000000000001 -7.1514285714285704
decision_type=2 2 2
left_child=2 -2 -1
right_child=1 -3 -4
leaf_value=0 -0.00014709996297230678 0 6.5775488504042081e-05
leaf_weight=20.76551365852356 35.330620348453522 16.908188953995705 37.425991371273994
leaf_count=31 65 36 67
internal_value=0 -8.42441e-06 5.43098e-06
internal_weight=110.43 52.2388 58.1915
internal_count=199 101 98
is_linear=0
shrinkage=0.03


Tree=377
num_leaves=4
num_cat=0
split_feature=20 20 20
split_gain=2.8675e-06 0.000804708 0.00016959
threshold=4.890714285714286 14.725000000000001 -7.1514285714285704
decision_type=2 2 2
left_child=2 -2 -1
right_child=1 -3 -4
leaf_value=0 -0.00014272410985991099 0 6.381791387419274e-05
leaf_weight=20.76551365852356 35.330620348453522 16.908188953995705 37.425991371273994
leaf_count=31 65 36 67
internal_value=0 -5.45681e-06 4.16838e-06
internal_weight=110.43 52.2388 58.1915
internal_count=199 101 98
is_linear=0
shrinkage=0.03


Tree=378
num_leaves=4
num_cat=0
split_feature=20 20 20
split_gain=9.50857e-07 0.000758793 0.000160146
threshold=4.890714285714286 14.725000000000001 -7.1514285714285704
decision_type=2 2 2
left_child=2 -2 -1
right_child=1 -3 -4
leaf_value=0 -0.00013847845187938052 0 6.1918592496015343e-05
leaf_weight=20.76551365852356 35.330620348453522 16.908188953995705 37.425991371273994
leaf_count=31 65 36 67
internal_value=0 -2.5775e-06 2.94335e-06
internal_weight=110.43 52.2388 58.1915
internal_count=199 101 98
is_linear=0
shrinkage=0.03


Tree=379
num_leaves=4
num_cat=0
split_feature=20 20 20
split_gain=2.00124e-07 0.000714685 0.000151085
threshold=4.890714285714286 14.725000000000001 -7.1514285714285704
decision_type=2 2 2
left_child=2 -2 -1
right_child=1 -3 -4
leaf_value=0 -0.00013435907621830412 0 6.0075813410115742e-05
leaf_weight=20.76551365852356 35.330620348453522 16.908188953995705 37.425991371273994
leaf_count=31 65 36 67
internal_value=0 0 1.75479e-06
internal_weight=110.43 52.2388 58.1915
internal_count=199 101 98
is_linear=0
shrinkage=0.03


Tree=380
num_leaves=8
num_cat=0
split_feature=29 21 20 15 14 14 16
split_gain=0.00206824 0.00352309 0.00183319 0.00216933 0.00147128 0.000711784 0.000102605
threshold=19.500000000000004 6.5000000000000009 17.060714285714287 -1.1707142857142852 5.7400000000000011 -4.1742857142857135 16.400000000000002
decision_type=2 2 2 2 2 2 2
left_child=1 -1 3 -3 5 -2 -6
right_child=4 2 -4 -5 6 -7 -8
leaf_value=0 0 0 0 -0.0011246196859790419 0 0.00024353443411505456 -5.3225611237831697e-05
leaf_weight=4.6861648857593527 13.235249117016791 2.7230417579412425 1.899796575307845 6.5226349085569399 23.298575460910797 32.918616414070129 32.296540558338165
leaf_count=37 24 16 15 50 10 28 24
internal_value=0 -0.000339197 -0.000662718 -0.000836328 7.27585e-06 0.000169178 0
internal_weight=117.581 15.8316 11.1455 9.24568 101.749 46.1539 55.5951
internal_count=204 118 81 66 86 52 34
is_linear=0
shrinkage=0.03


Tree=381
num_leaves=9
num_cat=0
split_feature=29 21 20 15 14 19 24 21
split_gain=0.00190303 0.00336624 0.00174923 0.00203059 0.00138492 0.00205189 4.17516e-05 2.03552e-05
threshold=19.500000000000004 6.5000000000000009 17.060714285714287 -1.1707142857142852 5.7400000000000011 26.625000000000004 17.470000000000002 51.500000000000007
decision_type=2 2 2 2 2 2 2 2
left_child=1 -1 3 -3 5 -2 -5 -6
right_child=4 2 -4 6 7 -7 -8 -9
leaf_value=0 0 0 0 -0.001759090967145157 0 0.00033014607449485432 0 -2.359451086742104e-05
leaf_weight=4.6861648857593527 18.048066899180412 2.7230417579412425 1.899796575307845 2.3430824428796786 22.987537667155266 28.105798631906509 4.1795524656772614 32.607578352093697
leaf_count=37 25 16 15 18 20 27 32 14
internal_value=0 -0.000325555 -0.000643491 -0.000813274 5.42445e-06 0.000164 -0.00109236 0
internal_weight=117.581 15.8316 11.1455 9.24568 101.749 46.1539 6.52263 55.5951
internal_count=204 118 81 66 86 52 50 34
is_linear=0
shrinkage=0.03


Tree=382
num_leaves=8
num_cat=0
split_feature=29 21 20 15 5 7 9
split_gain=0.00181226 0.00327931 0.00170287 0.00195461 0.000763539 0.00164932 0.000733634
threshold=19.500000000000004 6.5000000000000009 17.060714285714287 -1.1707142857142852 -7.4999999999999991 1.2768149574320882 69.000000000000014
decision_type=2 2 2 2 2 2 2
left_child=1 -1 3 -3 -2 6 -6
right_child=4 2 -4 -5 5 -7 -8
leaf_value=0 0 0 0 -0.0010742410123072009 0.00035262706609049391 0 0
leaf_weight=4.6861648857593527 19.441250994801521 2.7230417579412425 1.899796575307845 6.5226349085569399 22.480925545096397 32.728636637330055 27.09816837310791
leaf_count=37 23 16 15 50 47 12 4
internal_value=0 -0.00031789 -0.000632687 -0.00080032 2.92281e-06 9.12645e-05 0.000208696
internal_weight=117.581 15.8316 11.1455 9.24568 101.749 82.3077 49.5791
internal_count=204 118 81 66 86 63 51
is_linear=0
shrinkage=0.03


Tree=383
num_leaves=8
num_cat=0
split_feature=29 21 20 15 14 19 16
split_gain=0.00166588 0.0031335 0.00162542 0.00182871 0.00126147 0.00193939 0.000112943
threshold=19.500000000000004 6.5000000000000009 17.060714285714287 -1.1707142857142852 5.7400000000000011 26.625000000000004 16.400000000000002
decision_type=2 2 2 2 2 2 2
left_child=1 -1 3 -3 5 -2 -6
right_child=4 2 -4 -5 6 -7 -8
leaf_value=0 0 0 0 -0.0010434308403239508 0 0.0003184595885247046 -5.5842641130428354e-05
leaf_weight=4.6861648857593527 18.048066899180412 2.7230417579412425 1.899796575307845 6.5226349085569399 23.298575460910797 28.105798631906509 32.296540558338165
leaf_count=37 25 16 15 50 10 27 24
internal_value=0 -0.000304859 -0.000614321 -0.000778299 5.92347e-07 0.000156335 0
internal_weight=117.581 15.8316 11.1455 9.24568 101.749 46.1539 55.5951
internal_count=204 118 81 66 86 52 34
is_linear=0
shrinkage=0.03


Tree=384
num_leaves=9
num_cat=0
split_feature=3 22 23 7 25 14 6 26
split_gain=0.000592781 0.001784 0.00312479 0.00271902 0.0037883 0.00157543 0.00191489 0.000243472
threshold=28.000000000000004 19.372857142857146 -7.3099999999999996 0.32519007135049055 13.285000000000002 8.7464285714285737 -15.499999999999998 0.78574730703237883
decision_type=2 2 2 2 2 2 2 2
left_child=1 2 -1 4 -4 6 -2 -8
right_child=5 -3 3 -5 -6 -7 7 -9
leaf_value=0 0 0 -0.0014630146685639805 0 0 -4.1701742559189016e-05 0.0003391410884760603 0
leaf_weight=3.0396745204925564 14.691759616136549 2.0264496803283683 4.7494914382696134 6.142675593495369 2.0264496803283691 40.396743983030319 28.301373288035393 16.206001877784729
leaf_count=21 11 16 37 44 16 16 39 4
internal_value=0 -0.000170814 -0.000362725 -0.000612028 -0.00102254 0 0.000150469 0.000261776
internal_weight=117.581 17.9847 15.9583 12.9186 6.77594 99.5959 59.1991 44.5074
internal_count=204 134 118 97 53 70 54 43
is_linear=0
shrinkage=0.03


Tree=385
num_leaves=8
num_cat=0
split_feature=8 6 19 18 6 10 22
split_gain=0.000126853 0.00438989 0.00342382 0.00188985 0.0021406 0.00331758 0.00162512
threshold=-1.4999999999999998 -7.4999999999999991 70.955000000000027 61.500000000000007 19.000000000000004 -1.4999999999999998 19.372857142857146
decision_type=2 2 2 2 2 2 2
left_child=1 -1 -3 4 5 -2 -7
right_child=3 2 -4 -5 -6 6 -8
leaf_value=0 0 0.00095509130646651182 0 0 0 -0.00075358432559539511 0
leaf_weight=6.3326551914215115 10.512207418680193 7.4092066437005979 2.3430824130773544 59.895726203918457 8.3591046035289747 14.121821150183679 3.1663275659084311
leaf_count=21 20 49 8 9 4 74 9
internal_value=0 0 0.000626925 -3.44218e-05 -0.000223119 -0.000364898 -0.000618462
internal_weight=112.14 16.0849 9.75229 96.0552 36.1595 27.8004 17.2881
internal_count=194 78 57 116 107 103 83
is_linear=0
shrinkage=0.03


Tree=386
num_leaves=7
num_cat=0
split_feature=14 17 25 8 17 0
split_gain=0.000258933 0.00220352 0.000331175 0.00473283 0.00182117 0.000136479
threshold=-0.81714285714285684 0.91428571428571426 3.0942857142857148 8.5000000000000018 3.5250000000000008 45.166666666666679
decision_type=2 2 2 2 2 2
left_child=1 -1 3 5 -4 -2
right_child=2 -3 4 -5 -6 -7
leaf_value=0 0.00096276297702237992 -0.00037814813965845827 -0.00034012201978540101 0 0 0
leaf_weight=4.7494914382696178 4.7494914382696143 15.198372244834898 13.868514612317083 20.58112870156765 44.254068806767464 8.7390639483928663
leaf_count=25 33 37 29 10 53 7
internal_value=0 -0.000107282 0 9.31241e-05 0 0.000574922
internal_weight=112.14 19.9479 92.1923 34.0697 58.1226 13.4886
internal_count=194 62 132 50 82 40
is_linear=0
shrinkage=0.03


Tree=387
num_leaves=7
num_cat=0
split_feature=14 17 25 0 17 0
split_gain=0.000219459 0.00210024 0.000303395 0.00176018 0.00171579 0.00162431
threshold=-0.81714285714285684 0.91428571428571426 3.0942857142857148 62.000000000000007 3.5250000000000008 45.166666666666679
decision_type=2 2 2 2 2 2
left_child=1 -1 3 5 -4 -2
right_child=2 -3 4 -5 -6 -7
leaf_value=0 0.0007517776146685523 -0.00036702328654874774 -0.0003301344126029241 0 0 0
leaf_weight=4.7494914382696178 5.5727366209030134 15.198372244834898 13.868514612317083 23.937435746192932 44.254068806767464 4.5595117211341858
leaf_count=25 37 37 29 5 53 8
internal_value=0 -9.87662e-05 0 8.91328e-05 0 0.000421932
internal_weight=112.14 19.9479 92.1923 34.0697 58.1226 10.1322
internal_count=194 62 132 50 82 45
is_linear=0
shrinkage=0.03


Tree=388
num_leaves=6
num_cat=0
split_feature=27 22 25 25 27
split_gain=9.13764e-05 0.00139439 0.00410914 8.3044e-06 8.03875e-06
threshold=15.429285714285717 1.0000000180025095e-35 3.8957142857142864 1.0000000180025095e-35 -5.2249999999999988
decision_type=2 2 2 2 2
left_child=1 3 -3 -1 -4
right_child=-2 2 4 -5 -6
leaf_value=0 0 0 0 1.3605725581542265e-05 -0.00071736271906800613
leaf_weight=10.765513628721235 15.578331381082533 28.370294630527496 7.8524922132492057 40.074516549706459 9.498982787132265
leaf_count=26 34 44 8 40 42
internal_value=0 -2.91381e-05 -0.000170457 0 -0.000534105
internal_weight=112.14 96.5618 45.7218 50.84 17.3515
internal_count=194 160 94 66 50
is_linear=0
shrinkage=0.03


Tree=389
num_leaves=5
num_cat=0
split_feature=27 22 25 25
split_gain=7.96044e-05 0.00132973 0.00394556 7.81719e-06
threshold=15.429285714285717 1.0000000180025095e-35 3.8957142857142864 1.0000000180025095e-35
decision_type=2 2 2 2
left_child=1 3 -3 -1
right_child=-2 2 -4 -5
leaf_value=0 0 0 -0.00052252419281414032 1.3200578448135342e-05
leaf_weight=10.765513628721235 15.578331381082533 28.370294630527496 17.35147500038147 40.074516549706459
leaf_count=26 34 44 50 40
internal_value=0 -2.71965e-05 -0.000166015 0
internal_weight=112.14 96.5618 45.7218 50.84
internal_count=194 160 94 66
is_linear=0
shrinkage=0.03


Tree=390
num_leaves=8
num_cat=0
split_feature=17 25 23 23 23 12 8
split_gain=0.000604984 0.00364754 0.0021036 0.0019703 0.000449106 0.000682557 0.000160984
threshold=8.732857142857144 4.2271428571428578 -2.887857142857142 11.081428571428576 -2.278571428571428 -4.2728571428571422 7.5000000000000009
decision_type=2 2 2 2 2 2 2
left_child=1 6 -3 -4 -2 -6 -1
right_child=4 2 3 -5 5 -7 -8
leaf_value=8.2550565982026966e-05 0 0 -0.0009241756994217286 0 0 0.00023019226215574313 0
leaf_weight=20.961088344454765 33.171922355890274 9.119023263454439 8.3591048121452349 8.1057984530925733 5.8260425627231625 20.771108657121658 16.211596876382828
leaf_count=59 10 13 26 17 2 60 21
internal_value=0 -8.41442e-05 -0.000379573 -0.000579113 4.03973e-05 0.000136646 0
internal_weight=122.526 62.7566 25.5839 16.4649 59.7691 26.5972 37.1727
internal_count=208 136 56 43 72 62 80
is_linear=0
shrinkage=0.03


Tree=391
num_leaves=7
num_cat=0
split_feature=17 17 23 23 23 12
split_gain=0.000559428 0.00200305 0.00211399 0.00226018 0.000418896 0.000652973
threshold=8.732857142857144 -7.4449999999999994 1.6164285714285722 16.590000000000003 -2.278571428571428 -4.2728571428571422
decision_type=2 2 2 2 2 2
left_child=1 -1 -3 -4 -2 -6
right_child=4 2 3 -5 5 -7
leaf_value=0 0 0 -0.00052275546962994818 0 0 0.00022338481656380312
leaf_weight=10.892166763544081 33.171922355890274 16.084943979978561 22.227619305253029 13.551881700754164 5.8260425627231625 20.771108657121658
leaf_count=31 10 45 44 16 2 60
internal_value=0 -8.1292e-05 -0.00020627 -0.000338007 3.80094e-05 0.000131313
internal_weight=122.526 62.7566 51.8644 35.7795 59.7691 26.5972
internal_count=208 136 105 60 72 62
is_linear=0
shrinkage=0.03


Tree=392
num_leaves=7
num_cat=0
split_feature=17 17 12 13 10 12
split_gain=0.000487198 0.00190668 0.00165119 0.00156418 0.000346448 0.000122524
threshold=8.732857142857144 -7.4449999999999994 6.6350000000000007 -5.4992857142857146 18.500000000000004 1.0000000180025095e-35
decision_type=2 2 2 2 2 2
left_child=1 -1 3 -3 5 -2
right_child=4 2 -4 -5 -6 -7
leaf_value=0 0 0 0 -0.00040926016522917956 0 0.00014018456668560386
leaf_weight=10.892166763544081 6.4593080878257778 5.3194303512573233 17.161495164036751 29.383519470691681 28.238046288490295 25.071719199419022
leaf_count=31 7 20 34 51 5 60
internal_value=0 -7.57638e-05 -0.000199587 -0.000319095 3.56921e-05 0.000110452
internal_weight=122.526 62.7566 51.8644 34.7029 59.7691 31.531
internal_count=208 136 105 71 72 67
is_linear=0
shrinkage=0.03


Tree=393
num_leaves=8
num_cat=0
split_feature=17 25 23 10 23 10 8
split_gain=0.000420594 0.00338969 0.00199018 0.00220799 0.000388387 0.000311059 0.000141644
threshold=8.732857142857144 4.2271428571428578 -2.887857142857142 20.500000000000004 -2.278571428571428 3.5000000000000004 22.500000000000004
decision_type=2 2 2 2 2 2 2
left_child=1 5 -3 -4 -2 -1 -6
right_child=4 2 3 -5 6 -7 -8
leaf_value=0.00011703745448853512 0 0 -0.00080318474760667847 0 0.00018773139683157089 0 0
leaf_weight=20.137843161821365 33.171922355890274 9.119023263454439 10.765513807535173 5.6993894577026358 15.198372304439546 17.034842059016228 11.398778915405272
leaf_count=56 10 13 42 1 60 24 2
internal_value=0 -7.00426e-05 -0.000360296 -0.000554313 3.39367e-05 0 0.000124771
internal_weight=122.526 62.7566 25.5839 16.4649 59.7691 37.1727 26.5972
internal_count=208 136 56 43 72 80 62
is_linear=0
shrinkage=0.03


Tree=394
num_leaves=8
num_cat=0
split_feature=17 25 23 23 23 12 8
split_gain=0.000385532 0.00321363 0.00187991 0.00164264 0.000371277 0.000600575 0.000155313
threshold=8.732857142857144 4.2271428571428578 -2.887857142857142 11.081428571428576 -2.278571428571428 -4.2728571428571422 7.5000000000000009
decision_type=2 2 2 2 2 2 2
left_child=1 6 -3 -4 -2 -6 -1
right_child=4 2 3 -5 5 -7 -8
leaf_value=8.1083369096499454e-05 0 0 -0.00085608107701158078 0 0 0.0002110060504123508 0
leaf_weight=20.961088344454765 33.171922355890274 9.119023263454439 8.3591048121452349 8.1057984530925733 5.8260425627231625 20.771108657121658 16.211596876382828
leaf_count=59 10 13 26 17 2 60 21
internal_value=0 -6.70501e-05 -0.000350274 -0.00053884 3.25118e-05 0.000121589 0
internal_weight=122.526 62.7566 25.5839 16.4649 59.7691 26.5972 37.1727
internal_count=208 136 56 43 72 62 80
is_linear=0
shrinkage=0.03


Tree=395
num_leaves=6
num_cat=0
split_feature=21 11 27 27 20
split_gain=0.000248373 0.00178012 0.00366864 0.00246429 0.000223339
threshold=37.500000000000007 11.167142857142862 -4.8328571428571419 13.629285714285716 2.1835714285714283
decision_type=2 2 2 2 2
left_child=1 2 -1 -4 -2
right_child=4 -3 3 -5 -6
leaf_value=0 0 0 -0.00084111374892524842 0 6.1137127185082217e-05
leaf_weight=5.699389696121222 38.37029442191124 6.4593083262443534 10.06892181932926 2.5963886529207221 56.032806918025017
leaf_count=30 23 43 58 18 22
internal_value=0 -9.2288e-05 -0.000311931 -0.00062828 1.00433e-05
internal_weight=119.227 24.824 18.3647 12.6653 94.4031
internal_count=194 149 106 76 45
is_linear=0
shrinkage=0.03


Tree=396
num_leaves=7
num_cat=0
split_feature=5 27 20 25 21 27
split_gain=0.000223894 0.000919144 0.00198338 0.00181888 0.000835155 2.95181e-05
threshold=1.0000000180025095e-35 -4.3449999999999989 17.290714285714291 3.8957142857142864 37.500000000000007 4.0821428571428582
decision_type=2 2 2 2 2 2
left_child=1 -1 3 -3 5 -2
right_child=4 2 -4 -5 -6 -7
leaf_value=0 -5.1901018445454064e-05 0 0 -0.00072053606387274946 0.00010538796158257635 0
leaf_weight=4.5595117509365073 9.5623093396425229 15.768311038613325 6.9659205079078665 8.2324517667293531 69.262460887432098 4.8761445432901374
leaf_count=21 37 30 11 38 21 36
internal_value=0 -7.09884e-05 -0.000179531 -0.000339009 1.57978e-05 0
internal_weight=119.227 35.5262 30.9667 24.0008 83.7009 14.4385
internal_count=194 100 79 68 94 73
is_linear=0
shrinkage=0.03


Tree=397
num_leaves=5
num_cat=0
split_feature=5 23 23 18
split_gain=0.00019019 0.00351881 0.00045364 0.000394944
threshold=1.0000000180025095e-35 2.5107142857142866 15.74 51.500000000000007
decision_type=2 2 2 2
left_child=1 -1 -3 -2
right_child=3 2 -4 -5
leaf_value=0 0 -0.00049268872629606617 0 7.7047086313895914e-05
leaf_weight=12.158697813749312 21.594354048371315 15.071719139814379 8.2957781106233579 62.106560721993446
leaf_count=41 80 40 19 14
internal_value=0 -6.60213e-05 -0.00037471 1.33681e-05
internal_weight=119.227 35.5262 23.3675 83.7009
internal_count=194 100 59 94
is_linear=0
shrinkage=0.03


Tree=398
num_leaves=6
num_cat=0
split_feature=5 23 20 18 6
split_gain=0.000155054 0.00336679 0.00247558 0.000374724 0.000223234
threshold=1.0000000180025095e-35 2.5107142857142866 14.725000000000001 51.500000000000007 22.500000000000004
decision_type=2 2 2 2 2
left_child=1 -1 4 -2 -3
right_child=3 2 -4 -5 -6
leaf_value=0 0 -0.00076002964188808919 0 7.4746787400182347e-05 0
leaf_weight=12.158697813749312 21.594354048371315 9.3723297119140643 8.2957780808210355 62.106560721993446 5.6993894577026358
leaf_count=41 80 45 13 14 1
internal_value=0 -5.98032e-05 -0.000365297 1.16592e-05 -0.000591947
internal_weight=119.227 35.5262 23.3675 83.7009 15.0717
internal_count=194 100 59 94 46
is_linear=0
shrinkage=0.03


Tree=399
num_leaves=6
num_cat=0
split_feature=21 11 20 11 19
split_gain=0.000152159 0.00160459 0.00282353 0.00142822 0.000503466
threshold=37.500000000000007 11.167142857142862 2.1835714285714283 -1.4357142857142857 38.035000000000004
decision_type=2 2 2 2 2
left_child=1 2 -1 -4 -2
right_child=4 -3 3 -5 -6
leaf_value=0 0 0 0 -0.00091121803301542632 0.00010658283144204996
leaf_weight=7.535859748721129 54.322990089654922 6.4593083262443534 4.6228382736444509 6.2060021460056252 40.080111250281334
leaf_count=47 25 43 17 42 20
internal_value=0 -7.23051e-05 -0.000290533 -0.000608201 7.68597e-06
internal_weight=119.227 24.824 18.3647 10.8288 94.4031
internal_count=194 149 106 59 45
is_linear=0
shrinkage=0.03


Tree=400
num_leaves=8
num_cat=0
split_feature=2 7 8 5 7 16 16
split_gain=0.00403859 0.00551868 0.000791646 0.00149858 0.00103305 0.000908779 0.000602048
threshold=-0.94631349896080774 -0.88539230537192293 -1.4999999999999998 3.5000000000000004 -0.10338921514235998 25.440000000000001 1.8200000000000003
decision_type=2 2 2 2 2 2 2
left_child=1 -1 3 -2 -4 6 -6
right_child=2 -3 4 -5 5 -7 -8
leaf_value=-0.001368357215438198 0.00056483572415914733 0 -0.00028277037673898539 0 0 -0.00010123087732349797 0.00016659845459701089
leaf_weight=4.3695320934057236 6.0793490409851056 3.1663275957107535 11.652085363864897 6.7759408503770828 11.076551392674444 30.396744251251221 37.357069611549377
leaf_count=18 37 15 32 7 9 47 35
internal_value=-3.57009e-05 -0.00069422 0 0.000228446 -1.69027e-05 0 0.000101628
internal_weight=110.874 7.53586 103.338 12.8553 90.4825 78.8304 48.4336
internal_count=200 33 167 44 123 91 44
is_linear=0
shrinkage=0.03


Tree=401
num_leaves=7
num_cat=0
split_feature=2 7 8 7 8 7
split_gain=0.00377278 0.00525306 0.000740079 0.000972009 0.000804068 2.17193e-05
threshold=-0.94631349896080774 -0.88539230537192293 -1.4999999999999998 -0.10338921514235998 -20.499999999999996 1.2081589408111693
decision_type=2 2 2 2 2 2
left_child=1 -1 4 -4 -2 -5
right_child=2 -3 3 5 -6 -7
leaf_value=-0.001329943919074678 0 0 -0.00027450022092178873 2.033260802218684e-05 0.00044711832064080203 0
leaf_weight=4.3695320934057236 6.3326549828052521 3.1663275957107535 11.652085363864897 46.982705295085907 6.5226349085569364 31.847659960389137
leaf_count=18 4 15 32 52 40 39
internal_value=-3.4974e-05 -0.000671329 0 -1.68536e-05 0.000220616 0
internal_weight=110.874 7.53586 103.338 90.4825 12.8553 78.8304
internal_count=200 33 167 123 44 91
is_linear=0
shrinkage=0.03


Tree=402
num_leaves=9
num_cat=0
split_feature=2 7 8 11 8 26 7 10
split_gain=0.00352874 0.00500083 0.000695367 0.000921998 0.00076063 0.000500727 0.00142379 0.00109344
threshold=-0.94631349896080774 -0.88539230537192293 -1.4999999999999998 -7.3099999999999996 -20.499999999999996 0.12053668025532312 1.3318366998709787 -1.4999999999999998
decision_type=2 2 2 2 2 2 2 2
left_child=1 -1 4 -4 -2 6 7 -5
right_child=2 -3 3 5 -6 -7 -8 -9
leaf_value=-0.0012926088747287729 0 0 0 0 0.00043429459081550877 0 0 -0.00052470337014579906
leaf_weight=4.3695320934057236 6.3326549828052521 3.1663275957107535 13.86291967332363 9.182349815964697 6.5226349085569364 44.829602539539337 9.9422684162855131 12.665310174226766
leaf_count=18 4 15 18 13 40 42 15 35
internal_value=-3.35875e-05 -0.00064908 0 -1.61123e-05 0.000213965 -0.000105329 -0.000201585 -0.000341667
internal_weight=110.874 7.53586 103.338 90.4825 12.8553 76.6195 31.7899 21.8477
internal_count=200 33 167 123 44 105 63 48
is_linear=0
shrinkage=0.03


Tree=403
num_leaves=8
num_cat=0
split_feature=2 20 8 11 19 8 26
split_gain=0.00330879 0.00139254 0.000648918 0.000882559 0.00110333 0.000719587 6.46709e-05
threshold=-0.94631349896080774 14.177142857142856 -1.4999999999999998 -7.3099999999999996 24.130000000000003 -20.499999999999996 1.0000000180025095e-35
decision_type=2 2 2 2 2 2 2
left_child=1 -1 5 -4 6 -2 -5
right_child=2 -3 3 4 -6 -7 -8
leaf_value=-0.00093875126502390813 0 0 0 -0.00038868587501442523 0 0.00042183865236707243 0
leaf_weight=4.6228383332490912 6.3326549828052521 2.9130213558673859 13.86291967332363 12.032044649124147 56.671667501330376 6.5226349085569364 7.9158187955617896
leaf_count=26 4 7 18 32 59 40 14
internal_value=-3.10345e-05 -0.000627456 0 -1.39163e-05 -0.000102737 0.000207505 -0.000298562
internal_weight=110.874 7.53586 103.338 90.4825 76.6195 12.8553 19.9479
internal_count=200 33 167 123 105 44 46
is_linear=0
shrinkage=0.03


Tree=404
num_leaves=8
num_cat=0
split_feature=2 7 8 7 16 8 16
split_gain=0.00314227 0.00468844 0.000607332 0.00089779 0.000800321 0.000680805 0.000573803
threshold=-0.94631349896080774 -0.88539230537192293 -1.4999999999999998 -0.10338921514235998 25.440000000000001 -20.499999999999996 1.8200000000000003
decision_type=2 2 2 2 2 2 2
left_child=1 -1 5 -4 6 -2 -5
right_child=2 -3 3 4 -6 -7 -8
leaf_value=-0.0012368434871849689 0 0 -0.00026223377334299973 0 -9.0346020053396517e-05 0.00040973993339149024 0.00016182610671460957
leaf_weight=4.3695320934057236 6.3326549828052521 3.1663275957107535 11.652085363864897 11.076551392674444 30.396744251251221 6.5226349085569364 37.357069611549377
leaf_count=18 4 15 32 9 47 40 35
internal_value=-2.9344e-05 -0.000610841 0 -1.23708e-05 0 0.00020123 9.81769e-05
internal_weight=110.874 7.53586 103.338 90.4825 78.8304 12.8553 48.4336
internal_count=200 33 167 123 91 44 44
is_linear=0
shrinkage=0.03


Tree=405
num_leaves=7
num_cat=0
split_feature=5 10 12 28 10 17
split_gain=0.00188929 0.00319416 0.000728353 0.0015627 0.00214345 0.00303882
threshold=-4.4999999999999991 -1.4999999999999998 -5.1621428571428565 6.0128571428571442 16.500000000000004 17.746428571428577
decision_type=2 2 2 2 2 2
left_child=1 -1 -2 -4 5 -5
right_child=2 -3 3 4 -6 -7
leaf_value=-0.00065472743346382508 0 0 0 0.00057077398648916358 0 0
leaf_weight=8.8023907095193881 15.515004828572271 19.821210131049156 30.080111548304558 22.412004023790359 21.905391335487366 11.899796575307844
leaf_count=34 26 17 63 48 5 14
internal_value=0 -0.000188449 8.11956e-05 0.000123869 0.000219988 0.000367095
internal_weight=130.436 28.6236 101.812 86.2973 56.2172 34.3118
internal_count=207 51 156 130 67 62
is_linear=0
shrinkage=0.03


Tree=406
num_leaves=9
num_cat=0
split_feature=5 10 26 29 26 10 22 6
split_gain=0.00175039 0.00301751 0.00195213 0.00159368 0.00128558 0.000337902 0.00053448 8.21448e-06
threshold=-4.4999999999999991 -1.4999999999999998 -0.1799261722714405 82.500000000000014 0.95297903005573359 -1.4999999999999998 -1.0000000180025095e-35 -10.499999999999998
decision_type=2 2 2 2 2 2 2 2
left_child=1 7 5 4 -4 -2 -7 -1
right_child=2 -3 3 -5 -6 6 -8 -9
leaf_value=-0.00091361405475180355 0 0 0.00037415299466696874 0 0 0 -0.00021764509664602162 0
leaf_weight=4.1162258535623568 6.3326551914215115 19.821210131049156 35.135045751929283 27.09816837310791 14.058494120836256 2.9130214154720369 16.274923458695408 4.6861648559570312
leaf_count=10 22 17 59 4 17 20 34 24
internal_value=0 -0.000182471 7.74374e-05 0.000175879 0.000277217 0 -0.000124921 -0.000635733
internal_weight=130.436 28.6236 101.812 76.2917 49.1935 25.5206 19.1879 8.80239
internal_count=207 51 156 80 76 76 54 34
is_linear=0
shrinkage=0.03


Tree=407
num_leaves=5
num_cat=0
split_feature=5 9 6 25
split_gain=0.00165646 0.00141319 0.00349397 0.00083557
threshold=-4.4999999999999991 82.500000000000014 -6.4999999999999991 11.619285714285711
decision_type=2 2 2 2
left_child=1 2 -1 -2
right_child=3 -3 -4 -5
leaf_value=-0.0010218550416058376 0 0 0 0.00020309245722113957
leaf_weight=4.8128179609775561 70.09689636528492 19.377924203872681 4.4328586757183075 31.715411946177483
leaf_count=19 111 5 27 45
internal_value=0 -0.000178571 -0.000479437 7.46158e-05
internal_weight=130.436 28.6236 9.24568 101.812
internal_count=207 51 46 156
is_linear=0
shrinkage=0.03


Tree=408
num_leaves=8
num_cat=0
split_feature=5 26 0 6 29 26 7
split_gain=0.00156711 0.00181327 0.00170256 0.002932 0.00146726 0.00116754 0.000557128
threshold=-4.4999999999999991 -0.1799261722714405 76.166666666666671 -6.4999999999999991 82.500000000000014 0.95297903005573359 1.2768149574320882
decision_type=2 2 2 2 2 2 2
left_child=2 -2 3 -1 5 6 -3
right_child=1 4 -4 -5 -6 -7 -8
leaf_value=-0.00099299802975955065 0 0.00054864360491195063 0 0 0 0 0
leaf_weight=4.8128179609775561 25.520600065588951 16.459308356046677 18.238046288490295 5.5727365911006927 27.09816837310791 14.058494120836256 18.675737395882607
leaf_count=19 76 46 4 28 4 17 13
internal_value=0 7.27235e-05 -0.00017347 -0.000474186 0.000168398 0.000265641 0.000358071
internal_weight=130.436 101.812 28.6236 10.3856 76.2917 49.1935 35.135
internal_count=207 156 51 47 80 76 59
is_linear=0
shrinkage=0.03


Tree=409
num_leaves=7
num_cat=0
split_feature=5 0 6 12 28 17
split_gain=0.00146965 0.0016081 0.00276903 0.00063099 0.00141587 0.00134678
threshold=-4.4999999999999991 76.166666666666671 -6.4999999999999991 -5.1621428571428565 6.0128571428571442 16.677857142857146
decision_type=2 2 2 2 2 2
left_child=1 2 -1 -2 -5 -6
right_child=3 -3 -4 4 5 -7
leaf_value=-0.00096495609125159677 0 0 0 0 0.00032406423514469857 0
leaf_weight=4.8128179609775561 15.515004828572271 18.238046288490295 5.5727365911006927 30.080111548304558 33.557476729154587 22.659715205430984
leaf_count=19 26 4 28 63 46 21
internal_value=0 -0.000168513 -0.000460768 7.00704e-05 0.000111119 0.000203631
internal_weight=130.436 28.6236 10.3856 101.812 86.2973 56.2172
internal_count=207 51 47 156 130 67
is_linear=0
shrinkage=0.03


Tree=410
num_leaves=8
num_cat=0
split_feature=7 29 27 10 5 2 3
split_gain=0.000287007 0.0019432 0.00266444 0.00132123 0.000594417 0.000689368 0.000484375
threshold=-0.10338921514235998 23.500000000000004 11.619285714285711 16.500000000000004 -2.4999999999999996 0.99784887340499029 15.875000000000002
decision_type=2 2 2 2 2 2 2
left_child=1 2 6 4 -2 -6 -1
right_child=3 -3 -4 -5 5 -7 -8
leaf_value=-0.0013082494188054387 0 0 0 0 0.00037376322212433037 0 0
leaf_weight=2.406408995389941 8.2324515581130964 24.127415850758553 2.0264496803283691 40.143437772989273 17.979145586490631 19.498982608318329 1.8997965753078458
leaf_count=19 13 48 16 15 47 28 13
internal_value=0 -4.00124e-05 -0.000520675 4.92604e-05 0.000174322 0.00022621 -0.000954449
internal_weight=116.314 30.4601 6.33266 85.854 45.7106 37.4781 4.30621
internal_count=199 96 48 103 88 75 32
is_linear=0
shrinkage=0.03


Tree=411
num_leaves=8
num_cat=0
split_feature=7 29 24 10 5 7 14
split_gain=0.000257387 0.00184349 0.00359053 0.00126566 0.000571385 0.000568259 0.000245926
threshold=-0.10338921514235998 23.500000000000004 29.435000000000002 16.500000000000004 -2.4999999999999996 1.2081589408111693 2.3071428571428574
decision_type=2 2 2 2 2 2 2
left_child=1 2 6 4 -2 -6 -1
right_child=3 -3 -4 -5 5 -7 -8
leaf_value=-0.001413448677279315 0 0 0 0 0.00031544211815863081 0 0
leaf_weight=2.2797558903694179 8.2324515581130964 24.127415850758553 2.1531027853488922 40.143437772989273 23.36190228164196 14.116225913166998 1.8997965753078458
leaf_count=16 13 48 17 15 48 27 15
internal_value=0 -3.6942e-05 -0.000506435 4.69204e-05 0.00016994 0.000220874 -0.00104935
internal_weight=116.314 30.4601 6.33266 85.854 45.7106 37.4781 4.17955
internal_count=199 96 48 103 88 75 31
is_linear=0
shrinkage=0.03


Tree=412
num_leaves=7
num_cat=0
split_feature=7 29 11 10 5 2
split_gain=0.000227368 0.00174386 0.00253892 0.00120578 0.000546619 0.000604235
threshold=-0.10338921514235998 23.500000000000004 11.4 16.500000000000004 -2.4999999999999996 0.99784887340499029
decision_type=2 2 2 2 2 2
left_child=1 2 -1 4 -2 -6
right_child=3 -3 -4 -5 5 -7
leaf_value=-0.00095935141169214803 0 0 0 0 0.00035398370607013188 0
leaf_weight=3.9262462556362179 8.2324515581130964 24.127415850758553 2.4064089953899384 40.143437772989273 17.979145586490631 19.498982608318329
leaf_count=29 13 48 19 15 47 28
internal_value=0 -3.37993e-05 -0.00049186 4.43543e-05 0.000165135 0.000215022
internal_weight=116.314 30.4601 6.33266 85.854 45.7106 37.4781
internal_count=199 96 48 103 88 75
is_linear=0
shrinkage=0.03


Tree=413
num_leaves=7
num_cat=0
split_feature=7 29 14 10 5 7
split_gain=0.000200993 0.00163052 0.00259318 0.00115494 0.000525645 0.00049223
threshold=-0.10338921514235998 23.500000000000004 3.1521428571428576 16.500000000000004 -2.4999999999999996 1.2081589408111693
decision_type=2 2 2 2 2 2
left_child=1 2 -1 4 -2 -6
right_child=3 -3 -4 -5 5 -7
leaf_value=-0.0010323545645933609 0 0 0 0 0.00029851290874921045 0
leaf_weight=3.2929807305336025 8.2324515581130964 24.127415850758553 3.0396745204925537 40.143437772989273 23.36190228164196 14.116225913166998
leaf_count=24 13 48 24 15 48 27
internal_value=0 -3.01257e-05 -0.000474824 4.21382e-05 0.000160985 0.000209968
internal_weight=116.314 30.4601 6.33266 85.854 45.7106 37.4781
internal_count=199 96 48 103 88 75
is_linear=0
shrinkage=0.03


Tree=414
num_leaves=7
num_cat=0
split_feature=6 3 7 3 0 0
split_gain=0.000186349 0.00103944 0.00253347 0.000398652 0.000141805 4.75921e-05
threshold=-6.4999999999999991 11.812500000000002 1.2081589408111693 1.2500000000000002 83.166666666666686 45.166666666666679
decision_type=2 2 2 2 2 2
left_child=4 3 5 -2 -1 -3
right_child=1 2 -4 -5 -6 -7
leaf_value=-0.00010667644221184817 -0.00037293126221170429 0.00064280047159982463 0 0 0 0
leaf_weight=13.678535014390945 2.2797558903694135 7.9158190637826911 45.203966975212097 6.8392676711082458 12.538656830787659 27.858087182044983
leaf_count=32 18 54 24 54 3 14
internal_value=0 3.88253e-05 0.000114832 0 -3.44384e-05 0.000304823
internal_weight=116.314 90.0969 80.9779 9.11902 26.2172 35.7739
internal_count=199 164 92 72 35 68
is_linear=0
shrinkage=0.03


Tree=415
num_leaves=7
num_cat=0
split_feature=6 19 11 28 7 19
split_gain=0.000193407 0.000714104 0.00243402 0.00164383 0.000567652 7.71241e-05
threshold=-15.499999999999998 25.840000000000003 8.7464285714285737 14.725000000000001 1.3318366998709787 11.270000000000001
decision_type=2 2 2 2 2 2
left_child=-1 5 3 4 -3 -2
right_child=1 2 -4 -5 -6 -7
leaf_value=-0.00012854095399222253 0 0.00043714818563653229 0 0 0 -5.1658432752126911e-05
leaf_weight=10.195574626326559 6.965920776128768 24.945066064596176 17.984740346670151 17.409206375479698 19.372329443693161 25.710579454898834
leaf_count=12 50 44 37 11 12 45
internal_value=0 2.40157e-06 8.96697e-05 0.000213751 0.000310927 0
internal_weight=122.583 112.388 79.7113 61.7266 44.3174 32.6765
internal_count=211 199 104 67 56 95
is_linear=0
shrinkage=0.03


Tree=416
num_leaves=5
num_cat=0
split_feature=28 24 19 25
split_gain=0.000189842 0.00122767 0.00387518 0.000981564
threshold=6.0128571428571442 29.040000000000003 11.580000000000002 11.619285714285711
decision_type=2 2 2 2
left_child=1 2 -1 -2
right_child=3 -3 -4 -5
leaf_value=0 0 0 -0.0007848893920218606 0.00019148371089517199
leaf_weight=8.9290436357259768 61.104525908827782 20.961088463664055 7.4092066138982764 24.179552465677261
leaf_count=24 61 59 36 31
internal_value=0 -6.45568e-05 -0.000275364 1.28626e-05
internal_weight=122.583 37.2993 16.3383 85.2841
internal_count=211 119 60 92
is_linear=0
shrinkage=0.03


Tree=417
num_leaves=7
num_cat=0
split_feature=6 19 19 28 7 19
split_gain=0.000170009 0.00063707 0.00227574 0.001617 0.000356041 6.47759e-05
threshold=-15.499999999999998 25.840000000000003 63.235000000000007 14.725000000000001 1.2768149574320882 11.270000000000001
decision_type=2 2 2 2 2 2
left_child=-1 5 3 4 -3 -2
right_child=1 2 -4 -5 -6 -7
leaf_value=-0.00012074074298595435 0 0.00043518405028170656 0 0 0 -4.7342710768884675e-05
leaf_weight=10.195574626326559 6.965920776128768 22.918616443872452 19.567904099822044 18.042471900582314 19.182349786162376 25.710579454898834
leaf_count=12 50 46 29 18 11 45
internal_value=0 0 8.46523e-05 0.000208258 0.00031008 0
internal_weight=122.583 112.388 79.7113 60.1434 42.101 32.6765
internal_count=211 199 104 75 57 95
is_linear=0
shrinkage=0.03


Tree=418
num_leaves=7
num_cat=0
split_feature=28 24 19 12 7 28
split_gain=0.000160359 0.00112975 0.00368898 0.000439282 0.00114389 0.00137034
threshold=6.0128571428571442 29.040000000000003 11.580000000000002 -5.4992857142857146 1.2081589408111693 16.185000000000006
decision_type=2 2 2 2 2 2
left_child=1 2 -1 -2 5 -5
right_child=3 -3 -4 4 -6 -7
leaf_value=0 0 0 -0.0007618438146681757 0.00029775481327844004 0 0
leaf_weight=8.9290436357259768 11.968717887997625 20.961088463664055 7.4092066138982764 29.757883787155151 34.438453406095505 9.1190232932567579
leaf_count=24 6 59 36 42 18 26
internal_value=0 -6.04971e-05 -0.000263404 8.85661e-06 7.39035e-05 0.000191157
internal_weight=122.583 37.2993 16.3383 85.2841 73.3154 38.8769
internal_count=211 119 60 92 86 68
is_linear=0
shrinkage=0.03


Tree=419
num_leaves=7
num_cat=0
split_feature=6 19 11 28 7 19
split_gain=0.000150844 0.000558688 0.00222446 0.00147826 0.000370342 6.00426e-05
threshold=-15.499999999999998 25.840000000000003 8.7464285714285737 14.725000000000001 1.3318366998709787 11.270000000000001
decision_type=2 2 2 2 2 2
left_child=-1 5 3 4 -3 -2
right_child=1 2 -4 -5 -6 -7
leaf_value=-0.00011373178450845615 0 0.00040635513679809977 0 0 0 -4.5580181444529676e-05
leaf_weight=10.195574626326559 6.965920776128768 24.945066064596176 17.984740346670151 17.409206375479698 19.372329443693161 25.710579454898834
leaf_count=12 50 44 37 11 12 45
internal_value=0 0 7.92739e-05 0.000200956 0.000293188 0
internal_weight=122.583 112.388 79.7113 61.7266 44.3174 32.6765
internal_count=211 199 104 67 56 95
is_linear=0
shrinkage=0.03


Tree=420
num_leaves=6
num_cat=0
split_feature=19 16 5 5 16
split_gain=0.000117282 0.000479337 0.000926702 0.0015403 3.21568e-05
threshold=63.235000000000007 2.5250000000000008 3.5000000000000004 -4.4999999999999991 26.895000000000003
decision_type=2 2 2 2 2
left_child=1 -1 3 -3 -2
right_child=4 2 -4 -5 -6
leaf_value=0 0 0 0 0.00031270652919609542 -8.6465796074041532e-05
leaf_weight=23.419633835554123 9.4356559962034243 17.224821716547012 31.47329543530941 27.414801642298698 9.8789419233798963
leaf_count=26 11 31 35 76 21
internal_value=0 2.4185e-05 8.00616e-05 0.000171633 -4.9034e-05
internal_weight=118.847 99.5326 76.1129 44.6396 19.3146
internal_count=200 168 142 107 32
is_linear=0
shrinkage=0.03


Tree=421
num_leaves=6
num_cat=0
split_feature=19 16 5 5 16
split_gain=0.00010144 0.000447628 0.000875041 0.00146069 3.00596e-05
threshold=63.235000000000007 2.5250000000000008 3.5000000000000004 -4.4999999999999991 26.895000000000003
decision_type=2 2 2 2 2
left_child=1 -1 3 -3 -2
right_child=4 2 -4 -5 -6
leaf_value=0 0 0 0 0.00030342689172172714 -8.3948260747095441e-05
leaf_weight=23.419633835554123 9.4356559962034243 17.224821716547012 31.47329543530941 27.414801642298698 9.8789419233798963
leaf_count=26 11 31 35 76 21
internal_value=0 2.16088e-05 7.66959e-05 0.00016591 -4.77276e-05
internal_weight=118.847 99.5326 76.1129 44.6396 19.3146
internal_count=200 168 142 107 32
is_linear=0
shrinkage=0.03


Tree=422
num_leaves=6
num_cat=0
split_feature=19 19 16 12 12
split_gain=8.75465e-05 0.000417499 2.80896e-05 4.37589e-06 0.000138496
threshold=63.235000000000007 38.035000000000004 26.895000000000003 9.4792857142857159 -3.5749999999999997
decision_type=2 2 2 2 2
left_child=1 3 -2 4 -1
right_child=2 -3 -4 -5 -6
leaf_value=0 0 0.00011149182920043484 -8.1504087734630824e-05 0 -6.3870665034264078e-05
leaf_weight=9.7522888183593732 9.4356559962034243 32.860884621739388 9.8789419233798963 25.699389725923538 31.219989463686943
leaf_count=28 11 37 21 40 63
internal_value=0 1.91091e-05 -4.64592e-05 0 -9.76844e-06
internal_weight=118.847 99.5326 19.3146 66.6717 40.9723
internal_count=200 168 32 131 91
is_linear=0
shrinkage=0.03


Tree=423
num_leaves=6
num_cat=0
split_feature=19 16 5 5 16
split_gain=8.29866e-05 0.000411096 0.000825096 0.00138208 2.62391e-05
threshold=63.235000000000007 2.5250000000000008 3.5000000000000004 -4.4999999999999991 26.895000000000003
decision_type=2 2 2 2 2
left_child=1 -1 3 -3 -2
right_child=4 2 -4 -5 -6
leaf_value=0 0 0 0 0.00029372092792824241 -7.9130995379391036e-05
leaf_weight=23.419633835554123 9.4356559962034243 17.224821716547012 31.47329543530941 27.414801642298698 9.8789419233798963
leaf_count=26 11 31 35 76 21
internal_value=0 1.86074e-05 7.27618e-05 0.000159769 -4.52277e-05
internal_weight=118.847 99.5326 76.1129 44.6396 19.3146
internal_count=200 168 142 107 32
is_linear=0
shrinkage=0.03


Tree=424
num_leaves=3
num_cat=0
split_feature=19 19
split_gain=7.13214e-05 0.000377403
threshold=63.235000000000007 38.035000000000004
decision_type=2 2
left_child=1 -1
right_child=-2 -3
leaf_value=0 -4.403203283652369e-05 0.00010503211215212864
leaf_weight=66.671668007969856 19.314597919583321 32.860884621739388
leaf_count=131 32 37
internal_value=0 1.61876e-05
internal_weight=118.847 99.5326
internal_count=200 168
is_linear=0
shrinkage=0.03


Tree=425
num_leaves=6
num_cat=0
split_feature=18 20 20 29 21
split_gain=0.000308456 0.00221127 0.00286705 0.00356634 0.00502097
threshold=53.000000000000007 3.8957142857142864 14.725000000000001 56.000000000000007 6.5000000000000009
decision_type=2 2 2 2 2
left_child=1 -1 3 4 -3
right_child=-2 2 -4 -5 -6
leaf_value=0 1.2270529034600264e-05 0 0 0 -0.0013386507070920633
leaf_weight=21.657680630683899 67.241606205701828 2.6597152054309863 10.258901238441466 6.4593080878257743 6.712614506483078
leaf_count=83 24 21 36 4 34
internal_value=0 -7.46063e-05 -0.000292481 -0.000547634 -0.000912155
internal_weight=114.99 47.7482 26.0905 15.8316 9.37233
internal_count=202 178 95 59 55
is_linear=0
shrinkage=0.03


Tree=426
num_leaves=5
num_cat=0
split_feature=8 8 0 10
split_gain=0.000466567 0.00332858 0.00195796 0.0019976
threshold=-1.4999999999999998 -13.499999999999998 62.000000000000007 -4.4999999999999991
decision_type=2 2 2 2
left_child=1 -1 3 -2
right_child=2 -3 -4 -5
leaf_value=0 0 0.0005713153613036338 0 -0.00044025466583136964
leaf_weight=10.638860523700716 4.3695320934057262 9.4989828467369062 71.29450511932373 19.187945291399956
leaf_count=19 17 58 11 97
internal_value=0 9.95842e-05 -4.77803e-05 -0.000288041
internal_weight=114.99 20.1378 94.852 23.5575
internal_count=202 77 125 114
is_linear=0
shrinkage=0.03


Tree=427
num_leaves=5
num_cat=0
split_feature=8 8 0 29
split_gain=0.000405821 0.00315947 0.0018249 0.00138543
threshold=-1.4999999999999998 -13.499999999999998 62.000000000000007 48.500000000000007
decision_type=2 2 2 2
left_child=1 -1 3 -2
right_child=2 -3 -4 -5
leaf_value=0 -0.00039709837978341427 0.00055470062675401337 0 0
leaf_weight=10.638860523700716 19.251271873712543 9.4989828467369062 71.29450511932373 4.3062055110931388
leaf_count=19 105 58 11 9
internal_value=0 9.16182e-05 -4.51169e-05 -0.000277418
internal_weight=114.99 20.1378 94.852 23.5575
internal_count=202 77 125 114
is_linear=0
shrinkage=0.03


Tree=428
num_leaves=4
num_cat=0
split_feature=10 0 10
split_gain=4.31045e-06 0.000873955 0.000173041
threshold=-2.4999999999999996 83.166666666666686 -17.499999999999996
decision_type=2 2 2
left_child=2 -2 -1
right_child=1 -3 -4
leaf_value=0 -0.00011655892171889697 0 0.00011445299005546663
leaf_weight=14.121820673346521 57.880467236042023 31.398778915405273 11.588759049773214
leaf_count=15 123 4 60
internal_value=0 -6.5808e-06 0
internal_weight=114.99 89.2792 25.7106
internal_count=202 127 75
is_linear=0
shrinkage=0.03


Tree=429
num_leaves=5
num_cat=0
split_feature=8 8 0 10
split_gain=0.000335417 0.00299477 0.0016942 0.0018285
threshold=-1.4999999999999998 -13.499999999999998 62.000000000000007 -4.4999999999999991
decision_type=2 2 2 2
left_child=1 -1 3 -2
right_child=2 -3 -4 -5
leaf_value=0 0 0.00053815100861205492 0 -0.00041335459202094897
leaf_weight=10.638860523700716 4.3695320934057262 9.4989828467369062 71.29450511932373 19.187945291399956
leaf_count=19 17 58 11 97
internal_value=0 8.35172e-05 -4.0919e-05 -0.000265688
internal_weight=114.99 20.1378 94.852 23.5575
internal_count=202 77 125 114
is_linear=0
shrinkage=0.03


Tree=430
num_leaves=7
num_cat=0
split_feature=19 19 6 5 5 5
split_gain=4.26173e-05 0.000521158 0.000954579 0.000158315 0.000108206 1.81888e-05
threshold=63.235000000000007 25.840000000000003 -8.4999999999999982 4.5000000000000009 1.5000000000000002 -1.0000000180025095e-35
decision_type=2 2 2 2 2 2
left_child=1 5 -3 4 -4 -1
right_child=-2 2 3 -5 -6 -7
leaf_value=-4.589252175950872e-05 -4.3388076523040168e-05 0 0.00050077641317789845 0 0 0
leaf_weight=7.4725331366062155 20.074516519904137 12.348677203059195 5.9526959359645826 31.721006646752357 3.1030010432004929 32.92980620265007
leaf_count=33 30 9 37 17 14 65
internal_value=0 0 9.36984e-05 0.000179816 0.000396475 0
internal_weight=113.602 93.5277 53.1254 40.7767 9.0557 40.4023
internal_count=205 175 77 68 51 98
is_linear=0
shrinkage=0.03


Tree=431
num_leaves=7
num_cat=0
split_feature=19 19 6 5 5 5
split_gain=4.01351e-05 0.000502703 0.000937515 0.000115991 8.79498e-05 1.71548e-05
threshold=63.235000000000007 25.840000000000003 -8.4999999999999982 4.5000000000000009 1.5000000000000002 -1.0000000180025095e-35
decision_type=2 2 2 2 2 2
left_child=1 5 -3 4 -4 -1
right_child=-2 2 3 -5 -6 -7
leaf_value=-4.4568937596935947e-05 -4.2105598793320379e-05 0 0.0004864739312693666 0 0 0
leaf_weight=7.4725331366062155 20.074516519904137 12.348677203059195 5.9526959359645826 31.721006646752357 3.1030010432004929 32.92980620265007
leaf_count=33 30 9 37 17 14 65
internal_value=0 0 9.20245e-05 0.000177639 0.000386916 0
internal_weight=113.602 93.5277 53.1254 40.7767 9.0557 40.4023
internal_count=205 175 77 68 51 98
is_linear=0
shrinkage=0.03


Tree=432
num_leaves=5
num_cat=0
split_feature=19 19 6 19
split_gain=3.77976e-05 0.000485095 0.000921034 5.11907e-06
threshold=63.235000000000007 25.840000000000003 -8.4999999999999982 11.270000000000001
decision_type=2 2 2 2
left_child=1 3 -3 -1
right_child=-2 2 -4 -5
leaf_value=0 -4.0861045190198325e-05 0 0.00017552378306562747 -1.2981179625617408e-05
leaf_weight=13.361902311444281 20.074516519904137 12.348677203059195 40.776703625917435 27.040437027812004
leaf_count=52 30 9 68 46
internal_value=0 0 9.03984e-05 0
internal_weight=113.602 93.5277 53.1254 40.4023
internal_count=205 175 77 98
is_linear=0
shrinkage=0.03


Tree=433
num_leaves=6
num_cat=0
split_feature=14 6 6 6 6
split_gain=2.24605e-05 0.000469915 0.00576918 2.16493e-05 6.46285e-05
threshold=-0.81714285714285684 -3.4999999999999996 4.5000000000000009 11.500000000000002 -1.4999999999999998
decision_type=2 2 2 2 2
left_child=3 -2 -3 4 -1
right_child=1 2 -4 -5 -6
leaf_value=0 0 0.00070631715038317556 0 0 -9.4585917240065954e-05
leaf_weight=12.728636726737024 23.620803281664848 10.955493554472922 47.299337938427925 8.3591046333312971 10.638860553503038
leaf_count=28 40 63 33 7 34
internal_value=0 0 8.49864e-05 -2.51233e-05 -4.09555e-05
internal_weight=113.602 81.8756 58.2548 31.7266 23.3675
internal_count=205 136 96 69 62
is_linear=0
shrinkage=0.03


Tree=434
num_leaves=7
num_cat=0
split_feature=19 19 6 5 5 5
split_gain=3.74882e-05 0.000423697 0.000861887 9.80173e-05 7.95292e-05 1.86498e-05
threshold=63.235000000000007 25.840000000000003 -8.4999999999999982 4.5000000000000009 1.5000000000000002 -1.0000000180025095e-35
decision_type=2 2 2 2 2 2
left_child=1 5 -3 4 -4 -1
right_child=-2 2 3 -5 -6 -7
leaf_value=-4.6470518868768075e-05 -4.0693508739263639e-05 0 0.00045891176716789431 0 0 0
leaf_weight=7.4725331366062155 20.074516519904137 12.348677203059195 5.9526959359645826 31.721006646752357 3.1030010432004929 32.92980620265007
leaf_count=33 30 9 37 17 14 65
internal_value=0 0 8.44842e-05 0.000167832 0.000364828 0
internal_weight=113.602 93.5277 53.1254 40.7767 9.0557 40.4023
internal_count=205 175 77 68 51 98
is_linear=0
shrinkage=0.03


Tree=435
num_leaves=4
num_cat=0
split_feature=19 8 8
split_gain=0.000316806 0.000640742 0.00110756
threshold=63.235000000000007 -1.4999999999999998 -20.499999999999996
decision_type=2 2 2
left_child=1 2 -1
right_child=-2 -3 -4
leaf_value=0 -0.00011553642810448913 0 0.00043997943921770025
leaf_weight=8.7390639483928698 20.707782045006752 58.508137732744217 7.8524925112724295
leaf_count=9 35 101 54
internal_value=0 7.8952e-06 0.00018552
internal_weight=95.8075 75.0997 16.5916
internal_count=199 164 63
is_linear=0
shrinkage=0.03


Tree=436
num_leaves=5
num_cat=0
split_feature=20 20 20 20
split_gain=1.94041e-05 0.00147354 0.00132325 7.09558e-06
threshold=4.890714285714286 14.725000000000001 8.482857142857144 -3.5749999999999997
decision_type=2 2 2 2
left_child=3 2 -2 -1
right_child=1 -3 -4 -5
leaf_value=0 0 0 -0.00053518421523880699 1.4891622405098493e-05
leaf_weight=30.264496207237244 10.258901208639147 18.238046526908875 8.5490845292806608 28.496947765350342
leaf_count=45 24 39 37 54
internal_value=0 -2.16245e-05 -0.000265177 0
internal_weight=95.8075 37.046 18.808 58.7614
internal_count=199 100 61 99
is_linear=0
shrinkage=0.03


Tree=437
num_leaves=4
num_cat=0
split_feature=19 8 8
split_gain=0.000290577 0.000612037 0.00105886
threshold=63.235000000000007 -1.4999999999999998 -20.499999999999996
decision_type=2 2 2
left_child=1 2 -1
right_child=-2 -3 -4
leaf_value=0 -0.00011060341747422581 0 0.00043013406902782912
leaf_weight=8.7390639483928698 20.707782045006752 58.508137732744217 7.8524925112724295
leaf_count=9 35 101 54
internal_value=0 7.74964e-06 0.000181323
internal_weight=95.8075 75.0997 16.5916
internal_count=199 164 63
is_linear=0
shrinkage=0.03


Tree=438
num_leaves=4
num_cat=0
split_feature=19 8 8
split_gain=0.000272345 0.000573477 0.00100356
threshold=63.235000000000007 -1.4999999999999998 -20.499999999999996
decision_type=2 2 2
left_child=1 2 -1
right_child=-2 -3 -4
leaf_value=0 -0.00010733270970386898 0 0.00041770490562672218
leaf_weight=8.7390639483928698 20.707782045006752 58.508137732744217 7.8524925112724295
leaf_count=9 35 101 54
internal_value=0 6.40575e-06 0.000175324
internal_weight=95.8075 75.0997 16.5916
internal_count=199 164 63
is_linear=0
shrinkage=0.03


Tree=439
num_leaves=4
num_cat=0
split_feature=19 8 8
split_gain=0.000255418 0.000537034 0.00095124
threshold=63.235000000000007 -1.4999999999999998 -20.499999999999996
decision_type=2 2 2
left_child=1 2 -1
right_child=-2 -3 -4
leaf_value=0 -0.00010415869742100958 0 0.00040563487150709223
leaf_weight=8.7390639483928698 20.707782045006752 58.508137732744217 7.8524925112724295
leaf_count=9 35 101 54
internal_value=0 5.1007e-06 0.000169499
internal_weight=95.8075 75.0997 16.5916
internal_count=199 164 63
is_linear=0
shrinkage=0.03


Tree=440
num_leaves=7
num_cat=0
split_feature=7 29 20 10 29 24
split_gain=0.000741644 0.00337525 0.00412587 0.000339617 0.000812217 0.000195759
threshold=-0.10338921514235998 23.500000000000004 11.619285714285711 12.500000000000002 61.500000000000007 23.210000000000004
decision_type=2 2 2 2 2 2
left_child=1 2 5 4 -2 -1
right_child=3 -3 -4 -5 -6 -7
leaf_value=-0.0015686657668199755 0.00025056573326656922 0 0 0 0 0
leaf_weight=2.7863683104515102 16.211597144603729 22.734231725335121 1.8997965753078458 48.249236226081848 27.478127688169479 1.8997965753078458
leaf_count=20 66 44 15 28 5 15
internal_value=0 -0.000150115 -0.00073354 0 8.33567e-05 -0.00121976
internal_weight=121.259 29.3202 6.58596 91.939 43.6897 4.68616
internal_count=193 94 50 99 71 35
is_linear=0
shrinkage=0.03


Tree=441
num_leaves=6
num_cat=0
split_feature=7 29 20 10 29
split_gain=0.000698546 0.00320737 0.00398524 0.000317419 0.00076756
threshold=-0.10338921514235998 23.500000000000004 11.619285714285711 12.500000000000002 61.500000000000007
decision_type=2 2 2 2 2
left_child=1 2 -1 4 -2
right_child=3 -3 -4 -5 -6
leaf_value=-0.0011934614320620771 0.0002431853310089227 0 0 0 0
leaf_weight=4.6861648857593563 16.211597144603729 22.734231725335121 1.8997965753078458 48.249236226081848 27.478127688169479
leaf_count=35 66 44 15 28 5
internal_value=0 -0.000145688 -0.000714497 0 8.05864e-05
internal_weight=121.259 29.3202 6.58596 91.939 43.6897
internal_count=193 94 50 99 71
is_linear=0
shrinkage=0.03


Tree=442
num_leaves=7
num_cat=0
split_feature=7 29 20 10 29 24
split_gain=0.000645282 0.00299878 0.00380839 0.000296592 0.000725413 0.000200395
threshold=-0.10338921514235998 23.500000000000004 11.619285714285711 12.500000000000002 61.500000000000007 23.210000000000004
decision_type=2 2 2 2 2 2
left_child=1 2 5 4 -2 -1
right_child=3 -3 -4 -5 -6 -7
leaf_value=-0.0014938564902799963 0.00023602232812830432 0 0 0 0 0
leaf_weight=2.7863683104515102 16.211597144603729 22.734231725335121 1.8997965753078458 48.249236226081848 27.478127688169479 1.8997965753078458
leaf_count=20 66 44 15 28 5 15
internal_value=0 -0.000140024 -0.000690131 0 7.78978e-05 -0.00115981
internal_weight=121.259 29.3202 6.58596 91.939 43.6897 4.68616
internal_count=193 94 50 99 71 35
is_linear=0
shrinkage=0.03


Tree=443
num_leaves=7
num_cat=0
split_feature=7 0 1 10 19 16
split_gain=0.000607011 0.00210184 0.00228719 0.000277054 0.000363003 0.000203267
threshold=-0.10338921514235998 25.166666666666668 7.6250000000000009 12.500000000000002 45.705000000000005 2.5250000000000008
decision_type=2 2 2 2 2 2
left_child=1 2 -1 4 5 -2
right_child=3 -3 -4 -5 -6 -7
leaf_value=-0.001288954959596172 0 0 0 0 0 0.00020516503405679332
leaf_weight=2.4064089953899401 11.076551392674448 21.214394465088844 5.6993897259235382 48.249236226081848 14.881739273667334 17.731434166431427
leaf_count=19 9 30 45 28 16 46
internal_value=0 -0.000135808 -0.000538548 0 7.52883e-05 0.000140677
internal_weight=121.259 29.3202 8.1058 91.939 43.6897 28.808
internal_count=193 94 64 99 71 55
is_linear=0
shrinkage=0.03


Tree=444
num_leaves=8
num_cat=0
split_feature=7 29 28 24 10 28 24
split_gain=0.000579253 0.00274542 0.00350707 0.00296586 0.000259095 0.000341624 0.000105967
threshold=-0.10338921514235998 23.500000000000004 10.967857142857147 26.320000000000004 12.500000000000002 13.629285714285716 64.000000000000014
decision_type=2 2 2 2 2 2 2
left_child=1 2 3 -1 5 6 -2
right_child=4 -3 -4 -5 -6 -7 -8
leaf_value=-0.0018050299193554061 0.00018948138375836032 0 0 0 0 0 0
leaf_weight=2.406408995389941 17.414801403880123 22.734231725335121 2.2797558903694153 1.8997965753078458 48.249236226081848 14.185147225856779 12.089776203036307
leaf_count=17 42 44 18 15 28 21 8
internal_value=0 -0.000132667 -0.000659195 -0.00115535 0 7.28074e-05 0.000134684
internal_weight=121.259 29.3202 6.58596 4.30621 91.939 43.6897 29.5046
internal_count=193 94 50 32 99 71 50
is_linear=0
shrinkage=0.03


Tree=445
num_leaves=3
num_cat=0
split_feature=12 12
split_gain=5.0149e-06 2.36735e-06
threshold=2.5735714285714297 -5.4992857142857146
decision_type=2 2
left_child=1 -1
right_child=-2 -3
leaf_value=0 0 1.4742367570605061e-05
leaf_weight=11.652085393667219 62.238809302449226 30.27009117603302
leaf_count=35 103 54
internal_value=0 1.03391e-05
internal_weight=104.161 41.9222
internal_count=192 89
is_linear=0
shrinkage=0.03


Tree=446
num_leaves=4
num_cat=0
split_feature=12 10 10
split_gain=4.71204e-06 0.000299859 2.79584e-05
threshold=2.5735714285714297 -17.499999999999996 -2.4999999999999996
decision_type=2 2 2
left_child=1 -1 -2
right_child=2 -3 -4
leaf_value=0 0 8.7471295359800694e-05 -2.2678715412220823e-05
leaf_weight=6.3959815353155127 13.615208461880682 35.526195034384727 48.623600840568542
leaf_count=4 37 85 66
internal_value=0 1.0022e-05 0
internal_weight=104.161 41.9222 62.2388
internal_count=192 89 103
is_linear=0
shrinkage=0.03


Tree=447
num_leaves=4
num_cat=0
split_feature=12 10 10
split_gain=2.86449e-06 0.000283855 2.6316e-05
threshold=2.5735714285714297 -17.499999999999996 -2.4999999999999996
decision_type=2 2 2
left_child=1 -1 -2
right_child=2 -3 -4
leaf_value=0 0 8.4869112484507254e-05 -2.2002516052826201e-05
leaf_weight=6.3959815353155127 13.615208461880682 35.526195034384727 48.623600840568542
leaf_count=4 37 85 66
internal_value=0 7.81403e-06 0
internal_weight=104.161 41.9222 62.2388
internal_count=192 89 103
is_linear=0
shrinkage=0.03


Tree=448
num_leaves=4
num_cat=0
split_feature=10 10 10
split_gain=7.56599e-09 0.000156109 3.82706e-05
threshold=12.500000000000002 -18.499999999999996 -2.4999999999999996
decision_type=2 2 2
left_child=1 -1 -3
right_child=-2 2 -4
leaf_value=0 0 0.00011290026593671618 0
leaf_weight=13.108595833182333 42.803152978420258 13.425229042768477 34.824008017778397
leaf_count=10 28 64 90
internal_value=0 3.32323e-07 5.37965e-05
internal_weight=104.161 61.3578 48.2492
internal_count=192 164 154
is_linear=0
shrinkage=0.03


Tree=449
num_leaves=3
num_cat=0
split_feature=12 12
split_gain=1.24354e-06 1.95254e-06
threshold=2.5735714285714297 -5.4992857142857146
decision_type=2 2
left_child=1 -1
right_child=-2 -3
leaf_value=0 0 9.7002199693355816e-06
leaf_weight=11.652085393667219 62.238809302449226 30.27009117603302
leaf_count=35 103 54
internal_value=0 5.1485e-06
internal_weight=104.161 41.9222
internal_count=192 89
is_linear=0
shrinkage=0.03


Tree=450
num_leaves=7
num_cat=0
split_feature=0 20 27 27 14 14
split_gain=8.20839e-05 0.00053896 0.000519727 0.000881594 0.000476597 0.000350542
threshold=25.166666666666668 11.619285714285711 -6.4557142857142855 14.725000000000001 8.7464285714285737 -5.1621428571428565
decision_type=2 2 2 2 2 2
left_child=1 2 -1 -4 5 -2
right_child=4 -3 3 -5 -6 -7
leaf_value=0 0 0 -0.00052636928741074261 0 0 0.00011818843447826145
leaf_weight=2.0897762328386316 11.778738439083098 5.6360631734132758 6.269328698515892 2.5330621004104614 31.599948450922966 52.993132725358009
leaf_count=16 19 44 49 20 18 39
internal_value=0 -6.62569e-05 -0.000223473 -0.000335848 0 8.11896e-05
internal_weight=112.9 16.5282 10.8922 8.80239 96.3718 64.7719
internal_count=205 129 85 69 76 58
is_linear=0
shrinkage=0.03


Tree=451
num_leaves=4
num_cat=0
split_feature=19 19 14
split_gain=0.00040033 0.000686456 0.000828064
threshold=63.235000000000007 26.625000000000004 5.7400000000000011
decision_type=2 2 2
left_child=1 -1 -3
right_child=-2 2 -4
leaf_value=0 -0.00012583700975186984 0.00020519438434581116 0
leaf_weight=39.705747291445732 21.721006855368614 32.348677411675453 19.124618262052536
leaf_count=99 35 31 40
internal_value=0 1.12586e-05 0.000110259
internal_weight=112.9 91.179 51.4733
internal_count=205 170 71
is_linear=0
shrinkage=0.03


Tree=452
num_leaves=4
num_cat=0
split_feature=19 19 14
split_gain=0.000373239 0.000643016 0.000786552
threshold=63.235000000000007 26.625000000000004 5.7400000000000011
decision_type=2 2 2
left_child=1 -1 -3
right_child=-2 2 -4
leaf_value=0 -0.00012211332349740321 0.00019909511340396847 0
leaf_weight=39.705747291445732 21.721006855368614 32.348677411675453 19.124618262052536
leaf_count=99 35 31 40
internal_value=0 9.08182e-06 0.000106412
internal_weight=112.9 91.179 51.4733
internal_count=205 170 71
is_linear=0
shrinkage=0.03


Tree=453
num_leaves=4
num_cat=0
split_feature=19 19 14
split_gain=0.000348519 0.000601574 0.000747226
threshold=63.235000000000007 26.625000000000004 5.7400000000000011
decision_type=2 2 2
left_child=1 -1 -3
right_child=-2 2 -4
leaf_value=0 -0.00011849983881441421 0.00019317713548614991 0
leaf_weight=39.705747291445732 21.721006855368614 32.348677411675453 19.124618262052536
leaf_count=99 35 31 40
internal_value=0 6.9697e-06 0.00010268
internal_weight=112.9 91.179 51.4733
internal_count=205 170 71
is_linear=0
shrinkage=0.03


Tree=454
num_leaves=4
num_cat=0
split_feature=19 19 14
split_gain=0.000326009 0.000562028 0.000709967
threshold=63.235000000000007 26.625000000000004 5.7400000000000011
decision_type=2 2 2
left_child=1 -1 -3
right_child=-2 2 -4
leaf_value=0 -0.0001149932786186932 0.00018743507469096916 0
leaf_weight=39.705747291445732 21.721006855368614 32.348677411675453 19.124618262052536
leaf_count=99 35 31 40
internal_value=0 4.92038e-06 9.90595e-05
internal_weight=112.9 91.179 51.4733
internal_count=205 170 71
is_linear=0
shrinkage=0.03


Tree=455
num_leaves=9
num_cat=0
split_feature=5 8 5 26 26 4 7 7
split_gain=0.001088 0.00328209 0.00345433 0.00235539 0.000288556 0.00218155 0.00051696 0.000361903
threshold=-7.4999999999999991 -1.4999999999999998 3.5000000000000004 0.40966402954315184 0.12053668025532312 12.750000000000002 0.94715264854978132 1.2081589408111693
decision_type=2 2 2 2 2 2 2 2
left_child=-1 2 3 -2 5 6 -3 -6
right_child=1 4 -4 -5 7 -7 -8 -9
leaf_value=-3.9599636848132462e-05 0.0012336732010865359 -0.00090718402331848311 0 0 0.0001348501934546793 0 0 0
leaf_weight=19.504577547311783 5.6993897259235364 2.7863683104515102 7.5358594506978989 2.0264496803283691 25.768311038613319 14.755086347460745 1.8997965753078458 26.718209266662598
leaf_count=28 34 22 5 16 34 25 15 19
internal_value=0 0.000104102 0.000500745 0.000934635 0 -7.51103e-05 -0.000645061 5.30092e-05
internal_weight=106.694 87.1895 15.2617 7.72584 71.9278 19.4413 4.68616 52.4865
internal_count=198 170 55 50 115 62 37 53
is_linear=0
shrinkage=0.03


Tree=456
num_leaves=9
num_cat=0
split_feature=5 8 5 26 26 4 7 7
split_gain=0.00103135 0.00310518 0.00325393 0.0022173 0.000264171 0.00208646 0.000473577 0.000343178
threshold=-7.4999999999999991 -1.4999999999999998 3.5000000000000004 0.40966402954315184 0.12053668025532312 12.750000000000002 0.94715264854978132 1.2081589408111693
decision_type=2 2 2 2 2 2 2 2
left_child=-1 2 3 -2 5 6 -3 -6
right_child=1 4 -4 -5 7 -7 -8 -9
leaf_value=-3.8429634363529101e-05 0.0011985136797044416 -0.00088261394862569826 0 0 0.00013085123486091828 0 0 0
leaf_weight=19.504577547311783 5.6993897259235364 2.7863683104515102 7.5358594506978989 2.0264496803283691 25.768311038613319 14.755086347460745 1.8997965753078458 26.718209266662598
leaf_count=28 34 22 5 16 34 25 15 19
internal_value=0 0.000101366 0.00048719 0.000908353 0 -7.12689e-05 -0.000629853 5.10343e-05
internal_weight=106.694 87.1895 15.2617 7.72584 71.9278 19.4413 4.68616 52.4865
internal_count=198 170 55 50 115 62 37 53
is_linear=0
shrinkage=0.03


Tree=457
num_leaves=8
num_cat=0
split_feature=5 8 5 26 21 21 26
split_gain=0.000977816 0.00293796 0.00306495 0.00208712 0.000244556 0.000215326 0.000667204
threshold=-7.4999999999999991 -1.4999999999999998 3.5000000000000004 0.40966402954315184 32.500000000000007 6.5000000000000009 -0.78574730703237872
decision_type=2 2 2 2 2 2 2
left_child=-1 2 3 -2 5 -3 -7
right_child=1 4 -4 -5 -6 6 -8
leaf_value=-3.7294226375915022e-05 0.0011643562090832662 0 0 0 4.7017304027895687e-05 0 -0.0002980640277441715
leaf_weight=19.504577547311783 5.6993897259235364 3.7995931506156948 7.5358594506978989 2.0264496803283691 54.576296269893646 3.7995930910110465 9.7522890269756299
leaf_count=28 34 30 5 16 23 11 51
internal_value=0 9.87112e-05 0.000474021 0.00088282 0 -7.4811e-05 -0.000145335
internal_weight=106.694 87.1895 15.2617 7.72584 71.9278 17.3515 13.5519
internal_count=198 170 55 50 115 92 62
is_linear=0
shrinkage=0.03


Tree=458
num_leaves=9
num_cat=0
split_feature=5 8 5 26 26 4 7 7
split_gain=0.000935059 0.00277206 0.00288675 0.00196442 0.000239943 0.00196958 0.000436936 0.0003229
threshold=-7.4999999999999991 -1.4999999999999998 3.5000000000000004 0.40966402954315184 0.12053668025532312 12.750000000000002 0.94715264854978132 1.2081589408111693
decision_type=2 2 2 2 2 2 2 2
left_child=-1 2 3 -2 5 6 -3 -6
right_child=1 4 -4 -5 7 -7 -8 -9
leaf_value=-3.6192333181604927e-05 0.0011311722855247414 -0.00085467289597368045 0 0 0.00012661908140382635 0 0 0
leaf_weight=19.504577547311783 5.6993897259235364 2.7863683104515102 7.5358594506978989 2.0264496803283691 25.768311038613319 14.755086347460745 1.8997965753078458 26.718209266662598
leaf_count=28 34 22 5 16 34 25 15 19
internal_value=0 9.65525e-05 0.000461228 0.000858015 0 -6.7001e-05 -0.000610968 4.91133e-05
internal_weight=106.694 87.1895 15.2617 7.72584 71.9278 19.4413 4.68616 52.4865
internal_count=198 170 55 50 115 62 37 53
is_linear=0
shrinkage=0.03


Tree=459
num_leaves=7
num_cat=0
split_feature=5 24 24 29 7 17
split_gain=0.000888818 0.0018169 0.00413196 0.000561829 0.000418876 8.59591e-05
threshold=-5.4999999999999991 7.6150000000000011 60.560000000000009 75.500000000000014 1.8861865879821598 13.032857142857146
decision_type=2 2 2 2 2 2
left_child=5 -2 3 4 -3 -1
right_child=1 2 -4 -5 -6 -7
leaf_value=-7.9656185139445046e-05 0 0.00047660938268313926 0 0 0 0
leaf_weight=13.045269489288332 9.6889622658491117 30.644455820322037 26.021617367863655 7.2192266881465903 6.3959815353155127 13.678534775972365
leaf_count=29 30 91 31 3 4 10
internal_value=0 9.93701e-05 0.000185466 0.000371404 0.00042208 -1.64514e-05
internal_weight=106.694 79.9702 70.2813 44.2597 37.0404 26.7238
internal_count=198 159 129 98 95 39
is_linear=0
shrinkage=0.03


Tree=460
num_leaves=3
num_cat=0
split_feature=11 12
split_gain=4.59701e-07 0.000526586
threshold=-1.7957142857142858 0.91428571428571426
decision_type=2 2
left_child=-1 -2
right_child=1 -3
leaf_value=0 0 -0.00012600928516681047
leaf_weight=38.744659185409546 31.663275122642517 29.573499366641045
leaf_count=63 43 90
internal_value=0 -2.59293e-06
internal_weight=99.9814 61.2368
internal_count=196 133
is_linear=0
shrinkage=0.03


Tree=461
num_leaves=7
num_cat=0
split_feature=9 9 9 9 11 11
split_gain=1.06538e-06 0.000654257 0.000454103 0.00023989 0.000202996 0.00134339
threshold=23.500000000000004 69.000000000000014 40.500000000000007 34.500000000000007 4.3792857142857153 -4.1742857142857135
decision_type=2 2 2 2 2 2
left_child=4 2 3 -2 5 -1
right_child=1 -3 -4 -5 -6 -7
leaf_value=0 0.00048124106061234206 0 0 0 0 -0.00056157070534733789
leaf_weight=3.4196338355541229 4.939471095800398 48.496947437524796 27.547049418091774 3.2296541482210159 8.2324518263339979 4.1162259131669989
leaf_count=27 28 13 25 10 63 30
internal_value=0 0 0.000127863 0.000343196 -7.72484e-06 -0.000153094
internal_weight=99.9814 84.2131 35.7162 8.16913 15.7683 7.53586
internal_count=196 76 63 38 120 57
is_linear=0
shrinkage=0.03


Tree=462
num_leaves=7
num_cat=0
split_feature=9 9 9 9 11 11
split_gain=2.07493e-07 0.000634151 0.000420489 0.000218425 0.000180943 0.00128097
threshold=23.500000000000004 69.000000000000014 40.500000000000007 34.500000000000007 4.3792857142857153 -4.1742857142857135
decision_type=2 2 2 2 2 2
left_child=4 2 3 -2 5 -1
right_child=1 -3 -4 -5 -6 -7
leaf_value=0 0.00046763041408412432 0 0 0 0 -0.00054586796297306339
leaf_weight=3.4196338355541229 4.939471095800398 48.496947437524796 27.547049418091774 3.2296541482210159 8.2324518263339979 4.1162259131669989
leaf_count=27 28 13 25 10 63 30
internal_value=0 0 0.000125883 0.000334776 -3.40909e-06 -0.000144244
internal_weight=99.9814 84.2131 35.7162 8.16913 15.7683 7.53586
internal_count=196 76 63 38 120 57
is_linear=0
shrinkage=0.03


Tree=463
num_leaves=2
num_cat=0
split_feature=11
split_gain=1.40519e-08
threshold=-1.7957142857142858
decision_type=2
left_child=-1
right_child=-2
leaf_value=0 -4.5333794582931865e-07
leaf_weight=38.744659185409546 61.236774489283562
leaf_count=63 133
internal_value=0
internal_weight=99.9814
internal_count=196
is_linear=0
shrinkage=0.03


Tree=464
num_leaves=2
num_cat=0
split_feature=11
split_gain=1.32258e-08
threshold=-1.7957142857142858
decision_type=2
left_child=-1
right_child=-2
leaf_value=0 -4.3980919086549185e-07
leaf_weight=38.744659185409546 61.236774489283562
leaf_count=63 133
internal_value=0
internal_weight=99.9814
internal_count=196
is_linear=0
shrinkage=0.03


Tree=465
num_leaves=7
num_cat=0
split_feature=29 28 15 28 11 9
split_gain=0.000316523 0.00375515 0.000642042 0.000186042 0.00120945 4.88437e-05
threshold=19.500000000000004 6.5421428571428581 -1.7957142857142858 8.7800000000000029 7.7185714285714289 91.000000000000014
decision_type=2 2 2 2 2 2
left_child=1 2 -1 4 5 -2
right_child=3 -3 -4 -5 -6 -7
leaf_value=0 0.0002378847064342968 0 -0.00089982757468597715 0 0 0
leaf_weight=3.1030010730028152 22.670905202627182 7.3458800911903372 4.939471095800398 54.512969687581062 19.631230622529984 9.9999999999999982
leaf_count=19 49 58 38 23 19 1
internal_value=0 -0.000134752 -0.000662766 0 5.64189e-05 0.000195173
internal_weight=122.203 15.3884 8.04247 106.815 52.3021 32.6709
internal_count=207 115 57 92 69 50
is_linear=0
shrinkage=0.03


Tree=466
num_leaves=7
num_cat=0
split_feature=29 28 15 14 11 28
split_gain=0.000277854 0.0035998 0.0005732 0.000229096 0.000430613 1.66362e-07
threshold=19.500000000000004 6.5421428571428581 -1.7957142857142858 3.1521428571428576 6.5421428571428581 8.7800000000000029
decision_type=2 2 2 2 2 2
left_child=1 2 -1 4 -2 -5
right_child=3 -3 -4 5 -6 -7
leaf_value=0 0.00015735707306629607 0 -0.00087437840896734825 0 0 -2.175316917082011e-06
leaf_weight=3.1030010730028152 23.678535044193268 7.3458800911903372 4.939471095800398 35.330620110034943 16.464903056621552 31.341047301888466
leaf_count=19 35 58 38 28 16 13
internal_value=0 -0.000126253 -0.000646783 0 7.14013e-05 0
internal_weight=122.203 15.3884 8.04247 106.815 40.1434 66.6717
internal_count=207 115 57 92 51 41
is_linear=0
shrinkage=0.03


Tree=467
num_leaves=7
num_cat=0
split_feature=8 26 1 5 16 11
split_gain=0.000206245 0.00581791 0.00194702 0.000977777 0.000130385 0.000104863
threshold=-1.4999999999999998 0.17992617227144031 0.87500000000000011 -2.4999999999999996 30.375000000000004 2.0700000000000007
decision_type=2 2 2 2 2 2
left_child=1 -1 -2 -3 -4 -6
right_child=2 3 4 -5 5 -7
leaf_value=0.00076192034086926144 -0.00091268950225449944 -0.00038054965042205806 0 0 0 -0.00012477782487699111
leaf_weight=8.6757376641035098 2.0264496803283683 5.9526958465576172 67.046031847596169 7.7258391380310041 17.47812789678574 13.298575699329374
leaf_count=44 16 19 57 17 22 32
internal_value=0 0 -4.30516e-05 -4.27143e-05 0 -6.14494e-05
internal_weight=122.203 22.3543 99.8492 13.6785 97.8227 30.7767
internal_count=207 80 127 36 111 54
is_linear=0
shrinkage=0.03


Tree=468
num_leaves=8
num_cat=0
split_feature=29 28 20 15 28 28 20
split_gain=0.000235954 0.00344178 0.000907265 0.0015114 0.000153071 0.000956253 4.20607e-05
threshold=19.500000000000004 11.268571428571432 11.619285714285711 -1.7957142857142858 8.7800000000000029 -3.5749999999999997 11.268571428571432
decision_type=2 2 2 2 2 2 2
left_child=1 2 3 -1 5 -2 -7
right_child=4 -3 -4 -5 -6 6 -8
leaf_value=0 0 0 0 -0.0010359238440604997 0 0.00021755321799095975 0
leaf_weight=3.3563072830438578 18.238046526908875 5.066124200820922 2.1531027853488913 4.8128179907798785 54.512969687581062 21.594353809952736 12.469735488295553
leaf_count=21 26 40 17 37 23 39 4
internal_value=0 -0.000116345 -0.000558218 -0.000698026 0 5.1176e-05 0.00017045
internal_weight=122.203 15.3884 10.3222 8.16913 106.815 52.3021 34.0641
internal_count=207 115 75 58 92 69 43
is_linear=0
shrinkage=0.03


Tree=469
num_leaves=8
num_cat=0
split_feature=8 26 3 11 17 6 5
split_gain=0.000196774 0.00549312 0.00182225 0.00244484 0.00334626 0.00313758 0.000925323
threshold=-1.4999999999999998 0.17992617227144031 62.437500000000007 -9.0521428571428562 9.4792857142857159 19.000000000000004 -2.4999999999999996
decision_type=2 2 2 2 2 2 2
left_child=1 -1 3 -2 5 -5 -3
right_child=2 6 -4 4 -6 -7 -8
leaf_value=0.00074068614686805131 0 -0.00036921512416772411 0 -0.00083578262182807783 0 0 0
leaf_weight=8.6757376641035098 2.5963886529207221 5.9526958465576172 65.336214661598206 13.805188357830053 10.892166763544081 7.2192266881465903 7.7258391380310041
leaf_count=44 15 19 10 62 37 3 17
internal_value=0 0 -4.20515e-05 -0.000228466 -0.000353132 -0.000574132 -3.74219e-05
internal_weight=122.203 22.3543 99.8492 34.513 31.9166 21.0244 13.6785
internal_count=207 80 127 117 102 65 36
is_linear=0
shrinkage=0.03


Tree=470
num_leaves=7
num_cat=0
split_feature=5 5 14 14 7 7
split_gain=0.000152873 0.000954003 0.00172855 0.00477069 2.05576e-05 0.000132281
threshold=-4.4999999999999991 3.5000000000000004 -0.81714285714285684 17.746428571428577 0.28936189854552991 -0.62272671265809809
decision_type=2 2 2 2 2 2
left_child=4 2 -2 -4 5 -1
right_child=1 -3 3 -5 -6 -7
leaf_value=-0.0001417889471046046 0 0 0.00088584130659688563 0 0 0
leaf_weight=6.585961401462554 20.005594998598099 57.172685101628304 8.4224314838647825 7.1559001654386512 12.918616175651549 8.7390639483928698
leaf_count=26 27 56 56 12 9 12
internal_value=0 3.83281e-05 0.000166544 0.000400823 -5.55571e-06 -3.52208e-05
internal_weight=121 92.7566 35.5839 15.5783 28.2436 15.325
internal_count=198 151 95 68 47 38
is_linear=0
shrinkage=0.03


Tree=471
num_leaves=6
num_cat=0
split_feature=6 19 28 19 7
split_gain=0.000377973 0.000936706 0.00148458 0.00100396 0.00192028
threshold=-15.499999999999998 63.235000000000007 14.725000000000001 19.845000000000002 1.3318366998709787
decision_type=2 2 2 2 2
left_child=-1 2 3 -2 -5
right_child=1 -3 -4 4 -6
leaf_value=-0.00011840588254482578 0 0 0 0.0003989619018279755 0
leaf_weight=10.765513598918913 15.325025409460066 19.441250994801521 25.008392408490181 31.087741419672966 19.372329443693161
leaf_count=14 54 30 31 57 12
internal_value=0 4.09148e-05 0.000106235 0.000189143 0.000253725
internal_weight=121 110.235 90.7935 65.7851 50.4601
internal_count=198 184 154 123 69
is_linear=0
shrinkage=0.03


Tree=472
num_leaves=5
num_cat=0
split_feature=6 8 6 11
split_gain=0.000335619 0.00174474 0.0018536 5.77037e-05
threshold=-15.499999999999998 -1.4999999999999998 1.5000000000000002 6.7407142857142857
decision_type=2 2 2 2
left_child=-1 2 -2 -3
right_child=1 3 -4 -5
leaf_value=-0.00011495001408826269 0.00061279640897283279 7.7177255472900684e-06 0 -4.5987659239554498e-05
leaf_weight=10.765513598918913 8.7390642166137678 76.228381663560867 3.1663275957107535 22.100966200232506
leaf_count=14 53 68 12 51
internal_value=0 3.75486e-05 0.000376061 0
internal_weight=121 110.235 11.9054 98.3293
internal_count=198 184 65 119
is_linear=0
shrinkage=0.03


Tree=473
num_leaves=8
num_cat=0
split_feature=6 10 14 5 14 6 6
split_gain=0.00031416 0.000712438 0.00171698 0.00145514 0.00198241 0.00038825 7.65231e-05
threshold=-15.499999999999998 16.500000000000004 17.746428571428577 3.5000000000000004 -5.4992857142857146 5.5000000000000009 -9.4999999999999982
decision_type=2 2 2 2 2 2 2
left_child=-1 2 3 4 -2 6 -6
right_child=1 -3 -4 -5 5 -7 -8
leaf_value=-0.0001115950078561982 0 0 0 0 0 0 0.00068660487873479408
leaf_weight=10.765513598918913 2.7863683104515031 33.494150057435036 9.8789418935775739 34.570701509714127 6.3326549828052512 11.076551392674444 12.095371529459962
leaf_count=14 18 14 25 35 5 8 79
internal_value=0 3.62113e-05 0.000101016 0.000186315 0.000334244 0.000426645 0.000555285
internal_weight=121 110.235 76.7406 66.8616 32.2909 29.5046 18.428
internal_count=198 184 170 145 110 92 84
is_linear=0
shrinkage=0.03


Tree=474
num_leaves=7
num_cat=0
split_feature=6 19 28 10 19 10
split_gain=0.000285928 0.000840133 0.0013807 0.00134315 0.00111253 0.00252366
threshold=-15.499999999999998 63.235000000000007 14.725000000000001 9.5000000000000018 19.845000000000002 -18.499999999999996
decision_type=2 2 2 2 2 2
left_child=-1 2 3 4 -2 -6
right_child=1 -3 -4 -5 5 -7
leaf_value=-0.00010833792293325836 0 0 0 0 0 0.0006597228030976813
leaf_weight=10.765513598918913 6.9659207761287716 19.441250994801521 25.008392408490181 37.668107524514198 6.2693284302949932 14.881739541888235
leaf_count=14 47 30 31 19 3 54
internal_value=0 3.39574e-05 9.8487e-05 0.00017937 0.00034258 0.00044961
internal_weight=121 110.235 90.7935 65.7851 28.117 21.1511
internal_count=198 184 154 123 104 57
is_linear=0
shrinkage=0.03


Tree=475
num_leaves=4
num_cat=0
split_feature=13 13 13
split_gain=3.15462e-06 0.000369282 4.14351e-05
threshold=1.0000000180025095e-35 14.589285714285717 -7.4449999999999994
decision_type=2 2 2
left_child=2 -2 -1
right_child=1 -3 -4
leaf_value=0 7.611407069095901e-05 0 -3.3628158651988876e-05
leaf_weight=10.638860523700712 57.558239445090294 16.206002116203308 32.676499933004379
leaf_count=25 86 36 45
internal_value=0 6.19142e-06 0
internal_weight=117.08 73.7642 43.3154
internal_count=192 122 70
is_linear=0
shrinkage=0.03


Tree=476
num_leaves=4
num_cat=0
split_feature=13 13 13
split_gain=1.60545e-06 0.000348933 3.90082e-05
threshold=1.0000000180025095e-35 14.589285714285717 -7.4449999999999994
decision_type=2 2 2
left_child=2 -2 -1
right_child=1 -3 -4
leaf_value=0 7.3842477427257805e-05 0 -3.2628493981697154e-05
leaf_weight=10.638860523700712 57.558239445090294 16.206002116203308 32.676499933004379
leaf_count=25 86 36 45
internal_value=0 4.41687e-06 0
internal_weight=117.08 73.7642 43.3154
internal_count=192 122 70
is_linear=0
shrinkage=0.03


Tree=477
num_leaves=4
num_cat=0
split_feature=13 13 13
split_gain=5.97834e-07 0.000329329 3.67235e-05
threshold=1.0000000180025095e-35 14.589285714285717 -7.4449999999999994
decision_type=2 2 2
left_child=2 -2 -1
right_child=1 -3 -4
leaf_value=0 7.1638693831015395e-05 0 -3.1658556284176357e-05
leaf_weight=10.638860523700712 57.558239445090294 16.206002116203308 32.676499933004379
leaf_count=25 86 36 45
internal_value=0 2.6953e-06 0
internal_weight=117.08 73.7642 43.3154
internal_count=192 122 70
is_linear=0
shrinkage=0.03


Tree=478
num_leaves=4
num_cat=0
split_feature=13 13 13
split_gain=8.64763e-08 0.000310441 3.45726e-05
threshold=1.0000000180025095e-35 14.589285714285717 -7.4449999999999994
decision_type=2 2 2
left_child=2 -2 -1
right_child=1 -3 -4
leaf_value=0 6.9500669724986835e-05 0 -3.07174224693953e-05
leaf_weight=10.638860523700712 57.558239445090294 16.206002116203308 32.676499933004379
leaf_count=25 86 36 45
internal_value=0 1.0251e-06 0
internal_weight=117.08 73.7642 43.3154
internal_count=192 122 70
is_linear=0
shrinkage=0.03


end of trees

feature_importances:
Column_0=252
Column_6=217
Column_5=209
Column_8=153
Column_7=140
Column_19=140
Column_10=132
Column_20=119
Column_2=116
Column_29=110
Column_26=97
Column_3=94
Column_15=88
Column_23=87
Column_27=87
Column_1=75
Column_12=70
Column_18=70
Column_24=70
Column_25=69
Column_14=66
Column_16=65
Column_28=65
Column_11=63
Column_13=56
Column_4=51
Column_17=45
Column_21=44
Column_9=43
Column_22=31

parameters:
[boosting: gbdt]
[objective: regression]
[metric: l1]
[tree_learner: serial]
[device_type: cpu]
[data_sample_strategy: bagging]
[data: ]
[valid: ]
[num_iterations: 1500]
[learning_rate: 0.03]
[num_leaves: 31]
[num_threads: -1]
[seed: 42]
[deterministic: 0]
[force_col_wise: 0]
[force_row_wise: 0]
[histogram_pool_size: -1]
[max_depth: 7]
[min_data_in_leaf: 15]
[min_sum_hessian_in_leaf: 0.001]
[bagging_fraction: 0.8]
[pos_bagging_fraction: 1]
[neg_bagging_fraction: 1]
[bagging_freq: 5]
[bagging_seed: 400]
[bagging_by_query: 0]
[feature_fraction: 0.8]
[feature_fraction_bynode: 1]
[feature_fraction_seed: 30056]
[extra_trees: 0]
[extra_seed: 12879]
[early_stopping_round: 0]
[early_stopping_min_delta: 0]
[first_metric_only: 0]
[max_delta_step: 0]
[lambda_l1: 0.3]
[lambda_l2: 0.3]
[linear_lambda: 0]
[min_gain_to_split: 0]
[drop_rate: 0.1]
[max_drop: 50]
[skip_drop: 0.5]
[xgboost_dart_mode: 0]
[uniform_drop: 0]
[drop_seed: 17869]
[top_rate: 0.2]
[other_rate: 0.1]
[min_data_per_group: 100]
[max_cat_threshold: 32]
[cat_l2: 10]
[cat_smooth: 10]
[max_cat_to_onehot: 4]
[top_k: 20]
[monotone_constraints: ]
[monotone_constraints_method: basic]
[monotone_penalty: 0]
[feature_contri: ]
[forcedsplits_filename: ]
[refit_decay_rate: 0.9]
[cegb_tradeoff: 1]
[cegb_penalty_split: 0]
[cegb_penalty_feature_lazy: ]
[cegb_penalty_feature_coupled: ]
[path_smooth: 0]
[interaction_constraints: ]
[verbosity: -1]
[saved_feature_importance_type: 0]
[use_quantized_grad: 0]
[num_grad_quant_bins: 4]
[quant_train_renew_leaf: 0]
[stochastic_rounding: 1]
[linear_tree: 0]
[max_bin: 255]
[max_bin_by_feature: ]
[min_data_in_bin: 3]
[bin_construct_sample_cnt: 200000]
[data_random_seed: 175]
[is_enable_sparse: 1]
[enable_bundle: 1]
[use_missing: 1]
[zero_as_missing: 0]
[feature_pre_filter: 1]
[pre_partition: 0]
[two_round: 0]
[header: 0]
[label_column: ]
[weight_column: ]
[group_column: ]
[ignore_column: ]
[categorical_feature: ]
[forcedbins_filename: ]
[precise_float_parser: 0]
[parser_config_file: ]
[objective_seed: 16083]
[num_class: 1]
[is_unbalance: 0]
[scale_pos_weight: 1]
[sigmoid: 1]
[boost_from_average: 1]
[reg_sqrt: 0]
[alpha: 0.9]
[fair_c: 1]
[poisson_max_delta_step: 0.7]
[tweedie_variance_power: 1.5]
[lambdarank_truncation_level: 30]
[lambdarank_norm: 1]
[label_gain: ]
[lambdarank_position_bias_regularization: 0]
[eval_at: ]
[multi_error_top_k: 1]
[auc_mu_weights: ]
[num_machines: 1]
[local_listen_port: 12400]
[time_out: 120]
[machine_list_filename: ]
[machines: ]
[gpu_platform_id: -1]
[gpu_device_id: -1]
[gpu_use_dp: 0]
[num_gpu: 1]

end of parameters

pandas_categorical:null
