tree
version=v4
num_class=1
num_tree_per_iteration=1
label_index=0
max_feature_idx=11
objective=regression_l1
feature_names=roll_mean_3 roll_max_3 casos_lag_1 temp_max_x_casos_lag1 casos_dengue_lag_1 temp_min_x_casos_lag1 roll_min_3 roll_mean_7 casos_dengue_lag_2 roll_max_7 roll_max_5 casos_dengue_lag_3
feature_infos=[5:102.66666666666667] [8:106] [4:106] [114.85714285714288:3346.4200000000001] [4:106] [93.30857142857144:2511.8971428571431] [3:99] [5.8571428571428568:91.857142857142861] [3:106] [10:106] [8:106] [3:106]
tree_sizes=516 541 539 522 523 427 529 510 510 606 547 534 535 626 534 632 731 710 708 700 729 705 706 703 605 629 540 543 545 625 709 711 733 730 716 628 645 749 732 827 885 829 908 727 701 627 801 794 809 728 714 808 726 713 722 830 730 728 730 819 911 925 830 812 810 922 842 807 809 922 888 903 826 815 894 630 811 912 815 913 829 806 799 896 816 897 926 913 921 827 721 801 899 902 731 789 903 874 890 911 719 811 894 795 814 825 892 735 811 904 914 901 897 908 728 816 912 778 900 894 817 908 800 823 734 719 912 909 952 949 731 830 912 818 852 926 836 726 815 733 913 839 728 938 921 889 904 822 793 930 728 746 911 918 742 897 823 912 925 740 814 813 909 817 814 831 815 749 840 812 925 948 919 894 925 814 832 912 893 726 916 816 893 910 819 847 699 926 922 799 808 738 931 811 808 817 734 715 819 800 813 807 720 719 837 900 902 915 812 902 826 904 733 892 735 831 832 816 818 812 792 799 712 805 800 910 700 900 815 925 912 902 833 908 926 931 835 914 920 797 814 903 820 818 828 848 901 714 807 827 829 818 718 719 916 934 799 804 876 904 793 728 799 714 713 892 890 892 799 791 893 836 736 838 900 930 716 618 716 819 796 734 784 793 782 893 789 777 901 873 744 938 935 906 832 803 836 900 930 921 817 913 731 830 837 892 886 893 914 932 909 933 793 839 910 822 798 814 877 803 930 815 740 739 902 905 899 899 887 929 798 706 901 808

Tree=0
num_leaves=4
num_cat=0
split_feature=2 3 7
split_gain=115.379 4.35266 2.29617
threshold=25.500000000000004 582.57785714285717 31.285714285714288
decision_type=2 2 2
left_child=1 -1 -2
right_child=2 -3 -4
leaf_value=24.637629002170279 25.129418213510615 24.939820531026122 25.776509281063689
leaf_weight=66 18.350000023841858 15.350000023841856 67.150000810623169
leaf_count=66 18 15 53
internal_value=25.0007 24.979 25.0214
internal_weight=166.85 81.35 85.5
internal_count=152 81 71
is_linear=0
shrinkage=1


Tree=1
num_leaves=4
num_cat=0
split_feature=4 3 7
split_gain=112.195 4.35266 4.26573
threshold=25.500000000000004 582.57785714285717 31.285714285714288
decision_type=2 2 2
left_child=1 -1 -2
right_child=2 -3 -4
leaf_value=-0.35299151639628573 0.12606839871295919 -0.058621805100955549 0.75641039227775508
leaf_weight=66 18.350000023841858 15.350000023841856 67.150000810623169
leaf_count=66 18 15 53
internal_value=0.000354152 -0.0209608 0.0208111
internal_weight=166.85 81.35 85.5
internal_count=152 81 71
is_linear=0
shrinkage=0.0258836


Tree=2
num_leaves=4
num_cat=0
split_feature=2 5 7
split_gain=109.056 4.35266 3.79685
threshold=25.500000000000004 478.09428571428572 31.285714285714288
decision_type=2 2 2
left_child=1 -1 -2
right_child=2 -3 -4
leaf_value=-0.34385481010900365 0.12280528932464416 -0.057104459243168933 0.736831735947865
leaf_weight=66 18.350000023841858 15.350000023841856 67.150000810623169
leaf_count=66 18 15 53
internal_value=4.89552e-05 -0.0209608 0.0202246
internal_weight=166.85 81.35 85.5
internal_count=152 81 71
is_linear=0
shrinkage=0.0258836


Tree=3
num_leaves=4
num_cat=0
split_feature=2 8 8
split_gain=99.6563 5.54803 3.83275
threshold=25.500000000000004 31.000000000000004 16.500000000000004
decision_type=2 2 2
left_child=2 -2 -1
right_child=1 -3 -4
leaf_value=-0.33495459506273578 0.033248026616916969 0.66790987302005977 -0.1562608610074856
leaf_weight=57 19 66.500000834465027 24.350000023841858
leaf_count=57 19 52 24
internal_value=0.000354152 0.0196381 -0.01973
internal_weight=166.85 85.5 81.35
internal_count=152 71 81
is_linear=0
shrinkage=0.0258836


Tree=4
num_leaves=4
num_cat=0
split_feature=4 8 8
split_gain=99.6563 5.54803 3.83275
threshold=25.500000000000004 31.000000000000004 16.500000000000004
decision_type=2 2 2
left_child=2 -2 -1
right_child=1 -3 -4
leaf_value=-0.32628475000269763 0.032387446575414008 0.65062193250958811 -0.15221626071284175
leaf_weight=57 19 66.500000834465027 24.350000023841858
leaf_count=57 19 52 24
internal_value=0.000354152 0.0196381 -0.01973
internal_weight=166.85 85.5 81.35
internal_count=152 71 81
is_linear=0
shrinkage=0.0258836


Tree=5
num_leaves=3
num_cat=0
split_feature=5 5
split_gain=93.7486 14.1076
threshold=544.54000000000008 773.11357142857139
decision_type=2 2
left_child=-1 -2
right_child=1 -3
leaf_value=-0.3011213448057678 -0.037374100255598862 0.68363144041729085
leaf_weight=77 28 67.550000786781311
leaf_count=77 28 54
internal_value=-0.00131704 0.0155379
internal_weight=172.55 95.55
internal_count=159 82
is_linear=0
shrinkage=0.0258836


Tree=6
num_leaves=4
num_cat=0
split_feature=3 5 3
split_gain=88.1031 15.8581 3.1892
threshold=1015.9364285714288 544.54000000000008 812.71500000000015
decision_type=2 2 2
left_child=1 -1 -3
right_child=-2 2 -4
leaf_value=-0.29332722750683254 0.66593656847359206 0.11889513381446835 -0.014259534682700969
leaf_weight=77 63.550000786781311 15.999999999999998 15.999999999999998
leaf_count=77 50 16 16
internal_value=-0.00131704 -0.0153934 0
internal_weight=172.55 109 32
internal_count=159 109 32
is_linear=0
shrinkage=0.0258836


Tree=7
num_leaves=4
num_cat=0
split_feature=3 2 3
split_gain=85.9408 15.7677 2.90584
threshold=1015.9364285714288 19.500000000000004 812.71500000000015
decision_type=2 2 2
left_child=1 -1 -3
right_child=-2 2 -4
leaf_value=-0.30245281766394977 0.64869970427294366 0.029439080174876311 -0.028819574313372009
leaf_weight=71 63.550000786781311 21 17
leaf_count=71 50 21 17
internal_value=-0.00102177 -0.0149302 -0.000933785
internal_weight=172.55 109 38
internal_count=159 109 38
is_linear=0
shrinkage=0.0258836


Tree=8
num_leaves=4
num_cat=0
split_feature=3 2 3
split_gain=85.9408 15.7677 2.90584
threshold=1015.9364285714288 19.500000000000004 812.71500000000015
decision_type=2 2 2
left_child=1 -1 -3
right_child=-2 2 -4
leaf_value=-0.29462423699728568 0.63190899290656988 0.028677089542150699 -0.028073618749017443
leaf_weight=71 63.550000786781311 21 17
leaf_count=71 50 21 17
internal_value=-0.00102177 -0.0149302 -0.000933785
internal_weight=172.55 109 38
internal_count=159 109 38
is_linear=0
shrinkage=0.0258836


Tree=9
num_leaves=5
num_cat=0
split_feature=5 1 5 8
split_gain=84.9025 14.9826 1.64668 0.348089
threshold=544.54000000000008 40.500000000000007 666.55071428571443 16.500000000000004
decision_type=2 2 2 2
left_child=3 2 -2 -1
right_child=1 -3 -4 -5
leaf_value=-0.31288193121758534 0.030572382101112846 0.58008271401819522 -0.012417842900465612 -0.11494356094847265
leaf_weight=53 17 62.550000786781311 15.999999999999998 24
leaf_count=53 17 49 16 24
internal_value=-0.00102177 0.0150113 0.000340689 -0.0209195
internal_weight=172.55 95.55 33 77
internal_count=159 82 33 77
is_linear=0
shrinkage=0.0258836


Tree=10
num_leaves=4
num_cat=0
split_feature=2 5 3
split_gain=91.8665 12.4038 1.46067
threshold=34.500000000000007 544.54000000000008 812.71500000000015
decision_type=2 2 2
left_child=1 -1 -3
right_child=-2 2 -4
leaf_value=-0.23891981987974237 0.63888437840828582 0.035871183758395139 -0.039335999250184085
leaf_weight=77 63.400000810623169 14.999999999999998 18.350000023841858
leaf_count=77 49 15 18
internal_value=-0.00113213 -0.0153584 -0.0015198
internal_weight=173.75 110.35 33.35
internal_count=159 110 33
is_linear=0
shrinkage=0.0258836


Tree=11
num_leaves=4
num_cat=0
split_feature=3 3 3
split_gain=89.6807 11.7218 1.09491
threshold=1080.6642857142861 582.57785714285717 812.71500000000015
decision_type=2 2 2
left_child=1 -1 -3
right_child=-2 2 -4
leaf_value=-0.27271564914765323 0.62234772342959777 -0.014709401529395752 -0.030161699437339068
leaf_weight=70 63.400000810623169 21 19.350000023841858
leaf_count=70 49 21 19
internal_value=-0.000838862 -0.0149007 -0.00307391
internal_weight=173.75 110.35 40.35
internal_count=159 110 40
is_linear=0
shrinkage=0.0258836


Tree=12
num_leaves=4
num_cat=0
split_feature=2 3 3
split_gain=87.5203 11.2978 0.881395
threshold=34.500000000000007 563.44500000000005 812.71500000000015
decision_type=2 2 2
left_child=1 -1 -3
right_child=-2 2 -4
leaf_value=-0.26115433812515126 0.60623909731986636 -0.019488670565757801 -0.029381004785814142
leaf_weight=67 63.400000810623169 24 19.350000023841858
leaf_count=67 49 24 19
internal_value=-0.000545595 -0.0144431 -0.00343519
internal_weight=173.75 110.35 43.35
internal_count=159 110 43
is_linear=0
shrinkage=0.0258836


Tree=13
num_leaves=5
num_cat=0
split_feature=4 5 5 7
split_gain=83.915 10.7441 1.15731 0.69747
threshold=34.500000000000007 544.54000000000008 666.55071428571443 14.857142857142859
decision_type=2 2 2 2
left_child=1 3 -3 -1
right_child=-2 2 -4 -5
leaf_value=-0.2905955445004027 0.59054742113278147 0.027559932782700271 -0.030067560154450994 -0.12947893563708199
leaf_weight=45 63.400000810623169 18.350000023841858 14.999999999999998 32
leaf_count=45 49 18 15 32
internal_value=-0.000838862 -0.0144431 -0.0015198 -0.0196216
internal_weight=173.75 110.35 33.35 77
internal_count=159 110 33 77
is_linear=0
shrinkage=0.0258836


Tree=14
num_leaves=4
num_cat=0
split_feature=8 3 10
split_gain=84.1996 10.4393 1.17719
threshold=34.500000000000007 553.30285714285731 31.000000000000004
decision_type=2 2 2
left_child=1 -1 -3
right_child=-2 2 -4
leaf_value=-0.25719023055360241 0.53691576602625901 -0.021244992203619778 -0.031157529663765782
leaf_weight=65 64.400000810623169 22.350000023841858 22
leaf_count=65 50 22 22
internal_value=-0.000545595 -0.0143411 -0.0039116
internal_weight=173.75 109.35 44.35
internal_count=159 109 44
is_linear=0
shrinkage=0.0258836


Tree=15
num_leaves=5
num_cat=0
split_feature=3 2 10 10
split_gain=86.1016 13.9258 2.62263 0.497849
threshold=1015.9364285714288 18.500000000000004 28.500000000000004 59.500000000000007
decision_type=2 2 2 2
left_child=1 -1 -3 -2
right_child=3 2 -4 -5
leaf_value=-0.25634796317005909 0.13799924046914347 -0.0030444199824214736 -0.02899741030912947 0.84512597491524311
leaf_weight=72 18.75000011920929 16.350000023841858 24 48.700000762939453
leaf_count=72 17 16 24 35
internal_value=-0.000803975 -0.0146419 -0.00187335 0.0217188
internal_weight=179.8 112.35 40.35 67.45
internal_count=164 112 40 52
is_linear=0
shrinkage=0.0258836


Tree=16
num_leaves=6
num_cat=0
split_feature=5 0 10 2 1
split_gain=77.1995 11.9017 3.09914 1.55585 1.83633
threshold=773.11357142857139 13.833333333333334 63.500000000000007 18.500000000000004 28.500000000000004
decision_type=2 2 2 2 2
left_child=1 -1 -2 -3 -5
right_child=2 3 -4 4 -6
leaf_value=-0.26396688148490594 0.081809704370496047 -0.13421651611080021 0.89898465695853802 0.004838378949617088 -0.035729265014564145
leaf_weight=50 25.100000143051147 23 46.350000739097595 19.350000023841858 15.999999999999998
leaf_count=50 23 23 33 19 16
internal_value=-0.000520426 -0.0142372 0.0198508 -0.00555657 -0.00144006
internal_weight=179.8 108.35 71.45 58.35 35.35
internal_count=164 108 56 58 35
is_linear=0
shrinkage=0.0258836


Tree=17
num_leaves=6
num_cat=0
split_feature=3 7 7 0 10
split_gain=76.4876 12.4972 3.69513 1.54689 1.28432
threshold=1015.9364285714288 20.928571428571434 26.714285714285719 13.833333333333334 63.500000000000007
decision_type=2 2 2 2 2
left_child=1 3 -3 -1 -2
right_child=4 2 -4 -5 -6
leaf_value=-0.257134457039357 0.14589869762246929 -0.011748202290212638 -0.022410219206915161 -0.10936129766162811 0.87571565930313255
leaf_weight=50 21.100000143051147 16.350000023841858 19 27 46.350000739097595
leaf_count=50 19 16 19 27 33
internal_value=-0.000236878 -0.0132928 -8.20315e-05 -0.0189726 0.0209816
internal_weight=179.8 112.35 35.35 77 67.45
internal_count=164 112 35 77 52
is_linear=0
shrinkage=0.0258836


Tree=18
num_leaves=6
num_cat=0
split_feature=3 5 3 8 9
split_gain=76.4876 11.3478 1.56909 1.50848 0.514461
threshold=1015.9364285714288 450.60428571428582 812.71500000000015 15.500000000000002 63.500000000000007
decision_type=2 2 2 2 2
left_child=1 3 -3 -1 -2
right_child=4 2 -4 -5 -6
leaf_value=-0.2504788806269459 0.08637951532361092 0.0038724356413791846 -0.021175838758319663 -0.1350389037094292 0.7384898631996073
leaf_weight=51 17.400000095367432 26 17.350000023841858 18 50.050000786781311
leaf_count=51 16 26 17 18 36
internal_value=-0.000236878 -0.0132928 -0.00231272 -0.0196449 0.0209816
internal_weight=179.8 112.35 43.35 69 67.45
internal_count=164 112 43 69 52
is_linear=0
shrinkage=0.0258836


Tree=19
num_leaves=6
num_cat=0
split_feature=2 7 7 10 0
split_gain=74.2528 13.768 3.08658 1.57191 1.54689
threshold=34.500000000000007 20.928571428571434 26.714285714285719 63.500000000000007 13.833333333333334
decision_type=2 2 2 2 2
left_child=1 4 -3 -2 -1
right_child=3 2 -4 -5 -6
leaf_value=-0.24399557477637029 0.24058001552130689 -0.010361127200616211 -0.026198326422948164 0.83393414031087776 -0.10452933373104993
leaf_weight=50 20.100000143051147 16.350000023841858 20 46.350000739097595 27
leaf_count=50 18 16 20 33 27
internal_value=-0.000236878 -0.0129554 0 0.0209108 -0.0189726
internal_weight=179.8 113.35 36.35 66.45 77
internal_count=164 113 36 51 77
is_linear=0
shrinkage=0.0258836


Tree=20
num_leaves=6
num_cat=0
split_feature=8 8 10 8 7
split_gain=64.3273 15.0051 3.12702 0.597544 0.340181
threshold=37.500000000000007 18.500000000000004 28.500000000000004 12.500000000000002 30.500000000000004
decision_type=2 2 2 2 2
left_child=1 3 -3 -1 -4
right_child=-2 2 4 -5 -6
leaf_value=-0.259168396087055 0.3775744149433759 -0.010092943486164175 -0.068311154049320935 -0.11222793535760327 -0.0044707183018195887
leaf_weight=45 51.200000643730164 16.350000023841858 19.350000023841858 25 14.999999999999998
leaf_count=45 40 16 19 25 15
internal_value=-0.00112189 -0.0114819 -0.000373136 -0.0190192 -0.00496539
internal_weight=171.9 120.7 50.7 70 34.35
internal_count=160 120 50 70 34
is_linear=0
shrinkage=0.0258836


Tree=21
num_leaves=6
num_cat=0
split_feature=3 10 5 10 9
split_gain=56.3648 13.4359 3.23657 2.5132 1.23614
threshold=668.82857142857154 63.500000000000007 333.51000000000005 44.500000000000007 33.000000000000007
decision_type=2 2 2 2 2
left_child=2 3 -1 4 -2
right_child=1 -3 -4 -5 -6
leaf_value=-0.24401864693983466 -0.016742199006379965 0.611803852656435 -0.098918866024871308 -0.0064434605923832204 0.093531301493675015
leaf_weight=45 18 37.15000057220459 33 23.050000071525574 15.700000047683714
leaf_count=45 18 27 33 22 15
internal_value=-0.00112189 0.0121482 -0.0171354 0.00357504 0.00792832
internal_weight=171.9 93.9 78 56.75 33.7
internal_count=160 82 78 55 33
is_linear=0
shrinkage=0.0258836


Tree=22
num_leaves=6
num_cat=0
split_feature=3 10 5 10 9
split_gain=56.3648 13.4359 3.23657 2.5132 1.23614
threshold=668.82857142857154 63.500000000000007 333.51000000000005 44.500000000000007 33.000000000000007
decision_type=2 2 2 2 2
left_child=2 3 -1 4 -2
right_child=1 -3 -4 -5 -6
leaf_value=-0.23770255546978847 -0.016308849909250987 0.5959681403304935 -0.096358485440184383 -0.0062766803606446363 0.091110370704348131
leaf_weight=45 18 37.15000057220459 33 23.050000071525574 15.700000047683714
leaf_count=45 18 27 33 22 15
internal_value=-0.00112189 0.0121482 -0.0171354 0.00357504 0.00792832
internal_weight=171.9 93.9 78 56.75 33.7
internal_count=160 82 78 55 33
is_linear=0
shrinkage=0.0258836


Tree=23
num_leaves=6
num_cat=0
split_feature=5 8 5 9 8
split_gain=55.6136 14.3284 4.46961 3.36837 1.22991
threshold=544.54000000000008 40.500000000000007 333.51000000000005 44.500000000000007 16.500000000000004
decision_type=2 2 2 2 2
left_child=2 3 -1 -2 -4
right_child=1 -3 4 -5 -6
leaf_value=-0.2315499474546269 -0.0089762198020930002 0.45740023414162589 -0.17377131211140973 -0.042468504190652977 -0.08380969256900464
leaf_weight=45 26.350000023841858 47.200000643730164 19 16.350000023841858 18
leaf_count=45 26 36 19 16 18
internal_value=-0.00112189 0.0126726 -0.0163269 0.00123574 -0.00811653
internal_weight=171.9 89.9 82 42.7 37
internal_count=160 78 82 42 37
is_linear=0
shrinkage=0.0258836


Tree=24
num_leaves=5
num_cat=0
split_feature=3 8 3 0
split_gain=56.3648 12.9817 5.20421 2.49194
threshold=668.82857142857154 40.500000000000007 812.71500000000015 13.833333333333334
decision_type=2 2 2 2
left_child=3 2 -2 -1
right_child=1 -3 -4 -5
leaf_value=-0.21704701783152652 0.10971177733231428 0.43943370321783842 -0.021005323881013914 -0.093100462661408839
leaf_weight=48 18 48.200000643730164 27.700000047683716 30
leaf_count=48 18 37 27 30
internal_value=-0.00112189 0.0121482 0.00169328 -0.0171354
internal_weight=171.9 93.9 45.7 78
internal_count=160 82 45 78
is_linear=0
shrinkage=0.0258836


Tree=25
num_leaves=5
num_cat=0
split_feature=7 8 8 8
split_gain=55.4109 13.2834 1.4759 4.45064
threshold=19.285714285714288 53.000000000000007 26.500000000000004 37.500000000000007
decision_type=2 2 2 2
left_child=-1 2 -2 -4
right_child=1 -3 3 -5
leaf_value=-0.1938084375022355 0.021464260052541834 0.60238479487545249 -0.027470328202502125 0.1506881762936024
leaf_weight=64 25.350000023841858 34.450000524520874 18.700000047683716 19.75000011920929
leaf_count=64 25 25 18 18
internal_value=-0.000818895 0.0112023 0.00360469 0
internal_weight=162.25 98.25 63.8 38.45
internal_count=150 86 61 36
is_linear=0
shrinkage=0.0258836


Tree=26
num_leaves=4
num_cat=0
split_feature=7 6 11
split_gain=51.7569 12.595 3.9543
threshold=19.285714285714288 37.500000000000007 26.500000000000004
decision_type=2 2 2
left_child=-1 2 -2
right_child=1 -3 -4
leaf_value=-0.18879196915327093 0.01980921154718222 0.44588675123997112 -0.013329152561573625
leaf_weight=64 26.350000023841858 41.850000619888306 30.050000071525574
leaf_count=64 26 31 29
internal_value=-0.0014463 0.0101774 0.00169328
internal_weight=162.25 98.25 56.4
internal_count=150 86 55
is_linear=0
shrinkage=0.0258836


Tree=27
num_leaves=4
num_cat=0
split_feature=7 8 8
split_gain=53.5686 11.6672 3.90252
threshold=19.285714285714288 40.500000000000007 26.500000000000004
decision_type=2 2 2
left_child=-1 2 -2
right_child=1 -3 -4
leaf_value=-0.18390534527867744 0.020395952260578287 0.42582535656671333 -0.019452267547116198
leaf_weight=64 25.350000023841858 49.200000643730164 23.700000047683716
leaf_count=64 25 38 23
internal_value=-0.0011326 0.0106899 0.00125914
internal_weight=162.25 98.25 49.05
internal_count=150 86 48
is_linear=0
shrinkage=0.0258836


Tree=28
num_leaves=4
num_cat=0
split_feature=7 8 11
split_gain=51.7569 13.1622 3.91906
threshold=19.285714285714288 40.500000000000007 26.500000000000004
decision_type=2 2 2
left_child=-1 2 -2
right_child=1 -3 -4
leaf_value=-0.17914520503047357 0.019196023565511481 0.41480344518383644 -0.017526086106427134
leaf_weight=64 24.350000023841858 49.200000643730164 24.700000047683716
leaf_count=64 24 38 24
internal_value=-0.0014463 0.0101774 0.000260143
internal_weight=162.25 98.25 49.05
internal_count=150 86 48
is_linear=0
shrinkage=0.0258836


Tree=29
num_leaves=5
num_cat=0
split_feature=7 6 6 10
split_gain=49.9759 13.9341 3.76968 0.715559
threshold=19.285714285714288 37.500000000000007 26.500000000000004 31.000000000000004
decision_type=2 2 2 2
left_child=-1 2 3 -2
right_child=1 -3 -4 -5
leaf_value=-0.17450827455166626 0.01055061335805 0.41258704233564042 -0.024546368449854174 -0.0153497257045831
leaf_weight=64 15.350000023841856 41.850000619888306 19.050000071525574 22
leaf_count=64 15 31 18 22
internal_value=-0.00176001 0.00966499 0.000818385 0.00569087
internal_weight=162.25 98.25 56.4 37.35
internal_count=150 86 55 37
is_linear=0
shrinkage=0.0258836


Tree=30
num_leaves=6
num_cat=0
split_feature=2 5 5 7 10
split_gain=62.7815 13.2581 1.91837 1.6867 1.37892
threshold=34.500000000000007 472.43500000000006 333.51000000000005 50.500000000000007 31.000000000000004
decision_type=2 2 2 2 2
left_child=1 2 -1 -2 -3
right_child=3 4 -4 -5 -6
leaf_value=-0.19068147127241317 0.14408799974115291 0.017998604130682511 -0.059926599145575903 0.64238546013129638 -0.024014118339843665
leaf_weight=50 19.100000143051147 24.350000023841858 24 40.800000667572021 21
leaf_count=50 17 24 24 29 21
internal_value=-0.00060021 -0.0114711 -0.0180283 0.0203911 -6.4984e-05
internal_weight=179.25 119.35 74 59.9 45.35
internal_count=165 119 74 46 45
is_linear=0
shrinkage=0.0258836


Tree=31
num_leaves=6
num_cat=0
split_feature=2 3 7 10 3
split_gain=59.4647 9.7301 1.6867 1.47203 1.26269
threshold=34.500000000000007 582.57785714285717 50.500000000000007 31.000000000000004 417.14000000000004
decision_type=2 2 2 2 2
left_child=1 4 -2 -3 -1
right_child=2 3 -4 -5 -6
leaf_value=-0.17813923143206989 0.14035847743818933 0.0028621638631156385 0.62575818440421904 -0.023392545480928693 -0.076543763749406218
leaf_weight=52 19.100000143051147 20.350000023841858 40.800000667572021 21 26
leaf_count=52 17 20 29 21 26
internal_value=-3.13996e-05 -0.0106233 0.0203911 -7.08757e-05 -0.0158536
internal_weight=179.25 119.35 59.9 41.35 78
internal_count=165 119 46 41 78
is_linear=0
shrinkage=0.0258836


Tree=32
num_leaves=6
num_cat=0
split_feature=0 3 3 10 11
split_gain=54.3383 12.2088 1.26269 0.968017 0.364492
threshold=42.000000000000007 582.57785714285717 417.14000000000004 29.500000000000004 29.500000000000004
decision_type=2 2 2 2 2
left_child=1 2 -1 -3 -5
right_child=-2 3 -4 4 -6
leaf_value=-0.1735283392144514 0.52399270459235014 0.0027880806363277844 -0.07456253231744088 -0.025380302562782276 -0.0078526259500783808
leaf_weight=52 50.550000786781311 18.350000023841858 26 15.999999999999998 16.350000023841858
leaf_count=52 37 18 26 16 16
internal_value=-0.00060021 -0.00960197 -0.0158536 8.26861e-05 -0.00230009
internal_weight=179.25 128.7 78 50.7 32.35
internal_count=165 128 78 50 32
is_linear=0
shrinkage=0.0258836


Tree=33
num_leaves=6
num_cat=0
split_feature=0 5 5 3 2
split_gain=54.3383 13.7875 0.994948 0.863922 2.17354
threshold=42.000000000000007 472.43500000000006 333.51000000000005 957.03500000000008 25.500000000000004
decision_type=2 2 2 2 2
left_child=1 2 -1 4 -3
right_child=-2 3 -4 -5 -6
leaf_value=-0.17664350245154473 0.51042986464816265 -0.026986963719063003 -0.052860790049279016 -0.012543745034162493 0.0033470101604535321
leaf_weight=50 50.550000786781311 23.350000023841858 24 16.350000023841858 14.999999999999998
leaf_count=50 37 23 24 16 15
internal_value=-0.00060021 -0.00960197 -0.0166796 7.69309e-05 0.0024051
internal_weight=179.25 128.7 74 54.7 38.35
internal_count=165 128 74 54 38
is_linear=0
shrinkage=0.0258836


Tree=34
num_leaves=6
num_cat=0
split_feature=6 7 11 7 3
split_gain=52.3939 15.3835 2.96678 2.93696 0.534762
threshold=37.500000000000007 19.285714285714288 23.500000000000004 30.214285714285719 417.14000000000004
decision_type=2 2 2 2 2
left_child=1 4 -3 -4 -1
right_child=-2 2 3 -5 -6
leaf_value=-0.17016964795643411 0.59124087143242365 0.0044372670707883812 -0.072762054384034852 0.0014913612240925521 -0.065234636140612173
leaf_weight=47 44.850000739097595 20 17.350000023841858 25.050000071525574 25
leaf_count=47 32 20 17 24 25
internal_value=-0.000315805 -0.00850479 0.000743038 -0.00290575 -0.0164334
internal_weight=179.25 134.4 62.4 42.4 72
internal_count=165 133 61 41 72
is_linear=0
shrinkage=0.0258836


Tree=35
num_leaves=5
num_cat=0
split_feature=8 8 1 0
split_gain=56.3253 7.23432 3.38727 1.8468
threshold=31.000000000000004 18.500000000000004 63.500000000000007 25.166666666666668
decision_type=2 2 2 2
left_child=1 -1 -2 -3
right_child=2 3 -4 -5
leaf_value=-0.15777065601184895 0.11148407645824154 0.0012989884457675345 0.68313024571014402 -0.12977169541798983
leaf_weight=66 29.450000166893005 22.350000023841858 39.950000643730164 17
leaf_count=66 27 22 28 17
internal_value=-0.000105099 -0.0119989 0.0175276 -0.00253236
internal_weight=174.75 105.35 69.4 39.35
internal_count=160 105 55 39
is_linear=0
shrinkage=0.0258836


Tree=36
num_leaves=5
num_cat=0
split_feature=5 0 5 1
split_gain=51.6575 9.75445 2.69736 0.81302
threshold=988.52928571428583 19.500000000000004 666.55071428571443 73.500000000000014
decision_type=2 2 2 2
left_child=1 -1 -3 -2
right_child=3 2 -4 -5
leaf_value=-0.15269570109214528 0.21237718699485392 0.0042686693652437217 -0.01940847698593413 0.66077491055406157
leaf_weight=71 25.450000286102295 23.350000023841858 24.350000023841858 30.600000500679016
leaf_count=71 21 23 24 21
internal_value=-0.000688329 -0.0103925 -0.000908173 0.0191514
internal_weight=174.75 118.7 47.7 56.05
internal_count=160 118 47 42
is_linear=0
shrinkage=0.0258836


Tree=37
num_leaves=6
num_cat=0
split_feature=11 0 10 0 3
split_gain=40.9965 10.9778 4.44324 2.02095 1.13824
threshold=37.500000000000007 18.166666666666668 28.500000000000004 65.500000000000014 812.71500000000015
decision_type=2 2 2 2 2
left_child=1 -1 -3 -2 -4
right_child=3 2 4 -5 -6
leaf_value=-0.14726069186646709 0.090635987681067232 0.006072049813854793 -0.039317545119136287 0.6857325680126426 -0.020303519553585524
leaf_weight=63 30.850000381469727 15.350000023841856 15.999999999999998 25.200000405311584 24.350000023841858
leaf_count=63 25 15 16 17 24
internal_value=-0.000892459 -0.00954011 -0.000783914 0.0167752 -0.00547502
internal_weight=174.75 118.7 55.7 56.05 40.35
internal_count=160 118 55 42 40
is_linear=0
shrinkage=0.0258836


Tree=38
num_leaves=6
num_cat=0
split_feature=5 0 10 0 1
split_gain=39.6705 9.89699 4.44324 2.02095 1.70086
threshold=988.52928571428583 18.166666666666668 28.500000000000004 65.500000000000014 32.500000000000007
decision_type=2 2 2 2 2
left_child=1 -1 -3 -2 -4
right_child=3 2 4 -5 -6
leaf_value=-0.143449048734128 0.11723068574470111 0.0059148830460034572 -0.14447313929006897 0.66798331123299426 -0.00046547302056373306
leaf_weight=63 30.850000381469727 15.350000023841856 17 25.200000405311584 23.350000023841858
leaf_count=63 25 15 17 17 23
internal_value=-0.000600844 -0.00911393 -0.000783914 0.0167752 -0.00547502
internal_weight=174.75 118.7 55.7 56.05 40.35
internal_count=160 118 55 42 40
is_linear=0
shrinkage=0.0258836


Tree=39
num_leaves=7
num_cat=0
split_feature=5 1 11 5 2 3
split_gain=39.6705 8.40669 3.31604 1.42338 0.99578 0.664034
threshold=988.52928571428583 21.500000000000004 23.500000000000004 685.31142857142868 64.500000000000014 380.36857142857144
decision_type=2 2 2 2 2 2
left_child=1 5 -3 -4 -2 -1
right_child=4 2 3 -5 -6 -7
leaf_value=-0.15260127858145509 0.10379883403498517 -0.014135710771461824 -0.054219573520966784 -0.018709520118918913 0.70934940165851512 -0.13931274284117048
leaf_weight=41 28.500000357627869 15.999999999999998 21.350000023841858 17.350000023841858 27.550000429153442 23
leaf_count=41 23 16 21 17 19 23
internal_value=-0.000600844 -0.00911393 -0.00124794 -0.0054744 0.0167752 -0.0153011
internal_weight=174.75 118.7 54.7 38.7 56.05 64
internal_count=160 118 54 38 42 64
is_linear=0
shrinkage=0.0258836


Tree=40
num_leaves=8
num_cat=0
split_feature=7 1 6 11 11 11 6
split_gain=48.9646 7.93579 2.04893 1.49986 2.78707 2.09545 0.575468
threshold=19.285714285714288 63.500000000000007 7.5000000000000009 23.500000000000004 32.500000000000007 46.500000000000007 10.500000000000002
decision_type=2 2 2 2 2 2 2
left_child=2 3 -1 -2 -5 -6 -4
right_child=1 -3 6 4 5 -7 -8
leaf_value=-0.14287142568610367 0.03450940096451402 0.61939110302374401 -0.18854811981315484 -0.01822524958503266 0.07468801591266036 -0.10757910923918537 -0.14871524347560935
leaf_weight=29 20 35.750000596046448 19 21.350000023841858 18.400000095367432 15.750000119209288 19
leaf_count=29 20 25 19 21 17 14 19
internal_value=-8.87683e-05 0.0102883 -0.0172401 0.00495083 0.00220806 0.006745 -0.0110918
internal_weight=178.25 111.25 67 75.5 55.5 34.15 38
internal_count=164 97 67 72 52 31 38
is_linear=0
shrinkage=0.0258836


Tree=41
num_leaves=7
num_cat=0
split_feature=7 10 10 0 7 7
split_gain=47.3739 8.86699 2.57563 1.42163 1.11573 0.335425
threshold=19.285714285714288 63.500000000000007 29.500000000000004 11.833333333333334 30.214285714285719 36.142857142857146
decision_type=2 2 2 2 2 2
left_child=3 2 -2 -1 -4 -6
right_child=1 -3 4 -5 5 -7
leaf_value=-0.14445817756245322 0.041187556480403544 0.30332425303931893 -0.071018284096141068 -0.12955807163680683 0.0051304291350854087 -0.017753135266229486
leaf_weight=38 17.350000023841858 43.150000691413879 15.999999999999998 29 18.700000047683716 16.050000071525574
leaf_count=38 17 31 16 29 18 15
internal_value=-0.000374745 0.00983429 0.00349555 -0.0172401 0.00010679 0.00291182
internal_weight=178.25 111.25 68.1 67 50.75 34.75
internal_count=164 97 66 67 49 33
is_linear=0
shrinkage=0.0258836


Tree=42
num_leaves=8
num_cat=0
split_feature=7 10 10 6 7 6 7
split_gain=47.3739 8.86699 2.57563 2.04893 1.11573 0.575468 0.335425
threshold=19.285714285714288 63.500000000000007 29.500000000000004 7.5000000000000009 30.214285714285719 10.500000000000002 36.142857142857146
decision_type=2 2 2 2 2 2 2
left_child=3 2 -2 -1 -4 -5 -6
right_child=1 -3 4 5 6 -7 -8
leaf_value=-0.13524145438887367 0.040121472484691306 0.2954731164507608 -0.069180072205278692 -0.17973586928532612 0.0049976349404442814 -0.14151251641370435 -0.01729361945615604
leaf_weight=29 17.350000023841858 43.150000691413879 15.999999999999998 19 18.700000047683716 19 16.050000071525574
leaf_count=29 17 31 16 19 18 19 15
internal_value=-0.000374745 0.00983429 0.00349555 -0.0172401 0.00010679 -0.0110918 0.00291182
internal_weight=178.25 111.25 68.1 67 50.75 38 34.75
internal_count=164 97 66 67 49 38 33
is_linear=0
shrinkage=0.0258836


Tree=43
num_leaves=6
num_cat=0
split_feature=7 8 5 1 2
split_gain=44.8028 10.5161 3.30479 3.25929 1.39444
threshold=19.285714285714288 40.500000000000007 666.55071428571443 17.500000000000004 21.500000000000004
decision_type=2 2 2 2 2
left_child=3 2 4 -1 -2
right_child=1 -3 -4 -5 -6
leaf_value=-0.13953537566827154 -0.0069540152510670188 0.31380136184102797 -0.010873444948363153 -0.036069365935802726 0.04615261873053101
leaf_weight=48 15.000000000000002 52.200000762939453 28.700000047683716 19 15.350000023841856
leaf_count=48 15 39 28 19 15
internal_value=-8.87683e-05 0.00983429 0.00189285 -0.0164981 0.0076752
internal_weight=178.25 111.25 59.05 67 30.35
internal_count=164 97 58 67 30
is_linear=0
shrinkage=0.0258836


Tree=44
num_leaves=6
num_cat=0
split_feature=7 10 5 11 11
split_gain=36.1577 9.86793 2.34926 1.64245 1.30755
threshold=19.285714285714288 63.500000000000007 311.4057142857144 23.500000000000004 32.500000000000007
decision_type=2 2 2 2 2
left_child=2 3 -1 -2 -5
right_child=1 -3 -4 4 -6
leaf_value=-0.13716340332592508 0.033066186491091096 0.27970287354713375 -0.048152905208887924 -0.017734220564427271 -0.013146674514310596
leaf_weight=38 20 43.150000691413879 29 21.350000023841858 26.75000011920929
leaf_count=38 20 31 29 21 25
internal_value=0.000331848 0.00938027 -0.0142722 0.00276509 0
internal_weight=178.25 111.25 67 68.1 48.1
internal_count=164 97 67 66 46
is_linear=0
shrinkage=0.0258836


Tree=45
num_leaves=5
num_cat=0
split_feature=8 10 8 8
split_gain=24.9285 5.61029 4.29823 1.03923
threshold=25.500000000000004 87.500000000000014 16.500000000000004 40.500000000000007
decision_type=2 2 2 2
left_child=2 3 -1 -2
right_child=1 -3 -4 -5
leaf_value=-0.12478380789351577 -0.006321527333951988 0.75099625836245021 -0.014331839764515264 0.041978358279956163
leaf_weight=56 30.050000071525574 18.200000286102295 30 34.9000004529953
leaf_count=56 29 12 30 28
internal_value=-6.33557e-05 0.00979705 -0.00975951 0.00547368
internal_weight=169.15 83.15 86 64.95
internal_count=155 69 86 57
is_linear=0
shrinkage=0.0258836


Tree=46
num_leaves=7
num_cat=0
split_feature=6 6 9 1 1 8
split_gain=21.2481 7.00094 3.97433 2.55839 0.670068 0.389352
threshold=15.000000000000002 37.500000000000007 44.500000000000007 17.500000000000004 28.500000000000004 64.500000000000014
decision_type=2 2 2 2 2 2
left_child=3 2 4 -1 -2 -3
right_child=1 5 -4 -5 -6 -7
leaf_value=-0.14178310144072298 0.016563167894040661 -0.080589085650294559 -0.054701748398971774 -0.13165712384961714 -0.0013261273082159175 0.62471475338303739
leaf_weight=43 18 21.800000309944153 20.700000047683716 21 19.700000047683716 24.950000405311584
leaf_count=43 18 17 20 21 19 17
internal_value=0 0.00715229 0.000791627 -0.0114246 0.00586551 0.0143328
internal_weight=169.15 105.15 58.4 64 37.7 46.75
internal_count=155 91 57 64 37 34
is_linear=0
shrinkage=0.0258836


Tree=47
num_leaves=7
num_cat=0
split_feature=6 6 3 0 11 8
split_gain=22.3712 6.04631 2.72086 1.53104 0.758319 0.389352
threshold=15.000000000000002 37.500000000000007 380.36857142857144 32.500000000000007 23.500000000000004 64.500000000000014
decision_type=2 2 2 2 2 2
left_child=2 3 -1 4 -2 -3
right_child=1 5 -4 -5 -6 -7
leaf_value=-0.14418826314396962 0.019518447923047924 -0.078503146551631528 -0.028108306094567593 -0.018740522139688555 -0.0054306207647893123 0.60854485991572593
leaf_weight=37 17 21.800000309944153 27 20.400000095367432 21 24.950000405311584
leaf_count=37 17 17 27 19 21 17
internal_value=0.000274135 0.00763197 -0.0114246 0.00163792 0.00474306 0.0143328
internal_weight=169.15 105.15 64 58.4 38 46.75
internal_count=155 91 64 57 38 34
is_linear=0
shrinkage=0.0258836


Tree=48
num_leaves=7
num_cat=0
split_feature=0 9 3 9 9 0
split_gain=21.175 6.27523 1.7834 1.55106 1.6038 0.625424
threshold=16.500000000000004 63.500000000000007 380.36857142857144 44.500000000000007 33.000000000000007 65.500000000000014
decision_type=2 2 2 2 2 2
left_child=2 3 -1 4 -2 -3
right_child=1 5 -4 -5 -6 -7
leaf_value=-0.14137430964350009 -0.0033825318696185853 0.076483364367765511 -0.01558267400058045 -0.047947155714296662 -0.0044925438647224853 0.60027818270979483
leaf_weight=34 30 23.800000309944153 18 21.700000047683716 18.050000071525574 23.600000381469727
leaf_count=34 30 19 18 21 17 16
internal_value=0.000274135 0.00643658 -0.0129825 0.00114957 0.00383054 0.0134506
internal_weight=169.15 117.15 52 69.75 48.05 47.4
internal_count=155 103 52 68 47 35
is_linear=0
shrinkage=0.0258836


Tree=49
num_leaves=6
num_cat=0
split_feature=1 9 9 9 9
split_gain=21.7332 7.16525 1.23141 2.66974 1.06615
threshold=17.500000000000004 63.500000000000007 44.500000000000007 33.000000000000007 24.500000000000004
decision_type=2 2 2 2 2
left_child=-1 2 3 4 -2
right_child=1 -3 -4 -5 -6
leaf_value=-0.14011261552626492 0.006591278997020532 0.2956883451775934 -0.046706108667204739 0.034988119526906968 -0.062460483347265325
leaf_weight=43 14.999999999999998 47.400000691413879 21.700000047683716 19.050000071525574 23
leaf_count=43 15 35 21 18 23
internal_value=0.000274135 0.00578646 0.00070514 0.00282153 -0.000933785
internal_weight=169.15 126.15 78.75 57.05 38
internal_count=155 112 77 56 38
is_linear=0
shrinkage=0.0258836


Tree=50
num_leaves=6
num_cat=0
split_feature=6 3 2 3 3
split_gain=27.0898 6.80119 3.17628 2.39424 2.2072
threshold=15.000000000000002 1608.4750000000004 28.500000000000004 402.64428571428573 1181.4000000000003
decision_type=2 2 2 2 2
left_child=3 2 -2 -1 -4
right_child=1 -3 4 -5 -6
leaf_value=-0.11569536768354133 0.02011458370949851 0.50057127945889957 -0.015465773997429174 -0.04126796189075483 -0.073868440722857587
leaf_weight=40 31.350000023841858 39.350000619888306 14.999999999999998 26 17.450000166893005
leaf_count=40 31 28 15 26 15
internal_value=0 0.00826483 0.00255487 -0.0125978 -0.00273452
internal_weight=169.15 103.15 63.8 66 32.45
internal_count=155 89 61 66 30
is_linear=0
shrinkage=0.0258836


Tree=51
num_leaves=7
num_cat=0
split_feature=6 2 11 10 10 2
split_gain=22.3889 8.10647 3.98829 1.73036 3.39646 1.34093
threshold=15.000000000000002 64.500000000000014 51.500000000000007 39.000000000000007 28.500000000000004 12.500000000000002
decision_type=2 2 2 2 2 2
left_child=5 2 3 4 -2 -1
right_child=1 -3 -4 -5 -6 -7
leaf_value=-0.13585627125675112 0.019593945011659876 0.56337359579312096 -0.10577218865313255 0.044661913727378835 -0.014504455615999974 -0.09735916261517287
leaf_weight=39 15.350000023841856 27.6500004529953 17.700000166893005 23.450000166893005 19 27
leaf_count=39 15 19 15 21 19 27
internal_value=-0.000274135 0.00711628 0.00227217 0.00567113 0.00126966 -0.0118451
internal_weight=169.15 103.15 75.5 57.8 34.35 66
internal_count=155 89 70 55 34 66
is_linear=0
shrinkage=0.0258836


Tree=52
num_leaves=6
num_cat=0
split_feature=8 1 2 8 0
split_gain=23.9269 7.03237 1.92345 3.88232 2.12731
threshold=15.500000000000002 63.500000000000007 28.500000000000004 37.500000000000007 19.500000000000004
decision_type=2 2 2 2 2
left_child=-1 2 4 -4 -2
right_child=1 -3 3 -5 -6
leaf_value=-0.10824958520583175 -0.0441340729383526 0.48552219141301883 -0.11266411243163831 0.046149399976864708 0.036055849203720715
leaf_weight=52 19 38.700000643730164 17.350000023841858 16.75000011920929 25.350000023841858
leaf_count=52 19 27 17 15 25
internal_value=0.000168746 0.00671718 0.00188689 -0.00236643 0.00539477
internal_weight=169.15 117.15 78.45 34.1 44.35
internal_count=155 103 76 32 44
is_linear=0
shrinkage=0.0258836


Tree=53
num_leaves=6
num_cat=0
split_feature=5 10 8 10 10
split_gain=21.2577 7.00285 1.95771 1.64889 1.78505
threshold=311.4057142857144 87.500000000000014 15.500000000000002 28.500000000000004 39.000000000000007
decision_type=2 2 2 2 2
left_child=-1 2 -2 -4 -5
right_child=1 -3 3 4 -6
leaf_value=-0.10804194436515162 -0.16717978344081896 0.5500518733851979 0.01684513776598684 -0.013699156313538841 0.010246362037474139
leaf_weight=40 18 19.550000309944153 22.350000023841858 20 49.250000476837158
leaf_count=40 18 13 22 20 42
internal_value=0.000364469 0.00557639 0.00266527 0.00427076 0.00187635
internal_weight=169.15 129.15 109.6 91.6 69.25
internal_count=155 115 102 84 62
is_linear=0
shrinkage=0.0258836


Tree=54
num_leaves=6
num_cat=0
split_feature=6 2 11 2 7
split_gain=20.5076 5.13974 2.76304 2.19859 1.55356
threshold=12.500000000000002 64.500000000000014 51.500000000000007 12.500000000000002 20.428571428571434
decision_type=2 2 2 2 2
left_child=3 2 4 -1 -2
right_child=1 -3 -4 -5 -6
leaf_value=-0.1259116318961902 -0.046782646468287933 0.51085296222867493 -0.086933791093764909 -0.090006091513757949 0.036435114750830243
leaf_weight=39 14.999999999999998 27.6500004529953 17.700000166893005 19 50.800000190734863
leaf_count=39 15 19 15 19 48
internal_value=0.000364469 0.00691191 0.0032616 -0.0117007 0.00576444
internal_weight=169.15 111.15 83.5 58 65.8
internal_count=155 97 78 58 63
is_linear=0
shrinkage=0.0258836


Tree=55
num_leaves=7
num_cat=0
split_feature=6 6 0 0 9 9
split_gain=19.8569 3.7652 1.57817 3.31765 3.1462 0.362988
threshold=37.500000000000007 6.5000000000000009 32.500000000000007 22.666666666666668 24.500000000000004 75.500000000000014
decision_type=2 2 2 2 2 2
left_child=1 -1 3 4 -3 -2
right_child=5 2 -4 -5 -6 -7
leaf_value=-0.095540206823420321 0.13712957463915587 -0.016962896629794662 -0.018884395679136631 0.014430009381467915 -0.099726494117409734 0.54978182359002858
leaf_weight=15.999999999999998 23.150000333786011 35 19.700000047683716 25.350000023841858 24 24.950000405311584
leaf_count=16 18 35 19 25 24 17
internal_value=0.000624046 -0.00493583 -0.0027674 -0.000927209 -0.00438765 0.0142831
internal_weight=168.15 120.05 104.05 84.35 59 48.1
internal_count=154 119 103 84 59 35
is_linear=0
shrinkage=0.0258836


Tree=56
num_leaves=6
num_cat=0
split_feature=6 3 0 6 9
split_gain=19.8569 4.34026 2.58006 1.49163 0.362988
threshold=37.500000000000007 380.36857142857144 32.500000000000007 15.000000000000002 75.500000000000014
decision_type=2 2 2 2 2
left_child=1 -1 3 -3 -2
right_child=4 2 -4 -5 -6
leaf_value=-0.10063577883191982 0.1335801617253019 -0.16277485322056304 -0.018395598728732324 0.00042893318195535806 0.53555146730410264
leaf_weight=37 23.150000333786011 28 19.700000047683716 35.350000023841858 24.950000405311584
leaf_count=37 18 28 19 35 17
internal_value=0.000624046 -0.00493583 -0.00133334 0.00110426 0.0142831
internal_weight=168.15 120.05 83.05 63.35 48.1
internal_count=154 119 82 63 35
is_linear=0
shrinkage=0.0258836


Tree=57
num_leaves=6
num_cat=0
split_feature=9 5 9 9 5
split_gain=16.6004 5.02386 1.90214 1.44597 1.29057
threshold=63.500000000000007 311.4057142857144 44.500000000000007 75.500000000000014 456.34000000000009
decision_type=2 2 2 2 2
left_child=1 -1 4 -2 -3
right_child=3 2 -4 -5 -6
leaf_value=-0.098030958289584524 0.032704544942372925 -0.10011772250296545 -0.042650911862792587 0.52168944447580556 0.019740271164205188
leaf_weight=37 22.800000309944153 23 24.700000047683716 24.950000405311584 35.700000047683716
leaf_count=37 18 23 24 17 35
internal_value=0.000624046 -0.00442796 -0.000622031 0.0131781 0.00175625
internal_weight=168.15 120.4 83.4 47.75 58.7
internal_count=154 119 82 35 58
is_linear=0
shrinkage=0.0258836


Tree=58
num_leaves=6
num_cat=0
split_feature=9 3 9 9 9
split_gain=15.8288 5.62597 2.28832 1.44597 1.33635
threshold=63.500000000000007 380.36857142857144 44.500000000000007 75.500000000000014 33.000000000000007
decision_type=2 2 2 2 2
left_child=1 -1 4 -2 -3
right_child=3 2 -4 -5 -6
leaf_value=-0.095493559991470203 0.031858032186348931 -0.012436830628311912 -0.041546950899216305 0.50818622129352475 0.037272278536043077
leaf_weight=37 22.800000309944153 42 24.700000047683716 24.950000405311584 16.700000047683716
leaf_count=37 18 42 24 17 16
internal_value=0.000926921 -0.00400767 -2.12698e-05 0.0131781 0.00259841
internal_weight=168.15 120.4 83.4 47.75 58.7
internal_count=154 119 82 35 58
is_linear=0
shrinkage=0.0258836


Tree=59
num_leaves=7
num_cat=0
split_feature=6 3 0 6 0 9
split_gain=19.0068 4.91102 2.97065 2.08115 0.375391 0.362988
threshold=37.500000000000007 380.36857142857144 32.500000000000007 15.000000000000002 25.166666666666668 75.500000000000014
decision_type=2 2 2 2 2 2
left_child=1 -1 3 -3 -5 -2
right_child=5 2 -4 4 -6 -7
leaf_value=-0.093021838804297263 0.12845150586878412 -0.15559431218186157 -0.015191850335776027 -0.00038625811638428329 -0.0061462363487011038 0.49503251071542109
leaf_weight=37 23.150000333786011 28 19.700000047683716 17.350000023841858 18 24.950000405311584
leaf_count=37 18 28 19 17 18 17
internal_value=0.000926921 -0.00451434 -0.00073013 0.00188719 0.00598945 0.0142831
internal_weight=168.15 120.05 83.05 63.35 35.35 48.1
internal_count=154 119 82 63 35 35
is_linear=0
shrinkage=0.0258836


Tree=60
num_leaves=8
num_cat=0
split_feature=3 0 11 2 11 3 5
split_gain=14.918 2.65426 2.6819 1.8724 1.00274 0.906456 0.417863
threshold=380.36857142857144 65.500000000000014 51.500000000000007 21.500000000000004 37.500000000000007 309.84214285714285 430.90785714285715
decision_type=2 2 2 2 2 2 2
left_child=5 2 3 6 -5 -1 -2
right_child=1 -3 -4 4 -6 -7 -8
leaf_value=-0.079390247395276739 0.018526642274933124 0.35898414306748161 -0.096894215505381284 0.0010305016579542808 0.23018641366982281 -0.087237340292029911 -0.070335176132813607
leaf_weight=25 17 22.000000357627869 16.800000190734863 38.350000023841858 18.500000238418579 17 15.999999999999998
leaf_count=25 17 15 14 38 15 17 16
internal_value=0.00157028 0.00601121 0.00393172 0.00576274 0.00851833 -0.0112571 0.000340689
internal_weight=170.65 128.65 106.65 89.85 56.85 42 33
internal_count=157 115 100 86 53 42 33
is_linear=0
shrinkage=0.0258836


Tree=61
num_leaves=8
num_cat=0
split_feature=5 10 7 2 2 7 5
split_gain=14.918 4.54775 1.40849 1.26525 0.805186 0.482205 0.417863
threshold=311.4057142857144 87.500000000000014 56.357142857142868 21.500000000000004 32.500000000000007 11.500000000000002 430.90785714285715
decision_type=2 2 2 2 2 2 2
left_child=5 2 3 6 -5 -1 -2
right_child=1 -3 -4 4 -6 -7 -8
leaf_value=-0.098174808433285785 0.018047105285818706 0.4376487786525437 -0.066168112054062783 -0.0034955208709021158 0.022293681302893272 -0.1190696175895356 -0.068514645564400942
leaf_weight=26 17 16.600000262260437 15.850000262260435 29.350000023841858 33.850000262260437 15.999999999999998 15.999999999999998
leaf_count=26 17 11 12 29 30 16 16
internal_value=0.00157028 0.00601121 0.00374681 0.00496147 0.00705099 -0.0112571 0.000340689
internal_weight=170.65 128.65 112.05 96.2 63.2 42 33
internal_count=157 115 104 92 59 42 33
is_linear=0
shrinkage=0.0258836


Tree=62
num_leaves=7
num_cat=0
split_feature=3 10 11 10 11 3
split_gain=15.6116 4.20221 4.04246 2.39015 1.93225 0.906456
threshold=380.36857142857144 87.500000000000014 53.000000000000007 53.000000000000007 26.500000000000004 309.84214285714285
decision_type=2 2 2 2 2 2
left_child=5 2 3 4 -2 -1
right_child=1 -3 -4 -5 -6 -7
leaf_value=-0.074794216933827748 0.018114397776965108 0.4263208340368807 -0.055524360431174251 0.076156638135575466 -0.014046465274833572 -0.081897364707261569
leaf_weight=25 49.350000023841858 16.600000262260437 18.850000262260437 22.500000238418579 21.350000023841858 17
leaf_count=25 49 11 15 19 21 17
internal_value=0.00186879 0.00640512 0.00419767 0.0064651 0.00358323 -0.0112571
internal_weight=170.65 128.65 112.05 93.2 70.7 42
internal_count=157 115 104 89 70 42
is_linear=0
shrinkage=0.0258836


Tree=63
num_leaves=7
num_cat=0
split_feature=3 10 8 7 8 2
split_gain=14.918 4.54775 3.0382 1.40849 1.16412 1.13948
threshold=380.36857142857144 87.500000000000014 9.5000000000000018 56.357142857142868 18.500000000000004 28.500000000000004
decision_type=2 2 2 2 2 2
left_child=2 3 -1 4 -2 -6
right_child=1 -3 -4 -5 5 -7
leaf_value=-0.044253334305487627 -0.060625788270633182 0.41528609789219906 -0.079781403482712898 -0.060051711226319734 0.031957115310143905 -0.0013284537842775518
leaf_weight=18 24 16.600000262260437 24 15.850000262260435 32.350000023841858 39.850000262260437
leaf_count=18 24 11 24 12 32 36
internal_value=0.00157028 0.00601121 -0.0112571 0.00374681 0.00496147 0.00654978
internal_weight=170.65 128.65 42 112.05 96.2 72.2
internal_count=157 115 42 104 92 68
is_linear=0
shrinkage=0.0258836


Tree=64
num_leaves=7
num_cat=0
split_feature=3 9 8 11 11 4
split_gain=14.2391 3.81772 3.0382 2.37798 1.82982 3.10354
threshold=380.36857142857144 87.500000000000014 9.5000000000000018 51.500000000000007 37.500000000000007 28.500000000000004
decision_type=2 2 2 2 2 2
left_child=2 3 -1 4 5 -2
right_child=1 -3 -4 -5 -6 -7
leaf_value=-0.043107896811946787 0.01884404510154454 0.42196749071287631 -0.077716370140692465 -0.049038849210953875 0.071326298329314058 -0.01584661744746459
leaf_weight=18 53.350000023841858 19.300000309944153 24 19.500000238418579 19.500000238418579 17
leaf_count=18 53 13 24 16 16 17
internal_value=0.00127177 0.0056173 -0.0112571 0.00337533 0.00520381 0.0027685
internal_weight=170.65 128.65 42 109.35 89.85 70.35
internal_count=157 115 42 102 86 70
is_linear=0
shrinkage=0.0258836


Tree=65
num_leaves=8
num_cat=0
split_feature=5 10 11 7 10 5 0
split_gain=17.7548 3.61773 6.02641 2.20821 4.64092 1.8227 0.599009
threshold=397.22285714285721 87.500000000000014 53.000000000000007 33.857142857142868 28.500000000000004 311.4057142857144 9.1666666666666696
decision_type=2 2 2 2 2 2 2
left_child=5 2 3 4 -2 6 -1
right_child=1 -3 -4 -5 -6 -7 -8
leaf_value=-0.044194463307631042 0.02494035858305162 0.34993627797331245 -0.079698935328914977 0.22161728978453238 -0.0054695465591815132 -0.097936910490426049 -0.10126770933957148
leaf_weight=15.999999999999998 21.350000023841858 17.950000286102295 22.450000286102295 26.200000286102295 32.350000023841858 17 27
leaf_count=16 21 12 18 22 32 17 27
internal_value=0.00228634 0.00802798 0.00564381 0.00897678 0.00512031 -0.00885372 -0.0115767
internal_weight=180.3 120.3 102.35 79.9 53.7 60 43
internal_count=165 105 93 75 53 60 43
is_linear=0
shrinkage=0.0258836


Tree=66
num_leaves=7
num_cat=0
split_feature=3 10 7 1 10 3
split_gain=16.202 5.23332 2.83495 3.0334 2.10207 1.91875
threshold=380.36857142857144 87.500000000000014 56.357142857142868 54.500000000000007 31.000000000000004 309.84214285714285
decision_type=2 2 2 2 2 2
left_child=5 2 3 4 -2 -1
right_child=1 -3 -4 -5 -6 -7
leaf_value=-0.066160476841871471 0.0081314883132818944 0.34087865238574039 -0.0466124934888381 0.24549104570485158 -0.0037884662213709497 -0.079791623412012805
leaf_weight=27 42.350000023841858 17.950000286102295 17.850000262260437 19.450000286102295 39.700000047683716 15.999999999999998
leaf_count=27 42 12 14 15 39 16
internal_value=0.00172079 0.00612968 0.00379838 0.00552846 0.00290539 -0.0115767
internal_weight=180.3 137.3 119.35 101.5 82.05 43
internal_count=165 122 110 96 81 43
is_linear=0
shrinkage=0.0258836


Tree=67
num_leaves=7
num_cat=0
split_feature=3 8 9 8 8 2
split_gain=16.202 5.01209 4.99832 4.7666 3.23423 0.772815
threshold=380.36857142857144 48.500000000000007 57.000000000000007 15.500000000000002 9.5000000000000018 28.500000000000004
decision_type=2 2 2 2 2 2
left_child=4 2 3 -2 -1 -5
right_child=1 -3 -4 5 -6 -7
leaf_value=-0.039135719571982489 -0.08748536753753218 0.28682934524297737 -0.024173278722900725 0.021759104830835197 -0.071014471405258503 -0.0098403775333242172
leaf_weight=18 17 46.500000715255737 14.750000119209288 40.350000023841858 25 18.700000047683716
leaf_count=18 17 34 13 40 25 18
internal_value=0.00172079 0.00612968 0.00226025 0.0050969 -0.0115767 0.00859201
internal_weight=180.3 137.3 90.8 76.05 43 59.05
internal_count=165 122 88 75 43 58
is_linear=0
shrinkage=0.0258836


Tree=68
num_leaves=7
num_cat=0
split_feature=3 8 9 8 8 2
split_gain=16.8901 4.42831 5.44469 3.23423 3.22593 0.772815
threshold=380.36857142857144 48.500000000000007 57.000000000000007 9.5000000000000018 15.500000000000002 28.500000000000004
decision_type=2 2 2 2 2 2
left_child=3 2 4 -1 -2 -6
right_child=1 -3 -4 -5 5 -7
leaf_value=-0.038122744589690817 -0.085220927542526789 0.27940515695422424 -0.023547586213498391 -0.06917635820072468 0.021195899935875825 -0.0095856727171977005
leaf_weight=18 17 46.500000715255737 14.750000119209288 25 40.350000023841858 18.700000047683716
leaf_count=18 17 34 13 25 40 18
internal_value=0.00200357 0.00649927 0.0028135 -0.0115767 0.00575369 0.00859201
internal_weight=180.3 137.3 90.8 43 76.05 59.05
internal_count=165 122 88 43 75 58
is_linear=0
shrinkage=0.0258836


Tree=69
num_leaves=8
num_cat=0
split_feature=3 2 11 2 3 11 3
split_gain=17.5915 3.90652 4.5654 2.00814 1.91875 1.32252 0.687139
threshold=380.36857142857144 64.500000000000014 53.000000000000007 21.500000000000004 309.84214285714285 37.500000000000007 490.9614285714286
decision_type=2 2 2 2 2 2 2
left_child=4 2 3 6 -1 -5 -2
right_child=1 -3 -4 5 -6 -7 -8
leaf_value=-0.060819353354658948 0.019684509003815971 0.42645845342795435 -0.079270741929534011 0.0014177487705427595 -0.072468757335798537 0.23396655832528934 -0.039233536347223132
leaf_weight=27 15.999999999999998 26.050000429153442 17.050000190734863 39.350000023841858 15.999999999999998 20.850000262260437 18
leaf_count=27 16 18 14 39 16 17 18
internal_value=0.00228634 0.00686885 0.00436333 0.00666535 -0.0115767 0.00944217 0.00103537
internal_weight=180.3 137.3 111.25 94.2 43 60.2 34
internal_count=165 122 104 90 43 56 34
is_linear=0
shrinkage=0.0258836


Tree=70
num_leaves=8
num_cat=0
split_feature=3 9 9 1 1 9 5
split_gain=13.9272 6.06508 1.08898 2.81746 2.16001 2.87408 1.07646
threshold=380.36857142857144 87.500000000000014 29.500000000000004 20.500000000000004 54.500000000000007 53.000000000000007 213.41571428571436
decision_type=2 2 2 2 2 2 2
left_child=6 2 3 -2 5 -4 -1
right_child=1 -3 4 -5 -6 -7 -8
leaf_value=-0.11665699885281654 -0.039593116653477735 0.39063224848163297 -0.0093742570921444401 0.022117864351796562 0.09511339342449307 -0.038950678687031115 -0.062444303332097141
leaf_weight=18 19 17.950000286102295 32.700000047683716 22 31.9000004529953 14.700000047683714 19
leaf_count=18 19 12 32 22 25 14 19
internal_value=0.00142792 0.00528996 0.00285418 0.00619205 0.0008108 -0.00246138 -0.0120216
internal_weight=175.25 138.25 120.3 41 79.3 47.4 37
internal_count=161 124 112 41 71 46 37
is_linear=0
shrinkage=0.0258836


Tree=71
num_leaves=8
num_cat=0
split_feature=5 9 9 7 1 9 5
split_gain=13.9272 6.06508 1.60974 3.8175 2.40799 2.58166 1.07646
threshold=311.4057142857144 87.500000000000014 29.500000000000004 14.857142857142859 54.500000000000007 53.000000000000007 213.41571428571436
decision_type=2 2 2 2 2 2 2
left_child=6 2 3 -2 5 -4 -1
right_child=1 -3 4 -5 -6 -7 -8
leaf_value=-0.11363749077580826 -0.060161629584566903 0.38052126293400756 -0.003343110587734927 0.02131656954636376 0.092651512332907096 -0.037942493236890834 -0.060828017295866163
leaf_weight=18 15.999999999999998 17.950000286102295 33.700000047683716 24 31.9000004529953 14.700000047683714 19
leaf_count=18 16 12 33 24 25 14 19
internal_value=0.00142792 0.00528996 0.00285418 0.00694202 0.000489449 -0.00291912 -0.0120216
internal_weight=175.25 138.25 120.3 40 80.3 48.4 37
internal_count=161 124 112 40 72 47 37
is_linear=0
shrinkage=0.0258836


Tree=72
num_leaves=7
num_cat=0
split_feature=6 9 0 7 6 8
split_gain=12.8985 6.23591 1.08641 3.49276 3.41521 1.73173
threshold=8.5000000000000018 87.500000000000014 18.166666666666668 22.357142857142858 10.500000000000002 48.500000000000007
decision_type=2 2 2 2 2 2
left_child=-1 2 4 -4 -2 -5
right_child=1 -3 3 5 -6 -7
leaf_value=-0.093294709707879911 0.021416886443241915 0.37067198652366301 -0.004504604133591569 -0.0090661090860721088 -0.10740696211100016 0.069624224960265158
leaf_weight=31 15.000000000000002 17.950000286102295 20 48.450000166893005 14.999999999999998 27.850000381469727
leaf_count=31 15 12 20 46 15 22
internal_value=0.00171872 0.00507407 0.0027215 0.00406815 -0.00116175 0.00116892
internal_weight=175.25 144.25 126.3 96.3 30 76.3
internal_count=161 130 118 88 30 68
is_linear=0
shrinkage=0.0258836


Tree=73
num_leaves=7
num_cat=0
split_feature=5 8 10 7 9 6
split_gain=12.4604 6.82695 3.42451 5.08811 2.11068 1.17212
threshold=237.11428571428573 56.000000000000007 44.500000000000007 13.000000000000002 29.500000000000004 36.000000000000007
decision_type=2 2 2 2 2 2
left_child=-1 2 3 -2 -5 -4
right_child=1 -3 5 4 -6 -7
leaf_value=-0.10483702356677764 -0.055909823106531926 0.2334100468834503 -0.0769827944715155 0.025571757703699245 -0.00034522763054342187 -0.024912417480632641
leaf_weight=21 24 32.100000500679016 16.350000023841858 31 31.700000047683716 19.100000262260437
leaf_count=21 24 23 16 31 31 15
internal_value=0.00161694 0.00430585 0.00126825 0.00409964 0.00797462 -0.00509337
internal_weight=175.25 154.25 122.15 86.7 62.7 35.45
internal_count=161 140 117 86 62 31
is_linear=0
shrinkage=0.0258836


Tree=74
num_leaves=8
num_cat=0
split_feature=3 6 10 10 5 3 2
split_gain=14.928 4.65854 3.71658 3.10702 1.07646 0.919241 2.27028
threshold=380.36857142857144 48.500000000000007 29.500000000000004 21.500000000000004 213.41571428571436 1328.3378571428575 34.500000000000007
decision_type=2 2 2 2 2 2 2
left_child=4 2 3 -2 -1 6 -4
right_child=1 -3 5 -5 -6 -7 -8
leaf_value=-0.10556776757496789 -0.097591608426922993 0.41119600630189035 -0.014077881776048832 0.01429400145443694 -0.053907032828713008 -0.027685994777004171 0.12852292827900189
leaf_weight=18 21 28.6500004529953 28 23.350000023841858 19 20.500000238418579 16.75000011920929
leaf_count=18 21 20 28 23 19 17 15
internal_value=0.00190774 0.00589567 0.00312596 0.00869068 -0.0120216 -0.000654825 0.00120967
internal_weight=175.25 138.25 109.6 44.35 37 65.25 44.75
internal_count=161 124 104 44 37 60 43
is_linear=0
shrinkage=0.0258836


Tree=75
num_leaves=5
num_cat=0
split_feature=3 6 1 5
split_gain=17.1237 3.18796 4.57914 1.65386
threshold=380.36857142857144 48.500000000000007 44.500000000000007 430.90785714285715
decision_type=2 2 2 2
left_child=-1 2 3 -2
right_child=1 -3 -4 -5
leaf_value=-0.078021184262322879 -0.026599110778496551 0.41617253249155567 -0.042596192152446075 0.0072085703896392767
leaf_weight=42 18 30.250000476837158 26.500000238418579 54.400000095367432
leaf_count=42 18 21 23 53
internal_value=0.00134253 0.00608653 0.00345494 0.00684226
internal_weight=171.15 129.15 98.9 72.4
internal_count=157 115 94 71
is_linear=0
shrinkage=0.0258836


Tree=76
num_leaves=7
num_cat=0
split_feature=3 8 1 8 0 7
split_gain=17.1237 4.32063 2.73182 1.17106 1.10415 0.524851
threshold=380.36857142857144 73.500000000000014 44.500000000000007 53.000000000000007 19.500000000000004 11.500000000000002
decision_type=2 2 2 2 2 2
left_child=5 2 4 -4 -2 -1
right_child=1 -3 3 -5 -6 -7
leaf_value=-0.063736427499426346 -0.011862719286089715 0.39182437692648658 -0.043611560821594987 0.21247692767595014 0.0074476587029952759 -0.10468925529439106
leaf_weight=24 29 16.350000262260437 20.700000166893005 19.700000286102295 43.400000095367432 18
leaf_count=24 29 11 18 15 42 18
internal_value=0.00134253 0.00608653 0.00389047 -0.00118166 0.00684226 -0.0124134
internal_weight=171.15 129.15 112.8 40.4 72.4 42
internal_count=157 115 104 33 71 42
is_linear=0
shrinkage=0.0258836


Tree=77
num_leaves=8
num_cat=0
split_feature=3 8 1 10 8 7 10
split_gain=16.8681 1.95747 3.20658 2.00354 1.17106 0.524851 0.399987
threshold=380.36857142857144 73.500000000000014 44.500000000000007 21.500000000000004 53.000000000000007 11.500000000000002 29.500000000000004
decision_type=2 2 2 2 2 2 2
left_child=5 2 3 -2 -4 -1 -5
right_child=1 -3 4 6 -6 -7 -8
leaf_value=-0.06208669658292143 -0.14875083561848354 0.38168253475213948 -0.042482734763606901 -0.019383844265913823 0.20697725079754101 -0.10197951601559972 -0.0035706718425304886
leaf_weight=24 18 16.350000262260437 20.700000166893005 24.350000023841858 19.700000286102295 18 30.050000071525574
leaf_count=24 18 11 18 24 15 18 29
internal_value=0.00123835 0.00594918 0.00433841 0.00753094 -0.00118166 -0.0124134 0.00990208
internal_weight=171.15 129.15 112.8 72.4 40.4 42 54.4
internal_count=157 115 104 71 33 42 53
is_linear=0
shrinkage=0.0258836


Tree=78
num_leaves=7
num_cat=0
split_feature=3 8 11 10 10 7
split_gain=16.8681 1.95747 5.71231 1.61797 0.913983 0.524851
threshold=380.36857142857144 73.500000000000014 51.500000000000007 21.500000000000004 29.500000000000004 11.500000000000002
decision_type=2 2 2 2 2 2
left_child=5 2 3 -2 -5 -1
right_child=1 -3 -4 4 -6 -7
leaf_value=-0.060479666712013956 -0.14490062213769245 0.37180320039697451 -0.1372781301585069 -0.018882119766741319 0.034040409463995912 -0.099339914660116491
leaf_weight=24 18 16.350000262260437 18.650000214576721 24.350000023841858 51.800000309944153 18
leaf_count=24 18 11 15 24 47 18
internal_value=0.00123835 0.00594918 0.00433841 0.00700262 0.00859978 -0.0124134
internal_weight=171.15 129.15 112.8 94.15 76.15 42
internal_count=157 115 104 89 71 42
is_linear=0
shrinkage=0.0258836


Tree=79
num_leaves=8
num_cat=0
split_feature=3 8 1 10 8 7 10
split_gain=16.8681 1.95747 3.20658 2.00354 1.17106 0.524851 0.399987
threshold=380.36857142857144 73.500000000000014 44.500000000000007 21.500000000000004 53.000000000000007 11.500000000000002 29.500000000000004
decision_type=2 2 2 2 2 2 2
left_child=5 2 3 -2 -4 -1 -5
right_child=1 -3 4 6 -6 -7 -8
leaf_value=-0.05891423262809669 -0.14115006620696507 0.36217957920239335 -0.033395521092083352 -0.018393381725240323 0.20073883579442961 -0.096768635802994635 -0.0043593396443520442
leaf_weight=24 18 16.350000262260437 20.700000166893005 24.350000023841858 19.700000286102295 18 30.050000071525574
leaf_count=24 18 11 18 24 15 18 29
internal_value=0.00123835 0.00594918 0.00433841 0.00753094 -0.00118166 -0.0124134 0.00990208
internal_weight=171.15 129.15 112.8 72.4 40.4 42 54.4
internal_count=157 115 104 71 33 42 53
is_linear=0
shrinkage=0.0258836


Tree=80
num_leaves=7
num_cat=0
split_feature=2 8 8 2 10 7
split_gain=14.9216 6.12254 1.21275 1.1675 1.42588 0.907123
threshold=12.500000000000002 73.500000000000014 46.500000000000007 16.500000000000004 28.500000000000004 11.142857142857144
decision_type=2 2 2 2 2 2
left_child=5 2 3 -2 -5 -1
right_child=1 -3 -4 4 -6 -7
leaf_value=-0.057837865755969144 -0.042430695308072752 0.35171565771708591 -0.018241745533644427 0.023679227167589308 0.0054088144390863008 -0.10295984490092402
leaf_weight=22 14.999999999999998 19.300000309944153 29.700000405311584 27.350000023841858 48.400000095367432 17
leaf_count=22 15 13 23 27 47 17
internal_value=0.00208484 0.00610604 0.00357541 0.00504303 0.00633607 -0.011446
internal_weight=178.75 139.75 120.45 90.75 75.75 39
internal_count=164 125 112 89 74 39
is_linear=0
shrinkage=0.0258836


Tree=81
num_leaves=7
num_cat=0
split_feature=5 8 7 9 4 11
split_gain=16.2742 6.74452 2.79425 3.50925 1.34556 0.522108
threshold=237.11428571428573 73.500000000000014 13.000000000000002 44.500000000000007 53.000000000000007 25.500000000000004
decision_type=2 2 2 2 2 2
left_child=-1 2 -2 5 -5 -4
right_child=1 -3 3 4 -6 -7
leaf_value=-0.10496766425938321 -0.051958670137419401 0.3426119752999946 0.036046519016514386 -0.028827470933917448 0.10285059169891232 0.0098751962178666216
leaf_weight=26 23 19.300000309944153 38 32.450000166893005 20.300000309944153 19.700000047683716
leaf_count=26 23 13 38 30 15 19
internal_value=0.00208484 0.0054292 0.00304418 0.00480567 0 0.00906206
internal_weight=178.75 152.75 133.45 110.45 52.75 57.7
internal_count=164 138 125 102 45 57
is_linear=0
shrinkage=0.0258836


Tree=82
num_leaves=7
num_cat=0
split_feature=3 8 11 9 11 8
split_gain=17.7578 5.73586 2.36513 1.51405 2.33371 1.39734
threshold=380.36857142857144 73.500000000000014 51.500000000000007 21.500000000000004 23.500000000000004 9.5000000000000018
decision_type=2 2 2 2 2 2
left_child=5 2 3 -2 -5 -1
right_child=1 -3 -4 4 -6 -7
leaf_value=-0.06173510832873335 -0.080595812076928897 0.33374392934586095 -0.069483034408646629 0.023668644739060753 0.0059001343546160262 -0.092954879964140008
leaf_weight=19 17 19.300000309944153 20.000000238418579 28 55.450000286102295 20
leaf_count=19 17 13 16 28 51 20
internal_value=0.00208484 0.00646927 0.00399554 0.00564739 0.0070611 -0.0126853
internal_weight=178.75 139.75 120.45 100.45 83.45 39
internal_count=164 125 112 96 79 39
is_linear=0
shrinkage=0.0258836


Tree=83
num_leaves=8
num_cat=0
split_feature=3 6 9 9 7 11 0
split_gain=17.0863 4.64498 2.86617 2.0024 1.76811 0.928211 0.487844
threshold=380.36857142857144 48.500000000000007 44.500000000000007 21.500000000000004 11.142857142857144 25.500000000000004 42.000000000000007
decision_type=2 2 2 2 2 2 2
left_child=4 2 3 -2 -1 -5 -4
right_child=1 -3 6 5 -6 -7 -8
leaf_value=-0.049845788822859616 -0.07850969887384221 0.31338158329989624 -0.029233190838673335 0.04009487353563862 -0.099960820817307297 0.0072126573583042508 -0.037355522044271679
leaf_weight=22 17 33.200000524520874 19.350000023841858 32 17 18.700000047683716 19.500000238418579
leaf_count=22 17 23 19 32 17 18 16
internal_value=0.00179966 0.00610604 0.0031303 0.00630689 -0.0126853 0.00879618 -0.00212744
internal_weight=178.75 139.75 106.55 67.7 39 50.7 38.85
internal_count=164 125 102 67 39 50 35
is_linear=0
shrinkage=0.0258836


Tree=84
num_leaves=7
num_cat=0
split_feature=5 6 7 5 0 5
split_gain=14.7568 6.73694 1.72697 2.55308 1.39111 1.13803
threshold=237.11428571428573 48.500000000000007 13.000000000000002 666.55071428571443 19.500000000000004 835.98428571428587
decision_type=2 2 2 2 2 2
left_child=-1 2 -2 4 -4 -5
right_child=1 -3 3 5 -6 -7
leaf_value=-0.097746435839657309 -0.046933125723550524 0.30527012636833584 -0.019034901957925589 -0.01150868531331231 0.025518241353673615 -0.019404151914868065
leaf_weight=26 23 33.200000524520874 19 14.999999999999998 29.350000023841858 33.200000286102295
leaf_count=26 23 23 19 15 29 29
internal_value=0.00122928 0.00443059 0.00131637 0.00292426 0.00699798 -0.00105161
internal_weight=178.75 152.75 119.55 96.55 48.35 48.2
internal_count=164 138 115 92 48 44
is_linear=0
shrinkage=0.0258836


Tree=85
num_leaves=8
num_cat=0
split_feature=3 8 11 11 11 8 0
split_gain=16.9972 7.70213 4.39984 2.65734 3.82145 2.6218 0.992101
threshold=380.36857142857144 73.500000000000014 23.500000000000004 29.500000000000004 51.500000000000007 18.500000000000004 9.1666666666666696
decision_type=2 2 2 2 2 2 2
left_child=6 2 5 -4 -5 -2 -1
right_child=1 -3 3 4 -6 -7 -8
leaf_value=-0.060569784151243068 -0.011340535005683723 0.30909246091456005 -0.10203252770849715 0.054983376611845179 -0.069794710931198045 0.06787102028047913 -0.053322513174663598
leaf_weight=17 29 19.300000309944153 19.350000023841858 30.850000262260437 23.350000262260437 19 25
leaf_count=17 29 13 19 27 19 19 25
internal_value=0.000281791 0.00468957 0.00196144 -0.00187238 0.000940857 0.00788744 -0.0135697
internal_weight=182.85 140.85 121.55 73.55 54.2 48 42
internal_count=168 126 113 65 46 48 42
is_linear=0
shrinkage=0.0258836


Tree=86
num_leaves=8
num_cat=0
split_feature=4 8 11 7 11 11 8
split_gain=15.8432 7.9396 3.87847 3.65465 2.65734 3.82145 1.49623
threshold=12.500000000000002 73.500000000000014 23.500000000000004 13.000000000000002 29.500000000000004 51.500000000000007 18.500000000000004
decision_type=2 2 2 2 2 2 2
left_child=-1 2 3 -2 -4 -6 -5
right_child=1 -3 4 6 5 -7 -8
leaf_value=-0.05194233229567137 -0.047681087928732262 0.30109202209432762 -0.09939155421729591 -0.018248675000638637 0.053560206537067945 -0.067988169570956866 0.061540672305820776
leaf_weight=41 15.999999999999998 19.300000309944153 19.350000023841858 14.999999999999998 30.850000262260437 23.350000262260437 18
leaf_count=41 16 13 19 15 27 19 18
internal_value=0.000281791 0.00447816 0.00173925 0.0072351 -0.00187238 0.000940857 0.0119187
internal_weight=182.85 141.85 122.55 49 73.55 54.2 33
internal_count=168 127 114 49 65 46 33
is_linear=0
shrinkage=0.0258836


Tree=87
num_leaves=8
num_cat=0
split_feature=3 8 11 3 11 7 8
split_gain=16.9972 7.70213 4.39984 2.99899 3.95753 2.88244 1.49623
threshold=380.36857142857144 73.500000000000014 23.500000000000004 906.33000000000004 51.500000000000007 13.000000000000002 18.500000000000004
decision_type=2 2 2 2 2 2 2
left_child=-1 2 5 -4 -5 -2 -7
right_child=1 -3 3 4 -6 6 -8
leaf_value=-0.044259111669379098 -0.047640863232260723 0.29329866377397823 -0.094717939082987354 0.052492310908323001 -0.066228388081810835 -0.017776332817134949 0.059947775532208564
leaf_weight=42 14.999999999999998 19.300000309944153 19 31.200000286102295 23.350000262260437 14.999999999999998 18
leaf_count=42 15 13 19 27 19 15 18
internal_value=0.000281791 0.00468957 0.00196144 -0.00187238 0.00109316 0.00788744 0.0119187
internal_weight=182.85 140.85 121.55 73.55 54.55 48 33
internal_count=168 126 113 65 46 48 33
is_linear=0
shrinkage=0.0258836


Tree=88
num_leaves=8
num_cat=0
split_feature=3 6 11 11 11 10 10
split_gain=12.9872 5.4638 5.18005 2.05029 4.21647 1.15238 0.988409
threshold=380.36857142857144 48.500000000000007 23.500000000000004 29.500000000000004 46.500000000000007 20.500000000000004 14.500000000000002
decision_type=2 2 2 2 2 2 2
left_child=6 2 5 -4 -5 -2 -1
right_child=1 -3 3 4 -6 -7 -8
leaf_value=-0.099708234158240316 -0.071423234991560197 0.28030824876783728 -0.094367293447621278 0.031151034923152642 -0.072073152248434302 0.04286607423258499 -0.049452288492651653
leaf_weight=14.999999999999998 14.999999999999998 31.600000500679016 19.350000023841858 24.450000166893005 17.450000166893005 33 27
leaf_count=15 15 22 19 22 15 33 27
internal_value=0.00083957 0.00468957 0.00166847 -0.00312159 0 0.00788744 -0.0112571
internal_weight=182.85 140.85 109.25 61.25 41.9 48 42
internal_count=168 126 104 56 37 48 42
is_linear=0
shrinkage=0.0258836


Tree=89
num_leaves=7
num_cat=0
split_feature=4 0 0 11 7 10
split_gain=12.4967 4.5476 3.61864 3.14743 1.46784 4.39867
threshold=12.500000000000002 65.500000000000014 9.1666666666666696 53.000000000000007 13.000000000000002 26.500000000000004
decision_type=2 2 2 2 2 2
left_child=2 3 -1 4 -2 -6
right_child=1 -3 -4 -5 5 -7
leaf_value=-0.055882371801194444 -0.049926149160420215 0.27729479709800159 -0.051036898481281484 -0.06270418016055565 0.04469969994553339 0.0011796160921117179
leaf_weight=17 15.999999999999998 23.600000381469727 24 17.050000190734863 20.350000023841858 64.850000262260437
leaf_count=17 16 16 24 14 20 61
internal_value=0.00111846 0.00483612 -0.010923 0.00246407 0.00429964 0.00567014
internal_weight=182.85 141.85 41 118.25 101.2 85.2
internal_count=168 127 41 111 97 81
is_linear=0
shrinkage=0.0258836


Tree=90
num_leaves=6
num_cat=0
split_feature=8 5 11 11 5
split_gain=10.1495 2.7178 2.75722 3.62367 2.03276
threshold=73.500000000000014 237.11428571428573 53.000000000000007 37.500000000000007 666.55071428571443
decision_type=2 2 2 2 2
left_child=1 -1 3 4 -3
right_child=-2 2 -4 -5 -6
leaf_value=-0.047634318374776143 0.27127422794703548 0.0036568285377422635 -0.062636789534083109 0.1900842585172112 -0.054610216864952821
leaf_weight=22 19.300000309944153 68.350000023841858 17.400000214576721 22.850000262260437 22
leaf_count=22 13 68 14 19 22
internal_value=0.00244075 0 0.00152753 0.0031182 0.000506115
internal_weight=171.9 152.6 130.6 113.2 90.35
internal_count=158 145 123 109 90
is_linear=0
shrinkage=0.0258836


Tree=91
num_leaves=7
num_cat=0
split_feature=8 2 11 11 2 0
split_gain=10.1495 3.12981 3.22383 2.95423 2.83456 2.73395
threshold=73.500000000000014 12.500000000000002 53.000000000000007 37.500000000000007 28.500000000000004 9.1666666666666696
decision_type=2 2 2 2 2 2
left_child=1 5 3 4 -3 -1
right_child=-2 2 -4 -5 -6 -7
leaf_value=-0.067607198011001637 0.26425266275656023 0.0035621764944484035 -0.061015521253774851 0.18516418548645375 -0.053196705523734976 -0.043242794647307181
leaf_weight=17 19.300000309944153 58.350000023841858 17.400000214576721 22.850000262260437 18 19
leaf_count=17 13 58 14 19 18 19
internal_value=0.00244075 0 0.00214035 0.00405399 0.00124996 -0.006323
internal_weight=171.9 152.6 116.6 99.2 76.35 36
internal_count=158 145 109 95 76 36
is_linear=0
shrinkage=0.0258836


Tree=92
num_leaves=8
num_cat=0
split_feature=6 7 4 7 0 9 9
split_gain=7.09147 2.86174 1.66356 2.6078 2.53311 1.55088 1.8715
threshold=37.500000000000007 60.071428571428577 12.500000000000002 11.500000000000002 30.666666666666668 33.000000000000007 24.500000000000004
decision_type=2 2 2 2 2 2 2
left_child=2 -2 3 -1 5 6 -4
right_child=1 -3 4 -5 -6 -7 -8
leaf_value=-0.026794844264588381 0.2564815387747697 0.044280661955826216 0.039355111983159483 -0.043424210522547524 -0.051395402899459958 0.016103127709151371 -0.0088808669649647586
leaf_weight=21 20.800000309944153 25.700000405311584 25 14.999999999999998 26.050000071525574 16.350000023841858 22
leaf_count=21 16 18 25 15 25 16 22
internal_value=0.00273712 0.0110695 -0.000418197 -0.00498774 0.00136785 0.004236 0.001285
internal_weight=171.9 46.5 125.4 36 89.4 63.35 47
internal_count=158 34 124 36 88 63 47
is_linear=0
shrinkage=0.0258836


Tree=93
num_leaves=8
num_cat=0
split_feature=8 1 0 5 9 9 0
split_gain=7.01505 2.86294 1.95585 1.58293 0.587421 1.99403 1.49086
threshold=73.500000000000014 17.500000000000004 9.1666666666666696 1266.2457142857143 33.000000000000007 24.500000000000004 30.666666666666668
decision_type=2 2 2 2 2 2 2
left_child=1 2 -1 4 5 -3 -6
right_child=-2 3 -4 -5 6 -7 -8
leaf_value=-0.064518086416513923 0.25060252308808761 0.063786431082308095 -0.038758271358733103 -0.064373345255667985 0.017856558819048674 -0.0086509977775585147 0.00080029851296230681
leaf_weight=17 19.300000309944153 15.999999999999998 25 19.750000238418579 17.350000023841858 24 33.500000238418579
leaf_count=17 13 16 25 16 17 24 30
internal_value=0.00204065 0 -0.00547559 0.00225363 0.00376584 0.000890119 0.0056097
internal_weight=171.9 152.6 42 110.6 90.85 40 50.85
internal_count=158 145 42 103 87 40 47
is_linear=0
shrinkage=0.0258836


Tree=94
num_leaves=6
num_cat=0
split_feature=8 5 11 11 4
split_gain=6.69932 2.96132 3.00754 3.22846 2.56821
threshold=73.500000000000014 237.11428571428573 53.000000000000007 37.500000000000007 28.500000000000004
decision_type=2 2 2 2 2
left_child=1 -1 3 4 -3
right_child=-2 2 -4 -5 -6
leaf_value=-0.040560110933434014 0.24411601692022494 0.001855599985701983 -0.056002347879884069 0.1894507995231717 -0.050510195400611989
leaf_weight=22 19.300000309944153 72.350000023841858 17.400000214576721 22.850000262260437 18
leaf_count=22 13 72 14 19 18
internal_value=0.00233702 0.000311666 0.00191568 0.00356458 0.00106204
internal_weight=171.9 152.6 130.6 113.2 90.35
internal_count=158 145 123 109 90
is_linear=0
shrinkage=0.0258836


Tree=95
num_leaves=7
num_cat=0
split_feature=3 7 8 8 8 7
split_gain=7.66063 4.33863 1.60458 2.18447 1.26907 1.39156
threshold=363.59357142857147 11.500000000000002 61.500000000000007 42.500000000000007 32.500000000000007 25.642857142857146
decision_type=2 2 2 2 2 2
left_child=1 -1 3 4 5 -2
right_child=2 -3 -4 -5 -6 -7
leaf_value=-0.023832689793744383 0.010623774923887138 -0.091648145326136937 0.22516204780593205 -0.015980476142587637 0.1327562559345398 -0.063264034651960954
leaf_weight=25 48 19 30.000000476837158 24.450000286102295 18.050000071525574 18
leaf_count=25 48 19 21 20 17 18
internal_value=0.00265038 -0.0063483 0.00567453 0.00383146 0.00581978 0.00356465
internal_weight=182.5 44 138.5 108.5 84.05 66
internal_count=168 44 124 103 83 66
is_linear=0
shrinkage=0.0258836


Tree=96
num_leaves=8
num_cat=0
split_feature=3 0 10 2 11 0 0
split_gain=8.03588 3.32356 1.56429 4.07378 1.69727 1.2598 0.733794
threshold=380.36857142857144 9.1666666666666696 28.500000000000004 31.000000000000004 53.000000000000007 17.500000000000004 27.166666666666668
decision_type=2 2 2 2 2 2 2
left_child=1 -1 5 6 -5 -2 -4
right_child=2 -3 3 4 -6 -7 -8
leaf_value=-0.039039972206186706 0.020789230559021876 -0.03886462198436455 -0.075940714765872289 0.06942711092651857 0.022669976616877571 0.036534995572160833 -0.0023954440266349005
leaf_weight=19 17 27 15.999999999999998 34.450000286102295 38.050000548362732 14.999999999999998 15.999999999999998
leaf_count=19 17 27 16 30 28 15 16
internal_value=0.00181213 -0.00714943 0.00501261 0.0031298 0.00652368 0.0100282 -0.00407267
internal_weight=182.5 46 136.5 104.5 72.5 32 32
internal_count=168 46 122 90 58 32 32
is_linear=0
shrinkage=0.0258836


Tree=97
num_leaves=8
num_cat=0
split_feature=3 8 10 8 6 10 6
split_gain=7.20001 2.79726 2.13659 4.70617 1.46431 1.08094 0.964062
threshold=363.59357142857147 9.5000000000000018 28.500000000000004 53.000000000000007 21.500000000000004 21.500000000000004 26.500000000000004
decision_type=2 2 2 2 2 2 2
left_child=1 -1 5 4 -4 -2 -6
right_child=2 -3 3 -5 6 -7 -8
leaf_value=-0.040625861066956766 0.018657552937092935 -0.06692049797497604 -0.073975092438328657 0.185714750620525 0.00038101525892570505 0.025083566128063603 -0.003025993167123351
leaf_weight=19 18 25 18 38.750000596046448 17 15.999999999999998 30.750000238418579
leaf_count=19 18 25 18 28 17 16 27
internal_value=0.00237096 -0.0063483 0.00530808 0.0031298 -0.000952251 0.0108906 0.0012403
internal_weight=182.5 44 138.5 104.5 65.75 34 47.75
internal_count=168 44 124 90 62 34 44
is_linear=0
shrinkage=0.0258836


Tree=98
num_leaves=8
num_cat=0
split_feature=2 7 8 10 2 2 10
split_gain=7.62353 4.72189 2.0243 4.21152 1.29947 1.6583 0.895754
threshold=12.500000000000002 11.500000000000002 61.500000000000007 28.500000000000004 31.000000000000004 46.500000000000007 21.500000000000004
decision_type=2 2 2 2 2 2 2
left_child=1 -1 3 6 -5 -6 -2
right_child=2 -3 -4 4 5 -7 -8
leaf_value=-0.020479978069508447 0.018174627503173283 -0.07459960207652247 0.21151978806956129 -0.026176839535016653 0.0035594670626794478 -0.017886674250460442 0.031558999688434931
leaf_weight=25 18 20 30.000000476837158 32 21.400000095367432 21.100000262260437 14.999999999999998
leaf_count=25 18 20 21 32 20 17 15
internal_value=0.00209154 -0.00675725 0.0051614 0.00316201 -0.000157711 0.00255627 0.0104714
internal_weight=182.5 45 137.5 107.5 74.5 42.5 33
internal_count=168 45 123 102 69 37 33
is_linear=0
shrinkage=0.0258836


Tree=99
num_leaves=8
num_cat=0
split_feature=3 7 11 1 11 7 7
split_gain=8.53761 4.24874 1.61213 3.18962 1.42859 2.25281 0.65625
threshold=380.36857142857144 11.500000000000002 73.500000000000014 66.500000000000014 23.500000000000004 33.857142857142868 20.928571428571434
decision_type=2 2 2 2 2 2 2
left_child=1 -1 3 4 6 -6 -2
right_child=2 -3 -4 -5 5 -7 -8
leaf_value=-0.0098281172774426096 0.022249114952431155 -0.072668692630653203 -0.043338247599057682 0.22476954715389894 -0.020607830267988916 0.018921408759259736 0.048673033463025893
leaf_weight=26 27 20 17.450000286102295 18.200000286102295 31.350000023841858 27.500000238418579 14.999999999999998
leaf_count=26 27 20 12 13 31 24 15
internal_value=0.00209154 -0.00714943 0.00538431 0.00646368 0.00422674 0.0012269 0.00778821
internal_weight=182.5 46 136.5 119.05 100.85 58.85 42
internal_count=168 46 122 110 97 55 42
is_linear=0
shrinkage=0.0258836


Tree=100
num_leaves=6
num_cat=0
split_feature=5 8 5 9 10
split_gain=6.13591 3.71844 2.71823 1.46888 0.679393
threshold=237.11428571428573 73.500000000000014 1266.2457142857143 20.500000000000004 26.500000000000004
decision_type=2 2 2 2 2
left_child=-1 2 3 -2 -5
right_child=1 -3 -4 4 -6
leaf_value=-0.068095867853992811 -0.015541034546804205 0.21209436225001568 -0.052824016820131832 0.034008941671089976 0.0016858800331342122
leaf_weight=27 24 20.650000333786011 25.400000333786011 24 61.150000214576721
leaf_count=27 24 14 20 24 58
internal_value=0.00157718 0.00364912 0.0018323 0.00368201 0.00527592
internal_weight=182.2 155.2 134.55 109.15 85.15
internal_count=167 140 126 106 82
is_linear=0
shrinkage=0.0258836


Tree=101
num_leaves=7
num_cat=0
split_feature=3 8 8 11 6 2
split_gain=6.86044 3.75154 3.15315 3.10584 0.707475 1.67535
threshold=363.59357142857147 9.5000000000000018 73.500000000000014 53.000000000000007 21.500000000000004 18.500000000000004
decision_type=2 2 2 2 2 2
left_child=1 -1 3 4 5 -2
right_child=2 -3 -4 -5 -6 -7
leaf_value=-0.02395455270025823 -0.011136854070607216 -0.029649005786840491 0.20660458755840169 -0.041331764037337064 0.026424114004204625 -0.066089723042187493
leaf_weight=15.999999999999998 28 27 20.650000333786011 23.050000309944153 42.500000238418579 25
leaf_count=16 28 27 14 18 39 25
internal_value=0.00157718 -0.00705252 0.00442502 0.00250065 0.00462806 0.00207499
internal_weight=182.2 43 139.2 118.55 95.5 53
internal_count=167 43 124 110 92 53
is_linear=0
shrinkage=0.0258836


Tree=102
num_leaves=8
num_cat=0
split_feature=3 7 8 7 0 1 7
split_gain=6.86044 5.34706 3.15315 4.07509 1.25509 3.85864 1.37452
threshold=363.59357142857147 11.500000000000002 73.500000000000014 56.357142857142868 30.666666666666668 54.500000000000007 17.928571428571434
decision_type=2 2 2 2 2 2 2
left_child=1 -1 3 4 6 -6 -2
right_child=2 -3 -4 -5 5 -7 -8
leaf_value=-0.016485345509486136 -0.023154571951531863 -0.072180890472728826 0.20125690823342052 -0.13536714599401534 -0.039587819075593451 0.10172624865572177 0.014292353487177729
leaf_weight=25 26 18 20.650000333786011 18.100000262260437 19.700000047683716 16.750000238418579 38
leaf_count=25 26 18 14 14 19 13 38
internal_value=0.00157718 -0.00705252 0.00442502 0.00250065 0.00464434 0.000343719 0.00677268
internal_weight=182.2 43 139.2 118.55 100.45 36.45 64
internal_count=167 43 124 110 96 32 64
is_linear=0
shrinkage=0.0258836


Tree=103
num_leaves=7
num_cat=0
split_feature=2 0 1 11 6 10
split_gain=4.67735 1.77627 1.25819 3.4247 0.679356 1.66214
threshold=12.500000000000002 9.1666666666666696 84.000000000000014 53.000000000000007 21.500000000000004 28.500000000000004
decision_type=2 2 2 2 2 2
left_child=1 -1 3 4 5 -2
right_child=2 -3 -4 -5 -6 -7
leaf_value=-0.059726920750253126 0.0012068070104389933 -0.022372627967338642 0.11543432724175719 -0.031721111409110665 0.026005668745701559 -0.026953280565428017
leaf_weight=17 35 27 16.600000262260437 25.750000357627869 43.850000262260437 17
leaf_count=17 35 27 11 20 40 17
internal_value=0.00175909 -0.00524144 0.00414427 0.0029284 0.00522841 0.00258547
internal_weight=182.2 44 138.2 121.6 95.85 52
internal_count=167 44 123 112 92 52
is_linear=0
shrinkage=0.0258836


Tree=104
num_leaves=7
num_cat=0
split_feature=3 7 8 3 3 10
split_gain=5.4545 3.94779 1.34801 4.58485 1.11091 2.58144
threshold=363.59357142857147 11.500000000000002 73.500000000000014 1529.1207142857145 1181.4000000000003 31.000000000000004
decision_type=2 2 2 2 2 2
left_child=1 -1 3 4 5 -2
right_child=2 -3 -4 -5 -6 -7
leaf_value=-0.015962992191775143 0.012753086287228257 -0.069733500985197469 0.19754575427419321 -0.059043943120287587 0.099279169167109882 -0.0084723056087518643
leaf_weight=25 47 18 20.650000333786011 26.400000333786011 15.800000190734862 29.350000023841858
leaf_count=25 47 18 14 21 13 29
internal_value=0.00175909 -0.00592148 0.00429739 0.00292735 0.00570491 0.00386714
internal_weight=182.2 43 139.2 118.55 92.15 76.35
internal_count=167 43 124 110 89 76
is_linear=0
shrinkage=0.0258836


Tree=105
num_leaves=7
num_cat=0
split_feature=3 8 1 1 10 1
split_gain=6.74229 1.7609 3.0189 1.31369 4.8702 0.377195
threshold=363.59357142857147 61.500000000000007 44.500000000000007 32.500000000000007 28.500000000000004 14.500000000000002
decision_type=2 2 2 2 2 2
left_child=5 2 3 4 -2 -1
right_child=1 -3 -4 -5 -6 -7
leaf_value=-0.065301176209016071 0.036104272007960354 0.17802986440689494 -0.026573985715398898 0.0172145883822853 -0.065554314051224735 -0.0081869336386849074
leaf_weight=21 40.350000023841858 30.350000500679016 35.150000333786011 24.050000071525574 18 15.999999999999998
leaf_count=21 40 21 30 23 18 16
internal_value=0.00257511 0.00509718 0.0033389 0.00603889 0.00331206 -0.00681485
internal_weight=184.9 147.9 117.55 82.4 58.35 37
internal_count=169 132 111 81 58 37
is_linear=0
shrinkage=0.0258836


Tree=106
num_leaves=8
num_cat=0
split_feature=3 11 2 6 3 7 7
split_gain=7.13728 1.67019 4.58696 3.49178 2.17133 4.20942 1.57201
threshold=363.59357142857147 53.000000000000007 64.500000000000014 36.000000000000007 812.71500000000015 13.000000000000002 11.142857142857144
decision_type=2 2 2 2 2 2 2
left_child=6 3 -3 4 5 -2 -1
right_child=1 2 -4 -5 -6 -7 -8
leaf_value=-0.021171084640774863 -0.04682136576961015 -0.055888859784113475 0.11865625686230598 0.11266854021899826 -0.0023344311185822786 0.034430250263569884 -0.021828743897680979
leaf_weight=19 18 18.400000214576721 22.000000357627869 16.100000262260437 35.400000095367432 38 18
leaf_count=19 18 15 15 12 34 38 18
internal_value=0.00285095 0.00544076 0.000522122 0.00710549 0.00463715 0.00769461 -0.00681485
internal_weight=184.9 147.9 40.4 107.5 91.4 56 37
internal_count=169 132 30 102 90 56 37
is_linear=0
shrinkage=0.0258836


Tree=107
num_leaves=6
num_cat=0
split_feature=4 11 1 1 10
split_gain=9.2359 1.87427 4.36844 2.82143 0.842872
threshold=12.500000000000002 73.500000000000014 63.500000000000007 44.500000000000007 20.500000000000004
decision_type=2 2 2 2 2
left_child=-1 2 3 4 -2
right_child=1 -3 -4 -5 -6
leaf_value=-0.023006972721975872 -0.056589313514655584 -0.038845846737329236 0.18918298280223289 -0.040080375244062091 0.034451706351928922
leaf_weight=39 17 17.450000286102295 22.600000381469727 25.450000166893005 63.400000095367432
leaf_count=39 17 12 16 23 62
internal_value=0.00294749 0.00598403 0.00706582 0.00443728 0.00680654
internal_weight=184.9 145.9 128.45 105.85 80.4
internal_count=169 130 118 102 79
is_linear=0
shrinkage=0.0258836


Tree=108
num_leaves=7
num_cat=0
split_feature=2 8 11 7 7 7
split_gain=6.68889 1.71614 6.88048 1.71461 0.76629 0.685533
threshold=12.500000000000002 61.500000000000007 51.500000000000007 13.000000000000002 11.142857142857144 33.857142857142868
decision_type=2 2 2 2 2 2
left_child=4 2 3 -2 -1 -5
right_child=1 -3 -4 5 -6 -7
leaf_value=-0.02517160342789504 -0.038814085001113968 0.16578386046243099 -0.052340481187896845 0.030418458157653153 -0.020476717893829561 0.16745289213339182
leaf_weight=20 17 30.350000500679016 16.350000143051147 62.050000071525574 19 20.150000214576721
leaf_count=20 17 21 14 61 19 17
internal_value=0.00257511 0.00516575 0.00339534 0.00608468 -0.00648854 0.00760668
internal_weight=184.9 145.9 115.55 99.2 39 82.2
internal_count=169 130 109 95 39 78
is_linear=0
shrinkage=0.0258836


Tree=109
num_leaves=8
num_cat=0
split_feature=7 11 11 0 9 7 9
split_gain=5.62564 4.32857 2.39163 3.15756 3.25604 1.69016 0.913417
threshold=13.000000000000002 10.500000000000002 53.000000000000007 42.000000000000007 29.500000000000004 30.500000000000004 87.500000000000014
decision_type=2 2 2 2 2 2 2
left_child=1 -1 3 4 -2 -6 -4
right_child=2 -3 6 -5 5 -7 -8
leaf_value=-0.0092639030301858629 0.033232958097621841 -0.063103801299292647 -0.031082870527639139 0.17265062776900769 -0.021200664300947331 0.019796207766336015 -0.0055332738744126187
leaf_weight=24 27 21 21.100000262260437 18.100000262260437 30.700000047683716 23.700000047683716 19.300000309944153
leaf_count=24 27 21 17 14 30 23 13
internal_value=0.00192687 -0.00567356 0.0045303 0.00664895 0.00395801 0 -0.000462164
internal_weight=184.9 45 139.9 99.5 81.4 54.4 40.4
internal_count=169 45 124 94 80 53 30
is_linear=0
shrinkage=0.0258836


Tree=110
num_leaves=8
num_cat=0
split_feature=6 5 11 11 8 1 6
split_gain=4.68376 2.4173 2.27076 1.84106 1.75564 1.218 0.685577
threshold=21.500000000000004 1266.2457142857143 37.500000000000007 19.500000000000004 64.500000000000014 13.500000000000002 8.5000000000000018
decision_type=2 2 2 2 2 2 2
left_child=3 2 -2 5 -3 -1 -7
right_child=1 4 -4 -5 -6 6 -8
leaf_value=-0.033350339437157206 -0.00013036383905325945 -0.048513352919984952 0.17777773460923832 -0.071737383532884794 0.08235555176983686 -0.047950746710564977 -0.0015075339744657383
leaf_weight=23 27 18.750000238418579 18.400000214576721 18.350000023841858 22.750000357627869 14.999999999999998 32
leaf_count=23 27 15 15 18 16 15 32
internal_value=-9.02644e-05 0.00403276 0.00799077 -0.00429526 -0.000216807 -0.00194593 0.000244854
internal_weight=175.25 86.9 45.4 88.35 41.5 70 47
internal_count=161 73 42 88 31 70 47
is_linear=0
shrinkage=0.0258836


Tree=111
num_leaves=8
num_cat=0
split_feature=8 5 8 11 7 3 11
split_gain=3.4928 1.74184 1.75564 1.49272 1.39192 2.5742 0.9124
threshold=25.500000000000004 1266.2457142857143 64.500000000000014 37.500000000000007 11.142857142857144 380.36857142857144 19.500000000000004
decision_type=2 2 2 2 2 2 2
left_child=4 3 -3 -2 -1 -6 -7
right_child=1 2 -4 -5 5 6 -8
leaf_value=-0.012612165209022703 0.00019588153144356604 -0.047257650626722124 0.080223890093290215 0.17317619924621983 -0.020395036347775019 0.024767879353960826 -0.053643663142813561
leaf_weight=29 29 18.750000238418579 22.750000357627869 18.400000214576721 20 22 15.350000023841856
leaf_count=29 29 15 16 15 20 22 15
internal_value=-9.02644e-05 0.00338006 -0.000216807 0.00664037 -0.00381078 -0.00607953 -0.00136827
internal_weight=175.25 88.9 41.5 47.4 86.35 57.35 37.35
internal_count=161 75 31 44 86 57 37
is_linear=0
shrinkage=0.0258836


Tree=112
num_leaves=8
num_cat=0
split_feature=6 11 6 10 8 0 0
split_gain=3.70629 1.6458 3.54507 1.64176 2.56063 1.73637 1.58941
threshold=21.500000000000004 56.000000000000007 37.500000000000007 14.500000000000002 12.500000000000002 20.166666666666668 32.500000000000007
decision_type=2 2 2 2 2 2 2
left_child=3 2 6 -1 -5 -6 -2
right_child=1 -3 -4 4 5 -7 -8
leaf_value=0.015298888275781736 0.011841869246911923 -0.026169900165335679 0.11076826417570525 -0.076226904299762643 -0.010732940672059687 -0.042713380316124913 -0.02247508937669284
leaf_weight=17 20 31.6500004529953 18.550000309944153 27 28 16.350000023841858 16.700000047683716
leaf_count=17 20 23 14 27 28 16 16
internal_value=0.000439219 0.00423482 0.00683492 -0.00315901 -0.0049312 -0.000615683 0.00142359
internal_weight=175.25 86.9 55.25 88.35 71.35 44.35 36.7
internal_count=161 73 50 88 71 44 36
is_linear=0
shrinkage=0.0258836


Tree=113
num_leaves=8
num_cat=0
split_feature=6 5 10 10 10 2 1
split_gain=2.95477 1.84407 1.64176 2.31481 2.30277 0.851076 0.655079
threshold=21.500000000000004 1266.2457142857143 14.500000000000002 17.500000000000004 27.500000000000004 32.500000000000007 80.500000000000014
decision_type=2 2 2 2 2 2 2
left_child=2 5 -1 -4 -5 -2 -3
right_child=1 6 3 4 -6 -7 -8
leaf_value=0.014902897317911711 -0.026607098933334739 -0.047838232100127838 -0.051291606390008924 -0.00014940049193986409 -0.077081558873881365 0.095397246645459038 -0.020369894909064011
leaf_weight=17 20 22.450000286102295 24 28.350000023841858 19 25.400000214576721 19.050000309944153
leaf_count=17 20 18 24 28 19 22 13
internal_value=4.66451e-05 0.00345545 -0.00315901 -0.0049312 -0.00109527 0.00691607 -0.000216807
internal_weight=175.25 86.9 88.35 71.35 47.35 45.4 41.5
internal_count=161 73 88 71 47 42 31
is_linear=0
shrinkage=0.0258836


Tree=114
num_leaves=6
num_cat=0
split_feature=8 11 11 5 3
split_gain=3.1977 3.07586 3.79053 1.65201 2.67088
threshold=73.500000000000014 51.500000000000007 37.500000000000007 666.55071428571443 582.57785714285717
decision_type=2 2 2 2 2
left_child=1 2 3 4 -1
right_child=-2 -3 -4 -5 -6
leaf_value=-0.0078142874610593657 0.17354463608631504 -0.13350564045357763 0.1268216771497179 -0.025626248609041821 0.024928665479932346
leaf_weight=71 19.300000309944153 20.750000238418579 20.850000262260437 24 19.350000023841858
leaf_count=71 13 17 17 24 19
internal_value=4.66451e-05 -0.00116125 0.000238409 -0.00157371 0
internal_weight=175.25 155.95 135.2 114.35 90.35
internal_count=161 148 131 114 90
is_linear=0
shrinkage=0.0258836


Tree=115
num_leaves=7
num_cat=0
split_feature=3 7 8 9 8 1
split_gain=3.23373 6.78477 1.51822 4.89391 3.08424 0.519882
threshold=380.36857142857144 11.500000000000002 61.500000000000007 44.500000000000007 18.500000000000004 54.500000000000007
decision_type=2 2 2 2 2 2
left_child=1 -1 3 4 -2 -5
right_child=2 -3 -4 5 -6 -7
leaf_value=0.023307049458199485 -0.017408912999171931 -0.018178224383816149 0.16200653583188299 -0.017952213941498058 0.059382751276932558 -0.018294339976653966
leaf_weight=24 29 18 31.600000500679016 25.350000023841858 37.050000071525574 18.750000238418579
leaf_count=24 29 18 22 25 36 15
internal_value=0.00280608 -0.00316297 0.00469619 0.00293881 0.00734196 -0.00340783
internal_weight=183.75 42 141.75 110.15 66.05 44.1
internal_count=169 42 127 105 65 40
is_linear=0
shrinkage=0.0258836


Tree=116
num_leaves=8
num_cat=0
split_feature=4 7 8 9 8 3 10
split_gain=3.89821 4.47776 1.83491 4.12823 2.73931 0.830393 0.783099
threshold=12.500000000000002 11.500000000000002 61.500000000000007 44.500000000000007 23.500000000000004 582.57785714285717 53.000000000000007
decision_type=2 2 2 2 2 2 2
left_child=1 -1 3 4 5 -2 -5
right_child=2 -3 -4 6 -6 -7 -8
leaf_value=0.022703778117582722 0.028258671886825123 -0.077884815107813948 0.15781321654300198 -0.037415818015150176 0.12009241856941698 -0.016379998204456358 -0.008297516959937223
leaf_weight=23 28 17 31.600000500679016 15.999999999999998 24.050000071525574 15.999999999999998 28.100000262260437
leaf_count=23 28 17 22 16 23 16 24
internal_value=0.00225099 -0.00452126 0.00427877 0.0024372 0.00640364 0.00192085 -0.00340783
internal_weight=183.75 40 143.75 112.15 68.05 44 44.1
internal_count=169 40 129 107 67 44 40
is_linear=0
shrinkage=0.0258836


Tree=117
num_leaves=7
num_cat=0
split_feature=4 11 3 3 7 3
split_gain=3.86082 3.61681 3.11937 3.89385 3.50046 2.83973
threshold=34.500000000000007 56.000000000000007 812.71500000000015 563.44500000000005 11.142857142857144 380.36857142857144
decision_type=2 2 2 2 2 2
left_child=2 -2 3 4 -1 -6
right_child=1 -3 -4 -5 5 -7
leaf_value=-0.0050304839177043982 0.15195917123101019 -0.050319787501071814 -0.018178488267552067 0.042310292936042576 -0.013447529206691471 -0.0095657182307828797
leaf_weight=28 32.500000357627869 33.250000476837158 21 27 20 22
leaf_count=28 27 24 21 27 20 22
internal_value=0.00197345 0.00688302 -0.000743874 0.00115988 -0.00194593 -0.0066319
internal_weight=183.75 65.75 118 97 70 42
internal_count=169 51 118 97 70 42
is_linear=0
shrinkage=0.0258836


Tree=118
num_leaves=8
num_cat=0
split_feature=8 1 5 8 10 5 0
split_gain=3.83988 2.52081 4.1186 2.44711 1.40844 0.81823 0.451312
threshold=61.500000000000007 44.500000000000007 456.34000000000009 23.500000000000004 14.500000000000002 237.11428571428573 30.666666666666668
decision_type=2 2 2 2 2 2 2
left_child=1 2 4 -4 -1 -6 -5
right_child=-2 -3 3 6 5 -7 -8
leaf_value=-0.0060538794510230738 0.15503089503285444 -0.016924302089366863 -0.031214770747375858 0.0016791737949964367 -0.064913158390139933 -0.0014356861851325094 0.06404835173475272
leaf_weight=17 31.600000500679016 29.100000262260437 22 18 14.999999999999998 35 16.050000071525574
leaf_count=17 22 25 22 18 15 35 15
internal_value=0.00187631 2.01847e-05 0.00175291 0.00682997 -0.00240059 -0.00464547 0.0109109
internal_weight=183.75 152.15 123.05 56.05 67 50 34.05
internal_count=169 147 122 55 67 50 33
is_linear=0
shrinkage=0.0258836


Tree=119
num_leaves=8
num_cat=0
split_feature=2 7 8 10 1 10 1
split_gain=3.20005 5.62168 1.55783 3.64819 2.13339 1.78409 0.571017
threshold=12.500000000000002 11.500000000000002 61.500000000000007 44.500000000000007 32.500000000000007 28.500000000000004 54.500000000000007
decision_type=2 2 2 2 2 2 2
left_child=1 -1 3 4 5 -2 -5
right_child=2 -3 -4 6 -6 -7 -8
leaf_value=0.022403025337815574 0.02660664437521713 -0.073019098236899102 0.15101813073803377 -0.02859750055072038 0.1152532685100798 -0.030616025556692895 -0.015865523864132813
leaf_weight=23 38 17 31.600000500679016 18.350000023841858 20.050000071525574 17 18.750000238418579
leaf_count=23 38 17 22 18 19 17 15
internal_value=0.00280608 -0.00331088 0.00463208 0.00288767 0.00616023 0.00289925 -0.00335694
internal_weight=183.75 40 143.75 112.15 75.05 55 37.1
internal_count=169 40 129 107 74 55 33
is_linear=0
shrinkage=0.0258836


Tree=120
num_leaves=7
num_cat=0
split_feature=4 11 6 9 6 9
split_gain=3.17398 1.03271 2.0684 3.99942 1.6038 1.59964
threshold=8.5000000000000018 11.500000000000002 37.500000000000007 53.000000000000007 51.500000000000007 33.000000000000007
decision_type=2 2 2 2 2 2
left_child=-1 -2 3 5 -4 -3
right_child=1 2 4 -5 -6 -7
leaf_value=-0.053980681486473656 0.010653024820443011 -0.00046049061972536481 0.029523485062772595 -0.045572724702756071 -0.11279440164522674 -0.0016275838418579366
leaf_weight=19 22 46 26.450000405311584 15.350000023841856 24.350000381469727 26.050000071525574
leaf_count=19 22 46 20 15 17 25
internal_value=0.00146094 0.00274304 0.00170223 -0.000594437 0.00573573 0.00190991
internal_weight=179.2 160.2 138.2 87.4 50.8 72.05
internal_count=164 145 123 86 37 71
is_linear=0
shrinkage=0.0258836


Tree=121
num_leaves=8
num_cat=0
split_feature=11 2 5 5 10 1 5
split_gain=1.56606 2.0612 3.43936 2.10524 1.55428 1.0276 0.779364
threshold=10.500000000000002 34.500000000000007 1266.2457142857143 666.55071428571443 16.500000000000004 80.500000000000014 411.97857142857146
decision_type=2 2 2 2 2 2 2
left_child=-1 3 -3 4 -2 -4 -6
right_child=1 2 5 -5 6 -7 -8
leaf_value=0.012123305281017389 -0.061334113180578055 0.15038314338221664 -0.0398633273309607 -0.01879708156120799 -0.0025484773345329547 -0.01569786860344341 -0.0031056075348431045
leaf_weight=29 14.999999999999998 25.800000309944153 20.750000238418579 18 22 19.300000309944153 29.350000023841858
leaf_count=29 15 21 17 18 22 13 29
internal_value=0.00164585 0.000435001 0.00385535 -0.00211563 0 -0.000677511 0.00230564
internal_weight=179.2 150.2 65.85 84.35 66.35 40.05 51.35
internal_count=164 135 51 84 66 30 51
is_linear=0
shrinkage=0.0258836


Tree=122
num_leaves=7
num_cat=0
split_feature=5 6 11 11 9 0
split_gain=1.26774 1.01769 2.03628 3.06217 2.23688 2.04594
threshold=237.11428571428573 10.500000000000002 37.500000000000007 53.000000000000007 44.500000000000007 19.500000000000004
decision_type=2 2 2 2 2 2
left_child=-1 -2 4 -4 5 -3
right_child=1 2 3 -5 -6 -7
leaf_value=-0.052327621347787068 0.050566496113644464 -0.031669638065269332 0.14689127157353263 -0.015457190190156339 -0.022044614210087451 0.0053953666843474342
leaf_weight=25 28 18 24.800000309944153 38.050000548362732 15.350000023841856 30
leaf_count=25 28 18 20 28 15 30
internal_value=0.00259887 0.00350747 0.00226201 0.00549107 -0.000830229 0.00176951
internal_weight=179.2 154.2 126.2 62.85 63.35 48
internal_count=164 139 111 48 63 48
is_linear=0
shrinkage=0.0258836


Tree=123
num_leaves=7
num_cat=0
split_feature=6 7 3 3 7 5
split_gain=1.53804 6.75994 1.68812 1.97026 1.65896 1.44904
threshold=37.500000000000007 60.071428571428577 812.71500000000015 380.36857142857144 11.785714285714286 835.98428571428587
decision_type=2 2 2 2 2 2
left_child=2 -2 3 4 -1 -4
right_child=1 -3 5 -5 -6 -7
leaf_value=0.00034951317625067305 0.073838999845536712 -0.022395201080496512 -0.010581125655735211 0.031751196689028899 -0.083924116372804947 -0.056549112999275647
leaf_weight=29 22.400000333786011 28.4000004529953 18.350000023841858 48 15.999999999999998 17.050000071525574
leaf_count=29 17 20 18 48 16 16
internal_value=0.0020299 0.00573573 0.000369167 0.00228941 -0.0013388 -0.00411677
internal_weight=179.2 50.8 128.4 93 45 35.4
internal_count=164 37 127 93 45 34
is_linear=0
shrinkage=0.0258836


Tree=124
num_leaves=6
num_cat=0
split_feature=7 6 9 5 8
split_gain=1.23281 4.12286 5.19738 2.28839 0.544257
threshold=60.071428571428577 37.500000000000007 53.000000000000007 213.41571428571436 19.500000000000004
decision_type=2 2 2 2 2
left_child=1 2 3 -1 -5
right_child=-2 -3 -4 4 -6
leaf_value=-0.048942525902842655 -0.021815531697486668 0.071927777556052772 -0.041612872747370383 0.0049001190490971756 0.0018141080106074108
leaf_weight=20 28.4000004529953 22.400000333786011 15.350000023841856 52 41.050000071525574
leaf_count=20 20 17 15 52 40
internal_value=0.00221482 0.00318062 0.00115849 0.00324515 0.00500301
internal_weight=179.2 150.8 128.4 113.05 93.05
internal_count=164 144 127 112 92
is_linear=0
shrinkage=0.0258836


Tree=125
num_leaves=6
num_cat=0
split_feature=1 11 5 1 10
split_gain=5.44952 2.44839 2.42606 2.9136 1.85571
threshold=13.500000000000002 51.500000000000007 879.04285714285709 28.500000000000004 17.500000000000004
decision_type=2 2 2 2 2
left_child=-1 2 3 4 -2
right_child=1 -3 -4 -5 -6
leaf_value=-0.050410985083034779 -0.064289729022779477 -0.0091765598166682685 0.13790758112312829 -0.0013259883760571238 0.030533966910491331
leaf_weight=21 20 38.450000524520874 22.100000262260437 26 43.350000023841858
leaf_count=21 20 29 18 26 43
internal_value=0.00218653 0.00401316 0.00594198 0.00360238 0.00658481
internal_weight=170.9 149.9 111.45 89.35 63.35
internal_count=157 136 107 89 63
is_linear=0
shrinkage=0.0258836


Tree=126
num_leaves=8
num_cat=0
split_feature=8 11 5 0 5 11 9
split_gain=5.63381 2.56606 2.30632 3.54778 1.88621 0.931437 0.684975
threshold=12.500000000000002 51.500000000000007 879.04285714285709 20.833333333333339 237.11428571428573 16.500000000000004 44.500000000000007
decision_type=2 2 2 2 2 2 2
left_child=4 2 3 5 -1 -2 -5
right_child=1 -3 -4 6 -6 -7 -8
leaf_value=-0.0551032711514131 0.025603553077689897 -0.0089390370211390267 0.13433803056742313 -0.0044831270294195015 -0.035368847409493108 0.0014970565724535185 -0.011305032311780726
leaf_weight=15.999999999999998 25 38.450000524520874 22.100000262260437 19 19 15.999999999999998 15.350000023841856
leaf_count=16 25 29 18 19 19 16 15
internal_value=0.00159037 0.00404501 0.0062555 0.0035853 -0.00717571 0.00855751 -0.00217616
internal_weight=170.9 135.9 97.45 75.35 35 41 34.35
internal_count=157 122 93 75 35 41 34
is_linear=0
shrinkage=0.0258836


Tree=127
num_leaves=8
num_cat=0
split_feature=8 5 0 8 1 5 1
split_gain=4.54813 1.88621 1.85529 3.46461 1.41343 1.00238 0.539116
threshold=12.500000000000002 237.11428571428573 20.833333333333339 61.500000000000007 44.500000000000007 397.22285714285721 33.500000000000007
decision_type=2 2 2 2 2 2 2
left_child=1 -1 5 4 6 -2 -4
right_child=2 -3 3 -5 -6 -7 -8
leaf_value=-0.053676997769211719 0.002238378240517465 -0.034453372800359865 -0.0013820764410124948 0.1678570428896535 -0.010324249708239966 0.02637483674130954 0.004671019034567069
leaf_weight=15.999999999999998 23 19 20.350000023841858 26.050000429153442 32.800000309944153 18 15.700000047683714
leaf_count=16 23 19 20 18 28 18 15
internal_value=0.000696136 -0.00717571 0.00292507 0.000707799 -0.00221209 0.00737478 0.00101403
internal_weight=170.9 35 135.9 94.9 68.85 41 36.05
internal_count=157 35 122 81 63 41 35
is_linear=0
shrinkage=0.0258836


Tree=128
num_leaves=8
num_cat=0
split_feature=10 10 2 7 11 11 1
split_gain=2.94508 2.42116 2.76671 2.39059 1.92445 4.42408 0.665642
threshold=16.500000000000004 26.500000000000004 64.500000000000014 13.000000000000002 48.500000000000007 32.500000000000007 12.500000000000002
decision_type=2 2 2 2 2 2 2
left_child=6 3 4 -2 5 -3 -1
right_child=1 2 -4 -5 -6 -7 -8
leaf_value=-0.04629053554310112 -0.004842220326726706 -0.0037387637340490498 0.17899631622320467 0.02935480085468024 -0.087642126341065218 -0.012631489366306002 -0.062159459876323112
leaf_weight=15.000000000000002 15.999999999999998 36 24.700000405311584 23.350000023841858 19.050000190734863 21.800000190734863 14.999999999999998
leaf_count=15 16 36 17 23 16 19 15
internal_value=0.000994216 0.00264311 0.000327718 0.00787877 -0.00198983 0.000243929 -0.00590098
internal_weight=170.9 140.9 101.55 39.35 76.85 57.8 30
internal_count=157 127 88 39 71 55 30
is_linear=0
shrinkage=0.0258836


Tree=129
num_leaves=8
num_cat=0
split_feature=10 10 10 11 7 3 1
split_gain=3.57046 1.63829 3.67261 7.72666 2.39059 1.57075 0.665642
threshold=16.500000000000004 26.500000000000004 57.000000000000007 56.000000000000007 13.000000000000002 812.71500000000015 12.500000000000002
decision_type=2 2 2 2 2 2 2
left_child=6 4 5 -4 -2 -3 -1
right_child=1 2 3 -5 -6 -7 -8
leaf_value=-0.045092367860613582 -0.0047168860259047323 -0.013787928791364507 0.13367847258741419 -0.022226341148523468 0.028594991677765729 -0.011140294144082753 -0.06055054662632741
leaf_weight=15.000000000000002 15.999999999999998 24 18.450000286102295 30.050000429153442 23.350000023841858 29.050000071525574 14.999999999999998
leaf_count=15 16 24 14 22 23 28 15
internal_value=0.0016947 0.00348987 0.00149388 0.00654838 0.00787877 -0.00297735 -0.00590098
internal_weight=170.9 140.9 101.55 48.5 39.35 53.05 30
internal_count=157 127 88 36 39 52 30
is_linear=0
shrinkage=0.0258836


Tree=130
num_leaves=6
num_cat=0
split_feature=7 7 5 2 5
split_gain=1.45513 1.69422 2.05633 1.9901 2.48422
threshold=73.142857142857153 56.357142857142868 213.41571428571436 14.500000000000002 988.52928571428583
decision_type=2 2 2 2 2
left_child=1 2 -1 -4 -5
right_child=-2 -3 3 4 -6
leaf_value=-0.043925213122316766 0.12314733312706931 -0.057596507854266191 0.0060757815477141151 -0.0030918640691163326 0.2384216950747518
leaf_weight=19 17.950000286102295 19.450000286102295 27 76.700000047683716 21.100000262260437
leaf_count=19 12 15 27 76 17
internal_value=0.00172645 0.000798372 0.00186677 0.00315929 0.00117639
internal_weight=181.2 163.25 143.8 124.8 97.8
internal_count=166 154 139 120 93
is_linear=0
shrinkage=0.0258836


Tree=131
num_leaves=7
num_cat=0
split_feature=1 1 9 10 1 7
split_gain=1.66167 4.6509 1.75742 1.5179 3.42213 1.63169
threshold=59.500000000000007 44.500000000000007 15.500000000000002 26.500000000000004 32.500000000000007 13.000000000000002
decision_type=2 2 2 2 2 2
left_child=1 2 -1 5 -5 -4
right_child=-2 -3 3 4 -6 -7
leaf_value=-0.058667909146324762 0.13061371462435137 -0.049049323838059301 0.0048084032022727386 -0.065723650509563331 0.047450268753332567 0.02856481274449528
leaf_weight=15.999999999999998 42.050000667572021 19.75000011920929 26 29 24.050000071525574 24.350000023841858
leaf_count=16 30 18 26 29 23 24
internal_value=0.00172645 0.000222655 0.00230316 0.00362544 0.000241501 0.0067345
internal_weight=181.2 139.15 119.4 103.4 53.05 50.35
internal_count=166 136 118 102 52 50
is_linear=0
shrinkage=0.0258836


Tree=132
num_leaves=8
num_cat=0
split_feature=8 11 8 3 0 11 5
split_gain=3.25847 3.55749 3.5911 3.53692 2.96989 1.79434 1.59942
threshold=61.500000000000007 48.500000000000007 14.500000000000002 812.71500000000015 19.500000000000004 8.5000000000000018 835.98428571428587
decision_type=2 2 2 2 2 2 2
left_child=1 2 5 4 -4 -1 -5
right_child=-2 -3 3 6 -6 -7 -8
leaf_value=-0.00397684860920539 0.11992254418076177 -0.049668797596045276 0.002347747821681595 -0.014121583440945582 0.035851234886168294 -0.041885533030619988 -0.011853172927195137
leaf_weight=15.999999999999998 30.350000500679016 17.350000143051147 22 18.350000023841858 21 33 23.150000214576721
leaf_count=16 21 15 22 18 21 33 20
internal_value=0.00116366 -0.000357339 0.00105815 0.00432162 0.00931461 -0.00423523 -0.000801491
internal_weight=181.2 150.85 133.5 84.5 43 49 41.5
internal_count=166 145 130 81 43 49 38
is_linear=0
shrinkage=0.0258836


Tree=133
num_leaves=7
num_cat=0
split_feature=8 11 8 11 3 5
split_gain=3.02772 3.77955 1.77626 2.81711 2.80687 1.59942
threshold=61.500000000000007 48.500000000000007 14.500000000000002 10.500000000000002 812.71500000000015 835.98428571428587
decision_type=2 2 2 2 2 2
left_child=1 2 3 -1 -4 -6
right_child=-2 -3 4 -5 5 -7
leaf_value=-0.007070309200243409 0.11681851189525724 -0.048383188185625051 0.022687324211401409 -0.059025057525741005 -0.013756065420771907 -0.011546369634261106
leaf_weight=26 30.350000500679016 17.350000143051147 43 23 18.350000023841858 23.150000214576721
leaf_count=26 21 15 43 23 18 20
internal_value=0.00144506 -2.03554e-05 0.00143803 -0.00223531 0.00372843 -0.000801491
internal_weight=181.2 150.85 133.5 49 84.5 41.5
internal_count=166 145 130 49 81 38
is_linear=0
shrinkage=0.0258836


Tree=134
num_leaves=7
num_cat=0
split_feature=1 1 9 10 1 2
split_gain=1.66167 2.88527 1.55801 2.03881 2.45127 1.57618
threshold=59.500000000000007 44.500000000000007 15.500000000000002 26.500000000000004 32.500000000000007 11.500000000000002
decision_type=2 2 2 2 2 2
left_child=1 2 -1 5 -5 -4
right_child=-2 -3 3 4 -6 -7
leaf_value=-0.056863429262286956 0.12846208298619483 -0.043647677458981342 0.0032978087291522036 -0.059346986942473715 0.047056670010039825 -0.0065994660932926644
leaf_weight=15.999999999999998 42.050000667572021 19.75000011920929 15.999999999999998 29 24.050000071525574 34.350000023841858
leaf_count=16 30 18 16 29 23 34
internal_value=0.00172645 0.000222655 0.00187943 0.00313785 -0.000195131 0.0067345
internal_weight=181.2 139.15 119.4 103.4 53.05 50.35
internal_count=166 136 118 102 52 50
is_linear=0
shrinkage=0.0258836


Tree=135
num_leaves=8
num_cat=0
split_feature=8 3 8 8 10 10 5
split_gain=2.21727 1.42181 3.84722 3.20326 2.99208 1.8107 1.31337
threshold=8.5000000000000018 812.71500000000015 21.500000000000004 56.000000000000007 19.500000000000004 44.500000000000007 252.55500000000001
decision_type=2 2 2 2 2 2 2
left_child=-1 2 4 5 6 -3 -2
right_child=1 3 -4 -5 -6 -7 -8
leaf_value=-0.041233130615369762 0.011036329282447058 -0.0036988485832861653 0.056589592966405776 0.12160761134667956 -0.0099758451603079393 -0.022070002682028727 -0.048304584592518025
leaf_weight=14.999999999999998 15.000000000000002 22.050000071525574 19 32.350000500679016 33 29.050000190734863 14.999999999999998
leaf_count=15 15 21 19 23 33 26 15
internal_value=0.00200899 0.00295747 0.00533457 0.000366495 0.00175949 -0.00344549 0.00748072
internal_weight=180.45 165.45 82 83.45 63 51.1 30
internal_count=167 152 82 70 63 47 30
is_linear=0
shrinkage=0.0258836


Tree=136
num_leaves=7
num_cat=0
split_feature=8 9 8 9 0 4
split_gain=1.9319 1.67376 2.04127 2.56737 5.07314 1.87449
threshold=8.5000000000000018 19.500000000000004 56.000000000000007 44.500000000000007 19.500000000000004 32.500000000000007
decision_type=2 2 2 2 2 2
left_child=-1 -2 3 4 -3 -5
right_child=1 2 -4 5 -6 -7
leaf_value=-0.040165866995031572 0.0098936754890120333 -0.016657388787811429 0.11845996338472357 -0.0026574541509086749 0.031628814225631234 -0.031766704127859632
leaf_weight=14.999999999999998 23 33 32.350000500679016 14.999999999999998 38.050000071525574 24.050000190734863
leaf_count=15 23 33 23 15 37 21
internal_value=0.00144391 0.002342 0.00110879 -0.000497818 0.00228642 -0.00570711
internal_weight=180.45 165.45 142.45 110.1 71.05 39.05
internal_count=167 152 129 106 70 36
is_linear=0
shrinkage=0.0258836


Tree=137
num_leaves=6
num_cat=0
split_feature=5 3 1 3 0
split_gain=1.29206 2.23926 1.02628 2.02983 2.6105
threshold=1520.2671428571432 1441.5278571428576 37.500000000000007 812.71500000000015 19.500000000000004
decision_type=2 2 2 2 2
left_child=1 2 3 4 -1
right_child=-2 -3 -4 -5 -6
leaf_value=-0.0054549111932602305 0.12467533325839969 -0.051527951698910016 0.037744709017626783 -0.019105731607482111 0.030706961416260802
leaf_weight=72 28.6500004529953 18.050000190734863 24.75000011920929 15.999999999999998 21
leaf_count=72 20 15 23 16 21
internal_value=0.00116136 7.88401e-05 0.00136904 0.00010903 0.00174887
internal_weight=180.45 151.8 133.75 109 93
internal_count=167 147 132 109 93
is_linear=0
shrinkage=0.0258836


Tree=138
num_leaves=7
num_cat=0
split_feature=11 8 5 8 1 7
split_gain=2.16735 3.31535 2.60937 1.3966 3.956 1.09321
threshold=10.500000000000002 16.500000000000004 261.56428571428575 56.000000000000007 44.500000000000007 21.857142857142861
decision_type=2 2 2 2 2 2
left_child=-1 2 -2 4 5 -3
right_child=1 3 -4 -5 -6 -7
leaf_value=0.006586558632004069 -0.009093708575001325 -0.0029674962193356816 -0.061296684081885516 0.11216673623813843 -0.02873371019060943 0.0059461366427094979
leaf_weight=30 14.999999999999998 19 19 32.350000500679016 24.050000190734863 41.050000071525574
leaf_count=30 15 19 19 23 21 40
internal_value=0.00144391 3.73018e-05 -0.00666692 0.00221903 0.000229671 0.00392288
internal_weight=180.45 150.45 34 116.45 84.1 60.05
internal_count=167 137 34 103 80 59
is_linear=0
shrinkage=0.0258836


Tree=139
num_leaves=6
num_cat=0
split_feature=8 9 8 1 8
split_gain=1.9319 1.67376 2.04127 2.82129 2.4282
threshold=8.5000000000000018 19.500000000000004 56.000000000000007 44.500000000000007 21.500000000000004
decision_type=2 2 2 2 2
left_child=-1 -2 3 4 -3
right_child=1 2 -4 -5 -6
leaf_value=-0.039155519202880372 0.0094053687527445185 -0.009585510355906008 0.10926345251428721 -0.027989977102529227 0.011043297225256246
leaf_weight=14.999999999999998 23 41 32.350000500679016 24.050000190734863 45.050000071525574
leaf_count=15 23 41 23 21 44
internal_value=0.00144391 0.002342 0.00110879 -0.000497818 0.00160887
internal_weight=180.45 165.45 142.45 110.1 86.05
internal_count=167 152 129 106 85
is_linear=0
shrinkage=0.0258836


Tree=140
num_leaves=8
num_cat=0
split_feature=8 1 1 2 1 2 0
split_gain=1.87155 2.07368 1.82026 1.81548 1.64196 1.49261 1.3843
threshold=14.500000000000002 28.500000000000004 59.500000000000007 14.500000000000002 44.500000000000007 9.5000000000000018 18.166666666666668
decision_type=2 2 2 2 2 2 2
left_child=3 6 4 5 -3 -1 -2
right_child=1 2 -4 -5 -6 -7 -8
leaf_value=-0.039318306483628898 -0.0037608842902830402 -0.019439672956735075 0.11245719283479953 -0.060521500435306845 -0.036189845099298408 0.0054902139185016453 0.025028676352865844
leaf_weight=18 18 28.050000071525574 35.550000548362732 14.999999999999998 20.100000143051147 19 16.350000023841858
leaf_count=18 18 27 26 15 18 19 16
internal_value=0.00127619 0.00311085 0.000649807 -0.00258547 -0.00239971 0.000306423 0.00824273
internal_weight=170.05 118.05 83.7 52 48.15 37 34.35
internal_count=157 105 71 52 45 37 34
is_linear=0
shrinkage=0.0258836


Tree=141
num_leaves=7
num_cat=0
split_feature=8 11 11 6 10 10
split_gain=2.16504 2.99002 2.3701 2.24394 2.52988 0.736417
threshold=14.500000000000002 10.500000000000002 53.000000000000007 37.500000000000007 28.500000000000004 37.500000000000007
decision_type=2 2 2 2 2 2
left_child=1 -1 3 4 -2 -6
right_child=2 -3 -4 -5 5 -7
leaf_value=-0.00089162652801573743 0.0040129363833193328 -0.056146423625742639 -0.041462442495341111 0.017595780286889854 -0.019940758782594572 -0.027231548570593296
leaf_weight=26 29.350000023841858 26 30.200000405311584 16.100000262260437 15.999999999999998 26.400000095367432
leaf_count=26 29 26 23 12 16 25
internal_value=0.00157573 -0.00258547 0.00353932 0.00568998 0.00320276 -0.000613611
internal_weight=170.05 52 118.05 87.85 71.75 42.4
internal_count=157 52 105 82 70 41
is_linear=0
shrinkage=0.0258836


Tree=142
num_leaves=6
num_cat=0
split_feature=1 1 9 1 5
split_gain=0.844755 2.788 2.11672 2.24702 0.569613
threshold=59.500000000000007 44.500000000000007 40.500000000000007 28.500000000000004 397.22285714285721
decision_type=2 2 2 2 2
left_child=1 2 3 4 -1
right_child=-2 -3 -4 -5 -6
leaf_value=-0.00025665283751251963 0.10909094814616903 -0.033940495248086094 0.11523226250017024 -0.073413319751188963 0.028399075223583477
leaf_weight=58 35.550000548362732 20.100000143051147 18.400000095367432 15.999999999999998 22
leaf_count=58 26 18 17 16 22
internal_value=0.00157573 0.000484754 0.00218054 0.000385442 0.00233627
internal_weight=170.05 134.5 114.4 96 80
internal_count=157 131 113 96 80
is_linear=0
shrinkage=0.0258836


Tree=143
num_leaves=8
num_cat=0
split_feature=8 7 5 7 7 6 2
split_gain=1.58675 2.47403 2.59804 2.66648 1.97634 1.86844 3.77877
threshold=19.500000000000004 17.928571428571434 267.12714285714293 9.7857142857142865 60.071428571428577 37.500000000000007 28.500000000000004
decision_type=2 2 2 2 2 2 2
left_child=1 2 3 -1 5 6 -2
right_child=4 -3 -4 -5 -6 -7 -8
leaf_value=-0.037807192244067485 0.0011303040579649659 -0.063906177972471875 -0.032101447572370177 0.0067413395974708209 -0.066275704246983314 0.10140802637386591 -0.025698588754260118
leaf_weight=15.000000000000002 27.350000023841858 14.999999999999998 27 15.999999999999998 23.850000381469727 20.450000286102295 25.400000095367432
leaf_count=15 27 15 27 16 17 16 24
internal_value=0.00187528 -0.000844055 0.00147833 0.00649272 0.00402462 0.00612286 0.0029002
internal_weight=170.05 73 58 31 97.05 73.2 52.75
internal_count=157 73 58 31 84 67 51
is_linear=0
shrinkage=0.0258836


Tree=144
num_leaves=8
num_cat=0
split_feature=11 0 11 4 11 11 1
split_gain=1.18755 2.68356 1.93977 1.16935 1.01983 3.71585 0.978791
threshold=10.500000000000002 18.166666666666668 53.000000000000007 11.500000000000002 37.500000000000007 23.500000000000004 12.500000000000002
decision_type=2 2 2 2 2 2 2
left_child=6 3 4 -2 5 -3 -1
right_child=1 2 -4 -5 -6 -7 -8
leaf_value=-0.0071037889460601215 -0.015505744907860343 -0.011071425569953159 -0.036989242886765999 -0.033103809813526279 0.072991848167997198 -0.0088274779583445966 -0.016290800144627582
leaf_weight=17 15.999999999999998 17 30.200000405311584 18 26.150000333786011 29.700000047683716 15.999999999999998
leaf_count=17 16 17 23 18 21 29 16
internal_value=0.00187528 0.000651779 0.00281801 -0.00525903 0.00510722 0.00218227 0.00612968
internal_weight=170.05 137.05 103.05 34 72.85 46.7 33
internal_count=157 124 90 34 67 46 33
is_linear=0
shrinkage=0.0258836


Tree=145
num_leaves=8
num_cat=0
split_feature=8 6 8 3 3 3 0
split_gain=1.86753 3.75079 1.75129 2.39609 0.60189 0.400029 0.39678
threshold=53.000000000000007 33.500000000000007 14.500000000000002 798.04000000000019 319.64142857142866 957.03500000000008 19.500000000000004
decision_type=2 2 2 2 2 2 2
left_child=1 2 4 6 -1 -5 -4
right_child=-2 -3 3 5 -6 -7 -8
leaf_value=-0.04613291377109003 0.10083024707208563 -0.030856402443233504 -0.0091436941912359394 -0.011114601107103219 -0.030413697987893673 -0.0017491776179198843 0.049578585678491674
leaf_weight=25 39.100000619888306 16.450000166893005 20 15.000000000000002 21 15.700000047683714 18
leaf_count=25 28 14 20 15 21 15 18
internal_value=0.00158887 0 0.00180039 0.00440783 -0.00184208 -0.000596107 0.00855233
internal_weight=170.25 131.15 114.7 68.7 46 30.7 38
internal_count=156 128 114 68 46 30 38
is_linear=0
shrinkage=0.0258836


Tree=146
num_leaves=8
num_cat=0
split_feature=8 9 8 9 9 0 6
split_gain=2.09933 3.62621 2.23661 0.917035 0.936184 0.724909 0.543191
threshold=53.000000000000007 44.500000000000007 12.500000000000002 24.500000000000004 33.000000000000007 10.500000000000002 33.500000000000007
decision_type=2 2 2 2 2 2 2
left_child=1 2 5 -4 -5 -1 -3
right_child=-2 6 3 4 -6 -7 -8
leaf_value=-0.0063361350016250071 0.098220392983305066 -0.0019872959563828371 0.03152657398517663 -0.013684994400098007 0.045511351481136976 -0.047972091945246417 -0.030057726347319912
leaf_weight=21 39.100000619888306 19.350000023841858 19 23 15.350000023841856 17 16.450000166893005
leaf_count=21 28 19 19 23 15 17 14
internal_value=0.00128967 -0.000216628 0.00232691 0.00551983 0.0024051 -0.00220354 -0.00702688
internal_weight=170.25 131.15 95.35 57.35 38.35 38 35.8
internal_count=156 128 95 57 38 38 33
is_linear=0
shrinkage=0.0258836


Tree=147
num_leaves=7
num_cat=0
split_feature=2 9 10 9 3 0
split_gain=1.10621 1.67954 1.78642 1.52347 0.552217 0.482354
threshold=64.500000000000014 44.500000000000007 54.500000000000007 17.500000000000004 812.71500000000015 9.8333333333333339
decision_type=2 2 2 2 2 2
left_child=1 3 -3 5 -5 -1
right_child=-2 2 -4 4 -6 -7
leaf_value=-0.0066831439137492775 0.090891702895413706 -0.0074584817403451284 -0.010485448112697658 0.024295296022550154 -0.0060523760705133113 -0.058738053246201148
leaf_weight=17 26.050000429153442 18 30.850000381469727 46 16.350000023841858 15.999999999999998
leaf_count=17 18 18 25 46 16 16
internal_value=0.00128967 0.000259033 -0.00342017 0.00232691 0.00469853 -0.00178794
internal_weight=170.25 144.2 48.85 95.35 62.35 33
internal_count=156 138 43 95 62 33
is_linear=0
shrinkage=0.0258836


Tree=148
num_leaves=7
num_cat=0
split_feature=8 11 8 3 9 6
split_gain=1.86753 3.93379 2.4719 1.53195 1.37977 1.11442
threshold=53.000000000000007 34.500000000000007 14.500000000000002 547.84714285714301 17.500000000000004 21.500000000000004
decision_type=2 2 2 2 2 2
left_child=1 2 4 -4 -1 -5
right_child=-2 -3 3 5 -6 -7
leaf_value=-0.035113658232996892 0.095949493017783674 -0.030174122620130039 0.010819618365574282 -0.01671229825121405 -0.00040393324594461817 -0.010401343259754843
leaf_weight=29 39.100000619888306 26.800000190734863 18 18 17 22.350000023841858
leaf_count=29 28 24 18 18 17 22
internal_value=0.00158887 0 0.00237304 0.00585301 -0.00184208 0.00229355
internal_weight=170.25 131.15 104.35 58.35 46 40.35
internal_count=156 128 104 58 46 40
is_linear=0
shrinkage=0.0258836


Tree=149
num_leaves=8
num_cat=0
split_feature=11 10 3 9 9 10 2
split_gain=1.33496 4.05 3.04791 2.23473 1.94661 0.609831 0.482354
threshold=53.000000000000007 53.000000000000007 812.71500000000015 17.500000000000004 87.500000000000014 29.500000000000004 9.5000000000000018
decision_type=2 2 2 2 2 2 2
left_child=1 2 3 6 -2 -5 -1
right_child=4 -3 -4 5 -6 -7 -8
leaf_value=-0.044203981333497858 -0.034740754225297307 0.040860434695086968 -0.024681289880346471 0.026615122965487844 -0.025582885750819604 -0.015348553376223104 -0.036377695792585645
leaf_weight=17 20.850000262260437 20.750000238418579 24.350000023841858 37 19.300000309944153 14.999999999999998 15.999999999999998
leaf_count=17 17 17 24 37 13 15 16
internal_value=0.00158887 0.00289691 0.000651206 0.00308789 -0.00224393 0.00636621 -0.00178794
internal_weight=170.25 130.1 109.35 85 40.15 52 33
internal_count=156 126 109 85 30 52 33
is_linear=0
shrinkage=0.0258836


Tree=150
num_leaves=6
num_cat=0
split_feature=2 3 1 3 7
split_gain=2.74462 2.38295 2.38363 1.72112 1.72577
threshold=64.500000000000014 1529.1207142857145 39.000000000000007 812.71500000000015 20.928571428571434
decision_type=2 2 2 2 2
left_child=1 2 3 4 -1
right_child=-2 -3 -4 -5 -6
leaf_value=-0.0017829561788478355 0.10548812477186353 -0.051826967063159007 -0.0062160111441614489 -0.01950469290141733 0.025448116609375727
leaf_weight=70 24.350000381469727 19.400000214576721 27.850000262260437 15.350000023841856 20
leaf_count=70 17 16 24 15 20
internal_value=0.000291042 -0.000961383 0.000241916 -0.00146531 0
internal_weight=176.95 152.6 133.2 105.35 90
internal_count=162 145 129 105 90
is_linear=0
shrinkage=0.0258836


Tree=151
num_leaves=6
num_cat=0
split_feature=4 3 0 11 6
split_gain=2.74462 2.38295 2.86477 1.26999 0.785918
threshold=64.500000000000014 1529.1207142857145 35.333333333333336 9.5000000000000018 17.000000000000004
decision_type=2 2 2 2 2
left_child=1 2 3 -1 -5
right_child=-2 -3 -4 4 -6
leaf_value=0.0018671826354626009 0.10275770784095156 -0.050485496365361628 -0.0086836771022523081 -0.0061948666285931648 -0.0045404868447391578
leaf_weight=22 24.350000381469727 19.400000214576721 21.850000262260437 55 34.350000023841858
leaf_count=22 17 16 18 55 34
internal_value=0.000291042 -0.000961383 0.000241916 -0.00138827 -0.00284374
internal_weight=176.95 152.6 133.2 111.35 89.35
internal_count=162 145 129 111 89
is_linear=0
shrinkage=0.0258836


Tree=152
num_leaves=8
num_cat=0
split_feature=8 5 0 9 9 5 2
split_gain=2.6788 1.75991 1.69424 1.91447 1.46977 1.32304 3.08825
threshold=31.000000000000004 666.55071428571443 20.166666666666668 19.500000000000004 15.500000000000002 1076.382142857143 64.500000000000014
decision_type=2 2 2 2 2 2 2
left_child=1 2 3 4 -1 -2 -7
right_child=5 -3 -4 -5 -6 6 -8
leaf_value=-0.032749796074094444 0.073117074274553093 -0.049490755958850871 0.0062908668981266035 -0.011370315482159195 0.0050294231303831495 -0.038262585114314782 0.10009796404630725
leaf_weight=17 21.450000166893005 14.999999999999998 17.350000023841858 36 20 25.800000309944153 24.350000381469727
leaf_count=17 19 15 17 36 20 21 17
internal_value=0.000579087 -0.00194411 -0.000311542 -0.0022105 0.00160811 0.00440997 0.00157534
internal_weight=176.95 105.35 90.35 73 37 71.6 50.15
internal_count=162 105 90 73 37 57 38
is_linear=0
shrinkage=0.0258836


Tree=153
num_leaves=8
num_cat=0
split_feature=6 7 9 7 9 6 7
split_gain=2.47569 2.13721 1.21186 1.47687 1.46977 0.508553 0.466514
threshold=21.500000000000004 60.071428571428577 19.500000000000004 20.928571428571434 15.500000000000002 13.500000000000002 32.785714285714292
decision_type=2 2 2 2 2 2 2
left_child=2 6 4 5 -1 -4 -2
right_child=1 -3 3 -5 -6 -7 -8
leaf_value=-0.031902112053945185 -0.00037801986553409763 -0.048207167076171176 -0.053198670978084964 -0.0095549846805570871 0.0048992433390785311 -0.021055694367335915 -0.000901470608656035
leaf_weight=17 20.700000047683716 27.050000429153442 19 19.350000023841858 20 15.999999999999998 37.850000381469727
leaf_count=17 20 19 19 19 20 16 32
internal_value=0.00115518 0.00429712 -0.00168327 -0.00413309 0.00160811 -0.00717571 0.00701584
internal_weight=176.95 85.6 91.35 54.35 37 35 58.55
internal_count=162 71 91 54 37 35 52
is_linear=0
shrinkage=0.0258836


Tree=154
num_leaves=6
num_cat=0
split_feature=2 11 11 11 0
split_gain=1.63125 2.96675 3.28022 1.48237 1.27763
threshold=64.500000000000014 53.000000000000007 37.500000000000007 10.500000000000002 19.500000000000004
decision_type=2 2 2 2 2
left_child=1 2 3 -1 -5
right_child=-2 -3 -4 4 -6
leaf_value=0.0054258221010532433 0.097417023034019321 -0.028092106768657924 0.043611078895664741 -0.021216761381419223 0.00034983563002138836
leaf_weight=29 24.350000381469727 18.400000214576721 19.850000262260437 40 45.350000023841858
leaf_count=29 17 15 16 40 45
internal_value=0.00201931 0.000861427 0.00231886 0.000402403 -0.00121042
internal_weight=176.95 152.6 134.2 114.35 85.35
internal_count=162 145 130 114 85
is_linear=0
shrinkage=0.0258836


Tree=155
num_leaves=8
num_cat=0
split_feature=7 6 5 7 9 7 5
split_gain=1.68905 2.83273 4.66158 0.85688 1.80449 0.711792 0.516617
threshold=60.071428571428577 21.500000000000004 411.97857142857146 9.7857142857142865 19.500000000000004 21.357142857142858 805.28000000000009
decision_type=2 2 2 2 2 2 2
left_child=1 2 3 -1 -5 -4 -3
right_child=-2 6 5 4 -6 -7 -8
leaf_value=-0.038103651067599657 -0.053954651366345488 0.022287097794703538 -0.0013575061807695387 0.013612188147863677 -0.0017194024659319392 -0.043995260953362952 0.042548415127182451
leaf_weight=17 24.100000381469727 18 19 14.999999999999998 26 15.350000023841856 38.100000381469727
leaf_count=17 17 18 19 15 26 15 32
internal_value=0.0041812 0.00522413 0.00212818 0.00658951 0.00855751 -0.00496539 0.00974803
internal_weight=172.55 148.45 92.35 58 41 34.35 56.1
internal_count=159 142 92 58 41 34 50
is_linear=0
shrinkage=0.0258836


Tree=156
num_leaves=7
num_cat=0
split_feature=5 6 10 7 5 5
split_gain=1.32932 1.78249 3.52167 1.33477 0.817544 0.705395
threshold=1266.2457142857143 21.500000000000004 19.500000000000004 9.3571428571428594 805.28000000000009 411.97857142857146
decision_type=2 2 2 2 2 2
left_child=1 2 3 -1 -3 -4
right_child=-2 4 5 -5 -6 -7
leaf_value=-0.037117389777719549 -0.0092048698722210342 0.021710226518518186 -0.00023810269992061389 0.0055824432412801559 -0.0038898662012129743 -0.0072782059315516581
leaf_weight=14.999999999999998 36.100000500679016 18 18 28 27.100000262260437 30.350000023841858
leaf_count=15 27 18 18 28 23 30
internal_value=0.00428455 0.00543273 0.00297581 0.00818357 0.00966298 -0.00158018
internal_weight=172.55 136.45 91.35 43 45.1 48.35
internal_count=159 132 91 43 41 48
is_linear=0
shrinkage=0.0258836


Tree=157
num_leaves=8
num_cat=0
split_feature=6 8 5 8 5 3 1
split_gain=1.58038 3.17744 1.75359 0.975445 2.50192 0.729232 0.895754
threshold=10.500000000000002 19.500000000000004 1266.2457142857143 34.500000000000007 685.31142857142868 233.50285714285718 14.500000000000002
decision_type=2 2 2 2 2 2 2
left_child=5 -2 3 4 -3 -1 -7
right_child=1 2 -4 -5 -6 6 -8
leaf_value=0.0039626022375175481 -0.034223225515764177 0.0063998497719489284 -0.00896661430932893 0.076050831422332404 -0.0048060842644949394 0.010136723550958928 -0.00920316418017267
leaf_weight=15.999999999999998 22 23.350000023841858 36.100000500679016 25.100000262260437 17 14.999999999999998 18
leaf_count=16 22 23 27 21 17 15 18
internal_value=0.00428455 0.00246314 0.00447131 0.00691329 0.0034941 0.00823506 0.0104714
internal_weight=172.55 123.55 101.55 65.45 40.35 49 33
internal_count=159 110 88 61 40 49 33
is_linear=0
shrinkage=0.0258836


Tree=158
num_leaves=8
num_cat=0
split_feature=0 6 8 6 3 3 3
split_gain=1.82078 4.46165 3.93621 3.80333 1.67293 0.729232 0.484501
threshold=30.666666666666668 19.500000000000004 53.000000000000007 10.500000000000002 534.93428571428592 233.50285714285718 1441.5278571428576
decision_type=2 2 2 2 2 2 2
left_child=1 3 6 5 -5 -1 -2
right_child=2 -3 -4 4 -6 -7 -8
leaf_value=0.0038600356570309968 -0.019164560548713148 0.036603262200598237 0.08639914922079979 -0.0054304439515937527 -0.035377720533541233 0.012865536710582434 -0.010257063000921126
leaf_weight=15.999999999999998 21.700000047683716 15.350000023841856 31.100000500679016 14.999999999999998 23 33 17.400000214576721
leaf_count=16 21 15 22 15 23 33 14
internal_value=0.0041812 0.00635788 0.000699084 0.00359577 -0.00220354 0.00823506 -0.00443299
internal_weight=172.55 102.35 70.2 87 38 49 39.1
internal_count=159 102 57 87 38 49 35
is_linear=0
shrinkage=0.0258836


Tree=159
num_leaves=6
num_cat=0
split_feature=11 0 2 0 11
split_gain=2.12656 0.769434 3.62866 0.86147 1.86392
threshold=51.500000000000007 35.333333333333336 28.500000000000004 22.666666666666668 10.500000000000002
decision_type=2 2 2 2 2
left_child=1 2 3 4 -1
right_child=-2 -3 -4 -5 -6
leaf_value=0.00089257072398403546 -0.00069266936719996383 0.065023791481196899 -0.021270386339181203 0.024085001938405327 2.1919827835741847e-07
leaf_weight=30 35.750000476837158 21.450000286102295 14.999999999999998 20.350000023841858 50
leaf_count=30 27 17 15 20 50
internal_value=0.00388593 0.00535419 0.00412422 0.00597918 0.00421259
internal_weight=172.55 136.8 115.35 100.35 80
internal_count=159 132 115 100 80
is_linear=0
shrinkage=0.0258836


Tree=160
num_leaves=7
num_cat=0
split_feature=2 2 11 7 9 2
split_gain=3.66706 1.41236 1.19137 3.59014 0.771487 0.472399
threshold=46.500000000000007 64.500000000000014 10.500000000000002 20.928571428571434 51.000000000000007 11.500000000000002
decision_type=2 2 2 2 2 2
left_child=2 -2 -1 5 -5 -4
right_child=1 -3 3 4 -6 -7
leaf_value=0.0051311570824746217 -0.032379563078692233 -0.069505824623190771 -0.013877726070913711 0.0291284738757559 -0.0040778778558074272 -0.017182367358386543
leaf_weight=31 24.800000309944153 22.500000357627869 19 35.050000071525574 18.050000071525574 25
leaf_count=31 20 16 19 34 17 25
internal_value=0.00277052 -0.00308664 0.00505745 0.00325804 0.00767706 -0.00192085
internal_weight=175.4 47.3 128.1 97.1 53.1 44
internal_count=162 36 126 95 51 44
is_linear=0
shrinkage=0.0258836


Tree=161
num_leaves=7
num_cat=0
split_feature=3 11 11 2 1 11
split_gain=3.72573 1.71642 2.28713 1.59749 1.56134 2.00877
threshold=1441.5278571428576 32.500000000000007 23.500000000000004 64.500000000000014 21.500000000000004 12.500000000000002
decision_type=2 2 2 2 2 2
left_child=1 2 4 -2 5 -1
right_child=3 -3 -4 -5 -6 -7
leaf_value=0.0049983440459033593 -0.048452006796532082 0.01215748340966338 -0.0011051867433882351 -0.067706760692927637 0.028103136479518967 -0.022074464101430814
leaf_weight=39 22.100000262260437 21.450000166893005 24.350000023841858 22.500000357627869 21 25
leaf_count=39 18 19 24 16 21 25
internal_value=0.00287221 0.00509087 0.0034215 -0.00326257 0.00544713 0.00289611
internal_weight=175.4 130.8 109.35 44.6 85 64
internal_count=162 128 109 34 85 64
is_linear=0
shrinkage=0.0258836


Tree=162
num_leaves=8
num_cat=0
split_feature=3 8 11 2 8 11 11
split_gain=2.5492 2.18736 4.90592 0.960391 0.688554 0.457271 2.96479
threshold=1441.5278571428576 19.500000000000004 12.500000000000002 64.500000000000014 15.500000000000002 23.500000000000004 32.500000000000007
decision_type=2 2 2 2 2 2 2
left_child=1 2 -1 -2 -4 -3 -7
right_child=3 5 4 -5 -6 6 -8
leaf_value=0.016070995186055516 -0.047197892364409848 0.009851162309823646 -0.041324940050176208 -0.065954263090633736 -0.012416417138988526 -0.0010765804846032628 0.01184280345293081
leaf_weight=39 22.100000262260437 15.999999999999998 17 22.500000357627869 19 18.350000023841858 21.450000166893005
leaf_count=39 18 16 17 16 19 18 19
internal_value=0.00287221 0.0047033 0.001488 -0.00216973 -0.00498774 0.00851636 0.00563696
internal_weight=175.4 130.8 75 44.6 36 55.8 39.8
internal_count=162 128 75 34 36 53 37
is_linear=0
shrinkage=0.0258836


Tree=163
num_leaves=7
num_cat=0
split_feature=7 6 11 0 7 6
split_gain=1.85217 1.77977 2.15877 1.55904 2.81848 0.669054
threshold=60.071428571428577 37.500000000000007 12.500000000000002 20.166666666666668 25.642857142857146 13.500000000000002
decision_type=2 2 2 2 2 2
left_child=1 2 -1 5 -5 -4
right_child=-2 -3 3 4 -6 -7
leaf_value=0.015655019288792118 -0.066297861293660415 0.081012124890608814 -0.054666697345795219 0.031286623309977418 -0.0010302230288615766 -0.00059283962498483218
leaf_weight=41 27.9000004529953 19.450000286102295 18 19.350000023841858 31.700000047683716 18
leaf_count=41 20 15 18 19 31 18
internal_value=0.00287221 0.00406003 0.0026752 0.000150084 0.00313608 -0.00365248
internal_weight=175.4 147.5 128.05 87.05 51.05 36
internal_count=162 142 127 86 50 36
is_linear=0
shrinkage=0.0258836


Tree=164
num_leaves=7
num_cat=0
split_feature=3 11 11 1 11 3
split_gain=3.72573 1.71642 2.28713 1.56134 2.00877 1.47936
threshold=1441.5278571428576 32.500000000000007 23.500000000000004 21.500000000000004 12.500000000000002 1865.5028571428577
decision_type=2 2 2 2 2 2
left_child=1 2 3 4 -1 -2
right_child=5 -3 -4 -5 -6 -7
leaf_value=0.0040477838714875897 -0.063935777531748395 0.014376644595719159 -0.0010220487352172781 0.025610167842315366 -0.017944540169614404 -0.078638793265956367
leaf_weight=39 18.750000238418579 21.450000166893005 24.350000023841858 21 25 25.850000381469727
leaf_count=39 15 19 24 21 25 19
internal_value=0.00287221 0.00509087 0.0034215 0.00544713 0.00289611 -0.00326257
internal_weight=175.4 130.8 109.35 85 64 44.6
internal_count=162 128 109 85 64 34
is_linear=0
shrinkage=0.0258836


Tree=165
num_leaves=7
num_cat=0
split_feature=10 4 1 11 5 0
split_gain=2.63154 3.40311 1.89776 4.39692 1.63454 1.61366
threshold=19.500000000000004 21.500000000000004 84.000000000000014 51.500000000000007 261.56428571428575 35.333333333333336
decision_type=2 2 2 2 2 2
left_child=4 -2 3 5 -1 -3
right_child=1 2 -4 -5 -6 -7
leaf_value=0.020349483424237171 -0.052037556089954744 -0.0025943480707355661 0.050313248133617601 -0.075060476841818422 -0.0047788150496096598 0.078055281912752628
leaf_weight=26 26 36.350000023841858 18.200000286102295 23.200000286102295 15.999999999999998 19.850000262260437
leaf_count=26 26 36 12 19 16 16
internal_value=0.00122536 -0.000608497 0.00153977 -0.000116806 0.0066319 0.00363033
internal_weight=165.6 123.6 97.6 79.4 42 56.2
internal_count=151 109 83 71 42 52
is_linear=0
shrinkage=0.0258836


Tree=166
num_leaves=7
num_cat=0
split_feature=10 9 5 2 5 10
split_gain=2.08794 2.66137 1.63454 1.31919 3.26161 1.03376
threshold=19.500000000000004 75.500000000000014 261.56428571428575 21.500000000000004 666.55071428571443 57.000000000000007
decision_type=2 2 2 2 2 2
left_child=2 3 -1 -2 -5 -6
right_child=1 -3 -4 4 5 -7
leaf_value=0.019822764666111443 -0.050690634581030763 -0.0080685482571422936 -0.0046551219083260272 -0.00304451691968113 -0.017875682945334852 -0.0050024739757577241
leaf_weight=26 26 30.350000500679016 15.999999999999998 17.350000023841858 27.700000047683716 22.200000286102295
leaf_count=26 26 21 16 17 27 18
internal_value=0.00184029 0 0.0066319 -0.00208127 0 -0.00347485
internal_weight=165.6 123.6 42 93.25 67.25 49.9
internal_count=151 109 42 88 62 45
is_linear=0
shrinkage=0.0258836


Tree=167
num_leaves=6
num_cat=0
split_feature=1 11 3 0 0
split_gain=1.5393 4.49432 1.42521 2.05617 1.04126
threshold=84.000000000000014 53.000000000000007 1181.4000000000003 30.666666666666668 9.1666666666666696
decision_type=2 2 2 2 2
left_child=1 2 3 4 -1
right_child=-2 -3 -4 -5 -6
leaf_value=0.022905776175888751 0.04921980141595645 -0.082103065011262633 0.074957083829464172 -0.0196804719368407 0.00079965575482060665
leaf_weight=17 18.200000286102295 19.850000262260437 19.500000238418579 18.700000047683716 72.350000023841858
leaf_count=17 12 16 16 18 72
internal_value=0.00184029 0.000787838 0.00270532 0.00128947 0.00304042
internal_weight=165.6 147.4 127.55 108.05 89.35
internal_count=151 139 123 107 89
is_linear=0
shrinkage=0.0258836


Tree=168
num_leaves=7
num_cat=0
split_feature=1 11 10 11 1 11
split_gain=1.70482 4.20205 3.02902 2.00513 1.01254 0.896539
threshold=84.000000000000014 53.000000000000007 57.000000000000007 25.500000000000004 20.500000000000004 32.500000000000007
decision_type=2 2 2 2 2 2
left_child=1 2 3 4 -1 -5
right_child=-2 -3 -4 5 -6 -7
leaf_value=0.0020605610916639644 0.047945813662236339 -0.079977938611762112 0.044407870272269424 -0.044947801794026777 0.00094185989139471571 -0.0071677270558029972
leaf_weight=54 18.200000286102295 19.850000262260437 14.150000214576719 17.350000023841858 24 18.050000071525574
leaf_count=54 12 16 11 17 24 17
internal_value=0.00153282 0.000443112 0.00230809 0.000639643 0.00303505 -0.00411677
internal_weight=165.6 147.4 127.55 113.4 78 35.4
internal_count=151 139 123 112 78 34
is_linear=0
shrinkage=0.0258836


Tree=169
num_leaves=7
num_cat=0
split_feature=1 1 8 6 5 7
split_gain=1.45256 3.08759 1.649 2.27908 1.52308 0.873108
threshold=63.500000000000007 44.500000000000007 19.500000000000004 10.500000000000002 666.55071428571443 11.785714285714286
decision_type=2 2 2 2 2 2
left_child=1 2 3 5 -4 -1
right_child=-2 -3 4 -5 -6 -7
leaf_value=0.018663459554711499 -0.017867276740423099 -0.041933695581405958 0.021006104604053215 -0.036797803832112744 -0.0033963346611476735 -0.0048212954503100295
leaf_weight=30 38.450000643730164 22.100000143051147 18.350000023841858 18 21.700000047683716 17
leaf_count=30 27 20 18 18 21 17
internal_value=0.00256282 0.00104013 0.0030058 0.00017982 0.00696414 0.00336528
internal_weight=165.6 127.15 105.05 65 40.05 47
internal_count=151 124 104 65 39 47
is_linear=0
shrinkage=0.0258836


Tree=170
num_leaves=8
num_cat=0
split_feature=8 10 8 10 0 11 2
split_gain=3.52484 2.37565 3.86121 2.87379 3.75186 1.70429 0.580717
threshold=14.500000000000002 28.500000000000004 61.500000000000007 44.500000000000007 27.166666666666668 9.5000000000000018 48.500000000000007
decision_type=2 2 2 2 2 2 2
left_child=5 -2 3 4 -3 -1 -5
right_child=1 2 -4 6 -6 -7 -8
leaf_value=-0.0029609045268008637 0.0019507052678843018 -0.012956432947596429 0.072402911546636653 -0.012547025838393022 0.066957944219727519 -0.032772753189844982 -0.040153072481825113
leaf_weight=17 32.350000023841858 14.999999999999998 25.700000405311584 17.050000071525574 18.700000047683716 28 17.800000190734863
leaf_count=17 32 15 18 16 18 28 15
internal_value=0.00348404 0.00569631 0.00323369 0 0.00508938 -0.00242249 -0.00510581
internal_weight=171.6 126.6 94.25 68.55 33.7 45 34.85
internal_count=159 114 82 64 33 45 31
is_linear=0
shrinkage=0.0258836


Tree=171
num_leaves=8
num_cat=0
split_feature=8 10 8 10 0 1 3
split_gain=3.2258 4.06299 2.86241 1.86561 1.84151 1.36321 1.27077
threshold=61.500000000000007 44.500000000000007 14.500000000000002 28.500000000000004 27.166666666666668 54.500000000000007 286.84285714285716
decision_type=2 2 2 2 2 2 2
left_child=1 2 6 -4 -5 -3 -1
right_child=-2 5 3 4 -6 -7 -8
leaf_value=-0.0338284672698074 0.070528860453570277 -0.036887499300408785 0.0019002139097132435 -0.012621073266486817 0.06522482871547533 -0.012021770492575553 -0.00033076225570272024
leaf_weight=14.999999999999998 25.700000405311584 16.350000023841858 32.350000023841858 14.999999999999998 18.700000047683716 19.500000238418579 29
leaf_count=15 18 16 32 15 18 16 29
internal_value=0.00318716 0.00149219 0.00401972 0.00734196 0.00225043 -0.00564382 -0.000813991
internal_weight=171.6 145.9 110.05 66.05 33.7 35.85 44
internal_count=159 141 109 65 33 32 44
is_linear=0
shrinkage=0.0258836


Tree=172
num_leaves=8
num_cat=0
split_feature=8 2 8 9 9 2 0
split_gain=2.97684 2.17647 2.96089 2.611 1.64473 1.06308 1.40241
threshold=14.500000000000002 18.500000000000004 61.500000000000007 44.500000000000007 33.000000000000007 9.5000000000000018 11.833333333333334
decision_type=2 2 2 2 2 2 2
left_child=5 -2 3 4 -3 -1 -7
right_child=1 2 -4 -5 -6 6 -8
leaf_value=-0.032952863309835261 -0.0010684130074676936 -0.014311970736944497 0.068703316629402419 -0.010729001373366505 0.06353657255369688 0.0041215200353018743 -0.043420803958434305
leaf_weight=14.999999999999998 24 21 25.700000405311584 41.200000286102295 14.700000047683714 15.000000000000002 14.999999999999998
leaf_count=15 24 21 18 37 14 15 15
internal_value=0.00407781 0.00609646 0.004046 0.00116011 0.00617045 -0.0013388 0.00116175
internal_weight=171.6 126.6 102.6 76.9 35.7 45 30
internal_count=159 114 90 72 35 45 30
is_linear=0
shrinkage=0.0258836


Tree=173
num_leaves=8
num_cat=0
split_feature=8 2 8 9 9 11 3
split_gain=2.97684 2.17647 2.96089 2.611 1.64473 1.31744 0.802805
threshold=14.500000000000002 18.500000000000004 61.500000000000007 44.500000000000007 33.000000000000007 10.500000000000002 1328.3378571428575
decision_type=2 2 2 2 2 2 2
left_child=5 -2 3 4 -3 -1 -5
right_child=1 2 -4 6 -6 -7 -8
leaf_value=-0.0018240753859872444 -0.0010407585869241754 -0.01394152480002619 0.066925024529316396 -0.0037106518844969029 0.061892014611199545 -0.039549664538920198 -0.042773281708910822
leaf_weight=23 24 21 25.700000405311584 22.400000095367432 14.700000047683714 22 18.800000190734863
leaf_count=23 24 21 18 21 14 22 16
internal_value=0.00407781 0.00609646 0.004046 0.00116011 0.00617045 -0.0013388 -0.00298505
internal_weight=171.6 126.6 102.6 76.9 35.7 45 41.2
internal_count=159 114 90 72 35 45 37
is_linear=0
shrinkage=0.0258836


Tree=174
num_leaves=8
num_cat=0
split_feature=8 10 8 1 3 4 4
split_gain=2.24151 4.12418 3.13518 2.16564 1.75402 0.762352 0.629256
threshold=61.500000000000007 44.500000000000007 14.500000000000002 54.500000000000007 286.84285714285716 18.500000000000004 25.500000000000004
decision_type=2 2 2 2 2 2 2
left_child=1 2 4 -3 -1 -4 -7
right_child=-2 3 5 -5 -6 6 -8
leaf_value=-0.032052709454358959 0.06519276110656895 -0.035735905186567947 -0.0010138199635210542 -0.010325769301449432 -0.0014851892590096035 -0.010022914262903393 0.021677849463108717
leaf_weight=14.999999999999998 25.700000405311584 16.350000023841858 24 19.500000238418579 29 19.350000023841858 22.700000047683716
leaf_count=15 18 16 24 16 29 19 22
internal_value=0.00437469 0.00288501 0.00539627 -0.00430337 0 0.0088464 0.00549836
internal_weight=171.6 145.9 110.05 35.85 44 66.05 42.05
internal_count=159 141 109 32 44 65 41
is_linear=0
shrinkage=0.0258836


Tree=175
num_leaves=7
num_cat=0
split_feature=10 1 9 9 6 3
split_gain=2.58307 5.97906 4.05843 1.41008 2.15658 0.621327
threshold=29.500000000000004 63.500000000000007 16.500000000000004 57.000000000000007 24.500000000000004 476.77714285714291
decision_type=2 2 2 2 2 2
left_child=2 3 -1 4 -2 -4
right_child=1 -3 5 -5 -6 -7
leaf_value=-0.011831505151120266 -0.038230596113032644 0.086329535238153204 0.027091063406654695 -0.035182470644380209 0.001212834937802664 0.026843836316405977
leaf_weight=26 20 37.350000619888306 23 16.400000095367432 25.400000095367432 30.350000023841858
leaf_count=26 20 26 23 15 24 30
internal_value=0.00499352 0.00193539 0.00845379 -0.00283444 -3.80492e-05 0.0123704
internal_weight=178.5 99.15 79.35 61.8 45.4 53.35
internal_count=164 85 79 59 44 53
is_linear=0
shrinkage=0.0258836


Tree=176
num_leaves=7
num_cat=0
split_feature=1 10 10 1 10 3
split_gain=1.83815 5.14553 3.88821 1.751 2.93074 0.744751
threshold=63.500000000000007 28.500000000000004 17.500000000000004 44.500000000000007 40.500000000000007 309.84214285714285
decision_type=2 2 2 2 2 2
left_child=1 2 5 4 -3 -1
right_child=-2 3 -4 -5 -6 -7
leaf_value=0.0052336241282392544 0.084095012393408594 -0.0099172121847914841 0.035910566580372644 -0.034792404861217166 0.030192831507909728 -0.00029434390811273597
leaf_weight=23 37.350000619888306 31 34.350000023841858 21.75000011920929 15.050000071525572 15.999999999999998
leaf_count=23 26 31 34 20 14 16
internal_value=0.00470793 0.00309713 0.00775998 -0.00185988 0.00080632 0.00153111
internal_weight=178.5 141.15 73.35 67.8 46.05 39
internal_count=164 138 73 65 45 39
is_linear=0
shrinkage=0.0258836


Tree=177
num_leaves=8
num_cat=0
split_feature=1 1 7 9 11 1 4
split_gain=2.35891 4.64472 2.50865 1.35895 2.34752 0.458061 2.31378
threshold=63.500000000000007 28.500000000000004 9.3571428571428594 57.000000000000007 28.500000000000004 21.500000000000004 14.500000000000002
decision_type=2 2 2 2 2 2 2
left_child=1 2 -1 4 -3 6 -4
right_child=-2 3 5 -5 -6 -7 -8
leaf_value=-0.048069254329666772 0.081918327139587091 -0.018999797267273501 0.01663847533456762 -0.033371265968667886 0.0025850380986697399 0.024342698685076773 -0.046639791445748015
leaf_weight=15.999999999999998 37.350000619888306 18 29 16.400000095367432 23.400000095367432 19.350000023841858 19
leaf_count=16 26 18 29 15 22 19 19
internal_value=0.00413677 0.00237774 0.0062578 -0.00302163 -4.1495e-05 0.00842399 0.00584813
internal_weight=178.5 141.15 83.35 57.8 41.4 67.35 48
internal_count=164 138 83 55 40 67 48
is_linear=0
shrinkage=0.0258836


Tree=178
num_leaves=8
num_cat=0
split_feature=10 8 5 11 11 6 5
split_gain=1.75678 3.06121 2.29591 4.2234 2.09092 3.51706 1.3643
threshold=29.500000000000004 64.500000000000014 1210.9100000000001 32.500000000000007 18.500000000000004 10.500000000000002 237.11428571428573
decision_type=2 2 2 2 2 2 2
left_child=4 2 3 -2 5 6 -1
right_child=1 -3 -4 -5 -6 -7 -8
leaf_value=-0.00067795736044274756 -0.012507816727384033 0.079942495400083025 -0.031945768916795486 -0.028257672408515372 0.040339516878890848 -0.010834322344249131 0.057795221508433303
leaf_weight=23 28 23.600000381469727 20.750000238418579 26.800000190734863 15.350000023841856 18 23
leaf_count=23 28 16 17 24 15 18 23
internal_value=0.0043224 0.00175762 -0.000700902 0.00192019 0.00719301 0.00444674 0.0082109
internal_weight=178.5 99.15 75.55 54.8 79.35 64 46
internal_count=164 85 69 52 79 64 46
is_linear=0
shrinkage=0.0258836


Tree=179
num_leaves=6
num_cat=0
split_feature=1 1 2 7 10
split_gain=1.53273 4.10801 1.41869 3.89986 2.81317
threshold=63.500000000000007 44.500000000000007 28.500000000000004 23.642857142857149 26.500000000000004
decision_type=2 2 2 2 2
left_child=1 2 3 4 -1
right_child=-2 -3 -4 -5 -6
leaf_value=0.01059783403412441 0.07772877944149828 -0.03212245226071845 -0.0089572215609878877 0.029540617851356178 -0.048828732424383979
leaf_weight=66 37.350000619888306 21.75000011920929 20.050000071525574 16.350000023841858 17
leaf_count=66 26 20 19 16 17
internal_value=0.00346565 0.00201804 0.0039981 0.00527733 0.00255633
internal_weight=178.5 141.15 119.4 99.35 83
internal_count=164 138 118 99 83
is_linear=0
shrinkage=0.0258836


Tree=180
num_leaves=8
num_cat=0
split_feature=0 7 7 6 5 7 5
split_gain=0.800578 4.19559 1.3523 1.52796 2.84113 1.13495 2.35644
threshold=20.166666666666668 18.071428571428573 60.071428571428577 37.500000000000007 666.55071428571443 13.000000000000002 267.12714285714293
decision_type=2 2 2 2 2 2 2
left_child=1 5 3 4 -2 6 -1
right_child=2 -3 -4 -5 -6 -7 -8
leaf_value=0.021713193582343551 0.024165470150846018 -0.01071501403864092 -0.031887275040197047 0.18013168580252262 -0.0045641037961515057 0.021889541054038966 -0.0048526623175657565
leaf_weight=24 23.350000023841858 14.999999999999998 29.750000476837158 18.350000262260437 33.050000071525574 15.999999999999998 20
leaf_count=24 23 15 21 14 32 16 20
internal_value=0.00387266 0.001488 0.00537385 0.00718577 0.00431798 0.00473011 0.00192085
internal_weight=179.5 75 104.5 74.75 56.4 60 44
internal_count=165 75 90 69 55 60 44
is_linear=0
shrinkage=0.0258836


Tree=181
num_leaves=7
num_cat=0
split_feature=7 11 9 1 10 5
split_gain=0.909251 3.59984 2.61305 0.848687 3.21585 0.798381
threshold=45.000000000000007 56.000000000000007 44.500000000000007 32.500000000000007 28.500000000000004 267.12714285714293
decision_type=2 2 2 2 2 2
left_child=2 -2 3 4 5 -1
right_child=1 -3 -4 -5 -6 -7
leaf_value=0.021151177037736148 0.056532090447203254 -0.033756633354989109 -0.0023213496500072671 0.064918865417903274 -0.043346124659159685 -0.0030311901070748013
leaf_weight=28 19.100000262260437 30.6500004529953 20.700000047683716 17.050000071525574 18 46
leaf_count=28 15 22 20 16 18 46
internal_value=0.00302062 0.00602289 0.00166428 0.00336124 0.00204044 0.00454183
internal_weight=179.5 49.75 129.75 109.05 92 74
internal_count=165 37 128 108 92 74
is_linear=0
shrinkage=0.0258836


Tree=182
num_leaves=8
num_cat=0
split_feature=9 8 5 5 10 5 10
split_gain=0.682436 2.95198 1.9131 1.28473 0.914606 1.65199 0.69549
threshold=27.500000000000004 31.000000000000004 1266.2457142857143 879.04285714285709 17.500000000000004 261.56428571428575 29.500000000000004
decision_type=2 2 2 2 2 2 2
left_child=4 6 3 -3 5 -1 -2
right_child=1 2 -4 -5 -6 -7 -8
leaf_value=0.020728096931161 -0.0009185033301682985 -0.0048507021964821649 -0.020754512049334581 0.053322896029453448 0.034218441857067766 -0.018508126248061266 -0.007957494404526335
leaf_weight=23 18.350000023841858 15.999999999999998 38.050000548362732 18.100000262260437 24 17 25
leaf_count=23 18 16 28 14 24 17 25
internal_value=0.00302062 0.00159124 0.00480945 0.00903576 0.00522205 0.0021005 -0.00343519
internal_weight=179.5 115.5 72.15 34.1 64 40 43.35
internal_count=165 101 58 30 64 40 43
is_linear=0
shrinkage=0.0258836


Tree=183
num_leaves=8
num_cat=0
split_feature=8 9 7 5 6 5 6
split_gain=1.11201 2.07688 1.71357 1.349 1.22273 0.944423 0.695365
threshold=31.000000000000004 24.500000000000004 60.071428571428577 267.12714285714293 37.500000000000007 397.22285714285721 17.000000000000004
decision_type=2 2 2 2 2 2 2
left_child=1 3 4 -1 -2 -5 -3
right_child=2 6 -4 5 -6 -7 -8
leaf_value=0.017550939371144946 -0.029673917773647033 -0.0010284561491453296 -0.028482557725512749 -0.005190597701130532 0.17271823450746127 0.031886009523677872 -0.0028982170818698159
leaf_weight=26 24.050000071525574 22 29.750000476837158 17 18.350000262260437 15.999999999999998 26.350000023841858
leaf_count=26 23 22 21 17 14 16 26
internal_value=0.00302062 0.00113313 0.00550042 0.00438765 0.0086934 0.000340689 -0.00259285
internal_weight=179.5 107.35 72.15 59 42.4 33 48.35
internal_count=165 107 58 59 37 33 48
is_linear=0
shrinkage=0.0258836


Tree=184
num_leaves=7
num_cat=0
split_feature=10 0 2 1 10 9
split_gain=1.3805 4.73988 1.37484 1.41096 0.767606 0.350428
threshold=19.500000000000004 20.166666666666668 28.500000000000004 59.500000000000007 44.500000000000007 16.500000000000004
decision_type=2 2 2 2 2 2
left_child=5 -2 -3 4 -4 -1
right_child=1 2 3 -5 -6 -7
leaf_value=0.0069740509679536138 -0.0043124247609773242 -0.0042681317960197663 -0.0040120179506475681 0.060927991276755793 -0.010718879000442679 0.015442169472342348
leaf_weight=24 29 27.350000023841858 20.050000071525574 40.700000643730164 16.400000095367432 22
leaf_count=24 29 27 19 29 15 22
internal_value=0.00330463 0.00176094 0.00440867 0.00224145 -0.00113568 0.00714943
internal_weight=179.5 133.5 104.5 77.15 36.45 46
internal_count=165 119 90 63 34 46
is_linear=0
shrinkage=0.0258836


Tree=185
num_leaves=7
num_cat=0
split_feature=8 11 3 0 0 11
split_gain=7.15676 1.71559 1.1574 0.906687 0.420689 3.79396
threshold=18.500000000000004 53.000000000000007 325.55285714285725 14.833333333333334 25.166666666666668 32.500000000000007
decision_type=2 2 2 2 2 2
left_child=2 4 -1 -4 -2 -6
right_child=1 -3 3 -5 5 -7
leaf_value=-0.0032331645174821446 0.016010348168812548 -0.0047026537603857398 -0.044884540909705617 -0.0025111554158204889 -0.010673051596633445 0.066471008576683532
leaf_weight=29 22.350000023841858 37.050000548362732 15.000000000000002 15.999999999999998 19.350000023841858 33.150000333786011
leaf_count=29 22 27 15 16 19 28
internal_value=0.00221847 0.00608796 -0.00473011 -0.00802568 0.00831031 0.00588713
internal_weight=171.9 111.9 60 31 74.85 52.5
internal_count=156 96 60 31 69 47
is_linear=0
shrinkage=0.0258836


Tree=186
num_leaves=6
num_cat=0
split_feature=6 1 5 5 8
split_gain=4.9534 1.49294 1.10908 0.858257 0.408553
threshold=15.000000000000002 16.500000000000004 237.11428571428573 1266.2457142857143 31.000000000000004
decision_type=2 2 2 2 2
left_child=1 2 -1 4 -2
right_child=3 -3 -4 -5 -6
leaf_value=-0.030691297320158732 -0.01147974065368961 -0.0045997533597583844 -0.0013753894038971649 0.07378518655966694 0.04570753106236615
leaf_weight=18 34.350000023841858 25 20 40.750000596046448 33.800000309944153
leaf_count=18 34 25 20 30 29
internal_value=0.00221847 -0.0033337 0 0.00555615 0.00738004
internal_weight=171.9 63 38 108.9 68.15
internal_count=156 63 38 93 63
is_linear=0
shrinkage=0.0258836


Tree=187
num_leaves=8
num_cat=0
split_feature=6 10 7 7 9 0 7
split_gain=4.9534 1.40934 2.18943 2.82701 2.07645 1.22717 1.42631
threshold=15.000000000000002 31.000000000000004 46.285714285714292 60.071428571428577 44.500000000000007 9.8333333333333339 14.857142857142859
decision_type=2 2 2 2 2 2 2
left_child=5 -2 4 -4 -3 -1 -7
right_child=1 2 3 -5 -6 6 -8
leaf_value=-0.0083427332153580922 0.030554979913855262 0.038692562370292803 0.084185463277737502 -0.023668157393295277 -0.012120902356871703 -0.034090432224372413 -0.00032001741497739432
leaf_weight=15.999999999999998 18.350000023841858 19.050000071525574 19.700000286102295 28.4000004529953 23.400000095367432 22 25
leaf_count=16 18 18 15 20 22 22 25
internal_value=0.00221847 0.00555615 0.00377795 0.00741399 -0.000240872 -0.0033337 -0.00544556
internal_weight=171.9 108.9 90.55 48.1 42.45 63 47
internal_count=156 93 75 35 40 63 47
is_linear=0
shrinkage=0.0258836


Tree=188
num_leaves=8
num_cat=0
split_feature=0 5 6 3 8 0 9
split_gain=3.91025 1.96378 2.88039 2.71341 3.35492 1.08137 1.6619
threshold=20.166666666666668 666.55071428571443 48.500000000000007 1441.5278571428576 31.000000000000004 9.8333333333333339 20.500000000000004
decision_type=2 2 2 2 2 2 2
left_child=5 -2 3 4 -3 -1 -7
right_child=1 2 -4 -5 -6 6 -8
leaf_value=-0.0081267928896526422 0.028684678411640921 -0.010561492179529886 0.11031800382377357 -0.0378347349773685 0.053360473051604483 -0.033208047657115811 -0.00031173419854964096
leaf_weight=15.999999999999998 18.350000023841858 15.999999999999998 30.600000500679016 18.150000214576721 19.800000190734863 22 31
leaf_count=16 18 16 21 15 17 22 31
internal_value=0.00152199 0.00472037 0.00264435 -0.000785283 0.00306743 -0.003055 -0.0048597
internal_weight=171.9 102.9 84.55 53.95 35.8 69 53
internal_count=156 87 69 48 33 69 53
is_linear=0
shrinkage=0.0258836


Tree=189
num_leaves=7
num_cat=0
split_feature=0 9 2 10 7 7
split_gain=3.86845 1.17815 1.51235 0.817274 4.47825 2.82701
threshold=20.166666666666668 23.500000000000004 11.500000000000002 44.500000000000007 46.285714285714292 60.071428571428577
decision_type=2 2 2 2 2 2
left_child=1 2 -1 -2 -5 -6
right_child=3 -3 -4 4 5 -7
leaf_value=-0.00033304804100234097 0.041382083158910947 -0.0024217431856960133 -0.03906976384437099 -0.016754127615996057 0.078781160792914612 -0.026238586260328326
leaf_weight=27 35.400000095367432 21 21 19.400000095367432 19.700000286102295 28.4000004529953
leaf_count=27 34 21 21 18 15 20
internal_value=0.00221847 -0.0023337 0 0.00538173 0.00315704 0.00741399
internal_weight=171.9 69 48 102.9 67.5 48.1
internal_count=156 69 48 87 53 35
is_linear=0
shrinkage=0.0258836


Tree=190
num_leaves=7
num_cat=0
split_feature=2 10 6 6 6 5
split_gain=4.50952 3.12637 2.11049 1.48772 0.876802 0.740041
threshold=61.500000000000007 28.500000000000004 21.500000000000004 10.500000000000002 26.500000000000004 242.19285714285718
decision_type=2 2 2 2 2 2
left_child=1 3 -3 5 -4 -1
right_child=-2 2 4 -5 -6 -7
leaf_value=-0.010816366106453253 0.11496669007741676 -0.035961992558433381 -0.0085531763293966792 -0.00026778847482901875 -0.0026777214749347921 0.029819880194381643
leaf_weight=22 21.650000333786011 20 17 28.350000023841858 34.150000333786011 24
leaf_count=22 15 20 17 28 29 24
internal_value=0.00137413 -0.000256762 -0.00413918 0.00329616 -0.000874067 0.00608796
internal_weight=167.15 145.5 71.15 74.35 51.15 46
internal_count=155 140 66 74 46 46
is_linear=0
shrinkage=0.0258836


Tree=191
num_leaves=6
num_cat=0
split_feature=4 7 1 9 3
split_gain=4.50952 3.16326 1.17146 3.22797 3.00801
threshold=61.500000000000007 11.500000000000002 54.500000000000007 44.500000000000007 563.44500000000005
decision_type=2 2 2 2 2
left_child=1 -1 3 4 -3
right_child=-2 2 -4 -5 -6
leaf_value=0.0076130735883422323 0.11199093334880703 -0.0069327417026538666 -0.051528044739537877 -0.016259905691091182 0.023688906963854939
leaf_weight=29 21.650000333786011 37 19.100000262260437 25.050000071525574 35.350000023841858
leaf_count=29 15 37 15 24 35
internal_value=0.00137413 -0.000256762 -0.00227236 -0.00348084 -0.000386193
internal_weight=167.15 145.5 116.5 97.4 72.35
internal_count=155 140 111 96 72
is_linear=0
shrinkage=0.0258836


Tree=192
num_leaves=8
num_cat=0
split_feature=4 10 8 11 1 7 7
split_gain=3.72725 3.85965 1.90229 2.4862 1.71839 2.14377 2.3974
threshold=61.500000000000007 26.500000000000004 16.500000000000004 9.5000000000000018 54.500000000000007 32.785714285714292 21.857142857142861
decision_type=2 2 2 2 2 2 2
left_child=1 2 3 -1 5 6 -3
right_child=-2 4 -4 -5 -6 -7 -8
leaf_value=0.024804067242355884 0.10909220004412924 -0.098245881595966644 0.023075751759998681 -0.011388981437836681 -0.050194311240360584 -0.03956999069633145 -0.00037269710693469928
leaf_weight=18 21.650000333786011 14.999999999999998 15.350000023841856 33 19.100000262260437 15.700000047683714 29.350000023841858
leaf_count=18 15 15 15 33 15 15 29
internal_value=0.0022881 0.000605905 0.00517558 0.00215217 -0.00310303 -0.00528259 -0.00171432
internal_weight=167.15 145.5 66.35 51 79.15 60.05 44.35
internal_count=155 140 66 51 74 59 44
is_linear=0
shrinkage=0.0258836


Tree=193
num_leaves=7
num_cat=0
split_feature=2 0 8 6 7 3
split_gain=3.72725 2.55021 3.56024 1.24843 0.967974 1.87928
threshold=61.500000000000007 30.000000000000004 21.500000000000004 36.000000000000007 11.500000000000002 380.36857142857144
decision_type=2 2 2 2 2 2
left_child=1 2 4 -3 -1 -6
right_child=-2 3 -4 -5 5 -7
leaf_value=0.0081792118081639945 0.10626849651659843 -0.010713153487761903 -0.015173041863382128 -0.0037454601142197005 -0.032617191435941793 -0.020393546187618582
leaf_weight=29 21.650000333786011 23.350000023841858 24 21.800000309944153 17 30.350000023841858
leaf_count=29 15 23 24 17 17 30
internal_value=0.0022881 0.000605905 0.0029671 -0.0042244 0 -0.00212815
internal_weight=167.15 145.5 100.35 45.15 76.35 47.35
internal_count=155 140 100 40 76 47
is_linear=0
shrinkage=0.0258836


Tree=194
num_leaves=7
num_cat=0
split_feature=4 0 8 11 7 4
split_gain=2.97829 2.52937 5.61588 1.27658 0.98667 0.856491
threshold=61.500000000000007 30.000000000000004 19.500000000000004 16.500000000000004 39.571428571428577 12.500000000000002
decision_type=2 2 2 2 2 2
left_child=1 2 3 5 -3 -1
right_child=-2 4 -4 -5 -6 -7
leaf_value=-0.00078755249823845457 0.10351788072227118 -0.011380415406900594 -0.011754930530104834 -0.037868203250192474 -0.00025643384919310611 0.027251288245430671
leaf_weight=31 21.650000333786011 19.350000023841858 28.350000023841858 19 25.800000309944153 22
leaf_count=31 15 19 28 19 21 22
internal_value=0.00320208 0.00165333 0.00397112 0 -0.0031441 0.00207499
internal_weight=167.15 145.5 100.35 72 45.15 53
internal_count=155 140 100 72 40 53
is_linear=0
shrinkage=0.0258836


Tree=195
num_leaves=7
num_cat=0
split_feature=3 4 7 0 4 3
split_gain=1.70936 5.985 1.33858 1.51153 0.839015 0.972455
threshold=1441.5278571428576 64.500000000000014 13.000000000000002 9.8333333333333339 18.500000000000004 847.84642857142853
decision_type=2 2 2 2 2 2
left_child=2 -2 3 -1 -4 -6
right_child=1 -3 4 -5 5 -7
leaf_value=0.014668702757201776 -0.085664336128311022 0.025831954475721203 0.0011762306146878205 -0.011114218370709616 -0.0030536510859857178 0.00032956826197916495
leaf_weight=14.999999999999998 18.150000214576721 22.750000357627869 26 28 26 37.150000214576721
leaf_count=15 15 16 26 28 26 34
internal_value=0.00296213 -0.00134595 0.00439725 0.000266253 0.00617269 0.00389546
internal_weight=173.05 40.9 132.15 43 89.15 63.15
internal_count=160 31 129 43 86 60
is_linear=0
shrinkage=0.0258836


Tree=196
num_leaves=6
num_cat=0
split_feature=11 1 0 9 5
split_gain=3.37803 1.42827 1.19541 1.95466 0.628038
threshold=53.000000000000007 54.500000000000007 30.000000000000004 33.000000000000007 237.11428571428573
decision_type=2 2 2 2 2
left_child=1 2 3 4 -1
right_child=-2 -3 -4 -5 -6
leaf_value=-0.00033999642534744164 -0.03117245985607657 0.090474688650524535 -0.0073212889959852721 -0.022078150514876108 0.0025849069985157081
leaf_weight=23 32.9000004529953 15.750000238418577 25.050000071525574 18.350000023841858 58
leaf_count=23 25 12 24 18 58
internal_value=0.00296213 0.00474876 0.00349489 0.00477041 0.00261737
internal_weight=173.05 140.15 124.4 99.35 81
internal_count=160 135 123 99 81
is_linear=0
shrinkage=0.0258836


Tree=197
num_leaves=6
num_cat=0
split_feature=11 7 6 2 2
split_gain=3.37803 1.56025 2.93447 0.572162 1.30664
threshold=53.000000000000007 13.000000000000002 7.5000000000000009 18.500000000000004 29.500000000000004
decision_type=2 2 2 2 2
left_child=1 2 -1 -3 -5
right_child=-2 3 -4 4 -6
leaf_value=0.0080177368699088699 -0.03036560304301552 0.0010031715173926393 -0.030171678990486936 -0.0019159418395897345 0.055192075630883131
leaf_weight=23 32.9000004529953 26 20 35.350000023841858 35.800000309944153
leaf_count=23 25 26 20 35 31
internal_value=0.00296213 0.00474876 0.000266253 0.00653333 0.0046294
internal_weight=173.05 140.15 43 97.15 71.15
internal_count=160 135 43 92 66
is_linear=0
shrinkage=0.0258836


Tree=198
num_leaves=7
num_cat=0
split_feature=11 1 2 6 7 1
split_gain=3.1371 0.884149 0.744351 2.05608 1.17436 0.863395
threshold=56.000000000000007 13.500000000000002 18.500000000000004 21.500000000000004 13.000000000000002 53.000000000000007
decision_type=2 2 2 2 2 2
left_child=1 -1 4 -4 -3 -5
right_child=-2 2 3 5 -6 -7
leaf_value=-0.0048779298240450644 -0.066114236497510068 -0.0007476836837920491 -0.036092102517597785 -0.0014842311997387474 -0.010168858583108472 0.068209216417874571
leaf_weight=22 26.850000381469727 21 25.350000023841858 33.050000071525574 23 21.800000309944153
leaf_count=22 20 21 25 32 23 17
internal_value=0.00325656 0.00479047 0.00562051 0.0036097 0.00856202 0.00638823
internal_weight=173.05 146.2 124.2 80.2 44 54.85
internal_count=160 140 118 74 44 49
is_linear=0
shrinkage=0.0258836


Tree=199
num_leaves=7
num_cat=0
split_feature=11 8 7 4 4 0
split_gain=3.86249 3.22246 1.92367 1.60114 0.785529 0.35595
threshold=51.500000000000007 14.500000000000002 11.500000000000002 18.500000000000004 29.500000000000004 25.166666666666668
decision_type=2 2 2 2 2 2
left_child=1 2 -1 -3 5 -5
right_child=-2 3 -4 4 -6 -7
leaf_value=0.0079364672261801206 -0.028786799628174251 0.0019142466721091302 -0.040340623487621019 0.0016085134817359565 0.048203862604433684 -0.030163437928595903
leaf_weight=25 36.250000476837158 25 22 15.350000023841856 32.450000286102295 17
leaf_count=25 28 25 22 15 28 17
internal_value=0.00296213 0.00498329 -0.000244854 0.00779305 0.00493039 0.00134197
internal_weight=173.05 136.8 47 89.8 64.8 32.35
internal_count=160 132 47 85 60 32
is_linear=0
shrinkage=0.0258836


Tree=200
num_leaves=7
num_cat=0
split_feature=8 5 9 3 0 0
split_gain=3.52038 2.94263 2.04259 1.40359 2.18306 1.09735
threshold=73.500000000000014 1210.9100000000001 16.500000000000004 778.53714285714307 35.333333333333336 19.500000000000004
decision_type=2 2 2 2 2 2
left_child=1 2 -1 5 -5 -4
right_child=-2 -3 3 4 -6 -7
leaf_value=-0.025886992265901687 0.05970925102213117 -0.018547829775088724 0.00064792239594139978 -0.012662574186846043 0.049863012984900493 0.040844700422381967
leaf_weight=25 16.600000262260437 26.650000333786011 45 30.350000023841858 20.150000214576721 20
leaf_count=25 11 21 45 30 17 20
internal_value=0.00363871 0.0022881 0.00384287 0.00531174 0.00158929 0.00781856
internal_weight=183.75 167.15 140.5 115.5 50.5 65
internal_count=169 158 137 112 47 65
is_linear=0
shrinkage=0.0258836


Tree=201
num_leaves=7
num_cat=0
split_feature=1 1 9 11 9 0
split_gain=2.99727 4.54508 2.08736 2.99217 1.80685 0.979482
threshold=59.500000000000007 44.500000000000007 16.500000000000004 23.500000000000004 40.500000000000007 19.500000000000004
decision_type=2 2 2 2 2 2
left_child=1 2 -1 5 -5 -4
right_child=-2 -3 3 4 -6 -7
leaf_value=-0.025216942607458475 0.05824502027162852 -0.015818251220792327 0.0004522782899003107 -0.036285218190463812 -0.020185512629625535 0.017216192083003259
leaf_weight=25 39.600000619888306 21.100000143051147 43 23 17.050000071525574 14.999999999999998
leaf_count=25 28 19 43 23 16 15
internal_value=0.00373585 0.00180066 0.00381011 0.00552509 0 0.0091451
internal_weight=183.75 144.15 123.05 98.05 40.05 58
internal_count=169 141 122 97 39 58
is_linear=0
shrinkage=0.0258836


Tree=202
num_leaves=6
num_cat=0
split_feature=6 10 3 11 10
split_gain=2.55074 3.71662 1.79549 1.58193 2.64896
threshold=46.500000000000007 44.500000000000007 286.84285714285716 23.500000000000004 24.500000000000004
decision_type=2 2 2 2 2
left_child=1 2 -1 4 -4
right_child=-2 -3 3 -5 -6
leaf_value=-0.026744473291490902 0.052186760869841579 -0.013354400644593444 0.00052155165994143536 -0.00071405582362657418 0.020979358570826296
leaf_weight=20 37.250000596046448 30.450000166893005 41 34.050000071525574 21
leaf_count=20 26 28 41 33 21
internal_value=0.00429094 0.00252661 0.0046881 0.00616077 0.00858032
internal_weight=183.75 146.5 116.05 96.05 62
internal_count=169 143 115 95 62
is_linear=0
shrinkage=0.0258836


Tree=203
num_leaves=6
num_cat=0
split_feature=8 5 5 5 6
split_gain=3.31375 3.18728 1.49584 1.71891 3.12077
threshold=73.500000000000014 1210.9100000000001 213.41571428571436 359.45142857142861 15.000000000000002
decision_type=2 2 2 2 2
left_child=1 2 -1 -4 -5
right_child=-2 -3 3 4 -6
leaf_value=-0.026052228900557518 0.055305381336638156 -0.017312649878733447 -0.0077167713624191137 -0.033911518500197108 -0.010263752134208975
leaf_weight=20 16.600000262260437 26.650000333786011 30 19 71.500000238418579
leaf_count=20 11 21 30 19 68
internal_value=0.00391625 0.00259276 0.0042042 0.00530627 0.00312782
internal_weight=183.75 167.15 140.5 120.5 90.5
internal_count=169 158 137 117 87
is_linear=0
shrinkage=0.0258836


Tree=204
num_leaves=7
num_cat=0
split_feature=8 2 3 11 8 8
split_gain=3.11132 2.52358 1.57403 1.65879 3.23392 1.29629
threshold=73.500000000000014 48.500000000000007 286.84285714285716 23.500000000000004 19.500000000000004 31.000000000000004
decision_type=2 2 2 2 2 2
left_child=1 2 -1 4 -4 -5
right_child=-2 -3 3 5 -6 -7
leaf_value=-0.025377902316101576 0.053873876606615967 -0.012646797839296106 0.0012625030836694224 -0.0087854775928066786 -0.0087720621020872212 -0.031462342686691021
leaf_weight=20 16.600000262260437 28.000000357627869 49 27.350000023841858 14.999999999999998 27.800000190734863
leaf_count=20 11 22 49 27 15 25
internal_value=0.0041938 0.00289742 0.00436274 0.00550302 0.00832331 0.00175217
internal_weight=183.75 167.15 139.15 119.15 64 55.15
internal_count=169 158 136 116 64 52
is_linear=0
shrinkage=0.0258836


Tree=205
num_leaves=8
num_cat=0
split_feature=10 9 7 11 9 7 5
split_gain=3.1866 3.41659 2.15655 1.85232 1.95172 1.53068 0.481993
threshold=29.500000000000004 75.500000000000014 13.000000000000002 48.500000000000007 40.500000000000007 10.428571428571431 456.34000000000009
decision_type=2 2 2 2 2 2 2
left_child=2 3 5 4 -2 -1 -4
right_child=1 -3 6 -5 -6 -7 -8
leaf_value=0.012012183673711147 -0.039458725333787463 0.0034207278682579483 0.00091014736674545284 -0.098179654770585073 0.0023891979079631899 -0.026355129592037858 0.036377962166081447
leaf_weight=25 18 27.4000004529953 19 20.400000214576721 31.450000166893005 19 18.350000023841858
leaf_count=25 18 19 19 17 29 19 18
internal_value=0.00270737 -0.000341807 0.00640659 -0.00350042 -0.000357284 0.00192085 0.0108522
internal_weight=178.6 97.25 81.35 69.85 49.45 44 37.35
internal_count=164 83 81 64 47 44 37
is_linear=0
shrinkage=0.0258836


Tree=206
num_leaves=8
num_cat=0
split_feature=10 8 2 5 5 8 2
split_gain=2.88789 3.722 2.63075 1.88857 2.85905 1.60087 1.18578
threshold=29.500000000000004 14.500000000000002 64.500000000000014 1210.9100000000001 898.65071428571446 10.500000000000002 26.500000000000004
decision_type=2 2 2 2 2 2 2
left_child=1 5 3 4 6 -1 -2
right_child=2 -3 -4 -5 -6 -7 -8
leaf_value=-0.0022151764580309284 -0.07117443332783388 0.017195319178287528 0.036636785151421609 -0.068688929914409294 0.040007934683153785 -0.026025034658315922 -0.0062165407097647153
leaf_weight=24 14.999999999999998 37.350000023841858 25.950000405311584 18.150000214576721 20.150000214576721 20 18
leaf_count=24 15 37 18 15 17 20 18
internal_value=0.00289289 0.00640659 -5.38522e-06 -0.00271552 0 0.000813991 -0.00468244
internal_weight=178.6 81.35 97.25 71.3 53.15 44 33
internal_count=164 81 83 65 50 44 33
is_linear=0
shrinkage=0.0258836


Tree=207
num_leaves=8
num_cat=0
split_feature=10 3 6 6 9 3 9
split_gain=1.81247 2.61983 2.44469 2.4421 1.75978 1.60499 1.98816
threshold=29.500000000000004 1181.4000000000003 15.000000000000002 10.500000000000002 51.000000000000007 1567.7435714285714 87.500000000000014
decision_type=2 2 2 2 2 2 2
left_child=2 4 3 -1 -2 -3 -7
right_child=1 5 -4 -5 -6 6 -8
leaf_value=0.0030795693689267376 -0.028272908724468599 0.0034747362509787681 0.029131036710453743 -0.058162799338203869 -0.013838789047834248 -0.059781227873421945 0.00061488505898131714
leaf_weight=46 21 20.150000214576721 17.350000023841858 18 15.350000023841856 21.450000286102295 19.300000309944153
leaf_count=46 21 17 17 18 15 17 13
internal_value=0.00299279 0.000419443 0.00579118 0.00289611 -0.00471153 0.00376888 0.000309757
internal_weight=178.6 97.25 81.35 64 36.35 60.9 40.75
internal_count=164 83 81 64 36 47 30
is_linear=0
shrinkage=0.0258836


Tree=208
num_leaves=7
num_cat=0
split_feature=11 5 7 11 11 0
split_gain=2.13187 2.84965 2.47865 2.08713 2.60247 2.02125
threshold=23.500000000000004 242.19285714285718 13.000000000000002 37.500000000000007 56.000000000000007 30.000000000000004
decision_type=2 2 2 2 2 2
left_child=1 -1 -3 5 -5 -2
right_child=3 2 -4 4 -6 -7
leaf_value=-0.025946982053637102 -0.036771121065068794 -7.8373096151980925e-05 0.033266514482006994 0.047521552334188727 -0.04729852636713875 -0.020212062789806886
leaf_weight=25 19.350000023841858 25 31 29.500000357627869 32.750000476837158 15.999999999999998
leaf_count=25 19 25 31 24 24 16
internal_value=0.00327822 0.00632521 0.00945632 0.00050824 0.00343187 -0.00415612
internal_weight=178.6 81 56 97.6 62.25 35.35
internal_count=164 81 56 83 48 35
is_linear=0
shrinkage=0.0258836


Tree=209
num_leaves=8
num_cat=0
split_feature=10 7 9 7 11 11 11
split_gain=2.48457 2.83557 2.64586 1.53068 1.32009 2.42419 2.08118
threshold=26.500000000000004 13.000000000000002 75.500000000000014 10.428571428571431 48.500000000000007 32.500000000000007 23.500000000000004
decision_type=2 2 2 2 2 2 2
left_child=1 3 4 -1 5 6 -2
right_child=2 -3 -4 -5 -6 -7 -8
leaf_value=0.012377137363349439 0.039038744315054864 0.024598926306382444 0.0035982095769316823 -0.024407448196450143 -0.088907283651114458 -0.034672678923534164 -0.028452254408968203
leaf_weight=25 15.999999999999998 24.350000023841858 27.4000004529953 19 20.400000214576721 25.450000166893005 21
leaf_count=25 16 24 19 19 17 23 21
internal_value=0.00270737 0.00648581 0.000142177 0.00192085 -0.002062 0 -0.00421148
internal_weight=178.6 68.35 110.25 44 82.85 62.45 37
internal_count=164 68 96 44 77 60 37
is_linear=0
shrinkage=0.0258836


Tree=210
num_leaves=7
num_cat=0
split_feature=1 9 1 2 9 1
split_gain=1.38204 3.83258 1.82327 2.30433 1.67455 0.579164
threshold=44.500000000000007 75.500000000000014 32.500000000000007 18.500000000000004 15.500000000000002 24.500000000000004
decision_type=2 2 2 2 2 2
left_child=2 -2 3 4 -1 -5
right_child=1 -3 -4 5 -6 -7
leaf_value=-0.032222893904666851 -0.021107562999978211 -0.038664637401791838 0.0048574475844779582 -0.020300091252186684 0.00096994892378743402 -0.027195807645175808
leaf_weight=17 31.800000309944153 30.350000500679016 24.050000071525574 14.999999999999998 51 17.350000023841858
leaf_count=17 27 21 23 15 51 17
internal_value=0.00331145 0 0.00485858 0.0029671 0.00565839 -0.00230009
internal_weight=186.55 62.15 124.4 100.35 68 32.35
internal_count=171 48 123 100 68 32
is_linear=0
shrinkage=0.0258836


Tree=211
num_leaves=8
num_cat=0
split_feature=3 0 3 9 0 1 2
split_gain=2.41458 3.00461 2.69836 2.463 1.76965 1.27737 1.18635
threshold=812.71500000000015 19.500000000000004 490.9614285714286 75.500000000000014 49.666666666666679 39.000000000000007 9.5000000000000018
decision_type=2 2 2 2 2 2 2
left_child=1 2 6 4 5 -2 -1
right_child=3 -3 -4 -5 -6 -7 -8
leaf_value=-0.034805937918577813 -0.011578610881467589 0.030356601432293844 -0.016634510333291806 -0.037663855742076653 -0.11742703177082169 -0.0072044634850476925 0.018157470975414276
leaf_weight=21 20.350000023841858 23 15.999999999999998 30.350000500679016 18.750000238418579 21.100000143051147 36
leaf_count=21 20 23 16 21 15 19 36
internal_value=0.00385833 0.00667491 0.00357694 0.000615977 -0.00224878 0.000538992 0.0062667
internal_weight=186.55 96 73 90.55 60.2 41.45 57
internal_count=171 96 73 75 54 39 57
is_linear=0
shrinkage=0.0258836


Tree=212
num_leaves=6
num_cat=0
split_feature=11 11 3 9 6
split_gain=1.82558 1.9454 3.18057 3.34083 4.80721
threshold=56.000000000000007 37.500000000000007 957.03500000000008 33.000000000000007 10.500000000000002
decision_type=2 2 2 2 2
left_child=1 2 3 4 -1
right_child=-2 -3 -4 -5 -6
leaf_value=0.015740459185870529 -0.055229193888955481 -0.066004633433596055 -0.012536115804725041 -0.026644747754740912 -0.003793080531938939
leaf_weight=51 34.350000500679016 26.500000357627869 16.350000023841858 20.350000023841858 38
leaf_count=51 25 21 16 20 38
internal_value=0.00303802 0.00427094 0.00265362 0.00434493 0.0018251
internal_weight=186.55 152.2 125.7 109.35 89
internal_count=171 146 125 109 89
is_linear=0
shrinkage=0.0258836


Tree=213
num_leaves=8
num_cat=0
split_feature=11 9 6 3 3 9 3
split_gain=1.82558 1.99864 3.57218 2.38412 3.99297 1.39254 1.26207
threshold=56.000000000000007 33.000000000000007 10.500000000000002 938.28571428571433 1181.4000000000003 16.500000000000004 668.82857142857154
decision_type=2 2 2 2 2 2 2
left_child=1 2 5 -3 -5 -1 -4
right_child=-2 3 6 4 -6 -7 -8
leaf_value=-0.0079096100805333604 -0.053799661167607531 0.046827983079774017 -0.049207156537669716 -0.030074585001388491 0.054188793447827531 0.039440964529147887 -0.012153148821777159
leaf_weight=23 34.350000500679016 19.350000023841858 22 15.350000023841856 27.500000357627869 28 17
leaf_count=23 25 19 22 15 22 28 17
internal_value=0.00303802 0.00427094 0.00152641 0.00779696 0.00352957 0.00600322 -0.00400982
internal_weight=186.55 152.2 90 62.2 42.85 51 39
internal_count=171 146 90 56 37 51 39
is_linear=0
shrinkage=0.0258836


Tree=214
num_leaves=6
num_cat=0
split_feature=11 11 2 7 7
split_gain=2.22538 1.46683 3.6565 1.00386 1.39069
threshold=56.000000000000007 37.500000000000007 28.500000000000004 23.642857142857149 11.785714285714286
decision_type=2 2 2 2 2
left_child=1 2 3 4 -1
right_child=-2 -3 -4 -5 -6
leaf_value=0.013195431999650217 -0.052407129960449807 -0.065698796453178651 -0.01110645300970229 -0.0026091789243422483 -0.0004227174659755075
leaf_weight=36 34.350000500679016 26.500000357627869 22.350000023841858 17.350000023841858 50
leaf_count=36 25 21 22 17 50
internal_value=0.00358489 0.00493904 0.00345952 0.00556623 0.00392786
internal_weight=186.55 152.2 125.7 103.35 86
internal_count=171 146 125 103 86
is_linear=0
shrinkage=0.0258836


Tree=215
num_leaves=7
num_cat=0
split_feature=8 6 8 5 5 5
split_gain=3.3164 0.89308 0.813994 1.7514 0.869877 3.01956
threshold=12.500000000000002 7.5000000000000009 73.500000000000014 1210.9100000000001 430.90785714285715 718.43357142857155
decision_type=2 2 2 2 2 2
left_child=1 -1 3 4 -2 -6
right_child=2 -3 -4 -5 5 -7
leaf_value=-0.0072547161330341493 -0.0047392221975044516 -0.033689538056166472 0.059038009041982684 -0.042351025067322648 0.00018291712106496252 0.057090357408383162
leaf_weight=21 21 15.999999999999998 16.600000262260437 23.950000286102295 45.350000023841858 27.150000214576721
leaf_count=21 21 16 11 19 45 24
internal_value=0.0061978 -0.000306423 0.00806305 0.006765 0.00832702 0.0061798
internal_weight=171.05 37 134.05 117.45 93.5 72.5
internal_count=157 37 120 109 90 69
is_linear=0
shrinkage=0.0258836


Tree=216
num_leaves=7
num_cat=0
split_feature=8 4 4 1 5 9
split_gain=2.33559 0.841553 3.022 0.824334 0.548747 0.501527
threshold=12.500000000000002 16.500000000000004 25.500000000000004 14.500000000000002 1808.941428571429 54.500000000000007
decision_type=2 2 2 2 2 2
left_child=3 -2 -3 -1 5 -4
right_child=1 2 4 -5 -6 -7
leaf_value=0.013041664632763883 -0.0046165538634582934 -0.00095215287741619271 -0.0021204426796730498 -0.026866335343991514 -0.017444901881994487 0.053290267474765542
leaf_weight=22 21 29.350000023841858 30.050000071525574 14.999999999999998 18.700000286102295 34.950000405311584
leaf_count=22 21 29 29 15 13 28
internal_value=0.00649562 0.00806305 0.00661974 0.000306423 0.00906122 0.0103393
internal_weight=171.05 134.05 113.05 37 83.7 65
internal_count=157 120 99 37 70 57
is_linear=0
shrinkage=0.0258836


Tree=217
num_leaves=7
num_cat=0
split_feature=8 2 2 5 9 3
split_gain=2.09959 1.0699 2.65642 0.832296 0.776111 2.83565
threshold=12.500000000000002 16.500000000000004 25.500000000000004 237.11428571428573 75.500000000000014 1529.1207142857145
decision_type=2 2 2 2 2 2
left_child=3 -2 -3 -1 5 -4
right_child=1 2 4 -5 -6 -7
leaf_value=-0.022164634850378617 -0.0044970606327414944 -0.00092750769253932672 0.021018251243571928 -0.013602999568078216 0.059272856839757866 -0.11060234441467126
leaf_weight=17 21 29.350000023841858 40.450000166893005 20 25.200000405311584 18.050000190734863
leaf_count=17 21 29 38 20 17 15
internal_value=0.0061978 0.00768469 0.00617277 0.000306423 0.00846254 0.00585981
internal_weight=171.05 134.05 113.05 37 83.7 58.5
internal_count=157 120 99 37 70 53
is_linear=0
shrinkage=0.0258836


Tree=218
num_leaves=7
num_cat=0
split_feature=2 8 5 6 10 5
split_gain=1.92358 1.09939 2.00417 1.67209 2.75962 2.57509
threshold=9.5000000000000018 73.500000000000014 359.45142857142861 24.500000000000004 26.500000000000004 1210.9100000000001
decision_type=2 2 2 2 2 2
left_child=-1 2 -2 4 -4 -5
right_child=1 -3 3 5 -6 -7
leaf_value=-0.021590933361288395 0.015626889242940097 0.059474480362158064 0.022937127822779377 0.052915125105047409 -0.022414042509771127 -0.059728751040319029
leaf_weight=19 27 16.600000262260437 25.350000023841858 35.150000214576721 24 23.950000286102295
leaf_count=19 27 11 25 32 24 19
internal_value=0.00649562 0.00745997 0.00625854 0.004287 0.000407632 0.00714173
internal_weight=171.05 152.05 135.45 108.45 49.35 59.1
internal_count=157 138 127 100 49 51
is_linear=0
shrinkage=0.0258836


Tree=219
num_leaves=7
num_cat=0
split_feature=7 10 3 5 1 3
split_gain=2.72396 2.06732 2.36458 1.3512 1.22439 1.98472
threshold=33.857142857142868 28.500000000000004 862.85857142857151 1266.2457142857143 13.500000000000002 476.77714285714291
decision_type=2 2 2 2 2 2
left_child=1 4 -3 -2 -1 -6
right_child=3 2 -4 -5 5 -7
leaf_value=-0.017663137640575349 0.012686255616421798 -0.027080482412639387 -0.003103865367216773 0.0079894030323491658 0.0161289090962148 -0.0071803873433640203
leaf_weight=18 21.400000214576721 23 18.700000047683716 36.600000500679016 24 29.350000023841858
leaf_count=18 18 23 18 27 24 29
internal_value=0.00589998 0.00324515 -0.00103071 0.0104655 0.00587408 0.00775816
internal_weight=171.05 113.05 41.7 58 71.35 53.35
internal_count=157 112 41 45 71 53
is_linear=0
shrinkage=0.0258836


Tree=220
num_leaves=7
num_cat=0
split_feature=9 9 3 11 11 11
split_gain=1.66265 2.64723 2.73207 2.10968 2.57889 0.908318
threshold=16.500000000000004 29.500000000000004 847.84642857142853 56.000000000000007 37.500000000000007 14.500000000000002
decision_type=2 2 2 2 2 2
left_child=-1 5 -3 4 -4 -2
right_child=1 2 3 -5 -6 -7
leaf_value=-0.020382722000665127 -0.00070225078703909912 -0.029671794623601557 -0.011395297229054566 -0.034532656893151083 0.015179386008435977 0.034293151853026248
leaf_weight=25 25 26 20.350000023841858 28.800000429153442 26.850000381469727 24
leaf_count=25 25 26 20 21 21 24
internal_value=0.00334037 0.00438844 0.00174687 0.00429507 0.00754753 0.00923502
internal_weight=176 151 102 76 47.2 49
internal_count=162 137 88 62 41 49
is_linear=0
shrinkage=0.0258836


Tree=221
num_leaves=7
num_cat=0
split_feature=11 11 11 8 7 10
split_gain=0.986476 1.75188 3.1516 1.77771 2.13708 1.9488
threshold=9.5000000000000018 37.500000000000007 56.000000000000007 26.500000000000004 13.000000000000002 27.500000000000004
decision_type=2 2 2 2 2 2
left_child=-1 3 -3 4 -2 -6
right_child=1 2 -4 -5 5 -7
leaf_value=0.000119979104582226 -0.019792614776759008 0.052758725920404745 -0.033638825940573824 -0.013589653229423371 0.024469170720266938 -0.00051683662121048736
leaf_weight=24 25 29.850000381469727 28.800000429153442 23 24.350000023841858 21
leaf_count=24 25 24 21 23 24 21
internal_value=0.00247165 0.001517 0.00493943 -0.000571105 0.00135253 0.00474475
internal_weight=176 152 58.65 93.35 70.35 45.35
internal_count=162 138 45 93 70 45
is_linear=0
shrinkage=0.0258836


Tree=222
num_leaves=6
num_cat=0
split_feature=9 1 5 6 6
split_gain=1.38493 2.19616 1.35637 1.60002 2.27007
threshold=75.500000000000014 44.500000000000007 237.11428571428573 10.500000000000002 15.000000000000002
decision_type=2 2 2 2 2
left_child=1 2 -1 -4 -5
right_child=-2 -3 3 4 -6
leaf_value=-0.019280309807736651 0.0150738897318236 -0.010549511630273263 0.011968586626794623 -0.027672087043244527 0.0055290038551647188
leaf_weight=25 24.450000405311584 33.150000333786011 27 19 47.400000095367432
leaf_count=25 17 28 27 19 46
internal_value=0.00189249 0.000808583 0.00253579 0.00400242 0.00144848
internal_weight=176 151.55 118.4 93.4 66.4
internal_count=162 145 117 92 65
is_linear=0
shrinkage=0.0258836


Tree=223
num_leaves=7
num_cat=0
split_feature=10 11 11 9 5 10
split_gain=1.7107 2.70378 3.83502 2.50347 1.10197 0.322877
threshold=27.500000000000004 37.500000000000007 51.500000000000007 16.500000000000004 333.51000000000005 32.500000000000007
decision_type=2 2 2 2 2 2
left_child=3 5 -3 -1 -5 -2
right_child=1 2 -4 4 -6 -7
leaf_value=-0.018517978642431605 -0.044303611307034196 0.048796801382713278 -0.0097163448175620823 -0.00055280194040478129 -0.007120687629466417 -0.0095096487971587668
leaf_weight=25 18 23.800000309944153 34.850000500679016 21 27.350000023841858 26
leaf_count=25 18 19 26 21 27 26
internal_value=0.00276122 0.000422511 0.00409658 0.00571975 0.00902333 -0.00413457
internal_weight=176 102.65 58.65 73.35 48.35 44
internal_count=162 89 45 73 48 44
is_linear=0
shrinkage=0.0258836


Tree=224
num_leaves=7
num_cat=0
split_feature=10 3 11 11 11 11
split_gain=1.72572 3.46672 2.62567 2.81711 1.85046 3.24278
threshold=29.500000000000004 847.84642857142853 14.500000000000002 9.5000000000000018 56.000000000000007 37.500000000000007
decision_type=2 2 2 2 2 2
left_child=2 -2 3 -1 5 -3
right_child=1 4 -4 -5 -6 -7
leaf_value=0.0053524353422407384 -0.05715138935971991 -0.0048806410717738167 -0.0063105181504927938 -0.027983527699045087 -0.033275262786195275 0.013928589658311832
leaf_weight=23 19 19 33.350000023841858 26 28.800000429153442 26.850000381469727
leaf_count=23 19 19 33 26 21 21
internal_value=0.00391952 0.00126729 0.00663541 0.00223531 0.00391862 0.00703839
internal_weight=176 93.65 82.35 49 74.65 45.85
internal_count=162 80 82 49 61 40
is_linear=0
shrinkage=0.0258836


Tree=225
num_leaves=8
num_cat=0
split_feature=10 7 7 10 9 0 2
split_gain=1.23288 2.87512 1.72909 1.26947 3.58331 1.07905 2.13825
threshold=29.500000000000004 19.285714285714288 30.500000000000004 19.500000000000004 16.500000000000004 49.666666666666679 64.500000000000014
decision_type=2 2 2 2 2 2 2
left_child=1 3 -2 4 -1 -4 -7
right_child=2 -3 5 -5 -6 6 -8
leaf_value=-0.017314350267178324 -0.023074295790269029 0.023063648775851049 0.0030883240820996035 -0.010567802054919482 0.059319767997772749 -0.012875407836870864 -0.071360213699910011
leaf_weight=27 21.350000023841858 15.350000023841856 32.450000166893005 20 20 21.800000309944153 21.650000333786011
leaf_count=27 21 15 30 20 20 17 15
internal_value=0.00368603 0.00602723 0.00145459 0.00314257 0.00544556 0.00337928 0.000291662
internal_weight=179.6 82.35 97.25 67 47 75.9 43.45
internal_count=165 82 83 67 47 62 32
is_linear=0
shrinkage=0.0258836


Tree=226
num_leaves=6
num_cat=0
split_feature=5 2 8 10 5
split_gain=1.93869 1.28891 2.60538 0.759337 2.09931
threshold=237.11428571428573 14.500000000000002 16.500000000000004 29.500000000000004 718.43357142857155
decision_type=2 2 2 2 2
left_child=-1 -2 -3 -4 -5
right_child=1 2 3 4 -6
leaf_value=-0.030727330487014249 0.022945392082960619 -0.025511483135638106 0.023714304868138785 -0.11258378087107015 0.0075953347968659313
leaf_weight=22 27 17 20.350000023841858 18 75.250000834465027
leaf_count=22 27 17 20 18 61
internal_value=0.0029338 0.00398187 0.00265316 0.00415288 0.00278215
internal_weight=179.6 157.6 130.6 113.6 93.25
internal_count=165 143 116 99 79
is_linear=0
shrinkage=0.0258836


Tree=227
num_leaves=8
num_cat=0
split_feature=8 2 11 11 11 2 3
split_gain=1.26066 3.74735 1.92389 3.7914 1.65407 1.50944 0.949488
threshold=14.500000000000002 18.500000000000004 37.500000000000007 56.000000000000007 12.500000000000002 9.5000000000000018 812.71500000000015
decision_type=2 2 2 2 2 2 2
left_child=4 -2 6 -4 5 -1 -3
right_child=1 2 3 -5 -6 -7 -8
leaf_value=-0.017701859061541682 0.01380847778076191 -0.0058134630281539684 0.045377670811629897 -0.026486841920183725 -0.018297826889706898 0.015860939159317362 -0.012313068626630461
leaf_weight=15.999999999999998 19 23 29.500000357627869 31.4000004529953 14.999999999999998 19 26.700000047683716
leaf_count=16 19 23 24 23 15 19 26
internal_value=0.00350152 0.00482415 0.00266459 0.00567958 0 0.00306387 -0.000873556
internal_weight=179.6 129.6 110.6 60.9 50 35 49.7
internal_count=165 115 96 47 50 35 49
is_linear=0
shrinkage=0.0258836


Tree=228
num_leaves=7
num_cat=0
split_feature=5 3 3 10 2 10
split_gain=1.29107 2.03663 1.98729 1.97876 1.78657 1.57047
threshold=237.11428571428573 547.84714285714301 1865.5028571428577 63.500000000000007 31.000000000000004 17.500000000000004
decision_type=2 2 2 2 2 2
left_child=-1 5 3 4 -3 -2
right_child=1 2 -4 -5 -6 -7
leaf_value=-0.028605079171153826 0.013108063991273958 -0.011861619795471696 0.050311995859302502 -0.040210508440056657 0.0033597697277938216 0.043202374907243005
leaf_weight=22 22 43.350000023841858 25.350000381469727 18.450000286102295 29.450000166893005 19
leaf_count=22 22 43 18 14 27 19
internal_value=0.00169901 0.00257769 0.00064418 -0.00105187 0.000777786 0.00737478
internal_weight=179.6 157.6 116.6 91.25 72.8 41
internal_count=165 143 102 84 70 41
is_linear=0
shrinkage=0.0258836


Tree=229
num_leaves=8
num_cat=0
split_feature=2 2 8 11 11 8 10
split_gain=1.07812 2.4897 0.667116 1.10752 1.96334 0.89668 0.76972
threshold=64.500000000000014 48.500000000000007 14.500000000000002 23.500000000000004 32.500000000000007 10.500000000000002 15.500000000000002
decision_type=2 2 2 2 2 2 2
left_child=1 2 5 -4 -5 6 -1
right_child=-2 -3 3 4 -6 -7 -8
leaf_value=-0.031578916997930508 -0.0059395955672173839 -0.013426966951489495 0.021439418575391486 -0.011359121818504847 -0.033683168982295543 -0.016503266817697287 -0.0042662544274443288
leaf_weight=15.000000000000002 23.000000357627869 19.750000238418579 35 23.350000023841858 28.500000238418579 20 14.999999999999998
leaf_count=15 16 16 35 23 25 20 15
internal_value=0.00198287 0.00105094 0.00239535 0.00373175 0.000910254 0 0.00274149
internal_weight=179.6 156.6 136.85 86.85 51.85 50 30
internal_count=165 149 133 83 48 50 30
is_linear=0
shrinkage=0.0258836


Tree=230
num_leaves=8
num_cat=0
split_feature=6 1 6 6 5 3 3
split_gain=1.54458 3.16543 1.46077 5.25924 3.67278 0.547358 0.417958
threshold=48.500000000000007 44.500000000000007 19.500000000000004 10.500000000000002 213.41571428571436 938.28571428571433 534.93428571428592
decision_type=2 2 2 2 2 2 2
left_child=1 2 3 4 -1 -4 -5
right_child=-2 -3 5 6 -6 -7 -8
leaf_value=-0.016506553149354068 -0.0020117410130092747 -0.010590919975859396 0.028193796765968313 -0.001728226386659616 0.042839756944040366 -0.0026937902072798276 -0.015008739445157092
leaf_weight=21 30.250000476837158 29.200000286102295 18.350000023841858 14.999999999999998 31 17.050000071525574 19
leaf_count=21 21 25 18 15 31 16 19
internal_value=0.00375256 0.00245907 0.00435061 0.00217836 0.00731139 0.00872801 -0.00525903
internal_weight=180.85 150.6 121.4 86 52 35.4 34
internal_count=166 145 120 86 52 34 34
is_linear=0
shrinkage=0.0258836


Tree=231
num_leaves=8
num_cat=0
split_feature=6 7 7 0 3 9 6
split_gain=1.96156 2.33655 4.91687 3.17234 5.11154 1.3012 0.542095
threshold=48.500000000000007 11.500000000000002 9.3571428571428594 20.166666666666668 986.70285714285717 23.500000000000004 36.000000000000007
decision_type=2 2 2 2 2 2 2
left_child=1 2 -1 5 -5 -3 -6
right_child=-2 3 -4 4 6 -7 -8
leaf_value=-0.027777801913498788 -0.0019596698274193963 -0.0022664770281022113 0.053149986541839458 0.01201068768319756 -0.010519487842548894 -0.014410588837171881 -0.006456603617312243
leaf_weight=15.999999999999998 30.250000476837158 23 17 35.350000023841858 18.700000047683716 19 21.550000309944153
leaf_count=16 21 23 17 35 18 19 17
internal_value=0.00318871 0.001784 0.00757693 0 0.00316102 -0.00547559 -0.00284038
internal_weight=180.85 150.6 33 117.6 75.6 42 40.25
internal_count=166 145 33 112 70 42 35
is_linear=0
shrinkage=0.0258836


Tree=232
num_leaves=7
num_cat=0
split_feature=5 0 5 5 5 5
split_gain=1.69401 2.22307 0.707955 2.32719 0.496178 0.363941
threshold=397.22285714285721 10.500000000000002 1520.2671428571432 805.28000000000009 282.34285714285716 1076.382142857143
decision_type=2 2 2 2 2 2
left_child=1 -1 3 -2 -3 -5
right_child=2 4 -4 5 -6 -7
leaf_value=0.012806085945728372 0.011699807334598885 -0.0020857203031621721 0.054886758940954183 -0.003118480162894273 -0.005656922901273286 -0.039309901670584027
leaf_weight=24 51.350000023841858 19 25.950000405311584 22.450000166893005 15.999999999999998 22.100000262260437
leaf_count=24 51 19 18 20 16 18
internal_value=0.00318871 -0.000197286 0.00490608 0.00345506 -0.00443449 -0.000613081
internal_weight=180.85 59 121.85 95.9 35 44.55
internal_count=166 59 107 89 35 38
is_linear=0
shrinkage=0.0258836


Tree=233
num_leaves=8
num_cat=0
split_feature=0 9 11 3 3 11 11
split_gain=2.49381 3.72689 1.02535 1.01161 0.942038 2.33307 1.75153
threshold=20.166666666666668 23.500000000000004 12.500000000000002 286.84285714285716 986.70285714285717 40.500000000000007 56.000000000000007
decision_type=2 2 2 2 2 2 2
left_child=1 2 3 -1 -2 -6 -7
right_child=4 -3 -4 -5 5 6 -8
leaf_value=-0.025051096458777657 0.011396973701866485 -0.014565051639266916 -0.001409511606784031 0.042996890389012055 -0.011630152971765301 0.049957363774639454 -0.0064276102399634062
leaf_weight=15.999999999999998 35.350000023841858 19 20 20 18.050000071525574 20.800000309944153 31.6500004529953
leaf_count=16 35 19 20 20 17 16 23
internal_value=0.00262485 -0.000822348 0.00240949 0.00498774 0.00515217 0.0029218 0.0057284
internal_weight=180.85 75 56 36 105.85 70.5 52.45
internal_count=166 75 56 36 91 56 39
is_linear=0
shrinkage=0.0258836


Tree=234
num_leaves=8
num_cat=0
split_feature=5 2 5 7 7 3 0
split_gain=1.96213 1.70205 1.98794 2.30698 2.72527 1.22885 0.697639
threshold=1520.2671428571432 48.500000000000007 397.22285714285721 11.500000000000002 9.3571428571428594 812.71500000000015 35.333333333333336
decision_type=2 2 2 2 2 2 2
left_child=1 2 3 4 -1 -4 -7
right_child=-2 -3 5 -5 -6 6 -8
leaf_value=-0.021759835708453273 0.05363245965032884 -0.036749206001651921 0.03851087050470544 -0.006168296861844582 0.040828233546208535 -0.0060871730846186805 -0.0284305740063929
leaf_weight=15.000000000000002 25.950000405311584 16.050000190734863 35 28 15.999999999999998 22.350000023841858 22.500000238418579
leaf_count=15 18 13 35 28 16 22 19
internal_value=0.00262485 0.00134135 0.00236152 -0.00103536 0.00342679 0.00498779 0.00158761
internal_weight=180.85 154.9 138.85 59 31 79.85 44.85
internal_count=166 148 135 59 31 76 41
is_linear=0
shrinkage=0.0258836


Tree=235
num_leaves=8
num_cat=0
split_feature=7 7 7 11 5 10 10
split_gain=2.03209 2.91507 4.56376 2.61297 2.4563 0.6085 0.499132
threshold=30.214285714285719 17.428571428571434 13.000000000000002 56.000000000000007 261.56428571428575 53.000000000000007 29.500000000000004
decision_type=2 2 2 2 2 2 2
left_child=1 2 4 5 -1 -2 -3
right_child=3 6 -4 -5 -6 -7 -8
leaf_value=0.021522365958186278 0.002143643832626239 -0.00087348851991272253 0.037941967011959905 -0.038389490607539857 -0.0060086388697919808 0.046870119189955511 -0.051728939204724135
leaf_weight=24 21.350000023841858 21.350000023841858 15.999999999999998 33.000000476837158 22 26.800000309944153 19.350000023841858
leaf_count=24 21 21 16 24 22 22 19
internal_value=0.00114021 -0.00117082 0.00218629 0.00417028 -0.00184208 0.00788962 -0.00641342
internal_weight=183.85 102.7 62 81.15 46 48.15 40.7
internal_count=169 102 62 67 46 43 40
is_linear=0
shrinkage=0.0258836


Tree=236
num_leaves=7
num_cat=0
split_feature=10 8 9 7 7 3
split_gain=1.91333 0.887871 2.49126 2.97402 3.03463 1.87679
threshold=87.500000000000014 42.500000000000007 33.000000000000007 17.428571428571434 13.000000000000002 957.03500000000008
decision_type=2 2 2 2 2 2
left_child=1 2 3 4 -1 -4
right_child=-2 -3 5 -5 -6 -7
leaf_value=-0.0028878683080324269 0.043667622103693245 -0.03581635932746894 0.0067059688573545629 -0.012882780438417774 0.03695989069440659 -0.0013420864527111595
leaf_weight=46 21.150000333786011 31.950000405311584 20.350000023841858 26 15.999999999999998 22.400000095367432
leaf_count=46 14 26 20 26 16 21
internal_value=0.000862811 -5.80041e-05 0.000818232 -0.00156005 0.00138703 0.00581184
internal_weight=183.85 162.7 130.75 88 62 42.75
internal_count=169 155 129 88 62 41
is_linear=0
shrinkage=0.0258836


Tree=237
num_leaves=8
num_cat=0
split_feature=6 1 5 5 7 7 5
split_gain=2.77673 2.33527 1.2228 2.91683 0.818462 2.58082 2.4563
threshold=24.500000000000004 26.500000000000004 1076.382142857143 1520.2671428571432 13.000000000000002 17.928571428571434 261.56428571428575
decision_type=2 2 2 2 2 2 2
left_child=1 4 -2 -4 6 -6 -1
right_child=2 -3 3 -5 5 -7 -8
leaf_value=0.021040037279076176 0.0021251356073437042 -0.026241077739596396 -0.035810034162035931 0.042569061077447887 0.036003234089362998 -0.0012206126949024772 -0.0057783648567042841
leaf_weight=24 32.100000143051147 18 20.400000214576721 30.000000476837158 15.999999999999998 21.350000023841858 22
leaf_count=24 30 18 17 21 16 21 22
internal_value=0.00123729 -0.00152161 0.00472654 0.00168964 0.000246699 0.00311022 -0.00184208
internal_weight=183.85 101.35 82.5 50.4 83.35 37.35 46
internal_count=169 101 68 38 83 37 46
is_linear=0
shrinkage=0.0258836


Tree=238
num_leaves=8
num_cat=0
split_feature=6 10 11 11 7 5 7
split_gain=2.88919 2.61657 1.82546 2.91035 1.31424 2.4563 1.81459
threshold=24.500000000000004 29.500000000000004 56.000000000000007 37.500000000000007 13.000000000000002 261.56428571428575 17.428571428571434
decision_type=2 2 2 2 2 2 2
left_child=1 4 3 -2 5 -1 -6
right_child=2 -3 -4 -5 6 -7 -8
leaf_value=0.020495444471705201 -0.0054583989690926652 -0.068036940464570234 -0.041568057148158394 -0.014177549801921907 0.035071339242073105 -0.0056287997253508474 -0.0011966094415907546
leaf_weight=24 23.350000023841858 18 33.000000476837158 26.150000333786011 15.999999999999998 22 21.350000023841858
leaf_count=24 23 18 24 21 16 22 21
internal_value=0.00179208 -0.00102442 0.00533364 0.00835437 0.000847809 -0.00184208 0.00440054
internal_weight=183.85 101.35 82.5 49.5 83.35 46 37.35
internal_count=169 101 68 44 83 46 37
is_linear=0
shrinkage=0.0258836


Tree=239
num_leaves=7
num_cat=0
split_feature=2 1 11 11 8 8
split_gain=2.80289 2.11353 1.3309 1.98981 0.491103 1.71039
threshold=21.500000000000004 19.500000000000004 56.000000000000007 29.500000000000004 11.500000000000002 8.5000000000000018
decision_type=2 2 2 2 2 2
left_child=1 4 3 -2 5 -1
right_child=2 -3 -4 -5 -6 -7
leaf_value=-0.0030088902801076373 -0.0029445912614086338 -0.0055031661989818409 -0.040492124409113948 0.047187548840728837 -0.0031954740978313422 0.033418227403372615
leaf_weight=20 27.350000023841858 22 33.000000476837158 42.500000357627869 22 17
leaf_count=20 27 22 24 37 22 17
internal_value=0.00206948 -0.00138142 0.0048819 0.00685085 0.00103536 0.00290979
internal_weight=183.85 81 102.85 69.85 59 37
internal_count=169 81 88 64 59 37
is_linear=0
shrinkage=0.0258836


Tree=240
num_leaves=7
num_cat=0
split_feature=11 7 7 0 11 5
split_gain=3.82435 2.56259 1.85133 2.1013 2.16787 1.98996
threshold=37.500000000000007 60.071428571428577 26.714285714285719 19.500000000000004 12.500000000000002 292.50000000000006
decision_type=2 2 2 2 2 2
left_child=2 -2 3 4 5 -1
right_child=1 -3 -4 -5 -6 -7
leaf_value=-0.0034496058352347638 0.15810886482456288 -0.036326430341590249 -0.013116034673992772 0.02439471021619392 -0.0095510747563902886 0.038118915933939457
leaf_weight=28 26.050000309944153 25.450000405311584 23 24.350000023841858 28 14.999999999999998
leaf_count=28 21 18 23 24 28 15
internal_value=0.00225231 0.00795109 -0.000239521 0.00127172 -0.000866938 0.00252834
internal_weight=169.85 51.5 118.35 95.35 71 43
internal_count=157 39 118 95 71 43
is_linear=0
shrinkage=0.0258836


Tree=241
num_leaves=8
num_cat=0
split_feature=3 8 8 0 6 6 6
split_gain=1.83306 2.62744 1.38851 1.41799 1.03367 1.05778 0.903705
threshold=1181.4000000000003 29.500000000000004 12.500000000000002 10.500000000000002 12.500000000000002 19.500000000000004 51.500000000000007
decision_type=2 2 2 2 2 2 2
left_child=1 2 3 -1 -4 -6 -2
right_child=6 -3 4 -5 5 -7 -8
leaf_value=0.0036913803838700687 0.044544879578313781 -0.030883928488592428 0.028408385371010845 -0.026587343769803037 -0.0022065479519247583 -0.0005229344458100889 -0.044599065719610233
leaf_weight=23 27.400000333786011 15.350000023841856 18 20 26 17.350000023841858 22.750000357627869
leaf_count=23 22 15 18 20 26 17 16
internal_value=0.00214735 0.000247448 0.00188977 -0.0013973 0.00436813 0.00158312 0.00617302
internal_weight=169.85 119.7 104.35 43 61.35 43.35 50.15
internal_count=157 119 104 43 61 43 38
is_linear=0
shrinkage=0.0258836


Tree=242
num_leaves=7
num_cat=0
split_feature=11 10 0 9 0 6
split_gain=2.31986 2.35094 1.09229 2.04988 1.16529 0.677593
threshold=37.500000000000007 39.000000000000007 20.166666666666668 23.500000000000004 10.500000000000002 51.500000000000007
decision_type=2 2 2 2 2 2
left_child=1 2 3 4 -1 -2
right_child=5 -3 -4 -5 -6 -7
leaf_value=0.011871196147271135 0.15253941465953838 -0.021566091312985761 0.007187116962388349 -0.010665969670473143 -0.00072820868115233217 -0.043444679437675368
leaf_weight=20 28.750000357627869 14.999999999999998 28.350000023841858 19 36 22.750000357627869
leaf_count=20 23 15 28 19 36 16
internal_value=0.00124767 -0.000666928 0.000688025 -0.000822348 0.00152864 0.00570944
internal_weight=169.85 118.35 103.35 75 56 51.5
internal_count=157 118 103 75 56 39
is_linear=0
shrinkage=0.0258836


Tree=243
num_leaves=7
num_cat=0
split_feature=8 10 9 9 7 7
split_gain=2.15191 1.76022 2.26971 1.6451 2.97166 1.11778
threshold=61.500000000000007 44.500000000000007 37.500000000000007 24.500000000000004 20.928571428571434 12.642857142857144
decision_type=2 2 2 2 2 2
left_child=1 2 3 5 -5 -1
right_child=-2 -3 -4 4 -6 -7
leaf_value=-0.016157880123797267 0.061374569704022226 -0.0096915102703864411 -0.01878053023007719 -0.010253668275258273 -0.020432917471821733 0.040869827964357251
leaf_weight=44 24.350000381469727 32.100000262260437 20.400000095367432 14.999999999999998 18 15.999999999999998
leaf_count=44 17 28 19 15 18 16
internal_value=0.00124767 0 0.00153088 -0.000127246 -0.00468244 0.00225595
internal_weight=169.85 145.5 113.4 93 33 60
internal_count=157 140 112 93 33 60
is_linear=0
shrinkage=0.0258836


Tree=244
num_leaves=7
num_cat=0
split_feature=8 10 9 9 7 7
split_gain=1.95051 2.01664 3.53016 1.6451 2.97166 1.11778
threshold=61.500000000000007 44.500000000000007 37.500000000000007 24.500000000000004 20.928571428571434 12.642857142857144
decision_type=2 2 2 2 2 2
left_child=1 2 3 5 -5 -1
right_child=-2 -3 -4 4 -6 -7
leaf_value=-0.015739655327849156 0.059785972270806467 -0.0094406586813038131 -0.018294421695845588 -0.009988265989235405 -0.019904039136619114 0.039811967940030592
leaf_weight=44 24.350000381469727 32.100000262260437 20.400000095367432 14.999999999999998 18 15.999999999999998
leaf_count=44 17 28 19 15 18 16
internal_value=0.00154757 0.000256762 0.0019765 -0.000127246 -0.00468244 0.00225595
internal_weight=169.85 145.5 113.4 93 33 60
internal_count=157 140 112 93 33 60
is_linear=0
shrinkage=0.0258836


Tree=245
num_leaves=7
num_cat=0
split_feature=2 11 8 1 8 6
split_gain=1.08967 5.86791 2.84652 4.21269 1.42169 0.498671
threshold=64.500000000000014 46.500000000000007 19.500000000000004 19.500000000000004 29.500000000000004 6.5000000000000009
decision_type=2 2 2 2 2 2
left_child=1 2 3 5 -4 -1
right_child=-2 -3 4 -5 -6 -7
leaf_value=0.0008134614284732956 0.14043299939981427 -0.040757601666767881 0.012529283987763293 -0.025394875112435416 -0.0016352137411238352 -0.010744759263031476
leaf_weight=15.999999999999998 27.300000429153442 20.500000238418579 29.350000023841858 15.999999999999998 26.100000143051147 39
leaf_count=16 19 17 29 16 24 39
internal_value=0.00272272 0.00164597 0.00385008 0.000165194 0.00810075 0.00379535
internal_weight=174.25 146.95 126.45 71 55.45 55
internal_count=160 141 124 71 53 55
is_linear=0
shrinkage=0.0258836


Tree=246
num_leaves=8
num_cat=0
split_feature=8 6 11 4 1 1 1
split_gain=0.99012 3.23256 1.18997 4.64222 0.684622 0.826952 0.91441
threshold=12.500000000000002 7.5000000000000009 46.500000000000007 64.500000000000014 21.500000000000004 29.500000000000004 39.000000000000007
decision_type=2 2 2 2 2 2 2
left_child=1 -1 4 -4 -2 -6 -7
right_child=2 -3 3 -5 5 6 -8
leaf_value=0.00079240608350673771 -0.016756018562248707 -0.017082038757959179 -0.039702646467829776 0.084911948244935836 0.01767654951563637 -0.0058187943073993798 0.040422276755422912
leaf_weight=20 26 19 20.500000238418579 24.950000405311584 21.350000023841858 20 22.450000166893005
leaf_count=20 26 19 17 17 21 20 20
internal_value=0.00301516 -0.000291751 0.00405468 0.000279565 0.00575187 0.00722073 0.0041332
internal_weight=174.25 39 135.25 45.45 89.8 63.8 42.45
internal_count=160 39 121 34 87 61 40
is_linear=0
shrinkage=0.0258836


Tree=247
num_leaves=6
num_cat=0
split_feature=2 1 9 1 5
split_gain=1.43895 4.80473 3.08815 2.57909 0.838209
threshold=64.500000000000014 44.500000000000007 33.000000000000007 19.500000000000004 237.11428571428573
decision_type=2 2 2 2 2
left_child=1 2 3 4 -1
right_child=-2 -3 -4 -5 -6
leaf_value=-0.011823476152229012 0.13460025129024877 -0.038518643975145296 0.016847071808358483 -0.015412792548564855 -0.006537171438498043
leaf_weight=22 27.300000429153442 30.550000309944153 34.400000095367432 29 31
leaf_count=22 19 26 33 29 31
internal_value=0.00213784 0.000954443 0.00344715 0.000449099 0.00393146
internal_weight=174.25 146.95 116.4 82 53
internal_count=160 141 115 82 53
is_linear=0
shrinkage=0.0258836


Tree=248
num_leaves=7
num_cat=0
split_feature=7 6 7 10 11 9
split_gain=1.28981 2.96308 3.06059 1.17614 0.846393 1.81289
threshold=56.357142857142868 15.000000000000002 11.500000000000002 19.500000000000004 24.500000000000004 51.000000000000007
decision_type=2 2 2 2 2 2
left_child=1 2 -1 -4 -3 -6
right_child=-2 4 3 -5 5 -7
leaf_value=0.015122990951506196 -0.048486345773081613 0.012808017624230632 -0.0023100177692010108 -0.0092111729474436323 -0.002722357632128533 0.037737007735211478
leaf_weight=28 33.100000500679016 19 14.999999999999998 27 23.400000095367432 28.750000238418579
leaf_count=28 24 19 15 27 22 25
internal_value=0.00272272 0.00381652 0 -0.00431928 0.00743068 0.00481709
internal_weight=174.25 141.15 70 42 71.15 52.15
internal_count=160 136 70 42 66 47
is_linear=0
shrinkage=0.0258836


Tree=249
num_leaves=7
num_cat=0
split_feature=8 0 7 7 8 8
split_gain=1.82835 2.94777 1.76702 1.1034 1.43864 2.06261
threshold=12.500000000000002 9.8333333333333339 56.357142857142868 45.000000000000007 29.500000000000004 21.500000000000004
decision_type=2 2 2 2 2 2
left_child=1 -1 3 4 5 -2
right_child=2 -3 -4 -5 -6 -7
leaf_value=0.011764833307818497 -0.012952502956861067 -0.016756118813918735 -0.047231342523159671 0.082800702719768846 -0.012371710402781958 0.010518486630668743
leaf_weight=15.999999999999998 38.350000023841858 23 33.100000500679016 15.050000190734862 24.75000011920929 24
leaf_count=16 38 23 24 12 23 24
internal_value=0.0018454 -0.00277047 0.00330454 0.00498848 0.00341896 0.00549349
internal_weight=174.25 39 135.25 102.15 87.1 62.35
internal_count=160 39 121 97 85 62
is_linear=0
shrinkage=0.0258836


Tree=250
num_leaves=7
num_cat=0
split_feature=1 6 1 1 5 6
split_gain=2.22662 2.83161 2.30022 2.69285 1.09026 1.90653
threshold=19.500000000000004 17.000000000000004 44.500000000000007 63.500000000000007 242.19285714285718 8.5000000000000018
decision_type=2 2 2 2 2 2
left_child=4 -2 -3 -4 -1 -6
right_child=1 2 3 -5 5 -7
leaf_value=-0.0066450148769242297 -0.020018159448172229 0.04316588940657623 -0.033142842095643804 0.049346219480274782 -0.014424118171877932 0.031016975922744029
leaf_weight=22 19 40.400000095367432 22.450000166893005 38.100000619888306 15.999999999999998 15.999999999999998
leaf_count=22 19 39 20 27 16 16
internal_value=0.00280058 0.000658233 0.00252569 -0.000499041 0.00705381 0.0100282
internal_weight=173.95 119.95 100.95 60.55 54 32
internal_count=159 105 86 47 54 32
is_linear=0
shrinkage=0.0258836


Tree=251
num_leaves=7
num_cat=0
split_feature=11 1 1 9 10 10
split_gain=3.06132 3.77105 3.37827 1.37437 4.56702 1.82505
threshold=56.000000000000007 54.500000000000007 14.500000000000002 33.000000000000007 44.500000000000007 26.500000000000004
decision_type=2 2 2 2 2 2
left_child=1 2 -1 5 -5 -4
right_child=-2 -3 3 4 -6 -7
leaf_value=0.021402648019500016 -0.039344700164957086 0.094414523844496431 0.00051949115040890112 0.055974847719057738 -0.0060244896536218564 -0.050895740324449192
leaf_weight=24 32.750000476837158 17.100000262260437 38 26.400000095367432 18.700000047683716 17
leaf_count=24 24 13 38 25 18 17
internal_value=0.00309351 0.00477705 0.0028911 0.000546211 0.00387735 -0.00200315
internal_weight=173.95 141.2 124.1 100.1 45.1 55
internal_count=159 135 122 98 43 55
is_linear=0
shrinkage=0.0258836


Tree=252
num_leaves=6
num_cat=0
split_feature=11 2 1 6 5
split_gain=2.61737 1.14784 1.01991 3.38448 1.74213
threshold=51.500000000000007 61.500000000000007 14.500000000000002 15.000000000000002 359.45142857142861
decision_type=2 2 2 2 2
left_child=2 -2 -1 4 -4
right_child=1 -3 3 -5 -6
leaf_value=0.020848669525284014 -0.037270891791707707 -0.03302593015055081 0.00050604482708482411 0.032203072698338588 -0.039167291265654956
leaf_weight=24 17.700000166893005 23.100000381469727 24 68.150000333786011 17
leaf_count=24 15 16 24 63 17
internal_value=0.00250764 -0.00289364 0.00428872 0.00289569 -0.00264387
internal_weight=173.95 40.8 133.15 109.15 41
internal_count=159 31 128 104 41
is_linear=0
shrinkage=0.0258836


Tree=253
num_leaves=6
num_cat=0
split_feature=11 2 1 6 5
split_gain=2.61737 1.14784 1.01991 3.38448 1.74213
threshold=51.500000000000007 61.500000000000007 14.500000000000002 15.000000000000002 359.45142857142861
decision_type=2 2 2 2 2
left_child=2 -2 -1 4 -4
right_child=1 -3 3 -5 -6
leaf_value=0.020309030012476921 -0.036306185345381686 -0.032171098774628502 0.00049294654358932575 0.031369539870704344 -0.038153499092924807
leaf_weight=24 17.700000166893005 23.100000381469727 24 68.150000333786011 17
leaf_count=24 15 16 24 63 17
internal_value=0.00250764 -0.00289364 0.00428872 0.00289569 -0.00264387
internal_weight=173.95 40.8 133.15 109.15 41
internal_count=159 31 128 104 41
is_linear=0
shrinkage=0.0258836


Tree=254
num_leaves=8
num_cat=0
split_feature=10 6 9 6 8 5 5
split_gain=1.86436 3.31885 0.754723 1.90373 1.17149 0.407318 0.818529
threshold=26.500000000000004 21.500000000000004 69.000000000000014 48.500000000000007 32.500000000000007 261.56428571428575 397.22285714285721
decision_type=2 2 2 2 2 2 2
left_child=5 -2 4 -4 -3 -1 -7
right_child=1 2 3 -5 -6 6 -8
leaf_value=0.019783358336007272 -0.022089453563305717 -0.011841975006308732 -0.026876173018446137 0.044320127252482439 0.093952625615770724 -0.0015189710699582508 0.021291542215196028
leaf_weight=24 22 18.350000023841858 18.500000238418579 29.750000476837158 21.00000011920929 22 18.350000023841858
leaf_count=24 22 18 15 21 19 22 18
internal_value=0.0026834 0.000453965 0.00285584 0.000314955 0.00542065 0.00610107 0.0034941
internal_weight=173.95 109.6 87.6 48.25 39.35 64.35 40.35
internal_count=159 95 73 36 37 64 40
is_linear=0
shrinkage=0.0258836


Tree=255
num_leaves=8
num_cat=0
split_feature=5 8 2 1 11 11 5
split_gain=1.6229 4.74589 3.48515 3.076 1.55347 1.18804 0.719308
threshold=1210.9100000000001 64.500000000000014 34.500000000000007 23.500000000000004 25.500000000000004 10.500000000000002 261.56428571428575
decision_type=2 2 2 2 2 2 2
left_child=2 -2 3 5 -5 -1 -7
right_child=1 -3 -4 4 -6 6 -8
leaf_value=-0.002607673452586441 -0.027013125356303444 0.013386592357939433 0.039142201343545673 -0.014301444211080133 -0.0026118289178885799 0.027423038404302547 0.00051950379583345062
leaf_weight=28 20.500000238418579 24.600000381469727 20.150000214576721 14.999999999999998 29.350000023841858 14.999999999999998 24
leaf_count=28 17 17 17 15 29 15 24
internal_value=-0.000558571 -0.00468842 0.000823301 -0.000934648 -0.00610888 0.00240059 0.00524918
internal_weight=176.6 45.1 131.5 111.35 44.35 67 39
internal_count=162 34 128 111 44 67 39
is_linear=0
shrinkage=0.0258836


Tree=256
num_leaves=7
num_cat=0
split_feature=5 5 8 0 9 1
split_gain=1.37221 2.37329 1.49972 1.6069 2.35264 0.970455
threshold=359.45142857142861 237.11428571428573 53.000000000000007 40.333333333333343 40.500000000000007 23.500000000000004
decision_type=2 2 2 2 2 2
left_child=1 -1 3 4 5 -2
right_child=2 -3 -4 -5 -6 -7
leaf_value=-0.013614243048285334 -0.032046822960231057 0.0034316236925211302 0.035164934992608567 -0.021699648535454849 0.0083566596327230448 -0.012357907102887221
leaf_weight=23 18 28 40.100000619888306 16.450000166893005 21.050000071525574 30
leaf_count=23 18 28 29 14 20 30
internal_value=-0.000269964 0.00311493 -0.00178866 -0.00374484 -0.00159325 -0.00482848
internal_weight=176.6 51 125.6 85.5 69.05 48
internal_count=162 51 111 82 68 48
is_linear=0
shrinkage=0.0258836


Tree=257
num_leaves=7
num_cat=0
split_feature=5 8 4 3 5 5
split_gain=1.22247 3.51818 3.21874 3.49453 1.11384 1.57174
threshold=1210.9100000000001 64.500000000000014 34.500000000000007 778.53714285714307 237.11428571428573 359.45142857142861
decision_type=2 2 2 2 2 2
left_child=2 -2 3 4 -1 -6
right_child=1 -3 -4 -5 5 -7
leaf_value=-0.013261856845563674 -0.025752261321859881 0.012129901971355337 0.038593803677389626 -0.0039070591491972501 0.0033428007709757845 -0.0041822056108052697
leaf_weight=23 20.500000238418579 24.600000381469727 20.150000214576721 24.350000023841858 28 36
leaf_count=23 17 17 17 24 28 36
internal_value=0 -0.003607 0.00120885 -0.000481025 0.00186576 0.00367143
internal_weight=176.6 45.1 131.5 111.35 87 64
internal_count=162 34 128 111 87 64
is_linear=0
shrinkage=0.0258836


Tree=258
num_leaves=8
num_cat=0
split_feature=1 1 5 8 4 11 7
split_gain=1.72874 2.15653 2.10014 3.51818 2.40582 1.66669 0.76629
threshold=23.500000000000004 32.500000000000007 1210.9100000000001 64.500000000000014 34.500000000000007 10.500000000000002 14.857142857142859
decision_type=2 2 2 2 2 2 2
left_child=5 -2 4 -4 -3 -1 -7
right_child=1 2 3 -5 -6 6 -8
leaf_value=-0.0018026740072306542 -0.013072712459183235 -0.0023138901533776659 -0.025085698991033089 0.011815935922717161 0.037594855452488279 0.00033071036287399882 0.035626950389636182
leaf_weight=28 26.350000023841858 18 20.500000238418579 24.600000381469727 20.150000214576721 20 19
leaf_count=28 26 18 17 17 17 20 19
internal_value=0 -0.00204334 0 -0.003607 0.00437777 0.00314257 0.00648854
internal_weight=176.6 109.6 83.25 45.1 38.15 67 39
internal_count=162 95 69 34 35 67 39
is_linear=0
shrinkage=0.0258836


Tree=259
num_leaves=8
num_cat=0
split_feature=5 3 1 9 5 5 1
split_gain=0.759694 4.65658 1.90099 1.43102 0.9893 0.908242 0.821193
threshold=1266.2457142857143 1181.4000000000003 23.500000000000004 40.500000000000007 237.11428571428573 359.45142857142861 80.500000000000014
decision_type=2 2 2 2 2 2 2
left_child=1 2 4 -4 -1 -6 -2
right_child=6 -3 3 -5 5 -7 -8
leaf_value=-0.0056647821697223821 -0.029799347840675505 0.028516692164220283 -0.016059042697467198 -0.0049594588553321427 0.015008374403837966 -0.032031238983705093 -0.025517557815342845
leaf_weight=22 20.500000238418579 17.400000214576721 30 21.050000071525574 27 18 20.650000333786011
leaf_count=22 17 14 30 20 27 18 14
internal_value=0.000544141 0.00153947 -0.000304386 -0.00404986 0.00240059 0.00458987 -0.0023107
internal_weight=176.6 135.45 118.05 51.05 67 45 41.15
internal_count=162 131 117 50 67 45 31
is_linear=0
shrinkage=0.0258836


Tree=260
num_leaves=7
num_cat=0
split_feature=5 9 9 1 3 11
split_gain=2.63437 7.05306 1.9844 0.89449 2.34991 0.990315
threshold=1520.2671428571432 63.500000000000007 33.000000000000007 18.500000000000004 668.82857142857154 10.500000000000002
decision_type=2 2 2 2 2 2
left_child=1 2 3 5 -5 -1
right_child=-2 -3 -4 4 -6 -7
leaf_value=-0.0090307783379372057 0.18585557760991225 -0.026967646560754472 0.019409475041510513 -0.041897828580901866 0.023133937498814879 0.0093722168065304423
leaf_weight=30 24.350000381469727 16.050000190734863 42.75000011920929 19 18 26
leaf_count=30 17 13 41 19 18 26
internal_value=0.00298314 0.00151897 0.00359159 0.00120833 -0.00160811 0.00329035
internal_weight=176.15 151.8 135.75 93 37 56
internal_count=164 147 134 93 37 56
is_linear=0
shrinkage=0.0258836


Tree=261
num_leaves=6
num_cat=0
split_feature=6 7 1 1 8
split_gain=2.9215 2.1175 2.07266 2.3362 1.34839
threshold=48.500000000000007 42.500000000000007 32.500000000000007 26.500000000000004 18.500000000000004
decision_type=2 2 2 2 2
left_child=1 2 3 4 -1
right_child=-2 -3 -4 -5 -6
leaf_value=-0.0067908652364522398 0.18118588585065776 -0.026811832344300585 0.039686015452416824 -0.066746901212114032 0.0021457961232807096
leaf_weight=70 24.600000381469727 19.800000190734863 28.75000011920929 15.999999999999998 17
leaf_count=70 17 17 27 16 17
internal_value=0.00279507 0.00126145 0.00254389 0.000604651 0.00244243
internal_weight=176.15 151.55 131.75 103 87
internal_count=164 147 130 103 87
is_linear=0
shrinkage=0.0258836


Tree=262
num_leaves=7
num_cat=0
split_feature=6 11 8 11 0 2
split_gain=2.46175 3.40176 2.74827 1.32831 1.10738 1.47754
threshold=48.500000000000007 42.500000000000007 19.500000000000004 24.500000000000004 9.1666666666666696 12.500000000000002
decision_type=2 2 2 2 2 2
left_child=1 2 4 -4 -1 -6
right_child=-2 -3 3 -5 5 -7
leaf_value=0.01487525420131741 0.1764961351186318 -0.015160922835706381 0.020696411943520891 0.0052177009363149401 -0.0084881028252878476 -0.0061422638102961924
leaf_weight=19 24.600000381469727 18.100000143051147 20 34.450000166893005 25 35
leaf_count=19 17 16 20 32 25 35
internal_value=0.00337374 0.00193236 0.00346221 0.00778996 0.000149032 -0.00143123
internal_weight=176.15 151.55 133.45 54.45 79 60
internal_count=164 147 131 52 79 60
is_linear=0
shrinkage=0.0258836


Tree=263
num_leaves=6
num_cat=0
split_feature=6 11 1 1 2
split_gain=2.68806 3.16878 2.04758 1.67036 0.822146
threshold=48.500000000000007 42.500000000000007 32.500000000000007 24.500000000000004 9.5000000000000018
decision_type=2 2 2 2 2
left_child=1 2 3 4 -1
right_child=-2 -3 -4 -5 -6
leaf_value=-0.014029039044422877 0.17192777221891567 -0.014768502925992548 0.046560821783983457 -0.013392628845777172 0.014580202890303777
leaf_weight=25 24.600000381469727 18.100000143051147 30.450000166893005 23 55
leaf_count=25 17 16 28 23 55
internal_value=0.00308441 0.0015969 0.00308219 0.00109409 0.00296171
internal_weight=176.15 151.55 133.45 103 80
internal_count=164 147 131 103 80
is_linear=0
shrinkage=0.0258836


Tree=264
num_leaves=6
num_cat=0
split_feature=5 1 1 10 10
split_gain=2.5556 2.89102 1.67329 2.09745 1.02692
threshold=1520.2671428571432 50.500000000000007 32.500000000000007 29.500000000000004 21.500000000000004
decision_type=2 2 2 2 2
left_child=1 2 3 4 -1
right_child=-2 -3 -4 -5 -6
leaf_value=-0.0038071366193651148 0.16733672758643192 -0.013635974487397326 0.02539274523412003 -0.0371309625665001 -0.0099854682237084623
leaf_weight=59 24.350000381469727 24.750000238418579 24.050000071525574 17 27
leaf_count=59 17 21 23 17 27
internal_value=0.00308441 0.00163618 0.00329395 0.00158352 0.00334469
internal_weight=176.15 151.8 127.05 103 86
internal_count=164 147 126 103 86
is_linear=0
shrinkage=0.0258836


Tree=265
num_leaves=8
num_cat=0
split_feature=8 0 7 5 0 5 6
split_gain=1.69708 3.20407 3.53383 2.33105 1.94952 1.81747 0.890424
threshold=14.500000000000002 25.166666666666668 17.928571428571434 835.98428571428587 9.8333333333333339 1266.2457142857143 59.000000000000007
decision_type=2 2 2 2 2 2 2
left_child=4 2 -2 -3 -1 -5 -7
right_child=1 3 -4 5 -6 6 -8
leaf_value=0.0047586107357119435 -0.00084760431478316347 -0.020105023578849184 0.025605970347738455 0.03801419805059842 -0.012371649943476649 -0.026535502471867457 -0.026815800133683836
leaf_weight=19 21 21 17.350000023841858 28.450000286102295 29 20.750000238418579 19.300000309944153
leaf_count=19 21 21 17 24 29 17 13
internal_value=0.00111882 0.00271893 0.00869985 0 -0.00278917 0.00231375 -0.000979753
internal_weight=175.85 127.85 38.35 89.5 48 68.5 40.05
internal_count=161 113 38 75 48 54 30
is_linear=0
shrinkage=0.0258836


Tree=266
num_leaves=8
num_cat=0
split_feature=11 11 3 7 7 11 11
split_gain=0.783098 4.99417 1.85733 1.61718 1.37422 1.14918 1.85112
threshold=23.500000000000004 16.500000000000004 906.33000000000004 12.428571428571431 9.3571428571428594 56.000000000000007 37.500000000000007
decision_type=2 2 2 2 2 2 2
left_child=1 3 -2 4 -1 6 -4
right_child=2 -3 5 -5 -6 -7 -8
leaf_value=-0.023337073387875888 -0.026950273663903672 -0.0016545181362640166 -0.0064554084836732691 -0.0094899675645869659 0.01706263260746033 -0.034207203771545076 0.0074418079136028851
leaf_weight=15.999999999999998 18 21 16.700000047683716 24 21 35.950000524520874 23.200000286102295
leaf_count=16 18 21 16 24 21 26 19
internal_value=0.00169846 0.00350252 0 -0.000191099 0.00290979 0.00188345 0.00483516
internal_weight=175.85 82 93.85 61 37 75.85 39.9
internal_count=161 82 79 61 37 61 35
is_linear=0
shrinkage=0.0258836


Tree=267
num_leaves=8
num_cat=0
split_feature=11 11 3 0 11 11 7
split_gain=1.3555 5.16712 1.85733 1.855 1.14918 1.85112 0.944565
threshold=16.500000000000004 23.500000000000004 906.33000000000004 9.8333333333333339 56.000000000000007 37.500000000000007 13.000000000000002
decision_type=2 2 2 2 2 2 2
left_child=3 -2 -3 -1 5 -4 -5
right_child=1 2 4 6 -6 -7 -8
leaf_value=0.011669959614880416 -0.0016116931799807323 -0.026252702409662761 -0.0062883189969855898 -0.012779488308073491 -0.033321796731283715 0.0072491868165094064 -0.025795778068390139
leaf_weight=20 21 18 16.700000047683716 25 35.950000524520874 23.200000286102295 15.999999999999998
leaf_count=20 21 18 16 25 26 19 16
internal_value=0.00111882 0.00279937 0 -0.00181468 0.00188345 0.00483516 -0.00500933
internal_weight=175.85 114.85 93.85 61 75.85 39.9 41
internal_count=161 100 79 61 61 35 41
is_linear=0
shrinkage=0.0258836


Tree=268
num_leaves=7
num_cat=0
split_feature=8 11 9 8 0 11
split_gain=1.14095 2.75401 3.34181 1.41799 1.13585 1.84604
threshold=12.500000000000002 23.500000000000004 21.500000000000004 9.5000000000000018 35.333333333333336 56.000000000000007
decision_type=2 2 2 2 2 2
left_child=3 2 -2 -1 -3 -6
right_child=1 4 -4 -5 5 -7
leaf_value=-0.0035409034101510682 -0.0012574712557664991 -0.014784254992989632 0.025780276620226493 -0.010995381544205651 0.025038921994252603 -0.032459307250498337
leaf_weight=23 18 27.350000023841858 23 20 28.550000309944153 35.950000524520874
leaf_count=23 18 27 23 20 24 26
internal_value=0.00198827 0.00319125 0.00855751 -0.0013973 0.000470737 0.00245133
internal_weight=175.85 132.85 41 43 91.85 64.5
internal_count=161 118 41 43 77 50
is_linear=0
shrinkage=0.0258836


Tree=269
num_leaves=7
num_cat=0
split_feature=8 0 11 0 11 8
split_gain=0.64714 1.69135 2.75469 2.11118 1.84604 1.41799
threshold=12.500000000000002 25.166666666666668 16.500000000000004 35.333333333333336 56.000000000000007 9.5000000000000018
decision_type=2 2 2 2 2 2
left_child=5 2 -2 -3 -5 -1
right_child=1 3 -4 4 -6 -7
leaf_value=-0.003449251931439985 -0.00052340192082332335 -0.015527888770194832 0.0098740613175243037 0.024390823483707056 -0.03161914213926801 -0.010710781016941921
leaf_weight=23 24 25 19.350000023841858 28.550000309944153 35.950000524520874 20
leaf_count=23 24 25 19 24 26 20
internal_value=0.00111882 0.00204612 0.00607297 0 0.00245133 -0.0013973
internal_weight=175.85 132.85 43.35 89.5 64.5 43
internal_count=161 118 43 75 50 43
is_linear=0
shrinkage=0.0258836


Tree=270
num_leaves=8
num_cat=0
split_feature=10 1 1 7 7 10 9
split_gain=0.902869 1.74221 1.90839 2.12654 1.24864 2.24531 2.18936
threshold=87.500000000000014 28.500000000000004 37.500000000000007 51.928571428571438 20.928571428571434 19.500000000000004 15.500000000000002
decision_type=2 2 2 2 2 2 2
left_child=1 4 -3 -4 5 6 -1
right_child=-2 2 3 -5 -6 -7 -8
leaf_value=-0.019780976067395518 0.055233461023516117 -0.006636760355442679 0.01813434510011433 -0.055242692589724023 0.02073025669844264 -0.012888419296445325 0.030468880903541641
leaf_weight=17 18.450000286102295 21 28.800000190734863 20.800000309944153 16.350000023841858 24 26
leaf_count=17 12 21 26 16 16 24 26
internal_value=0.00280319 0.00195231 -0.000871665 0.00171545 0.00445447 0.00240059 0.00592148
internal_weight=172.4 153.95 70.6 49.6 83.35 67 43
internal_count=158 146 63 42 83 67 43
is_linear=0
shrinkage=0.0258836


Tree=271
num_leaves=7
num_cat=0
split_feature=10 11 4 1 7 4
split_gain=1.32154 3.07517 2.78438 1.8063 1.59267 1.0478
threshold=87.500000000000014 56.000000000000007 42.500000000000007 26.500000000000004 30.214285714285719 12.500000000000002
decision_type=2 2 2 2 2 2
left_child=1 2 3 5 -5 -1
right_child=-2 -3 -4 4 -6 -7
leaf_value=-0.0083631350270732402 0.05380381785318171 -0.17124026000571782 0.0476003616668726 -0.0071073845600675761 -0.00055464605875954378 0.026600235152141202
leaf_weight=38 18.450000286102295 15.400000214576719 16.500000238418579 22 21.700000047683716 40.350000023841858
leaf_count=38 12 12 13 22 21 40
internal_value=0.00191661 0.00096136 0.00231159 0.000730106 -0.00321436 0.00313363
internal_weight=172.4 153.95 138.55 122.05 43.7 78.35
internal_count=158 146 134 121 43 78
is_linear=0
shrinkage=0.0258836


Tree=272
num_leaves=6
num_cat=0
split_feature=10 11 5 3 7
split_gain=1.47185 3.05335 1.5059 2.57047 1.16905
threshold=87.500000000000014 53.000000000000007 835.98428571428587 812.71500000000015 20.928571428571434
decision_type=2 2 2 2 2
left_child=1 2 3 4 -1
right_child=-2 -3 -4 -5 -6
leaf_value=-0.0034387214685660632 0.052411179055859909 -0.046072898491313193 0.044137666492074873 -0.016730117628660009 0.0089293335316901791
leaf_weight=68 18.450000286102295 18.750000238418579 23.850000262260437 19.350000023841858 24
leaf_count=68 12 15 20 19 24
internal_value=0.00162108 0.000631042 0.00211445 0.000639793 0.00258669
internal_weight=172.4 153.95 135.2 111.35 92
internal_count=158 146 131 111 92
is_linear=0
shrinkage=0.0258836


Tree=273
num_leaves=7
num_cat=0
split_feature=10 11 7 11 5 8
split_gain=0.902869 3.72619 3.0039 2.92158 1.86088 0.392823
threshold=87.500000000000014 56.000000000000007 33.857142857142868 23.500000000000004 311.4057142857144 26.500000000000004
decision_type=2 2 2 2 2 2
left_child=1 2 3 4 -1 -5
right_child=-2 -3 -4 5 -6 -7
leaf_value=-0.0080576599903183898 0.051054586823580869 -0.16561540385671111 0.00070227718163879934 -0.0065620512726217006 0.028196920058073515 -0.017624330730729332
leaf_weight=38 18.450000286102295 15.400000214576719 23.500000238418579 15.350000023841856 42 19.700000047683716
leaf_count=38 12 12 20 15 42 19
internal_value=0.00280319 0.00195231 0.00341053 0.00143255 0.00421259 -0.0043944
internal_weight=172.4 153.95 138.55 115.05 80 35.05
internal_count=158 146 134 114 80 34
is_linear=0
shrinkage=0.0258836


Tree=274
num_leaves=8
num_cat=0
split_feature=7 7 11 2 5 3 3
split_gain=1.82705 3.09651 2.11985 0.919827 2.04202 1.90051 0.833306
threshold=33.857142857142868 56.357142857142868 23.500000000000004 12.500000000000002 411.97857142857146 302.01428571428573 906.33000000000004
decision_type=2 2 2 2 2 2 2
left_child=2 -2 3 5 -5 -1 -4
right_child=1 -3 6 4 -6 -7 -8
leaf_value=0.020400915721598512 0.064207720328581144 -0.027913250770322768 -0.043432798294787668 0.043869559242553563 -0.012364872584173079 -0.0016415910334330206 -0.011789293722693391
leaf_weight=23 24.750000238418579 32.600000500679016 19 14.999999999999998 27 14.999999999999998 16.050000071525574
leaf_count=23 21 23 19 15 27 15 15
internal_value=0.0026111 0.0062948 0.000553794 0.00296171 0.00547559 0 -0.0043944
internal_weight=172.4 57.35 115.05 80 42 38 35.05
internal_count=158 44 114 80 42 38 34
is_linear=0
shrinkage=0.0258836


Tree=275
num_leaves=8
num_cat=0
split_feature=1 10 1 1 6 5 10
split_gain=4.2522 2.94956 2.7981 3.06411 1.40225 0.951102 0.362707
threshold=19.500000000000004 17.500000000000004 59.500000000000007 44.500000000000007 15.000000000000002 630.32214285714304 14.500000000000002
decision_type=2 2 2 2 2 2 2
left_child=1 6 3 4 -2 -6 -1
right_child=2 -3 -4 -5 5 -7 -8
leaf_value=0.01116494035327089 -0.0090979251696468935 0.027156780671070142 0.034500035734652462 -0.077040916687592123 0.0058800083475146602 -0.001799719501877984 -0.0013232617085529241
leaf_weight=19 14.999999999999998 15.999999999999998 32.700000524520874 17.400000095367432 19.350000023841858 25.350000023841858 22
leaf_count=19 15 16 23 16 19 25 22
internal_value=-0.000957197 0.00453447 -0.00397116 -0.00663407 -0.00321976 -0.000420299 0.00027842
internal_weight=166.8 57 109.8 77.1 59.7 44.7 41
internal_count=155 57 98 75 59 44 41
is_linear=0
shrinkage=0.0258836


Tree=276
num_leaves=6
num_cat=0
split_feature=1 10 9 9 10
split_gain=3.2236 2.94956 2.3028 0.9359 0.362707
threshold=19.500000000000004 17.500000000000004 73.500000000000014 31.000000000000004 14.500000000000002
decision_type=2 2 2 2 2
left_child=1 4 3 -2 -1
right_child=2 -3 -4 -5 -6
leaf_value=0.010875951026376292 -0.00066060188021337791 0.026453864263240229 -0.016231160253909721 -0.0042196998129100747 -0.0012890108752873428
leaf_weight=19 25 15.999999999999998 31.450000524520874 53.350000143051147 22
leaf_count=19 25 16 22 51 22
internal_value=-0.000239774 0.00453447 -0.00289047 -0.00527147 0.00027842
internal_weight=166.8 57 109.8 78.35 41
internal_count=155 57 98 76 41
is_linear=0
shrinkage=0.0258836


Tree=277
num_leaves=5
num_cat=0
split_feature=9 9 2 9
split_gain=2.66146 2.14867 0.871236 0.83309
threshold=24.500000000000004 73.500000000000014 18.500000000000004 17.500000000000004
decision_type=2 2 2 2
left_child=3 2 -2 -1
right_child=1 -3 -4 -5
leaf_value=0.0082618177821057476 -0.0062910418669231694 -0.015811038701256636 -0.0073056881253484073 0.019729207634795194
leaf_weight=36 18 31.450000524520874 59.350000143051147 22
leaf_count=36 18 22 57 22
internal_value=-0.000239774 -0.00268438 -0.0050142 0.00403392
internal_weight=166.8 108.8 77.35 58
internal_count=155 97 75 58
is_linear=0
shrinkage=0.0258836


Tree=278
num_leaves=6
num_cat=0
split_feature=1 9 7 9 5
split_gain=2.827 1.94862 1.8341 1.70123 0.510214
threshold=19.500000000000004 73.500000000000014 9.3571428571428594 31.000000000000004 344.35000000000002
decision_type=2 2 2 2 2
left_child=2 3 -1 -2 -4
right_child=1 -3 4 -5 -6
leaf_value=-0.022949242088073342 -0.00049379938788112311 -0.015401791424763825 0.030149237739700269 -0.003921380789512794 0.011981482079752198
leaf_weight=15.999999999999998 25 31.450000524520874 25 53.350000143051147 15.999999999999998
leaf_count=16 25 22 25 51 16
internal_value=0 -0.0024306 0.00453447 -0.00463331 0.00737478
internal_weight=166.8 109.8 57 78.35 41
internal_count=155 98 57 76 41
is_linear=0
shrinkage=0.0258836


Tree=279
num_leaves=7
num_cat=0
split_feature=1 10 9 9 7 8
split_gain=2.827 2.94956 1.94862 1.70123 0.757224 0.346054
threshold=19.500000000000004 17.500000000000004 73.500000000000014 31.000000000000004 9.3571428571428594 34.500000000000007
decision_type=2 2 2 2 2 2
left_child=1 4 3 -2 -1 -5
right_child=2 -3 -4 5 -6 -7
leaf_value=-0.01345851040505313 -0.00048101806095864205 0.024745102585229762 -0.015003136958552595 -0.0026593935800920659 0.020127921791691789 -0.038350370688735175
leaf_weight=14.999999999999998 25 15.999999999999998 31.450000524520874 31.350000023841858 26 22.00000011920929
leaf_count=15 25 16 22 31 26 20
internal_value=0 0.00453447 -0.0024306 -0.00463331 0.00027842 -0.00715857
internal_weight=166.8 57 109.8 78.35 41 53.35
internal_count=155 57 98 76 41 51
is_linear=0
shrinkage=0.0258836


Tree=280
num_leaves=7
num_cat=0
split_feature=10 9 11 5 9 10
split_gain=1.5625 4.19293 2.20782 1.19708 1.1474 0.39767
threshold=54.500000000000007 29.500000000000004 56.000000000000007 718.43357142857155 15.500000000000002 19.500000000000004
decision_type=2 2 2 2 2 2
left_child=1 4 -2 -3 -1 -6
right_child=2 3 -4 -5 5 -7
leaf_value=-0.016663967333416251 0.021431478888933143 -0.0084335627708141906 -0.036832386025012161 -0.0013342203329339336 0.03110752202247492 -0.0048397125484778234
leaf_weight=21 20.450000286102295 29 32.250000476837158 19.700000047683716 26 30
leaf_count=21 16 29 23 19 26 30
internal_value=0.00195315 0.000235891 0.00558593 -0.00541657 0.00404654 0.00593291
internal_weight=178.4 125.7 52.7 48.7 77 56
internal_count=164 125 39 48 77 56
is_linear=0
shrinkage=0.0258836


Tree=281
num_leaves=6
num_cat=0
split_feature=5 11 1 9 11
split_gain=1.71325 1.70218 5.13001 4.15364 1.05404
threshold=213.41571428571436 73.500000000000014 59.500000000000007 44.500000000000007 25.500000000000004
decision_type=2 2 2 2 2
left_child=-1 2 3 4 -2
right_child=1 -3 -4 -5 -6
leaf_value=-0.011357119078129807 0.023430479021381987 -0.064846620066436489 0.023578299157469 -0.0034214852724719393 -0.0071193610937481111
leaf_weight=22 68 19.050000309944153 21.900000333786011 27.75000011920929 19.700000047683716
leaf_count=22 68 13 16 26 19
internal_value=0.00252463 0.00352404 0.00456657 0.00208454 0.00491263
internal_weight=178.4 156.4 137.35 115.45 87.7
internal_count=164 142 129 113 87
is_linear=0
shrinkage=0.0258836


Tree=282
num_leaves=7
num_cat=0
split_feature=1 9 7 2 9 0
split_gain=2.07377 2.5068 1.53375 1.41469 3.2154 0.952885
threshold=59.500000000000007 27.500000000000004 13.000000000000002 25.500000000000004 44.500000000000007 10.500000000000002
decision_type=2 2 2 2 2 2
left_child=1 2 5 -3 -5 -1
right_child=-2 3 -4 4 -6 -7
leaf_value=0.015339638208943905 0.040098434721006014 -0.0047195717371176756 0.031471131450338113 0.031411793050770215 -0.018995988508078227 -0.005324315031134088
leaf_weight=23 40.950000643730164 27 21 20.700000047683716 20.75000011920929 25
leaf_count=23 29 27 21 20 19 25
internal_value=0.00195315 0.000280732 0.0037763 -0.00306042 0 0.000749859
internal_weight=178.4 137.45 69 68.45 41.45 48
internal_count=164 135 69 66 39 48
is_linear=0
shrinkage=0.0258836


Tree=283
num_leaves=7
num_cat=0
split_feature=8 9 8 8 7 0
split_gain=1.98379 2.40377 2.20674 1.87845 1.53375 0.952885
threshold=61.500000000000007 27.500000000000004 31.000000000000004 46.500000000000007 13.000000000000002 10.500000000000002
decision_type=2 2 2 2 2 2
left_child=1 4 -3 -4 5 -1
right_child=-2 2 3 -5 -6 -7
leaf_value=0.014942592494363754 0.043191163160461642 -0.0014884155579573755 0.044888925219458635 -0.045133869267122213 0.030656543928446005 -0.0051865023632346853
leaf_weight=23 31.600000500679016 42 18.400000095367432 17.400000214576721 21 25
leaf_count=23 22 42 17 14 21 25
internal_value=0.00166741 0.00025453 -0.00272132 0.00165814 0.0037763 0.000749859
internal_weight=178.4 146.8 77.8 35.8 69 48
internal_count=164 142 73 31 69 48
is_linear=0
shrinkage=0.0258836


Tree=284
num_leaves=7
num_cat=0
split_feature=1 9 5 7 5 7
split_gain=1.37606 3.09215 1.73333 1.24749 1.06001 1.56972
threshold=59.500000000000007 29.500000000000004 718.43357142857155 9.3571428571428594 267.12714285714293 13.000000000000002
decision_type=2 2 2 2 2 2
left_child=1 3 -3 -1 -5 -6
right_child=-2 2 -4 4 5 -7
leaf_value=-0.021164973722227091 0.037942596528638788 -0.0078703111214854116 -0.0015323503365348356 0.028009739870295019 -0.032997960534600058 0.02002188128171967
leaf_weight=18 40.950000643730164 29 31.450000166893005 19 14.999999999999998 25
leaf_count=18 29 29 29 19 15 25
internal_value=0.00128166 0 -0.00426654 0.00339758 0.00522572 0.0021005
internal_weight=178.4 137.45 60.45 77 59 40
internal_count=164 135 58 77 59 40
is_linear=0
shrinkage=0.0258836


Tree=285
num_leaves=8
num_cat=0
split_feature=11 11 11 7 11 11 5
split_gain=1.71085 4.00633 4.94444 3.51629 1.40641 0.562197 0.366342
threshold=56.000000000000007 37.500000000000007 24.500000000000004 14.857142857142859 9.5000000000000018 18.500000000000004 685.31142857142868
decision_type=2 2 2 2 2 2 2
left_child=1 2 3 4 -1 -5 -4
right_child=-2 -3 6 5 -6 -7 -8
leaf_value=0.01091183132054831 -0.041530856524015551 0.032021776982415921 -0.0042993692323828265 0.021310875925230337 -0.010956976561094567 0.016792378258274558 -0.03760432881618099
leaf_weight=25 31.4000004529953 26.150000333786011 15.000000000000002 22 27 18 14.999999999999998
leaf_count=25 23 21 15 22 27 18 15
internal_value=0.00038627 0.00163288 -0.000305122 0.00258669 -0.00164028 0.0081524 -0.00906046
internal_weight=179.55 148.15 122 92 52 40 30
internal_count=166 143 122 92 52 40 30
is_linear=0
shrinkage=0.0258836


Tree=286
num_leaves=7
num_cat=0
split_feature=11 11 11 10 5 0
split_gain=1.90806 3.71014 2.73782 2.06849 3.19855 1.92336
threshold=56.000000000000007 37.500000000000007 28.500000000000004 17.500000000000004 478.09428571428572 9.8333333333333339
decision_type=2 2 2 2 2 2
left_child=1 2 3 5 -5 -1
right_child=-2 -3 -4 4 -6 -7
leaf_value=0.010629393377421399 -0.040455886672634694 0.031192936748316101 -0.018693408310267001 0.017238074410735781 -0.0010810883091872249 -0.0090047998336855034
leaf_weight=21 31.4000004529953 26.150000333786011 14.999999999999998 27 35 24
leaf_count=21 23 21 15 27 35 24
internal_value=0.000670207 0.00197589 0 0.00152582 0.00458405 -0.00242249
internal_weight=179.55 148.15 122 107 62 45
internal_count=166 143 122 107 62 45
is_linear=0
shrinkage=0.0258836


Tree=287
num_leaves=7
num_cat=0
split_feature=5 11 11 10 0 5
split_gain=2.69822 3.1032 2.50794 3.37403 1.92336 1.67215
threshold=1266.2457142857143 32.500000000000007 24.500000000000004 17.500000000000004 9.8333333333333339 478.09428571428572
decision_type=2 2 2 2 2 2
left_child=1 2 3 4 -1 -5
right_child=-2 -3 -4 5 -6 -7
leaf_value=0.010354265957099918 -0.017777359810968077 0.030641371689482041 -0.015572483738050095 0.017436688776317627 -0.008771722812186274 0.016312340170549229
leaf_weight=21 38.450000524520874 29.100000262260437 21 22 24 24
leaf_count=21 29 25 21 22 24 24
internal_value=0.000769585 0.00249551 0.000331708 0.00233824 -0.00242249 0.00714943
internal_weight=179.55 141.1 112 91 45 46
internal_count=166 137 112 91 45 46
is_linear=0
shrinkage=0.0258836


Tree=288
num_leaves=8
num_cat=0
split_feature=11 11 11 10 3 10 5
split_gain=2.04907 3.93731 2.99272 2.56642 2.73589 1.92336 0.974776
threshold=51.500000000000007 37.500000000000007 28.500000000000004 17.500000000000004 608.56500000000017 14.500000000000002 1520.2671428571432
decision_type=2 2 2 2 2 2 2
left_child=1 2 3 5 -5 -1 -2
right_child=6 -3 -4 4 -6 -7 -8
leaf_value=0.010086259836623602 -0.024195892241165719 0.047805977207249772 -0.017967687371073602 0.02794741270983097 -0.0025834927540315245 -0.0085446786730335803 -0.043920015126514805
leaf_weight=21 17.700000166893005 18.100000262260437 14.999999999999998 30 32 24 21.750000357627869
leaf_count=21 15 14 15 30 32 24 15
internal_value=0.000670207 0.00220498 0.000305122 0.00199742 0.0053833 -0.00242249 -0.00424297
internal_weight=179.55 140.1 122 107 62 45 39.45
internal_count=166 136 122 107 62 45 30
is_linear=0
shrinkage=0.0258836


Tree=289
num_leaves=8
num_cat=0
split_feature=11 11 11 10 0 3 0
split_gain=1.81794 4.23273 3.68366 3.67945 1.92336 1.48029 0.974776
threshold=51.500000000000007 37.500000000000007 24.500000000000004 17.500000000000004 9.8333333333333339 608.56500000000017 65.500000000000014
decision_type=2 2 2 2 2 2 2
left_child=1 2 3 4 -1 -5 -2
right_child=6 -3 -4 5 -6 -7 -8
leaf_value=0.0098251906908116398 -0.023569614411536283 0.046568584374191556 -0.016627236992527897 0.021990426301505599 -0.0083235112632563425 -0.020989744427654288 -0.031173989542694909
leaf_weight=21 17.700000166893005 18.100000262260437 30 25 24 22 21.750000357627869
leaf_count=21 15 14 30 25 24 22 15
internal_value=0.00038627 0.00184264 0 0.00258669 -0.00242249 0.00752585 -0.00424297
internal_weight=179.55 140.1 122 92 45 47 39.45
internal_count=166 136 122 92 45 47 30
is_linear=0
shrinkage=0.0258836


Tree=290
num_leaves=6
num_cat=0
split_feature=1 1 1 1 2
split_gain=1.44038 2.49233 3.6418 0.973102 1.40773
threshold=59.500000000000007 44.500000000000007 32.500000000000007 26.500000000000004 15.500000000000002
decision_type=2 2 2 2 2
left_child=1 2 3 4 -1
right_child=-2 -3 -4 -5 -6
leaf_value=-0.0057246357673511094 0.018079537484217534 -0.019427090557071345 0.007295013637438833 -0.0046636124576607792 0.010442573431281859
leaf_weight=51 33.550000548362732 18.100000143051147 23.700000047683716 18 33.350000023841858
leaf_count=51 24 16 23 18 33
internal_value=0.000110553 -0.000955015 0.000305576 -0.00175336 -0.000332998
internal_weight=177.7 144.15 126.05 102.35 84.35
internal_count=165 141 125 102 84
is_linear=0
shrinkage=0.0258836


Tree=291
num_leaves=8
num_cat=0
split_feature=1 1 8 1 2 8 8
split_gain=1.99873 1.63137 1.42241 0.973102 1.40773 2.59628 1.57765
threshold=32.500000000000007 44.500000000000007 64.500000000000014 26.500000000000004 15.500000000000002 16.500000000000004 11.500000000000002
decision_type=2 2 2 2 2 2 2
left_child=3 -2 -3 4 6 -6 -1
right_child=1 2 -4 -5 5 -7 -8
leaf_value=-0.007077299870267467 0.0071061921109402534 -0.033095769805510905 -0.0043128621752950985 -0.0045429011791055726 -0.015052050648723369 0.017163675311838721 -0.015576092655242263
leaf_weight=36 23.700000047683716 27.550000309944153 24.100000381469727 18 14.999999999999998 18.350000023841858 14.999999999999998
leaf_count=36 23 23 17 18 15 18 15
internal_value=0.000497797 0.0036847 0.000675783 -0.00175336 -0.000332998 0.00345465 -0.00311493
internal_weight=177.7 75.35 51.65 102.35 84.35 33.35 51
internal_count=165 63 40 102 84 33 51
is_linear=0
shrinkage=0.0258836


Tree=292
num_leaves=8
num_cat=0
split_feature=1 11 8 1 2 8 3
split_gain=1.99873 1.44148 1.79668 0.973102 1.40773 2.59628 1.57765
threshold=32.500000000000007 34.500000000000007 53.000000000000007 26.500000000000004 15.500000000000002 16.500000000000004 325.55285714285725
decision_type=2 2 2 2 2 2 2
left_child=3 -2 -3 4 6 -6 -1
right_child=1 2 -4 -5 5 -7 -8
leaf_value=-0.006734923819300351 -0.0073353070365241484 -0.017778143406708746 0.018821778004101963 -0.0044253143481546011 -0.014662448747797556 0.016719416872611845 -0.0060647487563057472
leaf_weight=36 18.350000023841858 23.800000190734863 33.200000524520874 18 14.999999999999998 18.350000023841858 14.999999999999998
leaf_count=36 18 21 24 18 15 18 15
internal_value=0.000497797 0.0036847 0.00119992 -0.00175336 -0.000332998 0.00345465 -0.00311493
internal_weight=177.7 75.35 57 102.35 84.35 33.35 51
internal_count=165 63 45 102 84 33 51
is_linear=0
shrinkage=0.0258836


Tree=293
num_leaves=8
num_cat=0
split_feature=9 11 9 9 9 0 0
split_gain=1.50773 2.2947 1.42593 0.993026 1.22265 2.11453 0.435222
threshold=33.000000000000007 34.500000000000007 73.500000000000014 24.500000000000004 20.500000000000004 10.500000000000002 19.500000000000004
decision_type=2 2 2 2 2 2 2
left_child=3 -2 -3 4 5 -1 -5
right_child=1 2 -4 6 -6 -7 -8
leaf_value=0.010414049181049462 -0.00020212222575477772 -0.017661876554202517 0.010526378701821406 -0.015076385186690701 0.021146997059862612 -0.020801829489238279 -0.0019867201783054416
leaf_weight=22 29.700000047683716 27.150000214576721 29.850000500679016 15.999999999999998 14.999999999999998 21 17
leaf_count=22 29 24 21 16 15 21 17
internal_value=0.000971096 0.00340531 3.06648e-05 -0.0012341 0.000626465 -0.0013973 -0.00468244
internal_weight=177.7 86.7 57 91 58 43 33
internal_count=165 74 45 91 58 43 33
is_linear=0
shrinkage=0.0258836


Tree=294
num_leaves=7
num_cat=0
split_feature=8 0 7 7 11 0
split_gain=1.89661 1.91272 0.732908 1.53936 1.99389 1.23099
threshold=12.500000000000002 10.500000000000002 60.071428571428577 45.000000000000007 34.500000000000007 28.166666666666668
decision_type=2 2 2 2 2 2
left_child=1 -1 3 4 5 -2
right_child=2 -3 -4 -5 -6 -7
leaf_value=-0.0054287896161338946 0.00021350741604865439 -0.023276635004649927 -0.036390122604204218 0.029925933076154102 -0.019226742047642482 -0.0063497164747175604
leaf_weight=26 56.350000023841858 20 23.100000381469727 17.500000238418579 16.400000095367432 18.350000023841858
leaf_count=26 56 20 16 14 15 18
internal_value=0.00135834 -0.00290355 0.00297793 0.0038745 0.0021703 0.00406644
internal_weight=177.7 46 131.7 108.6 91.1 74.7
internal_count=165 46 119 103 89 74
is_linear=0
shrinkage=0.0258836


Tree=295
num_leaves=7
num_cat=0
split_feature=5 11 10 3 10 3
split_gain=2.54576 1.86939 2.61439 1.47491 1.77006 1.34003
threshold=237.11428571428573 56.000000000000007 57.000000000000007 697.51071428571447 16.500000000000004 906.33000000000004
decision_type=2 2 2 2 2 2
left_child=-1 2 3 4 -2 -5
right_child=1 -3 -4 5 -6 -7
leaf_value=-0.011838814453719945 -0.0023627095379699938 -0.021911401480990453 0.019194994449407834 -0.015274635681117326 0.025453695836281997 0.0011999115503650124
leaf_weight=26 17 33.350000500679016 19.100000262260437 17 38 27.75000011920929
leaf_count=26 17 24 15 17 38 26
internal_value=0.00201252 0.00335231 0.00487812 0.00283298 0.00558756 -0.000392622
internal_weight=178.2 152.2 118.85 99.75 55 44.75
internal_count=163 137 113 98 55 43
is_linear=0
shrinkage=0.0258836


Tree=296
num_leaves=7
num_cat=0
split_feature=5 11 7 5 10 1
split_gain=1.89376 1.15891 3.08779 1.17508 2.6078 1.51644
threshold=237.11428571428573 56.000000000000007 46.285714285714292 430.90785714285715 17.500000000000004 32.500000000000007
decision_type=2 2 2 2 2 2
left_child=-1 2 3 4 -2 -5
right_child=1 -3 -4 5 -6 -7
leaf_value=-0.011532382810383136 -0.0018924205144357309 -0.021344254593953692 0.0053746801437977044 -0.003751741760534181 0.027178933188604606 0.00060249962097892989
leaf_weight=26 21 33.350000500679016 18.100000262260437 33.350000023841858 14.999999999999998 31.400000095367432
leaf_count=26 21 24 14 33 15 30
internal_value=0.00105423 0.00223325 0.00345219 0.0013804 0.00498774 -0.000544669
internal_weight=178.2 152.2 118.85 100.75 36 64.75
internal_count=163 137 113 99 36 63
is_linear=0
shrinkage=0.0258836


Tree=297
num_leaves=8
num_cat=0
split_feature=10 1 4 11 0 1 5
split_gain=2.44844 1.94134 2.37327 1.67093 0.936265 0.693676 2.95898
threshold=32.500000000000007 23.500000000000004 12.500000000000002 56.000000000000007 9.1666666666666696 53.000000000000007 805.28000000000009
decision_type=2 2 2 2 2 2 2
left_child=1 2 4 5 -1 6 -2
right_child=3 -3 -4 -5 -6 -7 -8
leaf_value=-0.0049229201970397828 0.0098455377643562082 -0.0055479382941245829 0.024729258612087919 -0.020791787534300596 -0.012943228412193954 -0.0057236577452660442 -0.023402555470449705
leaf_weight=17 17 20.350000023841858 30 33.350000500679016 23 18.750000238418579 18.75000011920929
leaf_count=17 17 20 30 24 23 15 17
internal_value=0.0014404 -0.00142339 0.000523158 0.00449034 -0.00331088 0.00717301 0.00391137
internal_weight=178.2 90.35 70 87.85 40 54.5 35.75
internal_count=163 90 70 73 40 49 34
is_linear=0
shrinkage=0.0258836


Tree=298
num_leaves=8
num_cat=0
split_feature=10 7 7 3 10 10 3
split_gain=2.64351 3.52508 2.25825 3.66506 1.53746 3.11547 0.595646
threshold=32.500000000000007 60.071428571428577 45.000000000000007 957.03500000000008 23.500000000000004 16.500000000000004 309.84214285714285
decision_type=2 2 2 2 2 2 2
left_child=4 2 3 -2 5 6 -1
right_child=1 -3 -4 -5 -6 -7 -8
leaf_value=-0.044918276728548361 -0.0098863579187082693 -0.022572268584035635 0.02160696987688222 -0.011794152451586952 -0.0054043374415860242 0.025349437479251467 -0.004796795057112945
leaf_weight=20 14.999999999999998 29.750000476837158 23.700000286102295 19.400000095367432 32.350000023841858 23 14.999999999999998
leaf_count=20 15 21 19 18 32 23 15
internal_value=0.00211263 0.00526154 0.00887494 0.00360079 -0.000867466 0.00147833 -0.00306387
internal_weight=178.2 87.85 58.1 34.4 90.35 58 35
internal_count=163 73 52 33 90 58 35
is_linear=0
shrinkage=0.0258836


Tree=299
num_leaves=8
num_cat=0
split_feature=10 7 10 10 3 3 0
split_gain=2.94181 3.49994 1.19781 2.53906 0.997135 2.88806 0.992981
threshold=32.500000000000007 56.357142857142868 23.500000000000004 17.500000000000004 1202.7900000000002 957.03500000000008 10.500000000000002
decision_type=2 2 2 2 2 2 2
left_child=2 4 3 6 5 -2 -1
right_child=1 -3 -4 -5 -6 -7 -8
leaf_value=-0.0084279580289347792 -0.0096304629627150841 -0.0085124725627534689 -0.0052644535022063023 0.024693301696838654 -0.0056962429803079423 -0.011909963569438452 -0.0018572494856714131
leaf_weight=23 15.000000000000002 37.40000057220459 32.350000023841858 17 19.400000214576721 16.050000071525574 18
leaf_count=23 15 27 32 17 16 15 18
internal_value=0.00172646 0.0050616 -0.00142339 0.000626465 0.00934817 0.00499069 -0.00264387
internal_weight=178.2 87.85 90.35 58 50.45 31.05 41
internal_count=163 73 90 58 46 30 41
is_linear=0
shrinkage=0.0258836


Tree=300
num_leaves=7
num_cat=0
split_feature=10 5 10 0 5 11
split_gain=2.47071 2.77283 0.968691 1.22868 0.850503 0.799893
threshold=73.500000000000014 544.54000000000008 19.500000000000004 18.166666666666668 261.56428571428575 34.500000000000007
decision_type=2 2 2 2 2 2
left_child=1 2 4 -4 -1 -3
right_child=-2 5 3 -5 -6 -7
leaf_value=0.017031563817070768 -0.021767682250703746 0.020418189834714683 -0.010994367861004429 -3.3126392987142822e-05 -0.0022694566754194513 0.0004280263537580145
leaf_weight=25 32.450000524520874 36.700000047683716 18 15.999999999999998 17 30.450000286102295
leaf_count=25 23 36 18 16 17 26
internal_value=0.0026223 0.00411898 0.000483308 -0.00244326 0.00316297 0.00785578
internal_weight=175.6 143.15 76 34 42 67.15
internal_count=161 138 76 34 42 62
is_linear=0
shrinkage=0.0258836


Tree=301
num_leaves=8
num_cat=0
split_feature=7 8 7 3 7 7 7
split_gain=3.68403 4.05383 1.35752 1.88658 0.389005 2.35075 0.35595
threshold=60.071428571428577 21.500000000000004 11.142857142857144 380.36857142857144 46.285714285714292 32.785714285714292 17.928571428571434
decision_type=2 2 2 2 2 2 2
left_child=1 2 -1 -4 5 -3 -5
right_child=-2 4 3 6 -6 -7 -8
leaf_value=0.039737371679662958 -0.036627339650346216 0.0032616631344944253 -0.01698220236941721 -0.0064102396052035798 0.035586670634769266 -0.01254038922035098 -0.00548298436019478
leaf_weight=26 28.4000004529953 33.350000023841858 17 17 18.100000262260437 20.400000095367432 15.350000023841856
leaf_count=26 20 33 17 17 14 19 15
internal_value=0.0030141 0.00470674 0.000271962 -0.00204648 0.00899129 0.00664995 0.00134197
internal_weight=175.6 147.2 75.35 49.35 71.85 53.75 32.35
internal_count=161 141 75 49 66 52 32
is_linear=0
shrinkage=0.0258836


Tree=302
num_leaves=6
num_cat=0
split_feature=7 1 11 0 10
split_gain=3.09278 2.72662 2.9042 2.65928 2.13109
threshold=60.071428571428577 53.000000000000007 34.500000000000007 20.166666666666668 19.500000000000004
decision_type=2 2 2 2 2
left_child=1 2 3 4 -1
right_child=-2 -3 -4 -5 -6
leaf_value=0.015602604610244628 -0.035679290677707177 0.013217406813641112 -0.051687406433081964 0.030324218418975351 -0.0060742152068658855
leaf_weight=42 28.4000004529953 23.800000309944153 15.050000071525572 36.350000023841858 30
leaf_count=42 20 19 14 36 30
internal_value=0.00233208 0.00389556 0.00208654 0.00368523 0.000509164
internal_weight=175.6 147.2 123.4 108.35 72
internal_count=161 141 122 108 72
is_linear=0
shrinkage=0.0258836


Tree=303
num_leaves=7
num_cat=0
split_feature=7 7 11 0 7 1
split_gain=2.93752 3.38449 2.40022 2.22291 1.49382 0.787315
threshold=60.071428571428577 46.285714285714292 34.500000000000007 19.500000000000004 11.142857142857144 28.500000000000004
decision_type=2 2 2 2 2 2
left_child=1 2 3 4 -1 -5
right_child=-2 -3 -4 5 -6 -7
leaf_value=0.038304971506231036 -0.034755780665940247 0.034323443331687901 -0.020038424484498808 0.019032098419217162 -0.0058065589079850603 0.00045830669593171841
leaf_weight=26 28.4000004529953 18.100000262260437 17.400000095367432 15.350000023841856 41 29.350000023841858
leaf_count=26 20 14 16 15 41 29
internal_value=0.00214343 0.00367119 0.00193747 0.0034304 0.000174665 0.00772691
internal_weight=175.6 147.2 129.1 111.7 67 44.7
internal_count=161 141 127 111 67 44
is_linear=0
shrinkage=0.0258836


Tree=304
num_leaves=7
num_cat=0
split_feature=7 10 7 6 8 10
split_gain=2.70567 3.83753 0.871648 2.09315 2.08708 0.779978
threshold=60.071428571428577 53.000000000000007 11.142857142857144 15.000000000000002 26.500000000000004 19.500000000000004
decision_type=2 2 2 2 2 2
left_child=1 2 -1 5 -5 -4
right_child=-2 -3 3 4 -6 -7
leaf_value=0.037313499310048764 -0.033856174457349494 0.00025710570370278342 -0.0028433465470431227 0.024290836269395252 -0.0049699483258970317 -0.0044753479465979287
leaf_weight=26 28.4000004529953 30.150000333786011 15.999999999999998 25.350000023841858 25.700000047683716 24
leaf_count=26 20 25 16 25 25 24
internal_value=0.0018532 0.003326 0.000976595 -0.000116096 0.00313608 -0.00452126
internal_weight=175.6 147.2 117.05 91.05 51.05 40
internal_count=161 141 116 90 50 40
is_linear=0
shrinkage=0.0258836


Tree=305
num_leaves=8
num_cat=0
split_feature=9 5 1 9 7 11 7
split_gain=3.69517 4.11472 1.88521 1.84922 1.89873 1.8768 1.01693
threshold=40.500000000000007 1266.2457142857143 80.500000000000014 24.500000000000004 13.000000000000002 9.5000000000000018 20.928571428571434
decision_type=2 2 2 2 2 2 2
left_child=3 -2 -3 4 5 -1 -5
right_child=1 2 -4 6 -6 -7 -8
leaf_value=0.0058966647254567852 0.00061614663155035415 -0.018811794617319591 0.01992780753207626 -0.013462444617011493 0.037276085809610456 -0.013709396035565752 -0.00096944108848706406
leaf_weight=21 41.800000309944153 20.750000238418579 19.550000309944153 20 14.999999999999998 26 27
leaf_count=21 37 17 13 20 15 26 27
internal_value=0.0024527 0.00651771 0.00016275 -0.000572192 0.00218629 -0.000244854 -0.00440542
internal_weight=191.1 82.1 40.3 109 62 47 47
internal_count=176 67 30 109 62 47 47
is_linear=0
shrinkage=0.0258836


Tree=306
num_leaves=8
num_cat=0
split_feature=3 3 3 3 7 2 3
split_gain=2.21267 2.70055 2.23779 2.01267 1.51055 1.17061 0.688557
threshold=906.33000000000004 1441.5278571428576 697.51071428571447 380.36857142857144 11.785714285714286 64.500000000000014 490.9614285714286
decision_type=2 2 2 2 2 2 2
left_child=2 -2 3 4 -1 -3 -5
right_child=1 5 -4 6 -6 -7 -8
leaf_value=-0.003783517675923817 0.023055610144821739 -0.014894583410723642 -0.0062516100270232043 0.014689641168849053 -0.013354546926919269 0.036824662388262486 0.0038858158801836459
leaf_weight=29 31.800000190734863 23.450000286102295 23 15.999999999999998 18 24.850000381469727 25
leaf_count=29 29 19 23 16 18 17 25
internal_value=0.00262626 0.00583169 0.000107114 0.00213036 -0.001285 0.00145502 0.00619205
internal_weight=191.1 80.1 111 88 47 48.3 41
internal_count=176 65 111 88 47 36 41
is_linear=0
shrinkage=0.0258836


Tree=307
num_leaves=8
num_cat=0
split_feature=9 11 9 9 9 1 11
split_gain=2.68243 3.45087 2.30148 1.81415 1.70014 0.733535 0.333642
threshold=40.500000000000007 51.500000000000007 24.500000000000004 15.500000000000002 87.500000000000014 18.500000000000004 25.500000000000004
decision_type=2 2 2 2 2 2 2
left_child=2 -2 3 -1 -3 -5 -4
right_child=1 4 6 5 -6 -7 -8
leaf_value=-0.014944459238461364 0.024022438888301276 -0.019026762994672368 -0.0040024719306949374 0.027610710874406648 0.019943947761221551 -0.010274628105476183 -0.010849180906421872
leaf_weight=19 39.450000286102295 23.100000262260437 31 26 19.550000309944153 17 15.999999999999998
leaf_count=19 35 19 31 26 13 17 16
internal_value=0.0024527 0.00590775 -0.00010903 0.00298554 0.000353787 0.00592148 -0.00440542
internal_weight=191.1 82.1 109 62 42.65 43 47
internal_count=176 67 109 62 32 43 47
is_linear=0
shrinkage=0.0258836


Tree=308
num_leaves=8
num_cat=0
split_feature=2 3 1 1 5 3 2
split_gain=2.26647 2.42593 0.899661 2.14612 2.31479 1.84942 1.66984
threshold=12.500000000000002 309.84214285714285 19.500000000000004 37.500000000000007 1210.9100000000001 812.71500000000015 64.500000000000014
decision_type=2 2 2 2 2 2 2
left_child=1 -1 -2 5 -5 -4 -6
right_child=2 -3 3 4 6 -7 -8
leaf_value=-0.015646385608448995 0.030742641055311611 -0.0060253382376191499 -0.0025626965754853913 0.010514144144659439 -0.019564037343278363 -0.01032354060175439 0.03545260281374777
leaf_weight=30 20 15.999999999999998 33 30.500000238418579 19.400000214576721 17.350000023841858 24.850000381469727
leaf_count=30 20 16 33 27 16 17 17
internal_value=0.0018252 -0.00290355 0.00344326 0.00236243 0.0051156 -0.00152068 0.000837188
internal_weight=191.1 46 145.1 125.1 74.75 50.35 44.25
internal_count=176 46 130 110 60 50 33
is_linear=0
shrinkage=0.0258836


Tree=309
num_leaves=8
num_cat=0
split_feature=3 5 5 0 11 2 5
split_gain=2.67261 3.34476 1.38338 2.2912 2.34679 3.60517 0.653488
threshold=1181.4000000000003 1266.2457142857143 666.55071428571443 20.166666666666668 12.500000000000002 12.500000000000002 1724.1550000000004
decision_type=2 2 2 2 2 2 2
left_child=2 -2 3 4 5 -1 -3
right_child=1 6 -4 -5 -6 -7 -8
leaf_value=-0.0050801972863230502 0.01382769183647601 -0.022203638783915281 -0.0028514422791996053 -0.0025500324193545453 -0.0040324556602845951 0.054243201837147759 0.038374917195339073
leaf_weight=31 19.750000238418579 20.250000238418579 25.700000047683716 22.350000023841858 37 14.999999999999998 20.050000309944153
leaf_count=31 16 16 25 22 37 15 14
internal_value=0.00191866 0.00631267 -8.13939e-05 0.0011541 -0.000745645 0.00290355 0.0013647
internal_weight=191.1 60.05 131.05 105.35 83 46 40.3
internal_count=176 46 130 105 83 46 30
is_linear=0
shrinkage=0.0258836


Tree=310
num_leaves=8
num_cat=0
split_feature=8 9 9 2 2 9 2
split_gain=1.51422 2.00056 1.91341 2.13922 1.74549 0.63719 0.725601
threshold=53.000000000000007 24.500000000000004 33.000000000000007 28.500000000000004 40.500000000000007 20.500000000000004 10.500000000000002
decision_type=2 2 2 2 2 2 2
left_child=1 5 -3 -4 -5 6 -1
right_child=-2 2 3 4 -6 -7 -8
leaf_value=0.019432720288014214 0.024150339072118249 -0.010985034053716494 0.0074747398422756843 -0.010227348034732207 -0.0016052770418942036 0.017779288705502369 -0.0049624836505049019
leaf_weight=24 33.200000524520874 27 21.350000023841858 15.999999999999998 23.100000262260437 14.999999999999998 19
leaf_count=24 24 27 21 16 19 15 19
internal_value=0 -0.00119112 -0.00367825 -0.000745486 -0.00443299 0.00233019 0.000266253
internal_weight=178.65 145.45 87.45 60.45 39.1 58 43
internal_count=165 141 83 56 35 58 43
is_linear=0
shrinkage=0.0258836


Tree=311
num_leaves=8
num_cat=0
split_feature=11 8 9 9 10 9 5
split_gain=1.14441 4.97825 1.38059 2.76493 2.24533 0.63719 0.730228
threshold=56.000000000000007 53.000000000000007 24.500000000000004 33.000000000000007 44.500000000000007 20.500000000000004 267.12714285714293
decision_type=2 2 2 2 2 2 2
left_child=1 2 5 -4 -5 6 -1
right_child=-2 -3 3 4 -6 -7 -8
leaf_value=0.017479983027092336 -0.022752185605412482 0.062524999347352506 -0.010700701357199407 0.0033685185658378428 -0.011865618243933335 0.017319095949151306 -0.0048340364967800944
leaf_weight=28 27.100000381469727 14.750000238418577 27 27.050000071525574 24.75000011920929 14.999999999999998 14.999999999999998
leaf_count=28 20 11 27 26 23 15 15
internal_value=7.43055e-05 0.0010434 -0.000513856 -0.00278316 0.000555344 0.00233019 0.000266253
internal_weight=178.65 151.55 136.8 78.8 51.8 58 43
internal_count=165 145 134 76 49 58 43
is_linear=0
shrinkage=0.0258836


Tree=312
num_leaves=7
num_cat=0
split_feature=3 7 3 4 4 1
split_gain=2.57515 4.13574 2.99019 2.07003 2.90099 2.2366
threshold=1181.4000000000003 60.071428571428577 812.71500000000015 21.500000000000004 14.500000000000002 13.500000000000002
decision_type=2 2 2 2 2 2
left_child=2 -2 3 4 5 -1
right_child=1 -3 -4 -5 -6 -7
leaf_value=-0.013440288273092925 0.026691051875563591 -0.020706755344890887 -0.013113432636195271 0.047621964204825409 -0.011477436615063228 0.017167287866279145
leaf_weight=25 33.100000381469727 23.850000381469727 27.700000047683716 17 27 25
leaf_count=25 27 17 27 17 27 25
internal_value=0.000844739 0.00529675 -0.00120005 0.000928363 -0.00080173 0.00268346
internal_weight=178.65 56.95 121.7 94 77 50
internal_count=165 44 121 94 77 50
is_linear=0
shrinkage=0.0258836


Tree=313
num_leaves=7
num_cat=0
split_feature=11 1 9 9 10 9
split_gain=1.14441 6.18784 1.9138 2.06697 1.87503 0.63719
threshold=56.000000000000007 54.500000000000007 24.500000000000004 33.000000000000007 44.500000000000007 20.500000000000004
decision_type=2 2 2 2 2 2
left_child=1 2 5 -4 -5 -1
right_child=-2 -3 3 4 -6 -7
leaf_value=-0.0075676264392287714 -0.021627309905642204 0.066052110352329801 -0.012421212020224353 0.0035784069033247584 -0.011101538241225986 0.017167892526160251
leaf_weight=43 27.100000381469727 19.800000309944153 27 27.050000071525574 19.700000047683716 14.999999999999998
leaf_count=43 20 15 27 26 19 15
internal_value=7.43055e-05 0.0010434 -0.000985324 -0.00376175 -6.31468e-05 0.00233019
internal_weight=178.65 151.55 131.75 73.75 46.75 58
internal_count=165 145 130 72 45 58
is_linear=0
shrinkage=0.0258836


Tree=314
num_leaves=8
num_cat=0
split_feature=9 11 7 10 0 2 0
split_gain=1.27832 4.62645 2.2797 1.76523 0.989115 1.60686 1.04641
threshold=42.000000000000007 25.500000000000004 56.357142857142868 57.000000000000007 19.500000000000004 14.500000000000002 10.833333333333334
decision_type=2 2 2 2 2 2 2
left_child=1 4 3 -2 5 6 -1
right_child=2 -3 -4 -5 -6 -7 -8
leaf_value=-0.0043680546268082075 -6.7192254439406478e-05 -0.041170892203334211 -0.0094353338633344861 0.014984634085074239 0.020965748862575254 -0.013432936623583447 0.007819643935846889
leaf_weight=29 30.75000011920929 15.999999999999998 30.1500004529953 17.750000238418579 14.999999999999998 22 18
leaf_count=29 29 16 22 14 15 22 18
internal_value=0.000459522 -0.00137789 0.00293134 0.00634644 0.00103536 -0.000169797 0.00232514
internal_weight=178.65 100 78.65 48.5 84 69 47
internal_count=165 100 65 43 84 69 47
is_linear=0
shrinkage=0.0258836


Tree=315
num_leaves=7
num_cat=0
split_feature=11 2 1 0 8 11
split_gain=1.9402 5.38124 1.94721 3.12305 1.08736 0.886752
threshold=53.000000000000007 31.000000000000004 19.500000000000004 20.166666666666668 26.500000000000004 10.500000000000002
decision_type=2 2 2 2 2 2
left_child=1 2 5 -4 -5 -1
right_child=-2 -3 3 4 -6 -7
leaf_value=-0.0027510629177080756 -0.020329665391642906 0.021690768982079542 -0.0078152930562206072 0.0064015072800661195 -0.0035741350827082751 0.021743123593489382
leaf_weight=27 37.200000524520874 34.450000286102295 21 16.350000023841861 14.999999999999998 27
leaf_count=27 28 30 21 16 15 27
internal_value=0.000625839 0.00208606 -0.000740271 -0.00428306 0.000622681 0.00249438
internal_weight=178 140.8 106.35 52.35 31.35 54
internal_count=164 136 106 52 31 54
is_linear=0
shrinkage=0.0258836


Tree=316
num_leaves=7
num_cat=0
split_feature=8 1 11 5 10 3
split_gain=1.22283 2.92721 1.91021 1.99985 1.59634 0.398239
threshold=23.500000000000004 19.500000000000004 56.000000000000007 898.65071428571446 17.500000000000004 309.84214285714285
decision_type=2 2 2 2 2 2
left_child=1 4 3 -2 5 -1
right_child=2 -3 -4 -5 -6 -7
leaf_value=0.019679013945235056 2.6216593821287526e-05 -0.0082463557878957698 -0.036334727384383418 0.018117901307318409 0.02033578111271328 -0.0026798553880950536
leaf_weight=20 34 30.350000023841858 32.500000476837158 27.150000333786011 17 17
leaf_count=20 34 30 24 22 17 17
internal_value=0.00119858 -0.000927209 0.00322697 0.00588008 0.00249438 -0.000306423
internal_weight=178 84.35 93.65 61.15 54 37
internal_count=164 84 80 56 54 37
is_linear=0
shrinkage=0.0258836


Tree=317
num_leaves=7
num_cat=0
split_feature=1 7 7 3 3 10
split_gain=1.32945 3.15416 2.29374 0.955011 1.93617 0.727756
threshold=84.000000000000014 56.357142857142868 45.000000000000007 697.51071428571447 906.33000000000004 16.500000000000004
decision_type=2 2 2 2 2 2
left_child=1 2 3 5 -5 -1
right_child=-2 -3 -4 4 -6 -7
leaf_value=-0.0031150463740991143 0.068408342280748935 -0.037110751574285041 -0.00014466920333665613 -0.013580922444308585 -0.0042602623670513129 0.003703284744854536
leaf_weight=28 16.600000262260437 19.200000286102295 15.450000166893004 20 26.75000011920929 52
leaf_count=28 11 15 13 20 25 52
internal_value=0.000625839 -5.84634e-05 0.00124461 0 -0.00283344 0.00171083
internal_weight=178 161.4 142.2 126.75 46.75 80
internal_count=164 153 138 125 45 80
is_linear=0
shrinkage=0.0258836


Tree=318
num_leaves=8
num_cat=0
split_feature=1 7 5 7 10 5 3
split_gain=1.60451 3.21001 2.51275 0.994697 2.352 0.841004 0.398239
threshold=33.500000000000007 60.071428571428577 478.09428571428572 18.071428571428573 17.500000000000004 898.65071428571446 309.84214285714285
decision_type=2 2 2 2 2 2 2
left_child=2 5 3 4 6 -2 -1
right_child=1 -3 -4 -5 -6 -7 -8
leaf_value=0.019426761373401987 0.00018544528549256921 -0.035357959794900203 -0.012604239158926155 -0.0015296685728538471 0.022656361698125353 0.0063012734319924405 -0.0025298622213885298
leaf_weight=20 18 28.1500004529953 25.350000023841858 17 19 33.500000357627869 17
leaf_count=20 18 20 25 17 19 28 17
internal_value=0.00129881 0.00399494 -0.000798837 0.00152728 0.00329035 0.00776031 -0.000306423
internal_weight=178 79.65 98.35 73 56 51.5 37
internal_count=164 66 98 73 56 46 37
is_linear=0
shrinkage=0.0258836


Tree=319
num_leaves=7
num_cat=0
split_feature=1 1 8 1 9 7
split_gain=1.34151 3.46521 3.45024 2.78246 0.681118 0.418276
threshold=31.000000000000004 44.500000000000007 53.000000000000007 19.500000000000004 17.500000000000004 21.857142857142861
decision_type=2 2 2 2 2 2
left_child=3 -2 -3 4 -1 -5
right_child=1 2 -4 5 -6 -7
leaf_value=-0.009545649922989655 0.0028312174095125281 -0.010868688686349924 0.0020753352310076112 -0.011114217693746023 0.014614314052011435 -0.001318497296825811
leaf_weight=32 21.350000023841858 24.800000190734863 38.500000596046448 23 22 16.350000023841858
leaf_count=32 21 22 28 23 22 16
internal_value=0.00091221 0.0032631 0 -0.00110968 0.00249438 -0.00621954
internal_weight=178 84.65 63.3 93.35 54 39.35
internal_count=164 71 50 93 54 39
is_linear=0
shrinkage=0.0258836


Tree=320
num_leaves=8
num_cat=0
split_feature=6 5 3 10 10 3 8
split_gain=3.93674 1.96714 1.50167 1.86383 2.08118 1.12189 0.721265
threshold=21.500000000000004 1266.2457142857143 608.56500000000017 17.500000000000004 14.500000000000002 428.10785714285726 37.500000000000007
decision_type=2 2 2 2 2 2 2
left_child=2 6 3 4 -1 -5 -2
right_child=1 -3 -4 5 -6 -7 -8
leaf_value=0.0020920433863838269 0.00014432680624343675 -0.020373965874480832 -0.025469772760863606 -0.0040330615722517209 -0.014065368605651458 0.011233491648569648 0.051976008866563291
leaf_weight=15.999999999999998 22.350000023841858 37.050000548362732 15.350000023841856 14.999999999999998 21 19 24.100000262260437
leaf_count=16 22 27 15 15 21 19 20
internal_value=0.00166752 0.00563185 -0.00206815 -0.000165194 -0.00421148 0.00385115 0.00905612
internal_weight=169.85 83.5 86.35 71 37 34 46.45
internal_count=155 69 86 71 37 34 42
is_linear=0
shrinkage=0.0258836


Tree=321
num_leaves=7
num_cat=0
split_feature=7 8 10 10 10 1
split_gain=2.08806 1.57729 2.2576 2.08118 0.983857 2.66375
threshold=23.357142857142858 18.500000000000004 17.500000000000004 14.500000000000002 44.500000000000007 59.500000000000007
decision_type=2 2 2 2 2 2
left_child=1 2 3 -1 -2 -6
right_child=4 -3 -4 -5 5 -7
leaf_value=0.0020378936828533349 0.037096532728735324 -0.0058146921561382054 0.021814299356312381 -0.013701305630189122 -0.0081203192348315422 0.037844827661184445
leaf_weight=15.999999999999998 24.050000071525574 20 22 21 26.100000143051147 40.700000643730164
leaf_count=16 23 20 22 21 24 29
internal_value=0.000258029 -0.00268139 -0.000197286 -0.00421148 0.00296406 0.000993688
internal_weight=169.85 79 59 37 90.85 66.8
internal_count=155 79 59 37 76 53
is_linear=0
shrinkage=0.0258836


Tree=322
num_leaves=6
num_cat=0
split_feature=2 5 5 5 5
split_gain=1.5342 1.27329 1.71507 0.966948 1.59071
threshold=64.500000000000014 1210.9100000000001 835.98428571428587 517.81500000000017 237.11428571428573
decision_type=2 2 2 2 2
left_child=1 2 3 4 -1
right_child=-2 -3 -4 -5 -6
leaf_value=-0.013801559956104836 0.051157611148504485 -0.019634987388830606 0.020331297883090599 -0.0039510098344416244 0.0044730049577453865
leaf_weight=21 25.950000405311584 16.050000190734863 24.500000238418579 31.350000023841858 51
leaf_count=21 18 13 21 31 51
internal_value=0.000557922 -0.000436039 0.000380629 -0.00100511 0.000509164
internal_weight=169.85 143.9 127.85 103.35 72
internal_count=155 137 124 103 72
is_linear=0
shrinkage=0.0258836


Tree=323
num_leaves=6
num_cat=0
split_feature=2 3 8 8 3
split_gain=1.85826 0.847897 1.69516 1.77443 1.33331
threshold=64.500000000000014 1441.5278571428576 37.500000000000007 26.500000000000004 286.84285714285716
decision_type=2 2 2 2 2
left_child=1 2 3 4 -1
right_child=-2 -3 -4 -5 -6
leaf_value=-0.017155402825938859 0.049833465820042271 -0.019126762390797341 0.049055153689785622 -0.0060121813502102489 0.0045554534980248376
leaf_weight=17 25.950000405311584 18.750000238418579 18.450000166893005 20.350000023841858 69.350000023841858
leaf_count=17 18 15 16 20 69
internal_value=0 -0.00114194 -0.000206554 -0.00160093 0
internal_weight=169.85 143.9 125.15 106.7 86.35
internal_count=155 137 122 106 86
is_linear=0
shrinkage=0.0258836


Tree=324
num_leaves=8
num_cat=0
split_feature=6 3 3 7 3 1 7
split_gain=1.97875 0.680361 1.68343 1.21711 1.57651 0.745806 0.873413
threshold=46.500000000000007 697.51071428571447 286.84285714285716 33.857142857142868 906.33000000000004 20.500000000000004 11.142857142857144
decision_type=2 2 2 2 2 2 2
left_child=1 2 -1 4 -3 6 -4
right_child=-2 3 5 -5 -6 -7 -8
leaf_value=-0.01671135850878127 0.033288777477408618 -0.076807810465633661 -0.017009647794137554 -0.0018402065239156809 -0.00080990185283758964 -0.0099150680315054848 -0.0022506016956341138
leaf_weight=17 35.65000057220459 17 15.999999999999998 25.500000238418579 17.700000047683716 18 23
leaf_count=17 25 17 16 22 17 18 23
internal_value=0.000362991 -0.00101494 0.000495899 -0.00302978 -0.00605882 0.00280224 0.000291751
internal_weight=169.85 134.2 74 60.2 34.7 57 39
internal_count=155 130 74 56 34 57 39
is_linear=0
shrinkage=0.0258836


Tree=325
num_leaves=8
num_cat=0
split_feature=10 7 2 7 3 9 7
split_gain=1.74926 3.30366 2.71782 1.72291 2.90579 0.614677 0.491128
threshold=19.500000000000004 9.3571428571428594 64.500000000000014 32.000000000000007 745.47142857142853 27.500000000000004 46.285714285714292
decision_type=2 2 2 2 2 2 2
left_child=1 -1 3 4 5 -2 -5
right_child=2 -3 -4 6 -6 -7 -8
leaf_value=-0.019681685096801634 -0.0070932963789337713 0.034332215579649016 0.066842095007148064 -0.01758875735562104 0.00041187939619367832 -0.0040893878879587359 -0.0015871022331615484
leaf_weight=18 20 28 27.550000429153442 16.050000071525574 24.350000023841858 20 20.500000238418579
leaf_count=18 20 28 19 15 24 20 17
internal_value=0.00190174 0.00608796 0.000201359 -0.0016905 0.000702169 -0.00331088 -0.00600415
internal_weight=174.45 46 128.45 100.9 64.35 40 36.55
internal_count=161 46 115 96 64 40 32
is_linear=0
shrinkage=0.0258836


Tree=326
num_leaves=8
num_cat=0
split_feature=5 11 3 3 11 11 5
split_gain=2.49407 5.2437 2.7447 1.48783 1.0397 1.25069 0.738406
threshold=1520.2671428571432 23.500000000000004 380.36857142857144 309.84214285714285 42.500000000000007 29.500000000000004 478.09428571428572
decision_type=2 2 2 2 2 2 2
left_child=1 2 3 -1 5 -3 -4
right_child=-2 4 6 -5 -6 -7 -8
leaf_value=0.023031044897446569 0.048945613617385066 -0.0064030365560558394 0.018494360191993187 -0.0058587956176745035 -0.009773109716565415 0.00089651846731240731 -0.014821817204423087
leaf_weight=30 28.9000004529953 18 19 14.999999999999998 23.500000238418579 18.050000071525574 22
leaf_count=30 20 18 19 15 20 17 22
internal_value=0.00131753 -2.10828e-05 0.00392786 -0.000255106 -0.00586491 -0.00228089 0.00855751
internal_weight=174.45 145.55 86 45 59.55 36.05 41
internal_count=161 141 86 45 55 35 41
is_linear=0
shrinkage=0.0258836


Tree=327
num_leaves=8
num_cat=0
split_feature=2 11 2 3 1 1 2
split_gain=1.62968 3.83479 2.7447 1.48783 1.04641 0.963737 0.357361
threshold=64.500000000000014 23.500000000000004 12.500000000000002 309.84214285714285 53.000000000000007 35.500000000000007 19.500000000000004
decision_type=2 2 2 2 2 2 2
left_child=1 2 3 -1 5 -3 -4
right_child=-2 4 6 -5 -6 -7 -8
leaf_value=0.022434917560264493 0.063845087327813008 -0.0023091543185796985 0.018015658780779247 -0.0057071486452418456 -0.0020216799272396481 -0.042780212541774727 -0.014438174583707582
leaf_weight=30 27.550000429153442 20 21 14.999999999999998 22.850000262260437 18.050000071525574 20
leaf_count=30 19 20 21 15 19 17 20
internal_value=0.00160964 0.000375417 0.00392786 -0.000255106 -0.00437867 -0.00686148 0.00855751
internal_weight=174.45 146.9 86 45 60.9 38.05 41
internal_count=161 142 86 45 56 37 41
is_linear=0
shrinkage=0.0258836


Tree=328
num_leaves=8
num_cat=0
split_feature=5 11 2 11 11 5 6
split_gain=1.97442 3.38477 2.7447 0.879227 1.45971 0.738406 0.71861
threshold=1520.2671428571432 23.500000000000004 12.500000000000002 32.500000000000007 48.500000000000007 478.09428571428572 7.5000000000000009
decision_type=2 2 2 2 2 2 2
left_child=1 2 6 -3 -5 -4 -1
right_child=-2 3 5 4 -6 -7 -8
leaf_value=-0.0038087899006606723 0.046026179413997573 -0.006192415089166908 0.01754934790585419 -4.0021090286616848e-05 -0.024745749981524661 -0.014064462031512065 -0.0077151768386840075
leaf_weight=23 28.9000004529953 22 19 20.100000143051147 17.450000166893005 22 22
leaf_count=23 20 22 19 18 15 22 22
internal_value=0.00200398 0.000614426 0.00392786 -0.00391282 -0.000912109 0.00855751 -0.000255106
internal_weight=174.45 145.55 86 59.55 37.55 41 45
internal_count=161 141 86 55 33 41 45
is_linear=0
shrinkage=0.0258836


Tree=329
num_leaves=8
num_cat=0
split_feature=2 1 2 7 7 3 2
split_gain=1.23621 1.89 2.25504 1.87692 2.1137 1.26128 1.01517
threshold=12.500000000000002 23.500000000000004 31.000000000000004 60.071428571428577 50.500000000000007 309.84214285714285 25.500000000000004
decision_type=2 2 2 2 2 2 2
left_child=5 -2 6 4 -4 -1 -3
right_child=1 2 3 -5 -6 -7 -8
leaf_value=-0.0074830964788382155 0.02273735381049562 -0.0071678318023582852 -0.00035560752416106668 -0.019238251480319084 0.012213126187406892 -0.0053091742063043216 -0.0067239049772104178
leaf_weight=31 28 16.000000000000004 26.100000143051147 25.700000405311584 17.650000214576721 14.999999999999998 14.999999999999998
leaf_count=31 28 16 24 18 14 15 15
internal_value=0.0025882 0.00389002 0.0019361 0.00455917 0.00768997 -0.00078061 -0.00342679
internal_weight=174.45 128.45 100.45 69.45 43.75 46 31
internal_count=161 115 87 56 38 46 31
is_linear=0
shrinkage=0.0258836


Tree=330
num_leaves=7
num_cat=0
split_feature=11 9 4 11 11 7
split_gain=4.57994 7.09452 2.01267 0.693278 0.413848 0.383747
threshold=69.000000000000014 39.000000000000007 14.500000000000002 34.500000000000007 11.500000000000002 20.928571428571434
decision_type=2 2 2 2 2 2
left_child=1 2 4 -3 -1 -4
right_child=-2 3 5 -5 -6 -7
leaf_value=-0.0020738825199120921 -0.079389424119013827 0.0052571890354312038 -0.018421854119139075 0.012767498462862514 0.017994762392709009 -0.0018512549449007255
leaf_weight=27 18.550000309944153 20.700000047683716 23 43.750000476837158 20 18
leaf_count=27 13 20 23 36 20 18
internal_value=0.000919166 0.00252147 -0.00213036 0.00890294 0.001285 -0.00619205
internal_weight=171 152.45 88 64.45 47 41
internal_count=157 144 88 56 47 41
is_linear=0
shrinkage=0.0258836


Tree=331
num_leaves=6
num_cat=0
split_feature=9 11 2 5 5
split_gain=2.73705 7.32161 2.01267 0.688557 0.643776
threshold=39.000000000000007 56.000000000000007 14.500000000000002 456.34000000000009 213.41571428571436
decision_type=2 2 2 2 2
left_child=2 -2 4 -4 -1
right_child=1 -3 3 -5 -6
leaf_value=-0.016089762939812138 0.012030144443583603 -0.051657021963837313 -0.019458496132723296 -0.0065217548197608463 0.0019679200084001267
leaf_weight=20 54.200000405311584 28.800000429153442 15.999999999999998 25 27
leaf_count=20 48 21 16 25 27
internal_value=0.000919166 0.00427649 -0.00213036 -0.00619205 0.001285
internal_weight=171 83 88 41 47
internal_count=157 69 88 41 47
is_linear=0
shrinkage=0.0258836


Tree=332
num_leaves=8
num_cat=0
split_feature=9 7 11 2 11 3 6
split_gain=3.22937 8.3094 2.83298 1.27732 1.39319 1.26881 1.10976
threshold=39.000000000000007 60.071428571428577 16.500000000000004 14.500000000000002 10.500000000000002 1116.6114285714286 17.000000000000004
decision_type=2 2 2 2 2 2 2
left_child=2 5 3 4 -1 -2 -4
right_child=1 -3 6 -5 -6 -7 -8
leaf_value=-0.0020711398241242997 0.0009494617215132791 -0.051687448952779491 -0.0055640186504820307 -0.027265616055188551 0.0228550878788388 0.034949468371891716 -0.0062336470059055574
leaf_weight=21 24.700000047683716 26.550000429153442 15.999999999999998 18 17 31.750000357627869 15.999999999999998
leaf_count=21 24 19 16 18 17 26 16
internal_value=0.000621259 0.00427649 -0.00270068 0.000647784 0.0034733 0.0098434 -0.00853929
internal_weight=171 83 88 56 38 56.45 32
internal_count=157 69 88 56 38 50 32
is_linear=0
shrinkage=0.0258836


Tree=333
num_leaves=7
num_cat=0
split_feature=7 9 5 5 5 3
split_gain=2.8109 5.6554 2.01267 0.688557 0.643776 0.374454
threshold=60.071428571428577 39.000000000000007 352.85714285714295 456.34000000000009 213.41571428571436 1116.6114285714286
decision_type=2 2 2 2 2 2
left_child=1 2 4 -4 -1 -3
right_child=-2 5 3 -5 -6 -7
leaf_value=-0.015619692621522409 -0.050349589491901603 0.00092488619355425084 -0.01885627695740591 -0.0064897891741226522 0.0022931824991177332 0.03404484881992452
leaf_weight=20 26.550000429153442 24.700000047683716 15.999999999999998 25 27 31.750000357627869
leaf_count=20 19 24 16 25 27 26
internal_value=0.000323351 0.00184973 -0.00213036 -0.00619205 0.001285 0.00809508
internal_weight=171 144.45 88 41 47 56.45
internal_count=157 138 88 41 47 50
is_linear=0
shrinkage=0.0258836


end of trees

feature_importances:
casos_dengue_lag_3=247
roll_mean_7=208
casos_dengue_lag_2=206
temp_min_x_casos_lag1=203
temp_max_x_casos_lag1=195
roll_max_5=183
roll_max_7=170
roll_max_3=168
casos_lag_1=127
roll_mean_3=124
roll_min_3=115
casos_dengue_lag_1=39

parameters:
[boosting: gbdt]
[objective: regression_l1]
[metric: l1]
[tree_learner: serial]
[device_type: cpu]
[data_sample_strategy: bagging]
[data: ]
[valid: ]
[num_iterations: 334]
[learning_rate: 0.0258836]
[num_leaves: 8]
[num_threads: -1]
[seed: 42]
[deterministic: 0]
[force_col_wise: 0]
[force_row_wise: 0]
[histogram_pool_size: -1]
[max_depth: 5]
[min_data_in_leaf: 15]
[min_sum_hessian_in_leaf: 0.001]
[bagging_fraction: 0.823677]
[pos_bagging_fraction: 1]
[neg_bagging_fraction: 1]
[bagging_freq: 5]
[bagging_seed: 400]
[bagging_by_query: 0]
[feature_fraction: 0.656815]
[feature_fraction_bynode: 1]
[feature_fraction_seed: 30056]
[extra_trees: 0]
[extra_seed: 12879]
[early_stopping_round: 0]
[early_stopping_min_delta: 0]
[first_metric_only: 0]
[max_delta_step: 0]
[lambda_l1: 0.52919]
[lambda_l2: 2.76944]
[linear_lambda: 0]
[min_gain_to_split: 0.320151]
[drop_rate: 0.1]
[max_drop: 50]
[skip_drop: 0.5]
[xgboost_dart_mode: 0]
[uniform_drop: 0]
[drop_seed: 17869]
[top_rate: 0.2]
[other_rate: 0.1]
[min_data_per_group: 100]
[max_cat_threshold: 32]
[cat_l2: 10]
[cat_smooth: 10]
[max_cat_to_onehot: 4]
[top_k: 20]
[monotone_constraints: ]
[monotone_constraints_method: basic]
[monotone_penalty: 0]
[feature_contri: ]
[forcedsplits_filename: ]
[refit_decay_rate: 0.9]
[cegb_tradeoff: 1]
[cegb_penalty_split: 0]
[cegb_penalty_feature_lazy: ]
[cegb_penalty_feature_coupled: ]
[path_smooth: 0]
[interaction_constraints: ]
[verbosity: -1]
[saved_feature_importance_type: 0]
[use_quantized_grad: 0]
[num_grad_quant_bins: 4]
[quant_train_renew_leaf: 0]
[stochastic_rounding: 1]
[linear_tree: 0]
[max_bin: 255]
[max_bin_by_feature: ]
[min_data_in_bin: 3]
[bin_construct_sample_cnt: 200000]
[data_random_seed: 175]
[is_enable_sparse: 1]
[enable_bundle: 1]
[use_missing: 1]
[zero_as_missing: 0]
[feature_pre_filter: 1]
[pre_partition: 0]
[two_round: 0]
[header: 0]
[label_column: ]
[weight_column: ]
[group_column: ]
[ignore_column: ]
[categorical_feature: ]
[forcedbins_filename: ]
[precise_float_parser: 0]
[parser_config_file: ]
[objective_seed: 16083]
[num_class: 1]
[is_unbalance: 0]
[scale_pos_weight: 1]
[sigmoid: 1]
[boost_from_average: 1]
[reg_sqrt: 0]
[alpha: 0.9]
[fair_c: 1]
[poisson_max_delta_step: 0.7]
[tweedie_variance_power: 1.5]
[lambdarank_truncation_level: 30]
[lambdarank_norm: 1]
[label_gain: ]
[lambdarank_position_bias_regularization: 0]
[eval_at: ]
[multi_error_top_k: 1]
[auc_mu_weights: ]
[num_machines: 1]
[local_listen_port: 12400]
[time_out: 120]
[machine_list_filename: ]
[machines: ]
[gpu_platform_id: -1]
[gpu_device_id: -1]
[gpu_use_dp: 0]
[num_gpu: 1]

end of parameters

pandas_categorical:[]
