tree
version=v4
num_class=1
num_tree_per_iteration=1
label_index=0
max_feature_idx=14
objective=regression
feature_names=Column_0 Column_1 Column_2 Column_3 Column_4 Column_5 Column_6 Column_7 Column_8 Column_9 Column_10 Column_11 Column_12 Column_13 Column_14
feature_infos=[0:79] [-11.637499999999998:17.856547619047618] [0.19285714285714289:0.53142857142857147] [0.18857142857142861:0.51857142857142857] [15.222857142857141:21.148571428571429] [14.967142857142861:21.148571428571429] [14.967142857142861:21.13428571428571] [15.222857142857141:21.148571428571429] [-0.90227691474415017:2.0571136616525196] [15.222857142857141:21.148571428571429] [0.18857142857142861:0.52000000000000002] [15.074285714285709:21.148571428571429] [-1.056707518441337:2.1808373246874129] [-1.0809989208048518:1.2531399449927134] [14.967142857142861:21.13428571428571]
tree_sizes=793 938 1054 938 735 928 941 827 849 819 1024 817 993 915 921 905 907 824 886 925 1025 833 1029 828 819 927 1110 948 826 940 832 920 915 1125 1011 945 911 925 879 887 922 839 932 897 808 827 951 855 816 828 923 798 840 794 919 922 799 818 1044 816 827 811 819 952 971 719 1013 778 955 816 839 918 805 885 889 752 792 843 830 843 829 814 676 813 852 825 790 906 904 829 825 1028 784 813 795 912 772 893 741 677 956 773 849 795 885 909 1023 770 786 921 801 829 823 755 776 915 674 794 675 812 725 920 791 612 740 773 779 828 857 844 826 834 782 681 756 691 826 793 721 781 854 864 855 737 619 687 704 679 733 744 792 695 818 815 828 714 716 1010 606 740

Tree=0
num_leaves=7
num_cat=0
split_feature=3 12 8 12 5 0
split_gain=66.4563 27.0755 22.352 8.32378 1.10243 0.747324
threshold=0.27071428571428585 0.21399168670177462 -0.17820509829713652 0.40184311994484501 18.828571428571429 25.000000000000004
decision_type=2 2 2 2 2 2
left_child=1 5 -2 -4 -5 -1
right_child=2 -3 3 4 -6 -7
leaf_value=2.6586273593693419 2.682971962723018 2.6891688457378722 2.7056043801842375 2.6863554993735339 2.6942633665841496 2.672635368688062
leaf_weight=14.999999999999998 29 17.2315274477005 35.131013154983521 12.213685274124144 24.128854751586914 28
leaf_count=15 29 17 25 12 22 28
internal_value=2.68636 2.67267 2.69464 2.69963 2.69228 2.66581
internal_weight=160.705 60.2315 100.474 71.4736 36.3425 43
internal_count=148 60 88 59 34 43
is_linear=0
shrinkage=1


Tree=1
num_leaves=8
num_cat=0
split_feature=2 8 5 8 8 0 1
split_gain=72.1308 40.8354 8.50957 3.10777 0.866318 0.556484 0.268534
threshold=0.23928571428571432 -0.17820509829713652 18.742142857142859 0.69840285452526263 0.85578456609731657 25.000000000000004 13.401130952380955
decision_type=2 2 2 2 2 2 2
left_child=5 6 4 -4 -3 -1 -2
right_child=1 2 3 -5 -6 -7 -8
leaf_value=-0.029295310332901437 -0.0077480832116337533 0 0.019870986773668255 0.0081245402040421143 0.0049607082515220492 -0.011685017957199418 -0.0013005618812601304
leaf_weight=15.000000000000002 37 12.000000000000002 31.770917177200317 26.824755549430847 11.600000143051146 12.999999999999998 12.999999999999998
leaf_count=15 37 12 22 25 11 13 13
internal_value=-0.000341939 0.00484794 0.0120996 0.0154978 0.00204078 -0.0237168 -0.00665937
internal_weight=160.196 132.196 82.1957 58.5957 23.6 28 50
internal_count=148 120 70 47 23 28 50
is_linear=0
shrinkage=0.0168771


Tree=2
num_leaves=9
num_cat=0
split_feature=2 8 13 2 10 10 6 12
split_gain=75.2688 39.9581 10.8331 6.7131 2.33872 1.64484 0.470068 0.150436
threshold=0.23928571428571432 -0.17820509829713652 0.4735023106683745 0.27214285714285719 0.39857142857142863 0.24785714285714289 19.555714285714288 -0.65816033312252575
decision_type=2 2 2 2 2 2 2 2
left_child=5 4 3 -3 7 -1 -4 -2
right_child=1 2 6 -5 -6 -7 -8 -9
leaf_value=-0.026648743535454746 -0.0087782037718027815 0.0037818064863940127 -0.0002391390737292967 0.018649775787566429 0 -0.0085853394824859375 0.0031698617444296867 -0.001352635095307848
leaf_weight=21.000000000000004 31.999999999999996 17.433723926544189 11.000000000000002 48.898864388465881 9.9999999999999982 10.213685274124144 12.207050085067747 10.000000000000002
leaf_count=21 32 17 11 36 10 10 12 10
internal_value=0 0.00523383 0.0120091 0.0153895 -0.00604251 -0.022633 0.000849411 -0.00771185
internal_weight=172.753 141.54 89.5396 66.3326 52 31.2137 23.2071 42
internal_count=159 128 76 53 52 31 23 42
is_linear=0
shrinkage=0.0168771


Tree=3
num_leaves=8
num_cat=0
split_feature=5 2 13 8 8 13 6
split_gain=61.6496 23.0755 7.70819 6.55617 5.36811 1.69138 1.64295
threshold=18.828571428571429 0.24285714285714288 -0.20664781320310519 -0.64890192546659975 0.12006042759527363 0.14066305808032895 16.951428571428579
decision_type=2 2 2 2 2 2 2
left_child=1 6 -2 -4 5 -3 -1
right_child=2 4 3 -5 -6 -7 -8
leaf_value=-0.025929038789327771 0.018414056373968344 -0.0083678299711372958 -0.0032018371141763194 0.0096657475591931941 0.0031083859097999116 0 -0.0080099783473421438
leaf_weight=17.000000000000004 28.420459508895874 30 11.999999999999998 30.498825311660767 21.822959065437317 12.999999999999998 10.213685274124144
leaf_count=17 20 30 12 27 21 13 10
internal_value=0 -0.00901894 0.0115424 0.00556649 -0.00280489 -0.00630101 -0.0213734
internal_weight=162.956 92.0366 70.9193 42.4988 64.823 43 27.2137
internal_count=150 91 59 39 64 43 27
is_linear=0
shrinkage=0.0168771


Tree=4
num_leaves=6
num_cat=0
split_feature=6 12 1 2 12
split_gain=54.1561 23.021 15.1481 7.1994 2.51296
threshold=18.898571428571429 0.21399168670177462 11.504523809523812 0.24285714285714288 1.2057599765913831
decision_type=2 2 2 2 2
left_child=1 3 4 -1 -2
right_child=2 -3 -4 -5 -6
leaf_value=-0.022085818159135826 0.01933879697751377 0.0033371886019705412 -0.0030316843563634329 -0.0072727021445112795 0.0077163356349554671
leaf_weight=23 30.579120993614197 27.013685464859009 12.999999999999998 32 23.823156833648682
leaf_count=23 21 26 13 32 22
internal_value=0.0003741 -0.00855303 0.0114595 -0.0146541 0.0152916
internal_weight=149.416 82.0137 67.4023 55 54.4023
internal_count=137 81 56 55 43
is_linear=0
shrinkage=0.0168771


Tree=5
num_leaves=8
num_cat=0
split_feature=2 1 5 1 6 1 5
split_gain=55.6086 28.1939 9.79734 3.05866 1.71378 1.06488 0.514967
threshold=0.23928571428571432 7.6604761904761913 18.742142857142859 -6.4779166666666645 17.017142857142865 13.401130952380955 17.409285714285719
decision_type=2 2 2 2 2 2 2
left_child=4 2 6 -4 -1 -3 -2
right_child=1 5 3 -5 -6 -7 -8
leaf_value=-0.025102642778764166 0.0029996602796109758 -0.008105926009051646 0.0040586743412335917 0.016734461517989848 -0.0075233776628252091 0 -0.00012357668306500202
leaf_weight=17.000000000000004 20.400000095367435 28 14.640774011611937 42.247964382171631 10.213685274124144 10.999999999999998 9.9999999999999982
leaf_count=17 20 28 14 32 10 11 10
internal_value=0 0.00484695 0.0101746 0.0142039 -0.0206151 -0.00642073 0.00137843
internal_weight=153.502 126.289 87.2887 56.8887 27.2137 39 30.4
internal_count=142 115 76 46 27 39 30
is_linear=0
shrinkage=0.0168771


Tree=6
num_leaves=8
num_cat=0
split_feature=2 8 13 0 0 6 13
split_gain=52.2951 30.7548 7.2642 2.49876 1.62513 0.470555 0.429175
threshold=0.23928571428571432 -0.17820509829713652 0.4735023106683745 33.500000000000007 25.000000000000004 19.555714285714288 -0.17163430605912702
decision_type=2 2 2 2 2 2 2
left_child=4 6 3 -3 -1 -4 -2
right_child=1 2 5 -5 -6 -7 -8
leaf_value=-0.027136919285677356 -0.010226185717660879 0.0038051732430349201 0 0.01589593695582631 -0.0096386371765735546 0.0034151934121455035 -0.0037468904729262855
leaf_weight=14.000000000000002 13.999999999999998 14.200000047683714 12.000000000000002 38.879732131958008 12.999999999999998 16.414100170135498 37
leaf_count=14 14 14 12 30 13 16 37
internal_value=-0.000935529 0.00340061 0.00980751 0.0134282 -0.0212213 0.00170816 -0.00639802
internal_weight=159.494 132.494 81.4938 53.0797 27 28.4141 51
internal_count=150 123 72 44 27 28 51
is_linear=0
shrinkage=0.0168771


Tree=7
num_leaves=7
num_cat=0
split_feature=7 12 1 1 5 8
split_gain=60.3749 20.5734 17.7446 9.20275 7.26277 1.77575
threshold=18.272857142857148 0.084943929620619349 8.9507142857142892 -6.4779166666666645 17.262142857142859 1.061741058138155
decision_type=2 2 2 2 2 2
left_child=1 4 3 -2 -1 -3
right_child=2 5 -4 -5 -6 -7
leaf_value=-0.023575733251881364 0.0015135625819834087 -0.003194658324535376 -0.0045777312370176753 0.015876171792211652 -0.0063681226741131025 0.0049592024456970914
leaf_weight=29 22.207050085067749 12.000000000000002 20 51.449457287788391 18 11.464653611183165
leaf_count=29 22 12 20 40 18 11
internal_value=-0.000393429 -0.0120518 0.00824491 0.0120611 -0.0181914 4.71787e-05
internal_weight=164.121 70.4647 93.6565 73.6565 47 23.4647
internal_count=152 70 82 62 47 23
is_linear=0
shrinkage=0.0168771


Tree=8
num_leaves=7
num_cat=0
split_feature=6 12 8 2 13 8
split_gain=45.5016 16.6134 9.17764 8.3059 3.43385 1.38098
threshold=18.898571428571429 0.084943929620619349 -0.14833593499358919 0.24785714285714289 0.44610418737507801 0.69840285452526263
decision_type=2 2 2 2 2 2
left_child=1 3 -2 -1 -4 -3
right_child=2 5 4 -5 -6 -7
leaf_value=-0.021303451343316456 -0.00055267004883325526 -0.0013539277967285937 0.015780108439765735 -0.0057006627147043213 0.0025576041373276859 0.0049206211558630378
leaf_weight=24 14.25390589237213 17.000000000000004 38.44639253616333 28 12.999999999999998 12.813685417175291
leaf_count=24 14 17 29 28 13 12
internal_value=-0.000101594 -0.00851661 0.00996717 -0.0140587 0.0131676 0.000855898
internal_weight=147.514 81.8137 65.7003 52 51.4464 29.8137
internal_count=137 81 56 52 42 29
is_linear=0
shrinkage=0.0168771


Tree=9
num_leaves=7
num_cat=0
split_feature=10 1 1 13 3 10
split_gain=58.9462 19.8269 13.2969 5.74915 1.19409 1.19296
threshold=0.26428571428571429 8.3782142857142858 1.6448214285714295 0.4735023106683745 0.25785714285714295 0.3928571428571429
decision_type=2 2 2 2 2 2
left_child=2 3 -1 -2 -4 -3
right_child=1 5 4 -5 -6 -7
leaf_value=0.00039045164799405245 0.015575046158889279 -0.0054411037195170008 -0.021161971216169889 0.0029372249256686871 -0.0071547243042467358 0
leaf_weight=10.613685369491575 43.822355151176453 21 32 21.414100170135498 11.999999999999998 11.999999999999998
leaf_count=10 33 21 32 21 12 12
internal_value=-0.00085693 0.00676606 -0.0146066 0.0120586 -0.0185015 -0.00320193
internal_weight=152.85 98.2365 54.6137 65.2365 44 33
internal_count=141 87 54 54 44 33
is_linear=0
shrinkage=0.0168771


Tree=10
num_leaves=9
num_cat=0
split_feature=2 8 13 2 0 13 5 5
split_gain=52.2022 24.9879 6.24718 4.22539 3.99163 0.884095 0.340091 0.232947
threshold=0.23928571428571432 -0.17820509829713652 0.4735023106683745 0.27214285714285719 25.000000000000004 0.14066305808032895 19.508571428571432 18.698571428571434
decision_type=2 2 2 2 2 2 2 2
left_child=4 5 3 -3 -1 7 -4 -2
right_child=1 2 6 -5 -6 -7 -8 -9
leaf_value=-0.027051098623443529 -0.0082650474662781803 0.0027169672652109342 0 0.015476926393255732 -0.0079360436787480632 0 0.0028343389469810418 -0.0018620639970483945
leaf_weight=15.000000000000002 21 16.216861963272095 11.000000000000002 40.920221328735352 12.999999999999998 12.999999999999998 13.207050085067747 15.999999999999998
leaf_count=15 21 16 11 31 13 13 13 16
internal_value=-0.000608032 0.00381542 0.00955391 0.0125363 -0.0204864 -0.00510876 0.00109708 -0.00639601
internal_weight=159.344 131.344 81.3441 57.1371 28 50 24.2071 37
internal_count=149 121 71 47 28 50 24 37
is_linear=0
shrinkage=0.0168771


Tree=11
num_leaves=7
num_cat=0
split_feature=6 1 2 13 7 13
split_gain=44.4529 18.7539 10.8433 6.85958 1.59139 1.28724
threshold=19.170714285714286 0.56190476190476213 0.24285714285714288 0.049534058996609349 19.800000000000004 -0.11537539649110011
decision_type=2 2 2 2 2 2
left_child=1 -1 -3 -2 -5 -4
right_child=3 2 5 4 -6 -7
leaf_value=0.0045826741401766152 0.015244725330196884 -0.021685572207032322 -0.0087746327234325475 -0.00078672891695479269 0.0056677278722283616 -0.001242958529969012
leaf_weight=22.013685464859009 35.284365653991699 22 23 10.253905892372133 19.128440380096436 21
leaf_count=21 26 22 23 10 18 21
internal_value=0 -0.0077598 -0.0122215 0.0103121 0.00285339 -0.00595837
internal_weight=152.68 88.0137 66 64.6667 29.3823 44
internal_count=141 87 66 54 28 44
is_linear=0
shrinkage=0.0168771


Tree=12
num_leaves=9
num_cat=0
split_feature=6 1 1 3 0 8 1 1
split_gain=37.9685 16.7202 10.0919 7.87403 1.78542 1.55901 0.614633 0.460225
threshold=18.898571428571429 0.56190476190476213 11.504523809523812 0.25357142857142861 33.500000000000007 0.69840285452526263 -5.2680357142857144 -6.9252976190476181
decision_type=2 2 2 2 2 2 2 2
left_child=1 6 5 -3 -5 -2 -1 -7
right_child=2 3 -4 4 -6 7 -8 -9
leaf_value=0 0.016215808510472232 -0.018459189191778604 -0.0022463762442518128 0 -0.0075417811236852331 0.00043969040812381189 0.0060644413188032913 0.008460707486606895
leaf_weight=12.000000000000002 27.912727355957031 28 12.999999999999998 12.999999999999998 21 9.9999999999999982 11.813685417175291 15.647250175476076
leaf_count=12 20 28 13 13 21 10 11 14
internal_value=0 -0.00731428 0.00934564 -0.0118677 -0.00480328 0.0125269 0.00370349 0.00648219
internal_weight=152.374 85.8137 66.56 62 34 53.56 23.8137 25.6473
internal_count=142 85 57 62 34 44 23 24
is_linear=0
shrinkage=0.0168771


Tree=13
num_leaves=8
num_cat=0
split_feature=6 1 1 3 13 0 0
split_gain=49.8996 16.0286 12.8674 11.2112 3.95434 0.488048 0.134019
threshold=18.898571428571429 0.56190476190476213 11.504523809523812 0.25785714285714295 0.44610418737507801 37.500000000000007 25.000000000000004
decision_type=2 2 2 2 2 2 2
left_child=1 -1 4 6 -2 -5 -3
right_child=2 3 -4 5 -6 -7 -8
leaf_value=0.0039160499709216274 0.015909790456814382 -0.024285231867314596 -0.002344725849077751 0 0.0027683430791448885 -0.0046683724939452307 -0.01127670423936015
leaf_weight=19.813685417175293 47.193078875541687 13.999999999999998 14.999999999999998 9.9999999999999982 14.207050085067747 22 22
leaf_count=19 35 14 15 10 14 22 22
internal_value=0.000217027 -0.00819929 0.0101191 -0.0120614 0.0134809 -0.0034015 -0.0183517
internal_weight=164.214 87.8137 76.4001 68 61.4001 32 36
internal_count=151 87 64 68 49 32 36
is_linear=0
shrinkage=0.0168771


Tree=14
num_leaves=8
num_cat=0
split_feature=6 1 1 0 1 10 1
split_gain=45.8506 18.3669 8.49387 7.52904 3.66155 1.50398 0.606253
threshold=18.898571428571429 0.56190476190476213 11.504523809523812 17.500000000000004 -6.6589880952380947 0.26428571428571429 -5.2680357142857144
decision_type=2 2 2 2 2 2 2
left_child=1 6 4 -3 -2 -5 -1
right_child=2 3 -4 5 -6 -7 -8
leaf_value=0 0.0018316536450096949 -0.024661484151489572 -0.0009282208392673029 -0.010618332597000256 0.014611040129895803 -0.0020620499992757661 0.0062177152032846612
leaf_weight=10.000000000000002 13.207050085067747 11.999999999999998 12.999999999999998 32 47.496989846229553 18 12.013685464859007
leaf_count=10 13 12 13 32 36 18 11
internal_value=0.00015698 -0.00809506 0.00980601 -0.0127324 0.0123944 -0.00824499 0.00402795
internal_weight=157.718 84.0137 73.704 62 60.704 50 22.0137
internal_count=145 83 62 62 49 50 21
is_linear=0
shrinkage=0.0168771


Tree=15
num_leaves=8
num_cat=0
split_feature=3 12 8 13 4 10 8
split_gain=38.1313 18.7635 17.3062 7.94291 1.22141 0.888546 0.136716
threshold=0.26428571428571429 0.21399168670177462 -0.17820509829713652 0.39548710303384493 17.801428571428573 0.3928571428571429 0.85578456609731657
decision_type=2 2 2 2 2 2 2
left_child=1 4 5 -4 -1 -2 -5
right_child=2 -3 3 6 -6 -7 -8
leaf_value=-0.020920746404477133 -0.0048721684665887794 0.0029833377890131651 0.014838856592692446 0 -0.005995081794741809 0 0.0029435172633200776
leaf_weight=25 25 14.231527447700499 44.125543475151062 10.000000000000002 9.9999999999999982 9.9999999999999982 18.207050085067749
leaf_count=25 25 14 33 10 10 10 18
internal_value=4.81866e-05 -0.011703 0.0058085 0.0104642 -0.0180363 -0.00328662 0.00215152
internal_weight=156.564 49.2315 107.333 72.3326 35 35 28.2071
internal_count=145 49 96 61 35 35 28
is_linear=0
shrinkage=0.0168771


Tree=16
num_leaves=8
num_cat=0
split_feature=2 8 13 2 13 5 5
split_gain=50.0401 22.9768 7.06142 4.29363 0.699904 0.504424 0.12126
threshold=0.23928571428571432 -0.17820509829713652 0.4735023106683745 0.27214285714285719 0.054537452511734981 19.508571428571432 18.698571428571434
decision_type=2 2 2 2 2 2 2
left_child=-1 4 3 -3 6 -4 -2
right_child=1 2 5 -5 -6 -7 -8
leaf_value=-0.020248053537992451 -0.0078464917240696434 0.0025600688609840731 0 0.015167471344293587 0 0.0031738291602254063 -0.0014099189358544465
leaf_weight=25 19 16.216861963272095 12.000000000000002 46.081987977027893 11.999999999999998 16.414100170135498 12.999999999999998
leaf_count=25 19 16 12 34 12 16 13
internal_value=0.00021477 0.00452354 0.00936638 0.0124905 -0.00494449 0.00127619 -0.00620971
internal_weight=159.713 134.713 90.713 62.2988 44 28.4141 32
internal_count=147 122 78 50 44 28 32
is_linear=0
shrinkage=0.0168771


Tree=17
num_leaves=7
num_cat=0
split_feature=7 12 1 1 3 1
split_gain=38.4408 13.6799 12.4192 3.94678 3.2827 0.172918
threshold=17.811428571428575 0.21399168670177462 9.487738095238095 -6.9252976190476181 0.25785714285714295 13.401130952380955
decision_type=2 2 2 2 2 2
left_child=1 4 3 -2 -1 -4
right_child=2 -3 5 -5 -6 -7
leaf_value=-0.019197076581831993 0.00054210623173792495 0.0004130233531205437 -0.0032506187720402471 0.012113381966887915 -0.0041786339302825387 0
leaf_weight=28 14.999999999999998 18.413685321807861 18.000000000000004 55.753253817558289 11.999999999999998 9.9999999999999982
leaf_count=28 15 18 18 45 12 10
internal_value=0 -0.0105495 0.00636891 0.010083 -0.0158038 -0.00235698
internal_weight=157.167 58.4137 98.7533 70.7533 40 28
internal_count=146 58 88 60 40 28
is_linear=0
shrinkage=0.0168771


Tree=18
num_leaves=8
num_cat=0
split_feature=3 1 8 13 5 4 5
split_gain=41.6877 16.25 13.0805 7.61581 3.53913 0.569437 0.307042
threshold=0.27071428571428585 0.56190476190476213 -0.17820509829713652 0.39548710303384493 17.466428571428576 18.963571428571431 19.508571428571432
decision_type=2 2 2 2 2 2 2
left_child=1 -1 5 -4 -3 -2 -5
right_child=2 4 3 6 -6 -7 -8
leaf_value=0.0032919261825012612 0 -0.019317534588440672 0.014581091298207949 0 -0.005671517298128698 -0.0036669119880331693 0.0030943771217951609
leaf_weight=14.231527447700499 11.000000000000002 30 44.569518566131592 11.000000000000002 17 19 13.414100170135496
leaf_count=14 11 30 33 11 17 19 13
internal_value=-1.1346e-06 -0.0107931 0.00657254 0.0105452 -0.0154503 -0.00200618 0.00158775
internal_weight=160.215 61.2315 98.9836 68.9836 47 30 24.4141
internal_count=148 61 87 57 47 30 24
is_linear=0
shrinkage=0.0168771


Tree=19
num_leaves=8
num_cat=0
split_feature=2 8 5 5 10 12 5
split_gain=38.5221 17.3137 4.10169 3.52276 1.48865 0.632972 0.588051
threshold=0.23928571428571432 -0.14833593499358919 18.742142857142859 16.951428571428579 0.40357142857142864 1.4324629817690167 17.409285714285719
decision_type=2 2 2 2 2 2 2
left_child=3 4 6 -1 -2 -4 -3
right_child=1 2 5 -5 -6 -7 -8
leaf_value=-0.021304241884500412 -0.0056575933900446058 0.0037307362662167215 0.014220357579173342 -0.0045662913562201689 0 0.0051304149049978395 0
leaf_weight=20.000000000000004 36 14.600000143051149 27.938631296157837 11.213685274124144 10.999999999999998 18.128440380096436 9.9999999999999982
leaf_count=20 36 14 20 11 11 17 10
internal_value=-0.000924038 0.00342034 0.00866185 -0.0168515 -0.00405704 0.0116191 0.00166501
internal_weight=148.881 117.667 70.6671 31.2137 47 46.0671 24.6
internal_count=139 108 61 31 47 37 24
is_linear=0
shrinkage=0.0168771


Tree=20
num_leaves=9
num_cat=0
split_feature=6 12 1 3 1 1 1 5
split_gain=31.9923 13.0381 7.5727 7.46531 3.15304 0.941105 0.702527 0.207786
threshold=19.170714285714286 0.084943929620619349 11.504523809523812 0.25785714285714295 -6.6589880952380947 0.56190476190476213 -6.4779166666666645 18.698571428571434
decision_type=2 2 2 2 2 2 2 2
left_child=1 3 4 -1 -2 6 -3 -5
right_child=2 5 -4 7 -6 -7 -8 -9
leaf_value=-0.015716270506770186 0.0016603279086017965 0 -0.0012366143391564011 -0.0033304173432046119 0.013684064934400535 -0.00090997556003661587 0.0056179167427475151 0
leaf_weight=31 13.207050085067747 10.999999999999998 11.999999999999998 17.000000000000004 47.19189989566803 9.9999999999999982 16.053176164627079 9.9999999999999982
leaf_count=31 13 11 12 17 36 10 15 10
internal_value=0.000845937 -0.00538389 0.00921461 -0.0102599 0.0116065 0.0018794 0.00364676 -0.00232496
internal_weight=167.452 95.0532 72.3989 58 60.3989 37.0532 27.0532 27
internal_count=155 94 61 58 49 36 26 27
is_linear=0
shrinkage=0.0168771


Tree=21
num_leaves=7
num_cat=0
split_feature=6 2 1 1 1 13
split_gain=40.8982 17.1146 7.75418 4.18944 3.68941 0.899172
threshold=18.898571428571429 0.24285714285714288 11.504523809523812 -6.9252976190476181 0.56190476190476213 -0.17163430605912702
decision_type=2 2 2 2 2 2
left_child=1 -1 3 -2 -3 -6
right_child=2 4 -4 -5 5 -7
leaf_value=-0.018828656798423056 0.00034134270488582653 0.0032401161188548508 -0.0013084873378920762 0.0130542952600462 -0.0084028705223460308 -0.0015375951397791764
leaf_weight=26 12.999999999999998 17.200000047683716 13.999999999999998 51.886229038238525 15.999999999999998 25
leaf_count=26 13 17 14 40 16 25
internal_value=0 -0.00807589 0.00854131 0.0109621 -0.00223654 -0.00510712
internal_weight=163.086 84.2 78.8862 64.8862 58.2 41
internal_count=151 84 67 53 58 41
is_linear=0
shrinkage=0.0168771


Tree=22
num_leaves=9
num_cat=0
split_feature=6 12 2 13 1 13 6 10
split_gain=37.6911 15.294 7.66982 4.64713 3.77786 1.13417 0.985261 0.472258
threshold=18.898571428571429 0.084943929620619349 0.26428571428571429 -0.1259912920999767 11.504523809523812 0.61900915655788469 17.720714285714291 0.26214285714285718
decision_type=2 2 2 2 2 2 2 2
left_child=1 2 7 -2 -5 -3 -4 -1
right_child=3 5 6 4 -6 -7 -8 -9
leaf_value=-0.019899864099744674 0.013770414092371975 0.0042296674989370162 -0.0057683145595969036 0.0067486717926579691 -0.003305000529924427 -0.00096453253368059661 0 -0.0061904898469264686
leaf_weight=25 30.155686020851135 15.613685369491575 14.000000000000002 31.129651069641113 9.9999999999999982 20 9.9999999999999982 9.9999999999999982
leaf_count=25 22 15 14 28 10 20 10 10
internal_value=-0.000274157 -0.00729187 -0.012395 0.00865854 0.00373834 0.00087854 -0.00323789 -0.0173512
internal_weight=165.899 94.6137 59 71.2853 41.1297 35.6137 24 35
internal_count=154 94 59 60 38 35 24 35
is_linear=0
shrinkage=0.0168771


Tree=23
num_leaves=7
num_cat=0
split_feature=14 8 8 2 5 14
split_gain=33.9029 11.267 9.40797 5.19503 2.04978 0.144196
threshold=18.746428571428574 0.12006042759527363 -0.17820509829713652 0.24285714285714288 18.828571428571429 17.631428571428575
decision_type=2 2 2 2 2 2
left_child=1 3 -2 -1 -4 -5
right_child=2 -3 4 5 -6 -7
leaf_value=-0.018653029993217871 -0.0029034227348518709 0.0035702432280363245 0.001618283282895636 -0.0018216357622092073 0.011721610870990336 -0.0080165151799393378
leaf_weight=23 17 12.478338837623594 13.822959065437315 15.999999999999998 46.997568964958191 18
leaf_count=23 17 12 13 16 38 18
internal_value=-0.000507491 -0.00901976 0.00686587 -0.0121897 0.00995614 -0.00608259
internal_weight=147.299 69.4783 77.8205 57 60.8205 34
internal_count=137 69 68 57 51 34
is_linear=0
shrinkage=0.0168771


Tree=24
num_leaves=7
num_cat=0
split_feature=2 8 12 10 0 3
split_gain=35.3869 19.3973 3.4687 1.60529 1.29231 0.373093
threshold=0.23928571428571432 -0.17820509829713652 0.56170018017292034 0.3928571428571429 25.000000000000004 0.40500000000000008
decision_type=2 2 2 2 2 2
left_child=4 3 -3 -2 -1 -4
right_child=1 2 5 -5 -6 -7
leaf_value=-0.021752377151408379 -0.0063845311984225923 0.012266109235297527 0.0048815565056809342 0 -0.0076339407292457277 0
leaf_weight=15.000000000000002 40 33.765555262565613 33.37554657459259 11.999999999999998 14.999999999999998 14.430009007453917
leaf_count=15 40 25 32 12 15 14
internal_value=-0.000881459 0.00278195 0.00791239 -0.0048506 -0.0166754 0.00386714
internal_weight=163.571 133.571 81.5711 52 30 47.8056
internal_count=153 123 71 52 30 46
is_linear=0
shrinkage=0.0168771


Tree=25
num_leaves=8
num_cat=0
split_feature=6 12 10 1 2 12 2
split_gain=33.1258 12.2248 6.81634 5.04061 2.21604 0.745207 0.169277
threshold=18.898571428571429 0.21399168670177462 0.26428571428571429 11.504523809523812 0.26000000000000012 1.2057599765913831 0.31071428571428578
decision_type=2 2 2 2 2 2 2
left_child=1 2 4 5 -1 -2 -3
right_child=3 6 -4 -5 -6 -7 -8
leaf_value=-0.019808915759947077 0.012617769748216229 0.0029866130362433646 -0.0023403800827221702 -0.00026136392270751984 -0.0059619534729806597 0.0050264862071906606 0
leaf_weight=24 29.027178168296814 10.413685321807863 21 12.999999999999998 13.999999999999998 26.839634776115417 12.200000047683714
leaf_count=24 21 10 21 13 14 25 12
internal_value=-0.00064575 -0.00792525 -0.011868 0.00764035 -0.0160435 0.00978222 0.00166383
internal_weight=150.48 81.6137 59 68.8668 38 55.8668 22.6137
internal_count=140 81 59 59 38 46 22
is_linear=0
shrinkage=0.0168771


Tree=26
num_leaves=10
num_cat=0
split_feature=7 1 1 1 2 10 6 5 5
split_gain=27.625 9.6843 9.18796 5.62225 4.29925 0.960501 0.540731 0.33783 0.179703
threshold=18.272857142857148 0.56190476190476213 9.487738095238095 -6.9252976190476181 0.26428571428571429 0.3928571428571429 17.175000000000001 17.367142857142859 18.742142857142859
decision_type=2 2 2 2 2 2 2 2 2
left_child=1 -1 3 -2 7 -4 -6 -3 -5
right_child=2 4 5 8 6 -7 -8 -9 -10
leaf_value=0.0034754789428254121 0 -0.018116009133847494 -0.0052008605210025847 0.0029906560289528423 -0.0055987753860411672 0 0 -0.0053326156187908768 0.012468841082489397
leaf_weight=12.41368532180786 12.999999999999998 20.000000000000004 12.000000000000002 9.6000001430511457 10.000000000000002 9.9999999999999982 10.999999999999998 9.9999999999999982 46.343245506286621
leaf_count=12 13 20 12 9 10 10 11 10 36
internal_value=0.000195346 -0.00799935 0.00621923 0.00922681 -0.0112451 -0.00228285 -0.00323846 -0.0153855 0.0114519
internal_weight=154.357 63.4137 90.9432 68.9432 51 22 21 30 55.9432
internal_count=143 63 80 58 51 22 21 30 45
is_linear=0
shrinkage=0.0168771


Tree=27
num_leaves=8
num_cat=0
split_feature=2 8 13 0 2 13 5
split_gain=31.0038 16.0801 5.79986 4.00203 3.18642 0.452302 0.441775
threshold=0.23928571428571432 -0.17820509829713652 0.4735023106683745 14.500000000000002 0.27214285714285719 0.054537452511734981 19.508571428571432
decision_type=2 2 2 2 2 2 2
left_child=3 5 4 -1 -3 -2 -4
right_child=1 2 6 -5 -6 -7 -8
leaf_value=-0.021948711308744959 -0.0057833523734869543 0.0023418266146636364 -0.00038576917176952878 -0.0050344476450345154 0.01327200902964098 0 0.0026491222376242973
leaf_weight=13.000000000000002 28 17.433723926544189 13.000000000000002 14.213685274124144 42.366310238838196 11.999999999999998 17.414100170135498
leaf_count=13 28 17 13 14 31 12 17
internal_value=0.000117675 0.00375008 0.00771786 -0.0152002 0.0106999 -0.00459265 0.000758979
internal_weight=157.428 130.214 90.2141 27.2137 59.8 40 30.4141
internal_count=145 118 78 27 48 40 30
is_linear=0
shrinkage=0.0168771


Tree=28
num_leaves=7
num_cat=0
split_feature=3 8 8 13 2 10
split_gain=33.0687 12.5514 10.5987 6.05244 2.81796 0.555106
threshold=0.27071428571428585 1.1845827620653882 -0.17820509829713652 0.39548710303384493 0.26428571428571429 0.3928571428571429
decision_type=2 2 2 2 2 2
left_child=1 4 5 -4 -1 -2
right_child=2 -3 3 -5 -6 -7
leaf_value=-0.01666971591389747 -0.0037553186858345737 0.0040027339537959568 0.012574565878487775 0.00088791486232847985 -0.0031809875677669421 0
leaf_weight=33 18.000000000000004 10.702545642852781 47.89071798324585 23.207050085067749 11.999999999999998 10.999999999999998
leaf_count=33 18 10 36 23 12 11
internal_value=0 -0.010093 0.00578539 0.00924801 -0.0139529 -0.00207062
internal_weight=155.8 55.7025 100.098 71.0978 45 29
internal_count=143 55 88 59 45 29
is_linear=0
shrinkage=0.0168771


Tree=29
num_leaves=8
num_cat=0
split_feature=6 0 1 12 8 8 1
split_gain=25.4086 12.7175 7.21168 6.16409 2.80702 0.769587 0.325519
threshold=18.898571428571429 14.500000000000002 11.504523809523812 -0.10864714396718358 0.69840285452526263 0.69840285452526263 -7.4561309523809518
decision_type=2 2 2 2 2 2 2
left_child=1 -1 4 -3 -2 -5 -6
right_child=2 3 -4 5 6 -7 -8
leaf_value=-0.021757803772500105 0.013968846908885476 -0.0076027842866893142 -0.0025753292220532524 -0.00018641310087006864 0 0.0038877949103983773 0.0051486177768244271
leaf_weight=11.999999999999998 23.800285935401917 46 13.999999999999998 15.000000000000002 9.9999999999999982 16.000000238418579 16.166420102119449
leaf_count=12 16 46 14 15 10 15 15
internal_value=-0.00119951 -0.00705677 0.00656716 -0.00377516 0.00955345 0.00140879 0.00376891
internal_weight=152.967 89 63.9667 77 49.9667 31 26.1664
internal_count=143 88 55 76 41 30 25
is_linear=0
shrinkage=0.0168771


Tree=30
num_leaves=7
num_cat=0
split_feature=2 8 1 11 11 12
split_gain=35.8089 15.4694 3.81778 3.14562 2.97371 0.531228
threshold=0.23928571428571432 -0.17820509829713652 -6.9252976190476181 18.048571428571428 17.201428571428576 -0.75528642535209645
decision_type=2 2 2 2 2 2
left_child=4 5 -3 -4 -1 -2
right_child=1 2 3 -5 -6 -7
leaf_value=-0.020830126182632545 -0.0063027192067151338 0 0.0010964045787391632 0.011654844342974818 -0.0045681209353352634 -0.00087331802941844488
leaf_weight=17.000000000000004 17 14.999999999999998 15.800000190734862 54.633959054946899 11.213685274124144 25
leaf_count=17 17 15 15 42 11 25
internal_value=2.28481e-06 0.00402432 0.00814157 0.00972966 -0.0161198 -0.00383646
internal_weight=155.648 127.434 85.434 70.434 28.2137 42
internal_count=142 114 72 57 28 42
is_linear=0
shrinkage=0.0168771


Tree=31
num_leaves=8
num_cat=0
split_feature=10 8 13 0 10 0 0
split_gain=29.0529 14.7612 5.77921 3.63009 1.5452 0.507063 0.299068
threshold=0.23785714285714293 -0.17820509829713652 0.4735023106683745 25.000000000000004 0.3928571428571429 33.500000000000007 36.500000000000007
decision_type=2 2 2 2 2 2 2
left_child=3 4 6 -1 -2 -5 -3
right_child=1 2 -4 5 -6 -7 -8
leaf_value=-0.019938372320638983 -0.0053504013739279288 0.0034707181495288067 0 -9.0003688667767871e-05 0.0001423298045635684 -0.0082199162126187879 0.011612752135321014
leaf_weight=14.999999999999998 37 13.67833888530731 23 10.000000000000002 10.999999999999998 10.999999999999998 44.898411393165588
leaf_count=15 37 13 23 10 11 11 34
internal_value=-0.000369245 0.00326764 0.00762815 -0.0133 -0.00371525 -0.00576877 0.0103307
internal_weight=165.577 129.577 81.5768 36 48 21 58.5768
internal_count=154 118 70 36 48 21 47
is_linear=0
shrinkage=0.0168771


Tree=32
num_leaves=8
num_cat=0
split_feature=5 1 13 10 2 7 1
split_gain=20.7249 12.1941 3.58666 3.41762 1.65907 0.987602 0.743832
threshold=19.002142857142861 0.56190476190476213 -0.13469553914670782 0.26428571428571429 0.26428571428571429 19.349285714285717 -6.1651190476190463
decision_type=2 2 2 2 2 2 2
left_child=1 6 -2 4 -3 -4 -1
right_child=2 3 5 -5 -6 -7 -8
leaf_value=0 0.01107823414221361 -0.015626592210746922 -0.00066554738951131356 -0.0024113754634187048 -0.0039886244495534349 0.0042067993816540614 0.0054499887055876745
leaf_weight=10.000000000000002 32.8062983751297 24 11.253905892372133 23 13.999999999999998 18.478733420372009 16.492783308029175
leaf_count=10 25 24 11 23 14 17 15
internal_value=0 -0.00519223 0.00727681 -0.0093152 -0.0124764 0.00178115 0.003521
internal_weight=150.032 87.4928 62.5389 61 38 29.7326 26.4928
internal_count=139 86 53 61 38 28 25
is_linear=0
shrinkage=0.0168771


Tree=33
num_leaves=10
num_cat=0
split_feature=6 12 2 1 8 11 8 1 1
split_gain=27.6952 13.3368 7.11786 6.86361 3.40852 1.07659 0.98712 0.953249 0.267006
threshold=18.898571428571429 0.084943929620619349 0.26428571428571429 11.504523809523812 0.69840285452526263 17.461428571428581 0.69840285452526263 9.4179166666666667 -8.5336904761904737
decision_type=2 2 2 2 2 2 2 2 2
left_child=1 2 7 4 -2 -4 -3 -1 -6
right_child=3 6 5 -5 8 -7 -8 -9 -10
leaf_value=-0.020559469882327867 0.013413206853876626 -0.00052513885565709571 -0.0059610085482835274 -0.0017315155213485037 0 0 0.0041472189794475884 -0.0062385166372246189 0.0049664706909888752
leaf_weight=18.000000000000004 33.9566650390625 17 12.000000000000002 14.999999999999998 9.9999999999999947 11.999999999999998 17.013685464859009 10.999999999999998 22.614809513092045
leaf_count=18 23 17 12 15 10 12 16 11 21
internal_value=8.39721e-05 -0.00630477 -0.0114311 0.0071467 0.0094585 -0.00288051 0.00134778 -0.0168957 0.00394752
internal_weight=168.585 87.0137 53 81.5715 66.5715 24 34.0137 29 32.6148
internal_count=155 86 53 69 54 24 33 29 31
is_linear=0
shrinkage=0.0168771


Tree=34
num_leaves=9
num_cat=0
split_feature=6 12 10 1 12 2 1 2
split_gain=21.0274 9.69995 6.06164 5.38117 1.88075 0.984127 0.442272 0.190704
threshold=18.898571428571429 0.21399168670177462 0.26428571428571429 11.504523809523812 0.58805652175630863 0.26428571428571429 -6.9252976190476181 0.31071428571428578
decision_type=2 2 2 2 2 2 2 2
left_child=1 2 5 4 -2 -1 -6 -3
right_child=3 7 -4 -5 6 -7 -8 -9
leaf_value=-0.01515913204815935 0.013119402457145603 0.0036368926775609289 -0.0002523403144282053 -0.0013088108672749802 0 -0.0036479640342503335 0.0060712111749455884 0
leaf_weight=27 25.06243884563446 13.413685321807863 20 12.999999999999998 11.999999999999995 10.999999999999998 21.310769319534305 13.200000047683714
leaf_count=27 17 13 20 13 12 11 19 13
internal_value=0.000170725 -0.00529373 -0.00910881 0.0069042 0.00907432 -0.0128721 0.00460131 0.00233978
internal_weight=155.987 84.6137 58 71.3732 58.3732 38 33.3108 26.6137
internal_count=145 84 58 61 48 38 31 26
is_linear=0
shrinkage=0.0168771


Tree=35
num_leaves=8
num_cat=0
split_feature=2 8 0 10 14 12 12
split_gain=22.0383 13.3742 1.19684 1.08772 0.990637 1.78025 0.410332
threshold=0.23928571428571432 -0.17820509829713652 14.500000000000002 0.38857142857142862 18.746428571428574 0.89945486187934887 -0.65816033312252575
decision_type=2 2 2 2 2 2 2
left_child=2 3 -1 6 -3 -6 -2
right_child=1 4 -4 -5 5 -7 -8
leaf_value=-0.018920597392231724 -0.0060798054704627406 0.0013926590610587833 -0.0054506757845865957 0 0.010771627417676238 0.0031051757515628219 0
leaf_weight=12.000000000000002 30.999999999999996 19.464653611183167 13.213685274124144 10.999999999999998 33.497467637062073 29.417019963264465 10.000000000000002
leaf_count=12 31 19 13 11 25 28 10
internal_value=-0.000227705 0.0024262 -0.0139547 -0.00388051 0.00666657 0.00782377 -0.00508776
internal_weight=159.593 134.379 25.2137 52 82.3791 62.9145 41
internal_count=149 124 25 52 72 53 41
is_linear=0
shrinkage=0.0168771


Tree=36
num_leaves=8
num_cat=0
split_feature=5 12 1 1 1 8 0
split_gain=25.2786 11.228 5.91182 4.21225 3.48662 0.36003 0.275628
threshold=18.575714285714287 0.084943929620619349 9.9698214285714304 9.9698214285714304 -6.9252976190476181 0.85578456609731657 39.500000000000007
decision_type=2 2 2 2 2 2 2
left_child=1 3 4 6 -2 -3 -1
right_child=2 5 -4 -5 -6 -7 -8
leaf_value=-0.016076196194984058 0 0 -0.0016788903133589357 -0.00035628512585152703 0.010544682931062907 0.0032488706776628196 -0.0049145971030681544
leaf_weight=27 13.999999999999998 15.000000000000002 14.999999999999998 11.999999999999998 52.694650411605835 11.613685369491575 10.999999999999998
leaf_count=27 14 15 15 12 41 11 11
internal_value=0 -0.00676868 0.00648357 -0.0113286 0.00863484 0.00131163 -0.0139734
internal_weight=158.308 76.6137 81.6947 50 66.6947 26.6137 38
internal_count=146 76 70 50 55 26 38
is_linear=0
shrinkage=0.0168771


Tree=37
num_leaves=8
num_cat=0
split_feature=9 12 4 12 13 11 14
split_gain=21.1074 11.0413 5.51477 2.63921 1.24305 0.444347 0.184139
threshold=19.282142857142858 0.084943929620619349 17.801428571428573 1.0435302512986322 0.34044967026828415 18.223571428571436 20.207857142857147
decision_type=2 2 2 2 2 2 2
left_child=1 2 -1 -2 -3 -4 -5
right_child=3 4 5 6 -6 -7 -8
leaf_value=-0.014046988652394796 0.010232454299307213 0.0050540987293479353 0 0 -0.0002815857211574282 -0.0044623643742946785 0.0030329136085935865
leaf_weight=34 32.114080786705017 16.132244825363159 14.000000000000002 12.23949074745178 15.999999999999998 15.999999999999998 20.847824096679688
leaf_count=34 24 15 14 12 16 16 20
internal_value=-0.00036616 -0.00545949 -0.00944015 0.00672655 0.00195512 -0.00275639 0.00214814
internal_weight=161.334 96.1322 64 65.2014 32.1322 30 33.0873
internal_count=151 95 64 56 31 30 32
is_linear=0
shrinkage=0.0168771


Tree=38
num_leaves=8
num_cat=0
split_feature=5 2 1 1 1 13 1
split_gain=24.1402 9.69963 4.73801 2.60882 2.34487 0.249424 0.181771
threshold=18.575714285714287 0.24285714285714288 8.64636904761905 -6.6589880952380947 0.56190476190476213 0.6758457985143741 -4.5853571428571422
decision_type=2 2 2 2 2 2 2
left_child=1 -1 3 -2 6 -6 -3
right_child=2 4 -4 -5 5 -7 -8
leaf_value=-0.01488109900312508 0.00071359212214546581 0 0 0.01095097193512869 -0.0051830491477454672 0 0.0034334984925201034
leaf_weight=22 14.414100170135496 10.000000000000002 15.999999999999998 47.812268733978271 26 9.9999999999999982 10.600000143051146
leaf_count=22 14 10 16 36 26 10 10
internal_value=0.000382283 -0.00596443 0.00702077 0.00906177 -0.00156284 -0.00425852 0.00213862
internal_weight=156.826 78.6 78.2264 62.2264 56.6 36 20.6
internal_count=144 78 66 50 56 36 20
is_linear=0
shrinkage=0.0168771


Tree=39
num_leaves=8
num_cat=0
split_feature=4 8 12 12 5 4 8
split_gain=17.9638 8.32522 7.82127 3.78642 0.297904 0.260222 0.240391
threshold=17.829285714285714 -0.17820509829713652 0.084943929620619349 0.89945486187934887 17.022857142857148 18.682142857142864 1.319890200027398
decision_type=2 2 2 2 2 2 2
left_child=2 5 4 -3 -1 -2 -5
right_child=1 3 -4 6 -6 -7 -8
leaf_value=-0.015172726098518682 0 0.010840690632459056 0 0 -0.0045732367208720899 -0.002983490282267865 0.0028744639061088514
leaf_weight=20 12.999999999999998 39.609837174415588 19.413685321807861 10.999999999999998 11.999999999999998 23 22.143105864524841
leaf_count=20 13 29 19 11 12 23 21
internal_value=5.78205e-05 0.00406231 -0.00776355 0.00732281 -0.0125536 -0.00200573 0.00196035
internal_weight=160.167 108.753 51.4137 72.7529 32 36 33.1431
internal_count=148 97 51 61 32 36 32
is_linear=0
shrinkage=0.0168771


Tree=40
num_leaves=8
num_cat=0
split_feature=5 1 1 0 13 1 1
split_gain=21.9922 9.90193 6.40497 6.18918 1.27632 1.03943 0.410149
threshold=18.698571428571434 0.56190476190476213 10.801785714285717 25.000000000000004 0.14066305808032895 -6.6589880952380947 -5.2680357142857144
decision_type=2 2 2 2 2 2 2
left_child=1 6 5 -3 -5 -2 -1
right_child=2 3 -4 4 -6 -7 -8
leaf_value=0 0.0014659780077838835 -0.018763847052178814 -0.0021878562409103808 -0.007028132991831592 0 0.0097417290565082245 0.0043220214467941508
leaf_weight=11.000000000000002 13.414100170135496 14.999999999999998 15.999999999999998 34 14.999999999999998 48.98069155216217 11.813685417175291
leaf_count=11 13 15 16 34 15 38 11
internal_value=-0.000220682 -0.00610315 0.00600306 -0.00947269 -0.00530284 0.00845064 0.00248046
internal_weight=165.208 86.8137 78.3948 64 49 62.3948 22.8137
internal_count=153 86 67 64 49 51 22
is_linear=0
shrinkage=0.0168771


Tree=41
num_leaves=7
num_cat=0
split_feature=7 8 0 3 0 6
split_gain=21.1121 9.35407 5.89642 0.858383 0.697644 0.122035
threshold=19.750714285714288 0.12006042759527363 25.000000000000004 0.36071428571428582 33.500000000000007 18.35285714285715
decision_type=2 2 2 2 2 2
left_child=1 2 -1 -2 -4 -3
right_child=3 5 4 -5 -6 -7
leaf_value=-0.017769762190182805 0.009770671445509662 0.0032823293554253528 0 0.0025097926539311352 -0.0059515687484331574 0
leaf_weight=13.999999999999998 33.310747027397156 18.000000238418583 14.999999999999998 19.632271885871887 45.253905892372131 9.9999999999999982
leaf_count=14 26 17 15 18 45 10
internal_value=-0.000487181 -0.00506235 -0.00818434 0.00775101 -0.00488511 0.00248281
internal_weight=155.197 102.254 74.2539 52.943 60.2539 28
internal_count=145 101 74 44 60 27
is_linear=0
shrinkage=0.0168771


Tree=42
num_leaves=8
num_cat=0
split_feature=3 1 1 13 0 4 10
split_gain=20.1513 8.70347 6.54841 5.80396 1.037 0.213084 0.130295
threshold=0.25357142857142861 0.56190476190476213 7.9508333333333336 0.39548710303384493 25.000000000000004 19.252857142857142 0.31714285714285723
decision_type=2 2 2 2 2 2 2
left_child=1 -1 3 -2 -3 -4 -5
right_child=2 4 5 6 -6 -7 -8
leaf_value=0.0016571179608773836 0.01029274594828263 -0.0175312721731813 0 0 -0.005575688759875126 -0.0034342752846515975 0.0013876287509838393
leaf_weight=11.702545642852781 49.37323784828186 16.000000000000004 19.000000000000004 12.999999999999998 14.999999999999998 10.999999999999998 20.207050085067749
leaf_count=11 38 16 19 13 15 11 20
internal_value=0.000420484 -0.00892784 0.0042963 0.00674851 -0.0133837 -0.00177258 0.000452875
internal_weight=155.283 42.7025 112.58 82.5803 31 30 33.2071
internal_count=143 42 101 71 31 30 33
is_linear=0
shrinkage=0.0168771


Tree=43
num_leaves=8
num_cat=0
split_feature=9 12 4 1 6 11 5
split_gain=24.716 12.8759 5.00698 2.51599 0.55967 0.506921 0.382221
threshold=19.282142857142858 0.14891642119203299 17.801428571428573 -6.9252976190476181 17.250000000000004 18.223571428571436 17.367142857142859
decision_type=2 2 2 2 2 2 2
left_child=1 2 6 -2 -3 -4 -1
right_child=3 4 5 -5 -6 -7 -8
leaf_value=-0.014861163618909818 0 0 0 0.0091529618997555021 0.0050874041700231746 -0.0042800970751395127 -0.004243574729092048
leaf_weight=31 12.999999999999998 17.000000000000004 13.000000000000002 53.492931842803955 14.532244920730589 15.999999999999998 10.999999999999998
leaf_count=31 13 17 13 42 13 16 11
internal_value=-9.04915e-05 -0.00536266 -0.00931088 0.00760001 0.0029122 -0.00251653 -0.0130353
internal_weight=169.025 102.532 71 66.4929 31.5322 29 42
internal_count=156 101 71 55 30 29 42
is_linear=0
shrinkage=0.0168771


Tree=44
num_leaves=7
num_cat=0
split_feature=5 1 0 1 13 13
split_gain=20.8458 9.03913 5.35235 2.71911 1.1419 0.960497
threshold=18.575714285714287 0.56190476190476213 17.500000000000004 10.801785714285717 0.4735023106683745 0.054537452511734981
decision_type=2 2 2 2 2 2
left_child=1 -1 -3 4 -2 -4
right_child=3 2 5 -5 -6 -7
leaf_value=0.0029258204107496279 0.0089091415728789446 -0.018296169703375463 -0.006848474546427773 0 0.00057108913312818653 0
leaf_weight=18.613685369491577 48.261096358299255 13.999999999999998 29 11.999999999999998 12.207050085067747 14.999999999999998
leaf_count=18 38 14 29 12 12 15
internal_value=0 -0.00611161 -0.0093812 0.00627383 0.00768325 -0.00510629
internal_weight=149.082 76.6137 58 72.4681 60.4681 44
internal_count=138 76 58 62 50 44
is_linear=0
shrinkage=0.0168771


Tree=45
num_leaves=7
num_cat=0
split_feature=14 0 8 8 13 13
split_gain=20.8421 8.53343 4.07439 2.74829 2.32367 1.12745
threshold=19.11000000000001 14.500000000000002 0.12006042759527363 -0.64890192546659975 0.4735023106683745 0.14066305808032895
decision_type=2 2 2 2 2 2
left_child=1 -1 5 -2 -5 -3
right_child=3 2 -4 4 -6 -7
leaf_value=-0.017782441774532955 0 -0.0072813535203347162 0.0024776976016564574 0.0089083643712316932 0.00032349191229503311 0
leaf_weight=13.999999999999998 14.999999999999998 39 17.678338885307312 43.645771265029907 18.414100170135498 13.999999999999998
leaf_count=14 15 39 17 34 18 14
internal_value=-0.000783121 -0.00657355 -0.00343231 0.00530714 0.00683491 -0.00583095
internal_weight=161.738 84.6783 70.6783 77.0599 62.0599 53
internal_count=151 84 70 67 52 53
is_linear=0
shrinkage=0.0168771


Tree=46
num_leaves=8
num_cat=0
split_feature=6 3 9 13 6 13 4
split_gain=22.465 8.59708 3.06784 1.21296 0.871187 0.858418 0.357086
threshold=18.898571428571429 0.25357142857142861 19.282142857142858 -0.20664781320310519 16.803571428571434 0.4735023106683745 18.789285714285715
decision_type=2 2 2 2 2 2 2
left_child=1 3 -2 -1 -3 -4 -6
right_child=2 4 5 -5 6 -7 -8
leaf_value=-0.0036570879740770589 0 -0.0041282127975886635 0.0098027616419945115 -0.014934782570734668 0.0019929122705098518 0.0012653526800279226 -0.0006701399524086174
leaf_weight=12.999999999999998 15.003992795944212 10.999999999999998 49.074510455131531 20 24.613685369491577 11.414100170135496 10.999999999999998
leaf_count=13 14 11 37 20 24 11 11
internal_value=0.000464655 -0.00553955 0.00705309 -0.0117736 -0.000240388 0.00867758 0.000600041
internal_weight=155.106 79.6137 75.4926 33 46.6137 60.4886 35.6137
internal_count=141 79 62 33 46 48 35
is_linear=0
shrinkage=0.0168771


Tree=47
num_leaves=8
num_cat=0
split_feature=6 1 3 1 1 11 1
split_gain=19.2907 6.90603 4.25978 2.58941 1.81696 0.635988 0.491884
threshold=18.898571428571429 0.56190476190476213 0.25785714285714295 7.4209523809523814 -6.6589880952380947 17.461428571428581 -5.2680357142857144
decision_type=2 2 2 2 2 2 2
left_child=1 6 -3 4 -2 -4 -1
right_child=3 2 5 -5 -6 -7 -8
leaf_value=0 0 -0.012084921197101924 -0.0047725675715583346 0 0.0092558801335429035 0 0.0039621604127065497
leaf_weight=11.000000000000002 12.207050085067747 34 12.999999999999998 11.81131076812744 46.887048006057739 19 11.813685417175291
leaf_count=11 12 34 13 11 36 19 11
internal_value=0 -0.00520304 -0.00795332 0.00638709 0.0077756 -0.00227901 0.00188182
internal_weight=159.719 88.8137 66 70.9054 59.0941 32 22.8137
internal_count=147 88 66 59 48 32 22
is_linear=0
shrinkage=0.0168771


Tree=48
num_leaves=7
num_cat=0
split_feature=5 12 8 4 13 13
split_gain=16.7377 9.87055 5.07642 3.17129 1.96111 0.626715
threshold=18.575714285714287 0.084943929620619349 -0.64890192546659975 17.829285714285714 0.4735023106683745 0.70550270240426427
decision_type=2 2 2 2 2 2
left_child=1 3 -2 -1 -4 -3
right_child=2 5 4 -5 -6 -7
leaf_value=-0.013275339565148904 -0.0012590387708932207 0.0035209379439258459 0.0095857162892679492 -0.001916620126326345 0.00065979849736266978 0
leaf_weight=29 17 18.013685464859009 48.028059840202332 17 15.207050085067747 13.999999999999998
leaf_count=29 17 17 36 17 15 14
internal_value=0.000273698 -0.00504987 0.00571506 -0.00990021 0.00790173 0.00152225
internal_weight=158.249 78.0137 80.2351 46 63.2351 32.0137
internal_count=145 77 68 46 51 31
is_linear=0
shrinkage=0.0168771


Tree=49
num_leaves=7
num_cat=0
split_feature=2 8 10 5 10 11
split_gain=17.7936 9.68301 2.56328 2.18231 0.697801 0.456234
threshold=0.23928571428571432 -0.17820509829713652 0.25428571428571428 18.742142857142859 0.38857142857142862 16.675000000000001
decision_type=2 2 2 2 2 2
left_child=2 4 -1 5 -2 -3
right_child=1 3 -4 -5 -6 -7
leaf_value=-0.016706578924216425 -0.0047509866240735494 0.0032174265060938658 -0.002044906332685479 0.0073565652730671225 0 -9.6807224353656025e-05
leaf_weight=16.000000000000004 37 10.800000190734865 9.9999999999999982 55.675067543983459 10.999999999999998 18
leaf_count=16 37 10 10 45 11 18
internal_value=-0.000500579 0.00193236 -0.0126174 0.00541392 -0.00371369 0.000620632
internal_weight=158.475 132.475 26 84.4751 48 28.8
internal_count=147 121 26 73 48 28
is_linear=0
shrinkage=0.0168771


Tree=50
num_leaves=8
num_cat=0
split_feature=2 1 5 5 1 12 13
split_gain=16.2206 7.20078 3.34668 1.94825 0.607135 0.278114 0.261242
threshold=0.23928571428571432 7.6604761904761913 18.742142857142859 16.580000000000002 2.6783928571428577 -0.75528642535209645 -0.20664781320310519
decision_type=2 2 2 2 2 2 2
left_child=3 2 6 -1 -4 -3 -2
right_child=1 5 4 -5 -6 -7 -8
leaf_value=-0.015675254496558398 0.0020659974250746634 -0.004607574164681251 0.0047010098988732466 -0.0025009197266975254 0.011937502159853642 0 -0.00079091486221242915
leaf_weight=15.000000000000002 11.600000143051149 21 38.663875579833984 11.213685274124144 14.764905810356138 15.999999999999998 17
leaf_count=15 11 21 34 11 9 16 17
internal_value=-0.000176714 0.00237791 0.00521719 -0.0116234 0.00761277 -0.00327644 0
internal_weight=145.242 119.029 82.0288 26.2137 53.4288 37 28.6
internal_count=134 108 71 26 43 37 28
is_linear=0
shrinkage=0.0168771


Tree=51
num_leaves=7
num_cat=0
split_feature=0 8 13 2 3 12
split_gain=19.2521 10.8932 3.10229 2.44674 1.10237 0.248286
threshold=14.500000000000002 -0.17820509829713652 0.4735023106683745 0.27214285714285719 0.25357142857142861 -0.65816033312252575
decision_type=2 2 2 2 2 2
left_child=-1 4 3 -3 -2 -6
right_child=1 2 -4 -5 5 -7
leaf_value=-0.017070809930655764 -0.0069447803319987048 0.00095723678975909393 0 0.0097520663768452306 -0.0019033827888655752 0
leaf_weight=13.999999999999998 17 19.43054723739624 25.414100170135498 44.600117564201355 31 11.999999999999998
leaf_count=14 17 19 25 33 31 12
internal_value=0 0.00190782 0.00565991 0.00757596 -0.00333235 -0.00106571
internal_weight=163.445 149.445 89.4448 64.0307 60 43
internal_count=151 137 77 52 60 43
is_linear=0
shrinkage=0.0168771


Tree=52
num_leaves=7
num_cat=0
split_feature=3 12 8 13 0 13
split_gain=15.8997 7.01738 5.39042 2.5963 2.27757 0.437211
threshold=0.27071428571428585 0.21399168670177462 -0.17820509829713652 0.39548710303384493 25.000000000000004 0.054537452511734981
decision_type=2 2 2 2 2 2
left_child=1 4 5 -4 -1 -2
right_child=2 -3 3 -5 -6 -7
leaf_value=-0.016975606097854215 -0.0025637207760040607 0.00074312552842084416 0.0088611940806673506 0.00045610633510571495 -0.0054977756465720388 0.00030191344070884345
leaf_weight=12.999999999999998 22 18.471018195152283 46.416173219680786 21.207050085067749 28 9.9999999999999982
leaf_count=13 22 18 35 21 28 10
internal_value=0 -0.00680014 0.00400413 0.00667089 -0.0105327 -0.00107568
internal_weight=159.094 59.471 99.6232 67.6232 41 32
internal_count=147 59 88 56 41 32
is_linear=0
shrinkage=0.0168771


Tree=53
num_leaves=7
num_cat=0
split_feature=14 12 1 13 5 14
split_gain=19.0694 6.16022 4.56894 4.43106 2.68827 0.14071
threshold=18.310714285714287 0.084943929620619349 8.9507142857142892 0.4735023106683745 17.262142857142859 19.169285714285724
decision_type=2 2 2 2 2 2
left_child=1 4 3 -2 -1 -4
right_child=2 -3 5 -5 -6 -7
leaf_value=-0.013516276941485333 0.0092998130843008984 0.00037435108641215373 -0.0022648979283048762 0 -0.0025160910193598052 0
leaf_weight=29 49.405673146247864 16.478338837623596 11.000000000000002 26.207050085067749 17 13.999999999999998
leaf_count=29 37 16 11 26 17 14
internal_value=0 -0.00725177 0.00438734 0.00644599 -0.0103015 -0.0010589
internal_weight=163.091 62.4783 100.613 75.6127 46 25
internal_count=150 62 88 63 46 25
is_linear=0
shrinkage=0.0168771


Tree=54
num_leaves=8
num_cat=0
split_feature=6 12 10 13 13 13 1
split_gain=12.5797 6.20337 3.82554 2.74427 0.598438 0.57292 0.216232
threshold=18.898571428571429 0.084943929620619349 0.25428571428571428 -0.13469553914670782 0.34044967026828415 0.072413853138357673 -8.5336904761904737
decision_type=2 2 2 2 2 2 2
left_child=1 2 -1 -2 -3 -5 -7
right_child=3 4 -4 5 -6 6 -8
leaf_value=-0.012125773892056182 0.0090539724076248961 0.0031961469892152657 -0.00098663899052044124 -0.00050071571686728189 -0.0004992552984899889 0 0.0039677381539697382
leaf_weight=27 30.283997297286987 14.813685417175291 20 10.999999999999998 18 9.9999999999999982 15.165484309196474
leaf_count=27 22 14 20 11 18 10 14
internal_value=0 -0.00437027 -0.00816925 0.00537385 0.000666208 0.00127314 0.00281836
internal_weight=146.263 79.8137 47 66.4495 32.8137 36.1655 25.1655
internal_count=136 79 47 57 32 35 24
is_linear=0
shrinkage=0.0168771


Tree=55
num_leaves=8
num_cat=0
split_feature=9 8 3 13 13 10 12
split_gain=13.0461 6.20858 3.4494 2.06952 0.425074 0.234556 0.124039
threshold=19.282142857142858 0.12006042759527363 0.25785714285714295 0.39548710303384493 0.054537452511734981 0.35785714285714293 1.5622440576553347
decision_type=2 2 2 2 2 2 2
left_child=1 2 -1 5 -4 -2 -5
right_child=3 -3 4 6 -6 -7 -8
leaf_value=-0.0097349163178106646 0.0099865259681366624 0.0037241015117262062 -0.0027713422081231823 0 0 0.0031539849064582482 0.0017050478824002652
leaf_weight=32 28.880574107170105 22.309866428375244 30 10.000000000000002 14.25390589237213 17.862483859062195 11.414100170135496
leaf_count=32 20 21 30 10 14 15 11
internal_value=0.000548845 -0.00320044 -0.00557207 0.0061951 -0.00167108 0.00816536 0.000509913
internal_weight=166.721 98.5638 76.2539 68.1572 44.2539 46.7431 21.4141
internal_count=153 97 76 56 44 35 21
is_linear=0
shrinkage=0.0168771


Tree=56
num_leaves=7
num_cat=0
split_feature=7 1 1 3 4 11
split_gain=11.5152 6.9304 3.30106 2.55154 0.455562 0.318073
threshold=19.349285714285717 0.56190476190476213 -6.9252976190476181 0.27857142857142864 18.963571428571431 17.367142857142859
decision_type=2 2 2 2 2 2
left_child=1 -1 -2 5 -5 -3
right_child=2 3 -4 4 -6 -7
leaf_value=0.0032465877377618876 0 -0.012095325780126487 0.0079412871128547429 0 -0.0032831619053197213 -0.0038962869042408494
leaf_weight=24.078338980674744 15.999999999999998 20 44.805180668830872 13.000000000000002 14.999999999999998 17
leaf_count=23 16 20 35 13 15 17
internal_value=4.51412e-05 -0.00362842 0.00569846 -0.0065353 -0.00143143 -0.00944946
internal_weight=149.884 89.0783 60.8052 65 28 37
internal_count=139 88 51 65 28 37
is_linear=0
shrinkage=0.0168771


Tree=57
num_leaves=7
num_cat=0
split_feature=6 1 10 10 2 12
split_gain=16.9636 8.18833 3.83356 3.65958 2.29747 0.963384
threshold=18.898571428571429 0.56190476190476213 0.26428571428571429 0.35785714285714293 0.26428571428571429 -0.24802088737487793
decision_type=2 2 2 2 2 2
left_child=1 -1 4 -2 -3 -5
right_child=3 2 -4 5 -6 -7
leaf_value=0.0026005003283406879 0.0096901729583379337 -0.012982210837661469 0 -0.0010782299957380499 -0.0022275526180869005 0.0033423355519849787
leaf_weight=24.213685512542725 34.660320520401001 33 18 12.999999999999998 14.999999999999998 28.882788777351379
leaf_count=23 25 33 18 13 15 26
internal_value=0 -0.00491164 -0.00798638 0.00570399 -0.0103816 0.00148892
internal_weight=166.757 90.2137 66 76.5431 48 41.8828
internal_count=153 89 66 64 48 39
is_linear=0
shrinkage=0.0168771


Tree=58
num_leaves=9
num_cat=0
split_feature=2 8 5 0 10 10 0 8
split_gain=17.5229 8.22736 2.03159 1.87738 0.983215 0.844435 0.45495 0.252135
threshold=0.23928571428571432 -0.17820509829713652 18.742142857142859 25.000000000000004 0.3928571428571429 0.35785714285714293 37.500000000000007 0.69840285452526263
decision_type=2 2 2 2 2 2 2 2
left_child=3 4 7 -1 6 -4 -2 -3
right_child=1 2 5 -5 -6 -7 -8 -9
leaf_value=-0.015777663789541103 0 -0.00042093462923295245 0.0088498437283991722 -0.0032220544331393523 0.00011978871519973346 0.0027202466872851246 -0.0050506751348392337 0.0020614036125935552
leaf_weight=16.000000000000004 12.999999999999998 12.000000000000002 37.491798281669617 12.999999999999998 10.999999999999998 27.750806331634521 30 13.600000143051146
leaf_count=16 13 12 28 13 11 25 30 13
internal_value=-0.000211632 0.00211361 0.00523898 -0.01166 -0.00274927 0.00679938 -0.00393249 0.000187522
internal_weight=173.843 144.843 90.8426 29 54 65.2426 43 25.6
internal_count=161 132 78 29 54 53 43 25
is_linear=0
shrinkage=0.0168771


Tree=59
num_leaves=7
num_cat=0
split_feature=3 12 1 13 2 10
split_gain=11.0108 5.36267 4.3079 2.62874 0.693377 0.344861
threshold=0.26428571428571429 0.21399168670177462 7.9508333333333336 0.39548710303384493 0.26000000000000012 0.35785714285714293
decision_type=2 2 2 2 2 2
left_child=1 4 3 5 -1 -2
right_child=2 -3 -4 -5 -6 -7
leaf_value=-0.011378878837509874 0.009719351325593855 0.00071563371947505736 -0.0016942929140586894 0 -0.0020236309442044163 0.0020524792526263416
leaf_weight=28 26.012060642242432 15.471018195152281 30 24 10.999999999999998 12.860472917556761
leaf_count=28 19 15 30 24 11 11
internal_value=-0.000427166 -0.00639141 0.00292494 0.00544722 -0.00959929 0.00803944
internal_weight=147.344 54.471 92.8725 62.8725 39 38.8725
internal_count=138 54 84 54 39 30
is_linear=0
shrinkage=0.0168771


Tree=60
num_leaves=7
num_cat=0
split_feature=2 7 13 11 13 5
split_gain=15.5894 4.8388 2.24327 1.40322 1.07041 0.926053
threshold=0.23928571428571432 19.302142857142865 0.4735023106683745 17.262142857142859 -0.65192064427729735 17.466428571428576
decision_type=2 2 2 2 2 2
left_child=3 4 -3 -1 -2 -6
right_child=1 2 -4 -5 5 -7
leaf_value=-0.013703536791980143 0.0021956016609741883 0.0072355025295092138 0 -0.00196879601306728 0 -0.0040133276253270581
leaf_weight=21.000000000000004 13.411310911178587 41.800779104232788 16.207050085067749 10.213685274124144 22 32.200000047683716
leaf_count=21 12 33 16 10 22 32
internal_value=-0.000795012 0.00176267 0.00528556 -0.0110167 -0.00103549 -0.00229876
internal_weight=156.833 125.619 58.0078 31.2137 67.6113 54.2
internal_count=146 115 49 31 66 54
is_linear=0
shrinkage=0.0168771


Tree=61
num_leaves=7
num_cat=0
split_feature=5 12 1 10 13 8
split_gain=12.4573 7.07632 4.08126 2.81445 0.853051 0.358265
threshold=18.698571428571434 0.21399168670177462 9.9698214285714304 0.26428571428571429 0.4735023106683745 0.85578456609731657
decision_type=2 2 2 2 2 2
left_child=1 3 4 -1 -2 -3
right_child=2 5 -4 -5 -6 -7
leaf_value=-0.010701435727689368 0.0074067148003056976 0 -0.0017380301330698336 0 0.00013195393797166312 0.0027849414649231382
leaf_weight=38 51.581815838813782 15.000000000000002 17 11.999999999999998 12.207050085067747 14.813685417175291
leaf_count=38 40 15 17 12 12 14
internal_value=-2.0893e-05 -0.00479712 0.00443259 -0.00856736 0.00641726 0.00104079
internal_weight=160.603 79.8137 80.7889 50 63.7889 29.8137
internal_count=148 79 69 50 52 29
is_linear=0
shrinkage=0.0168771


Tree=62
num_leaves=7
num_cat=0
split_feature=14 12 4 8 13 13
split_gain=12.6706 5.6167 3.02072 2.77062 1.9763 0.367648
threshold=18.746428571428574 0.084943929620619349 17.801428571428573 -0.17820509829713652 0.4735023106683745 -0.1259912920999767
decision_type=2 2 2 2 2 2
left_child=1 2 -1 -2 -5 -3
right_child=3 5 -4 4 -6 -7
leaf_value=-0.011438526131062826 -0.00076402916795341609 0.0029391997727271986 -0.00089867263263711651 0.0075127251304706218 0.00023472070910702879 0
leaf_weight=32 18 10.678338885307314 17 46.903230667114258 22.207050085067749 11.999999999999998
leaf_count=32 18 10 17 36 22 12
internal_value=-7.81097e-05 -0.00535217 -0.00846943 0.00404538 0.0055895 0.000704691
internal_weight=158.789 71.6783 49 87.1103 69.1103 22.6783
internal_count=147 71 49 76 58 22
is_linear=0
shrinkage=0.0168771


Tree=63
num_leaves=8
num_cat=0
split_feature=6 12 10 10 0 13 2
split_gain=12.8257 4.38672 2.88355 1.6674 0.591179 0.453025 0.225403
threshold=18.898571428571429 0.21399168670177462 0.26428571428571429 0.3535714285714287 72.500000000000014 0.70550270240426427 0.26000000000000012
decision_type=2 2 2 2 2 2 2
left_child=1 2 6 -2 -5 -3 -1
right_child=3 5 -4 4 -6 -7 -8
leaf_value=-0.01137078168323062 0.008016997756209043 0.002504155826994986 -0.00047008962576171255 0.0030064179473705821 -3.2606195034675787e-05 -0.0010266667285420581 -0.0028989481628528542
leaf_weight=27 30.088034868240356 15.213685512542726 20 31.722962498664856 10.999999999999998 12.999999999999998 11.999999999999998
leaf_count=27 22 14 20 29 11 13 12
internal_value=-0.000118198 -0.00454842 -0.00709039 0.00486314 0.00178062 0.000213278 -0.00968178
internal_weight=160.025 87.2137 59 72.811 42.723 28.2137 39
internal_count=148 86 59 62 40 27 39
is_linear=0
shrinkage=0.0168771


Tree=64
num_leaves=9
num_cat=0
split_feature=5 3 13 0 1 0 7 1
split_gain=10.6906 5.30902 1.41768 0.959204 0.693713 0.539904 0.46976 0.138271
threshold=19.002142857142861 0.25357142857142861 -0.1259912920999767 25.000000000000004 0.56190476190476213 33.500000000000007 19.800000000000004 -5.2680357142857144
decision_type=2 2 2 2 2 2 2 2
left_child=1 3 -2 -1 7 -6 -4 -3
right_child=2 4 6 -5 5 -7 -8 -9
leaf_value=-0.0126857504094002 0.0080670503742752472 0 0 -0.0037228254123056982 0 -0.0033044930505542647 0.0031892858541011098 0.0030702216286154554
leaf_weight=13.999999999999998 28.709165692329407 10.256138920783998 13.507811784744261 22 11.999999999999998 21 20.951600193977356 10.836644291877745
leaf_count=14 21 10 13 22 12 21 19 10
internal_value=0 -0.00371257 0.00516533 -0.00847359 0 -0.00172893 0.00170739 0.00193876
internal_weight=153.261 90.0928 63.1686 36 54.0928 33 34.4594 21.0928
internal_count=142 89 53 36 53 33 32 20
is_linear=0
shrinkage=0.0168771


Tree=65
num_leaves=6
num_cat=0
split_feature=7 8 3 13 0
split_gain=9.09183 6.55808 2.0752 1.52467 0.37824
threshold=19.302142857142865 0.12006042759527363 0.25785714285714295 0.4735023106683745 33.500000000000007
decision_type=2 2 2 2 2
left_child=1 2 -1 -2 -4
right_child=3 -3 4 -5 -6
leaf_value=-0.0091014573589898069 0.0069651703772818721 0.0039530339956421121 0 0.00014205976428084517 -0.0029000240594611107
leaf_weight=29 45.134170651435852 23.478339076042175 9.9999999999999982 20.414100170135498 26
leaf_count=29 35 22 10 20 26
internal_value=0.00050494 -0.00283103 -0.00567606 0.00526417 -0.00186559
internal_weight=154.027 88.4783 65 65.5483 36
internal_count=142 87 65 55 36
is_linear=0
shrinkage=0.0168771


Tree=66
num_leaves=9
num_cat=0
split_feature=5 1 1 0 1 10 1 10
split_gain=10.6919 4.72184 3.36456 2.87458 1.00723 0.310299 0.298594 0.117479
threshold=18.575714285714287 0.56190476190476213 9.9698214285714304 25.000000000000004 -6.4779166666666645 0.26428571428571429 -5.2680357142857144 0.35785714285714293
decision_type=2 2 2 2 2 2 2 2
left_child=1 6 4 -3 -2 -5 -1 -6
right_child=2 3 -4 5 7 -7 -8 -9
leaf_value=0 0.00050681954800151292 -0.012716454344922315 -0.00089154452985915457 -0.0040654081385062771 0.0094204908832587995 0 0.003456379720554523 0.0030521302559291296
leaf_weight=12.000000000000002 13.640774011611937 12.999999999999998 13.999999999999998 26 34.195208191871643 19 13.813685417175291 17.673531770706177
leaf_count=12 13 13 14 26 24 19 13 15
internal_value=0.000746991 -0.0032465 0.00519459 -0.00593304 0.00680547 -0.00285116 0.00199898 0.00793762
internal_weight=163.323 83.8137 79.5095 58 65.5095 45 25.8137 51.8687
internal_count=149 83 66 58 52 45 25 39
is_linear=0
shrinkage=0.0168771


Tree=67
num_leaves=7
num_cat=0
split_feature=3 1 5 1 0 10
split_gain=14.3219 4.47769 2.28498 1.48697 1.18143 0.641873
threshold=0.25357142857142861 7.6604761904761913 18.742142857142859 -6.1651190476190463 14.500000000000002 0.3928571428571429
decision_type=2 2 2 2 2 2
left_child=4 2 -2 -4 -1 -3
right_child=1 5 3 -5 -6 -7
leaf_value=-0.015299095879862142 0 -0.0037217300127384491 0 0.00778849732878219 -0.00511699906645706 0
leaf_weight=9.9999999999999982 24.600000143051147 24 14.433723926544188 43.009131789207458 28 10.999999999999998
leaf_count=10 24 24 14 32 28 11
internal_value=-0.000517576 0.0022843 0.0044882 0.00625598 -0.00924343 -0.00223843
internal_weight=155.043 117.043 82.0429 57.4429 38 35
internal_count=143 105 70 46 38 35
is_linear=0
shrinkage=0.0168771


Tree=68
num_leaves=8
num_cat=0
split_feature=6 12 10 8 10 13 13
split_gain=10.733 5.75037 1.44244 1.11124 0.787926 0.608439 0.165437
threshold=18.631428571428575 0.084943929620619349 0.2821428571428572 -0.17820509829713652 0.41928571428571432 0.80843757499254998 -0.13469553914670782
decision_type=2 2 2 2 2 2 2
left_child=1 2 6 -2 -5 -3 -1
right_child=3 5 -4 4 -6 -7 -8
leaf_value=-0.0034090366316375988 0 0.002887067164301461 -0.00051970642697188926 0.0072332740977913762 0.00012649348534086533 -0.00083568811248432894 -0.011679303640715075
leaf_weight=13.999999999999998 14.999999999999998 20.813685417175297 12.999999999999998 41.707383394241333 12.473796606063841 10.999999999999998 20
leaf_count=14 15 20 13 32 12 11 20
internal_value=0.000103986 -0.00393402 -0.0075809 0.00498825 0.00607975 0.000992239 -0.00941925
internal_weight=147.995 78.8137 47 69.1812 54.1812 31.8137 34
internal_count=137 78 47 59 44 31 34
is_linear=0
shrinkage=0.0168771


Tree=69
num_leaves=7
num_cat=0
split_feature=6 8 10 10 8 2
split_gain=9.28737 5.00091 1.73835 1.65964 0.549868 0.440558
threshold=19.100000000000009 0.12006042759527363 0.26428571428571429 0.35785714285714293 0.27514391662996446 0.26428571428571429
decision_type=2 2 2 2 2 2
left_child=1 2 5 -2 -5 -1
right_child=3 -3 -4 4 -6 -7
leaf_value=-0.0098744560578195705 0.0075638950816669321 0.0019560007145545824 -0.00063807278099854638 0 0.003026409281863855 -0.002047344612754375
leaf_weight=28 29.644441246986389 25.053176164627075 20 18.646721124649048 25.434314370155334 12.999999999999998
leaf_count=28 22 24 20 18 23 13
internal_value=0 -0.00359886 -0.0062162 0.00441383 0.00148065 -0.00820379
internal_weight=159.779 86.0532 61 73.7255 44.081 41
internal_count=148 85 61 63 41 41
is_linear=0
shrinkage=0.0168771


Tree=70
num_leaves=7
num_cat=0
split_feature=6 1 1 1 1 2
split_gain=10.3314 3.73044 2.50995 1.31916 0.57117 0.227258
threshold=18.898571428571429 0.56190476190476213 12.278928571428574 -6.9252976190476181 10.801785714285717 0.26428571428571429
decision_type=2 2 2 2 2 2
left_child=1 -1 3 -2 5 -3
right_child=2 4 -4 -5 -6 -7
leaf_value=0.0013053176751514366 0 -0.0089276486961716219 -0.0011713617473448935 0.0071775982846555677 -0.00077665162929110572 -0.0020241451852358737
leaf_weight=20.813685417175293 12.999999999999998 26 9.9999999999999982 53.497996091842651 13.999999999999998 13.999999999999998
leaf_count=20 13 26 10 41 14 14
internal_value=0.000403186 -0.00382049 0.00480478 0.00603789 -0.00615573 -0.0073354
internal_weight=151.312 74.8137 76.498 66.498 54 40
internal_count=138 74 64 54 54 40
is_linear=0
shrinkage=0.0168771


Tree=71
num_leaves=8
num_cat=0
split_feature=6 2 1 1 1 1 1
split_gain=10.9253 4.11428 2.57566 1.40462 0.889578 0.885039 0.164331
threshold=18.898571428571429 0.23785714285714293 11.504523809523812 -6.9252976190476181 0.56190476190476213 5.1447619047619062 12.278928571428574
decision_type=2 2 2 2 2 2 2
left_child=1 5 3 -2 -3 -1 -6
right_child=2 4 -4 -5 6 -7 -8
leaf_value=-0.014677197207894593 0 0.00043358501295362754 -0.0010559835993491588 0.0068357701958705504 -0.0035809403548905838 -0.0033177789208814548 0
leaf_weight=10.000000000000002 13.999999999999998 20.800000190734863 13.999999999999998 50.884103536605835 35 12.999999999999998 12.999999999999998
leaf_count=10 14 20 14 39 35 13 13
internal_value=-0.000249723 -0.00426605 0.00413561 0.0055837 -0.00162963 -0.010217 -0.00293763
internal_weight=170.684 91.8 78.8841 64.8841 68.8 23 48
internal_count=158 91 67 53 68 23 48
is_linear=0
shrinkage=0.0168771


Tree=72
num_leaves=7
num_cat=0
split_feature=3 1 12 13 5 5
split_gain=11.2534 4.97591 2.52614 1.74345 0.576582 0.123444
threshold=0.27071428571428585 7.9508333333333336 0.21399168670177462 0.39548710303384493 17.334285714285716 19.508571428571432
decision_type=2 2 2 2 2 2
left_child=2 3 4 -2 -1 -5
right_child=1 -3 -4 5 -6 -7
leaf_value=-0.009978064871717679 0.0072510716579281776 -0.002455274154434136 0 0 -0.0021266362866401867 0.0015502378232768719
leaf_weight=30 44.343409299850464 29 10.999999999999998 10.000000000000002 13.999999999999998 15.414100170135496
leaf_count=30 33 29 11 10 14 15
internal_value=-0.00048256 0.00275571 -0.00653032 0.00524213 -0.00824507 0.000560095
internal_weight=153.758 98.7575 55 69.7575 44 25.4141
internal_count=142 87 55 58 44 25
is_linear=0
shrinkage=0.0168771


Tree=73
num_leaves=8
num_cat=0
split_feature=7 12 1 1 10 2 10
split_gain=8.80703 4.35983 2.38974 1.9119 1.76201 0.779751 0.160248
threshold=18.272857142857148 0.21399168670177462 8.9507142857142892 -6.9252976190476181 0.26428571428571429 0.26000000000000012 0.38857142857142862
decision_type=2 2 2 2 2 2 2
left_child=1 4 3 -2 5 -1 -4
right_child=2 -3 6 -5 -6 -7 -8
leaf_value=-0.011470698142481656 0 0.0012517873248950966 -0.0023720216437748839 0.0060545559487923508 0 -0.002369132295016999 0
leaf_weight=24 19 16.478338837623596 11.000000000000002 52.031895041465759 10.999999999999998 12.999999999999998 9.9999999999999982
leaf_count=24 19 16 11 41 11 13 10
internal_value=-0.000227623 -0.00501543 0.00294163 0.00445805 -0.00755576 -0.00924103 -0.00116838
internal_weight=156.51 64.4783 92.0319 71.0319 48 37 21
internal_count=145 64 81 60 48 37 21
is_linear=0
shrinkage=0.0168771


Tree=74
num_leaves=8
num_cat=0
split_feature=4 12 1 1 5 5 4
split_gain=10.7229 5.38596 2.51529 1.63811 0.624416 0.21802 0.193843
threshold=17.829285714285714 0.084943929620619349 9.487738095238095 -6.9252976190476181 17.59714285714286 18.828571428571429 18.963571428571431
decision_type=2 2 2 2 2 2 2
left_child=1 4 3 -2 -1 -5 -4
right_child=2 -3 6 5 -6 -7 -8
leaf_value=-0.012443525660740867 0 0.00042652999404939324 0 0.00018405561927614832 -0.0028615144004534333 0.006067042922185341 -0.002327662532661061
leaf_weight=24 21 14.213685274124144 11.000000000000002 10.622959017753599 11.999999999999998 44.111192345619202 18
leaf_count=24 21 14 11 10 12 34 18
internal_value=-0.000670122 -0.00696966 0.00224881 0.00391057 -0.0102792 0.00538117 -0.00134928
internal_weight=154.948 50.2137 104.734 75.7342 36 54.7342 29
internal_count=144 50 94 65 36 44 29
is_linear=0
shrinkage=0.0168771


Tree=75
num_leaves=6
num_cat=0
split_feature=7 0 10 10 9
split_gain=7.47609 3.57486 1.16066 1.01026 1.38608
threshold=19.302142857142865 14.500000000000002 0.35785714285714293 0.24214285714285719 17.829285714285714
decision_type=2 2 2 2 2
left_child=1 -1 -2 -3 -5
right_child=2 3 -4 4 -6
leaf_value=-0.011255755434600126 0.0060784386563079761 -0.0045392797451734301 0.0007564875898028291 0.0018884450661707944 -0.0027099813308826214
leaf_weight=11.999999999999998 33.144880771636963 23 35.506303071975708 32.278339028358459 34
leaf_count=12 26 23 33 31 34
internal_value=-0.000280133 -0.00327764 0.0037821 -0.00164017 -0.000161285
internal_weight=169.93 101.278 68.6512 89.2783 66.2783
internal_count=159 100 59 88 65
is_linear=0
shrinkage=0.0168771


Tree=76
num_leaves=7
num_cat=0
split_feature=0 1 5 1 10 11
split_gain=8.74329 4.43269 1.23754 0.883078 0.770099 0.210061
threshold=17.500000000000004 7.6604761904761913 18.742142857142859 -6.9252976190476181 0.3928571428571429 16.675000000000001
decision_type=2 2 2 2 2 2
left_child=-1 2 5 -4 -3 -2
right_child=1 4 3 -5 -6 -7
leaf_value=-0.010664644323514081 0.0019060649121822077 -0.0032079172959207265 0 0.0061948987240259355 0.0002403685351786444 0
leaf_weight=16.413685321807861 14.800000190734862 43 11.999999999999998 46.599636435508728 11.999999999999998 20
leaf_count=16 14 43 12 36 12 20
internal_value=0 0.00138941 0.00367487 0.005177 -0.00209424 0.000346415
internal_weight=164.813 148.4 93.3996 58.5996 55 34.8
internal_count=153 137 82 48 55 34
is_linear=0
shrinkage=0.0168771


Tree=77
num_leaves=7
num_cat=0
split_feature=6 10 3 6 14 5
split_gain=4.8592 3.12893 1.4325 0.627657 0.212984 0.178406
threshold=18.898571428571429 0.35785714285714293 0.25357142857142861 16.803571428571434 19.723571428571432 17.466428571428576
decision_type=2 2 2 2 2 2
left_child=2 -2 -1 -4 -3 -5
right_child=1 4 3 5 -6 -7
leaf_value=-0.0052175969358518271 0.0066723879264470104 -0.0017343633199588991 -0.0035046370169083746 0.0015945571220278415 0.00071112908843469513 0
leaf_weight=32 36.01885998249054 12.999999999999998 10.999999999999998 20.600000143051147 22.384710788726807 16.213685274124146
leaf_count=32 27 13 11 20 21 16
internal_value=0.000101821 0.00336619 -0.00256329 -0.000147213 0 0.000475225
internal_weight=151.217 71.4036 79.8137 47.8137 35.3847 36.8137
internal_count=140 61 79 47 34 36
is_linear=0
shrinkage=0.0168771


Tree=78
num_leaves=7
num_cat=0
split_feature=2 8 11 13 13 2
split_gain=8.02249 4.70144 1.37154 0.870039 0.521267 0.142464
threshold=0.23928571428571432 -0.17820509829713652 17.262142857142859 0.76045325449616696 0.054537452511734981 0.28000000000000008
decision_type=2 2 2 2 2 2
left_child=2 4 -1 5 -2 -3
right_child=1 3 -4 -5 -6 -7
leaf_value=-0.011249380317766358 -0.0036141305627182723 0.00069733932676494491 -0.0004983640726088258 0 0 0.005565724891711009
leaf_weight=16.000000000000004 31 14.481515526771544 10.213685274124144 11.999999999999998 10.999999999999998 49.094493627548218
leaf_count=16 31 14 10 12 11 39
internal_value=-0.000228441 0.0015421 -0.00829911 0.00411819 -0.00256071 0.00487314
internal_weight=143.79 117.576 26.2137 75.576 42 63.576
internal_count=133 107 26 65 42 53
is_linear=0
shrinkage=0.0168771


Tree=79
num_leaves=7
num_cat=0
split_feature=3 1 1 1 10 10
split_gain=8.72406 3.16925 3.08293 2.01541 0.484434 0.377774
threshold=0.27071428571428585 -2.8527380952380947 7.9508333333333336 -6.9252976190476181 0.3928571428571429 0.25785714285714295
decision_type=2 2 2 2 2 2
left_child=1 -1 3 -2 -4 -3
right_child=2 5 4 -5 -6 -7
leaf_value=0.0012101768657831139 0 -0.008319259812334022 -0.0027674498515708862 0.0066577257685518721 0.00064324637701039598 -0.0011891020143916704
leaf_weight=11.471018195152281 13.999999999999998 32 17.000000000000004 52.788246393203735 9.9999999999999982 11.999999999999998
leaf_count=11 14 32 17 40 10 12
internal_value=2.2489e-05 -0.00498051 0.00327426 0.00521408 -0.000815231 -0.00704721
internal_weight=149.259 55.471 93.7882 66.7882 27 44
internal_count=136 55 81 54 27 44
is_linear=0
shrinkage=0.0168771


Tree=80
num_leaves=7
num_cat=0
split_feature=7 1 10 1 0 10
split_gain=6.07528 4.08921 1.56017 1.32016 0.502451 0.447558
threshold=19.349285714285717 1.6448214285714295 0.26428571428571429 -6.9252976190476181 69.500000000000014 0.3928571428571429
decision_type=2 2 2 2 2 2
left_child=1 -1 -3 -2 -4 -5
right_child=3 2 4 5 -6 -7
leaf_value=0.003061616403780693 0 -0.0070670687316040587 0 0.0064279673309513103 -0.0031210636426948287 0.0005793145208285496
leaf_weight=18.478339076042175 13.999999999999998 42 16.811310768127441 30.010648608207703 15.999999999999998 15.383636236190794
leaf_count=17 14 42 16 23 16 14
internal_value=-0.000230951 -0.00301704 -0.00486539 0.00372174 -0.001073 0.00506452
internal_weight=152.684 93.2896 74.8113 59.3943 32.8113 45.3943
internal_count=142 91 74 51 32 37
is_linear=0
shrinkage=0.0168771


Tree=81
num_leaves=7
num_cat=0
split_feature=6 1 1 10 1 2
split_gain=7.5482 2.94897 1.96568 1.20396 0.686766 0.578505
threshold=19.170714285714286 0.56190476190476213 11.504523809523812 0.26428571428571429 -6.9252976190476181 0.26428571428571429
decision_type=2 2 2 2 2 2
left_child=1 -1 4 5 -2 -3
right_child=2 3 -4 -5 -6 -7
leaf_value=0.0011657374991225619 0 -0.0088327169722855117 -0.00066960428803382798 -0.00044114431563747967 0.0061244781057521675 -0.0018833852983267594
leaf_weight=19.813685417175293 11.999999999999998 27 12.999999999999998 20 45.248363494873047 17
leaf_count=19 12 27 13 20 35 17
internal_value=-4.52602e-05 -0.00354863 0.00380306 -0.00533037 0.00517458 -0.00690942
internal_weight=154.062 83.8137 70.2484 64 57.2484 44
internal_count=143 83 60 64 47 44
is_linear=0
shrinkage=0.0168771


Tree=82
num_leaves=6
num_cat=0
split_feature=3 8 13 12 5
split_gain=8.38311 3.62787 1.88236 1.6617 0.257783
threshold=0.26428571428571429 -0.17820509829713652 0.39548710303384493 0.21399168670177462 17.59714285714286
decision_type=2 2 2 2 2
left_child=3 4 -3 -1 -2
right_child=1 2 -4 -5 -6
leaf_value=-0.0073612780121634852 0 0.006826783002979662 0 0 -0.0021770626746051261
leaf_weight=36 9.9999999999999982 45.745107889175415 20.207050085067749 14.231527447700499 24
leaf_count=36 10 34 20 14 24
internal_value=0 0.00270451 0.00501443 -0.00554725 -0.00121103
internal_weight=150.184 99.9522 65.9522 50.2315 34
internal_count=138 88 54 50 34
is_linear=0
shrinkage=0.0168771


Tree=83
num_leaves=7
num_cat=0
split_feature=14 0 8 3 6 0
split_gain=7.44279 3.44895 1.25036 0.770629 0.478677 0.315167
threshold=19.169285714285724 14.500000000000002 0.12006042759527363 0.36071428571428582 20.300714285714289 33.500000000000007
decision_type=2 2 2 2 2 2
left_child=1 -1 5 -2 -5 -3
right_child=3 2 -4 4 -6 -7
leaf_value=-0.011209262613189393 0.0054048069701587926 0 0.0015555943498550444 0 0.0031098652810224317 -0.0038996893135079484
leaf_weight=11.999999999999998 38.741026639938354 21 16.678338885307312 24.622959017753601 16.23898458480835 35.266685366630554
leaf_count=12 31 21 16 24 13 35
internal_value=0 -0.00349588 -0.00154951 0.00356075 0.00105685 -0.00288
internal_weight=164.548 84.945 72.945 79.603 40.8619 56.2667
internal_count=152 84 72 68 37 56
is_linear=0
shrinkage=0.0168771


Tree=84
num_leaves=8
num_cat=0
split_feature=2 11 8 1 14 9 10
split_gain=6.42742 2.23748 2.2291 0.824564 0.859377 0.520326 0.571668
threshold=0.23928571428571432 17.262142857142859 -0.17820509829713652 -6.9252976190476181 18.419285714285724 17.661428571428576 0.3928571428571429
decision_type=2 2 2 2 2 2 2
left_child=1 -1 5 -4 -5 -2 -7
right_child=2 -3 3 4 -6 6 -8
leaf_value=-0.010351600946150286 0 0 0 0 0.0047311710673183819 -0.0043677559905568901 0
leaf_weight=18.000000000000004 18 10.213685274124144 18 16.464653611183167 53.240061163902283 18.000000000000004 9.9999999999999982
leaf_count=18 18 10 18 16 43 18 10
internal_value=-0.000143318 -0.00717792 0.00129846 0.00292879 0.00373339 -0.00134095 -0.00276391
internal_weight=161.918 28.2137 133.705 87.7047 69.7047 46 28
internal_count=151 28 123 77 59 46 28
is_linear=0
shrinkage=0.0168771


Tree=85
num_leaves=7
num_cat=0
split_feature=0 14 3 0 10 11
split_gain=7.46143 2.28406 0.892675 0.475712 0.331693 0.214063
threshold=14.500000000000002 19.11000000000001 0.37785714285714289 33.500000000000007 0.29571428571428582 20.153571428571436
decision_type=2 2 2 2 2 2
left_child=-1 3 -3 -2 -5 -4
right_child=1 2 5 4 -6 -7
leaf_value=-0.011555951506263639 0 0.0040660135176844425 -0.00078860193055107662 -0.0041588858964826912 0 0.0016268175186861266
leaf_weight=13.999999999999998 29.464653611183167 37.854231595993042 19.222958922386169 24 14.266685366630552 14.922136068344114
leaf_count=14 29 32 19 24 14 13
internal_value=-0.0009393 0.000181642 0.00236707 -0.00182597 -0.00300168 0
internal_weight=153.731 139.731 71.9993 67.7313 38.2667 34.1451
internal_count=145 131 64 67 38 32
is_linear=0
shrinkage=0.0168771


Tree=86
num_leaves=7
num_cat=0
split_feature=6 12 1 1 1 13
split_gain=6.201 2.54505 0.803466 0.672434 0.819218 0.205626
threshold=19.100000000000009 0.084943929620619349 8.64636904761905 11.504523809523812 -6.9252976190476181 0.61900915655788469
decision_type=2 2 2 2 2 2
left_child=1 2 -1 4 -2 -3
right_child=3 5 -4 -5 -6 -7
leaf_value=-0.00805016857784349 0 0.0017283349145963826 -0.0017681717259807367 0 0.0052366119074384182 -0.00055973439129155904
leaf_weight=24 14.999999999999998 14.813685417175295 25 10.999999999999998 44.982720971107483 14.999999999999998
leaf_count=24 15 14 25 11 35 15
internal_value=0 -0.00327709 -0.00555612 0.00346762 0.00414397 0
internal_weight=149.796 78.8137 49 70.9827 59.9827 29.8137
internal_count=139 78 49 61 50 29
is_linear=0
shrinkage=0.0168771


Tree=87
num_leaves=8
num_cat=0
split_feature=0 1 1 3 1 4 4
split_gain=7.84971 4.2732 1.29426 1.59893 0.519131 0.256304 0.175837
threshold=14.500000000000002 7.6604761904761913 -6.9252976190476181 0.26428571428571429 11.504523809523812 18.963571428571431 17.697142857142858
decision_type=2 2 2 2 2 2 2
left_child=-1 2 -2 -4 6 -6 -3
right_child=1 4 3 -5 5 -7 -8
leaf_value=-0.011265521928149499 0 -0.0060462879803822832 0 0.0057958509857171641 0.00075293393921952302 -0.0018128643599499839 -7.1408879257394992e-05
leaf_weight=13.999999999999998 19 13.000000000000002 17.471018195152283 49.498282790184021 11.000000000000002 17 10.999999999999998
leaf_count=14 19 13 17 39 11 17 11
internal_value=-0.000305345 0.00085774 0.00324606 0.00432168 -0.00264524 -0.000103756 -0.00444503
internal_weight=151.969 137.969 85.9693 66.9693 52 28 24
internal_count=141 127 75 56 52 28 24
is_linear=0
shrinkage=0.0168771


Tree=88
num_leaves=8
num_cat=0
split_feature=3 12 8 10 5 10 5
split_gain=7.57453 3.46913 2.5606 0.836197 0.355977 0.175535 0.3922
threshold=0.27071428571428585 0.21399168670177462 -0.17820509829713652 0.35785714285714293 17.334285714285716 0.40357142857142864 17.688571428571429
decision_type=2 2 2 2 2 2 2
left_child=1 4 5 -4 -1 6 -2
right_child=2 -3 3 -5 -6 -7 -8
leaf_value=-0.0094683100755317325 0 0 0.006466755530735115 0.0011857277616067921 -0.002230013505222899 0 -0.0032862147637431512
leaf_weight=24 10.000000000000002 21.463054895401001 36.734894037246704 28.653226852416992 14.999999999999998 9.9999999999999982 12.999999999999998
leaf_count=24 10 21 28 26 15 10 13
internal_value=-1.25888e-05 -0.00472079 0.00271205 0.00463017 -0.00756787 -0.000531724 -0.00152355
internal_weight=158.851 60.4631 98.3881 65.3881 39 33 23
internal_count=147 60 87 54 39 33 23
is_linear=0
shrinkage=0.0168771


Tree=89
num_leaves=7
num_cat=0
split_feature=4 12 8 6 10 0
split_gain=7.35063 4.02918 2.4103 1.07917 0.702344 0.286962
threshold=17.829285714285714 0.21399168670177462 -0.64890192546659975 18.898571428571429 0.35785714285714293 25.000000000000004
decision_type=2 2 2 2 2 2
left_child=1 5 -2 -4 -5 -1
right_child=2 -3 3 4 -6 -7
leaf_value=-0.011612767967846938 -0.0014598584782649874 0.00097777720991575295 0 0.0067089616304921084 0.0011798850148688391 -0.0040946785876851549
leaf_weight=14.999999999999998 29 13.41368532180786 21.600000143051147 31.739899754524231 24.2823805809021 23
leaf_count=15 29 13 21 23 22 23
internal_value=-0.000301087 -0.00548859 0.00207517 0.00367927 0.00486968 -0.00822614
internal_weight=158.036 51.4137 106.622 77.6223 56.0223 38
internal_count=146 51 95 66 45 38
is_linear=0
shrinkage=0.0168771


Tree=90
num_leaves=7
num_cat=0
split_feature=5 0 1 1 1 5
split_gain=6.39433 4.36183 2.11044 0.609324 0.456918 0.198936
threshold=18.698571428571434 14.500000000000002 9.9698214285714304 -6.4779166666666645 -1.3766666666666665 16.25357142857143
decision_type=2 2 2 2 2 2
left_child=1 -1 3 -2 -3 -6
right_child=2 4 -4 -5 5 -7
leaf_value=-0.01095209074164216 0 0.00082698864571573681 -0.00066949128836032502 0.0061902312298837614 0 -0.0022049936877922105
leaf_weight=12.999999999999998 12.423912048339842 19.613685369491577 13.999999999999998 46.675884008407593 9.9999999999999982 38
leaf_count=13 12 19 14 35 10 38
internal_value=0.000193419 -0.00288257 0.00386096 0.0052767 -0.000624691 -0.00167157
internal_weight=153.713 80.6137 73.0998 59.0998 67.6137 48
internal_count=141 80 61 47 67 48
is_linear=0
shrinkage=0.0168771


Tree=91
num_leaves=9
num_cat=0
split_feature=6 1 10 1 1 1 1 1
split_gain=6.48664 3.27695 2.24281 1.6426 0.40335 0.304889 0.287132 0.271303
threshold=18.898571428571429 0.56190476190476213 0.3535714285714287 5.1447619047619062 2.6783928571428577 -5.2680357142857144 12.278928571428574 -0.8404166666666667
decision_type=2 2 2 2 2 2 2 2
left_child=1 5 4 -3 -2 -1 -5 -4
right_child=2 3 7 6 -6 -7 -8 -9
leaf_value=0 0.0013844273453577532 -0.010918107037002597 0.0015885450404163732 -0.0036525423644968059 0.0084274790883520079 0.0027336354227159121 0 -0.00066377366628208017
leaf_weight=12.000000000000002 14.120116949081419 12.999999999999998 24.311135292053223 36 19.649472951889038 13.013685464859007 11.999999999999998 18.646721124649048
leaf_count=12 12 13 22 36 12 12 12 18
internal_value=-3.31307e-05 -0.00329484 0.00332862 -0.00540415 0.00643766 0.00107351 -0.00293094 0.000142118
internal_weight=162.741 86.0137 76.7274 61 33.7696 25.0137 48 42.9579
internal_count=149 85 64 61 24 24 48 40
is_linear=0
shrinkage=0.0168771


Tree=92
num_leaves=7
num_cat=0
split_feature=3 1 1 13 10 10
split_gain=4.52333 2.48036 2.17872 2.03802 0.717327 0.282009
threshold=0.25785714285714295 7.6604761904761913 -2.8527380952380947 0.39548710303384493 0.35785714285714293 0.3928571428571429
decision_type=2 2 2 2 2 2
left_child=2 3 -1 4 -2 -3
right_child=1 5 -4 -5 -6 -7
leaf_value=0.00080791514540109295 0.0071565837752270607 -0.0021526593139984669 -0.0061414271622789954 0 0 0
leaf_weight=10.231527447700499 31.949315428733826 28 38 30.207050085067749 11.650056362152098 10.999999999999998
leaf_count=10 23 28 38 30 10 11
internal_value=0 0.00175697 -0.00426689 0.00361173 0.00583062 -0.00122531
internal_weight=161.038 112.806 48.2315 73.8064 43.5994 39
internal_count=150 102 48 63 33 39
is_linear=0
shrinkage=0.0168771


Tree=93
num_leaves=7
num_cat=0
split_feature=7 3 1 1 8 0
split_gain=6.59245 3.21507 1.65173 1.20184 0.631467 0.298671
threshold=19.349285714285717 0.25357142857142861 -6.9252976190476181 7.6604761904761913 -0.031643394364177117 30.500000000000004
decision_type=2 2 2 2 2 2
left_child=1 4 -2 -3 5 -1
right_child=2 3 -4 -5 -6 -7
leaf_value=-0.010488744646419575 0 0.0023995448509423023 0.0054842620932937791 -0.0021802262317249283 0 -0.0025251200378451251
leaf_weight=13.000000000000002 14.999999999999998 26.890212893486023 52.410464525222778 33 9.9999999999999982 14.999999999999998
leaf_count=13 15 24 41 33 10 15
internal_value=2.76264e-05 -0.00260555 0.00411969 0 -0.00625371 -0.00758799
internal_weight=165.301 97.8902 67.4105 59.8902 38 28
internal_count=151 95 56 57 38 28
is_linear=0
shrinkage=0.0168771


Tree=94
num_leaves=7
num_cat=0
split_feature=0 1 13 13 4 10
split_gain=6.33617 3.42904 1.12866 0.352659 0.36681 0.349125
threshold=21.500000000000004 7.2032738095238109 0.76045325449616696 0.054537452511734981 17.801428571428573 0.39857142857142863
decision_type=2 2 2 2 2 2
left_child=-1 2 5 4 -3 -2
right_child=1 3 -4 -5 -6 -7
leaf_value=-0.0097245942086572109 0.0048734700507846156 -0.0054156188562893915 0 0 -0.00079126380069335998 1.0324316021128735e-05
leaf_weight=17 41.156257271766663 15.999999999999998 18 10.999999999999998 29 15.417722940444945
leaf_count=17 34 16 18 11 29 14
internal_value=-0.000804428 0.000375965 0.00284181 -0.00250536 -0.00313278 0.00399044
internal_weight=147.574 130.574 74.574 56 45 56.574
internal_count=139 122 66 56 45 48
is_linear=0
shrinkage=0.0168771


Tree=95
num_leaves=8
num_cat=0
split_feature=3 13 10 5 7 0 5
split_gain=7.1697 1.75753 1.70024 1.08759 0.516517 0.494994 0.445094
threshold=0.25357142857142861 -0.13469553914670782 0.25785714285714295 18.000714285714285 17.496428571428574 17.500000000000004 20.365714285714287
decision_type=2 2 2 2 2 2 2
left_child=2 3 5 -2 -3 -1 -5
right_child=1 4 -4 6 -6 -7 -8
leaf_value=-0.010898406374845737 0 -0.0025724815050139731 0 0.0078875351192742426 0.00094890655495728619 -0.0030298940341252443 0.00095331686582658605
leaf_weight=12.999999999999998 18.400000095367432 10.999999999999998 11.463054895400999 21.022155404090881 58.212476491928101 20 13.404942870140074
leaf_count=13 18 11 11 14 56 20 11
internal_value=0 0.00212989 -0.00558034 0.00437607 0 -0.00738673 0.00607306
internal_weight=166.503 122.04 44.4631 52.8271 69.2125 33 34.4271
internal_count=154 110 44 43 67 33 25
is_linear=0
shrinkage=0.0168771


Tree=96
num_leaves=7
num_cat=0
split_feature=3 1 1 13 0 0
split_gain=5.59752 2.66143 2.22784 1.30138 1.05936 0.559584
threshold=0.27071428571428585 -2.8527380952380947 7.9508333333333336 0.39548710303384493 21.500000000000004 33.500000000000007
decision_type=2 2 2 2 2 2
left_child=1 -1 3 -2 -3 -6
right_child=2 4 -4 -5 5 -7
leaf_value=0.0013085981300965191 0.0058882957524116694 -0.0096777157783322233 -0.0012495831705783044 0 0 -0.0045133549385428491
leaf_weight=13.23949074745178 38.04864227771759 17 25 23.207050085067749 17 21
leaf_count=13 28 17 25 23 17 21
internal_value=-0.000398634 -0.00403901 0.00226785 0.00404431 -0.00571444 -0.00283034
internal_weight=154.495 68.2395 86.2557 61.2557 55 38
internal_count=144 68 76 51 55 38
is_linear=0
shrinkage=0.0168771


Tree=97
num_leaves=8
num_cat=0
split_feature=10 1 1 1 2 10 2
split_gain=4.80986 2.96658 1.6512 1.37321 0.701614 0.484102 0.137001
threshold=0.26428571428571429 0.56190476190476213 8.3782142857142858 -6.9252976190476181 0.26428571428571429 0.38857142857142862 0.39785714285714285
decision_type=2 2 2 2 2 2 2
left_child=1 -1 3 -2 -3 -5 -4
right_child=2 4 6 5 -6 -7 -8
leaf_value=0.001420584836504975 0 -0.0083997837545664329 0 0.0057898431706188873 -0.0008166019500291282 0 -0.0019435320661359183
leaf_weight=12.069824337959288 20 25 15.000000000000002 38.333260178565979 12.999999999999998 12.359650135040281 12.999999999999998
leaf_count=11 20 25 15 30 13 11 13
internal_value=-6.89729e-06 -0.00426892 0.00199515 0.00340557 -0.00659645 0.00481884 -0.000825991
internal_weight=148.763 50.0698 98.6929 70.6929 38 50.6929 28
internal_count=138 49 89 61 38 41 28
is_linear=0
shrinkage=0.0168771


Tree=98
num_leaves=7
num_cat=0
split_feature=3 1 1 1 10 2
split_gain=5.76756 3.0528 1.31243 1.76991 1.15246 0.789933
threshold=0.27071428571428585 -2.8527380952380947 7.9508333333333336 -6.9252976190476181 0.35785714285714293 0.26428571428571429
decision_type=2 2 2 2 2 2
left_child=1 -1 3 -2 -5 -3
right_child=2 5 -4 4 -6 -7
leaf_value=0.0014366120328980047 0 -0.0077345150812231592 0 0.0067489736146081319 0 0
leaf_weight=12.702545642852781 21 33 29 35.787875771522522 12.161049842834471 9.9999999999999982
leaf_count=12 21 33 29 26 11 10
internal_value=0 -0.00430468 0.00234916 0.00359826 0.0053108 -0.00647249
internal_weight=153.651 55.7025 97.9489 68.9489 47.9489 43
internal_count=142 55 87 58 37 43
is_linear=0
shrinkage=0.0168771


Tree=99
num_leaves=6
num_cat=0
split_feature=6 2 1 5 5
split_gain=5.34018 1.58233 1.15696 1.1389 0.623793
threshold=17.017142857142865 0.24285714285714288 9.487738095238095 18.698571428571434 20.534285714285719
decision_type=2 2 2 2 2
left_child=1 -1 3 -2 -5
right_child=2 -3 -4 4 -6
leaf_value=-0.008622093826918158 0 -0.00022144491662961911 -0.00023835067341220379 0.0050382368085865881 0
leaf_weight=18 24.600000143051147 18 35 46.148958206176758 17.918578267097473
leaf_count=18 24 18 35 37 16
internal_value=0 -0.00532905 0.00181274 0.00284898 0.00399258
internal_weight=159.668 36 123.668 88.6675 64.0675
internal_count=148 36 112 77 53
is_linear=0
shrinkage=0.0168771


Tree=100
num_leaves=8
num_cat=0
split_feature=6 12 10 11 12 13 8
split_gain=4.43018 1.79481 1.77327 1.09916 0.303148 0.216284 0.177374
threshold=18.898571428571429 0.084943929620619349 0.3535714285714287 17.461428571428581 -0.36696784624031609 -0.13469553914670782 0.85578456609731657
decision_type=2 2 2 2 2 2 2
left_child=1 3 -2 5 -4 -1 -3
right_child=2 6 4 -5 -6 -7 -8
leaf_value=-0.0011856781284948737 0.0061932810150748278 0 -0.00070610486415192443 -0.00012805348779391525 0.0015867833031972495 -0.008219186688746492 0.0020456731085512002
leaf_weight=12.000000000000002 32.475212454795837 18.000000000000004 12.999999999999998 22 32.291249513626099 15.999999999999998 10.613685369491575
leaf_count=12 23 18 13 22 29 16 10
internal_value=0.000354621 -0.00226791 0.00326974 -0.00417983 0.000460701 -0.00632598 0.00043952
internal_weight=156.38 78.6137 77.7665 50 45.2912 28 28.6137
internal_count=143 78 65 50 42 28 28
is_linear=0
shrinkage=0.0168771


Tree=101
num_leaves=7
num_cat=0
split_feature=6 1 5 13 8 5
split_gain=4.81039 1.72042 1.56871 1.45959 0.777257 0.289194
threshold=16.707857142857147 9.487738095238095 18.698571428571434 -0.13469553914670782 0.58232643987451305 17.829285714285714
decision_type=2 2 2 2 2 2
left_child=3 2 -2 -1 -4 -3
right_child=1 5 4 -5 -6 -7
leaf_value=0 0 0 0.0060365848788576136 -0.008446445025167516 0.0010621753253731222 -0.0024236538551303268
leaf_weight=13.000000000000002 33.600000143051147 11.999999999999998 34.119514226913452 18 31.262593746185303 22
leaf_count=13 33 12 24 18 29 22
internal_value=0 0.0014704 0.00265797 -0.00563358 0.00413315 -0.00131649
internal_weight=163.982 132.982 98.9821 31 65.3821 34
internal_count=151 120 86 31 53 34
is_linear=0
shrinkage=0.0168771


Tree=102
num_leaves=7
num_cat=0
split_feature=5 1 13 1 7 11
split_gain=4.13649 2.70349 0.959127 0.573802 0.456399 0.125385
threshold=16.580000000000002 7.6604761904761913 -0.20664781320310519 5.1447619047619062 20.207857142857147 18.223571428571436
decision_type=2 2 2 2 2 2
left_child=3 2 -2 -1 -4 -3
right_child=1 5 4 -5 -6 -7
leaf_value=-0.0095458450692329864 0.0045615248933336249 0 -0.00027569093593175163 -0.0013457682557392822 0.0023790132533059926 -0.0032519869774030458
leaf_weight=11.000000000000002 36.338944911956787 13.999999999999998 32.493396639823914 13.999999999999998 21.749289751052856 27
leaf_count=11 29 14 32 14 19 27
internal_value=-0.000382794 0.000702895 0.00243829 -0.0063769 0.000463563 -0.00252799
internal_weight=156.582 131.582 90.5816 25 54.2427 41
internal_count=146 121 80 25 51 41
is_linear=0
shrinkage=0.0168771


Tree=103
num_leaves=7
num_cat=0
split_feature=0 8 8 13 2 12
split_gain=4.3609 2.66999 1.5552 1.17287 0.71622 0.415283
threshold=21.500000000000004 -0.17820509829713652 -0.031643394364177117 0.4735023106683745 0.27214285714285719 -0.65816033312252575
decision_type=2 2 2 2 2 2
left_child=2 5 -1 4 -3 -2
right_child=1 3 -4 -5 -6 -7
leaf_value=-0.010774347447453442 -0.0027539563411548514 0 -0.00022198286234787704 0 0.005123023378646588 0
leaf_weight=11.000000000000002 38 14.216861963272093 12.41368532180786 25.414100170135498 42.375981330871582 17
leaf_count=11 38 14 12 25 31 17
internal_value=-0.000282528 0.000765984 -0.00667503 0.00276786 0.00406779 -0.00182087
internal_weight=160.421 137.007 23.4137 82.0069 56.5928 55
internal_count=148 125 23 70 45 55
is_linear=0
shrinkage=0.0168771


Tree=104
num_leaves=8
num_cat=0
split_feature=10 1 5 2 10 10 9
split_gain=4.69393 1.78578 1.2344 0.935749 0.828185 0.307004 0.384065
threshold=0.24214285714285719 7.6604761904761913 19.002142857142861 0.26000000000000012 0.35785714285714293 0.3928571428571429 17.829285714285714
decision_type=2 2 2 2 2 2 2
left_child=3 2 -2 -1 -4 6 -3
right_child=1 5 4 -5 -6 -7 -8
leaf_value=-0.0070777891245041883 0 0 0.0062305877410149023 0 0.00096922720827678603 0.00019540145099988912 -0.0030246198742720359
leaf_weight=23 33.236644387245178 10.999999999999998 31.363458156585693 14.256138920783995 29.112626552581787 9.9999999999999982 23
leaf_count=23 32 11 22 14 26 10 23
internal_value=0 0.00147353 0.00282889 -0.00506773 0.00421249 -0.000931723 -0.00185978
internal_weight=174.969 137.713 93.7127 37.2561 60.4761 44 34
internal_count=161 124 80 37 48 44 34
is_linear=0
shrinkage=0.0168771


Tree=105
num_leaves=8
num_cat=0
split_feature=3 1 1 1 10 10 10
split_gain=5.16375 2.2092 1.38536 0.804366 0.667903 0.371229 0.240526
threshold=0.27071428571428585 -2.8527380952380947 13.076488095238098 -6.9252976190476181 0.35785714285714293 0.3928571428571429 0.25785714285714295
decision_type=2 2 2 2 2 2 2
left_child=1 -1 3 -2 -5 -4 -3
right_child=2 6 5 4 -6 -7 -8
leaf_value=0.0010808796624415368 0 -0.0064113701731896835 -0.0029652982564613768 0.004953303151375394 0 0 -0.0001546381554234914
leaf_weight=10.702545642852781 13.999999999999998 40 12.000000000000002 45.387758374214172 19.833991169929504 9.9999999999999982 9.9999999999999982
leaf_count=10 14 40 12 36 18 10 10
internal_value=-0.000223175 -0.00412499 0.00195142 0.00305335 0.00382114 -0.0010098 -0.00566114
internal_weight=161.924 60.7025 101.222 79.2217 65.2217 22 50
internal_count=150 60 90 68 54 22 50
is_linear=0
shrinkage=0.0168771


Tree=106
num_leaves=9
num_cat=0
split_feature=4 8 1 1 13 13 13 9
split_gain=4.20621 2.31771 1.3127 1.3473 1.01309 0.670521 0.279937 0.199397
threshold=17.829285714285714 -0.063487142579452621 9.487738095238095 2.6783928571428577 0.58034723874304339 -0.20664781320310519 0.85373443756047851 18.789285714285715
decision_type=2 2 2 2 2 2 2 2
left_child=1 4 3 6 5 -1 -2 -4
right_child=2 -3 7 -5 -6 -7 -8 -9
leaf_value=-0.00074732560921463129 0.001735146252464145 0.00071490646964995224 0 0.0068572386385562598 0 -0.009091720996795399 0 -0.0024499170863358467
leaf_weight=10.999999999999995 46.025657057762146 14.464653611183165 10.000000000000002 18.556061387062073 9.9999999999999982 21.000000000000004 10.999999999999998 10.999999999999998
leaf_count=11 41 14 10 12 10 21 11 11
internal_value=-0.000109778 -0.00379172 0.0018655 0.00297221 -0.00578859 -0.00716726 0.00106205 -0.00105706
internal_weight=153.046 56.4647 96.5817 75.5817 42 32 57.0257 21
internal_count=141 56 85 64 42 32 52 21
is_linear=0
shrinkage=0.0168771


Tree=107
num_leaves=7
num_cat=0
split_feature=10 12 8 1 2 8
split_gain=4.73138 1.6381 1.6161 1.3246 0.689822 0.137407
threshold=0.26428571428571429 0.21399168670177462 -0.49497016880749939 -6.9252976190476181 0.26428571428571429 -0.80900118287120548
decision_type=2 2 2 2 2 2
left_child=1 4 5 -4 -1 -2
right_child=2 -3 3 -5 -6 -7
leaf_value=-0.0070247060479662676 -0.0018528212574689589 0 0 0.0046456485938368526 0 0
leaf_weight=30 14.000000000000002 15.41368532180786 17 53.036895513534546 11.999999999999998 14.999999999999998
leaf_count=30 14 15 17 42 12 15
internal_value=-0.000120926 -0.00399148 0.00195298 0.00337356 -0.00563806 -0.000770131
internal_weight=156.451 57.4137 99.0369 70.0369 42 29
internal_count=145 57 88 59 42 29
is_linear=0
shrinkage=0.0168771


Tree=108
num_leaves=7
num_cat=0
split_feature=14 3 6 12 10 12
split_gain=4.78293 1.52395 0.706441 0.423259 0.399991 0.235668
threshold=19.11000000000001 0.25642857142857151 18.898571428571429 0.14891642119203299 0.41928571428571432 -0.10864714396718358
decision_type=2 2 2 2 2 2
left_child=1 3 -2 -1 -4 -3
right_child=2 5 4 -5 -6 -7
leaf_value=-0.0061292516601381469 0 -0.0014148248013201093 0.0042800476149889499 0 0 0.00089804033640515733
leaf_weight=32 16.600000143051147 23 47.369795083999634 10.999999999999998 13.473796606063841 15.998024344444273
leaf_count=32 16 23 37 11 13 15
internal_value=-6.43369e-05 -0.00298586 0.00274613 -0.0050933 0.00355818 0
internal_weight=159.442 81.998 77.4436 43 60.8436 38.998
internal_count=147 81 66 43 50 38
is_linear=0
shrinkage=0.0168771


Tree=109
num_leaves=8
num_cat=0
split_feature=10 1 8 1 2 1 10
split_gain=3.37291 2.08825 1.08381 1.09256 0.349128 0.231654 0.137319
threshold=0.26428571428571429 0.56190476190476213 -0.64890192546659975 2.6783928571428577 0.26428571428571429 -6.9252976190476181 0.3928571428571429
decision_type=2 2 2 2 2 2 2
left_child=1 -1 6 5 -3 -4 -2
right_child=2 4 3 -5 -6 -7 -8
leaf_value=0.0013929260590520428 -0.0014133255246276519 -0.0065981721930213682 0 0.0055567983900479262 -0.00086631455246015561 0.0015608308730740658 0
leaf_weight=12.125963211059569 19.000000000000004 26 14.999999999999998 27.382787585258484 15.999999999999998 37.511733055114746 9.9999999999999982
leaf_count=11 19 26 15 20 16 33 10
internal_value=0 -0.00326468 0.00177629 0.00281635 -0.00511166 0.000765779 -0.000382149
internal_weight=163.02 54.126 108.895 79.8945 42 52.5117 29
internal_count=150 53 97 68 42 48 29
is_linear=0
shrinkage=0.0168771


Tree=110
num_leaves=7
num_cat=0
split_feature=6 8 6 1 9 6
split_gain=3.14234 1.52074 1.11166 0.634256 0.615457 0.281678
threshold=18.898571428571429 -0.026582642613599723 17.175000000000001 11.504523809523812 20.378571428571433 17.436428571428578
decision_type=2 2 2 2 2 2
left_child=1 2 -1 4 -2 -3
right_child=3 5 -4 -5 -6 -7
leaf_value=-0.0064102340206594376 0.0044590910929366359 0.0022497098507919823 -0.00063873907948489863 0 0 -0.00017711507320131969
leaf_weight=25 38.982677698135376 14.213685274124147 31 11.999999999999998 14.210711717605589 10.40000009536743
leaf_count=25 30 14 31 12 13 10
internal_value=0 -0.0022369 -0.00378549 0.00264671 0.0034239 0.000499755
internal_weight=145.807 80.6137 56 65.1934 53.1934 24.6137
internal_count=135 80 56 55 43 24
is_linear=0
shrinkage=0.0168771


Tree=111
num_leaves=7
num_cat=0
split_feature=5 1 0 1 8 13
split_gain=3.60549 1.33119 1.34259 1.0696 0.797299 0.233477
threshold=18.698571428571434 0.56190476190476213 25.000000000000004 11.504523809523812 0.58232643987451305 -0.088039914916531833
decision_type=2 2 2 2 2 2
left_child=1 -1 -3 4 -2 -4
right_child=3 2 5 -5 -6 -7
leaf_value=0.00024417169052009109 0.0053530076270078735 -0.0087573419351938114 -0.0024570137628791458 -0.0005724329198730485 0.00065046637486201896 0
leaf_weight=25.013685464859009 36.608747124671936 10.999999999999998 25 10.999999999999998 32.12634801864624 19
leaf_count=24 26 11 25 11 30 19
internal_value=0.000121485 -0.00222141 -0.00368569 0.00273923 0.00358383 -0.00147462
internal_weight=159.749 80.0137 55 79.7351 68.7351 44
internal_count=146 79 55 67 56 44
is_linear=0
shrinkage=0.0168771


Tree=112
num_leaves=7
num_cat=0
split_feature=6 8 8 8 9 10
split_gain=3.84804 1.74427 1.43265 1.00046 0.249151 0.30945
threshold=17.017142857142865 -0.031643394364177117 -0.17820509829713652 -0.063487142579452621 17.793571428571433 0.3928571428571429
decision_type=2 2 2 2 2 2
left_child=1 -1 4 -4 -2 -6
right_child=2 -3 3 -5 5 -7
leaf_value=-0.0070724923176372061 0.00035590310145708289 0 0.0061384869662046071 0.0011730765270251747 -0.0026662044823479959 0
leaf_weight=23 12.999999999999998 10.999999999999998 20.649472951889038 61.664002776145935 21.000000000000004 9.9999999999999982
leaf_count=23 13 11 13 56 21 10
internal_value=9.75489e-06 -0.0046536 0.00151513 0.00284909 -0.000524513 -0.00155359
internal_weight=160.313 34 126.313 82.3135 44 31
internal_count=147 34 113 69 44 31
is_linear=0
shrinkage=0.0168771


Tree=113
num_leaves=7
num_cat=0
split_feature=6 8 8 3 1 11
split_gain=2.96535 1.91896 1.18363 0.593341 0.770952 0.237641
threshold=17.017142857142865 -0.063487142579452621 -0.64890192546659975 0.27071428571428585 -6.9252976190476181 18.223571428571436
decision_type=2 2 2 2 2 2
left_child=1 -1 5 -4 -5 -2
right_child=2 -3 3 4 -6 -7
leaf_value=-0.0072697775910491071 0 0 0 0 0.0039400046078282031 -0.0023106386242729977
leaf_weight=21 14.999999999999998 14.999999999999998 17.702545642852783 17 49.019937038421631 19
leaf_count=21 15 15 17 17 39 19
internal_value=-0.000124661 -0.0042933 0.00103722 0.00219551 0.00291715 -0.00115582
internal_weight=153.722 36 117.722 83.7225 66.0199 34
internal_count=143 36 107 73 56 34
is_linear=0
shrinkage=0.0168771


Tree=114
num_leaves=7
num_cat=0
split_feature=6 8 8 1 5 6
split_gain=3.88377 1.41634 1.13313 0.778447 0.764005 0.173608
threshold=17.017142857142865 -0.031643394364177117 -0.64890192546659975 -6.9252976190476181 16.652857142857144 18.105
decision_type=2 2 2 2 2 2
left_child=1 4 -2 -4 -1 -5
right_child=2 -3 3 5 -6 -7
leaf_value=-0.0087022695083482926 -0.001075990847457 0 0 0 -8.5159148999767984e-05 0.0035506277304768615
leaf_weight=18.000000000000004 32 10.999999999999998 18 13.999999999999998 9.9999999999999982 53.248263001441956
leaf_count=18 32 11 18 14 10 43
internal_value=-0.000265221 -0.00479303 0.00113402 0.00222602 -0.00664808 0.00306376
internal_weight=156.248 39 117.248 85.2483 28 67.2483
internal_count=146 39 107 75 28 57
is_linear=0
shrinkage=0.0168771


Tree=115
num_leaves=8
num_cat=0
split_feature=10 1 8 2 1 10 10
split_gain=3.15479 2.2894 0.983509 0.844713 0.505598 0.358193 0.332378
threshold=0.26428571428571429 0.56190476190476213 -0.64890192546659975 0.26428571428571429 -6.9252976190476181 0.3928571428571429 0.3928571428571429
decision_type=2 2 2 2 2 2 2
left_child=1 -1 5 -3 -4 -2 -6
right_child=2 3 4 -5 6 -7 -8
leaf_value=0.0016728838637731246 -0.002414748701691513 -0.0067812200003182655 0 -0.00035053081312746466 0.0038619196504400617 0.00028545722975892649 0
leaf_weight=12.134477853775023 17.000000000000004 31 15.999999999999998 17 44.225403666496277 10.999999999999998 13.383636236190794
leaf_count=11 17 31 16 17 36 11 12
internal_value=-0.000273152 -0.0033591 0.00138144 -0.00509444 0.00246342 -0.00070189 0.00317051
internal_weight=161.744 60.1345 101.609 48 73.609 28 57.609
internal_count=151 59 92 48 64 28 48
is_linear=0
shrinkage=0.0168771


Tree=116
num_leaves=6
num_cat=0
split_feature=0 1 5 1 10
split_gain=2.29744 1.70289 1.4312 0.401416 0.299068
threshold=21.500000000000004 7.6604761904761913 16.707857142857147 -6.9252976190476181 0.3928571428571429
decision_type=2 2 2 2 2
left_child=2 3 -1 -2 -3
right_child=1 4 -4 -5 -6
leaf_value=-0.0084618912513822371 0 -0.0018348435689172365 0 0.0032524901881954235 0
leaf_weight=10.000000000000002 17 40 11.478338837623594 61.120344638824463 10.999999999999998
leaf_count=10 17 40 11 51 11
internal_value=0 0.0010198 -0.00460411 0.00263599 -0.00104869
internal_weight=150.599 129.12 21.4783 78.1203 51
internal_count=140 119 21 68 51
is_linear=0
shrinkage=0.0168771


Tree=117
num_leaves=7
num_cat=0
split_feature=3 8 6 8 11 8
split_gain=2.75733 1.20413 0.918025 0.401889 0.378055 0.263664
threshold=0.25357142857142861 -0.063487142579452621 19.935714285714287 0.85578456609731657 17.461428571428581 1.061741058138155
decision_type=2 2 2 2 2 2
left_child=1 -1 3 4 -2 -4
right_child=2 -3 5 -5 -6 -7
leaf_value=-0.0068585046353503154 -0.0032756261109640173 0 0.0037239135086382848 0.0018622617981572599 0 0
leaf_weight=20 12.999999999999998 20.2315274477005 26.838445067405701 12.230547428131102 40 15.414100170135496
leaf_count=20 13 20 20 11 40 15
internal_value=-0.000420681 -0.0041271 0.000835918 -0.000128622 -0.00106211 0.00273354
internal_weight=147.715 40.2315 107.483 65.2305 53 42.2525
internal_count=139 40 99 64 53 35
is_linear=0
shrinkage=0.0168771


Tree=118
num_leaves=6
num_cat=0
split_feature=10 1 13 10 2
split_gain=1.76833 1.53632 1.12704 0.352249 0.274366
threshold=0.23214285714285718 7.6604761904761913 0.4735023106683745 0.3928571428571429 0.26000000000000012
decision_type=2 2 2 2 2
left_child=4 2 -2 -3 -1
right_child=1 3 -4 -5 -6
leaf_value=-0.0055500777478594771 0.0035557248775846474 -0.0023254690286049744 0 0 0
leaf_weight=13.000000000000002 57.335765361785889 32 26 10.999999999999998 10.999999999999998
leaf_count=13 47 32 26 11 11
internal_value=0 0.00084189 0.00226051 -0.00138817 -0.00391286
internal_weight=150.336 126.336 83.3358 43 24
internal_count=140 116 73 43 24
is_linear=0
shrinkage=0.0168771


Tree=119
num_leaves=7
num_cat=0
split_feature=3 0 1 13 8 10
split_gain=4.00081 2.33857 1.63454 1.41603 0.68485 0.297774
threshold=0.26428571428571429 21.500000000000004 7.9508333333333336 0.39548710303384493 -0.063487142579452621 0.40357142857142864
decision_type=2 2 2 2 2 2
left_child=1 -1 3 -2 -3 -4
right_child=2 4 5 -5 -6 -7
leaf_value=-0.0083771199801173438 0.0049129216825511343 -0.0025634834944612151 -0.0018223033686184506 0 0.0013411890092394434 0.00046443480931963394
leaf_weight=17 49.045525670051575 23 26 30.207050085067749 15.702545642852781 10.999999999999998
leaf_count=17 36 23 26 30 15 11
internal_value=0 -0.0035534 0.00183082 0.00321787 -0.000457609 -0.000596538
internal_weight=171.955 55.7025 116.253 79.2526 38.7025 37
internal_count=158 55 103 66 38 37
is_linear=0
shrinkage=0.0168771


Tree=120
num_leaves=6
num_cat=0
split_feature=13 0 8 8 14
split_gain=2.58364 2.6125 1.32969 0.594375 0.197242
threshold=-0.20664781320310519 21.500000000000004 -0.14833593499358919 -0.026582642613599723 19.169285714285724
decision_type=2 2 2 2 2
left_child=2 -2 -1 4 -3
right_child=1 3 -4 -5 -6
leaf_value=-0.0011712906106855466 -0.0080775576955999691 -0.0028465719795093339 0.0034953265722193518 0.00037462681769960928 0
leaf_weight=17 17 29 42.905183434486389 36.574981212615967 10.25390589237213
leaf_count=17 17 29 35 35 10
internal_value=-0.000652935 -0.00249059 0.00182126 -0.000700725 -0.00219096
internal_weight=152.734 92.8289 59.9052 75.8289 39.2539
internal_count=143 91 52 74 39
is_linear=0
shrinkage=0.0168771


Tree=121
num_leaves=8
num_cat=0
split_feature=6 12 3 10 10 1 10
split_gain=4.13018 1.37359 0.947254 1.41272 0.287831 0.27714 0.180964
threshold=16.951428571428579 0.40184311994484501 0.25357142857142861 0.35785714285714293 0.24928571428571433 9.9698214285714304 0.40357142857142864
decision_type=2 2 2 2 2 2 2
left_child=1 -1 4 5 -2 -4 -5
right_child=2 -3 3 6 -6 -7 -8
leaf_value=-0.0074122323573577826 -0.0035755175242349261 0 0.0038783020744832539 -0.0016248914912651363 0 0 1.3835128982733272e-05
leaf_weight=25 10.000000000000002 9.9999999999999982 46.670655727386475 17.442749977111816 10.702545642852781 9.9999999999999982 27.139132976531982
leaf_count=25 10 10 38 17 10 10 26
internal_value=-0.000536377 -0.00548919 0.000800454 0.0016001 -0.00187603 0.00334546 -0.000215692
internal_weight=156.955 35 121.955 101.253 20.7025 56.6707 44.5819
internal_count=146 35 111 91 20 48 43
is_linear=0
shrinkage=0.0168771


Tree=122
num_leaves=7
num_cat=0
split_feature=0 6 10 8 8 0
split_gain=3.72943 1.21822 1.47293 0.526105 0.201013 0.178686
threshold=21.500000000000004 18.898571428571429 0.35785714285714293 -0.031643394364177117 -0.026582642613599723 33.500000000000007
decision_type=2 2 2 2 2 2
left_child=3 4 -3 -1 5 -2
right_child=1 2 -4 -5 -6 -7
leaf_value=-0.009047188820684976 0 0.0046683703576645905 0 -0.0004860106807654832 0 -0.0020148802236461621
leaf_weight=11.000000000000002 17 34.3329176902771 39.057913661003113 10.200000047683714 21.400000095367432 31
leaf_count=11 17 25 37 10 21 31
internal_value=-0.000167136 0.000716288 0.00226718 -0.00641439 -0.000639053 -0.0013056
internal_weight=163.991 142.791 73.3908 21.2 69.4 48
internal_count=152 131 62 21 69 48
is_linear=0
shrinkage=0.0168771


Tree=123
num_leaves=5
num_cat=0
split_feature=2 10 5 10
split_gain=3.69082 1.76733 1.11041 1.07927
threshold=0.26428571428571429 0.25428571428571428 18.698571428571434 0.3535714285714287
decision_type=2 2 2 2
left_child=1 -1 -2 -4
right_child=2 -3 3 -5
leaf_value=-0.0066452923893552691 0 0 0.0053130617875501258 7.8102894279398152e-05
leaf_weight=25 44.600000143051147 21.433723926544189 30.578546047210693 31.087827920913696
leaf_count=25 44 21 22 29
internal_value=0 -0.00384432 0.00171726 0.00314373
internal_weight=152.7 46.4337 106.266 61.6664
internal_count=141 46 95 51
is_linear=0
shrinkage=0.0168771


Tree=124
num_leaves=6
num_cat=0
split_feature=7 5 10 9 0
split_gain=4.1424 1.21333 0.941089 0.158901 0.12896
threshold=16.732142857142865 19.002142857142861 0.36142857142857149 16.609285714285718 61.500000000000007
decision_type=2 2 2 2 2
left_child=3 -2 -3 -1 -4
right_child=1 2 4 -5 -6
leaf_value=-0.0074384415869567545 0 0.0050027289454557689 0.0017247059182199354 -0.00055280894638688554 0
leaf_weight=13.000000000000002 53.813685417175293 35.448504328727722 11.679916858673094 10.200000047683714 26.225948333740234
leaf_count=13 53 25 11 10 24
internal_value=0.000286176 0.00164767 0.00302682 -0.00566917 0.00040455
internal_weight=150.368 127.168 73.3544 23.2 37.9059
internal_count=136 113 60 23 35
is_linear=0
shrinkage=0.0168771


Tree=125
num_leaves=7
num_cat=0
split_feature=3 1 1 1 2 10
split_gain=2.1863 1.04737 0.792356 0.839666 0.567819 0.504884
threshold=0.26428571428571429 -2.8527380952380947 7.9508333333333336 -6.9252976190476181 0.26428571428571429 0.38857142857142862
decision_type=2 2 2 2 2 2
left_child=1 -1 3 -2 -3 -5
right_child=2 4 -4 5 -6 -7
leaf_value=0.00091791659736358618 0 -0.0044702888450036385 0 0.0045743468945257286 0 0
leaf_weight=10.463054895400999 15.999999999999998 35 28 41.311130404472351 9.9999999999999982 11.609524250030516
leaf_count=10 16 35 28 31 10 10
internal_value=0.000136034 -0.00230021 0.00178119 0.00274792 -0.00352666 0.00374143
internal_weight=152.384 55.4631 96.9207 68.9207 45 52.9207
internal_count=140 55 85 57 45 41
is_linear=0
shrinkage=0.0168771


Tree=126
num_leaves=7
num_cat=0
split_feature=6 13 1 1 0 4
split_gain=2.96425 1.69131 0.854128 0.640535 0.413706 0.160211
threshold=16.951428571428579 -0.10493952367280776 6.4517261904761929 -6.9252976190476181 33.500000000000007 17.829285714285714
decision_type=2 2 2 2 2 2
left_child=1 -1 3 -2 -5 -4
right_child=2 -3 5 4 -6 -7
leaf_value=0 0 -0.0069721305200902165 -0.0017735693284234265 0 0.0037672293589793991 0
leaf_weight=15.999999999999998 15.999999999999998 20 11.999999999999998 16.678338885307312 50.247124314308167 33.811310768127441
leaf_count=16 16 20 12 16 39 33
internal_value=0 -0.00403044 0.00126952 0.00230023 0.0030192 -0.000162132
internal_weight=164.737 36 128.737 82.9255 66.9255 45.8113
internal_count=152 36 116 71 55 45
is_linear=0
shrinkage=0.0168771


Tree=127
num_leaves=7
num_cat=0
split_feature=0 1 6 10 10 11
split_gain=3.71369 1.1401 0.811916 0.462542 0.414894 0.128548
threshold=14.500000000000002 7.6604761904761913 18.898571428571429 0.41214285714285709 0.3928571428571429 16.675000000000001
decision_type=2 2 2 2 2 2
left_child=-1 2 5 -4 -3 -2
right_child=1 4 3 -5 -6 -7
leaf_value=-0.0080104821747802694 0.00035091169593714589 -0.002467590587141908 0.0034497220274603505 0 0 -0.0011593983143425887
leaf_weight=13.999999999999998 11.200000047683714 38 44.606106996536255 16.391241192817688 10.999999999999998 23.200000047683716
leaf_count=14 11 38 35 15 11 23
internal_value=-0.000475896 0.000246477 0.00143603 0.0026052 -0.00158822 -7.78806e-05
internal_weight=158.397 144.397 95.3973 60.9973 49 34.4
internal_count=147 133 84 50 49 34
is_linear=0
shrinkage=0.0168771


Tree=128
num_leaves=8
num_cat=0
split_feature=6 5 8 5 10 9 10
split_gain=3.05261 1.45501 0.982307 0.460639 0.475645 0.324194 0.178935
threshold=16.951428571428579 16.580000000000002 -0.17820509829713652 18.828571428571429 0.41214285714285709 17.793571428571433 0.38857142857142862
decision_type=2 2 2 2 2 2 2
left_child=1 -1 5 -4 -5 -2 -7
right_child=2 -3 3 4 -6 6 -8
leaf_value=-0.0075250881671572855 0.00029356954476046616 0 0 0.0036054321335780015 0 -0.0026928339132280331 0
leaf_weight=18 17 14.999999999999998 21.836644291877747 45.166217923164368 18.391241192817688 20 12.999999999999998
leaf_count=18 17 15 21 35 17 20 13
internal_value=-0.000142761 -0.00462998 0.000863358 0.00201435 0.00271375 -0.000681408 -0.00179094
internal_weight=168.394 33 135.394 85.3941 63.5575 50 33
internal_count=156 33 123 73 52 50 33
is_linear=0
shrinkage=0.0168771


Tree=129
num_leaves=7
num_cat=0
split_feature=3 1 13 6 13 1
split_gain=2.15967 1.20169 0.699991 0.435878 0.25375 0.155344
threshold=0.26428571428571429 -2.8527380952380947 -0.13469553914670782 17.720714285714291 0.072413853138357673 5.1447619047619062
decision_type=2 2 2 2 2 2
left_child=1 -1 3 -2 -4 -3
right_child=2 5 4 -5 -6 -7
leaf_value=0.00085107896909909157 0 -0.0066804612898888945 -0.0016320666373769916 0.0036389900917959089 0.0007110228298271489 -0.0019731699140283854
leaf_weight=10.702545642852781 11.213685274124144 11.999999999999998 15.999999999999998 34.463590741157532 40.394912838935852 37
leaf_count=10 11 12 16 26 39 37
internal_value=-6.21162e-05 -0.0026639 0.00127786 0.00276248 0 -0.00386815
internal_weight=161.775 59.7025 102.072 45.6773 56.3949 49
internal_count=151 59 92 37 55 49
is_linear=0
shrinkage=0.0168771


Tree=130
num_leaves=7
num_cat=0
split_feature=6 13 13 2 2 5
split_gain=2.90711 1.27068 0.781805 0.339691 0.790766 0.167014
threshold=16.951428571428579 -0.13469553914670782 -0.20664781320310519 0.26428571428571429 0.38785714285714284 19.002142857142861
decision_type=2 2 2 2 2 2
left_child=1 -1 5 -4 -5 -2
right_child=2 -3 3 4 -6 -7
leaf_value=0 0 -0.0068912827895899155 -0.0019192064158595396 0.00248268207778883 -0.00096714990234086906 0.0035157980413144468
leaf_weight=13.999999999999998 14.636644244194029 20 18.433723926544189 31.845484733581543 28.207050085067749 27.549233198165894
leaf_count=14 14 20 18 29 28 20
internal_value=-0.000169443 -0.00443559 0.000927431 0 0.000536483 0.00270084
internal_weight=154.672 34 120.672 78.4863 60.0525 42.1859
internal_count=143 34 109 75 57 34
is_linear=0
shrinkage=0.0168771


Tree=131
num_leaves=7
num_cat=0
split_feature=10 8 8 1 2 5
split_gain=2.39829 1.11136 0.897527 0.843821 0.721301 0.168375
threshold=0.24214285714285719 -0.64890192546659975 -0.063487142579452621 -6.9252976190476181 0.26000000000000012 18.000714285714285
decision_type=2 2 2 2 2 2
left_child=2 -2 4 -3 -1 -5
right_child=1 3 -4 5 -6 -7
leaf_value=-0.0077880926479290116 -0.00098410970551096794 -5.7145492598838092e-05 0 0.00030723305115032786 0 0.0039798029446870406
leaf_weight=14.000000000000002 36 15.999999999999998 11.999999999999998 20.400000095367432 9.9999999999999982 40.250610113143921
leaf_count=14 36 16 12 20 10 30
internal_value=-5.72982e-05 0.00101377 -0.00380986 0.00223554 -0.00552133 0.00316793
internal_weight=148.651 112.651 36 76.6506 24 60.6506
internal_count=138 102 36 66 24 50
is_linear=0
shrinkage=0.0168771


Tree=132
num_leaves=7
num_cat=0
split_feature=3 1 1 3 13 6
split_gain=2.04078 1.04347 0.701283 0.649651 0.486774 0.149965
threshold=0.26428571428571429 -2.8527380952380947 13.076488095238098 0.21785714285714289 0.80843757499254998 17.720714285714291
decision_type=2 2 2 2 2 2
left_child=1 -1 4 -3 5 -2
right_child=2 3 -4 -5 -6 -7
leaf_value=0.00075773666309548093 0 0 -0.0006546217437875194 -0.0045347568775228981 0 0.0030835683383009234
leaf_weight=10.471018195152281 13.213685274124144 10.999999999999998 20 39 10.999999999999998 56.530673742294312
leaf_count=10 13 11 20 39 11 46
internal_value=0 -0.00247207 0.00136779 -0.0035766 0.00214206 0.00268166
internal_weight=161.215 60.471 100.744 50 80.7444 69.7444
internal_count=150 60 90 50 70 59
is_linear=0
shrinkage=0.0168771


Tree=133
num_leaves=6
num_cat=0
split_feature=10 1 8 1 3
split_gain=2.36507 1.40864 0.74868 0.718301 0.329196
threshold=0.26428571428571429 0.56190476190476213 -0.64890192546659975 -6.9252976190476181 0.21785714285714289
decision_type=2 2 2 2 2
left_child=1 -1 -2 -4 -3
right_child=2 4 3 -5 -6
leaf_value=0.00076382802231332668 0 0 0 0.0035257981241835312 -0.0046987263937413159
leaf_weight=16.269824385643005 25 9.9999999999999982 14.999999999999998 54.694827198982239 36
leaf_count=15 25 10 15 44 36
internal_value=0 -0.00239964 0.00174818 0.00265431 -0.00395569
internal_weight=156.965 62.2698 94.6948 69.6948 46
internal_count=145 61 84 59 46
is_linear=0
shrinkage=0.0168771


Tree=134
num_leaves=7
num_cat=0
split_feature=2 1 13 2 3 9
split_gain=2.64892 1.15307 0.833702 0.594604 0.468164 0.284214
threshold=0.23928571428571432 7.6604761904761913 0.4735023106683745 0.27214285714285719 0.21785714285714289 17.661428571428576
decision_type=2 2 2 2 2 2
left_child=4 2 3 -2 -1 -3
right_child=1 5 -4 -5 -6 -7
leaf_value=0 0 0 0 0.0039267253874302249 -0.006288847774743294 -0.0020891785884282511
leaf_weight=10.000000000000002 15.433723926544188 11.999999999999998 33.207050085067749 47.488267779350281 17 29
leaf_count=10 15 12 33 35 17 29
internal_value=0 0.000846049 0.00193368 0.00303843 -0.00467666 -0.00115262
internal_weight=164.129 137.129 96.129 62.922 27 41
internal_count=151 124 83 50 27 41
is_linear=0
shrinkage=0.0168771


Tree=135
num_leaves=6
num_cat=0
split_feature=5 12 1 1 8
split_gain=2.53375 1.22911 0.786214 0.520491 0.274238
threshold=18.575714285714287 0.084943929620619349 9.9698214285714304 8.64636904761905 1.4860196787686577
decision_type=2 2 2 2 2
left_child=1 3 4 -1 -2
right_child=2 -3 -4 -5 -6
leaf_value=-0.0060401936612819356 0.0035380840793385934 0 -0.00036999201522009551 -0.00079216624287433248 0
leaf_weight=23 41.939899682998657 30.600000143051147 17 23 18.352917790412903
leaf_count=23 32 30 17 23 17
internal_value=-0.000156407 -0.00241405 0.00180791 -0.00407806 0.00276541
internal_weight=153.893 76.6 77.2928 46 60.2928
internal_count=142 76 66 46 49
is_linear=0
shrinkage=0.0168771


Tree=136
num_leaves=7
num_cat=0
split_feature=3 13 12 3 7 11
split_gain=1.69345 0.76766 0.68119 0.50509 0.192167 0.173662
threshold=0.25357142857142861 -0.16746797330759403 0.88299408555030834 0.21785714285714289 17.496428571428574 19.114285714285717
decision_type=2 2 2 2 2 2
left_child=2 -2 3 -1 -3 -6
right_child=1 4 -4 -5 5 -7
leaf_value=0 0.0025217636776934675 -0.0017694552696838595 0 -0.0056492672027354347 0.0015200056610818261 -3.009833657287184e-05
leaf_weight=11.999999999999998 45.539517283439636 13.999999999999998 10.702545642852781 20 19.249054551124573 35.434189796447754
leaf_count=12 38 14 10 20 18 34
internal_value=-5.73598e-05 0.000873989 -0.00293668 -0.00410182 0 0.000175641
internal_weight=156.925 114.223 42.7025 32 68.6832 54.6832
internal_count=146 104 42 32 66 52
is_linear=0
shrinkage=0.0168771


Tree=137
num_leaves=7
num_cat=0
split_feature=6 8 0 1 5 11
split_gain=2.70702 0.69637 0.661686 0.868974 0.509994 0.310971
threshold=16.951428571428579 -0.64890192546659975 28.500000000000004 -6.9252976190476181 16.580000000000002 18.223571428571436
decision_type=2 2 2 2 2 2
left_child=4 5 -3 -4 -1 -2
right_child=1 2 3 -5 -6 -7
leaf_value=-0.0064431168815176536 0 -0.00035209345282783246 0 0.0033928616189755939 0 -0.0022113128151322612
leaf_weight=17.000000000000004 11.999999999999998 16.413685321807861 17 57.860532402992249 10.999999999999998 20
leaf_count=17 12 16 17 46 11 20
internal_value=-0.000100418 0.000849874 0.00168058 0.00241099 -0.00469505 -0.000819967
internal_weight=151.274 123.274 91.2742 74.8605 28 32
internal_count=139 111 79 63 28 32
is_linear=0
shrinkage=0.0168771


Tree=138
num_leaves=6
num_cat=0
split_feature=0 9 8 8 13
split_gain=2.58967 0.85114 0.58407 0.465901 0.208286
threshold=21.500000000000004 19.282142857142858 0.58232643987451305 -0.026582642613599723 0.054537452511734981
decision_type=2 2 2 2 2
left_child=-1 3 -3 4 -2
right_child=1 2 -4 -5 -6
leaf_value=-0.006108956941945712 -0.0017862676598906335 0.0035605895093460153 0 0.001340116707767037 0
leaf_weight=15.200000047683714 44 33.84991466999054 26.366198897361755 23.063055038452148 18.253905892372131
leaf_count=15 44 25 25 22 18
internal_value=0 0.000644208 0.00217893 -0.000221104 -0.00117756
internal_weight=160.733 145.533 60.2161 85.317 62.2539
internal_count=149 134 50 84 62
is_linear=0
shrinkage=0.0168771


Tree=139
num_leaves=7
num_cat=0
split_feature=2 5 1 13 5 11
split_gain=2.09458 1.6241 0.670338 0.661557 0.232953 0.18245
threshold=0.23928571428571432 17.022857142857148 7.6604761904761913 0.4735023106683745 20.534285714285719 18.223571428571436
decision_type=2 2 2 2 2 2
left_child=1 -1 3 4 -2 -4
right_child=2 -3 5 -5 -6 -7
leaf_value=-0.0061745844503649141 0.0034936390590292968 4.4373798619499813e-05 0 0 0 -0.0018713668436662163
leaf_weight=22 41.38996422290802 10.213685274124144 18 30.414100170135498 18.54923951625824 15.999999999999998
leaf_count=22 33 10 18 30 15 16
internal_value=0 -0.00372454 0.000926745 0.00175104 0.00274732 -0.000621766
internal_weight=156.567 32.2137 124.353 90.3533 59.9392 34
internal_count=144 32 112 78 48 34
is_linear=0
shrinkage=0.0168771


Tree=140
num_leaves=7
num_cat=0
split_feature=10 8 8 0 10 13
split_gain=2.45066 0.762886 0.552427 0.194367 0.191972 0.15689
threshold=0.22928571428571434 -0.17820509829713652 -0.094180913411989975 25.000000000000004 0.3928571428571429 0.80843757499254998
decision_type=2 2 2 2 2 2
left_child=3 4 -3 -1 -2 -4
right_child=1 2 5 -5 -6 -7
leaf_value=-0.0065450260058671989 -0.001298488216447862 0.0047791823272719004 0.0012384095112522042 -0.00034004087604548399 0.00040661246527970012 0
leaf_weight=11.000000000000002 32 17.567456960678101 62.814765930175781 11.999999999999998 10.999999999999998 10.999999999999998
leaf_count=11 32 11 56 12 11 11
internal_value=3.28585e-05 0.00106519 0.00197171 -0.00457509 -0.000375919 0.000855207
internal_weight=157.382 134.382 91.3822 23 43 73.8148
internal_count=144 121 78 23 43 67
is_linear=0
shrinkage=0.0168771


Tree=141
num_leaves=8
num_cat=0
split_feature=3 10 13 8 8 5 5
split_gain=2.03329 0.925972 0.840315 0.524464 0.33017 0.487193 0.152242
threshold=0.25642857142857151 0.25428571428571428 -0.10493952367280776 -0.063487142579452621 -0.14833593499358919 20.365714285714287 18.575714285714287
decision_type=2 2 2 2 2 2 2
left_child=1 3 4 -1 -2 -6 -4
right_child=2 -3 6 -5 5 -7 -8
leaf_value=-0.0060201890019891758 0 0 -0.0011342714930228106 0 0.0047572556977447614 0 0.00041926316907326479
leaf_weight=19.999999999999996 17 13.471018195152281 25 12.000000000000002 25.098162770271301 15.909922719001768 39.466382384300232
leaf_count=20 17 13 25 12 18 13 37
internal_value=0 -0.00293693 0.00113597 -0.00441675 0.00256606 0.00335773 0
internal_weight=167.945 45.471 122.474 32 58.0081 41.0081 64.4664
internal_count=155 45 110 32 48 31 62
is_linear=0
shrinkage=0.0168771


Tree=142
num_leaves=7
num_cat=0
split_feature=0 5 8 10 10 0
split_gain=2.83102 0.973912 0.577504 0.227937 0.187125 0.125461
threshold=14.500000000000002 19.002142857142861 0.85578456609731657 0.3535714285714287 0.40357142857142864 33.500000000000007
decision_type=2 2 2 2 2 2
left_child=-1 2 5 -3 -5 -2
right_child=1 3 -4 4 -6 -7
leaf_value=-0.0067387637061665133 0 0.00317673023919799 0.0012647763616629329 -9.4857863125646669e-05 0.0016196977661995045 -0.0022212184127200084
leaf_weight=14.999999999999998 22 27.205766201019287 16.269824385643005 19.329716920852661 18.210476875305176 41.222958922386169
leaf_count=15 22 20 15 18 16 41
internal_value=-0.000345182 0.000287675 -0.000764985 0.0018887 0.00023948 -0.00165901
internal_weight=159.239 144.239 79.4928 64.746 37.5402 63.223
internal_count=147 132 78 54 34 63
is_linear=0
shrinkage=0.0168771


Tree=143
num_leaves=6
num_cat=0
split_feature=10 13 2 7 10
split_gain=1.4867 0.743423 0.48758 0.350711 0.150329
threshold=0.24214285714285719 -0.36799860786605704 0.26785714285714296 20.26428571428572 0.40357142857142864
decision_type=2 2 2 2 2
left_child=2 -2 -1 4 -3
right_child=1 3 -4 -5 -6
leaf_value=-0.0048788338589904612 0.0024527008238898664 -0.001432582486749188 0 0.0015816320120060107 0
leaf_weight=20 36.322582244873047 48.947302579879761 12.256138920783995 13.059600591659544 13.999999999999998
leaf_count=20 30 48 12 11 14
internal_value=-0.000273809 0.000492634 -0.00339993 -0.000215985 -0.000982806
internal_weight=144.586 112.329 32.2561 76.0069 62.9473
internal_count=135 103 32 73 62
is_linear=0
shrinkage=0.0168771


Tree=144
num_leaves=5
num_cat=0
split_feature=8 7 1 2
split_gain=1.16288 0.633866 0.347065 0.614482
threshold=-0.17820509829713652 16.732142857142865 -6.9252976190476181 0.24285714285714288
decision_type=2 2 2 2
left_child=1 -1 -2 -4
right_child=2 -3 3 -5
leaf_value=-0.0052156626637728199 0 -0.00031099058772133306 -0.00021263844531130887 0.0025383672146508818
leaf_weight=10.999999999999998 21 46 14.430547237396238 59.417529940605164
leaf_count=11 21 46 14 49
internal_value=0 -0.00183936 0.00114659 0.00172109
internal_weight=151.848 57 94.8481 73.8481
internal_count=141 57 84 63
is_linear=0
shrinkage=0.0168771


Tree=145
num_leaves=6
num_cat=0
split_feature=3 2 3 8 5
split_gain=1.80129 0.765095 0.526437 0.286627 0.264414
threshold=0.27071428571428585 0.26428571428571429 0.36071428571428582 -0.063487142579452621 18.000714285714285
decision_type=2 2 2 2 2
left_child=1 3 4 -1 -2
right_child=2 -3 -4 -5 -6
leaf_value=-0.0049017215689052783 0 0 0 0 0.0031613992618549952
leaf_weight=26 12.999999999999998 18.471018195152283 51.670308947563171 13.999999999999998 31.772079825401306
leaf_count=26 13 18 48 14 25
internal_value=-0.000148878 -0.00253719 0.00110543 -0.00377971 0.00238547
internal_weight=154.913 58.471 96.4424 40 44.7721
internal_count=144 58 86 40 38
is_linear=0
shrinkage=0.0168771


Tree=146
num_leaves=6
num_cat=0
split_feature=0 1 5 5 14
split_gain=2.29577 1.06525 0.418812 0.466178 0.144425
threshold=21.500000000000004 7.6604761904761913 18.828571428571429 20.365714285714287 19.169285714285724
decision_type=2 2 2 2 2
left_child=-1 2 -2 -4 -3
right_child=1 4 3 -5 -6
leaf_value=-0.0055331889143163818 0 -0.0018627967311852817 0.0037232439828306786 0 0
leaf_weight=18.264653563499451 33.622959017753601 37 31.409467339515686 25.451800942420959 12.999999999999998
leaf_count=18 33 37 24 22 13
internal_value=-0.000274699 0.000351204 0.00154776 0.00239556 -0.00135649
internal_weight=158.749 140.484 90.4842 56.8613 50
internal_count=147 129 79 46 50
is_linear=0
shrinkage=0.0168771


Tree=147
num_leaves=6
num_cat=0
split_feature=0 1 1 10 0
split_gain=2.40779 0.867752 0.396403 0.501813 0.126424
threshold=14.500000000000002 7.6604761904761913 -6.9252976190476181 0.24785714285714289 33.500000000000007
decision_type=2 2 2 2 2
left_child=-1 2 -2 -4 -3
right_child=1 4 3 -5 -6
leaf_value=-0.0063270845862101431 0 0 0 0.0026203965505148092 -0.0013872954891280846
leaf_weight=12.999999999999998 21 9.9999999999999982 20.512277841567993 69.81364119052887 43
leaf_count=13 21 10 20 57 43
internal_value=0 0.000539796 0.00146008 0.00195523 -0.00096766
internal_weight=177.326 164.326 111.326 90.3259 53
internal_count=164 151 98 77 53
is_linear=0
shrinkage=0.0168771


Tree=148
num_leaves=6
num_cat=0
split_feature=13 11 1 0 0
split_gain=0.89387 1.00919 0.452953 0.206566 0.462386
threshold=-0.20664781320310519 17.461428571428581 7.9508333333333336 29.500000000000004 56.500000000000007
decision_type=2 2 2 2 2
left_child=2 -2 -1 -3 -5
right_child=1 3 -4 4 -6
leaf_value=0.0024822400241832896 -0.0035888230784080679 -0.0014737798197224194 0 0.0025864242592944066 -7.7225545102052262e-05
leaf_weight=41.377711534500122 28 15.999999999999998 13.999999999999998 19.392408490180969 36.276286602020264
leaf_count=33 28 16 14 18 35
internal_value=0 -0.00103889 0.00157112 0 0.000550513
internal_weight=155.046 99.6687 55.3777 71.6687 55.6687
internal_count=144 97 47 69 53
is_linear=0
shrinkage=0.0168771


Tree=149
num_leaves=6
num_cat=0
split_feature=3 8 11 3 1
split_gain=1.45345 0.636494 0.20688 0.380636 0.134479
threshold=0.25357142857142861 -0.063487142579452621 17.367142857142859 0.36071428571428582 7.9508333333333336
decision_type=2 2 2 2 2
left_child=1 4 -2 -4 -1
right_child=2 -3 3 -5 -6
leaf_value=-0.0058186632031568541 -6.4242526353127844e-05 0 0.0021023331548825699 0 -9.4115419218166165e-05
leaf_weight=14.000000000000002 17.600000143051147 19.471018195152283 49.3265061378479 45.477358937263489 10.999999999999998
leaf_count=14 17 19 44 42 11
internal_value=-0.00013323 -0.00273015 0.00074284 0.00111954 -0.00437579
internal_weight=156.875 44.471 112.404 94.8039 25
internal_count=147 44 103 86 25
is_linear=0
shrinkage=0.0168771


Tree=150
num_leaves=7
num_cat=0
split_feature=5 12 2 7 2 9
split_gain=1.47941 0.893439 0.571077 0.31025 0.279483 0.195978
threshold=16.580000000000002 -0.10864714396718358 0.26000000000000012 19.349285714285717 0.39785714285714285 17.793571428571433
decision_type=2 2 2 2 2 2
left_child=2 3 -1 5 -3 -2
right_child=1 4 -4 -5 -6 -7
leaf_value=-0.0056416121766014043 0 0.0023938445999252137 0 0.00036022717529717556 0 -0.0026130271571109189
leaf_weight=14.000000000000002 18 57.291202783584595 11.999999999999998 13.318877696990965 19.444318652153015 23
leaf_count=14 18 50 12 11 18 23
internal_value=-2.18664e-05 0.000584537 -0.0036046 -0.000780409 0.0018254 -0.00166076
internal_weight=157.054 131.054 26 54.3189 76.7355 41
internal_count=146 120 26 52 68 41
is_linear=0
shrinkage=0.0168771


Tree=151
num_leaves=6
num_cat=0
split_feature=5 13 10 1 8
split_gain=1.3896 0.922084 0.691859 0.487932 0.137907
threshold=18.698571428571434 -0.36799860786605704 0.35785714285714293 12.278928571428574 0.36046939098187503
decision_type=2 2 2 2 2
left_child=1 -1 4 -3 -2
right_child=2 3 -4 -5 -6
leaf_value=0.00051657460429703256 0.003919602090250913 -0.0036340206513517056 0 0 0
leaf_weight=21.413685321807861 25.343699932098389 42 35.877149343490601 9.9999999999999982 11.607154250144957
leaf_count=21 18 42 33 10 10
internal_value=0 -0.00161067 0.00161598 -0.00287583 0.00314719
internal_weight=146.242 73.4137 72.828 52 36.9509
internal_count=134 73 61 52 28
is_linear=0
shrinkage=0.0168771


Tree=152
num_leaves=7
num_cat=0
split_feature=10 13 4 2 10 3
split_gain=1.53403 0.972282 0.391878 0.331238 0.191187 0.170103
threshold=0.24214285714285719 -0.36799860786605704 19.620000000000001 0.26785714285714296 0.40357142857142864 0.40214285714285719
decision_type=2 2 2 2 2 2
left_child=3 -2 4 -1 -3 -4
right_child=1 2 5 -5 -6 -7
leaf_value=-0.0042114874569468847 0.0027513460706397766 -0.0016712175293996951 0.0020584668205536638 0 0 0
leaf_weight=21.000000000000004 47.822247862815857 40.533370733261108 19.076046109199524 10.256138920783995 9.9999999999999982 14.414100170135496
leaf_count=21 39 40 16 10 10 14
internal_value=0 0.000891617 0 -0.00310677 -0.00111872 0.00110845
internal_weight=163.102 131.846 84.0235 31.2561 50.5334 33.4901
internal_count=150 119 80 31 50 30
is_linear=0
shrinkage=0.0168771


Tree=153
num_leaves=7
num_cat=0
split_feature=2 6 8 10 1 1
split_gain=1.21782 0.728726 0.619078 0.743251 0.606636 0.270514
threshold=0.26428571428571429 17.720714285714291 -0.063487142579452621 0.26214285714285718 -6.9252976190476181 12.278928571428574
decision_type=2 2 2 2 2 2
left_child=2 -2 3 -1 -3 -6
right_child=1 4 -4 -5 5 -7
leaf_value=-0.0059220646447539441 -0.0012526159863358178 -0.0002083616758322406 0 0 0.0029710981232607507 0
leaf_weight=16.000000000000004 23 15.999999999999998 22.433723926544189 9.9999999999999982 52.354407668113708 14.999999999999998
leaf_count=16 23 16 22 10 41 15
internal_value=-4.95303e-05 0.000811477 -0.00231553 -0.00395222 0.00166396 0.00241796
internal_weight=154.788 106.354 48.4337 26 83.3544 67.3544
internal_count=143 95 48 26 72 56
is_linear=0
shrinkage=0.0168771


Tree=154
num_leaves=7
num_cat=0
split_feature=6 8 3 10 14 10
split_gain=1.58896 1.30134 0.534116 0.705709 0.374993 0.184709
threshold=16.951428571428579 -0.063487142579452621 0.25357142857142861 0.35785714285714293 20.149285714285721 0.40500000000000008
decision_type=2 2 2 2 2 2
left_child=1 -1 -2 4 -4 -5
right_child=2 -3 3 5 -6 -7
leaf_value=-0.0055049842677586851 -0.0013706169350355213 0 0.0029828092524642248 -0.0015114615314209036 0 0.00034902679855562918
leaf_weight=23 20.702545642852783 9.9999999999999982 48.493863463401794 18.442749977111816 13.151441574096678 28.447375178337097
leaf_count=23 20 10 41 18 12 26
internal_value=-0.000153176 -0.00339794 0.000562384 0.00115845 0.00233029 0
internal_weight=162.238 33 129.238 108.535 61.6453 46.8901
internal_count=150 33 117 97 53 44
is_linear=0
shrinkage=0.0168771


Tree=155
num_leaves=6
num_cat=0
split_feature=6 8 8 10 12
split_gain=1.6946 1.15368 0.524961 0.511328 0.42656
threshold=16.951428571428579 -0.063487142579452621 -0.64890192546659975 0.24785714285714289 1.1606931005205428
decision_type=2 2 2 2 2
left_child=1 -1 -2 -4 -5
right_child=2 -3 3 4 -6
leaf_value=-0.0058395756464508022 -0.00083013296126171413 0 -0.00054549388703791597 0.0028640346508987443 0
leaf_weight=20 36 11.999999999999998 15.256138920783995 48.419138073921204 30.927708506584167
leaf_count=20 36 12 15 38 30
internal_value=-0.00020171 -0.00360119 0.000523748 0.00127825 0.00190834
internal_weight=162.603 32 130.603 94.603 79.3468
internal_count=151 32 119 83 68
is_linear=0
shrinkage=0.0168771


Tree=156
num_leaves=6
num_cat=0
split_feature=9 8 6 8 7
split_gain=0.866269 0.502443 0.454807 0.38981 0.149742
threshold=16.816428571428577 -0.64890192546659975 17.017142857142865 -0.063487142579452621 18.575714285714287
decision_type=2 2 2 2 2
left_child=-1 4 -3 -4 -2
right_child=1 2 3 -5 -6
leaf_value=-0.0029055725364508589 0 -0.00053286470940625409 0.0037750001050573102 0.00041228515060709307 -0.0021331888231033557
leaf_weight=25 11.000000000000002 17 20.499604344367981 54.333259463310242 17
leaf_count=25 11 17 15 49 17
internal_value=-0.000123439 0.000329556 0.00107 0.0017288 -0.00124566
internal_weight=144.833 119.833 91.8329 74.8329 28
internal_count=134 109 81 64 28
is_linear=0
shrinkage=0.0168771


Tree=157
num_leaves=9
num_cat=0
split_feature=3 1 1 1 3 4 6 6
split_gain=1.20045 0.481078 0.375499 0.530502 0.294075 0.148333 0.120214 0.128461
threshold=0.25785714285714295 0.56190476190476213 7.6604761904761913 2.6783928571428577 0.21785714285714289 19.915000000000003 17.720714285714291 19.401428571428571
decision_type=2 2 2 2 2 2 2 2
left_child=1 -1 3 5 -3 -2 -4 -8
right_child=2 4 6 -5 -6 -7 7 -9
leaf_value=0 0.0011835604908416505 0 -0.001599810813627141 0.0034272802336807314 -0.0044337116096574 -0.00053821969916971327 0.0011365314640587657 -0.00097026876761778134
leaf_weight=11.463054895400999 21.442828059196472 10.999999999999998 12.999999999999998 21.011435985565186 25 25.151675343513489 16.000000000000004 9.9999999999999982
leaf_count=11 19 11 13 15 25 24 16 10
internal_value=-0.000314079 -0.00255143 0.000518733 0.00135739 -0.00345668 0 -0.000393516 0
internal_weight=154.069 47.4631 106.606 67.6059 36 46.5945 39 26
internal_count=144 47 97 58 36 43 39 26
is_linear=0
shrinkage=0.0168771


Tree=158
num_leaves=5
num_cat=0
split_feature=0 1 1 14
split_gain=1.71299 0.489789 0.376555 0.118334
threshold=17.500000000000004 7.6604761904761913 2.6783928571428577 19.169285714285724
decision_type=2 2 2 2
left_child=-1 2 -2 -3
right_child=1 3 -4 -5
leaf_value=-0.0051461205236471783 0 -0.0014466296116269126 0.0027648005698583588 0
leaf_weight=16.213685274124146 64.134079813957214 36 23.424244165420532 17
leaf_count=16 59 36 19 17
internal_value=-0.000362205 0.00012671 0.00101975 -0.000923939
internal_weight=156.772 140.558 87.5583 53
internal_count=147 131 78 53
is_linear=0
shrinkage=0.0168771


Tree=159
num_leaves=6
num_cat=0
split_feature=10 2 8 8 8
split_gain=1.88456 0.82702 0.571634 0.560804 0.391373
threshold=0.25428571428571428 0.26428571428571429 -0.64890192546659975 -0.063487142579452621 -0.063487142579452621
decision_type=2 2 2 2 2
left_child=1 3 -2 -1 -4
right_child=2 -3 4 -5 -6
leaf_value=-0.0058060756942054119 -0.00042223278293468961 0 0.0037068382559424331 0 0.00051945693890747733
leaf_weight=21.000000000000004 29 17.712277889251709 24.584256291389465 10.213685274124144 59.072458982467651
leaf_count=21 29 17 18 10 53
internal_value=-1.74371e-05 -0.00281526 0.00104402 -0.00435217 0.00180836
internal_weight=161.583 48.926 112.657 31.2137 83.6567
internal_count=148 48 100 31 71
is_linear=0
shrinkage=0.0168771


end of trees

feature_importances:
Column_1=194
Column_10=110
Column_8=109
Column_13=94
Column_5=78
Column_2=73
Column_0=69
Column_6=65
Column_12=59
Column_3=58
Column_11=23
Column_7=22
Column_4=21
Column_14=17
Column_9=16

parameters:
[boosting: gbdt]
[objective: regression]
[metric: l1]
[tree_learner: serial]
[device_type: cpu]
[data_sample_strategy: bagging]
[data: ]
[valid: ]
[num_iterations: 3000]
[learning_rate: 0.0168771]
[num_leaves: 26]
[num_threads: -1]
[seed: 47]
[deterministic: 0]
[force_col_wise: 0]
[force_row_wise: 0]
[histogram_pool_size: -1]
[max_depth: 4]
[min_data_in_leaf: 10]
[min_sum_hessian_in_leaf: 0.001]
[bagging_fraction: 0.743593]
[pos_bagging_fraction: 1]
[neg_bagging_fraction: 1]
[bagging_freq: 1]
[bagging_seed: 47]
[bagging_by_query: 0]
[feature_fraction: 0.681046]
[feature_fraction_bynode: 1]
[feature_fraction_seed: 19300]
[extra_trees: 0]
[extra_seed: 32513]
[early_stopping_round: 0]
[early_stopping_min_delta: 0]
[first_metric_only: 0]
[max_delta_step: 0]
[lambda_l1: 1.32832]
[lambda_l2: 2.91472]
[linear_lambda: 0]
[min_gain_to_split: 0.117378]
[drop_rate: 0.1]
[max_drop: 50]
[skip_drop: 0.5]
[xgboost_dart_mode: 0]
[uniform_drop: 0]
[drop_seed: 8886]
[top_rate: 0.2]
[other_rate: 0.1]
[min_data_per_group: 100]
[max_cat_threshold: 32]
[cat_l2: 10]
[cat_smooth: 10]
[max_cat_to_onehot: 4]
[top_k: 20]
[monotone_constraints: ]
[monotone_constraints_method: basic]
[monotone_penalty: 0]
[feature_contri: ]
[forcedsplits_filename: ]
[refit_decay_rate: 0.9]
[cegb_tradeoff: 1]
[cegb_penalty_split: 0]
[cegb_penalty_feature_lazy: ]
[cegb_penalty_feature_coupled: ]
[path_smooth: 0]
[interaction_constraints: ]
[verbosity: -1]
[saved_feature_importance_type: 0]
[use_quantized_grad: 0]
[num_grad_quant_bins: 4]
[quant_train_renew_leaf: 0]
[stochastic_rounding: 1]
[linear_tree: 0]
[max_bin: 255]
[max_bin_by_feature: ]
[min_data_in_bin: 3]
[bin_construct_sample_cnt: 200000]
[data_random_seed: 192]
[is_enable_sparse: 1]
[enable_bundle: 1]
[use_missing: 1]
[zero_as_missing: 0]
[feature_pre_filter: 1]
[pre_partition: 0]
[two_round: 0]
[header: 0]
[label_column: ]
[weight_column: ]
[group_column: ]
[ignore_column: ]
[categorical_feature: ]
[forcedbins_filename: ]
[precise_float_parser: 0]
[parser_config_file: ]
[objective_seed: 2120]
[num_class: 1]
[is_unbalance: 0]
[scale_pos_weight: 1]
[sigmoid: 1]
[boost_from_average: 1]
[reg_sqrt: 0]
[alpha: 0.9]
[fair_c: 1]
[poisson_max_delta_step: 0.7]
[tweedie_variance_power: 1.5]
[lambdarank_truncation_level: 30]
[lambdarank_norm: 1]
[label_gain: ]
[lambdarank_position_bias_regularization: 0]
[eval_at: ]
[multi_error_top_k: 1]
[auc_mu_weights: ]
[num_machines: 1]
[local_listen_port: 12400]
[time_out: 120]
[machine_list_filename: ]
[machines: ]
[gpu_platform_id: -1]
[gpu_device_id: -1]
[gpu_use_dp: 0]
[num_gpu: 1]

end of parameters

pandas_categorical:null
