tree
version=v4
num_class=1
num_tree_per_iteration=1
label_index=0
max_feature_idx=14
objective=regression
feature_names=Column_0 Column_1 Column_2 Column_3 Column_4 Column_5 Column_6 Column_7 Column_8 Column_9 Column_10 Column_11 Column_12 Column_13 Column_14
feature_infos=[2:79] [-12.280119047619047:18.025357142857143] [0.18857142857142861:0.53142857142857147] [0.18857142857142861:0.53142857142857147] [14.967142857142861:21.148571428571429] [14.967142857142861:21.148571428571429] [14.967142857142861:21.148571428571429] [15.074285714285709:21.13428571428571] [-0.89734389455545527:2.0472496932461151] [15.254285714285709:21.148571428571429] [0.18857142857142861:0.53142857142857147] [14.967142857142861:21.13428571428571] [-1.044433908803122:2.3394626208714082] [-1.1009645658534963:1.0098440943306286] [15.222857142857141:21.148571428571429]
tree_sizes=790 741 842 918 788 728 790 840 815 925 689 721 997 837 790 927 993 811 820 1041 788 927 732 792 613 920 840 1006 626 808 1005 727 731 1010 922 745 893 811 707 829 791 940 890 1009 796 724 880 849 950 727 782 660 628 706 882 884 641 1029 789 830 827 728 749 809 834 768 848 719 942 731 795 637 810 786 766 821 795 1053 1020 794 1094 936 815 835 903 791 633 810 803 834 841 772 812 599 931 790 892 817 921 709 790 785 774 811 939 913 706 751 770 936 832 903 734 806 903 860 875 727 787 794 742 699 807 727 793 599 653 713 746 679 605 760 845 758 799 731 671 738 684 675 795 708 611 683 669 826 808 805 685 704 705 855 734 605 526 600 679 607 920 730 706 620 649 689 692 715 605 791 720 653 735 639 727 599 790 741 860 824 611 709 821 723 659 524 613 716 614 603 646 625 527 548 694 627 547 721 595 605 927 605 759 682 693 343 639 527 632 705 722 712 511 733 537 725 642 447 609 608 699 595 543 441 584 747 699 654 637 613 742 726 530 525 661 580 651 537 600 357 512 719 657 573 446 561 652 574 399 709 619 526 704 515 633 625 616 533 647 513 689 565 641 547 557 357 545 433 533 450 445 354 545 368 512 335 535 510 556 361 537 343 640 536 544 430 462 698 566 555 442 429 652 521 372 528 450 431 534 589 346 359 445 546 557 611 452 361 346 555 546 553 547 560 345 358 344 617 438 345 554 345 349 545 531 467 371 430 457 349 533

Tree=0
num_leaves=7
num_cat=0
split_feature=3 8 1 0 10 14
split_gain=85.4824 35.3346 5.8037 2.35013 2.18623 0.810563
threshold=0.24357142857142858 -0.2404891213379978 -7.4417261904761896 62.500000000000007 0.39642857142857141 19.123571428571438
decision_type=2 2 2 2 2 2
left_child=-1 4 -3 -4 5 -2
right_child=1 2 3 -5 -6 -7
leaf_value=2.6792103750556766 2.7005673237161538 2.7111547953914661 2.717711123750354 2.7276822878198987 2.7100406341546641 2.7090629813542879
leaf_weight=18 22 15.999999999999998 29.331249952316284 40.922284841537476 14.999999999999998 11.999999999999998
leaf_count=18 22 16 27 30 15 12
internal_value=2.71086 2.71579 2.72223 2.7243 2.70485 2.70264
internal_weight=153.254 135.254 86.2535 70.2535 49 34
internal_count=140 122 73 57 49 34
is_linear=0
shrinkage=1


Tree=1
num_leaves=6
num_cat=0
split_feature=9 8 13 13 7
split_gain=57.8223 22.3342 12.5135 11.8633 1.863
threshold=17.073571428571434 -0.15410206433374521 -0.12532396311615865 -0.14276476449826928 19.347857142857148
decision_type=2 2 2 2 2
left_child=3 -2 -3 -1 -4
right_child=1 2 4 -5 -6
leaf_value=-0.0034268543798491209 -0.0046697586411460542 0.01578754526847841 -0.0030871041011164358 -0.027668659714495541 0.004134692361320122
leaf_weight=11.999999999999998 45 41.529373288154602 9.9999999999999982 20 25.654337763786316
leaf_count=12 45 32 10 20 25
internal_value=-0.000963602 0.00426664 0.009737 -0.020265 0.00144771
internal_weight=154.184 122.184 77.1837 32 35.6543
internal_count=144 112 67 32 35
is_linear=0
shrinkage=0.0168771


Tree=2
num_leaves=7
num_cat=0
split_feature=7 3 8 13 3 3
split_gain=43.5799 27.3097 7.51455 6.0031 0.854986 0.749099
threshold=19.45571428571429 0.24357142857142858 -0.15410206433374521 -0.11370022061511657 0.39357142857142852 0.42999999999999999
decision_type=2 2 2 2 2 2
left_child=1 -1 4 -2 -3 -5
right_child=3 2 -4 5 -6 -7
leaf_value=-0.024957014917452083 0.016077960426090863 -0.007231599473764316 0.0059954768010959582 0.0058346058757831262 -0.00044839586055192934 0
leaf_weight=15.999999999999998 33.664429187774658 29 20.725275039672852 23.374007701873779 15.999999999999998 9.9999999999999982
leaf_count=16 25 29 19 22 16 10
internal_value=0.00101115 -0.00699452 -0.00142108 0.010976 -0.00546166 0.00433379
internal_weight=148.764 81.7253 65.7253 67.0384 45 33.374
internal_count=137 80 64 57 45 32
is_linear=0
shrinkage=0.0168771


Tree=3
num_leaves=8
num_cat=0
split_feature=4 0 12 3 13 0 10
split_gain=47.8942 29.2301 9.37317 5.97708 3.38903 1.3753 0.85456
threshold=19.405714285714289 15.000000000000002 1.0000000180025095e-35 0.39357142857142852 -0.12532396311615865 64.500000000000014 0.39214285714285718
decision_type=2 2 2 2 2 2 2
left_child=1 -1 3 -3 6 -6 -2
right_child=4 2 -4 -5 5 -7 -8
leaf_value=-0.029906571809901583 0.017084899471109166 -0.010667461358801967 0.0048599838156902159 0 0.007429739201429828 0 0.0058656897397717685
leaf_weight=11.999999999999998 23.151842594146729 39 22.256190299987793 18.847505331039429 15.32544779777527 14.999999999999998 15.139498353004454
leaf_count=12 16 39 21 18 14 15 14
internal_value=0 -0.00795027 -0.00345653 -0.00710481 0.0103322 0.00430184 0.0139218
internal_weight=160.72 92.1037 80.1037 57.8475 68.6168 30.3254 38.2913
internal_count=149 90 78 57 59 29 30
is_linear=0
shrinkage=0.0168771


Tree=4
num_leaves=7
num_cat=0
split_feature=2 1 12 10 4 10
split_gain=48.1877 21.4935 5.86425 2.83699 0.736764 0.14093
threshold=0.23500000000000001 6.9446428571428589 0.24460820374744283 0.39642857142857141 18.664285714285718 0.42428571428571432
decision_type=2 2 2 2 2 2
left_child=-1 2 -2 4 -3 -4
right_child=1 3 5 -5 -6 -7
leaf_value=-0.025441886900692202 0.014908322036379339 -0.010723702986899513 0.0041614565980443692 0 -0.0027921347071617475 0
leaf_weight=18 24.602284550666809 19 33.665165424346924 14.999999999999998 19 9.9999999999999982
leaf_count=18 19 19 33 15 19 10
internal_value=-0.00168144 0.00217923 0.00841357 -0.00547006 -0.00778727 0.00356904
internal_weight=139.267 121.267 68.2674 53 38 43.6652
internal_count=133 115 62 53 38 43
is_linear=0
shrinkage=0.0168771


Tree=5
num_leaves=6
num_cat=0
split_feature=2 8 12 3 1
split_gain=66.3656 29.7357 7.4685 1.34495 0.36976
threshold=0.24000000000000002 -0.2404891213379978 0.40651312683309831 0.39357142857142852 -7.8129761904761903
decision_type=2 2 2 2 2
left_child=-1 3 -3 -2 -4
right_child=1 2 4 -5 -6
leaf_value=-0.023461107982011793 -0.0075978668231845327 0.016007026326219222 0.00040580908618128729 -0.00047218891854113786 0.0059357149075152113
leaf_weight=26 29 40.285439610481262 14.999999999999998 20 29.889568090438843
leaf_count=26 29 30 15 20 28
internal_value=-9.66587e-05 0.00466985 0.010652 -0.00531106 0.00469425
internal_weight=160.175 134.175 85.175 49 44.8896
internal_count=148 122 73 49 43
is_linear=0
shrinkage=0.0168771


Tree=6
num_leaves=7
num_cat=0
split_feature=2 1 12 10 14 1
split_gain=51.3151 34.1992 6.0531 2.57654 0.618205 0.201374
threshold=0.23500000000000001 6.9446428571428589 0.24460820374744283 0.39642857142857141 19.123571428571438 -7.4417261904761896
decision_type=2 2 2 2 2 2
left_child=-1 2 -2 4 -3 -4
right_child=1 3 5 -5 -6 -7
leaf_value=-0.024595353558474399 0.016684550966384892 -0.0093187339636078663 0.0019234200101295551 0 -0.0022127085413500835 0.0073936344039225166
leaf_weight=17 34.784043788909912 26 19 14.999999999999998 18 31.657639622688293
leaf_count=17 25 26 19 15 18 29
internal_value=0.000682634 0.0042375 0.0109963 -0.0052451 -0.00720765 0.00597668
internal_weight=161.442 144.442 85.4417 59 44 50.6576
internal_count=149 132 73 59 44 48
is_linear=0
shrinkage=0.0168771


Tree=7
num_leaves=7
num_cat=0
split_feature=2 12 13 0 6 2
split_gain=71.6914 20.5167 6.92062 3.45273 2.70996 0.396617
threshold=0.24000000000000002 -0.33852347518716536 0.43283673310345328 22.500000000000004 19.844285714285721 0.35428571428571443
decision_type=2 2 2 2 2 2
left_child=3 4 -3 -1 -2 -4
right_child=1 2 5 -5 -6 -7
leaf_value=-0.030128210569872423 -0.0053329945702470013 0.013658197031802523 0 -0.0086782023953184666 0.002795667307674807 0.003822044000156192
leaf_weight=16.000000000000004 41 51.762333035469055 9.9999999999999982 9.9999999999999982 9.8475053310394269 25.41082775592804
leaf_count=16 41 41 10 10 9 25
internal_value=-2.32513e-05 0.00481115 0.00973027 -0.02436 -0.00327553 0.00280157
internal_weight=164.021 138.021 87.1732 26 50.8475 35.4108
internal_count=152 126 76 26 50 35
is_linear=0
shrinkage=0.0168771


Tree=8
num_leaves=7
num_cat=0
split_feature=2 1 13 10 7 4
split_gain=46.8723 26.6333 6.3428 3.07984 0.680291 0.40495
threshold=0.24000000000000002 6.9446428571428589 0.43283673310345328 0.39642857142857141 19.270714285714284 18.664285714285718
decision_type=2 2 2 2 2 2
left_child=-1 2 4 5 -2 -3
right_child=1 3 -4 -5 -6 -7
leaf_value=-0.022385756859050216 0.0053733113731633123 -0.010936278342022763 0.002598398708799824 0 0.015311462810274016 -0.002907071011890249
leaf_weight=19 15.211355447769163 17 32.41082775592804 12.999999999999998 38.306655645370483 15.999999999999998
leaf_count=19 14 17 32 13 29 16
internal_value=0.000354249 0.00420854 0.00973827 -0.00562755 0.0133074 -0.0082194
internal_weight=150.929 131.929 85.9288 46 53.518 33
internal_count=140 121 75 46 43 33
is_linear=0
shrinkage=0.0168771


Tree=9
num_leaves=8
num_cat=0
split_feature=2 1 1 14 10 14 12
split_gain=58.0218 28.2647 4.43701 3.90034 2.43885 0.589987 0.242788
threshold=0.24000000000000002 6.9446428571428589 -6.7692857142857141 16.887857142857147 0.39642857142857141 19.123571428571438 0.24460820374744283
decision_type=2 2 2 2 2 2 2
left_child=3 2 -2 -1 5 -3 -4
right_child=1 4 6 -5 -6 -7 -8
leaf_value=-0.0288921568318425 0.0019512006550469253 -0.0095500829100138157 0.015189800792147608 -0.0075035038176618071 0 -0.0015491827876631444 0.007686911962838004
leaf_weight=14.000000000000002 22.210827708244324 22 34.106149554252625 9.9999999999999982 14.999999999999998 12.999999999999998 32.446992158889771
leaf_count=14 22 22 25 10 15 13 29
internal_value=0 0.00443836 0.0101226 -0.0225909 -0.00523076 -0.00751715 0.0123306
internal_weight=162.764 138.764 88.764 24 50 35 66.5531
internal_count=150 126 76 24 50 35 54
is_linear=0
shrinkage=0.0168771


Tree=10
num_leaves=6
num_cat=0
split_feature=2 1 1 10 4
split_gain=42.5119 28.3327 4.43236 2.44604 0.392574
threshold=0.23500000000000001 6.9446428571428589 -7.4417261904761896 0.39642857142857141 18.664285714285718
decision_type=2 2 2 2 2
left_child=-1 2 -2 4 -3
right_child=1 3 -4 -5 -6
leaf_value=-0.022543036441087832 0.00071739448432788509 -0.0099389792412841998 0.011716506824964857 0 -0.0028698347275177886
leaf_weight=17 18 21 66.995111584663391 10.999999999999998 19
leaf_count=17 18 21 56 11 19
internal_value=0.000365339 0.00380331 0.00974318 -0.00567167 -0.0075265
internal_weight=152.995 135.995 84.9951 51 40
internal_count=142 125 74 51 40
is_linear=0
shrinkage=0.0168771


Tree=11
num_leaves=6
num_cat=0
split_feature=2 8 12 10 10
split_gain=34.8523 19.9095 5.77883 1.59435 0.293663
threshold=0.23500000000000001 -0.2404891213379978 0.40651312683309831 0.39642857142857141 0.42428571428571432
decision_type=2 2 2 2 2
left_child=-1 3 -3 -2 -4
right_child=1 2 4 -5 -6
leaf_value=-0.021048243158901008 -0.0062747321580497303 0.014313390897478184 0.004759395861536923 0 0
leaf_weight=15.999999999999998 39 29.498305201530457 46.740000605583191 9.9999999999999982 10.999999999999998
leaf_count=16 39 22 45 10 11
internal_value=0.000293267 0.00334913 0.00818224 -0.00480007 0.00414304
internal_weight=152.238 136.238 87.2383 49 57.74
internal_count=143 127 78 49 56
is_linear=0
shrinkage=0.0168771


Tree=12
num_leaves=9
num_cat=0
split_feature=14 1 13 13 0 13 3 1
split_gain=35.4438 19.0372 6.14651 5.61158 0.895301 0.801831 0.430683 0.274977
threshold=17.094285714285721 7.3151785714285724 0.015732366225303582 0.43283673310345328 66.500000000000014 0.14477302502472325 0.38928571428571429 -10.396964285714283
decision_type=2 2 2 2 2 2 2 2
left_child=2 3 -1 4 -2 6 -3 -5
right_child=1 5 -4 7 -6 -7 -8 -9
leaf_value=-0.0045068368813763714 0.0054724995542478226 -0.0077809636702314243 -0.025904542875784243 0 0.015040404580277063 0 -0.0017527984765636183 0.0031932163250812848
leaf_weight=11.2037250995636 18.923619508743286 18 11.999999999999998 9.9999999999999982 27.765564322471619 12.999999999999998 22 28.41082775592804
leaf_count=11 18 18 12 10 20 13 22 28
internal_value=0 0.00331671 -0.0180871 0.00824415 0.0121638 -0.00421146 -0.0053321 0.00241536
internal_weight=161.304 138.1 23.2037 85.1 46.6892 53 40 38.4108
internal_count=152 129 23 76 38 53 40 38
is_linear=0
shrinkage=0.0168771


Tree=13
num_leaves=7
num_cat=0
split_feature=14 8 5 12 0 10
split_gain=48.333 19.6337 6.10499 6.48837 2.14225 0.721404
threshold=16.639285714285716 -0.2404891213379978 17.385714285714293 1.055461202348982 15.000000000000002 0.39642857142857141
decision_type=2 2 2 2 2 2
left_child=4 5 -3 -4 -1 -2
right_child=1 2 3 -5 -6 -7
leaf_value=-0.028590078755728061 -0.0050275659613178052 -0.0006100461097304534 0.015088348312288533 0.0043561448357485617 -0.0082319571155402924 0
leaf_weight=10.000000000000002 35 11.999999999999998 43.976678371429443 40.878740429878235 9.9999999999999982 11.999999999999998
leaf_count=10 35 12 32 39 10 12
internal_value=0.000914621 0.00458482 0.00891234 0.0104899 -0.0217312 -0.00388369
internal_weight=163.855 143.855 96.8554 84.8554 20 47
internal_count=150 130 83 71 20 47
is_linear=0
shrinkage=0.0168771


Tree=14
num_leaves=7
num_cat=0
split_feature=2 8 13 13 14 3
split_gain=49.1768 20.2751 3.79959 1.67692 0.787951 0.733851
threshold=0.23500000000000001 -0.2404891213379978 -0.12532396311615865 0.14477302502472325 19.26857142857143 0.38928571428571429
decision_type=2 2 2 2 2 2
left_child=-1 3 -3 5 -4 -2
right_child=1 2 4 -5 -6 -7
leaf_value=-0.024894740840786828 -0.0096321971677072078 0.011103634648812815 0 0 0.0040943419596660736 -0.0020141010874669902
leaf_weight=19 22 41.934049844741821 10.999999999999998 12.999999999999998 30.17770254611969 17
leaf_count=19 22 35 11 13 29 17
internal_value=-0.00134071 0.0022649 0.00745218 -0.00557319 0.00273703 -0.00721732
internal_weight=154.112 135.112 83.1118 52 41.1777 39
internal_count=146 127 75 52 40 39
is_linear=0
shrinkage=0.0168771


Tree=15
num_leaves=8
num_cat=0
split_feature=14 14 0 13 5 13 6
split_gain=51.8601 12.6143 6.27405 4.2163 2.54793 1.39816 1.34809
threshold=16.639285714285716 19.620000000000001 21.500000000000004 -0.16182480981716765 19.020000000000003 0.43283673310345328 19.844285714285721
decision_type=2 2 2 2 2 2 2
left_child=2 3 -1 4 -2 -3 -5
right_child=1 5 -4 6 -6 -7 -8
leaf_value=-0.029439814984675256 0 0.011544748371361416 -0.0075455119924003784 -0.0054205640570355353 0.0092532507143386622 0.0038075838123770834 0
leaf_weight=13.000000000000002 17.000000000000004 37.733489751815796 12.999999999999998 37 10.902472138404844 25.821655511856079 11.248559951782225
leaf_count=13 17 30 13 37 8 25 11
internal_value=-0.000413242 0.00363853 -0.0211321 -0.000755822 0.00385224 0.00904331 -0.00392651
internal_weight=165.706 139.706 26 76.151 27.9025 63.5551 48.2486
internal_count=154 128 26 73 25 55 48
is_linear=0
shrinkage=0.0168771


Tree=16
num_leaves=9
num_cat=0
split_feature=14 9 13 12 13 5 3 0
split_gain=44.6935 12.3198 10.737 5.24923 5.13532 2.37773 0.390159 0.25919
threshold=16.887857142857147 19.844285714285721 -0.131396331252318 0.10939589109537859 0.47024268206659275 18.050000000000001 0.39357142857142852 64.500000000000014
decision_type=2 2 2 2 2 2 2 2
left_child=2 3 -1 6 -3 -5 -2 -6
right_child=1 4 -4 5 7 -7 -8 -9
leaf_value=-0.0014535975242512956 -0.0059859160477106332 0.01345135057262096 -0.02587006163393242 0 0.004081639972283258 0.0096185597744435237 -0.00097377488771291279 0
leaf_weight=10.000000000000002 26 32.867308616638184 18 12.000000000000002 14.610827803611757 11.050854444503782 22 15.999999999999998
leaf_count=10 26 24 18 12 14 9 22 16
internal_value=-0.000386836 0.00360757 -0.0188343 -0.000959863 0.00887525 0.00486589 -0.00431625 0.00255085
internal_weight=162.529 134.529 28 71.0509 63.4781 23.0509 48 30.6108
internal_count=151 123 28 69 54 21 48 30
is_linear=0
shrinkage=0.0168771


Tree=17
num_leaves=7
num_cat=0
split_feature=2 12 13 3 3 3
split_gain=40.3965 19.8079 4.18552 2.04994 1.33924 0.126931
threshold=0.24000000000000002 -0.33852347518716536 0.43283673310345328 0.38928571428571429 0.27071428571428585 0.38071428571428584
decision_type=2 2 2 2 2 2
left_child=-1 3 4 -2 -3 -4
right_child=1 2 5 -5 -6 -7
leaf_value=-0.02108615444461092 -0.0078355903519626516 0.0032956346278781071 0 -0.000157593701065703 0.013239975355837642 0.0031864992884335407
leaf_weight=19 24 14.243510007858275 10.999999999999998 26 39.862198948860168 22.821655511856079
leaf_count=19 24 14 11 26 30 22
internal_value=8.69432e-05 0.0035388 0.00835184 -0.0044953 0.0113175 0.00247573
internal_weight=156.927 137.927 87.9274 50 54.1057 33.8217
internal_count=146 127 77 50 44 33
is_linear=0
shrinkage=0.0168771


Tree=18
num_leaves=7
num_cat=0
split_feature=2 8 1 10 0 0
split_gain=41.8097 20.0674 3.78019 1.11603 0.699049 0.40911
threshold=0.24000000000000002 -0.2404891213379978 -7.4417261904761896 0.39642857142857141 62.500000000000007 15.000000000000002
decision_type=2 2 2 2 2 2
left_child=5 3 -3 -2 -4 -1
right_child=1 2 4 -5 -6 -7
leaf_value=-0.025128980187307234 -0.0050884102652837635 0.0011332138911759409 0.006321599596344628 0 0.013860409125466671 -0.008479255493908773
leaf_weight=10.000000000000002 36 19 29.561056017875671 10.999999999999998 38.736853837966919 10.999999999999998
leaf_count=10 36 19 27 11 28 11
internal_value=0.000992088 0.00469576 0.00944743 -0.00371717 0.0113045 -0.0194415
internal_weight=155.298 134.298 87.2979 47 68.2979 21
internal_count=142 121 74 47 55 21
is_linear=0
shrinkage=0.0168771


Tree=19
num_leaves=9
num_cat=0
split_feature=2 12 13 3 0 3 2 7
split_gain=43.5365 16.2856 6.87566 2.47075 2.31639 1.92366 0.462599 0.30148
threshold=0.24000000000000002 -0.39182605381522845 0.33996850587836996 0.39071428571428574 22.500000000000004 0.27071428571428585 0.46428571428571436 19.844285714285721
decision_type=2 2 2 2 2 2 2 2
left_child=4 3 5 -2 -1 -3 -5 -4
right_child=1 2 7 6 -6 -7 -8 -9
leaf_value=-0.024329614635063782 -0.0074463012827461275 0.0030944303138619525 0 -0.0014137067823693013 -0.006296979948948264 0.014282239459717168 0.0025650739071286762 0.0027675012746705419
leaf_weight=14.000000000000002 19 13.243510007858275 9.9999999999999982 21.000000000000004 9.9999999999999982 40.702189803123474 9.8475053310394269 27.621655464172363
leaf_count=14 19 13 10 21 10 29 9 27
internal_value=0.000421071 0.00421651 0.00841685 -0.00311314 -0.0191446 0.0122293 0 0.00191082
internal_weight=165.415 141.415 91.5674 49.8475 24 53.9457 30.8475 37.6217
internal_count=152 128 79 49 24 42 30 37
is_linear=0
shrinkage=0.0168771


Tree=20
num_leaves=7
num_cat=0
split_feature=2 1 10 1 0 4
split_gain=45.0132 21.4541 2.21283 2.06141 1.72924 0.20751
threshold=0.24000000000000002 6.9446428571428589 0.39642857142857141 -7.4417261904761896 42.500000000000007 18.664285714285718
decision_type=2 2 2 2 2 2
left_child=-1 3 5 -2 -5 -3
right_child=1 2 -4 4 -6 -7
leaf_value=-0.022741927111410772 0.0014485713823799004 -0.0090339455423504491 0 0.0022120829764180005 0.011860558138899035 -0.0027304123535396786
leaf_weight=19 17 18 13.999999999999998 14.46400737762451 49.398767352104187 21
leaf_count=19 17 18 14 14 39 21
internal_value=-0.000156406 0.00330171 -0.00462448 0.00874453 0.010203 -0.00660049
internal_weight=152.863 133.863 53 80.8628 63.8628 39
internal_count=142 123 53 70 53 39
is_linear=0
shrinkage=0.0168771


Tree=21
num_leaves=8
num_cat=0
split_feature=2 8 13 14 10 14 2
split_gain=37.1676 22.0849 5.14592 1.37799 1.36294 0.309625 0.248876
threshold=0.24000000000000002 -0.15410206433374521 0.43283673310345328 16.639285714285716 0.40214285714285719 19.123571428571438 0.29071428571428576
decision_type=2 2 2 2 2 2 2
left_child=3 4 6 -1 5 -2 -3
right_child=1 2 -4 -5 -6 -7 -8
leaf_value=-0.022648614333679807 -0.0080417134841184509 0.0046210116172642288 0.0026804659206143789 -0.0061925169505366966 0 -0.0018130975097447983 0.013501538857940426
leaf_weight=13.000000000000002 20 14.047415256500242 35.821655511856079 9.9999999999999982 12.999999999999998 18 43.723770499229431
leaf_count=13 20 13 35 10 13 18 32
internal_value=0.000635795 0.00402464 0.00887746 -0.0178601 -0.00446368 -0.00597859 0.0120373
internal_weight=167.593 144.593 93.5928 23 51 38 57.7712
internal_count=154 131 80 23 51 38 45
is_linear=0
shrinkage=0.0168771


Tree=22
num_leaves=6
num_cat=0
split_feature=2 1 0 1 2
split_gain=37.2501 17.7049 4.45329 3.11506 0.383453
threshold=0.24000000000000002 6.9446428571428589 20.000000000000004 -6.7692857142857141 0.43928571428571433
decision_type=2 2 2 2 2
left_child=2 3 -1 -2 -3
right_child=1 4 -4 -5 -6
leaf_value=-0.02418283300075327 0.0013712602757743582 -0.0041013310146418777 -0.0043341096220867095 0.010391633794727465 0
leaf_weight=13.000000000000002 21.210827708244324 40 9.9999999999999982 68.046190142631531 11.999999999999998
leaf_count=13 21 40 10 56 12
internal_value=0.000606491 0.00407196 -0.0178761 0.00860242 -0.0033401
internal_weight=164.257 141.257 23 89.257 52
internal_count=152 129 23 77 52
is_linear=0
shrinkage=0.0168771


Tree=23
num_leaves=7
num_cat=0
split_feature=2 1 12 6 0 9
split_gain=38.7797 19.2938 3.99142 0.806743 0.552765 0.472234
threshold=0.23500000000000001 6.9446428571428589 0.24460820374744283 17.720714285714291 64.500000000000014 18.859285714285718
decision_type=2 2 2 2 2 2
left_child=-1 2 -2 -3 -4 -5
right_child=1 3 4 5 -6 -7
leaf_value=-0.022740666467957475 0.012541129585099803 -0.0086274169227870592 0.005127831678254537 0 0 -0.0035052763808619937
leaf_weight=15.999999999999998 33.732612729072571 13.999999999999998 37.122250437736511 12.999999999999998 17 25
leaf_count=16 24 14 35 13 17 25
internal_value=0 0.00297592 0.00779991 -0.00474746 0.00396195 -0.0022573
internal_weight=155.855 139.855 87.8549 52 54.1223 38
internal_count=144 128 76 52 52 38
is_linear=0
shrinkage=0.0168771


Tree=24
num_leaves=5
num_cat=0
split_feature=2 8 12 10
split_gain=35.3768 17.9728 3.3155 1.62905
threshold=0.23500000000000001 -0.15410206433374521 0.31254311650991445 0.39642857142857141
decision_type=2 2 2 2
left_child=-1 3 -3 -2
right_child=1 2 -4 -5
leaf_value=-0.020056471387872279 -0.0057353435081864195 0.012129165126632389 0.0040449791660389419 0
leaf_weight=19 41 34.070886969566345 52.283623576164246 15.999999999999998
leaf_count=19 41 25 50 16
internal_value=0 0.00293637 0.00777758 -0.00404541
internal_weight=162.355 143.355 86.3545 57
internal_count=151 132 75 57
is_linear=0
shrinkage=0.0168771


Tree=25
num_leaves=8
num_cat=0
split_feature=2 8 13 0 10 14 2
split_gain=34.3809 18.9829 4.60025 2.82909 1.74981 0.255437 0.1831
threshold=0.24000000000000002 -0.2404891213379978 0.43283673310345328 22.500000000000004 0.39642857142857141 19.129285714285714 0.38642857142857145
decision_type=2 2 2 2 2 2 2
left_child=3 4 -3 -1 5 -2 -4
right_child=1 2 6 -5 -6 -7 -8
leaf_value=-0.023064900311742617 -0.0070708433024708273 0.011382818748955343 0 -0.0050856703588577053 0 -0.00055354213820714741 0.0031070931890301067
leaf_weight=13.000000000000002 27 53.95914089679718 9.9999999999999982 9.9999999999999982 14.999999999999998 10.999999999999998 25.821655511856079
leaf_count=13 27 42 10 10 15 11 25
internal_value=0.000209424 0.00352047 0.00823359 -0.0175641 -0.00407552 -0.00590601 0.00241152
internal_weight=165.781 142.781 89.7808 23 53 38 35.8217
internal_count=153 130 77 23 53 38 35
is_linear=0
shrinkage=0.0168771


Tree=26
num_leaves=7
num_cat=0
split_feature=2 8 13 13 7 3
split_gain=37.8663 17.9718 4.24512 1.18043 0.268451 0.207239
threshold=0.24000000000000002 -0.2404891213379978 0.43283673310345328 0.14477302502472325 19.270714285714284 0.38928571428571429
decision_type=2 2 2 2 2 2
left_child=-1 3 4 5 -3 -2
right_child=1 2 -4 -5 -6 -7
leaf_value=-0.019659622405839881 -0.0086012781832510848 0.0041263694517045544 0.0017331384898027684 0 0.012586916123337741 -0.0015727076403817188
leaf_weight=21 17.000000000000004 14.44116151332855 29.210827708244324 10.999999999999998 37.72364330291748 12.999999999999998
leaf_count=21 17 13 29 11 28 13
internal_value=-5.49118e-05 0.00350947 0.00811057 -0.00504436 0.010994 -0.00664564
internal_weight=143.376 122.376 81.3756 41 52.1648 30
internal_count=132 111 70 41 41 30
is_linear=0
shrinkage=0.0168771


Tree=27
num_leaves=9
num_cat=0
split_feature=3 1 13 0 13 14 8 0
split_gain=29.0608 14.3014 2.62496 1.90547 0.705901 0.727465 0.527266 0.303963
threshold=0.24357142857142858 6.9446428571428589 0.5005243222464576 15.000000000000002 0.1125623971878829 19.26857142857143 1.0769060032353517 64.500000000000014
decision_type=2 2 2 2 2 2 2 2
left_child=3 2 6 -1 5 -3 -2 -4
right_child=1 4 7 -5 -6 -7 -8 -9
leaf_value=-0.022403662476405496 0.011209349607195581 -0.0058674740565101231 0.0030401481937940614 -0.0055932730419121822 0 0 0.0036484622325380989 0
leaf_weight=12.000000000000002 34.506942510604858 32 19.821655511856083 10.243510007858275 13.999999999999998 10.999999999999998 18.464007377624512 11.999999999999998
leaf_count=12 26 32 19 10 14 11 18 12
internal_value=-0.000242066 0.00253843 0.00693012 -0.0170982 -0.00363976 -0.00465472 0.00930275 0.00188603
internal_weight=164.036 141.793 84.7926 22.2435 57 43 52.9709 31.8217
internal_count=154 132 75 22 57 43 44 31
is_linear=0
shrinkage=0.0168771


Tree=28
num_leaves=5
num_cat=0
split_feature=0 1 12 10
split_gain=38.2143 14.0826 3.40092 1.36671
threshold=20.000000000000004 7.3151785714285724 0.24460820374744283 0.39642857142857141
decision_type=2 2 2 2
left_child=-1 2 -2 -3
right_child=1 3 -4 -5
leaf_value=-0.021669732820490385 0.011411297750223003 -0.0051835637383440521 0.0033957335020141162 0
leaf_weight=17.203725099563599 36.566543459892273 37 48.53718626499176 9.9999999999999982
leaf_count=17 27 37 47 10
internal_value=0 0.00326314 0.00735832 -0.00369962
internal_weight=149.307 132.104 85.1037 47
internal_count=138 121 74 47
is_linear=0
shrinkage=0.0168771


Tree=29
num_leaves=7
num_cat=0
split_feature=3 8 13 10 7 12
split_gain=23.8568 14.1318 5.47348 1.29896 0.74363 0.465079
threshold=0.24357142857142858 -0.2404891213379978 -0.12532396311615865 0.39642857142857141 19.45571428571429 -0.92659489597593026
decision_type=2 2 2 2 2 2
left_child=-1 3 -3 5 -4 -2
right_child=1 2 4 -5 -6 -7
leaf_value=-0.016442175574624747 0 0.010830069763443081 -0.00076219333332794108 0 0.0030697887930372825 -0.0059126258795719373
leaf_weight=18 9.9999999999999982 47.34516704082489 9.9999999999999982 13.999999999999998 32.130497694015503 32
leaf_count=18 10 36 10 14 31 32
internal_value=0.000286354 0.00278959 0.00694938 -0.00349131 0.00167209 -0.00492202
internal_weight=163.476 145.476 89.4757 56 42.1305 42
internal_count=151 133 77 56 41 42
is_linear=0
shrinkage=0.0168771


Tree=30
num_leaves=9
num_cat=0
split_feature=6 1 12 12 2 10 1 10
split_gain=24.9885 10.7668 9.01813 3.54136 2.28112 0.542372 0.215647 0.198594
threshold=17.720714285714291 7.3151785714285724 0.23086695599236665 1.055461202348982 0.24785714285714289 0.39214285714285718 -10.023869047619042 0.32500000000000001
decision_type=2 2 2 2 2 2 2 2
left_child=2 3 4 -2 -1 7 -5 -3
right_child=1 5 -4 6 -6 -7 -8 -9
leaf_value=-0.019443022721844252 0.012396655928880007 0 0.00042675634257109744 0 -0.0055008523391512935 0 0.0044675818193253532 -0.0041607581710239811
leaf_weight=16.000000000000004 36.484943628311157 11.000000000000002 13.229806065559385 10.999999999999998 14.999999999999998 12.999999999999998 28.88584303855896 17
leaf_count=16 26 11 13 11 15 13 27 17
internal_value=0.000526435 0.00472576 -0.00974484 0.00841876 -0.0144104 -0.00174491 0.00365985 -0.00305324
internal_weight=161.601 117.371 44.2298 76.3708 31 41 39.8858 28
internal_count=149 105 44 64 31 41 38 28
is_linear=0
shrinkage=0.0168771


Tree=31
num_leaves=6
num_cat=0
split_feature=3 8 13 10 12
split_gain=34.895 15.3419 2.70513 0.791965 0.138025
threshold=0.24357142857142858 -0.15410206433374521 -0.12532396311615865 0.39642857142857141 -0.92659489597593026
decision_type=2 2 2 2 2
left_child=-1 3 -3 4 -2
right_child=1 2 -4 -5 -6
leaf_value=-0.018620462126358629 -5.0283671884091745e-06 0.010542735277999595 0.002792516675802837 0 -0.0052071401732299311
leaf_weight=23 10.999999999999998 42.78946328163147 35.339970350265503 11.999999999999998 35
leaf_count=23 11 33 34 12 35
internal_value=-0.000537252 0.00268309 0.00754024 -0.00353948 -0.0044959
internal_weight=159.129 136.129 78.1294 58 46
internal_count=148 125 67 58 46
is_linear=0
shrinkage=0.0168771


Tree=32
num_leaves=6
num_cat=0
split_feature=3 8 13 10 10
split_gain=32.5406 10.7339 3.3579 1.08536 0.835863
threshold=0.24357142857142858 -0.15410206433374521 -0.12532396311615865 0.39642857142857141 0.35500000000000015
decision_type=2 2 2 2 2
left_child=-1 3 -3 -2 -4
right_child=1 2 4 -5 -6
leaf_value=-0.020394009941270667 -0.0047540472602990097 0.0090385083713269143 -0.0015623406998065536 0 0.0029789977165007625
leaf_weight=19 44 41.282878994941711 9.9999999999999982 11.999999999999998 25.621655464172363
leaf_count=19 44 33 10 12 25
internal_value=-0.00124651 0.00170467 0.00581705 -0.00357073 0.00110063
internal_weight=151.905 132.905 76.9045 56 35.6217
internal_count=143 124 68 56 35
is_linear=0
shrinkage=0.0168771


Tree=33
num_leaves=9
num_cat=0
split_feature=9 1 13 0 4 0 10 10
split_gain=34.9557 10.1782 4.80088 3.07245 0.771817 0.726853 0.658651 0.18967
threshold=17.073571428571434 8.2488095238095234 0.14477302502472325 22.500000000000004 20.107857142857149 57.000000000000007 0.39642857142857141 0.30857142857142861
decision_type=2 2 2 2 2 2 2 2
left_child=3 2 5 -1 -4 -2 7 -3
right_child=1 6 4 -5 -6 -7 -8 -9
leaf_value=-0.021815276764033126 0.0030151695098416648 0 -0.0010017413144495354 -0.0063148295252594185 0.0031227489760781348 0.011807378370415181 0 -0.0045813896007889003
leaf_weight=14.000000000000002 13.667732477188109 10.000000000000002 9.9999999999999982 15.999999999999998 26.86516547203064 40.321890354156494 15.999999999999998 20
leaf_count=14 13 10 10 16 26 29 16 20
internal_value=0 0.00380892 0.00707038 -0.0155207 0.00144896 0.010244 -0.00221195 -0.00360152
internal_weight=166.855 136.855 90.8548 30 36.8652 53.9896 46 30
internal_count=154 124 78 30 36 42 46 30
is_linear=0
shrinkage=0.0168771


Tree=34
num_leaves=8
num_cat=0
split_feature=4 8 0 13 10 5 0
split_gain=27.0429 12.0369 3.82217 2.74375 1.21915 1.11298 0.241498
threshold=16.630714285714287 -0.2404891213379978 21.500000000000004 0.47024268206659275 0.39642857142857141 18.875714285714285 64.500000000000014
decision_type=2 2 2 2 2 2 2
left_child=2 4 -1 5 -2 -3 -5
right_child=1 3 -4 6 -6 -7 -8
leaf_value=-0.021365207637173547 -0.0050008489719715176 0.0017325566209278006 -0.0044472645116913675 0.0032175903747075031 0 0.011201486323031078 0
leaf_weight=13.000000000000002 34 11.882583975791929 12.999999999999998 23.821655511856079 13.999999999999998 36.224843502044678 13.999999999999998
leaf_count=13 34 11 13 23 14 27 14
internal_value=-2.15455e-05 0.00297631 -0.0149826 0.00676409 -0.00336326 0.00953462 0.00225971
internal_weight=159.929 133.929 26 85.9291 48 48.1074 37.8217
internal_count=149 123 26 75 48 38 37
is_linear=0
shrinkage=0.0168771


Tree=35
num_leaves=6
num_cat=0
split_feature=2 1 10 13 10
split_gain=26.4716 14.426 1.92956 1.88236 0.300764
threshold=0.23500000000000001 6.9446428571428589 0.39642857142857141 0.47024268206659275 0.28571428571428581
decision_type=2 2 2 2 2
left_child=-1 3 -3 4 -2
right_child=1 2 -4 -5 -6
leaf_value=-0.018471493300068639 0.0028658284843909323 -0.0059160228446616808 0.00048770181787511583 0.0011245863531352332 0.010683426549608542
leaf_weight=18 13.693813443183897 41 9.9999999999999982 19.41082775592804 32.838557362556458
leaf_count=18 13 41 10 19 25
internal_value=-0.00085524 0.00205248 -0.0042861 0.00725419 0.00914074
internal_weight=134.943 116.943 51 65.9432 46.5324
internal_count=126 108 51 57 38
is_linear=0
shrinkage=0.0168771


Tree=36
num_leaves=8
num_cat=0
split_feature=7 8 13 8 0 10 0
split_gain=22.8935 8.72749 7.08462 3.29361 2.49718 0.585838 0.335068
threshold=17.827857142857145 -0.15410206433374521 -0.31068905962600374 0.93007357720108264 22.500000000000004 0.39642857142857141 64.500000000000014
decision_type=2 2 2 2 2 2 2
left_child=2 5 -1 -3 -4 -2 -5
right_child=1 3 4 6 -6 -7 -8
leaf_value=0 -0.0036067037636607385 0.010548047987658382 -0.02010105050862911 0.0035312677439394377 -0.0055230895846771818 0 0
leaf_weight=11.203725099563597 25 41.425468564033508 14.000000000000002 17.868890523910522 14.999999999999998 9.9999999999999982 14.999999999999998
leaf_count=11 25 31 14 17 15 10 15
internal_value=0 0.00408153 -0.0103866 0.00733934 -0.0144562 -0.00227513 0.00213905
internal_weight=149.498 109.294 40.2037 74.2944 29 35 32.8689
internal_count=138 98 40 63 29 35 32
is_linear=0
shrinkage=0.0168771


Tree=37
num_leaves=7
num_cat=0
split_feature=2 1 1 5 3 4
split_gain=26.3103 13.7659 2.77907 0.844653 0.571843 0.180696
threshold=0.24000000000000002 6.9446428571428589 -7.4417261904761896 18.735000000000003 0.39357142857142852 19.216428571428576
decision_type=2 2 2 2 2 2
left_child=-1 2 -2 -4 -3 -6
right_child=1 4 3 -5 5 -7
leaf_value=-0.015501895059841035 0.00041128413319533024 -0.0054679992280727381 0.0023897679091626645 0.0098469248147965115 0 -0.0020152615117508452
leaf_weight=23 22 27 16.689418196678162 52.438371300697327 12.000000000000002 10.999999999999998
leaf_count=23 22 27 16 41 12 11
internal_value=1.79802e-05 0.00296544 0.00687977 0.00852726 -0.00373097 -0.000441118
internal_weight=164.128 141.128 91.1278 69.1278 50 23
internal_count=152 129 79 57 50 23
is_linear=0
shrinkage=0.0168771


Tree=38
num_leaves=6
num_cat=0
split_feature=7 10 1 1 1
split_gain=19.5714 8.83688 2.54182 2.32405 2.03548
threshold=19.347857142857148 0.24071428571428574 9.6451190476190494 1.0000000180025095e-35 -7.4417261904761896
decision_type=2 2 2 2 2
left_child=1 -1 4 -3 -2
right_child=2 3 -4 -5 -6
leaf_value=-0.014144601276879807 0.00052017729415941539 0.0029428037796107704 0 -0.0039358079805750261 0.0090074394618882957
leaf_weight=23 17 15.893143296241758 11.999999999999998 36 47.639414191246033
leaf_count=23 17 15 12 36 38
internal_value=0 -0.00596812 0.00593609 -0.00137562 0.00722592
internal_weight=151.533 74.8931 76.6394 51.8931 64.6394
internal_count=141 74 67 51 55
is_linear=0
shrinkage=0.0168771


Tree=39
num_leaves=7
num_cat=0
split_feature=9 1 13 13 10 10
split_gain=21.5733 6.08525 4.93716 2.63796 0.71962 0.621054
threshold=17.073571428571434 5.3461904761904773 -0.14276476449826928 0.26649190081119689 0.39642857142857141 0.35500000000000015
decision_type=2 2 2 2 2 2
left_child=2 3 -1 -2 -3 -5
right_child=1 4 -4 5 -6 -7
leaf_value=-0.001016756962919879 0.007958469209339734 -0.0034855481003166298 -0.017699457639065844 -0.0012107642028705192 0 0.0026806392584623434
leaf_weight=11.000000000000002 44.337967395782471 31 19 10.999999999999998 13.999999999999998 21.610827803611755
leaf_count=11 36 31 19 11 14 21
internal_value=-0.000639877 0.00242611 -0.0128953 0.00532103 -0.00207879 0.000745336
internal_weight=151.949 121.949 30 76.9488 45 32.6108
internal_count=143 113 30 68 45 32
is_linear=0
shrinkage=0.0168771


Tree=40
num_leaves=7
num_cat=0
split_feature=2 1 12 10 14 1
split_gain=23.7623 13.1886 2.46541 0.996576 0.353057 0.152723
threshold=0.24000000000000002 6.9446428571428589 0.31254311650991445 0.39642857142857141 19.129285714285714 -7.4417261904761896
decision_type=2 2 2 2 2 2
left_child=-1 2 -2 4 -3 -4
right_child=1 3 5 -5 -6 -7
leaf_value=-0.016417353643673034 0.010300788487132957 -0.0058178124991094043 0.00035354132907445824 0 0 0.0043830288902802338
leaf_weight=17 41.152183890342712 26 18 14.999999999999998 9.9999999999999982 34.373976349830627
leaf_count=17 30 26 18 15 10 32
internal_value=0.000722538 0.00317537 0.00694303 -0.00331994 -0.00475026 0.00349529
internal_weight=161.526 144.526 93.5262 51 36 52.374
internal_count=148 131 80 51 36 50
is_linear=0
shrinkage=0.0168771


Tree=41
num_leaves=8
num_cat=0
split_feature=14 1 0 13 10 6 14
split_gain=24.7804 9.03081 2.68708 1.86461 0.902917 0.591095 0.361308
threshold=16.887857142857147 7.6604761904761913 21.500000000000004 0.43283673310345328 0.39642857142857141 18.239285714285717 19.129285714285714
decision_type=2 2 2 2 2 2 2
left_child=2 3 -1 5 6 -2 -3
right_child=1 4 -4 -5 -6 -7 -8
leaf_value=-0.01987529869323915 0.001045524536962188 -0.0055436986798227872 -0.0043380798969203287 0.0016498080191238785 0 0.0091302446497111209 -3.5846829701547021e-06
leaf_weight=14.000000000000002 10.68941819667816 22 11.999999999999998 33.421655416488647 13.999999999999998 40.642271518707275 13.999999999999998
leaf_count=14 10 22 12 33 14 31 14
internal_value=-0.000324497 0.0025262 -0.0146398 0.00589375 -0.00276859 0.00800657 -0.00412694
internal_weight=160.753 134.753 26 84.7533 50 51.3317 36
internal_count=150 124 26 74 50 41 36
is_linear=0
shrinkage=0.0168771


Tree=42
num_leaves=8
num_cat=0
split_feature=14 1 13 13 14 14 0
split_gain=21.201 11.0892 3.83381 0.492024 0.677615 0.305746 0.124924
threshold=16.639285714285716 7.6604761904761913 0.38875765553607372 0.14477302502472325 19.172857142857151 20.214285714285719 15.000000000000002
decision_type=2 2 2 2 2 2 2
left_child=6 2 -2 4 -3 -4 -1
right_child=1 3 5 -5 -6 -7 -8
leaf_value=-0.018786862686729341 0.008990739309051721 -0.0056575529508452556 0 0 0 0.0021836136719763592 -0.0060594557305518239
leaf_weight=10.000000000000002 53.394697308540344 27 11.999999999999998 9.9999999999999982 10.999999999999998 24.41082775592804 11.999999999999998
leaf_count=10 42 27 12 10 11 24 12
internal_value=0 0.00262357 0.00614646 -0.00350181 -0.00432263 0.00104816 -0.0142655
internal_weight=159.806 137.806 89.8055 48 38 36.4108 22
internal_count=148 126 78 48 38 36 22
is_linear=0
shrinkage=0.0168771


Tree=43
num_leaves=9
num_cat=0
split_feature=4 13 1 0 13 9 0 0
split_gain=22.2812 6.08585 5.47855 2.85712 2.42929 0.541561 0.234608 0.228385
threshold=17.829285714285714 -0.31068905962600374 8.2488095238095234 22.500000000000004 0.5005243222464576 18.859285714285718 64.500000000000014 66.500000000000014
decision_type=2 2 2 2 2 2 2 2
left_child=1 -1 4 -3 7 -4 -6 -2
right_child=2 3 5 -5 6 -7 -8 -9
leaf_value=0 0.0032957791016178161 -0.019159740081417936 0.00052027993096510005 -0.0052813467758101524 0.0023677473404849453 -0.0026189259005588703 0 0.010511380317168367
leaf_weight=11.203725099563597 16.733598351478577 15.999999999999998 12.999999999999998 17 15.621655464172365 26 11.999999999999998 28.171313047409058
leaf_count=11 16 16 13 17 15 26 12 20
internal_value=-0.000365906 -0.0102514 0.00351762 -0.0136433 0.00623009 -0.00107426 0.00110216 0.00865611
internal_weight=155.73 44.2037 111.527 33 72.5266 39 27.6217 44.9049
internal_count=146 44 102 33 63 39 27 36
is_linear=0
shrinkage=0.0168771


Tree=44
num_leaves=7
num_cat=0
split_feature=0 7 13 14 3 0
split_gain=28.2626 6.55287 1.3657 1.19119 0.909319 0.183736
threshold=20.000000000000004 19.45571428571429 0.38875765553607372 19.797142857142859 0.39357142857142852 64.500000000000014
decision_type=2 2 2 2 2 2
left_child=-1 3 -3 4 -2 -4
right_child=1 2 5 -5 -6 -7
leaf_value=-0.019205550245161025 -0.0033350833639966197 0.0084216819874937034 0.0034801093734375217 0.0031469090610741963 0.00017544021779418193 0
leaf_weight=17 46 36.199575781822205 11.621655464172365 9.8931432962417585 17 18
leaf_count=17 46 28 11 9 17 18
internal_value=-0.000262881 0.0022478 0.00604155 -0.000982736 -0.00208182 0.00194998
internal_weight=155.714 138.714 65.8212 72.8931 63 29.6217
internal_count=146 129 57 72 63 29
is_linear=0
shrinkage=0.0168771


Tree=45
num_leaves=6
num_cat=0
split_feature=2 1 13 10 3
split_gain=23.6469 7.88486 1.73822 1.12046 0.149308
threshold=0.23500000000000001 6.9446428571428589 0.43283673310345328 0.39642857142857141 0.39357142857142852
decision_type=2 2 2 2 2
left_child=-1 2 -2 4 -3
right_child=1 3 -4 -5 -6
leaf_value=-0.016533614955615752 0.0078762613158838961 -0.0048832839857300431 0.0014139287604646382 6.9733551489558466e-05 0
leaf_weight=20 42.657450318336487 28 31.41082775592804 14.999999999999998 9.9999999999999982
leaf_count=20 34 28 31 15 10
internal_value=-0.000626039 0.00201988 0.00558423 -0.00259185 -0.00412052
internal_weight=147.068 127.068 74.0683 53 38
internal_count=138 118 65 53 38
is_linear=0
shrinkage=0.0168771


Tree=46
num_leaves=8
num_cat=0
split_feature=2 1 13 2 11 13 13
split_gain=21.6003 9.95525 2.9246 0.603906 0.558791 0.291868 0.160872
threshold=0.23500000000000001 6.9446428571428589 -0.12532396311615865 0.43928571428571433 20.10071428571429 -0.62937914797777783 0.14477302502472325
decision_type=2 2 2 2 2 2 2
left_child=-1 2 5 6 -4 -2 -3
right_child=1 3 4 -5 -6 -7 -8
leaf_value=-0.015186618138353329 0.0030533198612744871 -0.0042925450556274237 0 0 0.0029640478404415705 0.010426230996281739 0
leaf_weight=20 15.566393136978148 35 11.258032560348509 9.9999999999999982 31.081937789916992 32.289157271385193 9.9999999999999982
leaf_count=20 14 35 11 10 30 23 10
internal_value=0 0.00242039 0.00588301 -0.00288123 0.00175582 0.00878252 -0.00369108
internal_weight=165.196 145.196 90.1955 55 42.34 47.8556 45
internal_count=153 133 78 55 41 37 45
is_linear=0
shrinkage=0.0168771


Tree=47
num_leaves=7
num_cat=0
split_feature=14 8 13 0 14 8
split_gain=19.9338 7.67944 3.14477 2.67991 0.933097 0.187448
threshold=16.639285714285716 -0.15410206433374521 -0.12532396311615865 12.500000000000002 19.620000000000001 -0.72878154296250564
decision_type=2 2 2 2 2 2
left_child=3 5 -3 -1 -4 -2
right_child=1 2 4 -5 -6 -7
leaf_value=-0.01932001828556993 -0.00011151129116447121 0.008830543603381525 -0.0011466351251875639 -0.0033673397149932994 0.0032119332567750267 -0.0039200257152376405
leaf_weight=11.000000000000002 21 44.851999163627625 10.999999999999998 10.999999999999998 34.372652649879456 21
leaf_count=11 21 34 11 11 33 21
internal_value=0.00015172 0.00284422 0.00564332 -0.0135706 0.00168556 -0.00264571
internal_weight=154.225 132.225 90.2247 22 45.3727 42
internal_count=142 120 78 22 44 42
is_linear=0
shrinkage=0.0168771


Tree=48
num_leaves=8
num_cat=0
split_feature=3 8 12 13 0 10 0
split_gain=17.9559 9.59969 7.55398 2.63355 0.989357 0.502148 0.29709
threshold=0.26428571428571429 -0.15410206433374521 0.10939589109537859 0.5005243222464576 22.500000000000004 0.38785714285714284 64.500000000000014
decision_type=2 2 2 2 2 2 2
left_child=2 -2 4 5 -1 -3 -5
right_child=1 3 -4 6 -6 -7 -8
leaf_value=-0.018579063325676121 -0.0027627808153362471 0.010813493043641612 0.00038797602987686959 0.0026514905690516177 -0.0049714689396781935 0.0033568289490508831 0
leaf_weight=14.000000000000002 42 34.337381720542908 10.243510007858275 17.610827803611759 10.999999999999998 17.815102934837341 10.999999999999998
leaf_count=14 42 24 10 17 11 16 11
internal_value=8.30649e-05 0.00329506 -0.0099148 0.00669978 -0.0145391 0.00898593 0.00137589
internal_weight=158.007 122.763 35.2435 80.7633 25 52.1525 28.6108
internal_count=145 110 35 68 25 40 28
is_linear=0
shrinkage=0.0168771


Tree=49
num_leaves=6
num_cat=0
split_feature=2 1 13 13 12
split_gain=17.7192 9.31962 2.16776 0.954267 0.91179
threshold=0.23500000000000001 6.9446428571428589 0.43283673310345328 0.14477302502472325 -0.92659489597593026
decision_type=2 2 2 2 2
left_child=-1 2 -2 4 -3
right_child=1 3 -4 -5 -6
leaf_value=-0.015407211184536567 0.0075617806799599284 0 0.0011864936100790973 0 -0.0061141675442937622
leaf_weight=15.999999999999998 52.840036153793335 11.999999999999995 35.621655464172363 14.999999999999998 27.000000000000004
leaf_count=16 42 12 35 15 27
internal_value=0 0.00195755 0.00535966 -0.00321089 -0.00452595
internal_weight=158.462 142.462 88.4617 54 39
internal_count=147 131 77 54 39
is_linear=0
shrinkage=0.0168771


Tree=50
num_leaves=7
num_cat=0
split_feature=3 8 0 10 5 11
split_gain=25.0878 6.27945 5.16393 1.96975 1.52675 0.395736
threshold=0.26428571428571429 -0.2404891213379978 20.000000000000004 0.42428571428571432 18.050000000000001 19.125000000000004
decision_type=2 2 2 2 2 2
left_child=2 5 -1 4 -3 -2
right_child=1 3 -4 -5 -6 -7
leaf_value=-0.019195167714258523 0 0 -0.0035215775015474101 0 0.0084988192814765585 -0.0027044077583739221
leaf_weight=14.999999999999998 15.999999999999998 12.441950201988218 18 12.999999999999998 58.900426387786865 23
leaf_count=15 16 12 18 13 46 23
internal_value=5.43072e-05 0.0037306 -0.0122498 0.00630521 0.0073669 -0.00135376
internal_weight=156.342 123.342 33 84.3424 71.3424 39
internal_count=143 110 33 71 58 39
is_linear=0
shrinkage=0.0168771


Tree=51
num_leaves=6
num_cat=0
split_feature=3 1 1 10 14
split_gain=12.7898 8.447 1.61337 0.637396 0.263023
threshold=0.24357142857142858 6.9446428571428589 -7.4417261904761896 0.39642857142857141 19.123571428571438
decision_type=2 2 2 2 2
left_child=-1 2 -2 4 -3
right_child=1 3 -4 -5 -6
leaf_value=-0.012429992756647079 0 -0.005404412810696306 0.0064492221003164861 0 -0.00070968631035776971
leaf_weight=18 19 24 62.865476369857788 10.999999999999998 20
leaf_count=18 19 24 52 11 20
internal_value=0 0.00171595 0.00518177 -0.00305688 -0.00392497
internal_weight=154.865 136.865 81.8655 55 44
internal_count=144 126 71 55 44
is_linear=0
shrinkage=0.0168771


Tree=52
num_leaves=5
num_cat=0
split_feature=3 12 6 10
split_gain=14.7281 6.21991 2.06589 0.665287
threshold=0.24357142857142858 -0.24757775557892661 19.844285714285721 0.43071428571428577
decision_type=2 2 2 2
left_child=-1 2 -2 -3
right_child=1 3 -4 -5
leaf_value=-0.014313218292209051 -0.0046273614357815107 0.0050215965963796806 0.0020348387668876794 0
leaf_weight=17 43 64.373196125030518 11.307117462158201 9.9999999999999982
leaf_count=17 43 57 10 10
internal_value=-0.000705538 0.00119903 -0.00281547 0.0044161
internal_weight=145.68 128.68 54.3071 74.3732
internal_count=137 120 53 67
is_linear=0
shrinkage=0.0168771


Tree=53
num_leaves=6
num_cat=0
split_feature=0 1 13 10 12
split_gain=19.3642 8.37595 1.44845 0.821697 0.421899
threshold=21.500000000000004 6.9446428571428589 0.43283673310345328 0.39642857142857141 -0.92659489597593026
decision_type=2 2 2 2 2
left_child=-1 2 -2 4 -3
right_child=1 3 -4 -5 -6
leaf_value=-0.015285266480214299 0.0072651366410267353 0 0.0011862883385346083 0 -0.0045704489503899035
leaf_weight=20 44.166025280952454 10.999999999999998 29.610827803611755 9.9999999999999982 40
leaf_count=20 35 11 29 10 40
internal_value=-0.000845752 0.00141237 0.00525548 -0.00291265 -0.00379449
internal_weight=154.777 134.777 73.7769 61 51
internal_count=145 125 64 61 51
is_linear=0
shrinkage=0.0168771


Tree=54
num_leaves=8
num_cat=0
split_feature=9 8 5 13 13 11 11
split_gain=18.3978 6.5849 2.54278 1.85946 1.18358 0.349747 0.168105
threshold=17.073571428571434 -0.2404891213379978 17.022857142857148 -0.14276476449826928 0.5005243222464576 18.239285714285717 19.699999999999999
decision_type=2 2 2 2 2 2 2
left_child=3 5 -3 -1 -4 -2 -7
right_child=1 2 4 -5 -6 6 -8
leaf_value=-0.0024994757503737485 0 0 0.0081355080172463221 -0.014782358274141452 0.0016518823802968655 -0.0036196174173647832 0
leaf_weight=12.000000000000002 13.999999999999998 12.999999999999998 54.42482316493988 18 22.610827803611755 22 10.999999999999998
leaf_count=12 14 13 42 18 22 22 11
internal_value=1.3284e-05 0.00281201 0.00549178 -0.0112067 0.00664249 -0.00189328 -0.00278489
internal_weight=167.036 137.036 90.0357 30 77.0357 47 33
internal_count=154 124 77 30 64 47 33
is_linear=0
shrinkage=0.0168771


Tree=55
num_leaves=8
num_cat=0
split_feature=7 1 12 13 1 1 3
split_gain=16.9211 6.14456 5.45765 2.19696 0.972961 0.308862 0.133075
threshold=17.827857142857145 8.8317857142857168 0.24460820374744283 0.43283673310345328 7.3151785714285724 13.643511904761906 0.42999999999999999
decision_type=2 2 2 2 2 2 2
left_child=2 3 4 -2 -1 -3 -5
right_child=1 5 -4 6 -6 -7 -8
leaf_value=-0.015249749388892845 0.0082492444723032948 0 0.00032325092369510198 0.0022199660284328319 -0.0046604168474906624 -0.0032603121421664874 0
leaf_weight=18 49.015275835990906 22 10.203725099563597 23.821655511856079 15.999999999999998 17 10.999999999999998
leaf_count=18 37 22 10 23 16 17 11
internal_value=0 0.00330722 -0.00854982 0.00588248 -0.0116353 -0.00171799 0.00157709
internal_weight=167.041 122.837 44.2037 83.8369 34 39 34.8217
internal_count=154 110 44 71 34 39 34
is_linear=0
shrinkage=0.0168771


Tree=56
num_leaves=5
num_cat=0
split_feature=10 1 13 10
split_gain=16.2486 7.49388 1.88931 0.858171
threshold=0.24071428571428574 6.9446428571428589 0.5005243222464576 0.39642857142857141
decision_type=2 2 2 2
left_child=-1 2 -2 -3
right_child=1 3 -4 -5
leaf_value=-0.011915681007017721 0.0074466914744395303 -0.0036672867186680704 0.00088798055550954333 0
leaf_weight=25.260282278060913 50.450312733650208 39 28.621655464172363 13.999999999999998
leaf_count=25 40 39 28 14
internal_value=-0.000134298 0.00216159 0.00546204 -0.00238955
internal_weight=157.332 132.072 79.072 53
internal_count=146 121 68 53
is_linear=0
shrinkage=0.0168771


Tree=57
num_leaves=9
num_cat=0
split_feature=14 2 1 9 1 14 11 11
split_gain=12.9821 3.34565 2.77874 1.50362 1.07839 0.943673 0.351683 0.177722
threshold=17.720714285714291 0.23500000000000001 8.2488095238095234 16.707857142857147 -8.5336904761904737 19.093571428571433 18.717142857142857 19.699999999999999
decision_type=2 2 2 2 2 2 2 2
left_child=1 -1 4 -3 -2 -6 -4 -8
right_child=2 3 6 -5 5 -7 7 -9
leaf_value=-0.014143053834070593 0 -0.0061901012433814313 0.0002683771549420603 0.00039086515534327254 0 0.0061788981343335802 -0.0030921957966592102 0
leaf_weight=15.999999999999998 15.999999999999998 13.000000000000002 10.999999999999998 11.203725099563597 12.806438207626341 50.397753715515137 16.000000000000004 9.9999999999999982
leaf_count=16 16 13 11 11 12 42 16 10
internal_value=-0.000310872 -0.00836086 0.00242245 -0.00260255 0.00421573 0.00516901 -0.000882197 -0.00212229
internal_weight=156.408 40.2037 116.204 24.2037 79.2042 63.2042 37 26
internal_count=147 40 107 24 70 54 37 26
is_linear=0
shrinkage=0.0168771


Tree=58
num_leaves=7
num_cat=0
split_feature=2 8 1 11 10 12
split_gain=15.5831 5.9512 1.17392 1.35036 0.703396 0.523824
threshold=0.23500000000000001 -0.2404891213379978 -7.4417261904761896 19.913571428571434 0.39642857142857141 -0.92659489597593026
decision_type=2 2 2 2 2 2
left_child=-1 4 -3 -4 5 -2
right_child=1 2 3 -5 -6 -7
leaf_value=-0.014095670539007978 0 0 0.0011633928643261051 0.0074801122322138321 0 -0.0046160122774954165
leaf_weight=18 9.9999999999999947 19 26.791660070419312 38.361899137496948 12.999999999999998 31.000000000000004
leaf_count=18 10 19 25 30 13 31
internal_value=-0.000400577 0.00147921 0.00432771 0.00537302 -0.00256029 -0.00361358
internal_weight=156.154 138.154 84.1536 65.1536 54 41
internal_count=146 128 74 55 54 41
is_linear=0
shrinkage=0.0168771


Tree=59
num_leaves=7
num_cat=0
split_feature=14 9 1 1 8 12
split_gain=20.528 6.34374 2.34354 2.27773 0.605986 0.160134
threshold=16.639285714285716 20.009285714285713 -2.0186309523809514 -1.3766666666666665 -0.40013924210021884 1.7160029155867442
decision_type=2 2 2 2 2 2
left_child=-1 3 5 -2 -5 -3
right_child=1 2 -4 4 -6 -7
leaf_value=-0.014169645715403398 0.0034382843608241043 0.0025253149896229637 0.009733020366755149 -0.00097676581403921504 -0.0060749320110480547 0
leaf_weight=23 19.845419645309448 18.485020279884342 28.693120956420898 46 11.999999999999998 10.999999999999998
leaf_count=23 18 17 19 46 12 11
internal_value=-0.000265632 0.00217196 0.00629067 -0.00074453 -0.0026398 0.00167461
internal_weight=159.024 136.024 58.1781 77.8454 58 29.485
internal_count=146 123 47 76 58 28
is_linear=0
shrinkage=0.0168771


Tree=60
num_leaves=7
num_cat=0
split_feature=4 0 12 2 13 12
split_gain=14.085 6.83371 2.81999 1.50796 0.529448 0.285069
threshold=19.350000000000005 15.000000000000002 -0.10864714396718358 0.34000000000000002 0.1125623971878829 1.7160029155867442
decision_type=2 2 2 2 2 2
left_child=1 -1 4 -2 -3 -5
right_child=3 2 -4 5 -6 -7
leaf_value=-0.016221624540488061 0.0083870615985216484 -0.0053487603809860102 0.0021396336447638302 0.0029195850528250999 0 0
leaf_weight=10.999999999999998 25.456387877464294 43 19.256190299987793 38.934212565422058 10.999999999999998 11.999999999999998
leaf_count=11 19 43 18 35 11 12
internal_value=-0.000189183 -0.00499633 -0.00246022 0.00481902 -0.00451998 0.00226198
internal_weight=160.647 84.2562 73.2562 76.3906 54 50.9342
internal_count=149 83 72 66 54 47
is_linear=0
shrinkage=0.0168771


Tree=61
num_leaves=6
num_cat=0
split_feature=2 8 13 10 3
split_gain=14.828 7.50066 2.27259 0.784448 0.714612
threshold=0.24000000000000002 -0.2404891213379978 0.43283673310345328 0.39642857142857141 0.27071428571428585
decision_type=2 2 2 2 2
left_child=-1 3 4 -2 -3
right_child=1 2 -4 -5 -6
leaf_value=-0.010553153976565878 -0.0036784853292518402 0.0013408158361765084 0.00093646786692113152 0 0.0085393576966558329
leaf_weight=26 35 14.243510007858275 33.621655464172363 12.999999999999998 47.256560564041138
leaf_count=26 35 14 33 13 34
internal_value=0.000343433 0.00264758 0.00541113 -0.00238491 0.0073563
internal_weight=169.122 143.122 95.1217 48 61.5001
internal_count=155 129 81 48 48
is_linear=0
shrinkage=0.0168771


Tree=62
num_leaves=7
num_cat=0
split_feature=2 8 5 1 2 14
split_gain=13.4659 5.77105 1.16013 1.34215 0.428592 0.623949
threshold=0.23500000000000001 -0.2404891213379978 17.022857142857148 -6.7692857142857141 0.43928571428571433 19.123571428571438
decision_type=2 2 2 2 2 2
left_child=-1 4 -3 -4 5 -2
right_child=1 2 3 -5 -6 -7
leaf_value=-0.013389448514515446 -0.004253842481470759 0 0 0.0064690795808784556 0 0
leaf_weight=17 32 13.999999999999998 18.210827708244324 52.050718426704407 12.999999999999998 17
leaf_count=17 32 14 18 41 13 17
internal_value=-0.000249356 0.00135941 0.00426735 0.00511958 -0.00226145 -0.00295742
internal_weight=163.262 146.262 84.2615 70.2615 62 49
internal_count=152 135 73 59 62 49
is_linear=0
shrinkage=0.0168771


Tree=63
num_leaves=7
num_cat=0
split_feature=3 1 0 1 5 10
split_gain=11.3511 5.63359 1.8345 1.60732 1.07635 0.672943
threshold=0.25214285714285717 7.6604761904761913 15.000000000000002 -8.5336904761904737 19.020000000000003 0.39642857142857141
decision_type=2 2 2 2 2 2
left_child=2 3 -1 -2 -5 -3
right_child=1 5 -4 4 -6 -7
leaf_value=-0.014614078336899939 0 -0.0030481444909247275 -0.0031229022126438347 0.00076553000266697422 0.0077458839376321025 8.0481055842852793e-05
leaf_weight=10.000000000000002 18 34 19 16.697837233543396 46.969490170478821 14.999999999999998
leaf_count=10 18 34 19 16 36 15
internal_value=0.000136492 0.00242699 -0.00876061 0.00514626 0.00636552 -0.00170783
internal_weight=159.667 130.667 29 81.6673 63.6673 49
internal_count=148 119 29 70 52 49
is_linear=0
shrinkage=0.0168771


Tree=64
num_leaves=7
num_cat=0
split_feature=6 8 12 13 10 10
split_gain=7.95632 5.45089 2.70719 1.57883 0.531396 0.171468
threshold=17.328571428571433 -0.2404891213379978 0.23086695599236665 0.5005243222464576 0.40214285714285719 0.39071428571428574
decision_type=2 2 2 2 2 2
left_child=2 4 -1 5 -2 -3
right_child=1 3 -4 -5 -6 -7
leaf_value=-0.009322848729636582 -0.0026922883094890621 0.0083939907187819251 0 0.00096019239665486446 0.00010970951568890234 0.0021308602901299991
leaf_weight=23 36 34.312721967697144 10.229806065559385 28.821655511856079 10.999999999999998 15.381598114967344
leaf_count=23 36 25 10 28 11 14
internal_value=0.000431363 0.00251918 -0.00640173 0.00524106 -0.00161926 0.00710699
internal_weight=158.746 125.516 33.2298 78.516 47 49.6943
internal_count=147 114 33 67 47 39
is_linear=0
shrinkage=0.0168771


Tree=65
num_leaves=7
num_cat=0
split_feature=2 1 1 13 12 13
split_gain=10.7941 3.53279 0.767498 0.293482 0.399852 0.260285
threshold=0.23500000000000001 4.444880952380954 -7.4417261904761896 0.14477302502472325 -0.92659489597593026 0.70468459012252971
decision_type=2 2 2 2 2 2
left_child=-1 2 -2 4 -3 -4
right_child=1 3 5 -5 -6 -7
leaf_value=-0.01152747803770089 0 0 0.005046242113305034 0 -0.0036684234218644285 0
leaf_weight=20 20 13.999999999999995 43.579143285751343 12.999999999999998 29.000000000000004 12.200000047683714
leaf_count=20 20 14 36 13 29 12
internal_value=-0.000751396 0.0009317 0.00336524 -0.00198441 -0.00262173 0.00434838
internal_weight=151.779 131.779 75.7791 56 43 55.7791
internal_count=144 124 68 56 43 48
is_linear=0
shrinkage=0.0168771


Tree=66
num_leaves=7
num_cat=0
split_feature=7 7 8 10 13 10
split_gain=9.02449 3.98319 1.74826 1.01011 0.845272 0.537745
threshold=16.425000000000001 19.45571428571429 0.85578456609731657 0.39642857142857141 0.38875765553607372 0.36214285714285727
decision_type=2 2 2 2 2 2
left_child=-1 2 3 -2 5 -3
right_child=1 4 -4 -5 -6 -7
leaf_value=-0.010240184536383277 -0.0033918639167579909 0.0091030286343797735 0.0032224988158993913 0.0010013078788510385 0.0012464762310978978 0.002074934622999776
leaf_weight=17 47 19.509557723999023 18.441161513328552 9.9999999999999982 27.621655464172363 18.35975193977356
leaf_count=17 47 13 17 10 27 16
internal_value=0.000246744 0.00184944 -0.00054516 -0.00223575 0.00484128 0.00663716
internal_weight=157.932 140.932 75.4412 57 65.491 37.8693
internal_count=147 130 74 57 56 29
is_linear=0
shrinkage=0.0168771


Tree=67
num_leaves=6
num_cat=0
split_feature=2 1 13 10 13
split_gain=15.4951 5.81965 1.67352 0.662495 0.488781
threshold=0.23500000000000001 6.9446428571428589 0.47024268206659275 0.39642857142857141 -0.62937914797777783
decision_type=2 2 2 2 2
left_child=-1 2 4 -3 -2
right_child=1 3 -4 -5 -6
leaf_value=-0.013278103946456602 0.001350215312708829 -0.0032381087593899337 0.00056610829853082816 0 0.0077253247224819402
leaf_weight=19 15.561202049255369 38 30.41082775592804 14.999999999999998 39.623722791671753
leaf_count=19 14 38 30 15 30
internal_value=0 0.00197115 0.00471438 -0.00207308 0.00647143
internal_weight=157.596 138.596 85.5958 53 55.1849
internal_count=146 127 74 53 44
is_linear=0
shrinkage=0.0168771


Tree=68
num_leaves=8
num_cat=0
split_feature=4 3 8 1 10 12 10
split_gain=10.5176 4.47875 4.03105 1.24872 0.778324 0.489191 0.286858
threshold=17.354285714285719 0.24357142857142858 -0.2404891213379978 -8.5336904761904737 0.41071428571428575 -0.10864714396718358 0.41071428571428575
decision_type=2 2 2 2 2 2 2
left_child=1 -1 4 -4 -2 -3 -5
right_child=2 5 3 6 -6 -7 -8
leaf_value=-0.013581457373986033 -0.002466575480792385 -0.0034368153468553762 0 0.0065512142800417681 0.0016054319914042652 0.00028862960064819865 0.0011521898989538535
leaf_weight=17 41 10.000000000000002 15.999999999999998 45.220423936843872 9.9999999999999982 10.203725099563597 16.327150821685791
leaf_count=17 41 10 16 36 10 10 15
internal_value=-6.77389e-05 -0.00775379 0.00210879 0.00453395 -0.00120871 -0.000786424 0.00558361
internal_weight=165.751 37.2037 128.548 77.5476 51 20.2037 61.5476
internal_count=155 37 118 67 51 20 51
is_linear=0
shrinkage=0.0168771


Tree=69
num_leaves=6
num_cat=0
split_feature=0 1 12 10 5
split_gain=9.64091 3.4268 1.79078 0.483348 0.123192
threshold=22.500000000000004 6.9446428571428589 0.31254311650991445 0.39642857142857141 18.735000000000003
decision_type=2 2 2 2 2
left_child=-1 2 -2 -3 -4
right_child=1 3 4 -5 -6
leaf_value=-0.011317774335289138 0.0067018606632987358 -0.0024991836715337729 0 7.0032034245712382e-05 0.0013871693429659592
leaf_weight=16.203725099563599 33.127138137817383 40 11.999999999999998 10.999999999999998 33.032483220100403
leaf_count=16 24 40 12 11 32
internal_value=0 0.00150001 0.00375445 -0.0015554 0.000843097
internal_weight=145.363 129.16 78.1596 51 45.0325
internal_count=135 119 68 51 44
is_linear=0
shrinkage=0.0168771


Tree=70
num_leaves=7
num_cat=0
split_feature=9 1 1 14 5 9
split_gain=9.85629 2.86728 1.0329 0.794812 0.616591 0.144371
threshold=17.073571428571434 8.8317857142857168 -7.4417261904761896 16.639285714285716 19.020000000000003 18.140714285714289
decision_type=2 2 2 2 2 2
left_child=3 2 -2 -1 -4 -3
right_child=1 5 4 -5 -6 -7
leaf_value=-0.010574128797360853 0 0 0.00069671967091378356 -0.0010109512330754632 0.0063777494301577465 -0.0015630529410664642
leaf_weight=19.000000000000004 19 10.999999999999998 18.112390041351318 9.9999999999999982 41.458229064941406 31
leaf_count=19 19 11 17 10 32 31
internal_value=0 0.00214904 0.00406317 -0.00837242 0.00512229 -0.000963964
internal_weight=149.571 120.571 78.5706 29 59.5706 42
internal_count=139 110 68 29 49 42
is_linear=0
shrinkage=0.0168771


Tree=71
num_leaves=5
num_cat=0
split_feature=10 1 1 10
split_gain=10.1964 4.02 0.875371 0.608703
threshold=0.24071428571428574 6.9446428571428589 -8.5336904761904737 0.39214285714285718
decision_type=2 2 2 2
left_child=-1 2 -2 -3
right_child=1 3 -4 -5
leaf_value=-0.0092462314598210863 0 -0.0026006798652275435 0.0053248930022920127 0.0005572662885686804
leaf_weight=22.260282278060913 14.999999999999998 32 71.528035879135132 14.999999999999998
leaf_count=22 15 32 59 15
internal_value=0.000453833 0.0023982 0.00456197 -0.00117001
internal_weight=155.788 133.528 86.528 47
internal_count=143 121 74 47
is_linear=0
shrinkage=0.0168771


Tree=72
num_leaves=7
num_cat=0
split_feature=3 1 13 13 14 13
split_gain=11.0358 5.07547 1.21306 0.487174 0.700628 0.202457
threshold=0.24357142857142858 6.9446428571428589 0.5005243222464576 0.1125623971878829 19.123571428571438 -0.62937914797777783
decision_type=2 2 2 2 2 2
left_child=-1 2 5 4 -3 -2
right_child=1 3 -4 -5 -6 -7
leaf_value=-0.010987957750914004 0.00071663282686835366 -0.004949378043486192 0.00053254955938544324 0 0 0.0066546293530244504
leaf_weight=22 12.126177310943602 25 32.610827803611755 15.999999999999998 14.999999999999998 34.843903541564941
leaf_count=22 11 25 32 16 15 27
internal_value=-0.000564654 0.00116046 0.00394935 -0.00242158 -0.00335915 0.00570247
internal_weight=157.581 135.581 79.5809 56 40 46.9701
internal_count=148 126 70 56 40 38
is_linear=0
shrinkage=0.0168771


Tree=73
num_leaves=7
num_cat=0
split_feature=0 1 10 10 5 14
split_gain=12.1822 5.90202 1.02847 0.801313 1.11083 0.361572
threshold=21.500000000000004 6.9446428571428589 0.39642857142857141 0.42428571428571432 17.022857142857148 19.123571428571438
decision_type=2 2 2 2 2 2
left_child=-1 3 5 4 -2 -3
right_child=1 2 -4 -5 -6 -7
leaf_value=-0.012540240082255306 0 -0.0048034719713335146 0.0003865136616277405 0 0.0061275768622928153 0
leaf_weight=17 12.999999999999998 28 13.999999999999998 12.240898251533507 56.862849831581116 14.999999999999998
leaf_count=17 13 28 14 12 46 15
internal_value=-5.04644e-05 0.00154411 -0.00231067 0.00447143 0.00514711 -0.00364587
internal_weight=156.104 139.104 57 82.1037 69.8628 43
internal_count=145 128 57 71 59 43
is_linear=0
shrinkage=0.0168771


Tree=74
num_leaves=7
num_cat=0
split_feature=14 1 5 1 3 13
split_gain=12.8339 4.90269 1.56214 1.21099 0.247275 0.219876
threshold=16.887857142857147 7.6604761904761913 18.050000000000001 -8.5336904761904737 0.39357142857142852 1.0000000180025095e-35
decision_type=2 2 2 2 2 2
left_child=-1 2 -2 -4 5 -3
right_child=1 4 3 -5 -6 -7
leaf_value=-0.010912394445696878 0 -0.003612734107506579 0 0.0064098576887744634 0 0
leaf_weight=21 14.23822510242462 17.000000000000004 14.999999999999998 67.584249496459961 20 12.999999999999998
leaf_count=21 14 17 15 53 20 13
internal_value=0.000413757 0.00236433 0.00459587 0.00546294 -0.00154838 -0.00244829
internal_weight=167.822 146.822 96.8225 82.5842 50 30
internal_count=153 132 82 68 50 30
is_linear=0
shrinkage=0.0168771


Tree=75
num_leaves=7
num_cat=0
split_feature=14 1 0 5 1 10
split_gain=10.4995 4.42567 1.77479 1.66399 1.69129 0.258751
threshold=16.639285714285716 7.6604761904761913 21.500000000000004 17.262142857142859 -8.5336904761904737 0.39642857142857141
decision_type=2 2 2 2 2 2
left_child=2 3 -1 -2 -5 -3
right_child=1 5 -4 4 -6 -7
leaf_value=-0.013922844583181422 -0.00014463084480832031 -0.0023082338144168146 -0.0017199681637869813 0 0.0063297520442482328 0
leaf_weight=12.000000000000002 11.203725099563597 38 11.999999999999998 15.999999999999998 62.798346638679504 12.999999999999998
leaf_count=12 11 38 12 16 50 13
internal_value=3.59079e-05 0.00197457 -0.00950136 0.00424889 0.0051308 -0.00163592
internal_weight=165.002 141.002 24 90.0021 78.7983 51
internal_count=152 128 24 77 66 51
is_linear=0
shrinkage=0.0168771


Tree=76
num_leaves=7
num_cat=0
split_feature=9 8 14 10 6 11
split_gain=12.233 4.02296 1.00743 0.975932 0.59292 0.290795
threshold=17.073571428571434 -0.2404891213379978 17.094285714285721 0.42428571428571432 18.048571428571428 19.125000000000004
decision_type=2 2 2 2 2 2
left_child=2 5 -1 4 -3 -2
right_child=1 3 -4 -5 -6 -7
leaf_value=-0.011231940055055083 0 0.00017652269438958378 -0.0010929783225123561 0 0.0062641295577508787 -0.0024509956651778192
leaf_weight=21.000000000000004 21 13.68941819667816 9.9999999999999982 11.240898251533507 54.637953400611877 23
leaf_count=21 21 13 10 11 43 23
internal_value=0 0.00241706 -0.00899735 0.00468699 0.00541627 -0.00124612
internal_weight=154.568 123.568 31 79.5683 68.3274 44
internal_count=142 111 31 67 56 44
is_linear=0
shrinkage=0.0168771


Tree=77
num_leaves=9
num_cat=0
split_feature=9 1 13 13 11 11 10 10
split_gain=9.72499 3.20244 2.07799 1.7979 0.429301 0.181731 0.163329 0.135151
threshold=17.073571428571434 8.2488095238095234 0.43283673310345328 -0.14276476449826928 19.125000000000004 19.699999999999999 0.38785714285714284 0.35500000000000015
decision_type=2 2 2 2 2 2 2 2
left_child=3 2 6 -1 -3 -6 -2 -4
right_child=1 4 7 -5 5 -7 -8 -9
leaf_value=-0.00023068298201480515 0.0071223214966375792 0.00033831566270845365 -0.00021777303677267799 -0.010250173729906373 -0.0033488868261628696 0 0.0010109107957279896 0.0012834560602366098
leaf_weight=12.999999999999998 44.42506217956543 15.999999999999998 11.000000000000002 20 15.000000000000002 9.9999999999999982 11.838488817214964 20.41082775592804
leaf_count=13 33 16 11 20 15 10 10 20
internal_value=0.000363906 0.00260875 0.00443109 -0.00726636 -0.000813116 -0.00231151 0.00632836 0.000130772
internal_weight=161.674 128.674 87.6744 33 41 25 56.2636 31.4108
internal_count=148 115 74 33 41 25 43 31
is_linear=0
shrinkage=0.0168771


Tree=78
num_leaves=9
num_cat=0
split_feature=7 3 13 10 12 11 12 12
split_gain=8.51285 2.79699 2.06053 1.41015 0.698259 0.304454 0.134136 0.150336
threshold=19.347857142857148 0.26428571428571429 -0.11370022061511657 0.32500000000000001 -0.65772587060928334 17.661428571428576 -0.24757775557892661 1.7160029155867442
decision_type=2 2 2 2 2 2 2 2
left_child=1 2 -1 -2 5 -3 -5 -8
right_child=3 4 -4 6 -6 -7 7 -9
leaf_value=-0.0012762916215504718 0.0077023336927530238 0 -0.011842339790457191 0 0.00082776902425019366 -0.0038676255271408448 0.0025529442742029821 0
leaf_weight=15.999999999999998 19.839799761772156 10.000000000000002 15.999999999999998 11.229806065559385 20.433531165122986 17 32.61167299747467 9.9999999999999982
leaf_count=16 14 10 16 11 20 17 29 10
internal_value=-0.000116526 -0.00401596 -0.00774898 0.00378751 -0.000749497 -0.00265692 0.00162849 0.00203601
internal_weight=153.115 79.4335 32 73.6813 47.4335 27 53.8415 42.6117
internal_count=143 79 32 64 47 27 50 39
is_linear=0
shrinkage=0.0168771


Tree=79
num_leaves=7
num_cat=0
split_feature=3 8 13 13 3 1
split_gain=12.1037 4.17749 2.18058 0.422176 0.524483 0.286423
threshold=0.24357142857142858 -0.12485255663687851 -0.12532396311615865 0.1125623971878829 0.38928571428571429 -5.6851785714285699
decision_type=2 2 2 2 2 2
left_child=-1 3 -3 4 -2 -4
right_child=1 2 5 -5 -6 -7
leaf_value=-0.01141023459597971 -0.0044020656306997703 0.0058926428718440241 0.0012987042173829154 0 0 -0.0013099856924422733
leaf_weight=22 23 49.198311686515808 32.681937694549561 15.999999999999998 23 10.200000047683714
leaf_count=22 23 38 32 16 23 10
internal_value=-0.000396725 0.00121566 0.00353843 -0.00189267 -0.00268557 0.000144796
internal_weight=176.08 154.08 92.0802 62 46 42.8819
internal_count=164 142 80 62 46 42
is_linear=0
shrinkage=0.0168771


Tree=80
num_leaves=10
num_cat=0
split_feature=6 12 8 10 0 10 1 11 10
split_gain=10.953 4.91438 2.81872 1.28539 0.338381 0.322126 0.181121 0.17475 0.129061
threshold=17.328571428571433 0.23086695599236665 -0.15410206433374521 0.32500000000000001 22.500000000000004 0.39642857142857141 -10.023869047619042 17.927142857142858 0.28571428571428581
decision_type=2 2 2 2 2 2 2 2 2
left_child=1 4 5 8 -1 7 -5 -2 -4
right_child=2 -3 3 6 -6 -7 -8 -9 -10
leaf_value=-0.014157942898991025 0 0 0.001851169252871318 0 -0.0036530781423223762 0 0.0018257851867872789 -0.0027094678197170691 0.0083968551785124079
leaf_weight=17.000000000000004 9.9999999999999982 11.229806065559385 14.471637725830076 9.9999999999999982 10.999999999999998 13.999999999999998 37.113390207290649 23 18.097269296646118
leaf_count=17 10 11 13 10 11 14 34 23 12
internal_value=-0.000402955 -0.0079764 0.00189598 0.00384329 -0.0114897 -0.000987927 0.00127904 -0.00197768 0.00651111
internal_weight=165.912 39.2298 126.682 79.6823 28 47 47.1134 33 32.5689
internal_count=155 39 116 69 28 47 44 33 25
is_linear=0
shrinkage=0.0168771


Tree=81
num_leaves=8
num_cat=0
split_feature=9 11 4 1 4 9 10
split_gain=10.3274 2.3326 1.22254 1.06045 0.643784 1.29305 0.267244
threshold=17.073571428571434 20.10071428571429 17.022857142857148 -8.5336904761904737 19.935714285714287 17.452142857142864 0.41428571428571442
decision_type=2 2 2 2 2 2 2
left_child=2 4 -1 -3 5 -2 -5
right_child=1 3 -4 6 -6 -7 -8
leaf_value=-0.011446925955892374 0.0024396232077110503 0 -0.001405635055518092 0.0069173276814340264 0.0025828607093317186 -0.0025746695360278865 0.00096052356166340688
leaf_weight=19.000000000000004 14.211355447769163 14.999999999999998 11.999999999999998 26.872332811355591 14.903795361518858 47 14.13302433490753
leaf_count=19 13 15 12 20 12 47 13
internal_value=-0.000240112 0.00171773 -0.00867585 0.0042472 0 -0.00100294 0.00557467
internal_weight=163.121 132.121 31 56.0054 76.1152 61.2114 41.0054
internal_count=151 120 31 48 72 60 33
is_linear=0
shrinkage=0.0168771


Tree=82
num_leaves=7
num_cat=0
split_feature=2 8 13 2 3 13
split_gain=8.33415 3.10027 0.958489 0.696409 0.342775 0.134015
threshold=0.23500000000000001 -0.2404891213379978 -0.12532396311615865 0.38642857142857145 0.39357142857142852 1.0000000180025095e-35
decision_type=2 2 2 2 2 2
left_child=-1 4 3 -3 5 -2
right_child=1 2 -4 -5 -6 -7
leaf_value=-0.010363111376476698 -0.0030279888772058328 0.0064824620802471653 0.00043197842245670147 5.5159247732842912e-05 0 0
leaf_weight=15.999999999999998 20 35.549808859825134 30.87021541595459 13.975134849548338 25 12.999999999999998
leaf_count=16 20 27 30 12 25 13
internal_value=1.00713e-05 0.00155699 0.00371753 0.00520016 -0.00110435 -0.00218794
internal_weight=154.395 138.395 80.3952 49.5249 58 33
internal_count=143 127 69 39 58 33
is_linear=0
shrinkage=0.0168771


Tree=83
num_leaves=7
num_cat=0
split_feature=2 8 13 10 14 13
split_gain=9.33053 3.75423 1.34394 0.741251 0.39733 0.354395
threshold=0.23500000000000001 -0.15410206433374521 0.47024268206659275 0.39642857142857141 19.093571428571433 -0.72447746283448911
decision_type=2 2 2 2 2 2
left_child=-1 3 5 4 -2 -3
right_child=1 2 -4 -5 -6 -7
leaf_value=-0.011360372352005495 -0.0041066300985112443 1.1669226148163468e-05 6.5597245843526015e-06 0.00044087151800409585 0 0.0058860245963526783
leaf_weight=15.999999999999998 28 11.663337230682371 32.610827803611755 12.999999999999998 17 42.419096112251282
leaf_count=16 28 11 32 13 17 32
internal_value=-8.07912e-05 0.00121431 0.00348268 -0.00181262 -0.00291873 0.00507787
internal_weight=160.693 144.693 86.6933 58 45 54.0824
internal_count=149 133 75 58 45 43
is_linear=0
shrinkage=0.0168771


Tree=84
num_leaves=8
num_cat=0
split_feature=3 0 1 13 13 4 9
split_gain=8.74302 3.33407 2.53024 1.26428 0.342955 0.169699 0.152542
threshold=0.26428571428571429 21.500000000000004 7.6604761904761913 0.5005243222464576 0.14477302502472325 19.913571428571434 16.707857142857147
decision_type=2 2 2 2 2 2 2
left_child=1 -1 3 5 -4 -2 -3
right_child=2 6 4 -5 -6 -7 -8
leaf_value=-0.012372739196120577 0.007327672059296372 -0.0024973916138944945 -0.0021457855571335276 2.0225861742907667e-05 0 0.0022551819536410648 0
leaf_weight=17 21.392932415008545 10.000000000000002 30 29.610827803611755 13.999999999999998 25.984103679656982 11.999999999999998
leaf_count=17 15 10 30 29 14 22 12
internal_value=-0.00037265 -0.00713879 0.00174408 0.00361421 -0.00107153 0.00528335 -0.00122026
internal_weight=159.988 39 120.988 76.9879 44 47.377 22
internal_count=149 39 110 66 44 37 22
is_linear=0
shrinkage=0.0168771


Tree=85
num_leaves=7
num_cat=0
split_feature=2 1 13 10 12 7
split_gain=6.25879 4.03442 1.47768 0.637226 0.343417 0.303528
threshold=0.23500000000000001 6.9446428571428589 0.47024268206659275 0.32500000000000001 -0.92659489597593026 19.401428571428571
decision_type=2 2 2 2 2 2
left_child=-1 2 3 -2 -3 -6
right_child=1 4 -4 -5 5 -7
leaf_value=-0.0086176997033943076 0.0065983070919917834 0 0 0.00054061393832834743 -0.003703666529723339 0
leaf_weight=19 34.352051734924316 11.999999999999998 31.210827708244324 16.459396600723267 31 9.9999999999999982
leaf_count=19 26 12 31 14 31 10
internal_value=-0.000121185 0.00106873 0.00347517 0.00518909 -0.00224152 -0.00293681
internal_weight=154.022 135.022 82.0223 50.8114 53 41
internal_count=143 124 71 40 53 41
is_linear=0
shrinkage=0.0168771


Tree=86
num_leaves=5
num_cat=0
split_feature=2 12 13 10
split_gain=7.9569 2.18376 0.942256 0.178679
threshold=0.23500000000000001 -0.33852347518716536 0.47024268206659275 0.39642857142857141
decision_type=2 2 2 2
left_child=-1 3 -3 -2
right_child=1 2 -4 -5
leaf_value=-0.01062221812500579 -0.0018226463427839909 0.0044210601968409022 0.00011964734236400523 0
leaf_weight=14.999999999999998 35 51.310513496398926 35.621655464172363 11.999999999999998
leaf_count=15 35 42 35 12
internal_value=0 0.00133824 0.00296907 -0.00122628
internal_weight=148.932 133.932 86.9322 47
internal_count=139 124 77 47
is_linear=0
shrinkage=0.0168771


Tree=87
num_leaves=7
num_cat=0
split_feature=4 8 3 10 10 1
split_gain=8.90639 2.31552 2.26364 0.707636 0.228254 0.177476
threshold=17.354285714285719 -0.2404891213379978 0.24357142857142858 0.42428571428571432 0.39642857142857141 2.1495238095238105
decision_type=2 2 2 2 2 2
left_child=2 4 -1 5 -2 -3
right_child=1 3 -4 -5 -6 -7
leaf_value=-0.011704909118287084 -0.0016931241948465235 0.0026530755426811964 -0.0016385262832681006 0 0 0.0072251472504170902
leaf_weight=17 35 56.346876978874207 20.203725099563599 15.240898251533507 9.9999999999999982 13.397150874137877
leaf_count=17 35 49 20 15 10 9
internal_value=-0.00023646 0.00173633 -0.0073133 0.00340071 -0.00095472 0.00409447
internal_weight=167.189 129.985 37.2037 84.9849 45 69.744
internal_count=155 118 37 73 45 58
is_linear=0
shrinkage=0.0168771


Tree=88
num_leaves=7
num_cat=0
split_feature=3 1 0 1 10 10
split_gain=5.64741 2.1828 1.08261 0.816375 0.616639 0.341248
threshold=0.24785714285714289 6.9446428571428589 20.000000000000004 -7.4417261904761896 0.39642857142857141 0.41071428571428575
decision_type=2 2 2 2 2 2
left_child=2 3 -1 -2 -3 -5
right_child=1 4 -4 5 -6 -7
leaf_value=-0.010944267219497874 0 -0.0022341016773891531 -0.0009756719708097696 0.0050830714541744339 0.0010958521256673986 0
leaf_weight=11.000000000000002 22 39 12.243510007858275 41.000725150108337 12.999999999999998 12.881087779998778
leaf_count=11 22 39 12 33 13 12
internal_value=0 0.00134288 -0.00724415 0.00319615 -0.000979397 0.00427393
internal_weight=151.125 127.882 23.2435 75.8818 52 53.8818
internal_count=142 119 23 67 52 45
is_linear=0
shrinkage=0.0168771


Tree=89
num_leaves=7
num_cat=0
split_feature=2 8 13 11 11 2
split_gain=6.88306 2.80593 1.33375 0.228873 0.321516 0.235698
threshold=0.23500000000000001 -0.2404891213379978 0.47024268206659275 19.125000000000004 19.752142857142861 0.36357142857142866
decision_type=2 2 2 2 2 2
left_child=-1 3 -3 5 -5 -2
right_child=1 2 -4 4 -6 -7
leaf_value=-0.0083071234142467025 -0.00093601191559087443 0.0052766422548430614 3.7783116952396913e-06 -0.0030778694964275484 0 0.0017139286939964666
leaf_weight=19 17.000000000000004 55.103306651115417 29.421655416488647 17.000000000000004 10.999999999999998 13.999999999999998
leaf_count=19 17 43 29 17 11 14
internal_value=0.000346734 0.00178797 0.00375894 -0.000717639 -0.00177206 0
internal_weight=162.525 143.525 84.525 59 28 31
internal_count=150 131 72 59 28 31
is_linear=0
shrinkage=0.0168771


Tree=90
num_leaves=7
num_cat=0
split_feature=3 4 1 13 10 10
split_gain=6.94073 2.63186 2.39426 0.954926 0.474188 0.31576
threshold=0.25214285714285717 17.354285714285719 7.6604761904761913 0.5005243222464576 0.39642857142857141 0.32500000000000001
decision_type=2 2 2 2 2 2
left_child=1 -1 3 5 -4 -2
right_child=2 -3 4 -5 -6 -7
leaf_value=-0.0099694799030170204 0.0066091221292494933 0 -0.0019827092821618482 0.00019189895968706216 0.00084446004577597394 0.0016489089881829835
leaf_weight=20.000000000000004 28.938278555870056 11.243510007858275 35 28.821655511856079 14.999999999999998 24.213138937950134
leaf_count=20 22 11 35 28 15 21
internal_value=0 -0.00668795 0.00182472 0.00360686 -0.000711094 0.00495254
internal_weight=163.217 31.2435 131.973 81.9731 50 53.1514
internal_count=152 31 121 71 50 43
is_linear=0
shrinkage=0.0168771


Tree=91
num_leaves=7
num_cat=0
split_feature=3 13 1 13 13 3
split_gain=9.05419 3.54022 2.86969 1.71378 0.170103 0.150822
threshold=0.26428571428571429 -0.131396331252318 7.6604761904761913 0.5005243222464576 -0.48319327629396458 0.38928571428571429
decision_type=2 2 2 2 2 2
left_child=1 -1 3 4 -2 -4
right_child=2 -3 5 -5 -6 -7
leaf_value=0 0.0027925997833872498 -0.010810242826355905 -0.0024308815607092084 0 0.0077609360770500352 0
leaf_weight=14.999999999999998 32.671337366104126 24 18 32.621655464172363 21.071501731872559 24
leaf_count=15 26 24 18 32 15 24
internal_value=-0.000200278 -0.00714018 0.00184917 0.00364423 0.00543531 -0.00133984
internal_weight=167.364 39 128.364 86.3645 53.7428 42
internal_count=154 39 115 73 41 42
is_linear=0
shrinkage=0.0168771


Tree=92
num_leaves=7
num_cat=0
split_feature=9 8 8 8 1 11
split_gain=6.39768 2.10361 0.640205 0.350753 0.211252 0.129009
threshold=17.073571428571434 -0.15410206433374521 -0.090553599655062753 0.28505128958412179 7.3151785714285724 19.125000000000004
decision_type=2 2 2 2 2 2
left_child=4 5 -3 -4 -1 -2
right_child=1 2 3 -5 -6 -7
leaf_value=-0.0080052989279110337 0 0.0076222695267512165 0 0.0030825894074990121 -0.00091540041933571407 -0.001281853393467775
leaf_weight=16.000000000000004 21 15.508131980895994 15.112149238586424 52.149218559265137 10.999999999999998 21
leaf_count=16 21 10 14 46 11 21
internal_value=0.000601815 0.00236586 0.00391205 0.00245609 -0.00623686 -0.000238219
internal_weight=151.769 124.769 82.7695 67.2614 27 42
internal_count=139 112 70 60 27 42
is_linear=0
shrinkage=0.0168771


Tree=93
num_leaves=5
num_cat=0
split_feature=14 1 13 11
split_gain=6.97609 3.34923 1.07021 0.409194
threshold=16.639285714285716 7.6604761904761913 0.38875765553607372 19.125000000000004
decision_type=2 2 2 2
left_child=-1 2 -2 -3
right_child=1 3 -4 -5
leaf_value=-0.0078966654288615806 0.0051842865517196428 0 0.00029052478521186304 -0.0028859181302347916
leaf_weight=23 53.000482678413391 20 30.421655416488647 26
leaf_count=23 41 20 30 26
internal_value=0 0.00167453 0.00372939 -0.00159386
internal_weight=152.422 129.422 83.4221 46
internal_count=140 117 71 46
is_linear=0
shrinkage=0.0168771


Tree=94
num_leaves=8
num_cat=0
split_feature=6 12 8 8 10 10 0
split_gain=5.56081 2.85284 2.21195 0.986066 0.391779 0.369168 0.265371
threshold=17.328571428571433 0.23086695599236665 -0.2404891213379978 -0.090553599655062753 0.39642857142857141 0.42428571428571432 34.500000000000007
decision_type=2 2 2 2 2 2 2
left_child=1 6 4 -4 -2 -5 -1
right_child=2 -3 3 5 -6 -7 -8
leaf_value=-0.011113069492336921 -0.0017454229856917294 0 0.0080642571748883816 0.0027017794797485357 0.00092554506897010475 0 -0.0019199133944842535
leaf_weight=13.000000000000002 36 11.68941819667816 13.016862869262694 54.84071671962738 11.999999999999998 14.240898251533507 9.9999999999999982
leaf_count=13 36 11 8 48 12 14 10
internal_value=0.000117025 -0.00546938 0.00186233 0.00355043 -0.000622613 0.00209648 -0.00864662
internal_weight=164.788 34.6894 130.098 82.0985 48 69.0816 23
internal_count=152 34 118 70 48 62 23
is_linear=0
shrinkage=0.0168771


Tree=95
num_leaves=7
num_cat=0
split_feature=7 0 1 1 1 12
split_gain=3.97427 2.33463 0.780159 0.9223 0.482357 0.1831
threshold=19.270714285714284 21.500000000000004 -7.4417261904761896 9.6451190476190494 1.0000000180025095e-35 -0.92659489597593026
decision_type=2 2 2 2 2 2
left_child=1 -1 -2 -4 -3 -6
right_child=2 4 3 -5 5 -7
leaf_value=-0.007894838784158727 0 0.0016302555893182365 0.0047907389390857624 0 0 -0.0020415175663030774
leaf_weight=15.203725099563597 21 12.459612131118773 47.043812394142151 11.999999999999998 9.9999999999999982 35
leaf_count=15 21 12 37 12 10 35
internal_value=0.00014569 -0.00250338 0.00282419 0.00377704 -0.00039321 -0.00148644
internal_weight=152.707 72.6633 80.0438 59.0438 57.4596 45
internal_count=142 72 70 49 57 45
is_linear=0
shrinkage=0.0168771


Tree=96
num_leaves=8
num_cat=0
split_feature=10 1 13 2 13 11 2
split_gain=6.13209 2.05542 1.3414 0.832505 0.332768 0.242464 0.189577
threshold=0.24071428571428574 6.9446428571428589 0.47024268206659275 0.23500000000000001 -0.72447746283448911 19.125000000000004 0.39857142857142863
decision_type=2 2 2 2 2 2 2
left_child=3 2 4 -1 -2 -3 -7
right_child=1 5 -4 -5 -6 6 -8
leaf_value=-0.0086748812060446559 9.3890884143835792e-05 0 0 0 0.0055295842472423773 0 -0.0029370606892797592
leaf_weight=17.000000000000004 12.901562333106993 23 26.421655416488647 10.260282278060911 47.595381140708923 11.000000000000002 12.999999999999998
leaf_count=17 12 23 26 10 35 11 13
internal_value=0.000262721 0.00190477 0.00344749 -0.00646583 0.0047815 -0.000533822 -0.00175911
internal_weight=161.179 133.919 86.9186 27.2603 60.4969 47 24
internal_count=147 120 73 27 47 47 24
is_linear=0
shrinkage=0.0168771


Tree=97
num_leaves=7
num_cat=0
split_feature=4 2 10 12 3 2
split_gain=4.20206 1.99744 0.808211 0.512217 0.578712 0.231533
threshold=19.350000000000005 0.23500000000000001 0.42428571428571432 -0.65772587060928334 0.39071428571428574 0.38785714285714284
decision_type=2 2 2 2 2 2
left_child=1 -1 5 4 -3 -2
right_child=2 3 -4 -5 -6 -7
leaf_value=-0.0070805419535481216 0.0048623088726894026 -0.0037782856564824554 0 0.00059331549389376754 0 0.0011210632444959463
leaf_weight=17 40.195634126663208 19 15.240898251533507 31.407450199127197 14.999999999999998 29.187639236450195
leaf_count=17 32 19 15 31 15 26
internal_value=0.000244392 -0.00228028 0.00295309 -0.000455685 -0.00200233 0.0037072
internal_weight=167.032 82.4075 84.6242 65.4075 34 69.3833
internal_count=155 82 73 65 34 58
is_linear=0
shrinkage=0.0168771


Tree=98
num_leaves=8
num_cat=0
split_feature=9 13 13 1 10 6 10
split_gain=7.89364 1.83738 1.11536 1.01675 0.818686 0.433276 0.240763
threshold=17.073571428571434 -0.131396331252318 -0.14276476449826928 8.2488095238095234 0.39428571428571429 19.844285714285721 0.36214285714285727
decision_type=2 2 2 2 2 2 2
left_child=2 3 -1 6 5 -3 -2
right_child=1 4 -4 -5 -6 -7 -8
leaf_value=-0.00088050128184917996 0.0058254650493831505 -0.0031137644913129194 -0.010815591972096427 0 0.0016671073052547058 0 0.00017425316158938356
leaf_weight=11.000000000000002 30.200147032737732 26 17 11.999999999999998 25.400000095367432 14.518314838409422 11.863394618034361
leaf_count=11 22 26 17 12 25 14 10
internal_value=-0.000358359 0.0014123 -0.00808869 0.00366669 -0.000187946 -0.00190083 0.00484463
internal_weight=147.982 119.982 28 54.0635 65.9183 40.5183 42.0635
internal_count=137 109 28 44 65 40 32
is_linear=0
shrinkage=0.0168771


Tree=99
num_leaves=6
num_cat=0
split_feature=0 12 13 11 12
split_gain=7.97242 1.79727 0.923276 0.273212 0.315195
threshold=21.500000000000004 -0.15179311963064326 0.47024268206659275 19.752142857142861 -0.92659489597593026
decision_type=2 2 2 2 2
left_child=-1 3 -3 4 -2
right_child=1 2 -4 -5 -6
leaf_value=-0.011007564558486995 0 0.0042036841434000714 0 0 -0.0025264207907186855
leaf_weight=15.999999999999998 12.999999999999998 38.285978674888611 33.41082775592804 17.941408634185791 38
leaf_count=16 13 30 33 17 38
internal_value=-0.00065129 0.000570323 0.00249665 -0.00114101 -0.00178285
internal_weight=156.638 140.638 71.6968 68.9414 51
internal_count=147 131 63 68 51
is_linear=0
shrinkage=0.0168771


Tree=100
num_leaves=7
num_cat=0
split_feature=10 8 13 10 10 14
split_gain=4.23587 2.34322 0.643684 0.384968 0.330609 0.197104
threshold=0.24071428571428574 -0.49539490908916506 0.5005243222464576 0.39642857142857141 0.32500000000000001 19.129285714285714
decision_type=2 2 2 2 2 2
left_child=-1 3 4 5 -3 -2
right_child=1 2 -4 -5 -6 -7
leaf_value=-0.0064618495095827228 -0.0031477526854512545 0.00539955293684147 0 0 0.0010209206916086905 0
leaf_weight=20 22 34.309509634971619 22.610827803611755 11.999999999999998 24.961148500442505 11.999999999999998
leaf_count=20 22 26 22 12 22 12
internal_value=6.96422e-05 0.00138377 0.00314143 -0.00128737 0.00405033 -0.002273
internal_weight=147.881 127.881 81.8815 46 59.2707 34
internal_count=136 116 70 46 48 34
is_linear=0
shrinkage=0.0168771


Tree=101
num_leaves=7
num_cat=0
split_feature=9 11 13 13 1 1
split_gain=6.65191 1.71436 1.24618 0.554938 0.51029 0.26867
threshold=17.073571428571434 20.10071428571429 -0.20664781320310519 -0.131396331252318 -7.4417261904761896 8.2488095238095234
decision_type=2 2 2 2 2 2
left_child=2 3 -1 5 -3 -2
right_child=1 4 -4 -5 -6 -7
leaf_value=0 0.002496678174302683 0 -0.008776339684861998 -0.0013755829460958386 0.0051992040007180756 0
leaf_weight=10.999999999999998 23.132516503334045 15.999999999999998 21 35.258032560348511 35.607465505599976 11.999999999999998
leaf_count=11 19 16 21 35 27 12
internal_value=0 0.00180653 -0.00652618 0 0.00405378 0.00150201
internal_weight=153.998 121.998 32 70.3905 51.6075 35.1325
internal_count=141 109 32 66 43 31
is_linear=0
shrinkage=0.0168771


Tree=102
num_leaves=6
num_cat=0
split_feature=14 9 10 14 3
split_gain=7.87903 2.11669 1.60376 0.551692 0.36844
threshold=16.639285714285716 20.009285714285713 0.36214285714285727 19.508571428571432 0.43642857142857155
decision_type=2 2 2 2 2
left_child=-1 3 -3 4 -2
right_child=1 2 -4 -5 -6
leaf_value=-0.0089939734463781312 -0.0020033720140988824 0.0073184864809133429 0.00078062041155740859 0.0015794173378293479 1.6228706027844384e-05
leaf_weight=22 49.203725099563599 20.603264927864075 38.720285415649414 20.618346214294434 11.999999999999998
leaf_count=22 49 14 36 19 12
internal_value=-0.000115696 0.00126649 0.00364784 -0.000261581 -0.00127502
internal_weight=163.146 141.146 59.3236 81.8221 61.2037
internal_count=152 130 50 80 61
is_linear=0
shrinkage=0.0168771


Tree=103
num_leaves=7
num_cat=0
split_feature=7 9 10 1 10 8
split_gain=6.34827 1.98009 1.23053 0.889726 0.583871 0.125458
threshold=16.425000000000001 20.009285714285713 0.33214285714285724 1.0000000180025095e-35 0.39642857142857141 0.93007357720108264
decision_type=2 2 2 2 2 2
left_child=-1 3 -3 -2 -5 -4
right_child=1 2 5 4 -6 -7
leaf_value=-0.0085254821736282446 0.0022036904221969795 0.0078862622173767917 0.0020732706749937886 -0.0024962084852596634 0.00025491390369724394 0
leaf_weight=19 22.281683444976807 14.126236438751219 21.134507536888123 45 15.999999999999998 19
leaf_count=19 20 8 18 45 16 19
internal_value=0 0.0012383 0.00368635 -0.000167315 -0.00144513 0.00125348
internal_weight=156.542 137.542 54.2607 83.2817 61 40.1345
internal_count=145 126 45 81 61 37
is_linear=0
shrinkage=0.0168771


Tree=104
num_leaves=8
num_cat=0
split_feature=14 8 0 2 8 2 11
split_gain=6.19224 1.73168 0.685372 0.481538 0.212144 0.178473 0.166412
threshold=16.639285714285716 -0.2404891213379978 15.000000000000002 0.34000000000000002 -0.72878154296250564 0.41857142857142859 19.125000000000004
decision_type=2 2 2 2 2 2 2
left_child=2 4 -1 -3 6 -5 -2
right_child=1 3 -4 5 -6 -7 -8
leaf_value=-0.011708349763782678 0.001518764662422013 0.0043806899229409295 -0.0016339448483053941 0 -0.0019066294914802428 0.0022598345214439731 -0.00095119516629930793
leaf_weight=10.000000000000002 11.000000000000002 33.77687931060791 10.999999999999998 32.574901103973389 28 13.090816259384153 13.999999999999998
leaf_count=10 11 27 11 31 28 11 14
internal_value=-0.000181408 0.00107553 -0.00821102 0.00269434 -0.000963949 0.000797561 0
internal_weight=153.443 132.443 21 79.4426 53 45.6657 25
internal_count=143 122 21 69 53 42 25
is_linear=0
shrinkage=0.0168771


Tree=105
num_leaves=8
num_cat=0
split_feature=3 1 10 0 11 3 7
split_gain=5.51107 1.65065 1.04834 0.969084 0.340265 0.212285 0.161186
threshold=0.25214285714285717 7.6604761904761913 0.32500000000000001 22.500000000000004 19.125000000000004 0.39071428571428574 19.270714285714284
decision_type=2 2 2 2 2 2 2
left_child=3 2 -2 -1 -3 -4 -6
right_child=1 4 5 -5 6 -7 -8
leaf_value=-0.0085070765349561372 0.0054928338417412001 0.00028296928704027029 0.0019127476826435294 -0.00029163487737756164 -0.0030883729130346043 0 0
leaf_weight=18.000000000000004 32.551370859146118 22 18.69318675994873 12.999999999999998 13.000000000000002 22.31580913066864 9.9999999999999982
leaf_count=18 25 22 17 13 13 21 10
internal_value=0 0.00165029 0.00321413 -0.00604406 -0.000478231 0.000650528 -0.00202135
internal_weight=149.56 118.56 73.5604 31 45 41.009 23
internal_count=139 108 63 31 45 38 23
is_linear=0
shrinkage=0.0168771


Tree=106
num_leaves=6
num_cat=0
split_feature=3 13 1 2 2
split_gain=5.9907 3.27822 1.38128 1.25653 0.231839
threshold=0.26428571428571429 -0.131396331252318 7.6604761904761913 0.34000000000000002 0.41571428571428576
decision_type=2 2 2 2 2
left_child=1 -1 3 -2 -5
right_child=2 -3 -4 4 -6
leaf_value=0 0.005611751913660157 -0.0089737621091355597 -0.00054657515017227391 0 0.0021135595467555398
leaf_weight=14.999999999999998 30.239514946937561 26 36 30.588688373565674 15.131714463233946
leaf_count=15 23 26 36 29 13
internal_value=-0.000215896 -0.00563553 0.00166627 0.00298068 0.000547512
internal_weight=152.96 41 111.96 75.9599 45.7204
internal_count=142 41 101 65 42
is_linear=0
shrinkage=0.0168771


Tree=107
num_leaves=6
num_cat=0
split_feature=6 0 8 10 5
split_gain=4.73214 2.40983 1.42561 0.636377 0.273934
threshold=17.328571428571433 21.500000000000004 -0.2404891213379978 0.42428571428571432 16.630714285714287
decision_type=2 2 2 2 2
left_child=1 -1 -2 -4 -3
right_child=2 4 3 -5 -6
leaf_value=-0.0096550067972770628 -0.00011436499931162086 -0.0022438049737259027 0.0039390565932444716 0 0.00049501621150227406
leaf_weight=13.999999999999998 40 12.000000000000002 64.5429847240448 11.240898251533507 11.459612131118773
leaf_count=14 40 12 53 11 11
internal_value=0.000138114 -0.00469759 0.00196841 0.00331612 -0.000149082
internal_weight=153.243 37.4596 115.784 75.7839 23.4596
internal_count=141 37 104 64 23
is_linear=0
shrinkage=0.0168771


Tree=108
num_leaves=7
num_cat=0
split_feature=10 8 14 10 11 12
split_gain=4.14963 1.50684 1.46229 0.462304 0.353744 0.263418
threshold=0.26214285714285718 -0.2404891213379978 17.094285714285721 0.42428571428571432 19.125000000000004 1.6386490804808482
decision_type=2 2 2 2 2 2
left_child=2 4 -1 5 -2 -3
right_child=1 3 -4 -5 -6 -7
leaf_value=-0.00730622390884492 0.00031867246654850939 0.0039372288505739898 0 0 -0.0020073528410753543 0
leaf_weight=22 18 54.276014447212219 13.260282278060911 11.240898251533507 26 12.454337716102598
leaf_count=22 18 44 13 11 26 12
internal_value=0 0.00146632 -0.00489164 0.00289913 -0.000617266 0.00341355
internal_weight=157.232 121.971 35.2603 77.9713 44 66.7304
internal_count=146 111 35 67 44 56
is_linear=0
shrinkage=0.0168771


Tree=109
num_leaves=8
num_cat=0
split_feature=0 4 2 3 0 13 3
split_gain=6.85194 1.26944 1.02985 0.547226 0.260674 0.246227 0.233482
threshold=21.500000000000004 19.350000000000005 0.34000000000000002 0.39357142857142852 12.500000000000002 1.0000000180025095e-35 0.39642857142857141
decision_type=2 2 2 2 2 2 2
left_child=4 3 -3 5 -1 -2 -4
right_child=1 2 6 -5 -6 -7 -8
leaf_value=-0.011009702275701427 -0.0020805473620116172 0.0058813108350797118 0.0019492278604467659 0.0018154553962657965 -0.0018543664193050187 0 0
leaf_weight=11.000000000000002 31.203725099563599 23.425488233566284 24.589685320854187 20.847505331039429 10.203725099563597 13.999999999999998 23.910067200660706
leaf_count=11 31 17 22 20 10 14 22
internal_value=0 0.00144498 0.0029601 0 -0.00828999 -0.00126953 0.000859685
internal_weight=159.18 137.976 71.9252 66.0512 21.2037 45.2037 48.4998
internal_count=147 126 61 65 21 45 44
is_linear=0
shrinkage=0.0168771


Tree=110
num_leaves=7
num_cat=0
split_feature=9 8 13 13 5 10
split_gain=5.35448 1.80212 1.06154 0.400773 0.370547 0.269099
threshold=17.073571428571434 -0.2404891213379978 0.5005243222464576 -0.14276476449826928 19.609285714285715 0.39642857142857141
decision_type=2 2 2 2 2 2
left_child=3 5 4 -1 -3 -2
right_child=1 2 -4 -5 -6 -7
leaf_value=-0.00013878507302947883 -0.0015501552682073072 0.0075231642370605957 0 -0.0074335059991405732 0.0022698679730362463 0.00055317852512162173
leaf_weight=10.000000000000002 31 17.449192523956299 27.621655464172363 19 34.101813197135925 12.999999999999998
leaf_count=10 31 12 27 19 28 13
internal_value=0.00015342 0.00185051 0.00337561 -0.00586293 0.00476707 -0.000455106
internal_weight=152.173 123.173 79.1727 29 51.551 44
internal_count=140 111 67 29 40 44
is_linear=0
shrinkage=0.0168771


Tree=111
num_leaves=8
num_cat=0
split_feature=3 0 12 10 5 12 10
split_gain=4.66364 1.89051 1.10427 0.518313 1.40369 0.220117 0.153361
threshold=0.25214285714285717 22.500000000000004 -0.7574675679206847 0.32500000000000001 18.875714285714285 -0.92659489597593026 0.35500000000000015
decision_type=2 2 2 2 2 2 2
left_child=1 -1 5 4 -4 -2 -5
right_child=2 -3 3 6 -6 -7 -8
leaf_value=-0.0093312123499073099 0 0 0 0 0.0067939957421403116 -0.0023312487736528585 0.0011806558368568146
leaf_weight=16.000000000000004 10.000000000000002 10.243510007858275 19.459612131118774 11.421655416488646 19.050581455230713 15.999999999999998 48.471060276031494
leaf_count=16 10 10 19 11 13 16 46
internal_value=0 -0.00616562 0.00131432 0.00220894 0.00385012 -0.00117762 0.000667044
internal_weight=150.646 26.2435 124.403 98.4029 38.5102 26 59.8927
internal_count=141 26 115 89 32 26 57
is_linear=0
shrinkage=0.0168771


Tree=112
num_leaves=6
num_cat=0
split_feature=2 8 2 10 12
split_gain=5.80615 2.06963 0.827981 0.579368 0.132105
threshold=0.23500000000000001 -0.2404891213379978 0.34000000000000002 0.39642857142857141 1.7160029155867442
decision_type=2 2 2 2 2
left_child=-1 3 -3 -2 -4
right_child=1 2 4 -5 -6
leaf_value=-0.0080359326633252653 -0.0023997403064649806 0.004583031220123465 0.0011327287711054637 0.00047013792958940987 0
leaf_weight=21 43 36.131013035774231 41.700495600700378 14.999999999999998 9.9999999999999982
leaf_count=21 43 29 37 15 10
internal_value=-0.000220461 0.000889679 0.00257969 -0.00130252 0.000599309
internal_weight=166.832 145.832 87.8315 58 51.7005
internal_count=155 134 76 58 47
is_linear=0
shrinkage=0.0168771


Tree=113
num_leaves=7
num_cat=0
split_feature=14 1 1 0 1 14
split_gain=3.68098 1.80144 1.2464 0.316719 0.285228 0.142131
threshold=16.639285714285716 7.6604761904761913 2.3971428571428577 21.500000000000004 1.0000000180025095e-35 19.129285714285714
decision_type=2 2 2 2 2 2
left_child=3 2 4 -1 -2 -3
right_child=1 5 -4 -5 -6 -7
leaf_value=-0.0081177003089071605 0.0018401704311227186 -0.0017219835276033992 0.0072870526293386381 -0.00042039388648426205 0 0
leaf_weight=11.000000000000002 64.823337197303772 29 13.782769441604612 9.9999999999999982 12.962830305099486 20
leaf_count=11 59 29 9 10 12 20
internal_value=8.9796e-05 0.0012405 0.00268226 -0.00588771 0.00135484 -0.0010213
internal_weight=161.569 140.569 91.5689 21 77.7862 49
internal_count=150 129 80 21 71 49
is_linear=0
shrinkage=0.0168771


Tree=114
num_leaves=8
num_cat=0
split_feature=14 13 1 13 11 10 10
split_gain=4.51786 1.2925 0.859324 0.788795 0.457388 0.423005 0.417328
threshold=16.639285714285716 -0.131396331252318 7.6604761904761913 0.015732366225303582 19.835714285714289 0.40214285714285719 0.36214285714285727
decision_type=2 2 2 2 2 2 2
left_child=3 2 6 -1 5 -3 -2
right_child=1 4 -4 -5 -6 -7 -8
leaf_value=-0.00019141570608915948 0.0052781544400100711 -0.0025852432587186698 0 -0.0096145724807009513 0.0012697026442441074 0 0
leaf_weight=10.000000000000002 35.127403378486633 25 12.999999999999998 9.9999999999999982 36.908842325210571 10.999999999999998 14.087806105613707
leaf_count=10 25 25 13 10 36 11 12
internal_value=0.000261406 0.00154153 0.0032694 -0.00650498 0 -0.0013031 0.00424852
internal_weight=155.124 135.124 62.2152 20 72.9088 36 49.2152
internal_count=142 122 50 20 72 36 37
is_linear=0
shrinkage=0.0168771


Tree=115
num_leaves=8
num_cat=0
split_feature=10 1 14 1 1 7 7
split_gain=3.78782 1.5587 1.24911 0.855667 0.181803 0.121805 0.124347
threshold=0.26214285714285718 8.2488095238095234 17.094285714285721 2.3971428571428577 -8.5336904761904737 17.895714285714284 19.347857142857148
decision_type=2 2 2 2 2 2 2
left_child=2 3 -1 4 -2 -3 -7
right_child=1 5 -4 -5 -6 6 -8
leaf_value=-0.0071278706017457189 0 0 0 0.0073601476852214283 0.0020241803636325876 -0.0018001200672380347 0
leaf_weight=20 11.999999999999998 9.9999999999999982 15.203725099563597 11.782769441604612 45.879433155059814 23 10.999999999999998
leaf_count=20 12 10 15 7 40 23 11
internal_value=0 0.00152324 -0.00460524 0.00310697 0.00156101 -0.000543567 -0.00114689
internal_weight=148.866 113.662 35.2037 69.6622 57.8794 44 34
internal_count=138 103 35 59 52 44 34
is_linear=0
shrinkage=0.0168771


Tree=116
num_leaves=8
num_cat=0
split_feature=14 0 8 5 10 6 9
split_gain=4.96745 1.8693 1.45795 0.804744 1.12662 0.244395 0.207172
threshold=16.639285714285716 21.500000000000004 -0.2404891213379978 17.262142857142859 0.38785714285714284 18.048571428571428 19.741428571428575
decision_type=2 2 2 2 2 2 2
left_child=1 -1 5 -4 -5 -2 -7
right_child=2 -3 3 4 -6 6 -8
leaf_value=-0.010257466625016627 0.00046399152993882554 0 0 0.0053470513707616022 0.0001500549643326989 -0.0021127830517761598 0
leaf_weight=13.000000000000002 17 12.999999999999998 11.999999999999998 40.048218727111816 29.792425870895386 27 9.9999999999999982
leaf_count=13 17 13 12 30 28 27 10
internal_value=0 -0.00628462 0.00140238 0.00283035 0.00353309 -0.000402033 -0.00136642
internal_weight=161.841 26 135.841 81.8406 69.8406 54 37
internal_count=150 26 124 70 58 54 37
is_linear=0
shrinkage=0.0168771


Tree=117
num_leaves=6
num_cat=0
split_feature=10 13 13 4 13
split_gain=4.81957 1.36325 0.490488 0.426937 0.171975
threshold=0.24071428571428574 -0.31068905962600374 0.06029709723297056 18.664285714285718 0.75155748289774404
decision_type=2 2 2 2 2
left_child=-1 -2 3 -3 -4
right_child=1 2 4 -5 -6
leaf_value=-0.0069877391501916462 0.0034046606574404986 -0.0034011245235698894 0.0014285502383700017 0 0
leaf_weight=22 44.077558040618896 15.999999999999998 41.923197984695435 21.054998159408569 11.200000047683714
leaf_count=22 35 16 41 20 11
internal_value=-3.26804e-05 0.00106785 0 -0.00155937 0.000871057
internal_weight=156.256 134.256 90.1782 37.055 53.1232
internal_count=145 123 88 36 52
is_linear=0
shrinkage=0.0168771


Tree=118
num_leaves=7
num_cat=0
split_feature=5 8 1 4 1 10
split_gain=4.57036 1.56664 0.962222 0.881407 0.305842 0.216921
threshold=16.630714285714287 -0.2404891213379978 2.3971428571428577 17.398571428571433 -7.4417261904761896 0.39642857142857141
decision_type=2 2 2 2 2 2
left_child=3 5 4 -1 -3 -2
right_child=1 2 -4 -5 -6 -7
leaf_value=-0.0082871298700163982 -0.0017361059929644192 0 0.0067378286448686649 0 0.001913781142933398 0
leaf_weight=17.000000000000004 35 22 12.782769441604612 10.999999999999998 59.198347687721252 11.999999999999998
leaf_count=17 35 22 8 11 51 12
internal_value=-7.77443e-07 0.00113446 0.00244436 -0.00600993 0.00129186 -0.00102547
internal_weight=168.981 140.981 93.9811 28 81.1983 47
internal_count=156 128 81 28 73 47
is_linear=0
shrinkage=0.0168771


Tree=119
num_leaves=7
num_cat=0
split_feature=14 1 0 1 8 1
split_gain=4.19239 1.61724 1.05264 0.526172 0.264601 0.249718
threshold=16.639285714285716 7.6604761904761913 21.500000000000004 2.3971428571428577 0.38086898174757761 13.459999999999999
decision_type=2 2 2 2 2 2
left_child=2 3 -1 4 -2 -3
right_child=1 5 -4 -5 -6 -7
leaf_value=-0.009211935074764482 0 0 -9.5831060162151585e-05 0.0063226982215772087 0.002228616139781208 -0.0020178343292741605
leaf_weight=12.000000000000002 20.769086241722107 28 11.999999999999998 12.534209489822386 50.675603866577148 22
leaf_count=12 18 28 12 8 45 22
internal_value=0 0.00129108 -0.00599081 0.0027529 0.00160185 -0.000756905
internal_weight=157.979 133.979 24 83.9789 71.4447 50
internal_count=145 121 24 71 63 50
is_linear=0
shrinkage=0.0168771


Tree=120
num_leaves=6
num_cat=0
split_feature=14 1 13 0 10
split_gain=4.50007 1.52854 1.10772 0.977502 0.250053
threshold=16.639285714285716 7.6604761904761913 0.5005243222464576 12.500000000000002 0.39642857142857141
decision_type=2 2 2 2 2
left_child=3 2 -2 -1 -3
right_child=1 4 -4 -5 -6
leaf_value=-0.0099740524857686967 0.0038565937591141146 -0.0015502005237916258 0 -0.0004963393756585191 0.00021236869553899695
leaf_weight=10.000000000000002 64.301070332527161 37 31.610827803611755 11.999999999999998 11.999999999999998
leaf_count=10 51 37 31 12 12
internal_value=0.000119379 0.0013619 0.00263121 -0.00636704 -0.000699034
internal_weight=166.912 144.912 95.9119 22 49
internal_count=153 131 82 22 49
is_linear=0
shrinkage=0.0168771


Tree=121
num_leaves=6
num_cat=0
split_feature=4 8 8 10 5
split_gain=3.5029 1.34785 0.905439 0.55834 0.152786
threshold=17.354285714285719 -0.040239554482035422 -0.2404891213379978 0.42428571428571432 18.875714285714285
decision_type=2 2 2 2 2
left_child=1 -1 -2 4 -4
right_child=2 -3 3 -5 -6
leaf_value=-0.0071002409677531847 -0.00031682998844612424 0 0 0 0.0033919905634871017
leaf_weight=20.000000000000004 40 10.203725099563597 14.901562333106993 15.240898251533507 56.41411566734314
leaf_count=20 40 10 14 15 46
internal_value=0 -0.00482586 0.00132255 0.00231636 0.00293421
internal_weight=156.76 30.2037 126.557 86.5566 71.3157
internal_count=145 30 115 75 60
is_linear=0
shrinkage=0.0168771


Tree=122
num_leaves=7
num_cat=0
split_feature=3 1 13 13 13 10
split_gain=2.39152 1.20671 0.936876 0.864062 0.499038 0.373828
threshold=0.25214285714285717 7.6604761904761913 0.5005243222464576 -0.060874502873687855 -0.48319327629396458 0.39642857142857141
decision_type=2 2 2 2 2 2
left_child=3 2 4 -1 -2 -3
right_child=1 5 -4 -5 -6 -7
leaf_value=0 0.00068898501889454785 -0.0019542623817095021 0 -0.0063178352650616375 0.0054162284672307909 0.00037251881621063203
leaf_weight=14.000000000000002 26.243453860282898 33 33.621655464172363 17 25.65551483631134 14.999999999999998
leaf_count=14 22 33 33 17 20 15
internal_value=0 0.000985154 0.00223805 -0.00402258 0.00359857 -0.000807133
internal_weight=164.521 133.521 85.5206 31 51.899 48
internal_count=154 123 75 31 42 48
is_linear=0
shrinkage=0.0168771


Tree=123
num_leaves=6
num_cat=0
split_feature=3 0 2 6 2
split_gain=6.15441 1.32308 1.16005 0.822304 0.559187
threshold=0.26428571428571429 21.500000000000004 0.34000000000000002 18.048571428571428 0.47214285714285725
decision_type=2 2 2 2 2
left_child=1 -1 3 -2 -4
right_child=2 -3 4 -5 -6
leaf_value=-0.0087799749492781815 0 -0.00066887357836566683 -0.00013145064244752622 0.0053781366627160387 0.0034958109968205374
leaf_weight=21 13.68941819667816 17 83.440483450889587 26.295469284057617 10.114249706268309
leaf_count=21 13 17 81 19 8
internal_value=-0.000156145 -0.0060054 0.00143675 0.00377289 0.000122081
internal_weight=171.54 38 133.54 39.9849 93.5547
internal_count=159 38 121 32 89
is_linear=0
shrinkage=0.0168771


Tree=124
num_leaves=7
num_cat=0
split_feature=3 1 0 1 3 10
split_gain=4.71438 1.57375 1.43104 0.880637 0.282859 0.174853
threshold=0.26428571428571429 7.6604761904761913 21.500000000000004 2.3971428571428577 0.42999999999999999 0.39642857142857141
decision_type=2 2 2 2 2 2
left_child=2 3 -1 4 -2 -3
right_child=1 5 -4 -5 -6 -7
leaf_value=-0.0078494683413648063 0.0018593738903302959 -0.0014929677279233318 -0.00041642344607971513 0.0066384363726087166 0 0
leaf_weight=22 61.916723608970642 36 21 13.782769441604612 11.421655416488646 10.999999999999998
leaf_count=22 54 36 21 9 11 11
internal_value=-0.00018322 0.00125909 -0.00496451 0.00264222 0.00137216 -0.000860204
internal_weight=177.121 134.121 43 87.1211 73.3384 47
internal_count=164 121 43 74 65 47
is_linear=0
shrinkage=0.0168771


Tree=125
num_leaves=5
num_cat=0
split_feature=0 12 5 1
split_gain=2.94674 1.44924 0.465243 0.514987
threshold=22.500000000000004 -0.65772587060928334 17.022857142857148 -7.4417261904761896
decision_type=2 2 2 2
left_child=-1 -2 -3 -4
right_child=1 2 3 -5
leaf_value=-0.0057931925875072303 -0.0014446142544084291 0 0 0.0032763568458886788
leaf_weight=18.203725099563599 37 12.999999999999998 17 65.955601453781128
leaf_count=18 37 13 17 55
internal_value=0 0.000980353 0.00215717 0.002627
internal_weight=151.159 132.956 95.9556 82.9556
internal_count=140 122 85 72
is_linear=0
shrinkage=0.0168771


Tree=126
num_leaves=5
num_cat=0
split_feature=3 2 0 2
split_gain=2.76887 1.24372 0.594283 0.404965
threshold=0.27071428571428585 0.34000000000000002 21.500000000000004 0.47214285714285725
decision_type=2 2 2 2
left_child=2 -2 -1 -3
right_child=1 3 -4 -5
leaf_value=-0.0064649891876327973 0.0042530268986335868 -4.5240431795882192e-05 -0.0007316775876526992 0.0029940804189722823
leaf_weight=13.999999999999998 29.629470467567444 84.803439021110535 25 10.114249706268309
leaf_count=14 23 82 25 8
internal_value=0 0.00136082 -0.00363109 0.000129028
internal_weight=163.547 124.547 39 94.9177
internal_count=152 113 39 90
is_linear=0
shrinkage=0.0168771


Tree=127
num_leaves=6
num_cat=0
split_feature=2 12 1 11 12
split_gain=3.83558 0.601921 0.204861 0.204018 0.377824
threshold=0.23500000000000001 -0.65772587060928334 -7.4417261904761896 19.336428571428581 -0.92659489597593026
decision_type=2 2 2 2 2
left_child=-1 3 -3 4 -2
right_child=1 2 -4 -5 -6
leaf_value=-0.0070343808285494112 0 0 0.0015206179286081159 0 -0.0031581924963491981
leaf_weight=21 10.999999999999998 15.999999999999998 71.205846905708313 12.847505331039427 20.000000000000004
leaf_count=21 11 16 64 12 20
internal_value=-0.000784016 0.000181458 0.00111994 -0.0011591 -0.00188836
internal_weight=152.053 131.053 87.2058 43.8475 31
internal_count=144 123 80 43 31
is_linear=0
shrinkage=0.0168771


Tree=128
num_leaves=6
num_cat=0
split_feature=14 5 10 0 0
split_gain=4.6319 0.666113 1.2795 0.828342 0.409766
threshold=16.639285714285716 19.020000000000003 0.32500000000000001 64.500000000000014 12.500000000000002
decision_type=2 2 2 2 2
left_child=4 -2 -3 -4 -1
right_child=1 2 3 -5 -6
leaf_value=-0.0090979492176763294 0 0.0052922102693179094 0.0031642050686187194 -0.000375866232420421 -0.001249431268447444
leaf_weight=11.000000000000002 38.900245904922485 25.462989807128906 21.821655511856079 47.510224103927612 12.999999999999998
leaf_count=11 38 17 21 45 13
internal_value=0 0.00137812 0.0021441 0.000510746 -0.0062753
internal_weight=157.695 133.695 94.7949 69.3319 24
internal_count=145 121 83 66 24
is_linear=0
shrinkage=0.0168771


Tree=129
num_leaves=6
num_cat=0
split_feature=9 8 1 13 11
split_gain=4.56846 1.12108 0.450461 0.314777 0.121433
threshold=17.175714285714289 -0.2404891213379978 -8.5336904761904737 0.70468459012252971 19.125000000000004
decision_type=2 2 2 2 2
left_child=-1 4 -3 -4 -2
right_child=1 2 3 -5 -6
leaf_value=-0.0054247979338756629 0 0 0.0036071979482049221 0 -0.001293700823845128
leaf_weight=33 15.999999999999998 14.999999999999998 56.353426933288574 13.40000009536743 24
leaf_count=33 16 15 44 13 24
internal_value=0 0.00138346 0.00251205 0.00306246 -0.000493642
internal_weight=157.753 124.753 84.7534 69.7534 40
internal_count=145 112 72 57 40
is_linear=0
shrinkage=0.0168771


Tree=130
num_leaves=5
num_cat=0
split_feature=7 1 5 13
split_gain=2.9949 0.887595 0.666703 0.400587
threshold=16.425000000000001 13.643511904761906 16.630714285714287 0.5005243222464576
decision_type=2 2 2 2
left_child=-1 2 -2 -4
right_child=1 -3 3 -5
leaf_value=-0.0062287334648117561 -0.00078385298650543455 -0.0020813262961858125 0.0026983768455250902 0
leaf_weight=17 17 18 70.481249809265137 31.621655464172363
leaf_count=17 17 18 61 31
internal_value=0 0.000757893 0.00141018 0.00200057
internal_weight=154.103 137.103 119.103 102.103
internal_count=144 127 109 92
is_linear=0
shrinkage=0.0168771


Tree=131
num_leaves=6
num_cat=0
split_feature=7 2 11 13 2
split_gain=2.40917 0.948819 0.510337 0.638319 0.188465
threshold=16.425000000000001 0.47214285714285725 19.835714285714289 -0.131396331252318 0.38785714285714284
decision_type=2 2 2 2 2
left_child=-1 2 3 -2 -4
right_child=1 -3 4 -5 -6
leaf_value=-0.0056884423780401965 0.00057939618694320054 0.0047829096908002322 0.002421901007514033 -0.0022090002796755319 0
leaf_weight=15.999999999999998 31.193859696388245 12.114249706268309 25.086937785148621 39.258032560348511 33.522625327110291
leaf_count=16 29 10 21 39 32
internal_value=0 0.000717466 6.8797e-05 -0.000694853 0.00134056
internal_weight=157.176 141.176 129.061 70.4519 58.6096
internal_count=147 131 121 68 53
is_linear=0
shrinkage=0.0168771


Tree=132
num_leaves=7
num_cat=0
split_feature=14 0 11 10 11 12
split_gain=2.7359 0.899457 0.452858 0.277989 0.185265 0.252455
threshold=16.639285714285716 21.500000000000004 20.240000000000009 0.33214285714285724 19.125000000000004 -0.42402811987059447
decision_type=2 2 2 2 2 2
left_child=1 -1 4 -4 -2 -6
right_child=2 -3 3 -5 5 -7
leaf_value=-0.0079637583189705388 0.001006599392633409 0 0.0044296790844560443 0.00041752011741895845 -0.0017134837242874302 0.00018337909204222441
leaf_weight=11.000000000000002 44.909192681312561 11.999999999999998 15.155401110649107 29.947243452072144 23 26.844183325767517
leaf_count=11 43 12 10 29 23 24
internal_value=0 -0.00491604 0.00103518 0.00241962 9.4117e-05 -0.000313294
internal_weight=162.856 23 139.856 45.1026 94.7534 49.8442
internal_count=152 23 129 39 90 47
is_linear=0
shrinkage=0.0168771


Tree=133
num_leaves=7
num_cat=0
split_feature=9 8 13 13 10 11
split_gain=3.06655 0.902101 0.506047 0.47437 0.409966 0.283426
threshold=17.073571428571434 -0.2404891213379978 0.70468459012252971 -0.14276476449826928 0.41071428571428575 19.125000000000004
decision_type=2 2 2 2 2 2
left_child=3 5 4 -1 -3 -2
right_child=1 2 -4 -5 -6 -7
leaf_value=0 0 0.0033183881717248126 0 -0.0064238800637555762 0 -0.0019453767866020437
leaf_weight=10.000000000000002 21 51.807369709014893 19.400000095367432 19 12.927150726318358 24
leaf_count=10 21 41 19 19 12 24
internal_value=-9.9605e-05 0.000895295 0.00198116 -0.00490941 0.0026798 -0.000664042
internal_weight=158.135 129.135 84.1345 29 64.7345 45
internal_count=146 117 72 29 53 45
is_linear=0
shrinkage=0.0168771


Tree=134
num_leaves=7
num_cat=0
split_feature=6 1 1 4 5 5
split_gain=4.28625 1.16865 0.798478 0.769874 0.674081 0.303342
threshold=17.720714285714291 1.2562500000000003 13.643511904761906 17.398571428571433 19.487857142857148 19.020000000000003
decision_type=2 2 2 2 2 2
left_child=1 -1 4 -3 5 -2
right_child=2 3 -4 -5 -6 -7
leaf_value=0 0.00030474364008872514 -0.0068526740567674965 -0.00052201359829203342 0 0.00091449201961482597 0.0064491838599489825
leaf_weight=10.229806065559385 12.702232480049135 27 17 9.9999999999999982 60.094539165496826 16.66964864730835
leaf_count=10 12 27 17 10 54 13
internal_value=0 -0.00412346 0.00183493 -0.0054498 0.00252779 0.00475369
internal_weight=153.696 47.2298 106.466 37 89.4664 29.3719
internal_count=143 47 96 37 79 25
is_linear=0
shrinkage=0.0168771


Tree=135
num_leaves=6
num_cat=0
split_feature=7 11 1 6 6
split_gain=3.29548 0.869754 0.587911 0.162035 0.320151
threshold=16.425000000000001 20.10071428571429 -7.4417261904761896 19.125714285714288 16.803571428571434
decision_type=2 2 2 2 2
left_child=-1 3 -3 4 -2
right_child=1 2 -4 -5 -6
leaf_value=-0.0064042842668043066 -0.00068087991962696194 0 0.0040403945256862568 -0.0010469245791987628 0.0015395628649647005
leaf_weight=17 16.459612131118774 15.999999999999998 29.984606146812439 28.897200345993042 36.530522465705872
leaf_count=17 16 16 23 28 35
internal_value=0 0.000965338 0.00274931 0 0.00044931
internal_weight=144.872 127.872 45.9846 81.8873 52.9901
internal_count=135 118 39 79 51
is_linear=0
shrinkage=0.0168771


Tree=136
num_leaves=6
num_cat=0
split_feature=4 1 1 13 11
split_gain=2.58656 1.32755 0.625393 0.399234 0.165952
threshold=16.630714285714287 6.9446428571428589 -8.5336904761904737 -0.01319599311169156 19.125000000000004
decision_type=2 2 2 2 2
left_child=3 2 -2 -1 -3
right_child=1 4 -4 -5 -6
leaf_value=0 0 0 0.0032959235099405031 -0.0067913273845332202 -0.0014566217742669146
leaf_weight=10.000000000000002 17 23 66.844129085540771 10.999999999999998 27
leaf_count=10 17 23 54 11 27
internal_value=0.000239375 0.00126177 0.00258482 -0.00469904 -0.000553345
internal_weight=154.844 133.844 83.8441 21 50
internal_count=142 121 71 21 50
is_linear=0
shrinkage=0.0168771


Tree=137
num_leaves=6
num_cat=0
split_feature=2 9 14 11 11
split_gain=2.10717 0.705715 0.93163 0.196296 0.417548
threshold=0.24000000000000002 20.009285714285713 19.912857142857145 17.661428571428576 19.752142857142861
decision_type=2 2 2 2 2
left_child=-1 3 -3 -2 -5
right_child=1 2 -4 4 -6
leaf_value=-0.0046610443330598883 0.00045203970521627752 0.0049995573996857333 0 -0.0023160989195262025 0.00010529863808512388
leaf_weight=22 26.663337230682373 18.006041526794434 38.850977659225464 29 15.000414490699766
leaf_count=22 26 12 36 29 14
internal_value=-3.85491e-05 0.000673391 0.00207584 -0.000187885 -0.0010575
internal_weight=149.521 127.521 56.857 70.6638 44.0004
internal_count=139 117 48 69 43
is_linear=0
shrinkage=0.0168771


Tree=138
num_leaves=6
num_cat=0
split_feature=3 4 1 13 12
split_gain=1.69041 0.870606 0.680205 0.525345 0.50093
threshold=0.25214285714285717 17.022857142857148 13.167500000000002 0.5005243222464576 -0.7574675679206847
decision_type=2 2 2 2 2
left_child=1 -1 3 4 -2
right_child=2 -3 -4 -5 -6
leaf_value=-0.0053949899538388137 0 0 -0.0010919285276238366 0 0.0031173673733112372
leaf_weight=18.000000000000004 19 10.243510007858275 22 28.200000047683716 56.469492197036743
leaf_count=18 19 10 22 28 47
internal_value=0 -0.0034027 0.000968982 0.00163457 0.00235416
internal_weight=153.913 28.2435 125.669 103.669 75.4695
internal_count=144 28 116 94 66
is_linear=0
shrinkage=0.0168771


Tree=139
num_leaves=6
num_cat=0
split_feature=9 1 11 1 13
split_gain=2.37828 0.468444 0.384597 0.249701 0.166111
threshold=17.175714285714289 13.643511904761906 16.42428571428572 -8.5336904761904737 0.75155748289774404
decision_type=2 2 2 2 2
left_child=2 3 -1 -2 -5
right_child=1 -3 -4 4 -6
leaf_value=0 0 -0.00096226263641226086 -0.0052628510018604422 0.0020126589075272886 0
leaf_weight=11.999999999999998 17 17 22 78.866580128669739 11.40000009536743
leaf_count=12 17 17 22 70 11
internal_value=-7.70322e-05 0.000877141 -0.00396563 0.00138987 0.00174569
internal_weight=158.267 124.267 34 107.267 90.2666
internal_count=149 115 34 98 81
is_linear=0
shrinkage=0.0168771


Tree=140
num_leaves=7
num_cat=0
split_feature=6 0 1 1 1 6
split_gain=2.69241 1.47416 1.05761 0.397611 0.282428 0.132288
threshold=17.328571428571433 21.500000000000004 6.9446428571428589 -7.4417261904761896 7.6604761904761913 18.863571428571429
decision_type=2 2 2 2 2 2
left_child=1 -1 3 -2 -3 -4
right_child=2 4 5 -5 -6 -7
leaf_value=-0.0079614612819877834 0 0 0 0.0027003560912508225 -0.0024165975883997329 -0.0016059160463196198
leaf_weight=14.999999999999998 20 14.459612131118776 15.999999999999998 57.266841292381287 11.999999999999998 29
leaf_count=15 20 14 16 46 12 29
internal_value=-0.000382232 -0.00403448 0.000742231 0.00201509 -0.000475987 -0.000965076
internal_weight=163.726 41.4596 122.267 77.2668 26.4596 45
internal_count=152 41 111 66 26 45
is_linear=0
shrinkage=0.0168771


Tree=141
num_leaves=6
num_cat=0
split_feature=5 1 14 1 5
split_gain=2.03172 1.00956 0.58684 0.503998 0.442069
threshold=17.877142857142861 1.0000000180025095e-35 17.720714285714291 12.266071428571433 19.487857142857148
decision_type=2 2 2 2 2
left_child=1 -1 -3 4 -2
right_child=3 2 -4 -5 -6
leaf_value=0 0.0039478224110952326 -0.0055650279899702075 0 -0.00037436225929288739 0.00051807024861799807
leaf_weight=10.203725099563597 21.95243227481842 26 10.999999999999998 22 58.787556529045105
leaf_count=10 18 26 11 22 53
internal_value=-3.53247e-05 -0.00296554 -0.00427164 0.00114344 0.00182363
internal_weight=149.944 47.2037 37 102.74 80.74
internal_count=140 47 37 93 71
is_linear=0
shrinkage=0.0168771


Tree=142
num_leaves=5
num_cat=0
split_feature=2 8 2 11
split_gain=1.81738 0.924296 0.363981 0.186664
threshold=0.23500000000000001 -0.2404891213379978 0.34000000000000002 19.125000000000004
decision_type=2 2 2 2
left_child=-1 3 -3 -2
right_child=1 2 -4 -5
leaf_value=-0.0042616077374295876 0 0.003282386542009989 0.00039365965477208657 -0.0016042583494936321
leaf_weight=20 26 37.821068286895752 50.708646297454834 26
leaf_count=20 26 31 46 26
internal_value=3.60924e-06 0.000841174 0.00193821 -0.000622024
internal_weight=160.53 140.53 88.5297 52
internal_count=149 129 77 52
is_linear=0
shrinkage=0.0168771


Tree=143
num_leaves=6
num_cat=0
split_feature=6 13 8 1 13
split_gain=2.06741 1.3969 0.859397 0.307022 0.365715
threshold=17.328571428571433 -0.14276476449826928 -0.2404891213379978 -8.5336904761904737 -0.53037454792654015
decision_type=2 2 2 2 2
left_child=1 -1 -2 -4 -5
right_child=2 -3 3 4 -6
leaf_value=0 -0.0010989030968804059 -0.0061431813677937366 0 0 0.0032928452907719616
leaf_weight=14.229806065559385 45 24 17 20.620429754257202 33.855424642562866
leaf_count=14 45 24 17 17 28
internal_value=-0.000558167 -0.00387508 0.000410767 0.00166841 0.00226537
internal_weight=154.706 38.2298 116.476 71.4759 54.4759
internal_count=145 38 107 62 45
is_linear=0
shrinkage=0.0168771


Tree=144
num_leaves=5
num_cat=0
split_feature=9 12 11 0
split_gain=3.01014 0.424626 0.197068 0.141028
threshold=17.073571428571434 -0.65772587060928334 19.125000000000004 34.500000000000007
decision_type=2 2 2 2
left_child=3 2 -2 -1
right_child=1 -3 -4 -5
leaf_value=-0.0062714372142611439 0.00016133323185884091 0.0016527087954928028 -0.0018927650478229162 -0.00045482596688495969
leaf_weight=16.000000000000004 10.000000000000002 96.037582159042358 12.999999999999998 11.999999999999998
leaf_count=16 10 85 13 12
internal_value=0 0.00111109 -0.000216904 -0.00478168
internal_weight=147.038 119.038 23 28
internal_count=136 108 23 28
is_linear=0
shrinkage=0.0168771


Tree=145
num_leaves=7
num_cat=0
split_feature=6 1 10 2 2 2
split_gain=2.52114 1.45153 0.746821 0.721437 0.434213 0.232526
threshold=17.328571428571433 1.2562500000000003 0.32500000000000001 0.26928571428571441 0.47214285714285725 0.25285714285714289
decision_type=2 2 2 2 2 2
left_child=1 -1 3 -2 -4 -3
right_child=2 5 4 -5 -6 -7
leaf_value=0 0 -0.0072774620560555111 -0.00029733680024436349 0.0043727664950205577 0.002878748065081605 -0.00035157652741499724
leaf_weight=11.68941819667816 11.999999999999998 16.000000000000004 66.711073994636536 29.126604914665222 11.26674437522888 9.9999999999999982
leaf_count=11 12 16 64 22 10 10
internal_value=0 -0.00359121 0.00126238 0.0030406 0 -0.00569295
internal_weight=156.794 37.6894 119.104 41.1266 77.9778 26
internal_count=145 37 108 34 74 26
is_linear=0
shrinkage=0.0168771


Tree=146
num_leaves=7
num_cat=0
split_feature=5 0 12 13 13 10
split_gain=1.45496 1.10277 0.627286 0.558735 0.428254 0.303676
threshold=16.630714285714287 42.500000000000007 -0.39182605381522845 0.33996850587836996 -0.53037454792654015 0.39642857142857141
decision_type=2 2 2 2 2 2
left_child=1 -1 5 4 -4 -2
right_child=2 -3 3 -5 -6 -7
leaf_value=-0.005427846172578495 -0.001667852509855308 0 0 0 0.0042145454431386353 0.00081971385666301333
leaf_weight=17.000000000000004 25 9.9999999999999982 22.552848696708679 32.400000095367432 31.017667651176453 13.999999999999998
leaf_count=17 25 10 18 32 24 14
internal_value=0.00015272 -0.00301874 0.0010664 0.00190211 0.00291734 -0.000245121
internal_weight=151.971 27 124.971 85.9705 53.5705 39
internal_count=140 27 113 74 42 39
is_linear=0
shrinkage=0.0168771


Tree=147
num_leaves=7
num_cat=0
split_feature=14 1 2 0 3 10
split_gain=1.48313 0.665879 0.873658 0.646503 0.540409 0.344503
threshold=16.639285714285716 7.6604761904761913 0.34000000000000002 21.500000000000004 0.27071428571428585 0.39642857142857141
decision_type=2 2 2 2 2 2
left_child=3 2 4 -1 -2 -3
right_child=1 5 -4 -5 -6 -7
leaf_value=-0.005703228204695431 0 -0.0015638155270352525 0 0 0.004716541173546647 0.0010659062432464585
leaf_weight=12.000000000000002 12.243510007858275 33 54.503481507301331 9.9999999999999982 29.050633311271667 11.999999999999998
leaf_count=12 12 33 50 10 21 12
internal_value=0.000151916 0.000933729 0.0017673 -0.00347569 0.00355007 -0.000372496
internal_weight=162.798 140.798 95.7976 22 41.2941 45
internal_count=150 128 83 22 33 45
is_linear=0
shrinkage=0.0168771


Tree=148
num_leaves=6
num_cat=0
split_feature=3 0 10 6 0
split_gain=3.68757 1.55141 0.354189 0.856461 0.153377
threshold=0.26428571428571429 21.500000000000004 0.36214285714285727 17.720714285714291 61.500000000000007
decision_type=2 2 2 2 2
left_child=1 -1 3 -2 -4
right_child=2 -3 4 -5 -6
leaf_value=-0.0073989984979264609 0 0 0.001654462014033365 0.003768175184238394 0
leaf_weight=18 19.689418196678162 18 14.200000047683714 45.850214838981628 45.059255480766296
leaf_count=18 19 18 14 36 43
internal_value=0.000145495 -0.00425056 0.0016572 0.00255956 0.000225429
internal_weight=160.799 36 124.799 65.5396 59.2593
internal_count=148 36 112 55 57
is_linear=0
shrinkage=0.0168771


Tree=149
num_leaves=6
num_cat=0
split_feature=6 0 1 1 5
split_gain=1.94642 0.797507 0.516591 0.497978 0.409126
threshold=17.328571428571433 21.500000000000004 13.643511904761906 -7.4417261904761896 18.875714285714285
decision_type=2 2 2 2 2
left_child=1 -1 3 -2 -5
right_child=2 -3 -4 4 -6
leaf_value=-0.0061488387720028447 0 -2.4948946323486724e-05 -0.00084146362218653339 0 0.0029142035306555167
leaf_weight=13.999999999999998 25 22.229806065559387 17 20.414552807807922 59.900280237197876
leaf_count=14 25 22 17 20 49
internal_value=0 -0.0032457 0.00106501 0.00159426 0.00223816
internal_weight=158.545 36.2298 122.315 105.315 80.3148
internal_count=147 36 111 94 69
is_linear=0
shrinkage=0.0168771


Tree=150
num_leaves=6
num_cat=0
split_feature=7 13 12 7 12
split_gain=1.77312 0.682749 0.284792 0.283803 0.183827
threshold=16.425000000000001 -0.12532396311615865 -0.39182605381522845 19.172857142857151 -0.52557568890707829
decision_type=2 2 2 2 2
left_child=-1 2 -2 4 -3
right_child=1 3 -4 -5 -6
leaf_value=-0.0043842009900097586 0 0 0.0028813054363141474 0.0006195773696866184 -0.0023286361868427034
leaf_weight=18 15.999999999999998 13.999999999999998 42.731873869895935 48.63204026222229 18
leaf_count=18 16 14 33 47 18
internal_value=4.46529e-05 0.000852338 0.00219803 0 -0.00132233
internal_weight=157.364 139.364 58.7319 80.632 32
internal_count=146 128 49 79 32
is_linear=0
shrinkage=0.0168771


Tree=151
num_leaves=7
num_cat=0
split_feature=7 13 0 10 0 5
split_gain=2.17925 0.77793 0.804564 0.413345 0.350179 0.17573
threshold=16.425000000000001 -0.131396331252318 22.500000000000004 0.36214285714285727 64.500000000000014 19.020000000000003
decision_type=2 2 2 2 2 2
left_child=-1 3 -3 5 -4 -2
right_child=1 2 4 -5 -6 -7
leaf_value=-0.0053818470173561499 0.00019725393217675052 -0.0042670303065172168 0.0014528892536830201 0 -0.00063514454935926308 0.004170142753209231
leaf_weight=17 19.689418196678162 9.9999999999999982 36.621655464172363 19.296899437904358 39.506592512130737 21.564122676849365
leaf_count=17 19 10 36 17 39 14
internal_value=-2.181e-05 0.000542312 -0.000276374 0.00201928 0.000102224 0.00291968
internal_weight=163.679 146.679 86.1282 60.5504 76.1282 41.2535
internal_count=152 135 85 50 75 33
is_linear=0
shrinkage=0.0168771


Tree=152
num_leaves=6
num_cat=0
split_feature=0 9 14 11 10
split_gain=2.72395 0.418827 0.530793 0.222709 0.407308
threshold=21.500000000000004 19.620000000000001 19.912857142857145 17.661428571428576 0.40214285714285719
decision_type=2 2 2 2 2
left_child=-1 3 -3 -2 -5
right_child=1 2 -4 4 -6
leaf_value=-0.005802287531865037 0.00023277909050977203 0.0030490694859707035 0 -0.0025474698778444093 0
leaf_weight=20 34.663337230682373 28.003429770469666 40.890279650688171 25.258032560348511 10.999999999999998
leaf_count=20 34 22 38 25 11
internal_value=-0.000332068 0.000395868 0.00137747 -0.000270784 -0.00130599
internal_weight=159.815 139.815 68.8937 70.9214 36.258
internal_count=150 130 60 70 36
is_linear=0
shrinkage=0.0168771


Tree=153
num_leaves=5
num_cat=0
split_feature=4 3 1 1
split_gain=1.12422 0.783744 0.418693 0.140418
threshold=17.354285714285719 0.24357142857142858 13.643511904761906 -8.5336904761904737
decision_type=2 2 2 2
left_child=1 -1 3 -2
right_child=2 -3 -4 -5
leaf_value=-0.005436808235927096 0 0 -0.0013733949259917416 0.0012994084918452461
leaf_weight=15.000000000000002 17 15.999999999999998 18 80.022950768470764
leaf_count=15 17 16 18 73
internal_value=-0.000205836 -0.00300524 0.000414175 0.00100052
internal_weight=146.023 31 115.023 97.023
internal_count=139 31 108 90
is_linear=0
shrinkage=0.0168771


Tree=154
num_leaves=4
num_cat=0
split_feature=7 9 14
split_gain=1.45435 0.383396 1.43468
threshold=16.425000000000001 20.009285714285713 19.912857142857145
decision_type=2 2 2
left_child=-1 -2 -3
right_child=1 2 -4
leaf_value=-0.0043978772829247354 0 0.0054802098478648328 0
leaf_weight=14.999999999999998 73.646572709083557 16.584551095962524 38.164280891418457
leaf_count=15 72 11 36
internal_value=0 0.000718353 0.00175184
internal_weight=143.395 128.395 54.7488
internal_count=134 119 47
is_linear=0
shrinkage=0.0168771


Tree=155
num_leaves=5
num_cat=0
split_feature=10 1 14 13
split_gain=2.10502 0.933066 0.691523 0.281479
threshold=0.26214285714285718 13.643511904761906 17.094285714285721 0.75155748289774404
decision_type=2 2 2 2
left_child=2 3 -1 -2
right_child=1 -3 -4 -5
leaf_value=-0.0050591988434463345 0.0021305129425254503 -0.0017419790851323658 0 0
leaf_weight=23 88.677137017250061 18 15.46400737762451 11.200000047683714
leaf_count=23 77 18 15 11
internal_value=0 0.00105035 -0.00335705 0.0018068
internal_weight=156.341 117.877 38.464 99.8771
internal_count=144 106 38 88
is_linear=0
shrinkage=0.0168771


Tree=156
num_leaves=6
num_cat=0
split_feature=3 1 0 10 10
split_gain=1.55134 0.7636 0.694002 0.395514 0.149266
threshold=0.25214285714285717 7.6604761904761913 22.500000000000004 0.41071428571428575 0.39642857142857141
decision_type=2 2 2 2 2
left_child=2 3 -1 -2 -3
right_child=1 4 -4 -5 -6
leaf_value=-0.004990415816392613 0.0026152347395836423 -0.0012329182682055911 0 0 0
leaf_weight=19 57.30486798286438 33 13.243510007858275 21.121986031532288 12.999999999999998
leaf_count=19 48 33 13 20 13
internal_value=0 0.000858196 -0.00314654 0.00191793 -0.000496891
internal_weight=156.67 124.427 32.2435 78.4269 46
internal_count=146 114 32 68 46
is_linear=0
shrinkage=0.0168771


Tree=157
num_leaves=5
num_cat=0
split_feature=3 6 13 1
split_gain=1.1739 0.70801 0.449875 0.217679
threshold=0.26428571428571429 20.25142857142858 -0.20664781320310519 13.643511904761906
decision_type=2 2 2 2
left_child=2 3 -1 -2
right_child=1 -3 -4 -5
leaf_value=0 0.00036868997277764062 0.0026385877413244488 -0.0039824840678728329 -0.0014794280993804026
leaf_weight=9.9999999999999982 68.155084371566772 35.726868629455566 22 21
leaf_count=10 63 29 22 21
internal_value=0 0.000726011 -0.00276541 0
internal_weight=156.882 124.882 32 89.1551
internal_count=145 113 32 84
is_linear=0
shrinkage=0.0168771


Tree=158
num_leaves=8
num_cat=0
split_feature=10 12 2 10 14 14 14
split_gain=2.38755 0.617704 0.490457 0.172616 0.125925 0.126435 0.12285
threshold=0.24071428571428574 -0.15179311963064326 0.34000000000000002 0.29714285714285721 19.093571428571433 17.974285714285717 16.887857142857147
decision_type=2 2 2 2 2 2 2
left_child=6 4 3 -3 5 -2 -1
right_child=1 2 -4 -5 -6 -7 -8
leaf_value=-0.0060407550337114755 0 0 0 0.0041656734637819503 0 -0.002303131524642346 -0.00010720125944648345
leaf_weight=15.000000000000002 13.000000000000002 15.467242479324339 43.178851723670959 21.294820666313171 35.318209648132324 11.999999999999998 10.260282278060911
leaf_count=15 13 14 40 15 34 12 10
internal_value=-8.91591e-05 0.000660829 0.00167058 0.00305761 -0.000338197 -0.00124258 -0.00468675
internal_weight=165.519 140.259 79.9409 36.7621 60.3182 25 25.2603
internal_count=153 128 69 29 59 25 25
is_linear=0
shrinkage=0.0168771


Tree=159
num_leaves=6
num_cat=0
split_feature=6 13 8 5 11
split_gain=1.86347 0.946271 0.476784 0.968968 0.376762
threshold=17.328571428571433 -0.14276476449826928 -0.2404891213379978 19.609285714285715 16.518571428571434
decision_type=2 2 2 2 2
left_child=1 -1 -2 -4 -3
right_child=2 4 3 -5 -6
leaf_value=0 -0.00020793302912564728 0 0.0048103601189129295 0.00010757365897327817 -0.007053041275382527
leaf_weight=14.229806065559385 50 10.000000000000002 17.720879077911377 61.098507761955261 13.999999999999998
leaf_count=14 50 10 13 54 14
internal_value=-0.000121734 -0.00336027 0.000722274 0.00157302 -0.0052226
internal_weight=167.049 38.2298 128.819 78.8194 24
internal_count=155 38 117 67 24
is_linear=0
shrinkage=0.0168771


Tree=160
num_leaves=6
num_cat=0
split_feature=14 0 12 6 1
split_gain=1.94057 0.677652 0.537979 0.294274 0.359118
threshold=16.639285714285716 21.500000000000004 -0.7574675679206847 17.367142857142859 -8.5336904761904737
decision_type=2 2 2 2 2
left_child=1 -1 -2 -4 -5
right_child=2 -3 3 4 -6
leaf_value=-0.0066341725002979513 -0.0011318242287052442 0 0 0 0.002084078188856591
leaf_weight=13.000000000000002 26 9.9999999999999982 16.229806065559387 15.999999999999998 77.335142850875854
leaf_count=13 26 10 16 16 67
internal_value=-7.5708e-05 -0.00442498 0.000577908 0.00120176 0.00159956
internal_weight=158.565 23 135.565 109.565 93.3351
internal_count=148 23 125 99 83
is_linear=0
shrinkage=0.0168771


Tree=161
num_leaves=5
num_cat=0
split_feature=14 1 5 5
split_gain=2.57763 0.571234 0.400577 1.13428
threshold=16.887857142857147 13.643511904761906 18.875714285714285 19.487857142857148
decision_type=2 2 2 2
left_child=-1 2 -2 -4
right_child=1 -3 3 -5
leaf_value=-0.0049889785712722273 0 -0.0012391073298813147 0.0050368947003241781 0.00024387742875465736
leaf_weight=23 33.112390041351318 19 22.777436256408691 57.872824430465698
leaf_count=23 32 19 18 51
internal_value=0 0.000810778 0.00136768 0.00199428
internal_weight=155.763 132.763 113.763 80.6503
internal_count=143 120 101 69
is_linear=0
shrinkage=0.0168771


Tree=162
num_leaves=5
num_cat=0
split_feature=9 2 4 10
split_gain=1.43615 0.424564 0.348012 0.228649
threshold=16.552142857142858 0.35142857142857148 19.067142857142866 0.40642857142857142
decision_type=2 2 2 2
left_child=-1 2 -2 -3
right_child=1 3 -4 -5
leaf_value=-0.0042510923281047506 0 -0.0013677417023832974 0.002780397431687745 4.0138975482799545e-05
leaf_weight=22 26.203725099563599 44.846702337265015 22.45779287815094 24.298600196838379
leaf_count=22 26 44 16 23
internal_value=-0.000539454 5.38824e-05 0.00137152 -0.000580276
internal_weight=139.807 117.807 48.6615 69.1453
internal_count=131 109 42 67
is_linear=0
shrinkage=0.0168771


Tree=163
num_leaves=6
num_cat=0
split_feature=3 0 1 13 13
split_gain=2.60075 0.835867 0.542629 0.505112 0.334731
threshold=0.26428571428571429 21.500000000000004 7.6604761904761913 0.5005243222464576 -0.48319327629396458
decision_type=2 2 2 2 2
left_child=1 -1 3 4 -2
right_child=2 -3 -4 -5 -6
leaf_value=-0.0065714781821779311 0.00071326584600316524 0 0 0 0.0049331366287524063
leaf_weight=14.999999999999998 29.014024615287781 17 43 31.821655511856079 21.034575819969177
leaf_count=15 23 17 43 31 15
internal_value=1.75558e-05 -0.00391647 0.00126749 0.00206017 0.00308397
internal_weight=156.87 32 124.87 81.8703 50.0486
internal_count=144 32 112 69 38
is_linear=0
shrinkage=0.0168771


Tree=164
num_leaves=6
num_cat=0
split_feature=9 13 13 1 13
split_gain=1.62027 0.480372 0.435524 0.469774 0.424111
threshold=17.073571428571434 -0.131396331252318 -0.48319327629396458 8.2488095238095234 -0.131396331252318
decision_type=2 2 2 2 2
left_child=4 2 -2 -4 -1
right_child=1 -3 3 -5 -6
leaf_value=0 0 0 0.0046194682069169452 0 -0.0052403954094016793
leaf_weight=11.000000000000002 28.146707534790039 73.363180041313171 18.527983307838443 10.999999999999998 15.999999999999998
leaf_count=11 23 72 13 11 16
internal_value=0 0.000685173 0.00181554 0.00315906 -0.00365041
internal_weight=158.038 131.038 57.6747 29.528 27
internal_count=146 119 47 24 27
is_linear=0
shrinkage=0.0168771


Tree=165
num_leaves=6
num_cat=0
split_feature=10 13 10 1 10
split_gain=1.70983 0.636449 0.502298 0.58575 0.203539
threshold=0.24071428571428574 -0.131396331252318 0.32500000000000001 6.9446428571428589 0.39428571428571429
decision_type=2 2 2 2 2
left_child=-1 2 3 -2 -3
right_child=1 4 -4 -5 -6
leaf_value=-0.0044642677141573679 0.0036143521102391181 -0.0015529798543996679 0 0 0
leaf_weight=24 30.583607196807861 43.506592512130737 23.719273209571838 10.999999999999998 28.400000095367432
leaf_count=24 23 43 21 11 28
internal_value=-0.000550656 5.2527e-05 0.00136814 0.00246674 -0.000849392
internal_weight=161.209 137.209 65.3029 41.5836 71.9066
internal_count=150 126 55 34 71
is_linear=0
shrinkage=0.0168771


Tree=166
num_leaves=5
num_cat=0
split_feature=7 7 2 8
split_gain=0.959461 0.535989 0.447601 0.242781
threshold=16.609285714285718 16.283571428571431 0.34000000000000002 -0.12485255663687851
decision_type=2 2 2 2
left_child=1 -1 3 -2
right_child=2 -3 -4 -5
leaf_value=-0.0051251357187562666 0 0 0 0.0027676921135237594
leaf_weight=11.000000000000002 16.489458203315735 9.9999999999999982 85.10222601890564 30.649810910224915
leaf_count=11 16 10 81 24
internal_value=0 -0.0029832 0.00066884 0.0019378
internal_weight=153.241 21 132.241 47.1393
internal_count=142 21 121 40
is_linear=0
shrinkage=0.0168771


Tree=167
num_leaves=7
num_cat=0
split_feature=3 10 10 1 1 1
split_gain=1.91562 0.740013 0.635258 0.412379 0.158373 0.220759
threshold=0.2592857142857144 0.32500000000000001 0.27428571428571435 7.6604761904761913 12.266071428571433 2.1495238095238105
decision_type=2 2 2 2 2 2
left_child=2 3 -1 -2 5 -3
right_child=1 4 -4 -5 -6 -7
leaf_value=-0.0046862812997958058 0.0034336354360154663 0 0 0 -0.0012834024545711512 0.0020376552206258229
leaf_weight=26 32.71591579914093 38.983971834182739 10.243510007858275 9.9999999999999982 21 13.607430219650267
leaf_count=26 25 37 10 10 21 12
internal_value=-4.04404e-05 0.000877662 -0.00340521 0.00257525 0 0.000321018
internal_weight=152.551 116.307 36.2435 42.7159 73.5914 52.5914
internal_count=141 105 36 35 70 49
is_linear=0
shrinkage=0.0168771


Tree=168
num_leaves=6
num_cat=0
split_feature=3 10 6 0 10
split_gain=1.12468 0.278407 0.666808 0.155968 0.150816
threshold=0.26428571428571429 0.32500000000000001 17.720714285714291 61.500000000000007 0.26928571428571441
decision_type=2 2 2 2 2
left_child=4 2 -2 -3 -1
right_child=1 3 -4 -5 -6
leaf_value=-0.0033342630772345166 0 0.0016223357618009655 0.0038236770645955227 0 0
leaf_weight=18.000000000000004 17.459612131118774 14.40000009536743 24.74127185344696 65.497131109237671 11.999999999999998
leaf_count=18 17 14 18 61 12
internal_value=0.000187775 0.00104401 0.00218003 0.000117652 -0.0023998
internal_weight=152.098 122.098 42.2009 79.8971 30
internal_count=140 110 35 75 30
is_linear=0
shrinkage=0.0168771


Tree=169
num_leaves=5
num_cat=0
split_feature=14 12 2 10
split_gain=1.9979 0.410428 0.571551 0.147717
threshold=16.639285714285716 -0.15179311963064326 0.33214285714285724 0.41071428571428575
decision_type=2 2 2 2
left_child=-1 3 -3 -2
right_child=1 2 -4 -5
leaf_value=-0.0047480993067015899 -0.00093834321990357908 0.0029160364500479103 0 0.0004916236686370941
leaf_weight=21 45.307117462158203 33.48462188243866 38.351951241493225 11.999999999999998
leaf_count=21 44 26 36 12
internal_value=-0.000158917 0.000505895 0.00140096 -0.000257348
internal_weight=150.144 129.144 71.8366 57.3071
internal_count=139 118 62 56
is_linear=0
shrinkage=0.0168771


Tree=170
num_leaves=6
num_cat=0
split_feature=0 2 2 4 8
split_gain=1.55408 0.519717 0.432123 0.575229 0.198126
threshold=21.500000000000004 0.47214285714285725 0.38785714285714284 18.664285714285718 0.44858205353929886
decision_type=2 2 2 2 2
left_child=-1 2 3 -2 -4
right_child=1 -3 4 -5 -6
leaf_value=-0.0043765836192002951 -0.00023493325254046743 0.003408134714340141 -0.0017011856929580189 0.0021884458553172205 0
leaf_weight=18.203725099563599 32 13.114249706268309 34.288411736488342 45.896424293518066 22.077106475830078
leaf_count=18 32 11 33 39 21
internal_value=0 0.000503812 0 0.000942935 -0.000929655
internal_weight=165.58 147.376 134.262 77.8964 56.3655
internal_count=154 136 125 71 54
is_linear=0
shrinkage=0.0168771


Tree=171
num_leaves=5
num_cat=0
split_feature=14 2 5 2
split_gain=1.92031 0.287849 0.491727 0.328906
threshold=16.639285714285716 0.34000000000000002 17.262142857142859 0.47214285714285725
decision_type=2 2 2 2
left_child=-1 2 -2 -3
right_child=1 3 -4 -5
leaf_value=-0.0043938994923606502 0 -0.00054143649313244532 0.002482339426719563 0.0022251899263187763
leaf_weight=24 14.999999999999998 77.455976128578186 38.302864789962769 11.247505426406859
leaf_count=24 15 74 31 10
internal_value=-0.000164675 0.000469395 0.00142353 0
internal_weight=166.006 142.006 53.3029 88.7035
internal_count=154 130 46 84
is_linear=0
shrinkage=0.0168771


Tree=172
num_leaves=6
num_cat=0
split_feature=4 5 2 2 6
split_gain=1.90048 0.88859 0.39777 0.180401 0.162327
threshold=17.354285714285719 16.630714285714287 0.47214285714285725 0.38785714285714284 20.094285714285714
decision_type=2 2 2 2 2
left_child=1 -1 3 4 -2
right_child=2 -3 -4 -5 -6
leaf_value=-0.0058829970901222734 0.001464530037334255 0 0.003759941081092844 -0.00022030162237261119 0
leaf_weight=18 44.225206613540649 16.007630348205566 9.7142496109008771 52.726350426673889 23.633843421936035
leaf_count=18 40 15 8 51 21
internal_value=-7.10168e-05 -0.00357067 0.00073223 0.000223815 0.000880513
internal_weight=164.307 34.0076 130.3 120.585 67.8591
internal_count=153 33 120 112 61
is_linear=0
shrinkage=0.0168771


Tree=173
num_leaves=5
num_cat=0
split_feature=4 13 12 1
split_gain=2.30278 0.585998 0.383141 0.221368
threshold=17.398571428571433 -0.20664781320310519 -0.65772587060928334 -8.5336904761904737
decision_type=2 2 2 2
left_child=1 -1 -2 -4
right_child=2 -3 3 -5
leaf_value=0 -0.00068023662915338518 -0.0056699299211503485 0 0.0015784091107947835
leaf_weight=10.203725099563597 28 22 18 76.912319421768188
leaf_count=10 28 22 18 67
internal_value=-0.0003479 -0.00424906 0.00057081 0.00117831
internal_weight=155.116 32.2037 122.912 94.9123
internal_count=145 32 113 85
is_linear=0
shrinkage=0.0168771


Tree=174
num_leaves=7
num_cat=0
split_feature=6 12 13 11 2 2
split_gain=1.73818 0.644651 0.598464 0.196471 0.171072 0.18324
threshold=17.328571428571433 -0.65772587060928334 -0.14276476449826928 19.125000000000004 0.33214285714285724 0.41571428571428576
decision_type=2 2 2 2 2 2
left_child=2 3 -1 -2 -3 -6
right_child=1 4 -4 -5 5 -7
leaf_value=0 0 0.0028045623529800454 -0.0048355167224526791 -0.0018046984840086639 0 0.001696515497359243
leaf_weight=10.229806065559389 11.000000000000002 35.090409398078918 21 20 41.894386887550354 22.561781167984009
leaf_count=10 11 28 21 20 39 20
internal_value=0 0.000892818 -0.00337408 -0.000741946 0.00162732 0.000560061
internal_weight=161.776 130.547 31.2298 31 99.5466 64.4562
internal_count=149 118 31 31 87 59
is_linear=0
shrinkage=0.0168771


Tree=175
num_leaves=6
num_cat=0
split_feature=0 1 5 5 13
split_gain=1.32375 0.582886 0.450989 0.825806 0.200138
threshold=21.500000000000004 13.643511904761906 18.875714285714285 19.487857142857148 0.14477302502472325
decision_type=2 2 2 2 2
left_child=-1 2 -2 -4 -3
right_child=1 4 3 -5 -6
leaf_value=-0.0037999075793997642 0 -0.0026727844743425042 0.0048735603457961841 0.00052610788662764776 0
leaf_weight=18.007630348205566 45.874164938926697 11.000000000000002 19.973531007766724 65.224402666091919 10.999999999999998
leaf_count=17 45 11 16 57 11
internal_value=3.6624e-05 0.000694249 0.00121813 0.00192724 -0.00130448
internal_weight=171.08 153.072 131.072 85.1979 22
internal_count=157 140 118 73 22
is_linear=0
shrinkage=0.0168771


Tree=176
num_leaves=8
num_cat=0
split_feature=3 12 1 1 2 3 13
split_gain=1.70585 0.960036 0.673595 0.664054 0.19853 0.195763 0.148425
threshold=0.27071428571428585 0.24460820374744283 7.6604761904761913 2.3971428571428577 0.33214285714285724 0.39357142857142852 -0.131396331252318
decision_type=2 2 2 2 2 2 2
left_child=1 6 3 4 -2 -4 -1
right_child=2 -3 5 -5 -6 -7 -8
leaf_value=0 0.0019607812203842005 0 -0.0015908319035822229 0.0050328915136577416 0 0 -0.0056528093129274131
leaf_weight=10.000000000000002 16.488723635673523 13.243510007858275 24 13.782769441604612 45.356528162956238 20 20
leaf_count=10 13 13 24 9 42 20 20
internal_value=-0.000133194 -0.00300385 0.000768324 0.00179068 0.000527953 -0.000513152 -0.00457839
internal_weight=162.872 43.2435 119.628 75.628 61.8453 44 30
internal_count=151 43 108 64 55 44 30
is_linear=0
shrinkage=0.0168771


Tree=177
num_leaves=7
num_cat=0
split_feature=7 13 0 0 5 5
split_gain=1.55757 0.515968 0.340531 0.586911 0.294731 0.292564
threshold=16.425000000000001 -0.131396331252318 22.500000000000004 64.500000000000014 19.020000000000003 20.300714285714289
decision_type=2 2 2 2 2 2
left_child=-1 4 -3 -4 -2 -6
right_child=1 2 3 -5 5 -7
leaf_value=-0.0042281600804027304 0 -0.0027245642621316654 0.0019193203859917398 -0.00099203400463880988 0.0037060486307236673 0
leaf_weight=19 21.64435887336731 9.9999999999999982 32.881937742233276 34.248559951782227 23.731934666633606 13.25201380252838
leaf_count=19 21 10 32 34 17 11
internal_value=0 0.000611628 -4.18385e-05 0.000134481 0.00179685 0.00266163
internal_weight=154.759 135.759 77.1305 67.1305 58.6283 36.9839
internal_count=144 125 76 66 49 28
is_linear=0
shrinkage=0.0168771


Tree=178
num_leaves=5
num_cat=0
split_feature=5 4 8 13
split_gain=1.46249 0.60057 0.375302 0.426957
threshold=16.630714285714287 17.398571428571433 -0.2404891213379978 0.5005243222464576
decision_type=2 2 2 2
left_child=1 -1 -2 -4
right_child=2 -3 3 -5
leaf_value=-0.0050129898038076409 -0.00024581362282190142 0 0.0021328344611026445 0
leaf_weight=18.000000000000004 41 11.999999999999998 60.375930070877075 29.821655511856079
leaf_count=18 41 12 49 29
internal_value=0 -0.00328192 0.000680191 0.0013364
internal_weight=161.198 30 131.198 90.1976
internal_count=149 30 119 78
is_linear=0
shrinkage=0.0168771


Tree=179
num_leaves=6
num_cat=0
split_feature=7 9 1 11 11
split_gain=1.217 0.292388 0.398082 0.232613 0.171249
threshold=16.425000000000001 19.620000000000001 -6.7692857142857141 19.125000000000004 17.21285714285715
decision_type=2 2 2 2 2
left_child=-1 3 -3 4 -2
right_child=1 2 -4 -5 -6
leaf_value=-0.0037798894179641874 -0.00012759075366221786 0 0.0021531854962183955 -0.0016424407265193297 0.0012529901025296498
leaf_weight=18 17.203725099563599 23.210827708244324 49.822156190872192 19 32.493323445320129
leaf_count=18 17 23 41 19 31
internal_value=0 0.000575027 0.0013139 0 0.000368373
internal_weight=159.73 141.73 73.033 68.697 49.697
internal_count=149 131 64 67 48
is_linear=0
shrinkage=0.0168771


Tree=180
num_leaves=7
num_cat=0
split_feature=3 10 1 0 10 1
split_gain=0.851248 0.778414 0.643855 0.507022 0.240641 0.155467
threshold=0.25214285714285717 0.32500000000000001 7.6604761904761913 22.500000000000004 0.39428571428571429 13.459999999999999
decision_type=2 2 2 2 2 2
left_child=3 2 -2 -1 5 -3
right_child=1 4 -4 -5 -6 -7
leaf_value=-0.0041532591390903238 0.0034503385524829594 0 0 0 6.9617662948083346e-05 -0.0028983647362564049
leaf_weight=18.000000000000004 32.265354752540588 24.045089960098267 17 13.243510007858275 36.904473662376404 11.999999999999998
leaf_count=18 24 22 17 13 36 12
internal_value=-3.91409e-05 0.000458942 0.00212407 -0.0025167 -0.000408474 -0.00144197
internal_weight=153.458 122.215 49.2654 31.2435 72.9496 36.0451
internal_count=142 111 41 31 70 34
is_linear=0
shrinkage=0.0168771


Tree=181
num_leaves=6
num_cat=0
split_feature=4 13 10 9 3
split_gain=1.46299 0.366665 0.283966 0.475436 0.154419
threshold=17.398571428571433 -0.14276476449826928 0.32500000000000001 20.009285714285713 0.36214285714285716
decision_type=2 2 2 2 2
left_child=1 -1 3 -2 -4
right_child=2 -3 4 -5 -6
leaf_value=0 0 -0.00471659427177287 0.0014714812037002055 0.004560742391210253 -0.00014748069543118325
leaf_weight=12.000000000000002 27.479004979133606 15.999999999999998 16.796836256980896 12.309932231903074 57.019471645355225
leaf_count=12 26 16 15 7 55
internal_value=0 -0.00319886 0.000928125 0.00206022 0
internal_weight=141.605 28 113.605 39.7889 73.8163
internal_count=131 28 103 33 70
is_linear=0
shrinkage=0.0168771


Tree=182
num_leaves=5
num_cat=0
split_feature=0 1 1 8
split_gain=1.16978 0.433828 0.611106 0.14387
threshold=21.500000000000004 7.6604761904761913 2.9365476190476199 0.38086898174757761
decision_type=2 2 2 2
left_child=-1 2 3 -2
right_child=1 -3 -4 -5
leaf_value=-0.0034178982858041047 -0.00012359972546583531 -0.00023237410580068029 0.0043612734134173261 0.00099576990629458829
leaf_weight=20.203725099563599 21.745700359344482 47 15.524736881256102 45.432476878166199
leaf_count=20 19 47 11 41
internal_value=0 0.000689931 0.00146599 0.000323519
internal_weight=149.907 129.703 82.7029 67.1782
internal_count=138 118 71 60
is_linear=0
shrinkage=0.0168771


Tree=183
num_leaves=4
num_cat=0
split_feature=10 6 14
split_gain=1.29148 0.202835 0.368016
threshold=0.24071428571428574 19.646428571428569 18.356428571428577
decision_type=2 2 2
left_child=-1 2 -2
right_child=1 -3 -4
leaf_value=-0.0036664325847697208 0.0028596362556566825 0 0
leaf_weight=23 19.670649528503418 64.802505731582642 39.233644604682922
leaf_count=23 18 59 37
internal_value=-0.000131705 0.000417705 0.00113664
internal_weight=146.707 123.707 58.9043
internal_count=137 114 55
is_linear=0
shrinkage=0.0168771


Tree=184
num_leaves=5
num_cat=0
split_feature=14 3 2 6
split_gain=1.49565 0.184541 0.482413 0.331596
threshold=16.555714285714288 0.25214285714285717 0.33214285714285724 18.677857142857146
decision_type=2 2 2 2
left_child=-1 -2 3 -3
right_child=1 2 -4 -5
leaf_value=-0.0043996699510881693 -0.00069055574629565421 0 0 0.0037361698293189114
leaf_weight=19 21 13.893143296241762 78.97227680683136 17.396008729934692
leaf_count=19 21 13 74 12
internal_value=-0.000238098 0.000279695 0.000675593 0.00235109
internal_weight=150.261 131.261 110.261 31.2892
internal_count=139 120 99 25
is_linear=0
shrinkage=0.0168771


Tree=185
num_leaves=6
num_cat=0
split_feature=3 4 1 10 1
split_gain=1.13659 0.490974 0.479619 0.4799 0.273706
threshold=0.26428571428571429 17.354285714285719 7.6604761904761913 0.42428571428571432 -7.4417261904761896
decision_type=2 2 2 2 2
left_child=1 -1 3 4 -2
right_child=2 -3 -4 -5 -6
leaf_value=-0.0036771900870737045 0 0 -3.1217179548105153e-05 -4.5637170960681569e-05 0.0028100391377504862
leaf_weight=23 13.999999999999998 16.243510007858276 45 10.999999999999998 55.906919836997986
leaf_count=23 14 16 45 11 43
internal_value=2.47866e-05 -0.00223486 0.000937745 0.00172647 0.00230384
internal_weight=165.15 39.2435 125.907 80.9069 69.9069
internal_count=152 39 113 68 57
is_linear=0
shrinkage=0.0168771


Tree=186
num_leaves=5
num_cat=0
split_feature=7 5 5 13
split_gain=1.30634 0.306144 0.427109 0.175948
threshold=16.425000000000001 19.020000000000003 19.487857142857148 -0.16182480981716765
decision_type=2 2 2 2
left_child=-1 3 -3 -2
right_child=1 2 -4 -5
leaf_value=-0.0040988977405381792 0 0.0030192374271010582 0 -0.001588049151656651
leaf_weight=19 23.112390041351318 19.406899690628052 69.352671980857849 23
leaf_count=19 22 16 62 23
internal_value=-0.000194851 0.000267499 0.000944742 -0.000557497
internal_weight=153.872 134.872 88.7596 46.1124
internal_count=142 123 78 45
is_linear=0
shrinkage=0.0168771


Tree=187
num_leaves=5
num_cat=0
split_feature=7 2 2 9
split_gain=1.24319 0.169647 0.35631 0.137535
threshold=16.425000000000001 0.34000000000000002 0.26928571428571441 19.741428571428575
decision_type=2 2 2 2
left_child=-1 2 -2 -3
right_child=1 3 -4 -5
leaf_value=-0.0042519137141022066 0 -0.0012344185430955682 0.0021182691477821445 0
leaf_weight=19 26 31.203725099563599 27.617054581642151 49.857602715492249
leaf_count=19 26 31 21 46
internal_value=-0.000518414 0 0.000792528 -0.000390631
internal_weight=153.678 134.678 53.6171 81.0613
internal_count=143 124 47 77
is_linear=0
shrinkage=0.0168771


Tree=188
num_leaves=5
num_cat=0
split_feature=2 10 10 1
split_gain=0.550324 0.533739 0.563835 0.296688
threshold=0.47214285714285725 0.22714285714285717 0.32500000000000001 7.6604761904761913
decision_type=2 2 2 2
left_child=1 -1 3 -3
right_child=-2 2 -4 -5
leaf_value=-0.0030043803912504895 0.0030291507278797061 0.002403044536620315 -0.00073579905008932828 0
leaf_weight=14.999999999999998 13.114249706268309 31.83489191532135 79.174649357795715 15.999999999999998
leaf_count=15 11 26 76 16
internal_value=0 -0.000258377 0 0.00151289
internal_weight=155.124 142.01 127.01 47.8349
internal_count=144 133 118 42
is_linear=0
shrinkage=0.0168771


Tree=189
num_leaves=5
num_cat=0
split_feature=7 13 8 13
split_gain=0.924179 0.390957 0.232 0.445133
threshold=16.425000000000001 -0.131396331252318 -0.12485255663687851 -0.53037454792654015
decision_type=2 2 2 2
left_child=-1 2 -2 -4
right_child=1 -3 3 -5
leaf_value=-0.0031478880718890587 0 0 4.532785411600613e-06 0.0043240178223916577
leaf_weight=18 19.481796503067017 74.328248023986816 28.748538970947266 16.351795792579651
leaf_count=18 19 73 23 12
internal_value=5.38973e-06 0.000628357 0.00157463 0.00220494
internal_weight=156.91 138.91 64.5821 45.1003
internal_count=145 127 54 35
is_linear=0
shrinkage=0.0168771


Tree=190
num_leaves=4
num_cat=0
split_feature=0 1 10
split_gain=1.48958 0.164924 0.22159
threshold=21.500000000000004 7.6604761904761913 0.32500000000000001
decision_type=2 2 2
left_child=-1 2 -2
right_child=1 -3 -4
leaf_value=-0.0042242353713618308 0.0016541429819982481 -0.00020102572784359425 0
leaf_weight=21 39.685855269432068 54 47.554694056510925
leaf_count=21 33 54 44
internal_value=-0.00026065 0.000246647 0.00076995
internal_weight=162.241 141.241 87.2405
internal_count=152 131 77
is_linear=0
shrinkage=0.0168771


Tree=191
num_leaves=4
num_cat=0
split_feature=7 2 1
split_gain=1.41036 0.497752 0.427236
threshold=16.425000000000001 0.33214285714285724 8.2488095238095234
decision_type=2 2 2
left_child=-1 2 -2
right_child=1 -3 -4
leaf_value=-0.004535304013516513 0.0028597406656685406 -5.1338110477748622e-05 0
leaf_weight=14.999999999999998 33.338443994522095 81.867880821228027 12.999999999999998
leaf_count=15 28 78 13
internal_value=0 0.000503455 0.00188383
internal_weight=143.206 128.206 46.3384
internal_count=134 119 41
is_linear=0
shrinkage=0.0168771


Tree=192
num_leaves=6
num_cat=0
split_feature=8 1 13 10 1
split_gain=0.675545 0.608804 0.236711 0.48016 0.132105
threshold=-0.2404891213379978 7.3151785714285724 -0.131396331252318 0.32500000000000001 13.643511904761906
decision_type=2 2 2 2 2
left_child=1 -1 3 -2 -3
right_child=2 4 -4 -5 -6
leaf_value=-0.0047175763026188235 0.0027776687135322277 0.00015606296530999255 0 0 -0.0011954797119953966
leaf_weight=9.9999999999999982 33.685711622238159 30 42.621212601661682 16.492584586143494 23
leaf_count=10 25 30 41 14 23
internal_value=0 -0.0013164 0.000903871 0.00165613 -6.1263e-05
internal_weight=155.8 63 92.7995 50.1783 53
internal_count=143 63 80 39 53
is_linear=0
shrinkage=0.0168771


Tree=193
num_leaves=5
num_cat=0
split_feature=7 6 6 6
split_gain=0.928789 0.14037 0.155877 0.153271
threshold=16.425000000000001 19.086428571428581 17.177142857142858 19.844285714285721
decision_type=2 2 2 2
left_child=-1 2 -2 -3
right_child=1 3 -4 -5
leaf_value=-0.0033415863400674977 0 -0.00079001652662777323 0.0019767550556154001 0.00059909389180127517
leaf_weight=18 18.229806065559387 33.074192523956299 26.617277026176453 56.140216708183289
leaf_count=18 18 32 24 50
internal_value=0 0.000475849 0.00121923 0
internal_weight=152.061 134.061 44.8471 89.2144
internal_count=142 124 42 82
is_linear=0
shrinkage=0.0168771


Tree=194
num_leaves=4
num_cat=0
split_feature=0 9 5
split_gain=1.13872 0.272722 0.586243
threshold=21.500000000000004 19.620000000000001 19.487857142857148
decision_type=2 2 2
left_child=-1 -2 -3
right_child=1 2 -4
leaf_value=-0.0035413910821038173 -9.5408002226199349e-07 0.0039291381255384967 0
leaf_weight=20.203725099563599 64.947450757026672 15.162301540374754 57.443396329879761
leaf_count=20 64 11 51
internal_value=0 0.000494943 0.0012183
internal_weight=157.757 137.553 72.6057
internal_count=146 126 62
is_linear=0
shrinkage=0.0168771


Tree=195
num_leaves=6
num_cat=0
split_feature=5 12 2 13 13
split_gain=0.817867 0.395226 0.55459 0.196463 0.187561
threshold=16.630714285714287 -0.39182605381522845 0.34000000000000002 -0.11370022061511657 0.076842100983792697
decision_type=2 2 2 2 2
left_child=3 4 -3 -1 -2
right_child=1 2 -4 -5 -6
leaf_value=0 -0.0013239625364682075 0.0026177304721962981 0 -0.0040308467426716605 0.00019253937657116239
leaf_weight=10.000000000000002 34 39.272086143493652 52.143366932868958 12.999999999999998 10.999999999999998
leaf_count=10 34 31 48 13 11
internal_value=0 0.000466651 0.00117898 -0.00279618 -0.000496222
internal_weight=159.415 136.415 91.4155 23 45
internal_count=147 124 79 23 45
is_linear=0
shrinkage=0.0168771


Tree=196
num_leaves=5
num_cat=0
split_feature=3 2 13 8
split_gain=1.05641 0.622812 0.324661 0.299487
threshold=0.26428571428571429 0.33214285714285724 -0.20664781320310519 -0.12485255663687851
decision_type=2 2 2 2
left_child=2 3 -1 -2
right_child=1 -3 -4 -5
leaf_value=0 0 0 -0.0038305200774178447 0.0034469632789791431
leaf_weight=10.000000000000002 12.489458203315733 81.173794031143188 21 22.771164894104004
leaf_count=10 12 77 21 16
internal_value=0 0.00059662 -0.00276039 0.00239996
internal_weight=147.434 116.434 31 35.2606
internal_count=136 105 31 28
is_linear=0
shrinkage=0.0168771


Tree=197
num_leaves=5
num_cat=0
split_feature=9 3 13 3
split_gain=1.12149 0.290489 0.549094 0.154645
threshold=16.552142857142858 0.3535714285714287 0.26649190081119689 0.26428571428571429
decision_type=2 2 2 2
left_child=-1 2 3 -2
right_child=1 -3 -4 -5
leaf_value=-0.0032251542054233771 0 0 0 0.0035976081397081959
leaf_weight=20 17.243510007858276 82.147390007972717 14.999999999999998 25.297020435333252
leaf_count=20 17 77 15 19
internal_value=7.24357e-05 0.00075805 0.00165049 0.00265779
internal_weight=159.688 139.688 57.5405 42.5405
internal_count=148 128 51 36
is_linear=0
shrinkage=0.0168771


Tree=198
num_leaves=8
num_cat=0
split_feature=9 10 13 4 1 10 11
split_gain=0.537355 0.415023 0.587725 0.301496 0.206279 0.150121 0.124031
threshold=16.552142857142858 0.32500000000000001 0.22644659648939366 16.757142857142863 9.427500000000002 0.40642857142857142 19.835714285714289
decision_type=2 2 2 2 2 2 2
left_child=3 2 4 -1 -2 6 -3
right_child=1 5 -4 -5 -6 -7 -8
leaf_value=-0.0037071837098573168 0.0029585355773259878 -0.0019703696010056411 -0.00065272026254238342 0 0 6.4587884582144306e-05 0
leaf_weight=13.000000000000002 37.492130398750305 18.421655416488647 11.243510007858275 9.9999999999999982 10.999999999999998 29.585561394691467 17.12216579914093
leaf_count=13 30 18 11 10 11 28 16
internal_value=0 0.000397761 0.00146002 -0.00226409 0.00239521 -0.000267863 -0.00111143
internal_weight=147.865 124.865 59.7356 23 48.4921 65.1294 35.5438
internal_count=137 114 52 23 41 62 34
is_linear=0
shrinkage=0.0168771


Tree=199
num_leaves=5
num_cat=0
split_feature=9 13 13 1
split_gain=0.890408 0.309643 0.265594 0.321799
threshold=16.552142857142858 -0.131396331252318 -0.53037454792654015 8.2488095238095234
decision_type=2 2 2 2
left_child=-1 2 -2 -4
right_child=1 -3 3 -5
leaf_value=-0.0028341222225499109 0 0 0.0035575052416708815 0
leaf_weight=19 30.641252279281616 77.571758031845093 23.679210662841797 9.9999999999999982
leaf_count=19 25 76 18 10
internal_value=0.000145381 0.00074818 0.00158663 0.002587
internal_weight=160.892 141.892 64.3205 33.6792
internal_count=148 129 53 28
is_linear=0
shrinkage=0.0168771


Tree=200
num_leaves=6
num_cat=0
split_feature=2 12 13 13 12
split_gain=0.449318 0.374643 0.261652 0.304383 0.163658
threshold=0.47214285714285725 -0.15179311963064326 -0.12532396311615865 -0.48319327629396458 -0.92659489597593026
decision_type=2 2 2 2 2
left_child=1 4 3 -3 -1
right_child=-2 2 -4 -5 -6
leaf_value=0 0.0029925848189177968 0 -7.5828029918546163e-05 0.002915287150489112 -0.0015812757318116955
leaf_weight=11.999999999999998 11.114249706268309 24.552848696708679 44.679687976837158 17.907302021980286 52.941408634185791
leaf_count=12 9 20 44 13 52
internal_value=2.97077e-06 -0.000123043 0.000421642 0.00141043 -0.00117101
internal_weight=163.195 152.081 87.1398 42.4602 64.9414
internal_count=150 141 77 33 64
is_linear=0
shrinkage=0.0168771


Tree=201
num_leaves=6
num_cat=0
split_feature=5 1 3 13 4
split_gain=0.713062 0.438171 0.297039 0.381342 0.247038
threshold=16.630714285714287 12.266071428571433 0.27071428571428585 0.47024268206659275 17.398571428571433
decision_type=2 2 2 2 2
left_child=4 2 -2 -4 -1
right_child=1 -3 3 -5 -6
leaf_value=-0.0040669530317595523 0 -0.0011536293079262223 0.002297814829482445 0 0
leaf_weight=12.000000000000002 27 25 55.355973362922668 33.821655511856079 10.999999999999998
leaf_count=12 27 25 44 33 11
internal_value=0 0.000431117 0.000980265 0.00147016 -0.00260846
internal_weight=164.178 141.178 116.178 89.1776 23
internal_count=152 129 104 77 23
is_linear=0
shrinkage=0.0168771


Tree=202
num_leaves=6
num_cat=0
split_feature=7 11 11 11 11
split_gain=0.823377 0.369105 0.176916 0.150472 0.131123
threshold=16.425000000000001 20.10071428571429 19.125000000000004 19.752142857142861 17.21285714285715
decision_type=2 2 2 2 2
left_child=-1 2 4 -4 -2
right_child=1 -3 3 -5 -6
leaf_value=-0.0030794192868801619 0 0.0018554673783098585 -0.0017086547183433527 0 0.001388540522547641
leaf_weight=17 22 40.891927361488342 22.258032560348511 16.574967384338379 26.705467581748962
leaf_count=17 22 35 22 15 25
internal_value=0 0.00058974 0 -0.000856584 0.000618712
internal_weight=145.43 128.43 87.5385 38.833 48.7055
internal_count=136 119 84 37 47
is_linear=0
shrinkage=0.0168771


Tree=203
num_leaves=2
num_cat=0
split_feature=0
split_gain=1.29196
threshold=21.500000000000004
decision_type=2
left_child=-1
right_child=-2
leaf_value=-0.0040999008949054276 0.00047683551214605272
leaf_weight=17 143.31017315387726
leaf_count=17 133
internal_value=0
internal_weight=160.31
internal_count=150
is_linear=0
shrinkage=0.0168771


Tree=204
num_leaves=5
num_cat=0
split_feature=2 10 6 10
split_gain=1.015 0.388568 0.381623 0.128428
threshold=0.23500000000000001 0.32500000000000001 17.720714285714291 0.39428571428571429
decision_type=2 2 2 2
left_child=-1 2 -2 -3
right_child=1 3 -4 -5
leaf_value=-0.0035843652847476321 0 -0.00090910811266966759 0.0025019342546276726 0.00022839940332172073
leaf_weight=17 26.689418196678162 39.06067681312561 37.38027822971344 40.904473662376404
leaf_count=17 26 37 29 40
internal_value=0 0.000475684 0.00146382 -6.91802e-05
internal_weight=161.035 144.035 64.0697 79.9652
internal_count=149 132 55 77
is_linear=0
shrinkage=0.0168771


Tree=205
num_leaves=4
num_cat=0
split_feature=4 5 2
split_gain=0.835649 0.501116 0.382703
threshold=17.354285714285719 16.630714285714287 0.33214285714285724
decision_type=2 2 2
left_child=1 -1 -2
right_child=2 -3 -4
leaf_value=-0.0042431749843975615 0.002022382236662556 0 0
leaf_weight=15.000000000000002 37.970637440681458 13.203725099563597 89.291403293609619
leaf_count=15 31 13 84
internal_value=0 -0.0024038 0.000668726
internal_weight=155.466 28.2037 127.262
internal_count=143 28 115
is_linear=0
shrinkage=0.0168771


Tree=206
num_leaves=5
num_cat=0
split_feature=5 11 1 11
split_gain=0.829848 0.25273 0.211963 0.156732
threshold=16.630714285714287 20.10071428571429 -7.4417261904761896 19.125000000000004
decision_type=2 2 2 2
left_child=-1 3 -3 -2
right_child=1 2 -4 -5
leaf_value=-0.0029850942032966753 0.00028359865335467926 0 0.0020793573135803834 -0.0010926785717789919
leaf_weight=22 43.670967578887939 19 31.11796247959137 31.374589323997498
leaf_count=22 42 19 25 30
internal_value=-5.57944e-05 0.000340269 0.00127915 -2.35672e-05
internal_weight=147.164 125.164 50.118 75.0456
internal_count=138 116 44 72
is_linear=0
shrinkage=0.0168771


Tree=207
num_leaves=6
num_cat=0
split_feature=0 12 5 5 14
split_gain=0.957299 0.263817 0.179283 0.361352 0.138494
threshold=21.500000000000004 -0.7574675679206847 19.750714285714288 18.875714285714285 19.123571428571438
decision_type=2 2 2 2 2
left_child=-1 4 3 -3 -2
right_child=1 2 -4 -5 -6
leaf_value=-0.003465555836472053 -0.0014123650967579828 0 0 0.003255447055493162 0
leaf_weight=18.203725099563599 21 30.901562333106995 41.244517922401428 19.724299192428589 14.999999999999998
leaf_count=18 21 30 37 16 15
internal_value=-5.776e-06 0.000381606 0.000952165 0.00159963 -0.000460609
internal_weight=146.074 127.87 91.8704 50.6259 36
internal_count=137 119 83 46 36
is_linear=0
shrinkage=0.0168771


Tree=208
num_leaves=6
num_cat=0
split_feature=5 2 14 2 3
split_gain=1.00843 0.300994 0.289313 0.287581 0.394919
threshold=16.630714285714287 0.47214285714285725 17.398571428571433 0.34000000000000002 0.27071428571428585
decision_type=2 2 2 2 2
left_child=2 3 -1 4 -2
right_child=1 -3 -4 -5 -6
leaf_value=-0.0047973700540215811 0 0.0027497095990486773 0 -0.00053034994949202163 0.0025186515701907256
leaf_weight=12.000000000000002 26.243510007858276 11.914249658584593 9.9999999999999982 69.66011917591095 24.512627005577087
leaf_count=12 26 10 10 66 19
internal_value=0 0.0004417 -0.0032357 0 0.00107046
internal_weight=154.331 132.331 22 120.416 50.7561
internal_count=143 121 22 111 45
is_linear=0
shrinkage=0.0168771


Tree=209
num_leaves=6
num_cat=0
split_feature=9 8 3 3 8
split_gain=0.631811 0.258351 0.359491 0.205308 0.240704
threshold=19.316428571428574 -0.040239554482035422 0.26428571428571429 0.37357142857142861 0.81600905573439053
decision_type=2 2 2 2 2
left_child=1 2 -1 4 -2
right_child=3 -3 -4 -5 -6
leaf_value=-0.0030316753076232777 0.0040082423306208471 0 0 0.00013116582404579249 0
leaf_weight=21 13.763748168945314 20.637256264686584 28.258032560348511 51.704798221588135 14.503792285919188
leaf_count=21 9 20 28 45 14
internal_value=0.000193302 -0.000775756 -0.0015001 0.00130822 0.00252874
internal_weight=149.868 69.8953 49.258 79.9723 28.2675
internal_count=137 69 49 68 23
is_linear=0
shrinkage=0.0168771


Tree=210
num_leaves=4
num_cat=0
split_feature=7 11 10
split_gain=0.712655 0.245181 0.169532
threshold=16.425000000000001 20.10071428571429 0.41785714285714287
decision_type=2 2 2
left_child=-1 -2 -3
right_child=1 2 -4
leaf_value=-0.0027520949079162626 0 0.0017815997506509236 0
leaf_weight=21 97.003043532371521 41.187878251075745 10.200000047683714
leaf_count=21 92 34 10
internal_value=0 0.0003801 0.00129947
internal_weight=169.391 148.391 51.3879
internal_count=157 136 44
is_linear=0
shrinkage=0.0168771


Tree=211
num_leaves=6
num_cat=0
split_feature=5 14 8 10 10
split_gain=1.03426 0.634942 0.403444 0.176285 0.126793
threshold=16.630714285714287 17.688571428571429 -0.2404891213379978 0.41071428571428575 0.32500000000000001
decision_type=2 2 2 2 2
left_child=1 -1 3 -2 -4
right_child=2 -3 4 -5 -6
leaf_value=-0.0044873298202097369 -0.00087713197507775461 0 0.0023870238276521285 0.0011794293560487528 0.00024021791144283766
leaf_weight=16.000000000000004 39 9.9999999999999982 39.993159770965576 9.9999999999999982 45.206422924995422
leaf_count=16 39 10 32 10 41
internal_value=0.000100547 -0.00263009 0.000837748 0 0.00154799
internal_weight=160.2 26 134.2 49 85.1996
internal_count=148 26 122 49 73
is_linear=0
shrinkage=0.0168771


Tree=212
num_leaves=4
num_cat=0
split_feature=10 3 3
split_gain=0.777173 0.237707 0.491573
threshold=0.22714285714285717 0.36214285714285716 0.27071428571428585
decision_type=2 2 2
left_child=-1 2 -2
right_child=1 -3 -4
leaf_value=-0.0031985419294632005 0 -9.6056678870777884e-06 0.0024555105675530872
leaf_weight=17 26.243510007858276 80.800377726554871 34.458952665328979
leaf_count=17 26 76 28
internal_value=0 0.000349365 0.00115813
internal_weight=158.503 141.503 60.7025
internal_count=147 130 54
is_linear=0
shrinkage=0.0168771


Tree=213
num_leaves=6
num_cat=0
split_feature=11 0 11 11 13
split_gain=0.823222 0.505836 0.202041 0.33802 0.256738
threshold=17.21285714285715 21.500000000000004 20.10071428571429 19.125000000000004 0.5005243222464576
decision_type=2 2 2 2 2
left_child=1 -1 3 -2 -4
right_child=2 -3 4 -5 -6
leaf_value=-0.0048231762480246219 0.0013009743168474696 0 0.0023991570608224953 -0.0010632627586138089 0
leaf_weight=11.000000000000002 28.705467581748962 17.203725099563599 29.320477843284607 34.91048002243042 25.821655511856079
leaf_count=11 27 17 22 32 25
internal_value=0 -0.00240251 0.00067152 0 0.00139151
internal_weight=146.962 28.2037 118.758 63.6159 55.1421
internal_count=134 28 106 59 47
is_linear=0
shrinkage=0.0168771


Tree=214
num_leaves=5
num_cat=0
split_feature=6 10 0 8
split_gain=0.349945 0.305147 0.183782 0.136394
threshold=17.720714285714291 0.32500000000000001 42.500000000000007 -0.040239554482035422
decision_type=2 2 2 2
left_child=2 -2 3 -1
right_child=1 -3 -4 -5
leaf_value=-0.0028757008547714608 0.0014889807790110596 -0.00033044805038169145 0 0
leaf_weight=21.999999999999996 32.583937883377075 74.325913310050964 13.229806065559385 13.000000000000002
leaf_count=22 27 71 13 13
internal_value=-0.000311949 4.47491e-05 -0.00149845 -0.00209989
internal_weight=155.14 106.91 48.2298 35
internal_count=146 98 48 35
is_linear=0
shrinkage=0.0168771


Tree=215
num_leaves=3
num_cat=0
split_feature=9 1
split_gain=0.728337 0.184995
threshold=16.552142857142858 13.167500000000002
decision_type=2 2
left_child=-1 -2
right_child=1 -3
leaf_value=-0.0032866038046760909 0.00048447224965996794 -0.00095929432239482597
leaf_weight=17 113.75555169582367 25
leaf_count=17 102 25
internal_value=-0.000225037 5.17175e-05
internal_weight=155.756 138.756
internal_count=144 127
is_linear=0
shrinkage=0.0168771


Tree=216
num_leaves=5
num_cat=0
split_feature=7 2 2 2
split_gain=0.5996 0.187396 0.178509 0.137612
threshold=16.425000000000001 0.34000000000000002 0.26928571428571441 0.47214285714285725
decision_type=2 2 2 2
left_child=-1 2 -2 -3
right_child=1 3 -4 -5
leaf_value=-0.0027160765704871484 0 -0.00043476264546534095 0.0017817088162618054 0.00136733496159802
leaf_weight=18 21 74.266828894615173 35.114235997200012 10.247505426406859
leaf_count=18 21 72 27 9
internal_value=0 0.000339031 0.00108801 0
internal_weight=158.629 140.629 56.1142 84.5143
internal_count=147 129 48 81
is_linear=0
shrinkage=0.0168771


Tree=217
num_leaves=5
num_cat=0
split_feature=5 4 1 1
split_gain=1.12469 0.484436 0.315275 0.125472
threshold=16.630714285714287 17.398571428571433 13.643511904761906 -7.4417261904761896
decision_type=2 2 2 2
left_child=1 -1 3 -2
right_child=2 -3 -4 -5
leaf_value=-0.0049843380394052851 0 0 -0.0014375594611875228 0.0009308406850733682
leaf_weight=16.000000000000004 18 10.999999999999998 18 97.601891279220581
leaf_count=16 18 11 18 86
internal_value=-0.000316159 -0.00333102 0.000187018 0.000658266
internal_weight=160.602 27 133.602 115.602
internal_count=149 27 122 104
is_linear=0
shrinkage=0.0168771


Tree=218
num_leaves=6
num_cat=0
split_feature=6 8 10 2 13
split_gain=0.384957 0.516862 0.220404 0.439778 0.148851
threshold=17.720714285714291 -0.040239554482035422 0.32500000000000001 0.26928571428571441 -0.14276476449826928
decision_type=2 2 2 2 2
left_child=1 4 3 -2 -1
right_child=2 -3 -4 -5 -6
leaf_value=0 0 0 0 0.0027639374677267737 -0.0038081827186633938
leaf_weight=13.000000000000002 9.9999999999999982 19.689418196678162 78.708223342895508 26.866669774055481 14.999999999999998
leaf_count=13 10 19 74 19 15
internal_value=0 -0.00117768 0.000577129 0.00160318 -0.00265187
internal_weight=163.264 47.6894 115.575 36.8667 28
internal_count=150 47 103 29 28
is_linear=0
shrinkage=0.0168771


Tree=219
num_leaves=5
num_cat=0
split_feature=7 3 3 13
split_gain=0.876978 0.185529 0.305755 0.484085
threshold=16.425000000000001 0.36642857142857149 0.26428571428571429 0.54532890193737504
decision_type=2 2 2 2
left_child=-1 2 -2 -4
right_child=1 -3 3 -5
leaf_value=-0.0032670827686776607 0 0 0.0031030226260210232 0
leaf_weight=18 25.243510007858276 71.48164689540863 28.696615815162659 9.9999999999999982
leaf_count=18 25 68 23 10
internal_value=0 0.00043814 0.0010898 0.00200028
internal_weight=153.422 135.422 63.9401 38.6966
internal_count=144 126 58 33
is_linear=0
shrinkage=0.0168771


Tree=220
num_leaves=4
num_cat=0
split_feature=9 9 9
split_gain=0.25999 0.237991 0.36361
threshold=16.544285714285717 17.452142857142864 19.620000000000001
decision_type=2 2 2
left_child=-1 -2 -3
right_child=1 2 -4
leaf_value=-0.0018427153871947725 0.0016324404973255869 -0.0012678234853917031 0.00060655626752799982
leaf_weight=15.999999999999998 26.211355447769165 43 77.994861125946045
leaf_count=16 25 43 68
internal_value=0 0.000255867 0
internal_weight=163.206 147.206 120.995
internal_count=152 136 111
is_linear=0
shrinkage=0.0168771


Tree=221
num_leaves=3
num_cat=0
split_feature=14 2
split_gain=0.538152 0.141166
threshold=16.639285714285716 0.47214285714285725
decision_type=2 2
left_child=-1 -2
right_child=1 -3
leaf_value=-0.0024215259081626851 0 0.0017855389549967914
leaf_weight=24 122.05923545360565 10.066744327545164
leaf_count=24 114 9
internal_value=-0.000189549 9.33825e-05
internal_weight=156.126 132.126
internal_count=147 123
is_linear=0
shrinkage=0.0168771


Tree=222
num_leaves=4
num_cat=0
split_feature=14 0 10
split_gain=0.444072 0.565265 0.546179
threshold=19.093571428571433 12.500000000000002 0.32500000000000001
decision_type=2 2 2
left_child=1 -1 -2
right_child=2 -3 -4
leaf_value=-0.0044997341635126392 0.0024194784714480031 -0.00010299466909591712 -0.00022094854636300288
leaf_weight=10.999999999999998 25.469360113143921 54.203725099563599 55.038708686828613
leaf_count=11 19 54 53
internal_value=-0.000235784 -0.00133464 0.00040099
internal_weight=145.712 65.2037 80.5081
internal_count=137 65 72
is_linear=0
shrinkage=0.0168771


Tree=223
num_leaves=6
num_cat=0
split_feature=5 11 11 11 7
split_gain=0.334149 0.234461 0.315973 0.225431 0.208444
threshold=16.630714285714287 18.717142857142857 19.835714285714289 17.15071428571429 19.347857142857148
decision_type=2 2 2 2 2
left_child=3 -2 4 -1 -3
right_child=1 2 -4 -5 -6
leaf_value=-0.0027716215580605146 0.0013910092477829471 -0.0025730190771597219 0.00041032415353647682 0 0
leaf_weight=17.000000000000004 34.900773644447327 18.000000000000004 62.006473898887634 9.9999999999999982 11.299399971961973
leaf_count=17 33 18 55 10 10
internal_value=-2.24194e-06 0.000222767 -1.50656e-05 -0.00172264 -0.00156691
internal_weight=153.207 126.207 91.3059 27 29.2994
internal_count=143 116 83 27 28
is_linear=0
shrinkage=0.0168771


Tree=224
num_leaves=6
num_cat=0
split_feature=5 4 3 3 5
split_gain=0.561614 0.470435 0.188586 0.313865 0.324393
threshold=16.630714285714287 17.398571428571433 0.3535714285714287 0.26428571428571429 19.487857142857148
decision_type=2 2 2 2 2
left_child=1 -1 3 -2 -5
right_child=2 -3 -4 4 -6
leaf_value=-0.003963950386661046 0 0 0 0.0037591287424047206 0
leaf_weight=15.000000000000002 25.243510007858276 11.999999999999998 82.118192911148071 14.636966347694399 13.718335390090941
leaf_count=15 25 12 76 11 12
internal_value=-1.42837e-05 -0.00222048 0.00030037 0.00108251 0.00223087
internal_weight=162.717 27 135.717 53.5988 28.3553
internal_count=151 27 124 48 23
is_linear=0
shrinkage=0.0168771


Tree=225
num_leaves=5
num_cat=0
split_feature=9 2 2 2
split_gain=0.539449 0.268463 0.342824 0.178992
threshold=16.552142857142858 0.33214285714285724 0.24000000000000002 0.46428571428571436
decision_type=2 2 2 2
left_child=-1 2 -2 -3
right_child=1 3 -4 -5
leaf_value=-0.0023987176051317519 0 -0.00028302406481548088 0.0021910497806374891 0.0018411385736831552
leaf_weight=15.999999999999998 12.999999999999998 84.21236526966095 43.029144883155823 10.066744327545164
leaf_count=16 13 80 35 9
internal_value=9.79173e-05 0.000550565 0.00144404 0
internal_weight=166.308 150.308 56.0291 94.2791
internal_count=153 137 48 89
is_linear=0
shrinkage=0.0168771


Tree=226
num_leaves=5
num_cat=0
split_feature=7 1 5 3
split_gain=0.809268 0.291806 0.324525 0.446923
threshold=16.425000000000001 13.643511904761906 16.630714285714287 0.3535714285714287
decision_type=2 2 2 2
left_child=-1 2 -2 -4
right_child=1 -3 3 -5
leaf_value=-0.0026329895799196141 -9.5055633494584295e-06 -0.00034550132750383683 0.0029911943026964521 0.00028808860528634848
leaf_weight=18 17 21 40.725277185440063 68.14549720287323
leaf_count=18 17 21 34 61
internal_value=0.000254198 0.000802062 0.00117108 0.00155141
internal_weight=164.871 146.871 125.871 108.871
internal_count=151 133 112 95
is_linear=0
shrinkage=0.0168771


Tree=227
num_leaves=5
num_cat=0
split_feature=11 3 13 10
split_gain=0.653984 0.225594 0.4877 0.193823
threshold=19.835714285714289 0.39357142857142852 -0.20664781320310519 0.42428571428571432
decision_type=2 2 2 2
left_child=1 2 -1 -2
right_child=3 -3 -4 -5
leaf_value=0 0.0015926881269099479 0 -0.0027020654169648381 0
leaf_weight=25.867062330245972 53.873119831085205 22.659880518913269 38.258032560348511 13.240898251533507
leaf_count=25 45 22 38 13
internal_value=0 -0.00104223 -0.00155303 0.00112635
internal_weight=153.899 86.785 64.1251 67.114
internal_count=143 85 63 58
is_linear=0
shrinkage=0.0168771


Tree=228
num_leaves=6
num_cat=0
split_feature=3 2 2 11 13
split_gain=0.502401 0.308865 0.466062 0.290555 0.192941
threshold=0.26428571428571429 0.47214285714285725 0.38214285714285717 16.42428571428572 -0.131396331252318
decision_type=2 2 2 2 2
left_child=3 2 -2 -1 -5
right_child=1 -3 -4 4 -6
leaf_value=0 0.0013248060283651932 0.0030404464567268985 -0.00068685843732803657 0 -0.0035417067343279781
leaf_weight=9.9999999999999982 55.195263266563416 10.914249658584593 63.652425527572632 11.000000000000002 16.243510007858276
leaf_count=10 48 9 61 11 16
internal_value=0 0.000552535 7.26333e-05 -0.00159838 -0.00247915
internal_weight=167.005 129.762 118.848 37.2435 27.2435
internal_count=155 118 109 37 27
is_linear=0
shrinkage=0.0168771


Tree=229
num_leaves=6
num_cat=0
split_feature=14 0 2 2 12
split_gain=0.447206 0.200261 0.160354 0.154177 0.123239
threshold=16.639285714285716 15.000000000000002 0.38785714285714284 0.46428571428571436 -0.700487115553447
decision_type=2 2 2 2 2
left_child=1 -1 4 -4 -2
right_child=2 -3 3 -5 -6
leaf_value=-0.0035632707401323706 0 0 -0.00060649882816172455 0.0013182100489278381 0.0012529087937056694
leaf_weight=10.000000000000002 14.999999999999998 13.999999999999998 55.148005843162537 10.066744327545164 61.567911386489868
leaf_count=10 15 14 53 9 52
internal_value=0 -0.00199327 0.000375899 0 0.000912078
internal_weight=165.783 24 141.783 65.2148 76.5679
internal_count=153 24 129 62 67
is_linear=0
shrinkage=0.0168771


Tree=230
num_leaves=4
num_cat=0
split_feature=14 1 13
split_gain=0.636976 0.154808 0.155532
threshold=16.639285714285716 7.6604761904761913 0.5005243222464576
decision_type=2 2 2
left_child=-1 2 -2
right_child=1 -3 -4
leaf_value=-0.0025994246127822142 0.0013414673402422847 -8.2188870762654981e-05 0
leaf_weight=22 53.294078946113586 48 24.210827708244324
leaf_count=22 44 48 24
internal_value=-8.8687e-06 0.000319357 0.000840772
internal_weight=147.505 125.505 77.5049
internal_count=138 116 68
is_linear=0
shrinkage=0.0168771


Tree=231
num_leaves=4
num_cat=0
split_feature=5 10 4
split_gain=0.502435 0.351353 0.225253
threshold=16.630714285714287 0.32500000000000001 17.398571428571433
decision_type=2 2 2
left_child=2 -2 -1
right_child=1 -3 -4
leaf_value=-0.0032058131415269755 0.0015401318492279732 0 0
leaf_weight=14.000000000000002 53.372905373573303 81.020358324050903 10.999999999999998
leaf_count=14 44 77 11
internal_value=0 0.000493469 -0.00198216
internal_weight=159.393 134.393 25
internal_count=146 121 25
is_linear=0
shrinkage=0.0168771


Tree=232
num_leaves=5
num_cat=0
split_feature=5 6 6 7
split_gain=0.397732 0.291038 0.198835 0.185215
threshold=19.020000000000003 19.175000000000004 20.25142857142858 16.425000000000001
decision_type=2 2 2 2
left_child=3 -2 -3 -1
right_child=1 2 -4 -5
leaf_value=-0.0024322501285919704 0.0027902786882530186 -0.00052098162773507053 0.0010485789060908752 0
leaf_weight=13.999999999999998 16.20272421836853 34.385050415992737 39.466586351394653 42.874164938926697
leaf_count=14 14 32 33 42
internal_value=1.83426e-05 0.00084276 3.37309e-05 -0.000889528
internal_weight=146.929 90.0544 73.8516 56.8742
internal_count=135 79 65 56
is_linear=0
shrinkage=0.0168771


Tree=233
num_leaves=4
num_cat=0
split_feature=0 2 2
split_gain=0.938419 0.25426 0.20995
threshold=21.500000000000004 0.33214285714285724 0.46428571428571436
decision_type=2 2 2
left_child=-1 -2 -3
right_child=1 2 -4
leaf_value=-0.0034363028318058395 0.0012078759932728131 -0.00066953073425348082 0.0013689299772268262
leaf_weight=19.203725099563599 51.832303285598755 73.519372940063477 11.247505426406859
leaf_count=19 46 70 10
internal_value=-0.00012127 0.000246138 -0.00010686
internal_weight=155.803 136.599 84.7669
internal_count=145 126 80
is_linear=0
shrinkage=0.0168771


Tree=234
num_leaves=5
num_cat=0
split_feature=3 11 10 10
split_gain=0.429525 0.277238 0.176508 0.143994
threshold=0.26428571428571429 16.518571428571434 0.32500000000000001 0.40642857142857142
decision_type=2 2 2 2
left_child=1 -1 -2 -4
right_child=2 -3 3 -5
leaf_value=0 0.00098639520659996234 -0.0026256330628689583 -0.0008761518869933383 0.0003013258234901854
leaf_weight=10.999999999999998 48.688722610473633 27 48.996041059494019 31.368049025535583
leaf_count=11 41 27 47 30
internal_value=-0.000199984 -0.00176364 0.000119347 -0.000152898
internal_weight=167.053 38 129.053 80.3641
internal_count=156 38 118 77
is_linear=0
shrinkage=0.0168771


Tree=235
num_leaves=4
num_cat=0
split_feature=5 8 8
split_gain=0.542818 0.189092 0.143177
threshold=16.630714285714287 -0.2404891213379978 -0.090553599655062753
decision_type=2 2 2
left_child=-1 -2 -3
right_child=1 2 -4
leaf_value=-0.0021739755216348008 -2.0370736698679153e-06 0.002761564129161862 0.00030214663218116033
leaf_weight=22 36 13.397150874137877 74.942871689796448
leaf_count=22 36 9 67
internal_value=0 0.000538223 0.000997087
internal_weight=146.34 124.34 88.34
internal_count=134 112 76
is_linear=0
shrinkage=0.0168771


Tree=236
num_leaves=5
num_cat=0
split_feature=13 7 8 13
split_gain=0.457901 0.553398 0.321539 0.325635
threshold=-0.131396331252318 19.117142857142863 -0.12485255663687851 -0.53037454792654015
decision_type=2 2 2 2
left_child=2 -2 -1 -4
right_child=1 -3 3 -5
leaf_value=0 -0.0023825734786414457 0 0 0.0031693150936225509
leaf_weight=31.288234710693359 39 48.388530254364014 29.206227540969849 20.427220225334167
leaf_count=30 39 47 24 15
internal_value=0 -0.000943029 0.000773198 0.00164216
internal_weight=168.31 87.3885 80.9217 49.6334
internal_count=155 86 69 39
is_linear=0
shrinkage=0.0168771


Tree=237
num_leaves=2
num_cat=0
split_feature=14
split_gain=0.431397
threshold=16.887857142857147
decision_type=2
left_child=-1
right_child=-2
leaf_value=-0.0021376149562419076 0.00012880098357795185
leaf_weight=24 125.93506419658661
leaf_count=24 117
internal_value=-0.000121159
internal_weight=149.935
internal_count=141
is_linear=0
shrinkage=0.0168771


Tree=238
num_leaves=4
num_cat=0
split_feature=5 5 13
split_gain=0.674733 0.492073 0.281096
threshold=19.020000000000003 19.487857142857148 -0.16182480981716765
decision_type=2 2 2
left_child=2 -2 -1
right_child=1 -3 -4
leaf_value=0 0.0029766088932206124 0 -0.0020598941239503032
leaf_weight=29.103971004486084 24.517153978347778 64.912547469139099 37
leaf_count=28 20 58 37
internal_value=0 0.00105556 -0.00113746
internal_weight=155.534 89.4297 66.104
internal_count=143 78 65
is_linear=0
shrinkage=0.0168771


Tree=239
num_leaves=6
num_cat=0
split_feature=5 11 14 14 3
split_gain=0.402272 0.222449 0.156816 0.196176 0.188713
threshold=16.630714285714287 17.15071428571429 17.974285714285717 19.093571428571433 0.25214285714285717
decision_type=2 2 2 2 2
left_child=1 -1 4 -4 -2
right_child=2 -3 3 -5 -6
leaf_value=-0.002957597434475889 0 0 -0.0016226221367332122 0.00020604801248637222 0.0023326898598301808
leaf_weight=17.000000000000004 13.000000000000002 9.9999999999999982 17 78.223222613334656 16.007630348205566
leaf_count=17 13 10 17 69 15
internal_value=-7.21688e-05 -0.00192489 0.000189072 0 0.00124162
internal_weight=151.231 27 124.231 95.2232 29.0076
internal_count=141 27 114 86 28
is_linear=0
shrinkage=0.0168771


Tree=240
num_leaves=5
num_cat=0
split_feature=5 2 13 2
split_gain=0.374441 0.211136 0.203362 0.165498
threshold=16.630714285714287 0.47214285714285725 0.015732366225303582 0.38785714285714284
decision_type=2 2 2 2
left_child=2 3 -1 -2
right_child=1 -3 -4 -5
leaf_value=0 0.00038397664655027465 0.0020323094291419168 -0.0033332441597804757 -0.00089763207373398201
leaf_weight=18.000000000000004 65.356741070747375 12.114249706268309 11.999999999999998 43.097578406333923
leaf_count=18 59 10 12 42
internal_value=-0.000141308 0.000125167 -0.00180961 0
internal_weight=150.569 120.569 30 108.454
internal_count=141 111 30 101
is_linear=0
shrinkage=0.0168771


Tree=241
num_leaves=4
num_cat=0
split_feature=3 2 2
split_gain=0.355426 0.237359 0.298994
threshold=0.26428571428571429 0.33214285714285724 0.47214285714285725
decision_type=2 2 2
left_child=-1 -2 -3
right_child=1 2 -4
leaf_value=-0.0012468054781181646 0.0017790106001776451 -0.00023209201790952219 0.0023131778815590124
leaf_weight=33.243510007858276 32.884625315666199 85.224658966064453 12.114249706268309
leaf_count=33 27 81 10
internal_value=6.30786e-05 0.000585825 0
internal_weight=163.467 130.224 97.3389
internal_count=151 118 91
is_linear=0
shrinkage=0.0168771


Tree=242
num_leaves=3
num_cat=0
split_feature=4 8
split_gain=0.353036 0.270377
threshold=17.354285714285719 -0.040239554482035422
decision_type=2 2
left_child=1 -1
right_child=-2 -3
leaf_value=-0.00263302942535012 0.00039311555715217317 0
leaf_weight=20.000000000000004 118.13526713848114 11.203725099563597
leaf_count=20 108 11
internal_value=0 -0.00154888
internal_weight=149.339 31.2037
internal_count=139 31
is_linear=0
shrinkage=0.0168771


Tree=243
num_leaves=4
num_cat=0
split_feature=1 5 5
split_gain=0.177592 0.361662 0.618286
threshold=12.266071428571433 18.875714285714285 19.609285714285715
decision_type=2 2 2
left_child=1 -1 -3
right_child=-2 2 -4
leaf_value=-0.00034779938854909056 -0.00092835587425141796 0.0038538491817995211 2.9078295469649671e-05
leaf_weight=54.112390041351318 27 17.11441707611084 64.952721357345581
leaf_count=53 27 13 57
internal_value=5.5023e-05 0.000426536 0.00119533
internal_weight=163.18 136.18 82.0671
internal_count=150 123 70
is_linear=0
shrinkage=0.0168771


Tree=244
num_leaves=5
num_cat=0
split_feature=5 4 2 2
split_gain=0.341652 0.220006 0.194286 0.221543
threshold=16.630714285714287 17.398571428571433 0.47214285714285725 0.34000000000000002
decision_type=2 2 2 2
left_child=1 -1 3 -2
right_child=2 -3 -4 -5
leaf_value=-0.0031385332307293703 0.00079947574353178921 0 0.0020629759270521888 -0.00062639725785328668
leaf_weight=13.000000000000002 48.791680097579956 11.999999999999998 10.914249658584593 73.683060765266418
leaf_count=13 43 12 9 70
internal_value=-4.3072e-05 -0.00183603 0.000160569 0
internal_weight=158.389 25 133.389 122.475
internal_count=147 25 122 113
is_linear=0
shrinkage=0.0168771


Tree=245
num_leaves=5
num_cat=0
split_feature=5 5 1 1
split_gain=0.372789 0.487598 0.306752 0.125587
threshold=19.020000000000003 19.487857142857148 -1.3766666666666665 7.3151785714285724
decision_type=2 2 2 2
left_child=2 -2 -1 -4
right_child=1 -3 3 -5
leaf_value=0 0.0025726793254778318 0 -0.0028852509612545198 0
leaf_weight=14.893143296241758 22.639409422874451 64.993283152580261 21 26
leaf_count=14 19 59 21 26
internal_value=0 0.00057798 -0.00108245 -0.00180881
internal_weight=149.526 87.6327 61.8931 47
internal_count=139 78 61 47
is_linear=0
shrinkage=0.0168771


Tree=246
num_leaves=3
num_cat=0
split_feature=3 4
split_gain=0.344562 0.153961
threshold=0.26428571428571429 17.022857142857148
decision_type=2 2
left_child=1 -1
right_child=-2 -3
leaf_value=-0.0025888524628321146 0 0
leaf_weight=22 112.12491822242737 17
leaf_count=22 103 17
internal_value=-0.000402734 -0.00171394
internal_weight=151.125 39
internal_count=142 39
is_linear=0
shrinkage=0.0168771


Tree=247
num_leaves=6
num_cat=0
split_feature=7 0 5 12 12
split_gain=0.317712 0.323166 0.289759 0.123994 0.260885
threshold=19.347857142857148 12.500000000000002 19.90071428571429 -0.700487115553447 -0.92659489597593026
decision_type=2 2 2 2 2
left_child=1 -1 -2 4 -3
right_child=2 3 -4 -5 -6
leaf_value=-0.0032279711379806829 0.0020402740962635764 0 0 0.00027682510506132045 -0.0023077346444958084
leaf_weight=9.9999999999999982 28.437745809555054 10.000000000000002 48.342313528060913 43.663337230682373 17
leaf_count=10 23 10 43 43 17
internal_value=0 -0.000713256 0.000775895 0 -0.0010302
internal_weight=157.443 80.6633 76.7801 70.6633 27
internal_count=146 80 66 70 27
is_linear=0
shrinkage=0.0168771


Tree=248
num_leaves=5
num_cat=0
split_feature=2 10 5 5
split_gain=0.320564 0.291891 0.183935 0.261114
threshold=0.24000000000000002 0.32500000000000001 17.670000000000005 19.487857142857148
decision_type=2 2 2 2
left_child=-1 2 -2 -4
right_child=1 -3 3 -5
leaf_value=-0.0017532481458347551 0 -0.00013750363474942438 0.0032204992198848589 0
leaf_weight=22 27.203725099563599 75.813546419143677 18.600110173225403 15.454489946365355
leaf_count=22 27 72 14 12
internal_value=0 0.000324315 0.00122549 0.00200602
internal_weight=159.072 137.072 61.2583 34.0546
internal_count=147 125 53 26
is_linear=0
shrinkage=0.0168771


Tree=249
num_leaves=4
num_cat=0
split_feature=3 0 0
split_gain=0.424828 0.400016 0.174143
threshold=0.26428571428571429 21.500000000000004 62.500000000000007
decision_type=2 2 2
left_child=1 -1 -2
right_child=2 -3 -4
leaf_value=-0.0034142367262599191 0.00095643195232098118 0 -0.00021744049538278417
leaf_weight=18 48.561056017875671 20 70.591022968292236
leaf_count=18 46 20 64
internal_value=-0.000247664 -0.00178158 8.87359e-05
internal_weight=157.152 38 119.152
internal_count=148 38 110
is_linear=0
shrinkage=0.0168771


Tree=250
num_leaves=6
num_cat=0
split_feature=5 13 2 3 3
split_gain=0.316098 0.309781 0.298784 0.354565 0.178139
threshold=16.630714285714287 -0.060874502873687855 0.33214285714285724 0.26428571428571429 0.38071428571428584
decision_type=2 2 2 2 2
left_child=1 -1 3 -2 -5
right_child=2 -3 -4 4 -6
leaf_value=0 0 -0.0028820358259106934 0 0.0040053311330370267 0
leaf_weight=12.000000000000002 22.243510007858276 12.999999999999998 75.92431902885437 14.923327565193178 13.143043041229246
leaf_count=12 22 13 72 11 10
internal_value=0.000145141 -0.0012548 0.000618039 0.00158929 0.00275665
internal_weight=151.234 25 126.234 50.3099 28.0664
internal_count=140 25 115 43 21
is_linear=0
shrinkage=0.0168771


Tree=251
num_leaves=4
num_cat=0
split_feature=3 0 10
split_gain=0.406513 0.360359 0.159792
threshold=0.25214285714285717 29.000000000000004 0.32500000000000001
decision_type=2 2 2
left_child=1 -1 -2
right_child=2 -3 -4
leaf_value=-0.0027650725818886617 0.0010860783277837377 0 0
leaf_weight=22 59.362179040908813 10.243510007858275 77.153751373291016
leaf_count=22 51 10 74
internal_value=0 -0.00158068 0.000447686
internal_weight=168.759 32.2435 136.516
internal_count=157 32 125
is_linear=0
shrinkage=0.0168771


Tree=252
num_leaves=5
num_cat=0
split_feature=6 13 11 11
split_gain=0.415293 0.390686 0.123935 0.130795
threshold=17.367142857142859 -0.14276476449826928 20.10071428571429 19.216428571428576
decision_type=2 2 2 2
left_child=1 -1 3 -2
right_child=2 -3 -4 -5
leaf_value=0 0.00085724143869837224 -0.0027732017228662528 0.0011165631472955526 -0.00062764795341532331
leaf_weight=17.689418196678162 27.449580550193787 22 55.850975513458252 35.013757109642029
leaf_count=17 26 22 47 33
internal_value=0 -0.00137312 0.000559597 0
internal_weight=158.004 39.6894 118.314 62.4633
internal_count=145 39 106 59
is_linear=0
shrinkage=0.0168771


Tree=253
num_leaves=5
num_cat=0
split_feature=4 13 1 9
split_gain=0.60998 0.564767 0.273734 0.127434
threshold=16.630714285714287 -0.131396331252318 13.643511904761906 20.713571428571434
decision_type=2 2 2 2
left_child=1 -1 3 -2
right_child=2 -3 -4 -5
leaf_value=0 0.001089543984101687 -0.0043684095614908288 -0.00096752494707072435 0
leaf_weight=10.000000000000002 104.46638321876526 12.999999999999998 15.999999999999998 17.523839473724365
leaf_count=10 95 13 16 15
internal_value=0 -0.0023477 0.000468377 0.000854373
internal_weight=160.99 23 137.99 121.99
internal_count=149 23 126 110
is_linear=0
shrinkage=0.0168771


Tree=254
num_leaves=5
num_cat=0
split_feature=11 13 1 10
split_gain=0.318187 0.300256 0.157832 0.142366
threshold=20.10071428571429 -0.131396331252318 -8.5336904761904737 0.41428571428571442
decision_type=2 2 2 2
left_child=1 -1 -2 -4
right_child=2 -3 3 -5
leaf_value=0 0 -0.0014352010528620883 0.0022432887958774551 0
leaf_weight=54.259045481681824 14.999999999999998 57.258032560348511 24.452125310897827 12.886961340904234
leaf_count=49 15 57 18 12
internal_value=0 -0.000579434 0.000972083 0.00155367
internal_weight=163.856 111.517 52.3391 37.3391
internal_count=151 106 45 30
is_linear=0
shrinkage=0.0168771


Tree=255
num_leaves=4
num_cat=0
split_feature=5 4 4
split_gain=0.306108 0.215768 0.205161
threshold=16.630714285714287 18.419285714285724 17.398571428571433
decision_type=2 2 2
left_child=2 -2 -1
right_child=1 -3 -4
leaf_value=-0.0025833354787622707 0.0013934783495780409 0 0
leaf_weight=18.000000000000004 31.855135679244995 97.968919157981873 11.999999999999998
leaf_count=18 30 89 12
internal_value=-5.5687e-06 0.000213608 -0.00157008
internal_weight=159.824 129.824 30
internal_count=149 119 30
is_linear=0
shrinkage=0.0168771


Tree=256
num_leaves=5
num_cat=0
split_feature=2 8 14 11
split_gain=0.364172 0.305491 0.386569 0.290234
threshold=0.47214285714285725 0.38086898174757761 19.093571428571433 16.42428571428572
decision_type=2 2 2 2
left_child=1 2 3 -1
right_child=-2 -3 -4 -5
leaf_value=0 0.0022957982165483048 0.00019556314383869955 0 -0.0028215482847318831
leaf_weight=11.999999999999998 11.114249706268309 57.439563632011414 38.207074403762817 35.806438207626343
leaf_count=12 9 53 35 35
internal_value=-7.93324e-05 -0.000458566 -0.00113958 -0.00210897
internal_weight=154.567 143.453 86.0135 47.8064
internal_count=144 135 82 47
is_linear=0
shrinkage=0.0168771


Tree=257
num_leaves=4
num_cat=0
split_feature=7 3 3
split_gain=0.217517 0.120669 0.210386
threshold=16.425000000000001 0.36214285714285716 0.25214285714285717
decision_type=2 2 2
left_child=-1 2 -2
right_child=1 -3 -4
leaf_value=-0.0016637950851487401 0 0 0.0014246849353226579
leaf_weight=17 19.243510007858276 76.78166389465332 46.907667994499207
leaf_count=17 19 72 41
internal_value=0 0.000216383 0.000772354
internal_weight=159.933 142.933 66.1512
internal_count=149 132 60
is_linear=0
shrinkage=0.0168771


Tree=258
num_leaves=6
num_cat=0
split_feature=13 10 5 2 13
split_gain=0.413003 0.285686 0.251986 0.235918 0.146945
threshold=-0.131396331252318 0.36214285714285727 18.672857142857151 0.21785714285714289 -0.53037454792654015
decision_type=2 2 2 2 2
left_child=1 4 3 -2 -1
right_child=2 -3 -4 -5 -6
leaf_value=0 0 0 0 -0.0027441890375093109 0.0028304368027960163
leaf_weight=20.209608435630798 10.000000000000002 16.600844860076904 61.163179993629456 18 25.078195214271545
leaf_count=16 10 15 60 18 20
internal_value=0.000111675 0.00124862 -0.00044856 -0.00170909 0.00194529
internal_weight=151.052 61.8886 89.1632 28 45.2878
internal_count=139 51 88 28 36
is_linear=0
shrinkage=0.0168771


Tree=259
num_leaves=4
num_cat=0
split_feature=7 9 9
split_gain=0.287274 0.177948 0.228137
threshold=16.425000000000001 17.452142857142864 20.009285714285713
decision_type=2 2 2
left_child=-1 -2 -3
right_child=1 2 -4
leaf_value=-0.0018404991409819227 0.0013439934314936777 -0.00094848558531377249 0.00050140872200702682
leaf_weight=21 25.803905248641968 53.679273366928101 53.376918435096741
leaf_count=21 25 52 46
internal_value=-5.39155e-05 9.68086e-05 -2.76002e-05
internal_weight=153.86 132.86 107.056
internal_count=144 123 98
is_linear=0
shrinkage=0.0168771


Tree=260
num_leaves=5
num_cat=0
split_feature=14 2 2 7
split_gain=0.411414 0.204406 0.178926 0.1682
threshold=16.639285714285716 0.47214285714285725 0.38785714285714284 16.425000000000001
decision_type=2 2 2 2
left_child=3 2 -2 -1
right_child=1 -3 -4 -5
leaf_value=-0.0033349997958920831 0.00066980022083836714 0.0023831717880808023 -0.00054865572604045551 0
leaf_weight=10.000000000000002 73.881061196327209 11.114249706268309 51.937178134918213 15.999999999999998
leaf_count=10 66 9 50 16
internal_value=0 0.000391688 0 -0.00181956
internal_weight=162.932 136.932 125.818 26
internal_count=151 125 116 26
is_linear=0
shrinkage=0.0168771


Tree=261
num_leaves=4
num_cat=0
split_feature=5 3 3
split_gain=0.485688 0.152114 0.269437
threshold=16.630714285714287 0.36214285714285716 0.26428571428571429
decision_type=2 2 2
left_child=-1 2 -2
right_child=1 -3 -4
leaf_value=-0.0023607948813142111 0 -0.00012992233898584195 0.0019581791651243933
leaf_weight=22 23.243510007858276 75.769203424453735 28.596392273902893
leaf_count=22 23 70 24
internal_value=-0.000130548 0.000126326 0.000897269
internal_weight=149.609 127.609 51.8399
internal_count=139 117 47
is_linear=0
shrinkage=0.0168771


Tree=262
num_leaves=4
num_cat=0
split_feature=13 0 9
split_gain=0.400252 0.242596 0.179244
threshold=-0.131396331252318 12.500000000000002 20.009285714285713
decision_type=2 2 2
left_child=2 -2 -1
right_child=1 -3 -4
leaf_value=0 -0.003284520490410454 -0.00023732375287277725 0.001679646857778986
leaf_weight=42.286053419113159 10.999999999999998 73.139970302581787 26.024171233177185
leaf_count=40 11 72 18
internal_value=-0.000109918 -0.000989849 0.000655324
internal_weight=152.45 84.14 68.3102
internal_count=141 83 58
is_linear=0
shrinkage=0.0168771


Tree=263
num_leaves=2
num_cat=0
split_feature=3
split_gain=0.460339
threshold=0.26428571428571429
decision_type=2
left_child=-1
right_child=-2
leaf_value=-0.0019444445358539216 0.00014894144951100086
leaf_weight=32 131.77131140232086
leaf_count=32 120
internal_value=-0.000152449
internal_weight=163.771
internal_count=152
is_linear=0
shrinkage=0.0168771


Tree=264
num_leaves=4
num_cat=0
split_feature=2 7 2
split_gain=0.322376 0.229122 0.406425
threshold=0.47214285714285725 16.425000000000001 0.34000000000000002
decision_type=2 2 2
left_child=1 -1 -3
right_child=-2 2 -4
leaf_value=-0.0017976560363969841 0.0025731808941531031 0.0011797268925928998 -0.0006381155760712214
leaf_weight=19 10.114249706268309 53.828398466110229 87.44216251373291
leaf_count=19 8 47 84
internal_value=0 -0.000184526 0
internal_weight=170.385 160.271 141.271
internal_count=158 150 131
is_linear=0
shrinkage=0.0168771


Tree=265
num_leaves=3
num_cat=0
split_feature=1 9
split_gain=0.175123 0.278838
threshold=13.167500000000002 16.552142857142858
decision_type=2 2
left_child=1 -1
right_child=-2 -3
leaf_value=-0.0011295342044919737 -0.0012674721379304548 0.00072152148158862426
leaf_weight=19 21 117.96019613742828
leaf_count=19 21 105
internal_value=0 0.000286271
internal_weight=157.96 136.96
internal_count=145 124
is_linear=0
shrinkage=0.0168771


Tree=266
num_leaves=4
num_cat=0
split_feature=14 0 1
split_gain=0.305491 0.269308 0.138849
threshold=16.555714285714288 21.500000000000004 13.167500000000002
decision_type=2 2 2
left_child=1 -1 -2
right_child=2 -3 -4
leaf_value=-0.0036456800827391693 0.00033705808278262233 0 -0.00099582650604162506
leaf_weight=10.000000000000002 110.27069365978241 9.9999999999999982 24
leaf_count=10 102 10 24
internal_value=-0.000224543 -0.00203549 0
internal_weight=154.271 20 134.271
internal_count=146 20 126
is_linear=0
shrinkage=0.0168771


Tree=267
num_leaves=3
num_cat=0
split_feature=7 1
split_gain=0.276562 0.185828
threshold=16.425000000000001 13.643511904761906
decision_type=2 2
left_child=-1 -2
right_child=1 -3
leaf_value=-0.0019952509752109381 0.0005457442645519664 -0.0009984623193141915
leaf_weight=15.999999999999998 116.46455585956573 18
leaf_count=16 106 18
internal_value=0 0.000159047
internal_weight=150.465 134.465
internal_count=140 124
is_linear=0
shrinkage=0.0168771


Tree=268
num_leaves=3
num_cat=0
split_feature=0 9
split_gain=0.847948 0.158945
threshold=21.500000000000004 19.316428571428574
decision_type=2 2
left_child=-1 -2
right_child=1 -3
leaf_value=-0.0031065599005062499 0 0.00093425359293116815
leaf_weight=19.203725099563599 55.921369791030884 81.113223552703857
leaf_count=19 55 69
internal_value=0 0.000447842
internal_weight=156.238 137.035
internal_count=143 124
is_linear=0
shrinkage=0.0168771


Tree=269
num_leaves=2
num_cat=0
split_feature=7
split_gain=0.205488
threshold=16.425000000000001
decision_type=2
left_child=-1
right_child=-2
leaf_value=-0.0012813156972559588 0.0004302678928149516
leaf_weight=18 130.05644619464874
leaf_count=18 119
internal_value=5.29678e-05
internal_weight=148.056
internal_count=137
is_linear=0
shrinkage=0.0168771


Tree=270
num_leaves=4
num_cat=0
split_feature=9 2 2
split_gain=0.447946 0.236893 0.283352
threshold=17.175714285714289 0.47214285714285725 0.38785714285714284
decision_type=2 2 2
left_child=-1 2 -2
right_child=1 -3 -4
leaf_value=-0.0019151405333203042 0.00081228708588385924 0.0025792872098802534 -0.0007668142052008988
leaf_weight=27 69.633555173873901 9.914249658584593 52.937178134918213
leaf_count=27 61 8 51
internal_value=0 0.000363307 0
internal_weight=159.485 132.485 122.571
internal_count=147 120 112
is_linear=0
shrinkage=0.0168771


Tree=271
num_leaves=2
num_cat=0
split_feature=14
split_gain=0.39808
threshold=16.555714285714288
decision_type=2
left_child=-1
right_child=-2
leaf_value=-0.0024524120913348942 6.9339096930857283e-05
leaf_weight=15.999999999999998 147.8056640625
leaf_count=16 136
internal_value=-8.10796e-05
internal_weight=163.806
internal_count=152
is_linear=0
shrinkage=0.0168771


Tree=272
num_leaves=4
num_cat=0
split_feature=8 13 5
split_gain=0.210206 0.240166 0.339373
threshold=-0.2404891213379978 0.14477302502472325 19.487857142857148
decision_type=2 2 2
left_child=-1 2 -2
right_child=1 -3 -4
leaf_value=-0.00065164352549912765 0.00262728294804774 0 0
leaf_weight=64 25.557744026184082 36.065165519714355 30.760498404502869
leaf_count=64 21 35 24
internal_value=0 0.000574563 0.00129847
internal_weight=156.383 92.3834 56.3182
internal_count=144 80 45
is_linear=0
shrinkage=0.0168771


Tree=273
num_leaves=2
num_cat=0
split_feature=7
split_gain=0.269348
threshold=16.425000000000001
decision_type=2
left_child=-1
right_child=-2
leaf_value=-0.0019049283688976951 0
leaf_weight=19 138.39316928386688
leaf_count=19 127
internal_value=-0.000132226
internal_weight=157.393
internal_count=146
is_linear=0
shrinkage=0.0168771


Tree=274
num_leaves=4
num_cat=0
split_feature=9 13 13
split_gain=0.189879 0.19072 0.141716
threshold=16.552142857142858 -0.131396331252318 -0.48319327629396458
decision_type=2 2 2
left_child=-1 2 -2
right_child=1 -3 -4
leaf_value=-0.0013740113483838628 0 -9.9936892352888319e-05 0.0016707556364809301
leaf_weight=22 26.995399832725525 77.07968807220459 33.245679497718811
leaf_count=22 22 76 28
internal_value=0 0.000224183 0.00097934
internal_weight=159.321 137.321 60.2411
internal_count=148 126 50
is_linear=0
shrinkage=0.0168771


Tree=275
num_leaves=4
num_cat=0
split_feature=5 3 3
split_gain=0.490681 0.261862 0.2325
threshold=16.630714285714287 0.3535714285714287 0.25214285714285717
decision_type=2 2 2
left_child=-1 2 -2
right_child=1 -3 -4
leaf_value=-0.0020282390348820372 0 0 0.0021249774633944362
leaf_weight=24 19.243510007858276 85.558019638061523 34.701409935951233
leaf_count=24 19 79 29
internal_value=0 0.000451591 0.00135003
internal_weight=163.503 139.503 53.9449
internal_count=151 127 48
is_linear=0
shrinkage=0.0168771


Tree=276
num_leaves=4
num_cat=0
split_feature=2 13 13
split_gain=0.314495 0.156968 0.120774
threshold=0.47214285714285725 -0.16182480981716765 -0.53037454792654015
decision_type=2 2 2
left_child=1 2 -1
right_child=-2 -3 -4
leaf_value=0 0.0024835411245843482 -0.00074063943459870432 0.0011202954366625129
leaf_weight=19.436767935752869 10.914249658584593 78.719669938087463 27.852323293685913
leaf_count=18 9 78 24
internal_value=0 -0.000182273 0.000289702
internal_weight=136.923 126.009 47.2891
internal_count=129 120 42
is_linear=0
shrinkage=0.0168771


Tree=277
num_leaves=2
num_cat=0
split_feature=2
split_gain=0.217205
threshold=0.47214285714285725
decision_type=2
left_child=-1
right_child=-2
leaf_value=-0.00017821186452457425 0.0019634984834040201
leaf_weight=144.9928787946701 11.914249658584593
leaf_count=136 10
internal_value=0
internal_weight=156.907
internal_count=146
is_linear=0
shrinkage=0.0168771


Tree=278
num_leaves=4
num_cat=0
split_feature=0 10 10
split_gain=0.298783 0.175257 0.16079
threshold=21.500000000000004 0.32500000000000001 0.27714285714285719
decision_type=2 2 2
left_child=-1 2 -2
right_child=1 -3 -4
leaf_value=-0.001656299223439351 0 0 0.0018773140175613726
leaf_weight=17.203725099563599 29.923619508743286 75.433555841445923 32.908640503883362
leaf_count=17 29 71 26
internal_value=6.26081e-05 0.000465054 0.0011062
internal_weight=155.47 138.266 62.8323
internal_count=143 126 55
is_linear=0
shrinkage=0.0168771


Tree=279
num_leaves=2
num_cat=0
split_feature=7
split_gain=0.294765
threshold=16.425000000000001
decision_type=2
left_child=-1
right_child=-2
leaf_value=-0.0018518982898018052 0.000188704338347306
leaf_weight=20 147.98775315284729
leaf_count=20 136
internal_value=0
internal_weight=167.988
internal_count=156
is_linear=0
shrinkage=0.0168771


Tree=280
num_leaves=5
num_cat=0
split_feature=7 9 14 9
split_gain=0.376837 0.410857 0.265282 0.165425
threshold=16.425000000000001 17.452142857142864 16.555714285714288 19.741428571428575
decision_type=2 2 2 2
left_child=2 -2 -1 -3
right_child=1 3 -4 -5
leaf_value=-0.0035204538089406269 0.002191373805331155 -0.00081119180469202998 0 0.00046172827076835864
leaf_weight=10.000000000000002 26.211355447769165 45.717644691467285 10.999999999999998 67.996024012565613
leaf_count=10 25 45 11 59
internal_value=0 0.000399871 -0.0018797 0
internal_weight=160.925 139.925 21 113.714
internal_count=150 129 21 104
is_linear=0
shrinkage=0.0168771


Tree=281
num_leaves=4
num_cat=0
split_feature=6 11 11
split_gain=0.375546 0.181851 0.148025
threshold=17.720714285714291 16.42428571428572 19.125000000000004
decision_type=2 2 2
left_child=1 -1 -2
right_child=2 -3 -4
leaf_value=0 0.0015929455287583038 -0.0019952705976886138 0
leaf_weight=11.999999999999998 17.245855450630188 35.229806065559387 84.224381327629089
leaf_count=12 16 35 76
internal_value=-0.000117238 -0.00141259 0.000293534
internal_weight=148.7 47.2298 101.47
internal_count=139 47 92
is_linear=0
shrinkage=0.0168771


Tree=282
num_leaves=4
num_cat=0
split_feature=2 7 2
split_gain=0.27587 0.196852 0.382467
threshold=0.47214285714285725 16.425000000000001 0.34000000000000002
decision_type=2 2 2
left_child=1 -1 -3
right_child=-2 2 -4
leaf_value=-0.0016600793712524839 0.0023429464443427673 0.0010563622317569957 -0.00069623369008229078
leaf_weight=18 11.114249706268309 63.14636218547821 69.749039888381958
leaf_count=18 9 55 68
internal_value=0 -0.000100947 0
internal_weight=162.01 150.895 132.895
internal_count=150 141 123
is_linear=0
shrinkage=0.0168771


Tree=283
num_leaves=3
num_cat=0
split_feature=0 10
split_gain=0.385982 0.201232
threshold=21.500000000000004 0.32500000000000001
decision_type=2 2
left_child=-1 -2
right_child=1 -3
leaf_value=-0.0020247447067725847 0.0011508671452739865 0
leaf_weight=19 55.537131547927856 84.437743544578552
leaf_count=19 48 80
internal_value=0 0.000375065
internal_weight=158.975 139.975
internal_count=147 128
is_linear=0
shrinkage=0.0168771


Tree=284
num_leaves=3
num_cat=0
split_feature=2 7
split_gain=0.251457 0.130588
threshold=0.46428571428571436 16.425000000000001
decision_type=2 2
left_child=1 -1
right_child=-2 -3
leaf_value=-0.001795841063963859 0.0017826815495080254 -6.3221864014306332e-05
leaf_weight=19 10.114249706268309 120.60117101669312
leaf_count=19 8 113
internal_value=-0.000156835 -0.000488244
internal_weight=149.715 139.601
internal_count=140 132
is_linear=0
shrinkage=0.0168771


Tree=285
num_leaves=6
num_cat=0
split_feature=5 3 13 11 11
split_gain=0.408704 0.367537 0.158623 0.25392 0.38648
threshold=18.875714285714285 0.36214285714285716 -0.14276476449826928 16.518571428571434 17.21285714285715
decision_type=2 2 2 2 2
left_child=2 -2 -1 -4 -5
right_child=1 -3 3 4 -6
leaf_value=0 0.0023863622572223944 0 0 -0.0041104127714542329 0
leaf_weight=29.138471007347107 28.734782934188843 61.945508360862732 10.999999999999998 13.000000000000002 12.999999999999998
leaf_count=28 22 57 11 13 13
internal_value=5.17715e-05 0.000898425 -0.00077332 -0.00147192 -0.00234353
internal_weight=156.819 90.6803 66.1385 37 26
internal_count=144 79 65 37 26
is_linear=0
shrinkage=0.0168771


Tree=286
num_leaves=4
num_cat=0
split_feature=7 9 9
split_gain=0.228026 0.147973 0.149036
threshold=16.425000000000001 17.452142857142864 20.009285714285713
decision_type=2 2 2
left_child=-1 -2 -3
right_child=1 2 -4
leaf_value=-0.0017082171410724844 0.0012222066637973879 -0.00078845002802924234 0.00037460754797401203
leaf_weight=19 26.007630348205566 52.94786524772644 52.189278960227966
leaf_count=19 25 51 44
internal_value=-2.00592e-05 8.91142e-05 -9.10891e-06
internal_weight=150.145 131.145 105.137
internal_count=139 120 95
is_linear=0
shrinkage=0.0168771


Tree=287
num_leaves=4
num_cat=0
split_feature=5 2 2
split_gain=0.27013 0.291647 0.218227
threshold=16.630714285714287 0.34000000000000002 0.47214285714285725
decision_type=2 2 2
left_child=-1 -2 -3
right_child=1 2 -4
leaf_value=-0.00076841217542818652 0.0016574143580973745 -0.00035093506636524427 0.0019617868796549488
leaf_weight=29 54.814673781394958 63.401955008506775 11.114249706268309
leaf_count=29 47 61 9
internal_value=0.000328621 0.000755644 0
internal_weight=158.331 129.331 74.5162
internal_count=146 117 70
is_linear=0
shrinkage=0.0168771


Tree=288
num_leaves=3
num_cat=0
split_feature=0 0
split_gain=0.51695 0.164829
threshold=21.500000000000004 15.000000000000002
decision_type=2 2
left_child=1 -1
right_child=-2 -3
leaf_value=-0.0033623757937983529 0.00031177850697689381 0
leaf_weight=13.000000000000002 143.89984250068665 10.007630348205565
leaf_count=13 132 9
internal_value=0 -0.0022649
internal_weight=166.907 23.0076
internal_count=154 22
is_linear=0
shrinkage=0.0168771


Tree=289
num_leaves=3
num_cat=0
split_feature=7 7
split_gain=0.254098 0.164016
threshold=16.425000000000001 18.272857142857148
decision_type=2 2
left_child=-1 -2
right_child=1 -3
leaf_value=-0.0017952702296217043 0.0011877468185826268 0
leaf_weight=17 36.007630348205566 113.95174372196198
leaf_count=17 35 103
internal_value=0 0.000231483
internal_weight=166.959 149.959
internal_count=155 138
is_linear=0
shrinkage=0.0168771


Tree=290
num_leaves=5
num_cat=0
split_feature=7 9 9 14
split_gain=0.370957 0.133648 0.168379 0.125925
threshold=16.425000000000001 17.452142857142864 19.620000000000001 16.555714285714288
decision_type=2 2 2 2
left_child=3 -2 -3 -1
right_child=1 2 -4 -5
leaf_value=-0.0033002400748054946 0.0011878611281974038 -0.00089547257149341359 0.00034090725065420095 0
leaf_weight=10.000000000000002 25.211355447769165 45.947450757026672 72.627905488014221 9.9999999999999982
leaf_count=10 24 45 62 10
internal_value=-6.70467e-05 0.000105031 0 -0.0021385
internal_weight=163.787 143.787 118.575 20
internal_count=151 131 107 20
is_linear=0
shrinkage=0.0168771


Tree=291
num_leaves=4
num_cat=0
split_feature=5 8 2
split_gain=0.360327 0.215365 0.150429
threshold=16.630714285714287 -0.55506613890507384 0.34000000000000002
decision_type=2 2 2
left_child=-1 -2 -3
right_child=1 2 -4
leaf_value=-0.0016298349170016276 -0.00014824088838394077 0.0017164943981666631 0
leaf_weight=25 45 41.758116602897644 53.599194407463074
leaf_count=25 45 34 48
internal_value=0 0.000445874 0.000950448
internal_weight=165.357 140.357 95.3573
internal_count=152 127 82
is_linear=0
shrinkage=0.0168771


Tree=292
num_leaves=2
num_cat=0
split_feature=7
split_gain=0.228787
threshold=16.425000000000001
decision_type=2
left_child=-1
right_child=-2
leaf_value=-0.0019662053027688178 2.6904876186709706e-05
leaf_weight=13.999999999999998 136.85809576511383
leaf_count=14 128
internal_value=-4.60354e-05
internal_weight=150.858
internal_count=142
is_linear=0
shrinkage=0.0168771


Tree=293
num_leaves=4
num_cat=0
split_feature=7 5 14
split_gain=0.303748 0.287066 0.172167
threshold=19.347857142857148 20.179285714285719 19.172857142857151
decision_type=2 2 2
left_child=2 -2 -1
right_child=1 -3 -4
leaf_value=-0.0012530226259903833 0.0015874479110344413 0 0
leaf_weight=62.007630348205566 42.876304984092712 31.009560465812683 17.151175856590271
leaf_count=61 36 28 16
internal_value=0 0.000661691 -0.00080278
internal_weight=153.045 73.8859 79.1588
internal_count=141 64 77
is_linear=0
shrinkage=0.0168771


Tree=294
num_leaves=3
num_cat=0
split_feature=0 1
split_gain=0.43201 0.256132
threshold=15.000000000000002 13.643511904761906
decision_type=2 2
left_child=-1 -2
right_child=1 -3
leaf_value=-0.0024160682832930444 0.0007327508966283523 -0.00097247578927863734
leaf_weight=14.999999999999998 128.77662992477417 19
leaf_count=15 117 19
internal_value=0 0.000350167
internal_weight=162.777 147.777
internal_count=151 136
is_linear=0
shrinkage=0.0168771


Tree=295
num_leaves=3
num_cat=0
split_feature=2 8
split_gain=0.213475 0.158073
threshold=0.47214285714285725 -0.2404891213379978
decision_type=2 2
left_child=1 -1
right_child=-2 -3
leaf_value=-0.0010393052240089398 0.0017592548310834345 0
leaf_weight=52 12.114249706268309 88.152652978897095
leaf_count=52 10 80
internal_value=0 -0.000316057
internal_weight=152.267 140.153
internal_count=142 132
is_linear=0
shrinkage=0.0168771


Tree=296
num_leaves=4
num_cat=0
split_feature=14 3 1
split_gain=0.221895 0.228965 0.200085
threshold=16.555714285714288 0.36214285714285716 7.6604761904761913
decision_type=2 2 2
left_child=-1 2 -2
right_child=1 -3 -4
leaf_value=-0.0015948905095366805 0.0017181480331727539 -0.00011168238658502604 0
leaf_weight=19 40.659358501434326 80.285061836242676 12.999999999999998
leaf_count=19 35 75 13
internal_value=0 0.000233472 0.0011253
internal_weight=152.944 133.944 53.6594
internal_count=142 123 48
is_linear=0
shrinkage=0.0168771


Tree=297
num_leaves=5
num_cat=0
split_feature=14 3 2 7
split_gain=0.38498 0.22402 0.204896 0.152913
threshold=16.555714285714288 0.36214285714285716 0.25857142857142867 16.425000000000001
decision_type=2 2 2 2
left_child=3 2 -2 -1
right_child=1 -3 -4 -5
leaf_value=-0.0031596181498542318 0 0 0.0018179819072181526 0
leaf_weight=10.000000000000002 21 76.593254923820496 41.397204995155334 9.9999999999999982
leaf_count=10 21 70 35 10
internal_value=0 0.000413661 0.00116137 -0.00193022
internal_weight=158.99 138.99 62.3972 20
internal_count=146 126 56 20
is_linear=0
shrinkage=0.0168771


Tree=298
num_leaves=2
num_cat=0
split_feature=2
split_gain=0.146193
threshold=0.24000000000000002
decision_type=2
left_child=-1
right_child=-2
leaf_value=-0.0011299135270776564 0.00020200422234951018
leaf_weight=25 144.18519198894501
leaf_count=25 132
internal_value=0
internal_weight=169.185
internal_count=157
is_linear=0
shrinkage=0.0168771


Tree=299
num_leaves=2
num_cat=0
split_feature=2
split_gain=0.177138
threshold=0.46428571428571436
decision_type=2
left_child=-1
right_child=-2
leaf_value=-0.00022742987080291488 0.0018101567517307211
leaf_weight=147.18560123443604 10.114249706268309
leaf_count=139 8
internal_value=0
internal_weight=157.3
internal_count=147
is_linear=0
shrinkage=0.0168771


Tree=300
num_leaves=3
num_cat=0
split_feature=3 0
split_gain=0.208446 0.250693
threshold=0.25214285714285717 25.500000000000004
decision_type=2 2
left_child=1 -1
right_child=-2 -3
leaf_value=-0.0023514212916626248 0.00028229965883487675 0
leaf_weight=19.000000000000004 117.6655935049057 11.243510007858275
leaf_count=19 106 11
internal_value=0 -0.00122507
internal_weight=147.909 30.2435
internal_count=136 30
is_linear=0
shrinkage=0.0168771


Tree=301
num_leaves=4
num_cat=0
split_feature=11 3 11
split_gain=0.200427 0.123687 0.14267
threshold=20.10071428571429 0.25214285714285717 18.239285714285717
decision_type=2 2 2
left_child=1 -1 -3
right_child=-2 2 -4
leaf_value=-0.0012709643100161721 0.00090930459942714008 0.00078632548651961392 -0.0005768942996512012
leaf_weight=27 50.296514987945557 34.670967578887939 49.362205982208252
leaf_count=27 43 33 46
internal_value=0 -0.000338964 0
internal_weight=161.33 111.033 84.0332
internal_count=149 106 79
is_linear=0
shrinkage=0.0168771


Tree=302
num_leaves=4
num_cat=0
split_feature=3 2 2
split_gain=0.234581 0.200813 0.132049
threshold=0.26428571428571429 0.33214285714285724 0.47214285714285725
decision_type=2 2 2
left_child=-1 -2 -3
right_child=1 2 -4
leaf_value=-0.00085655089258050937 0.0016856211445795564 -0.00012403519241203359 0.0016229426680497182
leaf_weight=32 32.690699219703674 74.298469066619873 10.914249658584593
leaf_count=32 26 71 9
internal_value=0.000134534 0.000603251 0
internal_weight=149.903 117.903 85.2127
internal_count=138 106 80
is_linear=0
shrinkage=0.0168771


Tree=303
num_leaves=5
num_cat=0
split_feature=9 14 11 11
split_gain=0.2877 0.403241 0.123064 0.160532
threshold=20.009285714285713 19.912857142857145 16.42428571428572 19.835714285714289
decision_type=2 2 2 2
left_child=2 -2 -1 -4
right_child=1 -3 3 -5
leaf_value=0 0.002789812077177739 0 -0.0011815842002642937 0
leaf_weight=11.999999999999998 17.817787647247314 39.050743579864502 80.330848097801208 12.529304504394529
leaf_count=12 12 36 78 12
internal_value=0 0.000881973 -0.00057347 -0.000857945
internal_weight=161.729 56.8685 104.86 92.8602
internal_count=150 48 102 90
is_linear=0
shrinkage=0.0168771


Tree=304
num_leaves=3
num_cat=0
split_feature=13 13
split_gain=0.119991 0.209342
threshold=-0.16182480981716765 -0.041016067273321181
decision_type=2 2
left_child=-1 -2
right_child=1 -3
leaf_value=0.00043765385059244222 -0.0019623600322254491 0
leaf_weight=61.351782321929932 18.248559951782227 73.712370276451111
leaf_count=53 18 73
internal_value=0 -0.000480098
internal_weight=153.313 91.9609
internal_count=144 91
is_linear=0
shrinkage=0.0168771


Tree=305
num_leaves=2
num_cat=0
split_feature=11
split_gain=0.17638
threshold=20.10071428571429
decision_type=2
left_child=-1
right_child=-2
leaf_value=-0.00028455012808865828 0.00099249394839473265
leaf_weight=106.73108649253845 39.075094938278198
leaf_count=103 33
internal_value=0
internal_weight=145.806
internal_count=136
is_linear=0
shrinkage=0.0168771


Tree=306
num_leaves=2
num_cat=0
split_feature=14
split_gain=0.347991
threshold=16.555714285714288
decision_type=2
left_child=-1
right_child=-2
leaf_value=-0.0021322162469413039 0.00016767244543525455
leaf_weight=18 140.61678647994995
leaf_count=18 130
internal_value=0
internal_weight=158.617
internal_count=148
is_linear=0
shrinkage=0.0168771


Tree=307
num_leaves=4
num_cat=0
split_feature=2 2 2
split_gain=0.210528 0.16574 0.265531
threshold=0.47214285714285725 0.34000000000000002 0.24000000000000002
decision_type=2 2 2
left_child=1 2 -1
right_child=-2 -3 -4
leaf_value=-0.00027698541755485521 0.0022417136690159596 -0.00052550980356747435 0.0013637867462881264
leaf_weight=22 9.914249658584593 80.655718684196472 49.696201086044312
leaf_count=22 8 78 42
internal_value=0.000165108 0 0.000568694
internal_weight=162.266 152.352 71.6962
internal_count=150 142 64
is_linear=0
shrinkage=0.0168771


Tree=308
num_leaves=4
num_cat=0
split_feature=5 3 3
split_gain=0.356554 0.173692 0.162986
threshold=16.630714285714287 0.3535714285714287 0.26428571428571429
decision_type=2 2 2
left_child=-1 2 -2
right_child=1 -3 -4
leaf_value=-0.0018637394343133076 0 -0.00011954634554440111 0.0016476984992809028
leaf_weight=25 26.243510007858276 77.687858819961548 33.711573243141174
leaf_count=25 26 71 27
internal_value=-2.37395e-05 0.000182681 0.000918267
internal_weight=162.643 137.643 59.9551
internal_count=149 124 53
is_linear=0
shrinkage=0.0168771


Tree=309
num_leaves=4
num_cat=0
split_feature=13 13 2
split_gain=0.165498 0.153316 0.123913
threshold=-0.131396331252318 -0.53037454792654015 0.41857142857142859
decision_type=2 2 2
left_child=1 -1 -2
right_child=2 -3 -4
leaf_value=0 -0.00073860873552738431 0.0014669485513044839 0.00028200623923052364
leaf_weight=32.231890559196472 75.518314838409424 35.035860776901245 17.821655511856079
leaf_count=27 75 29 17
internal_value=0 0.000735804 -0.000308196
internal_weight=160.608 67.2678 93.34
internal_count=148 56 92
is_linear=0
shrinkage=0.0168771


Tree=310
num_leaves=4
num_cat=0
split_feature=3 2 2
split_gain=0.399883 0.307786 0.14806
threshold=0.26428571428571429 0.34000000000000002 0.25857142857142867
decision_type=2 2 2
left_child=2 -2 -1
right_child=1 -3 -4
leaf_value=-0.0023216551035738866 0.0014992148233059215 -0.00029496881053104511 0
leaf_weight=28 33.228958606719971 77.532292723655701 10.243510007858275
leaf_count=28 27 73 10
internal_value=-0.000270632 7.07232e-05 -0.00173895
internal_weight=149.005 110.761 38.2435
internal_count=138 100 38
is_linear=0
shrinkage=0.0168771


Tree=311
num_leaves=4
num_cat=0
split_feature=14 2 2
split_gain=0.285816 0.167988 0.245581
threshold=16.555714285714288 0.47214285714285725 0.38785714285714284
decision_type=2 2 2
left_child=-1 2 -2
right_child=1 -3 -4
leaf_value=-0.0019696535706161247 0.00043174456640152526 0.0017401453764876011 -0.00097180176384481379
leaf_weight=18 84.314592361450195 13.114249706268309 53.937178134918213
leaf_count=18 76 11 52
internal_value=-4.91742e-05 6.67922e-05 0
internal_weight=169.366 151.366 138.252
internal_count=157 139 128
is_linear=0
shrinkage=0.0168771


Tree=312
num_leaves=2
num_cat=0
split_feature=9
split_gain=0.173658
threshold=16.544285714285717
decision_type=2
left_child=-1
right_child=-2
leaf_value=-0.0013143580932426105 0.00027351985471266567
leaf_weight=19 152.21491074562073
leaf_count=19 139
internal_value=0
internal_weight=171.215
internal_count=158
is_linear=0
shrinkage=0.0168771


Tree=313
num_leaves=2
num_cat=0
split_feature=3
split_gain=0.133277
threshold=0.26428571428571429
decision_type=2
left_child=-1
right_child=-2
leaf_value=-0.00091940651784172751 0.00011640879252231756
leaf_weight=40 123.82198524475098
leaf_count=40 113
internal_value=-1.37016e-05
internal_weight=163.822
internal_count=153
is_linear=0
shrinkage=0.0168771


Tree=314
num_leaves=2
num_cat=0
split_feature=5
split_gain=0.289947
threshold=16.630714285714287
decision_type=2
left_child=-1
right_child=-2
leaf_value=-0.0016237625414093251 0.0002585835026777473
leaf_weight=25 131.49949908256531
leaf_count=25 120
internal_value=0
internal_weight=156.499
internal_count=145
is_linear=0
shrinkage=0.0168771


Tree=315
num_leaves=5
num_cat=0
split_feature=5 11 3 3
split_gain=0.319817 0.341288 0.327171 0.170195
threshold=16.630714285714287 17.15071428571429 0.36214285714285716 0.26428571428571429
decision_type=2 2 2 2
left_child=1 -1 3 -2
right_child=2 -3 -4 -5
leaf_value=-0.0028615169556889769 0 0 0 0.0021865796189112557
leaf_weight=15.000000000000002 21.243510007858276 12.999999999999998 80.815453886985779 35.756408095359802
leaf_count=15 21 13 73 29
internal_value=9.7573e-05 -0.00126511 0.000554198 0.00150891
internal_weight=165.815 28 137.815 56.9999
internal_count=151 28 123 50
is_linear=0
shrinkage=0.0168771


Tree=316
num_leaves=3
num_cat=0
split_feature=7 7
split_gain=0.166895 0.164987
threshold=16.425000000000001 17.793571428571433
decision_type=2 2
left_child=-1 -2
right_child=1 -3
leaf_value=-0.0011158670331059412 0.0015729437571520551 0
leaf_weight=18 25.007630348205566 111.08119487762451
leaf_count=18 24 101
internal_value=6.15024e-05 0.00039864
internal_weight=154.089 136.089
internal_count=143 125
is_linear=0
shrinkage=0.0168771


Tree=317
num_leaves=2
num_cat=0
split_feature=5
split_gain=0.225791
threshold=16.630714285714287
decision_type=2
left_child=-1
right_child=-2
leaf_value=-0.0014029994950285898 0.00020854354696803762
leaf_weight=27 121.92857444286346
leaf_count=27 113
internal_value=0
internal_weight=148.929
internal_count=140
is_linear=0
shrinkage=0.0168771


Tree=318
num_leaves=4
num_cat=0
split_feature=5 2 2
split_gain=0.16002 0.25234 0.261782
threshold=16.630714285714287 0.34000000000000002 0.47214285714285725
decision_type=2 2 2
left_child=-1 -2 -3
right_child=1 2 -4
leaf_value=-0.0010551964994197196 0.0012504851178056758 -0.0007343133885154505 0.0015820610800902012
leaf_weight=27 50.741177558898926 66.062871336936951 12.114249706268309
leaf_count=27 44 63 10
internal_value=0 0.000305094 -5.49522e-05
internal_weight=155.918 128.918 78.1771
internal_count=144 117 73
is_linear=0
shrinkage=0.0168771


Tree=319
num_leaves=2
num_cat=0
split_feature=7
split_gain=0.118598
threshold=16.425000000000001
decision_type=2
left_child=-1
right_child=-2
leaf_value=-0.0011694000049256622 0.00018495799124118286
leaf_weight=18 148.51496708393097
leaf_count=18 136
internal_value=0
internal_weight=166.515
internal_count=154
is_linear=0
shrinkage=0.0168771


Tree=320
num_leaves=2
num_cat=0
split_feature=11
split_gain=0.176694
threshold=20.240000000000009
decision_type=2
left_child=-1
right_child=-2
leaf_value=0 0.0011535707926240407
leaf_weight=113.0895311832428 38.146858334541321
leaf_count=107 32
internal_value=0.000167264
internal_weight=151.236
internal_count=139
is_linear=0
shrinkage=0.0168771


Tree=321
num_leaves=4
num_cat=0
split_feature=9 9 9
split_gain=0.191958 0.199768 0.136742
threshold=16.552142857142858 17.452142857142864 19.620000000000001
decision_type=2 2 2
left_child=-1 -2 -3
right_child=1 2 -4
leaf_value=-0.0013390168851246213 0.0016874653580060096 -0.00070989710453580029 0.00043152150620384932
leaf_weight=21 21.211355447769165 44.717644691467285 77.342042684555054
leaf_count=21 20 44 66
internal_value=0 0.000284093 0
internal_weight=164.271 143.271 122.06
internal_count=151 130 110
is_linear=0
shrinkage=0.0168771


Tree=322
num_leaves=4
num_cat=0
split_feature=3 3 12
split_gain=0.18496 0.196358 0.176656
threshold=0.26428571428571429 0.36214285714285716 -0.15179311963064326
decision_type=2 2 2
left_child=2 -2 -1
right_child=1 -3 -4
leaf_value=-0.0022400851477826353 0.0013517218507733877 0 0
leaf_weight=15.999999999999998 32.122432947158813 82.052733659744263 21.243510007858276
leaf_count=16 28 76 21
internal_value=0 0.000262821 -0.0010538
internal_weight=151.419 114.175 37.2435
internal_count=141 104 37
is_linear=0
shrinkage=0.0168771


Tree=323
num_leaves=3
num_cat=0
split_feature=2 13
split_gain=0.22894 0.135955
threshold=0.47214285714285725 -0.131396331252318
decision_type=2 2
left_child=1 -1
right_child=-2 -3
leaf_value=0.00018260525783814004 0.0020981864294229756 -0.00071730357220149406
leaf_weight=55.531786561012268 10.914249658584593 76.977702498435974
leaf_count=49 9 76
internal_value=0 -0.000178818
internal_weight=143.424 132.509
internal_count=134 125
is_linear=0
shrinkage=0.0168771


Tree=324
num_leaves=2
num_cat=0
split_feature=2
split_gain=0.206389
threshold=0.47214285714285725
decision_type=2
left_child=-1
right_child=-2
leaf_value=-0.00034792235405966523 0.0017637475609521276
leaf_weight=159.25907254219055 9.914249658584593
leaf_count=150 8
internal_value=-6.61207e-05
internal_weight=169.173
internal_count=158
is_linear=0
shrinkage=0.0168771


Tree=325
num_leaves=3
num_cat=0
split_feature=13 11
split_gain=0.194984 0.283464
threshold=-0.131396331252318 17.21285714285715
decision_type=2 2
left_child=-1 -2
right_child=1 -3
leaf_value=0.00060343949786794131 -0.0023064561118810376 0
leaf_weight=65.792458415031433 18 63.114620089530945
leaf_count=56 18 62
internal_value=0 -0.000602665
internal_weight=146.907 81.1146
internal_count=136 80
is_linear=0
shrinkage=0.0168771


Tree=326
num_leaves=3
num_cat=0
split_feature=13 11
split_gain=0.19509 0.169507
threshold=-0.131396331252318 19.835714285714289
decision_type=2 2
left_child=-1 -2
right_child=1 -3
leaf_value=0.00033864902531943156 -0.0013604459120225489 0
leaf_weight=68.081627726554871 50.258032560348511 36.719669938087463
leaf_count=58 50 36
internal_value=-0.000130835 -0.000746778
internal_weight=155.059 86.9777
internal_count=144 86
is_linear=0
shrinkage=0.0168771


Tree=327
num_leaves=2
num_cat=0
split_feature=2
split_gain=0.147405
threshold=0.46428571428571436
decision_type=2
left_child=-1
right_child=-2
leaf_value=0 0.0017311319677376278
leaf_weight=151.06241250038147 11.114249706268309
leaf_count=141 9
internal_value=1.83976e-05
internal_weight=162.177
internal_count=150
is_linear=0
shrinkage=0.0168771


Tree=328
num_leaves=4
num_cat=0
split_feature=3 3 13
split_gain=0.162652 0.145253 0.133454
threshold=0.26428571428571429 0.3535714285714287 -0.12532396311615865
decision_type=2 2 2
left_child=2 -2 -1
right_child=1 -3 -4
leaf_value=0 0.00094822102804321474 -0.00021620962191527156 -0.0018409889262269896
leaf_weight=13.999999999999998 38.641754865646362 82.848684668540955 23
leaf_count=14 33 77 23
internal_value=-0.000147025 0 -0.00111719
internal_weight=158.49 121.49 37
internal_count=147 110 37
is_linear=0
shrinkage=0.0168771


end of trees

feature_importances:
Column_13=178
Column_1=177
Column_10=159
Column_2=154
Column_3=117
Column_0=106
Column_14=87
Column_5=86
Column_8=81
Column_11=77
Column_12=70
Column_7=65
Column_9=64
Column_4=44
Column_6=41

parameters:
[boosting: gbdt]
[objective: regression]
[metric: l1]
[tree_learner: serial]
[device_type: cpu]
[data_sample_strategy: bagging]
[data: ]
[valid: ]
[num_iterations: 3000]
[learning_rate: 0.0168771]
[num_leaves: 26]
[num_threads: -1]
[seed: 48]
[deterministic: 0]
[force_col_wise: 0]
[force_row_wise: 0]
[histogram_pool_size: -1]
[max_depth: 4]
[min_data_in_leaf: 10]
[min_sum_hessian_in_leaf: 0.001]
[bagging_fraction: 0.743593]
[pos_bagging_fraction: 1]
[neg_bagging_fraction: 1]
[bagging_freq: 1]
[bagging_seed: 48]
[bagging_by_query: 0]
[feature_fraction: 0.681046]
[feature_fraction_bynode: 1]
[feature_fraction_seed: 10596]
[extra_trees: 0]
[extra_seed: 3672]
[early_stopping_round: 0]
[early_stopping_min_delta: 0]
[first_metric_only: 0]
[max_delta_step: 0]
[lambda_l1: 1.32832]
[lambda_l2: 2.91472]
[linear_lambda: 0]
[min_gain_to_split: 0.117378]
[drop_rate: 0.1]
[max_drop: 50]
[skip_drop: 0.5]
[xgboost_dart_mode: 0]
[uniform_drop: 0]
[drop_seed: 26750]
[top_rate: 0.2]
[other_rate: 0.1]
[min_data_per_group: 100]
[max_cat_threshold: 32]
[cat_l2: 10]
[cat_smooth: 10]
[max_cat_to_onehot: 4]
[top_k: 20]
[monotone_constraints: ]
[monotone_constraints_method: basic]
[monotone_penalty: 0]
[feature_contri: ]
[forcedsplits_filename: ]
[refit_decay_rate: 0.9]
[cegb_tradeoff: 1]
[cegb_penalty_split: 0]
[cegb_penalty_feature_lazy: ]
[cegb_penalty_feature_coupled: ]
[path_smooth: 0]
[interaction_constraints: ]
[verbosity: -1]
[saved_feature_importance_type: 0]
[use_quantized_grad: 0]
[num_grad_quant_bins: 4]
[quant_train_renew_leaf: 0]
[stochastic_rounding: 1]
[linear_tree: 0]
[max_bin: 255]
[max_bin_by_feature: ]
[min_data_in_bin: 3]
[bin_construct_sample_cnt: 200000]
[data_random_seed: 195]
[is_enable_sparse: 1]
[enable_bundle: 1]
[use_missing: 1]
[zero_as_missing: 0]
[feature_pre_filter: 1]
[pre_partition: 0]
[two_round: 0]
[header: 0]
[label_column: ]
[weight_column: ]
[group_column: ]
[ignore_column: ]
[categorical_feature: ]
[forcedbins_filename: ]
[precise_float_parser: 0]
[parser_config_file: ]
[objective_seed: 12434]
[num_class: 1]
[is_unbalance: 0]
[scale_pos_weight: 1]
[sigmoid: 1]
[boost_from_average: 1]
[reg_sqrt: 0]
[alpha: 0.9]
[fair_c: 1]
[poisson_max_delta_step: 0.7]
[tweedie_variance_power: 1.5]
[lambdarank_truncation_level: 30]
[lambdarank_norm: 1]
[label_gain: ]
[lambdarank_position_bias_regularization: 0]
[eval_at: ]
[multi_error_top_k: 1]
[auc_mu_weights: ]
[num_machines: 1]
[local_listen_port: 12400]
[time_out: 120]
[machine_list_filename: ]
[machines: ]
[gpu_platform_id: -1]
[gpu_device_id: -1]
[gpu_use_dp: 0]
[num_gpu: 1]

end of parameters

pandas_categorical:null
